{"type":"FeatureCollection","name":"Cacao_2015_Opt","crs":{"type":"name","properties":{"name":"urn:ogc:def:crs:OGC:1.3:CRS84"}},"features":[{"type":"Feature","properties":{"fcode":"EA010","descr":"PRODUCTO AGRICOLA, RESULTADO DE UN CONJUNTO DE TECNICAS Y CONOCIMIENTOS PARA CULTIVAR LA TIERRA","DPA_DESPRO":"CANAR","DPA_DESCAN":"LA TRONCAL","niv1":"TIERRA AGROPECUARIA","niv2":"CULTIVO","niv3":"CULTIVO PERMANENTE","niv4":"FRUTALES","niv5":"CACAO","LULC_std":"Cacao","label":"Cacao","cbt":"CACAO","uso":"AGRICOLA","tmp":"CULTIVO PERMANENTE","nal":"NO APLICABLE","tap":"PEQUENA","rie":"SI","spr":"MERCANTIL","sce":9.30320196347,"usce":"HECTAREAS","txt":"EL CODIGO (fcode) Y LA DESCRIPCION (descr) CORRESPONDEN A LOS OBJETOS GEOGRAFICOS DEL ATRIBUTO niv2","simbologia":"CPuc: Cacao","SHAPE_Leng":1198.72860539,"SHAPE_Area":75658.944746,"apt_uso":1,"area_ha":7.5658944746,"cob_suelo":"Cacao","cacao_sys":"Cacao_alim_sin50b","observ":null,"cob_label":"Cacao sin cultivos alimentarios próximos","grupo_c":"Cultivos de exclusivos de cacao"},"geometry":{"type":"Polygon","coordinates":[[[-79.36526323064602,-2.500978970536178,0.0],[-79.36507792818887,-2.501105507655144,0.0],[-79.36532403176184,-2.502168196804994,0.0],[-79.36535211761492,-2.502541501222487,0.0],[-79.36547548265996,-2.502819214635689,0.0],[-79.36593158039554,-2.503365334149088,0.0],[-79.36626389822301,-2.503968723643076,0.0],[-79.3672701279045,-2.503488139921661,0.0],[-79.36719724865932,-2.503280025648807,0.0],[-79.36707766256089,-2.503133606138819,0.0],[-79.36854235105777,-2.50097733558008,0.0],[-79.36526323064602,-2.500978970536178,0.0]]]}},{"type":"Feature","properties":{"fcode":"EA010","descr":"PRODUCTO AGRICOLA, RESULTADO DE UN CONJUNTO DE TECNICAS Y CONOCIMIENTOS PARA CULTIVAR LA TIERRA","DPA_DESPRO":"CANAR","DPA_DESCAN":"LA TRONCAL","niv1":"TIERRA AGROPECUARIA","niv2":"CULTIVO","niv3":"CULTIVO PERMANENTE","niv4":"FRUTALES","niv5":"CACAO","LULC_std":"Cacao","label":"Cacao","cbt":"CACAO","uso":"AGRICOLA","tmp":"CULTIVO PERMANENTE","nal":"NO APLICABLE","tap":"PEQUENA","rie":"SI","spr":"MERCANTIL","sce":10.2183731584,"usce":"HECTAREAS","txt":"EL CODIGO (fcode) Y LA DESCRIPCION (descr) CORRESPONDEN A LOS OBJETOS GEOGRAFICOS DEL ATRIBUTO niv2","simbologia":"CPuc: Cacao","SHAPE_Leng":368.64119256,"SHAPE_Area":5342.58163567,"apt_uso":1,"area_ha":0.534258163567,"cob_suelo":"Cacao","cacao_sys":"Cacao_alim_sin50b","observ":null,"cob_label":"Cacao sin cultivos alimentarios próximos","grupo_c":"Cultivos de exclusivos de cacao"},"geometry":{"type":"Polygon","coordinates":[[[-79.37097814921059,-2.500976115935197,0.0],[-79.37098731791097,-2.50120860705191,0.0],[-79.37115826541097,-2.501486380936356,0.0],[-79.37142475261767,-2.501458000523875,0.0],[-79.37238738440699,-2.500975407969075,0.0],[-79.37097814921059,-2.500976115935197,0.0]]]}},{"type":"Feature","properties":{"fcode":"EA010","descr":"PRODUCTO AGRICOLA, RESULTADO DE UN CONJUNTO DE TECNICAS Y CONOCIMIENTOS PARA CULTIVAR LA TIERRA","DPA_DESPRO":"CANAR","DPA_DESCAN":"LA TRONCAL","niv1":"TIERRA AGROPECUARIA","niv2":"CULTIVO","niv3":"CULTIVO PERMANENTE","niv4":"FRUTALES","niv5":"CACAO","LULC_std":"Cacao","label":"Cacao","cbt":"CACAO","uso":"AGRICOLA","tmp":"CULTIVO PERMANENTE","nal":"NO APLICABLE","tap":"PEQUENA","rie":"NO","spr":"MERCANTIL","sce":28.5316875315,"usce":"HECTAREAS","txt":"EL CODIGO (fcode) Y LA DESCRIPCION (descr) CORRESPONDEN A LOS OBJETOS GEOGRAFICOS DEL ATRIBUTO niv2","simbologia":"CPuc: Cacao","SHAPE_Leng":780.471618212,"SHAPE_Area":23853.7812272,"apt_uso":1,"area_ha":2.38537812272,"cob_suelo":"Cacao","cacao_sys":"Cacao_alim_con50b","observ":null,"cob_label":"Cacao próximo a cultivos alimentarios","grupo_c":"Cultivos mixtos de cacao"},"geometry":{"type":"Polygon","coordinates":[[[-79.50143367757882,-2.529793109525876,0.0],[-79.50149655864378,-2.530065568956188,0.0],[-79.50171563582371,-2.530162268966952,0.0],[-79.50235964304609,-2.530039015703973,0.0],[-79.50261983399061,-2.530121985632093,0.0],[-79.50330474958237,-2.530164113429012,0.0],[-79.50350764282828,-2.529971240393894,0.0],[-79.50350669762449,-2.528351324698072,0.0],[-79.50298816658852,-2.528258421001562,0.0],[-79.50302610811124,-2.528722795976652,0.0],[-79.5025516311669,-2.529317891469043,0.0],[-79.50172194563682,-2.529793444274173,0.0],[-79.50143367757882,-2.529793109525876,0.0]]]}},{"type":"Feature","properties":{"fcode":"EA010","descr":"PRODUCTO AGRICOLA, RESULTADO DE UN CONJUNTO DE TECNICAS Y CONOCIMIENTOS PARA CULTIVAR LA TIERRA","DPA_DESPRO":"AZUAY","DPA_DESCAN":"CUENCA","niv1":"TIERRA AGROPECUARIA","niv2":"CULTIVO","niv3":"CULTIVO PERMANENTE","niv4":"FRUTALES","niv5":"CACAO","LULC_std":"Cacao","label":"Cacao","cbt":"CACAO","uso":"AGRICOLA","tmp":"CULTIVO PERMANENTE","nal":"NO APLICABLE","tap":"MEDIANA","rie":"NO","spr":"MERCANTIL","sce":16.4880745415,"usce":"HECTAREAS","txt":"EL CODIGO (fcode) Y LA DESCRIPCION (descr) CORRESPONDEN A LOS OBJETOS GEOGRAFICOS DEL ATRIBUTO niv2","simbologia":"CPuc: Cacao","SHAPE_Leng":1695.8371321,"SHAPE_Area":164880.745415,"apt_uso":1,"area_ha":16.4880745415,"cob_suelo":"Cacao","cacao_sys":"Cacao_alim_sin50b","observ":null,"cob_label":"Cacao sin cultivos alimentarios próximos","grupo_c":"Cultivos de exclusivos de cacao"},"geometry":{"type":"Polygon","coordinates":[[[-79.45170365469295,-2.662683987685662,0.0],[-79.45184524267157,-2.662828317522065,0.0],[-79.45183064345002,-2.663086726781447,0.0],[-79.45192563479765,-2.663235203165234,0.0],[-79.45278169138992,-2.663666995437249,0.0],[-79.45304310677025,-2.663925753245328,0.0],[-79.4532931276165,-2.663966459384687,0.0],[-79.45332869755566,-2.663878256553224,0.0],[-79.45358094713927,-2.663854646741938,0.0],[-79.45369499837444,-2.663984004151434,0.0],[-79.45380888931759,-2.664242575779416,0.0],[-79.45391347095814,-2.664333636067701,0.0],[-79.45423691249258,-2.664463257662542,0.0],[-79.45441299642303,-2.664458693797527,0.0],[-79.45453666072348,-2.664511492943332,0.0],[-79.45449364597415,-2.664659795292004,0.0],[-79.45452676128473,-2.664817764743357,0.0],[-79.45470761041513,-2.664808421791185,0.0],[-79.45484856652243,-2.664860695592558,0.0],[-79.45501232682919,-2.664689163586033,0.0],[-79.45554013044,-2.665208390076155,0.0],[-79.45584000925449,-2.664979741430204,0.0],[-79.45589049572685,-2.664563449102289,0.0],[-79.45602641884253,-2.66432672824932,0.0],[-79.45620558292458,-2.6637598491373,0.0],[-79.45623434170062,-2.663594778563145,0.0],[-79.45617069655417,-2.663113735091644,0.0],[-79.45602106931156,-2.662891011581493,0.0],[-79.45563603047154,-2.66254595604946,0.0],[-79.45548649277394,-2.662251447337043,0.0],[-79.45535817370344,-2.662114893118264,0.0],[-79.45542269484429,-2.66189243936874,0.0],[-79.45538853795765,-2.661433217968421,0.0],[-79.45522585538002,-2.661368158057857,0.0],[-79.45466041556776,-2.660673519946485,0.0],[-79.45437991749858,-2.660453023836571,0.0],[-79.45398503452758,-2.660371170041416,0.0],[-79.45308528420924,-2.660633249136532,0.0],[-79.45230446330913,-2.660928977452794,0.0],[-79.45211857610566,-2.661163241676077,0.0],[-79.45189828867733,-2.662268458866076,0.0],[-79.45170365469295,-2.662683987685662,0.0]]]}},{"type":"Feature","properties":{"fcode":"EA010","descr":"PRODUCTO AGRICOLA, RESULTADO DE UN CONJUNTO DE TECNICAS Y CONOCIMIENTOS PARA CULTIVAR LA TIERRA","DPA_DESPRO":"AZUAY","DPA_DESCAN":"CUENCA","niv1":"TIERRA AGROPECUARIA","niv2":"CULTIVO","niv3":"CULTIVO PERMANENTE","niv4":"FRUTALES","niv5":"CACAO","LULC_std":"Cacao","label":"Cacao","cbt":"CACAO","uso":"AGRICOLA","tmp":"CULTIVO PERMANENTE","nal":"NO APLICABLE","tap":"MEDIANA","rie":"NO","spr":"MERCANTIL","sce":15.6366282031,"usce":"HECTAREAS","txt":"EL CODIGO (fcode) Y LA DESCRIPCION (descr) CORRESPONDEN A LOS OBJETOS GEOGRAFICOS DEL ATRIBUTO niv2","simbologia":"CPuc: Cacao","SHAPE_Leng":2035.40028195,"SHAPE_Area":156366.282031,"apt_uso":1,"area_ha":15.6366282031,"cob_suelo":"Cacao","cacao_sys":"Cacao_alim_sin50b","observ":null,"cob_label":"Cacao sin cultivos alimentarios próximos","grupo_c":"Cultivos de exclusivos de cacao"},"geometry":{"type":"Polygon","coordinates":[[[-79.45618276334994,-2.661252827563982,0.0],[-79.45622238880046,-2.661728340308624,0.0],[-79.45615762654697,-2.662144613924974,0.0],[-79.45635685493633,-2.662661721209307,0.0],[-79.45651399539291,-2.662582954663511,0.0],[-79.45669981493059,-2.662403724642731,0.0],[-79.45717109416596,-2.66228228204849,0.0],[-79.45733524828745,-2.66230402463593,0.0],[-79.45757041024105,-2.66262735526119,0.0],[-79.45782727241584,-2.662720999855587,0.0],[-79.45767699294173,-2.663022309581037,0.0],[-79.4575840795686,-2.663115514178689,0.0],[-79.45737704201466,-2.663136789747616,0.0],[-79.4571129875258,-2.663086207216237,0.0],[-79.45672056818029,-2.662934963517992,0.0],[-79.45659910075608,-2.66302813205779,0.0],[-79.45658443096833,-2.663343970166872,0.0],[-79.45668399249024,-2.663645594129579,0.0],[-79.45676225400335,-2.663853870740762,0.0],[-79.45696905033118,-2.664026416964613,0.0],[-79.45786168735827,-2.663747576052642,0.0],[-79.4582045405697,-2.663575722352991,0.0],[-79.45840493943034,-2.663152439856194,0.0],[-79.45860509714393,-2.662922977200849,0.0],[-79.45888353640078,-2.662887434958251,0.0],[-79.45949721625786,-2.663060491349463,0.0],[-79.45971850380087,-2.663060769395043,0.0],[-79.45988289902095,-2.662888690749438,0.0],[-79.46020604360147,-2.66307594062127,0.0],[-79.46060197274784,-2.662499558133007,0.0],[-79.46075956760733,-2.662054684827102,0.0],[-79.46068384217625,-2.661719589483495,0.0],[-79.460170893393,-2.660905375088255,0.0],[-79.46010459042232,-2.660646864068523,0.0],[-79.46004877265456,-2.659608294999225,0.0],[-79.4598587864544,-2.659311342663553,0.0],[-79.45954490346284,-2.659148234783867,0.0],[-79.45929746688334,-2.659128781204946,0.0],[-79.45900227527403,-2.659243267481636,0.0],[-79.45850172203782,-2.659946138299988,0.0],[-79.45821107446154,-2.660232915892419,0.0],[-79.45796821267129,-2.660361824535817,0.0],[-79.45716365600356,-2.660609669665104,0.0],[-79.45664932466629,-2.660910522394846,0.0],[-79.45618276334994,-2.661252827563982,0.0]]]}},{"type":"Feature","properties":{"fcode":"EA010","descr":"PRODUCTO AGRICOLA, RESULTADO DE UN CONJUNTO DE TECNICAS Y CONOCIMIENTOS PARA CULTIVAR LA TIERRA","DPA_DESPRO":"AZUAY","DPA_DESCAN":"CUENCA","niv1":"TIERRA AGROPECUARIA","niv2":"CULTIVO","niv3":"CULTIVO PERMANENTE","niv4":"FRUTALES","niv5":"CACAO","LULC_std":"Cacao","label":"Cacao","cbt":"CACAO","uso":"AGRICOLA","tmp":"CULTIVO PERMANENTE","nal":"NO APLICABLE","tap":"MEDIANA","rie":"NO","spr":"MERCANTIL","sce":106.894415559,"usce":"HECTAREAS","txt":"EL CODIGO (fcode) Y LA DESCRIPCION (descr) CORRESPONDEN A LOS OBJETOS GEOGRAFICOS DEL ATRIBUTO niv2","simbologia":"CPuc: Cacao","SHAPE_Leng":9564.72280017,"SHAPE_Area":1068944.15559,"apt_uso":1,"area_ha":106.894415559,"cob_suelo":"Cacao","cacao_sys":"Cacao_alim_sin50b","observ":null,"cob_label":"Cacao sin cultivos alimentarios próximos","grupo_c":"Cultivos de exclusivos de cacao"},"geometry":{"type":"Polygon","coordinates":[[[-79.4555373337746,-2.643813406340905,0.0],[-79.45565506053548,-2.644818550556708,0.0],[-79.4555595882193,-2.6450577162602,0.0],[-79.45557115934969,-2.645320944046891,0.0],[-79.45567795119423,-2.645548398771246,0.0],[-79.45614171135747,-2.645728442963568,0.0],[-79.45617715109402,-2.645931879378763,0.0],[-79.45612911880018,-2.646290747099858,0.0],[-79.45602170592791,-2.646565790114356,0.0],[-79.45575979351813,-2.646709033007308,0.0],[-79.45509363546715,-2.646648377578265,0.0],[-79.45486722265284,-2.64694720032735,0.0],[-79.45477913914456,-2.647235908952072,0.0],[-79.45516722959925,-2.647515417910703,0.0],[-79.45594012722462,-2.647845402166299,0.0],[-79.45629648235273,-2.648294508179251,0.0],[-79.45644423221131,-2.649072370217616,0.0],[-79.4567703264838,-2.64994018681378,0.0],[-79.45730506389107,-2.650449337851419,0.0],[-79.45816700704633,-2.650928987925341,0.0],[-79.45896913350713,-2.651677758219779,0.0],[-79.45908710376587,-2.652485494521573,0.0],[-79.45887823910988,-2.653023624488487,0.0],[-79.45884775550877,-2.653621800047531,0.0],[-79.45944205367493,-2.654071204785937,0.0],[-79.45970910876704,-2.654580021089557,0.0],[-79.45982689437635,-2.655537310089791,0.0],[-79.45810110950222,-2.656103449691201,0.0],[-79.45801106480108,-2.656761370647031,0.0],[-79.45801035958564,-2.657329672555323,0.0],[-79.45759377471155,-2.657478702967699,0.0],[-79.45702866245291,-2.65747799333694,0.0],[-79.4565824462782,-2.657537254130412,0.0],[-79.45586832205095,-2.657775641871909,0.0],[-79.45527354172708,-2.657715072790837,0.0],[-79.45491707483528,-2.657355696926267,0.0],[-79.45417421291482,-2.656786460694259,0.0],[-79.45417491973842,-2.656218160717771,0.0],[-79.4540268384807,-2.655709493968402,0.0],[-79.45352158542235,-2.655409752364907,0.0],[-79.45301581081121,-2.65552875848992,0.0],[-79.45286657625492,-2.655947319116046,0.0],[-79.45280563870988,-2.657113754916864,0.0],[-79.45221000179048,-2.657741127145084,0.0],[-79.4517931571387,-2.658099528866902,0.0],[-79.45155465592578,-2.658547886027722,0.0],[-79.45084045711025,-2.658846090980244,0.0],[-79.44974001428577,-2.658814791556706,0.0],[-79.44813297414902,-2.659560524883767,0.0],[-79.44756681512442,-2.660397302796011,0.0],[-79.44762573933238,-2.660846035210974,0.0],[-79.44789278793269,-2.661354852041437,0.0],[-79.44753486412543,-2.662161982349312,0.0],[-79.44693955927929,-2.662520154771691,0.0],[-79.4466991846221,-2.662474514705198,0.0],[-79.44637604094672,-2.663847927522081,0.0],[-79.44633979128494,-2.66429294966866,0.0],[-79.44643939387258,-2.664558681030746,0.0],[-79.44667481284358,-2.664673835574687,0.0],[-79.4477737929221,-2.664926476610235,0.0],[-79.44872859613373,-2.666305962850905,0.0],[-79.44891848790358,-2.666666832845094,0.0],[-79.44926205281976,-2.667835664958719,0.0],[-79.44965414640605,-2.668245337504652,0.0],[-79.44993970588229,-2.668224164201992,0.0],[-79.45022537237423,-2.668116847866989,0.0],[-79.4504326079852,-2.667937646953463,0.0],[-79.45054710913165,-2.667708079393642,0.0],[-79.45069943216656,-2.665774853920603,0.0],[-79.45061438341627,-2.665286606230865,0.0],[-79.45013979625654,-2.664247511750387,0.0],[-79.45006887442287,-2.663878924298845,0.0],[-79.45010258756518,-2.663558326251936,0.0],[-79.45050758691808,-2.663161625496285,0.0],[-79.45142194408574,-2.66263635542668,0.0],[-79.45163157187311,-2.662445192626037,0.0],[-79.45179382685176,-2.662081684514574,0.0],[-79.4519855074723,-2.661019503322207,0.0],[-79.45213331231913,-2.660794762142665,0.0],[-79.45240955196564,-2.660613254045137,0.0],[-79.45362348769719,-2.660270215111994,0.0],[-79.45400432652067,-2.660165409528792,0.0],[-79.45432790432417,-2.660184959241437,0.0],[-79.45478912478758,-2.660496610368829,0.0],[-79.45538311775506,-2.661191285272367,0.0],[-79.4556019653891,-2.661239417090752,0.0],[-79.45595899890124,-2.661144152994849,0.0],[-79.45704015238333,-2.660427657428211,0.0],[-79.45808273419759,-2.660113111960293,0.0],[-79.45837815781964,-2.659811983308396,0.0],[-79.45864997749294,-2.659357682862548,0.0],[-79.45885487549063,-2.659142582812538,0.0],[-79.45914536136614,-2.658985019376767,0.0],[-79.4595213648315,-2.658942419894091,0.0],[-79.45975190345459,-2.659066189201321,0.0],[-79.45992112332996,-2.658451189584282,0.0],[-79.46001708700709,-2.657817203604928,0.0],[-79.46014874433217,-2.657468864151271,0.0],[-79.46004010835314,-2.657386325909606,0.0],[-79.46227541512573,-2.651238847296905,0.0],[-79.46215992330188,-2.651301628388674,0.0],[-79.46146523789906,-2.650867769115971,0.0],[-79.46128710687442,-2.650604332579553,0.0],[-79.46118038771934,-2.650317057057221,0.0],[-79.46101397722991,-2.650197206288492,0.0],[-79.4601694038845,-2.650100436253123,0.0],[-79.459967094998,-2.650148040670468,0.0],[-79.45955023917699,-2.650518411953409,0.0],[-79.45933604726332,-2.650554036349898,0.0],[-79.45906263733737,-2.650374230184437,0.0],[-79.45817139432586,-2.64953561684725,0.0],[-79.45798155987632,-2.649116629824549,0.0],[-79.45794628374145,-2.648781586655487,0.0],[-79.45811318285119,-2.648506616850737,0.0],[-79.45836321281662,-2.648351394572235,0.0],[-79.45848239030029,-2.648184043596623,0.0],[-79.45854214082999,-2.64796876191923,0.0],[-79.45832817225698,-2.647824922569634,0.0],[-79.45755516125524,-2.647584670415996,0.0],[-79.45723420834801,-2.647368912644836,0.0],[-79.45698478551736,-2.647033601697013,0.0],[-79.45703299530919,-2.646531162309651,0.0],[-79.45725918669314,-2.646411803443925,0.0],[-79.45749703731585,-2.646483886297166,0.0],[-79.45805658208232,-2.646173514948295,0.0],[-79.4583422280091,-2.646078157369363,0.0],[-79.45850894900092,-2.645946758845967,0.0],[-79.45865211182614,-2.645623902632782,0.0],[-79.45868832035383,-2.64520519822553,0.0],[-79.45849842640283,-2.644834068744077,0.0],[-79.45828521069795,-2.644080053793592,0.0],[-79.45803547737779,-2.643995992402393,0.0],[-79.45751175916457,-2.644198730483409,0.0],[-79.45716696793849,-2.644018835679006,0.0],[-79.45700079425451,-2.643707557296923,0.0],[-79.45675126819627,-2.643455996112776,0.0],[-79.45634694899711,-2.64331192002995,0.0],[-79.4558472615319,-2.643323259478006,0.0],[-79.4555373337746,-2.643813406340905,0.0]]]}},{"type":"Feature","properties":{"fcode":"EA010","descr":"PRODUCTO AGRICOLA, RESULTADO DE UN CONJUNTO DE TECNICAS Y CONOCIMIENTOS PARA CULTIVAR LA TIERRA","DPA_DESPRO":"GUAYAS","DPA_DESCAN":"NARANJAL","niv1":"TIERRA AGROPECUARIA","niv2":"CULTIVO","niv3":"CULTIVO PERMANENTE","niv4":"FRUTALES","niv5":"CACAO","LULC_std":"Cacao","label":"Cacao","cbt":"CACAO","uso":"AGRICOLA","tmp":"CULTIVO PERMANENTE","nal":"NO APLICABLE","tap":"MEDIANA","rie":"NO","spr":"MERCANTIL","sce":0.42662021275,"usce":"HECTAREAS","txt":"EL CODIGO (fcode) Y LA DESCRIPCION (descr) CORRESPONDEN A LOS OBJETOS GEOGRAFICOS DEL ATRIBUTO niv2","simbologia":"CPuc: Cacao","SHAPE_Leng":459.37036977,"SHAPE_Area":4266.2021275,"apt_uso":1,"area_ha":0.42662021275,"cob_suelo":"Cacao","cacao_sys":"Cacao_alim_sin50b","observ":null,"cob_label":"Cacao sin cultivos alimentarios próximos","grupo_c":"Cultivos de exclusivos de cacao"},"geometry":{"type":"Polygon","coordinates":[[[-79.46014874433217,-2.657468864151271,0.0],[-79.46069707621437,-2.656322520355852,0.0],[-79.46075700630458,-2.655963667768532,0.0],[-79.4607089785933,-2.655546830122884,0.0],[-79.46004010835314,-2.657386325909606,0.0],[-79.46014874433217,-2.657468864151271,0.0]]]}},{"type":"Feature","properties":{"fcode":"EA010","descr":"PRODUCTO AGRICOLA, RESULTADO DE UN CONJUNTO DE TECNICAS Y CONOCIMIENTOS PARA CULTIVAR LA TIERRA","DPA_DESPRO":"GUAYAS","DPA_DESCAN":"NARANJAL","niv1":"TIERRA AGROPECUARIA","niv2":"CULTIVO","niv3":"CULTIVO PERMANENTE","niv4":"FRUTALES","niv5":"CACAO","LULC_std":"Cacao","label":"Cacao","cbt":"CACAO","uso":"AGRICOLA","tmp":"CULTIVO PERMANENTE","nal":"NO APLICABLE","tap":"MEDIANA","rie":"NO","spr":"MERCANTIL","sce":0.00760939594413,"usce":"HECTAREAS","txt":"EL CODIGO (fcode) Y LA DESCRIPCION (descr) CORRESPONDEN A LOS OBJETOS GEOGRAFICOS DEL ATRIBUTO niv2","simbologia":"CPuc: Cacao","SHAPE_Leng":61.2384714974,"SHAPE_Area":76.0939594413,"apt_uso":1,"area_ha":0.00760939594413,"cob_suelo":"Cacao","cacao_sys":"Cacao_alim_sin50b","observ":null,"cob_label":"Cacao sin cultivos alimentarios próximos","grupo_c":"Cultivos de exclusivos de cacao"},"geometry":{"type":"Polygon","coordinates":[[[-79.4621115192111,-2.651689594430038,0.0],[-79.46215433728266,-2.651622380641558,0.0],[-79.46220021244115,-2.651641537653533,0.0],[-79.46219464388592,-2.65146098464556,0.0],[-79.4621115192111,-2.651689594430038,0.0]]]}},{"type":"Feature","properties":{"fcode":"EA010","descr":"PRODUCTO AGRICOLA, RESULTADO DE UN CONJUNTO DE TECNICAS Y CONOCIMIENTOS PARA CULTIVAR LA TIERRA","DPA_DESPRO":"GUAYAS","DPA_DESCAN":"NARANJAL","niv1":"TIERRA AGROPECUARIA","niv2":"CULTIVO","niv3":"CULTIVO PERMANENTE","niv4":"FRUTALES","niv5":"CACAO","LULC_std":"Cacao","label":"Cacao","cbt":"CACAO","uso":"AGRICOLA","tmp":"CULTIVO PERMANENTE","nal":"NO APLICABLE","tap":"PEQUENA","rie":"SI","spr":"MERCANTIL","sce":168.993736371,"usce":"HECTAREAS","txt":"EL CODIGO (fcode) Y LA DESCRIPCION (descr) CORRESPONDEN A LOS OBJETOS GEOGRAFICOS DEL ATRIBUTO niv2","simbologia":"CPuc: Cacao","SHAPE_Leng":6725.08203104,"SHAPE_Area":1689937.36371,"apt_uso":1,"area_ha":168.993736371,"cob_suelo":"Cacao","cacao_sys":"Cacao_alim_sin50b","observ":null,"cob_label":"Cacao sin cultivos alimentarios próximos","grupo_c":"Cultivos de exclusivos de cacao"},"geometry":{"type":"Polygon","coordinates":[[[-79.49314213544197,-2.626033595443193,0.0],[-79.49252304330233,-2.626406135333406,0.0],[-79.49225659607427,-2.626367526278235,0.0],[-79.49215178748297,-2.626463115228797,0.0],[-79.49208483168441,-2.626740609187117,0.0],[-79.49154205151937,-2.626969667620572,0.0],[-79.49123699421787,-2.627380875195229,0.0],[-79.4912177059061,-2.627591425433938,0.0],[-79.4906082803873,-2.627839546500025,0.0],[-79.4903607651591,-2.627887102852015,0.0],[-79.4901419283392,-2.627829407674393,0.0],[-79.48993253012559,-2.627838725310786,0.0],[-79.48974211959197,-2.627886350935215,0.0],[-79.48949605526418,-2.628073558619663,0.0],[-79.48934186292034,-2.628316584282809,0.0],[-79.48860831535241,-2.628889985658733,0.0],[-79.48821780573233,-2.629128798281664,0.0],[-79.48683755580947,-2.629289833306597,0.0],[-79.48639974619391,-2.629289299687958,0.0],[-79.48602844406143,-2.629384562817921,0.0],[-79.48591412917035,-2.629470567101711,0.0],[-79.48626002714093,-2.630391044209118,0.0],[-79.48665877446837,-2.631214682660671,0.0],[-79.48677250088065,-2.631616826257443,0.0],[-79.48677166959489,-2.632305976736774,0.0],[-79.48658060099254,-2.632899179196033,0.0],[-79.48618032878102,-2.633338981135799,0.0],[-79.4860084559905,-2.633798205110691,0.0],[-79.48600713792993,-2.63488935945657,0.0],[-79.48610104255071,-2.635942343499872,0.0],[-79.48617679061098,-2.636267868375445,0.0],[-79.48672080670632,-2.636980883358409,0.0],[-79.48674627669084,-2.63757029387733,0.0],[-79.48695538795195,-2.637800266072407,0.0],[-79.48775487278358,-2.637801243183624,0.0],[-79.48844007573761,-2.63785951029538,0.0],[-79.48927417306184,-2.637512307884473,0.0],[-79.48925868920435,-2.637783937248881,0.0],[-79.48901065101424,-2.638262211384032,0.0],[-79.48853460562682,-2.638395631742265,0.0],[-79.48828682229313,-2.638663332470069,0.0],[-79.48826753225153,-2.63887388314263,0.0],[-79.48864803146239,-2.639046635581462,0.0],[-79.48893307692414,-2.639448989034876,0.0],[-79.48904671091432,-2.639927705675043,0.0],[-79.48936943387908,-2.640655538000069,0.0],[-79.48927291463944,-2.641765720015725,0.0],[-79.48916457972607,-2.64210669076873,0.0],[-79.4893485474151,-2.642186961144375,0.0],[-79.4897292790773,-2.642168283192397,0.0],[-79.49014859099447,-2.641728504334564,0.0],[-79.49053050151089,-2.640733528734318,0.0],[-79.49093047652732,-2.640542585911691,0.0],[-79.49140626998349,-2.640619739192231,0.0],[-79.4917486538987,-2.640830730590954,0.0],[-79.49169106180615,-2.641232666071084,0.0],[-79.49172864813718,-2.641634717684824,0.0],[-79.49189966652453,-2.641883786847081,0.0],[-79.49218485217806,-2.642171282130088,0.0],[-79.49267958900923,-2.64232503112187,0.0],[-79.49394217946927,-2.64243778288707,0.0],[-79.49402443402565,-2.641889499131592,0.0],[-79.49422429314107,-2.641489907928817,0.0],[-79.49406549216538,-2.640579346585843,0.0],[-79.49424035028088,-2.640328860177812,0.0],[-79.49449456082361,-2.640125499063242,0.0],[-79.49460690391655,-2.639437207259081,0.0],[-79.49484121890755,-2.639026623867625,0.0],[-79.4950264114984,-2.638856822114892,0.0],[-79.49578360098664,-2.638369923408259,0.0],[-79.49601175054546,-2.638552017624277,0.0],[-79.49595799368579,-2.638735009100211,0.0],[-79.49603994988408,-2.638846377924833,0.0],[-79.4965072109742,-2.63909461033484,0.0],[-79.49672490715406,-2.639112821810395,0.0],[-79.49715882810317,-2.638578143118953,0.0],[-79.49780872533921,-2.6388557530071,0.0],[-79.49790200105005,-2.638762175799215,0.0],[-79.49802787303213,-2.638434240144559,0.0],[-79.49806828291047,-2.638449073430419,0.0],[-79.49810324926436,-2.638344003728215,0.0],[-79.49828476487593,-2.638258370180658,0.0],[-79.49841310461703,-2.638022427602514,0.0],[-79.49843465305183,-2.637850746042236,0.0],[-79.49832797768057,-2.637818420855971,0.0],[-79.49822144484564,-2.637668048043708,0.0],[-79.4982324636673,-2.637378304119689,0.0],[-79.49809404505476,-2.637120574663041,0.0],[-79.49809461143491,-2.636648378773637,0.0],[-79.49771070185635,-2.636433278027339,0.0],[-79.49784207739438,-2.636117074502411,0.0],[-79.49783861995712,-2.63602374793799,0.0],[-79.49759443143729,-2.635680071722937,0.0],[-79.49724114431989,-2.634887117241838,0.0],[-79.49715233826954,-2.6338739908629,0.0],[-79.49705408554017,-2.633539153228616,0.0],[-79.49667552856037,-2.632820871919026,0.0],[-79.49650225254594,-2.632128524546175,0.0],[-79.49629208214687,-2.631680320504302,0.0],[-79.49610598488997,-2.631030645411005,0.0],[-79.49595101466704,-2.630671953516873,0.0],[-79.4954924215959,-2.629952580861814,0.0],[-79.49537073247397,-2.629663387281453,0.0],[-79.49542291653152,-2.62919271055846,0.0],[-79.49574171037364,-2.628449861132299,0.0],[-79.49580393202048,-2.628082840638676,0.0],[-79.49616091518459,-2.627064647262924,0.0],[-79.49618218193515,-2.626352005873794,0.0],[-79.49626419588321,-2.626203693059284,0.0],[-79.49654124398342,-2.626000719025267,0.0],[-79.49670565888478,-2.625681121959451,0.0],[-79.49657608811913,-2.625138867883731,0.0],[-79.49663597649636,-2.624748890599616,0.0],[-79.49654827536878,-2.624634028884885,0.0],[-79.4962510642893,-2.624454202291152,0.0],[-79.49614417683686,-2.624298534376942,0.0],[-79.4958589351699,-2.624058899806601,0.0],[-79.49535164316661,-2.623780601349555,0.0],[-79.49508511773666,-2.623875879472318,0.0],[-79.49478543571477,-2.624055582875483,0.0],[-79.49432162227235,-2.624543397192281,0.0],[-79.49361043989477,-2.625510735814813,0.0],[-79.49314213544197,-2.626033595443193,0.0]]]}},{"type":"Feature","properties":{"fcode":"EA010","descr":"PRODUCTO AGRICOLA, RESULTADO DE UN CONJUNTO DE TECNICAS Y CONOCIMIENTOS PARA CULTIVAR LA TIERRA","DPA_DESPRO":"GUAYAS","DPA_DESCAN":"NARANJAL","niv1":"TIERRA AGROPECUARIA","niv2":"CULTIVO","niv3":"CULTIVO PERMANENTE","niv4":"FRUTALES","niv5":"CACAO","LULC_std":"Cacao","label":"Cacao","cbt":"CACAO","uso":"AGRICOLA","tmp":"CULTIVO PERMANENTE","nal":"NO APLICABLE","tap":"PEQUENA","rie":"SI","spr":"MERCANTIL","sce":15.973824367,"usce":"HECTAREAS","txt":"EL CODIGO (fcode) Y LA DESCRIPCION (descr) CORRESPONDEN A LOS OBJETOS GEOGRAFICOS DEL ATRIBUTO niv2","simbologia":"CPuc: Cacao","SHAPE_Leng":1347.58119785,"SHAPE_Area":58209.5198701,"apt_uso":1,"area_ha":5.82095198701,"cob_suelo":"Cacao","cacao_sys":"Cacao_alim_sin50b","observ":null,"cob_label":"Cacao sin cultivos alimentarios próximos","grupo_c":"Cultivos de exclusivos de cacao"},"geometry":{"type":"Polygon","coordinates":[[[-79.50356206698386,-2.626925547977831,0.0],[-79.50355932059654,-2.62184532675414,0.0],[-79.50271451259506,-2.622630108687363,0.0],[-79.50292112121527,-2.622989993841651,0.0],[-79.50292073850086,-2.623311773547263,0.0],[-79.50216738330438,-2.623727288302303,0.0],[-79.50209193961962,-2.62385969514751,0.0],[-79.50235517021744,-2.62408715089825,0.0],[-79.50226076980829,-2.624333104365133,0.0],[-79.50241095879514,-2.624655065262988,0.0],[-79.50259750619811,-2.626055979731674,0.0],[-79.50278452669285,-2.627059401855094,0.0],[-79.50356206698386,-2.626925547977831,0.0]]]}},{"type":"Feature","properties":{"fcode":"EA010","descr":"PRODUCTO AGRICOLA, RESULTADO DE UN CONJUNTO DE TECNICAS Y CONOCIMIENTOS PARA CULTIVAR LA TIERRA","DPA_DESPRO":"GUAYAS","DPA_DESCAN":"NARANJAL","niv1":"TIERRA AGROPECUARIA","niv2":"CULTIVO","niv3":"CULTIVO PERMANENTE","niv4":"FRUTALES","niv5":"CACAO","LULC_std":"Cacao","label":"Cacao","cbt":"CACAO","uso":"AGRICOLA","tmp":"CULTIVO PERMANENTE","nal":"NO APLICABLE","tap":"PEQUENA","rie":"NO","spr":"MERCANTIL","sce":3.10329137308,"usce":"HECTAREAS","txt":"EL CODIGO (fcode) Y LA DESCRIPCION (descr) CORRESPONDEN A LOS OBJETOS GEOGRAFICOS DEL ATRIBUTO niv2","simbologia":"CPuc: Cacao","SHAPE_Leng":769.256223258,"SHAPE_Area":31032.9137308,"apt_uso":1,"area_ha":3.10329137308,"cob_suelo":"Cacao","cacao_sys":"Cacao_alim_sin50b","observ":null,"cob_label":"Cacao sin cultivos alimentarios próximos","grupo_c":"Cultivos de exclusivos de cacao"},"geometry":{"type":"Polygon","coordinates":[[[-79.46356333661802,-2.660063172653639,0.0],[-79.4641125005174,-2.660480410240781,0.0],[-79.46429777477523,-2.66033482976083,0.0],[-79.46445835700318,-2.660358958948608,0.0],[-79.46464210093652,-2.660527136983248,0.0],[-79.4651478144689,-2.660161848547346,0.0],[-79.46576652717536,-2.660114764729398,0.0],[-79.46595716391849,-2.65988768088984,0.0],[-79.46605272529547,-2.659576728336508,0.0],[-79.46601801654069,-2.658781621338454,0.0],[-79.4658641913919,-2.658769464125461,0.0],[-79.46537026610424,-2.658924383325588,0.0],[-79.46437033439862,-2.65938375870578,0.0],[-79.46354883035167,-2.659867284436983,0.0],[-79.46356333661802,-2.660063172653639,0.0]]]}},{"type":"Feature","properties":{"fcode":"EA010","descr":"PRODUCTO AGRICOLA, RESULTADO DE UN CONJUNTO DE TECNICAS Y CONOCIMIENTOS PARA CULTIVAR LA TIERRA","DPA_DESPRO":"GUAYAS","DPA_DESCAN":"NARANJAL","niv1":"TIERRA AGROPECUARIA","niv2":"CULTIVO","niv3":"CULTIVO PERMANENTE","niv4":"FRUTALES","niv5":"CACAO","LULC_std":"Cacao","label":"Cacao","cbt":"CACAO","uso":"AGRICOLA","tmp":"CULTIVO PERMANENTE","nal":"NO APLICABLE","tap":"PEQUENA","rie":"NO","spr":"MERCANTIL","sce":21.0367157332,"usce":"HECTAREAS","txt":"EL CODIGO (fcode) Y LA DESCRIPCION (descr) CORRESPONDEN A LOS OBJETOS GEOGRAFICOS DEL ATRIBUTO niv2","simbologia":"CPuc: Cacao","SHAPE_Leng":2684.62778312,"SHAPE_Area":210367.157332,"apt_uso":1,"area_ha":21.0367157332,"cob_suelo":"Cacao","cacao_sys":"Cacao_alim_sin50b","observ":null,"cob_label":"Cacao sin cultivos alimentarios próximos","grupo_c":"Cultivos de exclusivos de cacao"},"geometry":{"type":"Polygon","coordinates":[[[-79.49934766189166,-2.644929696684133,0.0],[-79.50175835486583,-2.646091429031085,0.0],[-79.50159999367952,-2.645639104507767,0.0],[-79.50155757647974,-2.645294474981824,0.0],[-79.50168658434171,-2.644863909279675,0.0],[-79.50211550513197,-2.644347563122542,0.0],[-79.50198157554001,-2.643703952918348,0.0],[-79.50228807683699,-2.643486932620064,0.0],[-79.50233887375367,-2.642982241004006,0.0],[-79.50196283151736,-2.642653695981297,0.0],[-79.5017624590277,-2.642325363985095,0.0],[-79.50133580264709,-2.64235008388082,0.0],[-79.50095970039864,-2.64207201339378,0.0],[-79.50075932827157,-2.641743681436399,0.0],[-79.50007663758846,-2.642021310069263,0.0],[-79.49915317609893,-2.641766969203446,0.0],[-79.49847592715334,-2.641488533512077,0.0],[-79.49815016933573,-2.64108433644546,0.0],[-79.49801088837283,-2.64100547895015,0.0],[-79.49807426820405,-2.640755628497174,0.0],[-79.49828271691798,-2.640458076169469,0.0],[-79.49825112848171,-2.640103890815381,0.0],[-79.4979152506715,-2.639878116229317,0.0],[-79.49754667372333,-2.640223767119654,0.0],[-79.49732815777956,-2.64024914043381,0.0],[-79.49737269071946,-2.64067958956807,0.0],[-79.49674460206924,-2.641259290715475,0.0],[-79.4964673972716,-2.642217980931898,0.0],[-79.49621580255751,-2.642747663835654,0.0],[-79.49666720937218,-2.643009717758166,0.0],[-79.49681776387132,-2.643026010151742,0.0],[-79.49686756067541,-2.643354159020801,0.0],[-79.49704292628658,-2.643606747977409,0.0],[-79.4973837268516,-2.643627324481201,0.0],[-79.4973687757754,-2.643935233744594,0.0],[-79.4970673239739,-2.64418724241543,0.0],[-79.49699188505913,-2.644313338803754,0.0],[-79.49744357690847,-2.644339125887157,0.0],[-79.49745328719821,-2.644549555453287,0.0],[-79.49792024281119,-2.644465894180491,0.0],[-79.49837217774335,-2.644289780164853,0.0],[-79.49872351685623,-2.644290207429844,0.0],[-79.49902493825488,-2.644063435446077,0.0],[-79.49940152534168,-2.643937705718407,0.0],[-79.49990337899833,-2.643988790126385,0.0],[-79.5004553327115,-2.644115648973798,0.0],[-79.50037983341046,-2.644292220337082,0.0],[-79.49992789834373,-2.644468335249895,0.0],[-79.4995761040231,-2.644846471945363,0.0],[-79.49934766189166,-2.644929696684133,0.0]]]}},{"type":"Feature","properties":{"fcode":"EA010","descr":"PRODUCTO AGRICOLA, RESULTADO DE UN CONJUNTO DE TECNICAS Y CONOCIMIENTOS PARA CULTIVAR LA TIERRA","DPA_DESPRO":"GUAYAS","DPA_DESCAN":"NARANJAL","niv1":"TIERRA AGROPECUARIA","niv2":"CULTIVO","niv3":"CULTIVO PERMANENTE","niv4":"FRUTALES","niv5":"CACAO","LULC_std":"Cacao","label":"Cacao","cbt":"CACAO","uso":"AGRICOLA","tmp":"CULTIVO PERMANENTE","nal":"NO APLICABLE","tap":"PEQUENA","rie":"NO","spr":"MERCANTIL","sce":12.4683196582,"usce":"HECTAREAS","txt":"EL CODIGO (fcode) Y LA DESCRIPCION (descr) CORRESPONDEN A LOS OBJETOS GEOGRAFICOS DEL ATRIBUTO niv2","simbologia":"CPuc: Cacao","SHAPE_Leng":2507.28937738,"SHAPE_Area":124683.196582,"apt_uso":1,"area_ha":12.4683196582,"cob_suelo":"Cacao","cacao_sys":"Cacao_alim_sin50b","observ":null,"cob_label":"Cacao sin cultivos alimentarios próximos","grupo_c":"Cultivos de exclusivos de cacao"},"geometry":{"type":"Polygon","coordinates":[[[-79.47411986681871,-2.634653528860218,0.0],[-79.47381528367798,-2.634691435699389,0.0],[-79.4733587112392,-2.634499459977143,0.0],[-79.47301685380098,-2.633886517065463,0.0],[-79.47271227098378,-2.633924423723478,0.0],[-79.47240661500713,-2.634842830264794,0.0],[-79.47145274251184,-2.636640937551638,0.0],[-79.47042436883972,-2.63709905831863,0.0],[-79.47004322982745,-2.637481413323195,0.0],[-79.46992851407573,-2.63790238025354,0.0],[-79.46988951064004,-2.638667983913367,0.0],[-79.4703462233606,-2.638745113306976,0.0],[-79.47061306733963,-2.638439182702491,0.0],[-79.47076589805984,-2.637979979914181,0.0],[-79.47114703631992,-2.637597625552805,0.0],[-79.47278504563108,-2.636680864376781,0.0],[-79.47305216862746,-2.636145235979446,0.0],[-79.47358562162289,-2.635724785041633,0.0],[-79.47400464013296,-2.63549560514813,0.0],[-79.47469045420392,-2.634998775310012,0.0],[-79.47590869630355,-2.634923708730565,0.0],[-79.47632808593322,-2.634388266772265,0.0],[-79.47728088081381,-2.633470652566864,0.0],[-79.47735752681756,-2.633049636496048,0.0],[-79.47731983138392,-2.63274332872745,0.0],[-79.47712977474184,-2.632513398795505,0.0],[-79.47682542427476,-2.632359894317184,0.0],[-79.47610201030857,-2.632473853403852,0.0],[-79.47587342156343,-2.632626704034717,0.0],[-79.47568262084079,-2.633009295618505,0.0],[-79.47568206236608,-2.633468687698157,0.0],[-79.47522437208589,-2.634195495804674,0.0],[-79.47411986681871,-2.634653528860218,0.0]]]}},{"type":"Feature","properties":{"fcode":"EA010","descr":"PRODUCTO AGRICOLA, RESULTADO DE UN CONJUNTO DE TECNICAS Y CONOCIMIENTOS PARA CULTIVAR LA TIERRA","DPA_DESPRO":"GUAYAS","DPA_DESCAN":"NARANJAL","niv1":"TIERRA AGROPECUARIA","niv2":"CULTIVO","niv3":"CULTIVO PERMANENTE","niv4":"FRUTALES","niv5":"CACAO","LULC_std":"Cacao","label":"Cacao","cbt":"CACAO","uso":"AGRICOLA","tmp":"CULTIVO PERMANENTE","nal":"NO APLICABLE","tap":"PEQUENA","rie":"NO","spr":"MERCANTIL","sce":142.971866984,"usce":"HECTAREAS","txt":"EL CODIGO (fcode) Y LA DESCRIPCION (descr) CORRESPONDEN A LOS OBJETOS GEOGRAFICOS DEL ATRIBUTO niv2","simbologia":"CPuc: Cacao","SHAPE_Leng":4003.5979071,"SHAPE_Area":242650.407252,"apt_uso":1,"area_ha":24.2650407252,"cob_suelo":"Cacao","cacao_sys":"Cacao_alim_sin50b","observ":null,"cob_label":"Cacao sin cultivos alimentarios próximos","grupo_c":"Cultivos de exclusivos de cacao"},"geometry":{"type":"Polygon","coordinates":[[[-79.50136224010016,-2.632995485502538,0.0],[-79.50121278312899,-2.633090878427476,0.0],[-79.50070468507965,-2.633019283967084,0.0],[-79.50157866852223,-2.6340424640182,0.0],[-79.50248217538413,-2.633986771276632,0.0],[-79.50262194647135,-2.635151027305931,0.0],[-79.50240991447902,-2.635392105367,0.0],[-79.50168849159262,-2.636640496254395,0.0],[-79.50167396742671,-2.636981186826246,0.0],[-79.50151828096176,-2.637321706521609,0.0],[-79.50126391577135,-2.637548537304298,0.0],[-79.50131833194395,-2.638202284975277,0.0],[-79.50096627334958,-2.638359130400179,0.0],[-79.50028140968213,-2.638013722690343,0.0],[-79.5002398699978,-2.636936867575529,0.0],[-79.49994011300426,-2.636893432311019,0.0],[-79.49981131436854,-2.637151708916519,0.0],[-79.49993892598157,-2.637884091275535,0.0],[-79.50002437891116,-2.638056483301477,0.0],[-79.50006689889327,-2.638314968430314,0.0],[-79.50032362002867,-2.638530640183133,0.0],[-79.50062332493815,-2.638617148552804,0.0],[-79.50075145379652,-2.638918808711273,0.0],[-79.50075098925656,-2.639306458201885,0.0],[-79.50087916884942,-2.639565047238085,0.0],[-79.50092158565162,-2.639909675693874,0.0],[-79.5008355130227,-2.640254149289969,0.0],[-79.5004924089042,-2.64064138326196,0.0],[-79.5004493208099,-2.640856691604868,0.0],[-79.50083437684852,-2.641201736543529,0.0],[-79.50119453535218,-2.641791438094924,0.0],[-79.50134776773821,-2.641676153518422,0.0],[-79.50147605074447,-2.6418485985382,0.0],[-79.50173292758339,-2.641935054294472,0.0],[-79.50216158860125,-2.64163406796757,0.0],[-79.5022475064032,-2.641418811315476,0.0],[-79.5021622079362,-2.64111720196527,0.0],[-79.50216272395592,-2.640686480142553,0.0],[-79.50186389459971,-2.639867745429344,0.0],[-79.50183021607674,-2.639490142089856,0.0],[-79.50302605583653,-2.639552331455806,0.0],[-79.50356875728967,-2.639393860310924,0.0],[-79.50356405686486,-2.630621420100998,0.0],[-79.50340137510717,-2.630637582768576,0.0],[-79.50345840409977,-2.630164445348842,0.0],[-79.50287493456267,-2.630163741740914,0.0],[-79.50293101558985,-2.630485589514083,0.0],[-79.50268601866928,-2.630750289337482,0.0],[-79.50183882076675,-2.63093854918926,0.0],[-79.50185719042081,-2.631317136039129,0.0],[-79.50181938901343,-2.631449588026193,0.0],[-79.50251447803498,-2.63254826506948,0.0],[-79.50249502354889,-2.633078232259446,0.0],[-79.50136224010016,-2.632995485502538,0.0]]]}},{"type":"Feature","properties":{"fcode":"EA010","descr":"PRODUCTO AGRICOLA, RESULTADO DE UN CONJUNTO DE TECNICAS Y CONOCIMIENTOS PARA CULTIVAR LA TIERRA","DPA_DESPRO":"GUAYAS","DPA_DESCAN":"NARANJAL","niv1":"TIERRA AGROPECUARIA","niv2":"CULTIVO","niv3":"CULTIVO PERMANENTE","niv4":"FRUTALES","niv5":"CACAO","LULC_std":"Cacao","label":"Cacao","cbt":"CACAO","uso":"AGRICOLA","tmp":"CULTIVO PERMANENTE","nal":"NO APLICABLE","tap":"PEQUENA","rie":"NO","spr":"MERCANTIL","sce":6.29429652404,"usce":"HECTAREAS","txt":"EL CODIGO (fcode) Y LA DESCRIPCION (descr) CORRESPONDEN A LOS OBJETOS GEOGRAFICOS DEL ATRIBUTO niv2","simbologia":"CPuc: Cacao","SHAPE_Leng":1235.03369875,"SHAPE_Area":62942.9652404,"apt_uso":1,"area_ha":6.29429652404,"cob_suelo":"Cacao","cacao_sys":"Cacao_alim_sin50b","observ":null,"cob_label":"Cacao sin cultivos alimentarios próximos","grupo_c":"Cultivos de exclusivos de cacao"},"geometry":{"type":"Polygon","coordinates":[[[-79.47744547784706,-2.631154749335788,0.0],[-79.47750181134673,-2.631786483840171,0.0],[-79.47772997017526,-2.631987747814197,0.0],[-79.47795840777857,-2.631959316404394,0.0],[-79.477987201623,-2.631758367746059,0.0],[-79.47810168207153,-2.631528811554228,0.0],[-79.4785013509132,-2.631558013527023,0.0],[-79.47861510011519,-2.631931410280667,0.0],[-79.47861447329058,-2.632448226408647,0.0],[-79.4789566942347,-2.63276447908023,0.0],[-79.47932791802972,-2.632707509957503,0.0],[-79.47995633948649,-2.632449871823144,0.0],[-79.48087068129084,-2.631848038491588,0.0],[-79.48098529952728,-2.631503633874385,0.0],[-79.48092872083076,-2.631072882477594,0.0],[-79.4806719069307,-2.630957720037219,0.0],[-79.47924442486274,-2.630927259645788,0.0],[-79.47864497299952,-2.630840388696569,0.0],[-79.47838878612532,-2.630208408941018,0.0],[-79.4780178765456,-2.630006970191411,0.0],[-79.47778936968946,-2.630092826117115,0.0],[-79.47753165117862,-2.630724174537181,0.0],[-79.47744547784706,-2.631154749335788,0.0]]]}},{"type":"Feature","properties":{"fcode":"EA010","descr":"PRODUCTO AGRICOLA, RESULTADO DE UN CONJUNTO DE TECNICAS Y CONOCIMIENTOS PARA CULTIVAR LA TIERRA","DPA_DESPRO":"GUAYAS","DPA_DESCAN":"NARANJAL","niv1":"TIERRA AGROPECUARIA","niv2":"CULTIVO","niv3":"CULTIVO PERMANENTE","niv4":"FRUTALES","niv5":"CACAO","LULC_std":"Cacao","label":"Cacao","cbt":"CACAO","uso":"AGRICOLA","tmp":"CULTIVO PERMANENTE","nal":"NO APLICABLE","tap":"PEQUENA","rie":"NO","spr":"MERCANTIL","sce":64.6827923743,"usce":"HECTAREAS","txt":"EL CODIGO (fcode) Y LA DESCRIPCION (descr) CORRESPONDEN A LOS OBJETOS GEOGRAFICOS DEL ATRIBUTO niv2","simbologia":"CPuc: Cacao","SHAPE_Leng":7062.40585098,"SHAPE_Area":642887.294256,"apt_uso":1,"area_ha":64.2887294256,"cob_suelo":"Cacao","cacao_sys":"Cacao_alim_con50b","observ":null,"cob_label":"Cacao próximo a cultivos alimentarios","grupo_c":"Cultivos mixtos de cacao"},"geometry":{"type":"Polygon","coordinates":[[[-79.49899371585417,-2.611887630638379,0.0],[-79.49810156837783,-2.613382784409848,0.0],[-79.49762353169731,-2.614416950672586,0.0],[-79.49732218047596,-2.614593251860085,0.0],[-79.49714630403442,-2.614769703060074,0.0],[-79.49696976745541,-2.615501380183351,0.0],[-79.49674334051254,-2.615980622346972,0.0],[-79.49636538021242,-2.617267283028506,0.0],[-79.49628961347858,-2.617670993663417,0.0],[-79.49628910196377,-2.618100031394694,0.0],[-79.49673982171853,-2.618933415319968,0.0],[-79.49681453544193,-2.619413019343712,0.0],[-79.49678889877757,-2.619867265052112,0.0],[-79.49656213879975,-2.620624119116051,0.0],[-79.49658617950426,-2.621507463996642,0.0],[-79.49650555328905,-2.621682591467084,0.0],[-79.49639704388538,-2.621762369622309,0.0],[-79.4963133652519,-2.622097274625189,0.0],[-79.4963127937109,-2.62257585257891,0.0],[-79.49633641587826,-2.622719455520954,0.0],[-79.49650283124919,-2.622839301434607,0.0],[-79.49655950491187,-2.622830473306139,0.0],[-79.49655897509882,-2.623274061927735,0.0],[-79.49663302653622,-2.623401789375822,0.0],[-79.496953959787,-2.623641466882921,0.0],[-79.49703693937228,-2.623892821272781,0.0],[-79.49713195781226,-2.624024545289355,0.0],[-79.49726266770017,-2.624156312422289,0.0],[-79.49743615323571,-2.624242620887836,0.0],[-79.49754867512007,-2.624583464353314,0.0],[-79.4980394958856,-2.624876771818055,0.0],[-79.49794234170191,-2.625162806857956,0.0],[-79.49822389447505,-2.625806705816171,0.0],[-79.49901858911672,-2.626318184505392,0.0],[-79.49916474644007,-2.626743230548938,0.0],[-79.49921062863746,-2.626763071537836,0.0],[-79.49898486012951,-2.627441500340564,0.0],[-79.49862773379726,-2.627620536378834,0.0],[-79.49813904265608,-2.630062564693829,0.0],[-79.49831751393621,-2.630583227970243,0.0],[-79.49861926291258,-2.630941748453598,0.0],[-79.49861396753165,-2.630887842468723,0.0],[-79.49880240963799,-2.630698788379465,0.0],[-79.49923571311876,-2.630358604657839,0.0],[-79.49901044274424,-2.629866198810133,0.0],[-79.49906715632028,-2.62965805707451,0.0],[-79.49925550761735,-2.629544715503569,0.0],[-79.49938719064208,-2.62960165930919,0.0],[-79.49946213754971,-2.62988567309296,0.0],[-79.50013887710709,-2.630586835026592,0.0],[-79.5001760452518,-2.630984372546591,0.0],[-79.5004394343606,-2.631079331980991,0.0],[-79.50075935615494,-2.63111757502009,0.0],[-79.50119254668058,-2.630872031397797,0.0],[-79.50149685233013,-2.630872398906549,0.0],[-79.50145040858206,-2.630463297155719,0.0],[-79.50110012663409,-2.629579556590028,0.0],[-79.50125094019242,-2.629377838153998,0.0],[-79.50165246764769,-2.629378322767909,0.0],[-79.50222951152007,-2.629505206635477,0.0],[-79.50288208362763,-2.62943028072746,0.0],[-79.50348410370667,-2.62965814547317,0.0],[-79.50356342350723,-2.629443903921744,0.0],[-79.5035628044035,-2.628293908721082,0.0],[-79.50313424095087,-2.628421078639514,0.0],[-79.50310890522499,-2.628622949689581,0.0],[-79.5029079309093,-2.628799370753287,0.0],[-79.50082483076251,-2.628948283656768,0.0],[-79.50042438821252,-2.628039245512121,0.0],[-79.50248230110259,-2.627966015038417,0.0],[-79.50233272124314,-2.627132992214673,0.0],[-79.50203223823436,-2.626577402075706,0.0],[-79.50110467251248,-2.625768680037116,0.0],[-79.49982517120301,-2.625464285391484,0.0],[-79.50040332706111,-2.624657378298985,0.0],[-79.50032831185896,-2.624430149191311,0.0],[-79.50027869247857,-2.623950574718294,0.0],[-79.50055495167524,-2.623774244560396,0.0],[-79.50090670716446,-2.623421341190391,0.0],[-79.50108276470823,-2.623093464260413,0.0],[-79.50133407796591,-2.622790915201176,0.0],[-79.50125945302172,-2.622235597546662,0.0],[-79.5013608558704,-2.621377639162135,0.0],[-79.50101000236847,-2.620973414999157,0.0],[-79.49907980329023,-2.619179220443968,0.0],[-79.49867809922179,-2.619330162337706,0.0],[-79.4979511511091,-2.618647871164898,0.0],[-79.4981022031079,-2.618244251749934,0.0],[-79.49832842023902,-2.617941672905102,0.0],[-79.49873000268882,-2.617891680896153,0.0],[-79.49890584878867,-2.617740466882313,0.0],[-79.49890629928305,-2.617361903187724,0.0],[-79.49865594865989,-2.616856849311139,0.0],[-79.49850615854422,-2.616200491742046,0.0],[-79.49850675899515,-2.615695739927744,0.0],[-79.49838194350606,-2.615140362635497,0.0],[-79.49830740851912,-2.614509333031878,0.0],[-79.49805657793235,-2.614408080316533,0.0],[-79.49835813912568,-2.614055117049374,0.0],[-79.49878520585057,-2.613677066240781,0.0],[-79.49898572603527,-2.613879208471358,0.0],[-79.49976406333778,-2.613552053884251,0.0],[-79.50041707534959,-2.613098560575735,0.0],[-79.50064326059199,-2.612821218635387,0.0],[-79.5002268248797,-2.612731923775149,0.0],[-79.50015741727213,-2.612673614175581,0.0],[-79.50021566015745,-2.612382554441591,0.0],[-79.4999610925637,-2.612230861104988,0.0],[-79.4996604981229,-2.611834564130532,0.0],[-79.49979969925519,-2.611625118049557,0.0],[-79.49988118349602,-2.611264214877504,0.0],[-79.49984296637624,-2.611058657315549,0.0],[-79.49974924834994,-2.611000264323316,0.0],[-79.49899371585417,-2.611887630638379,0.0]]]}},{"type":"Feature","properties":{"fcode":"EA010","descr":"PRODUCTO AGRICOLA, RESULTADO DE UN CONJUNTO DE TECNICAS Y CONOCIMIENTOS PARA CULTIVAR LA TIERRA","DPA_DESPRO":"AZUAY","DPA_DESCAN":"CUENCA","niv1":"TIERRA AGROPECUARIA","niv2":"CULTIVO","niv3":"CULTIVO PERMANENTE","niv4":"FRUTALES","niv5":"CACAO","LULC_std":"Cacao","label":"Cacao","cbt":"CACAO","uso":"AGRICOLA","tmp":"CULTIVO PERMANENTE","nal":"NO APLICABLE","tap":"MEDIANA","rie":"SI","spr":"MERCANTIL","sce":12.3824311418,"usce":"HECTAREAS","txt":"EL CODIGO (fcode) Y LA DESCRIPCION (descr) CORRESPONDEN A LOS OBJETOS GEOGRAFICOS DEL ATRIBUTO niv2","simbologia":"CPuc: Cacao","SHAPE_Leng":1684.31455321,"SHAPE_Area":123824.311418,"apt_uso":1,"area_ha":12.3824311418,"cob_suelo":"Cacao","cacao_sys":"Cacao_alim_sin50b","observ":null,"cob_label":"Cacao sin cultivos alimentarios próximos","grupo_c":"Cultivos de exclusivos de cacao"},"geometry":{"type":"Polygon","coordinates":[[[-79.45788967792637,-2.617751913756375,0.0],[-79.45806323856901,-2.617906812389312,0.0],[-79.45835759913763,-2.618462318945676,0.0],[-79.45857622420594,-2.618687517747556,0.0],[-79.45895690842535,-2.61869755948271,0.0],[-79.45906484609506,-2.618630943004577,0.0],[-79.45923752566031,-2.618817549164318,0.0],[-79.45927541945183,-2.618961167036993,0.0],[-79.45918426781944,-2.619564054506927,0.0],[-79.45922679185949,-2.619812963839453,0.0],[-79.45934091282965,-2.619884890458944,0.0],[-79.4596267046438,-2.619665101183964,0.0],[-79.45986075618224,-2.619685205532669,0.0],[-79.45987256831215,-2.619992029937544,0.0],[-79.46031833935761,-2.620285705554263,0.0],[-79.46064544153685,-2.620333967086286,0.0],[-79.4608358556865,-2.620280362483061,0.0],[-79.46095472855706,-2.620358277412117,0.0],[-79.46097418012353,-2.620465722505059,0.0],[-79.4612342882731,-2.620370586839006,0.0],[-79.46138925366941,-2.620119528214251,0.0],[-79.46137210211855,-2.619551203930608,0.0],[-79.4614864088877,-2.619245636548935,0.0],[-79.4616876955574,-2.619282396846288,0.0],[-79.46197921013776,-2.61924686334936,0.0],[-79.46223520276668,-2.619073697224504,0.0],[-79.46228584205464,-2.61856957548241,0.0],[-79.46197064806051,-2.618626185584476,0.0],[-79.46193620147582,-2.61760678472045,0.0],[-79.46153640898505,-2.617656541987269,0.0],[-79.46144408680844,-2.617268784987481,0.0],[-79.46106584042309,-2.617210889908699,0.0],[-79.46090865383863,-2.617332731900835,0.0],[-79.4605234705486,-2.617109720854604,0.0],[-79.46030925068438,-2.617174063911879,0.0],[-79.46013813063824,-2.61701592356602,0.0],[-79.45863370793997,-2.616251602753858,0.0],[-79.45841169333028,-2.617031458399295,0.0],[-79.45826889771345,-2.617059996119937,0.0],[-79.45805917575957,-2.61733730862903,0.0],[-79.45788967792637,-2.617751913756375,0.0]]]}},{"type":"Feature","properties":{"fcode":"EA010","descr":"PRODUCTO AGRICOLA, RESULTADO DE UN CONJUNTO DE TECNICAS Y CONOCIMIENTOS PARA CULTIVAR LA TIERRA","DPA_DESPRO":"AZUAY","DPA_DESCAN":"CUENCA","niv1":"TIERRA AGROPECUARIA","niv2":"CULTIVO","niv3":"CULTIVO PERMANENTE","niv4":"FRUTALES","niv5":"CACAO","LULC_std":"Cacao","label":"Cacao","cbt":"CACAO","uso":"AGRICOLA","tmp":"CULTIVO PERMANENTE","nal":"NO APLICABLE","tap":"MEDIANA","rie":"SI","spr":"MERCANTIL","sce":19.5467888751,"usce":"HECTAREAS","txt":"EL CODIGO (fcode) Y LA DESCRIPCION (descr) CORRESPONDEN A LOS OBJETOS GEOGRAFICOS DEL ATRIBUTO niv2","simbologia":"CPuc: Cacao","SHAPE_Leng":3797.13617278,"SHAPE_Area":195467.888751,"apt_uso":1,"area_ha":19.5467888751,"cob_suelo":"Cacao","cacao_sys":"Cacao_alim_sin50b","observ":null,"cob_label":"Cacao sin cultivos alimentarios próximos","grupo_c":"Cultivos de exclusivos de cacao"},"geometry":{"type":"Polygon","coordinates":[[[-79.44730156681861,-2.611083185562232,0.0],[-79.44732576330247,-2.612507448691753,0.0],[-79.44716062835907,-2.612896602337598,0.0],[-79.44716022254936,-2.613226814262366,0.0],[-79.44753033914392,-2.614088697588488,0.0],[-79.44754396210467,-2.614619925358519,0.0],[-79.44787119712343,-2.615524826712729,0.0],[-79.44781282198927,-2.616558461845744,0.0],[-79.44789766542412,-2.617218992445816,0.0],[-79.44782556118179,-2.617807541710093,0.0],[-79.44783920105253,-2.618324412540765,0.0],[-79.44801104001145,-2.618809004970982,0.0],[-79.4479973703402,-2.618908891157234,0.0],[-79.44813228586061,-2.619483341154149,0.0],[-79.4481249803749,-2.619619724275573,0.0],[-79.44799613292963,-2.619913883326307,0.0],[-79.44799556709748,-2.62037330838983,0.0],[-79.44814495294635,-2.620789849189622,0.0],[-79.44868734568009,-2.620869488915183,0.0],[-79.44878704013401,-2.62106343345879,0.0],[-79.44880825041872,-2.621228565293787,0.0],[-79.44915795190569,-2.621279250865965,0.0],[-79.44959361987499,-2.621078794768419,0.0],[-79.44965803919524,-2.620935303669179,0.0],[-79.4500938650946,-2.62060563410313,0.0],[-79.45012308822422,-2.620060101077942,0.0],[-79.44998829534555,-2.619385151590685,0.0],[-79.4498600583171,-2.6191839926379,0.0],[-79.44968171356558,-2.619097628590828,0.0],[-79.44932490055633,-2.61902539956383,0.0],[-79.44913569624535,-2.618852754949842,0.0],[-79.44883549403403,-2.619392091919648,0.0],[-79.44869861634051,-2.619445761103262,0.0],[-79.44859166358572,-2.619349913827294,0.0],[-79.44858036337311,-2.618865349279916,0.0],[-79.44836650212656,-2.618637762708682,0.0],[-79.44825372678598,-2.618440212513768,0.0],[-79.44834945276074,-2.617991674243615,0.0],[-79.4484866761095,-2.61765684639371,0.0],[-79.44832640210775,-2.617387452007407,0.0],[-79.44830280776293,-2.617225905844494,0.0],[-79.44833868122014,-2.61707639769799,0.0],[-79.44849344883293,-2.61698685853269,0.0],[-79.44856501265643,-2.61683739565198,0.0],[-79.44857157181278,-2.616340888364974,0.0],[-79.4484241428235,-2.615299818052877,0.0],[-79.4483529320915,-2.615162141705246,0.0],[-79.44837690150376,-2.615018600287349,0.0],[-79.44863292255158,-2.614821509496461,0.0],[-79.44860929037272,-2.61468987294646,0.0],[-79.44846077317719,-2.61453415404279,0.0],[-79.44846698644217,-2.614318805387633,0.0],[-79.44850280815594,-2.614211172609475,0.0],[-79.44858019540261,-2.614163411677709,0.0],[-79.44878361788281,-2.614144066460687,0.0],[-79.44878310881803,-2.614005736374419,0.0],[-79.44868803511366,-2.613924261158071,0.0],[-79.44870722870164,-2.613795071700081,0.0],[-79.44896474814269,-2.613345536554954,0.0],[-79.44914100644765,-2.613192613066103,0.0],[-79.44927209551359,-2.613305328635109,0.0],[-79.44939319784196,-2.613207283151619,0.0],[-79.44942194941795,-2.613044605437193,0.0],[-79.44950299386043,-2.612925063728806,0.0],[-79.44962203671471,-2.612862998219198,0.0],[-79.44977465458199,-2.612585616929725,0.0],[-79.44977008347877,-2.612432469792829,0.0],[-79.45000432552527,-2.61156176404223,0.0],[-79.45017562501326,-2.611571548398078,0.0],[-79.45045055165761,-2.611423322970848,0.0],[-79.45043341384549,-2.610901871019201,0.0],[-79.4502624193703,-2.610643231391906,0.0],[-79.45008655458436,-2.610475514892849,0.0],[-79.45001578980253,-2.609972929783339,0.0],[-79.45007318752204,-2.609733716250259,0.0],[-79.4502114808323,-2.609494602916953,0.0],[-79.45043544801972,-2.60924123860117,0.0],[-79.45042628264657,-2.608954085427905,0.0],[-79.45053151780886,-2.608509146392948,0.0],[-79.45065071738186,-2.608317866363806,0.0],[-79.45085557122806,-2.608148893059002,0.0],[-79.45045750918945,-2.608430891837218,0.0],[-79.44995825816288,-2.608998676850745,0.0],[-79.44965068233302,-2.609753182206199,0.0],[-79.44951131745871,-2.610322045645043,0.0],[-79.44895294363427,-2.610628480787754,0.0],[-79.44852930945825,-2.610691442739686,0.0],[-79.44835662944024,-2.610780942970571,0.0],[-79.44795199062013,-2.611120125827678,0.0],[-79.4475736506522,-2.61120674786156,0.0],[-79.44730156681861,-2.611083185562232,0.0]]]}},{"type":"Feature","properties":{"fcode":"EA010","descr":"PRODUCTO AGRICOLA, RESULTADO DE UN CONJUNTO DE TECNICAS Y CONOCIMIENTOS PARA CULTIVAR LA TIERRA","DPA_DESPRO":"AZUAY","DPA_DESCAN":"CUENCA","niv1":"TIERRA AGROPECUARIA","niv2":"CULTIVO","niv3":"CULTIVO PERMANENTE","niv4":"FRUTALES","niv5":"CACAO","LULC_std":"Cacao","label":"Cacao","cbt":"CACAO","uso":"AGRICOLA","tmp":"CULTIVO PERMANENTE","nal":"NO APLICABLE","tap":"MEDIANA","rie":"SI","spr":"MERCANTIL","sce":65.5996691443,"usce":"HECTAREAS","txt":"EL CODIGO (fcode) Y LA DESCRIPCION (descr) CORRESPONDEN A LOS OBJETOS GEOGRAFICOS DEL ATRIBUTO niv2","simbologia":"CPuc: Cacao","SHAPE_Leng":4468.74472384,"SHAPE_Area":655996.691443,"apt_uso":1,"area_ha":65.5996691443,"cob_suelo":"Cacao","cacao_sys":"Cacao_alim_sin50b","observ":null,"cob_label":"Cacao sin cultivos alimentarios próximos","grupo_c":"Cultivos de exclusivos de cacao"},"geometry":{"type":"Polygon","coordinates":[[[-79.4282870533826,-2.525908555948689,0.0],[-79.42329915075528,-2.528923562144718,0.0],[-79.42307960176389,-2.528736258453229,0.0],[-79.42287035260254,-2.528640290628769,0.0],[-79.42196620888652,-2.528696613179607,0.0],[-79.42135694101371,-2.528868150601349,0.0],[-79.4212136187064,-2.528986565253515,0.0],[-79.42106120144376,-2.529533534840341,0.0],[-79.42090900308179,-2.530368291125173,0.0],[-79.42245867022808,-2.532484181294851,0.0],[-79.42288404612486,-2.533574171890443,0.0],[-79.42307205755492,-2.533725822498476,0.0],[-79.42307199538766,-2.533777196969993,0.0],[-79.42465827711527,-2.535571050513994,0.0],[-79.42828642649059,-2.540473527049641,0.0],[-79.42828665278722,-2.535481596089667,0.0],[-79.42819753848774,-2.535485221448909,0.0],[-79.42717222233806,-2.53631315156891,0.0],[-79.42617431861457,-2.535130975544313,0.0],[-79.4268745177235,-2.534579043958973,0.0],[-79.42759954740292,-2.534152774568739,0.0],[-79.42828673384417,-2.533627111199269,0.0],[-79.4282870533826,-2.525908555948689,0.0]]]}},{"type":"Feature","properties":{"fcode":"EA010","descr":"PRODUCTO AGRICOLA, RESULTADO DE UN CONJUNTO DE TECNICAS Y CONOCIMIENTOS PARA CULTIVAR LA TIERRA","DPA_DESPRO":"AZUAY","DPA_DESCAN":"CUENCA","niv1":"TIERRA AGROPECUARIA","niv2":"CULTIVO","niv3":"CULTIVO PERMANENTE","niv4":"FRUTALES","niv5":"CACAO","LULC_std":"Cacao","label":"Cacao","cbt":"CACAO","uso":"AGRICOLA","tmp":"CULTIVO PERMANENTE","nal":"NO APLICABLE","tap":"MEDIANA","rie":"NO","spr":"MERCANTIL","sce":14.5237009446,"usce":"HECTAREAS","txt":"EL CODIGO (fcode) Y LA DESCRIPCION (descr) CORRESPONDEN A LOS OBJETOS GEOGRAFICOS DEL ATRIBUTO niv2","simbologia":"CPuc: Cacao","SHAPE_Leng":2095.21012015,"SHAPE_Area":145237.009446,"apt_uso":1,"area_ha":14.5237009446,"cob_suelo":"Cacao","cacao_sys":"Cacao_alim_sin50b","observ":null,"cob_label":"Cacao sin cultivos alimentarios próximos","grupo_c":"Cultivos de exclusivos de cacao"},"geometry":{"type":"Polygon","coordinates":[[[-79.45189032903056,-2.616627931598164,0.0],[-79.45253437942118,-2.616715504200763,0.0],[-79.4526555410896,-2.616866404054389,0.0],[-79.45224054945557,-2.617669886228635,0.0],[-79.45226891651019,-2.617820670979095,0.0],[-79.45287556957497,-2.61788603006528,0.0],[-79.45303955061227,-2.618044162078983,0.0],[-79.45351181344219,-2.617104357849716,0.0],[-79.45371168654427,-2.617097426642487,0.0],[-79.45405419765034,-2.617191172569561,0.0],[-79.4541896356281,-2.617342090102992,0.0],[-79.4542676607225,-2.617744185667799,0.0],[-79.45427411292657,-2.6183041203031,0.0],[-79.45437321802982,-2.618979027289686,0.0],[-79.45449455609156,-2.618986355820638,0.0],[-79.45475171855449,-2.618828746834435,0.0],[-79.45553703509222,-2.618722041506652,0.0],[-79.45622265668393,-2.618421391081182,0.0],[-79.45645135474095,-2.618191960878614,0.0],[-79.45676568357753,-2.617984171737598,0.0],[-79.45698725267431,-2.617747553511013,0.0],[-79.4571731135491,-2.617525248113592,0.0],[-79.45722330844292,-2.61733866712773,0.0],[-79.45663696761713,-2.616324469824091,0.0],[-79.4564644439646,-2.616244793683943,0.0],[-79.45632806406093,-2.615891678552613,0.0],[-79.45606120517543,-2.616195838873705,0.0],[-79.45583256825307,-2.616375019928868,0.0],[-79.45553981259864,-2.616453621980876,0.0],[-79.45526158780206,-2.616324063862286,0.0],[-79.45519050643829,-2.616079904654339,0.0],[-79.45502651628699,-2.615928951889338,0.0],[-79.45219368217298,-2.615142980723464,0.0],[-79.4519879376568,-2.615034425025736,0.0],[-79.45180362262754,-2.615019265125167,0.0],[-79.45159405897175,-2.615167361729939,0.0],[-79.45132229185721,-2.61559295194859,0.0],[-79.45136019149598,-2.615731783497029,0.0],[-79.45145524704753,-2.615827615720814,0.0],[-79.45148828204205,-2.616052584455554,0.0],[-79.45144535423492,-2.616133887509066,0.0],[-79.4513257735581,-2.616096722789172,0.0],[-79.45137854880932,-2.616283357594364,0.0],[-79.4515139774539,-2.616441453233785,0.0],[-79.45189032903056,-2.616627931598164,0.0]]]}},{"type":"Feature","properties":{"fcode":"EA010","descr":"PRODUCTO AGRICOLA, RESULTADO DE UN CONJUNTO DE TECNICAS Y CONOCIMIENTOS PARA CULTIVAR LA TIERRA","DPA_DESPRO":"AZUAY","DPA_DESCAN":"CUENCA","niv1":"TIERRA AGROPECUARIA","niv2":"CULTIVO","niv3":"CULTIVO PERMANENTE","niv4":"FRUTALES","niv5":"CACAO","LULC_std":"Cacao","label":"Cacao","cbt":"CACAO","uso":"AGRICOLA","tmp":"CULTIVO PERMANENTE","nal":"NO APLICABLE","tap":"MEDIANA","rie":"NO","spr":"MERCANTIL","sce":16.5611810554,"usce":"HECTAREAS","txt":"EL CODIGO (fcode) Y LA DESCRIPCION (descr) CORRESPONDEN A LOS OBJETOS GEOGRAFICOS DEL ATRIBUTO niv2","simbologia":"CPuc: Cacao","SHAPE_Leng":2115.07068339,"SHAPE_Area":165611.810554,"apt_uso":1,"area_ha":16.5611810554,"cob_suelo":"Cacao","cacao_sys":"Cacao_alim_con50b","observ":null,"cob_label":"Cacao próximo a cultivos alimentarios","grupo_c":"Cultivos mixtos de cacao"},"geometry":{"type":"Polygon","coordinates":[[[-79.46334734922632,-2.614996795974553,0.0],[-79.46637304526058,-2.616341542430262,0.0],[-79.46645130956844,-2.616726586667524,0.0],[-79.46667478885442,-2.616875218909127,0.0],[-79.4665410911806,-2.617248341460806,0.0],[-79.46659051894453,-2.617421112223709,0.0],[-79.46684432754984,-2.617336711140696,0.0],[-79.46689025527623,-2.617658997327414,0.0],[-79.46751368761547,-2.617032907803124,0.0],[-79.46799276405967,-2.616269378647629,0.0],[-79.4683598963488,-2.615343283440277,0.0],[-79.46841336678905,-2.61478063857494,0.0],[-79.46855553742984,-2.614414806950579,0.0],[-79.46886991808529,-2.614007234527397,0.0],[-79.46766742081964,-2.613573088664175,0.0],[-79.46681224754508,-2.613207481483811,0.0],[-79.46683226916088,-2.613572063861664,0.0],[-79.46679633458616,-2.613773019932258,0.0],[-79.46670327479588,-2.61399185343657,0.0],[-79.46665779912809,-2.61397843256311,0.0],[-79.46655001508925,-2.614309317860454,0.0],[-79.46550652269885,-2.613940133121127,0.0],[-79.4654397542399,-2.613354166460623,0.0],[-79.46347938543184,-2.612599031455862,0.0],[-79.46345696582506,-2.614293491977356,0.0],[-79.46342952284427,-2.614775081001011,0.0],[-79.46334734922632,-2.614996795974553,0.0]]]}},{"type":"Feature","properties":{"fcode":"EA010","descr":"PRODUCTO AGRICOLA, RESULTADO DE UN CONJUNTO DE TECNICAS Y CONOCIMIENTOS PARA CULTIVAR LA TIERRA","DPA_DESPRO":"AZUAY","DPA_DESCAN":"CUENCA","niv1":"TIERRA AGROPECUARIA","niv2":"CULTIVO","niv3":"CULTIVO PERMANENTE","niv4":"FRUTALES","niv5":"CACAO","LULC_std":"Cacao","label":"Cacao","cbt":"CACAO","uso":"AGRICOLA","tmp":"CULTIVO PERMANENTE","nal":"NO APLICABLE","tap":"MEDIANA","rie":"NO","spr":"MERCANTIL","sce":13.6440075884,"usce":"HECTAREAS","txt":"EL CODIGO (fcode) Y LA DESCRIPCION (descr) CORRESPONDEN A LOS OBJETOS GEOGRAFICOS DEL ATRIBUTO niv2","simbologia":"CPuc: Cacao","SHAPE_Leng":1988.34125296,"SHAPE_Area":136440.075884,"apt_uso":1,"area_ha":13.6440075884,"cob_suelo":"Cacao","cacao_sys":"Cacao_alim_sin50b","observ":null,"cob_label":"Cacao sin cultivos alimentarios próximos","grupo_c":"Cultivos de exclusivos de cacao"},"geometry":{"type":"Polygon","coordinates":[[[-79.45091701771018,-2.608105362564926,0.0],[-79.45065071738186,-2.608317866363806,0.0],[-79.45053151780886,-2.608509146392948,0.0],[-79.45042628264657,-2.608954085427905,0.0],[-79.45043544801972,-2.60924123860117,0.0],[-79.4502114808323,-2.609494602916953,0.0],[-79.45007318752204,-2.609733716250259,0.0],[-79.45001578980253,-2.609972929783339,0.0],[-79.45008655458436,-2.610475514892849,0.0],[-79.4502624193703,-2.610643231391906,0.0],[-79.45043341384549,-2.610901871019201,0.0],[-79.45045055165761,-2.611423322970848,0.0],[-79.45017562501326,-2.611571548398078,0.0],[-79.45000432552527,-2.61156176404223,0.0],[-79.44977008347877,-2.612432469792829,0.0],[-79.44977465458199,-2.612585616929725,0.0],[-79.44962203671471,-2.612862998219198,0.0],[-79.44950299386043,-2.612925063728806,0.0],[-79.44942194941795,-2.613044605437193,0.0],[-79.44939319784196,-2.613207283151619,0.0],[-79.44927209551359,-2.613305328635109,0.0],[-79.44914100644765,-2.613192613066103,0.0],[-79.44896474814269,-2.613345536554954,0.0],[-79.44870722870164,-2.613795071700081,0.0],[-79.44868803511366,-2.613924261158071,0.0],[-79.44878310881803,-2.614005736374419,0.0],[-79.44878278555176,-2.614268948557584,0.0],[-79.44902530051911,-2.614412820140234,0.0],[-79.44891556965202,-2.614642397296389,0.0],[-79.44965289824471,-2.614858668636859,0.0],[-79.44988643695504,-2.614562245837006,0.0],[-79.45001024394469,-2.61449540030512,0.0],[-79.45023393662106,-2.614466963874883,0.0],[-79.45041464872399,-2.614562901480022,0.0],[-79.45074294414732,-2.614606380004822,0.0],[-79.45082871153777,-2.614515558153104,0.0],[-79.4510148391932,-2.61407550563305,0.0],[-79.4513485389651,-2.613592564827603,0.0],[-79.4514487640331,-2.613353404284641,0.0],[-79.45152495560036,-2.613310427574956,0.0],[-79.45160633333114,-2.612918101122375,0.0],[-79.45177790961199,-2.612702957932081,0.0],[-79.45180663155104,-2.612564208057043,0.0],[-79.45173345309833,-2.612240476380108,0.0],[-79.45162994005605,-2.612099776529633,0.0],[-79.45163020384406,-2.611884421054843,0.0],[-79.45175546983494,-2.611597434236574,0.0],[-79.45184986422299,-2.610958174281351,0.0],[-79.45182194768547,-2.610743270447665,0.0],[-79.45154280884178,-2.610389980062553,0.0],[-79.45154898363822,-2.610204541607791,0.0],[-79.45172755768803,-2.610103066803939,0.0],[-79.45192416718396,-2.609846078753734,0.0],[-79.45165179679604,-2.608822799495741,0.0],[-79.45167384301918,-2.608585620198999,0.0],[-79.45091701771018,-2.608105362564926,0.0]]]}},{"type":"Feature","properties":{"fcode":"EA010","descr":"PRODUCTO AGRICOLA, RESULTADO DE UN CONJUNTO DE TECNICAS Y CONOCIMIENTOS PARA CULTIVAR LA TIERRA","DPA_DESPRO":"AZUAY","DPA_DESCAN":"CUENCA","niv1":"TIERRA AGROPECUARIA","niv2":"CULTIVO","niv3":"CULTIVO PERMANENTE","niv4":"FRUTALES","niv5":"CACAO","LULC_std":"Cacao","label":"Cacao","cbt":"CACAO","uso":"AGRICOLA","tmp":"CULTIVO PERMANENTE","nal":"NO APLICABLE","tap":"MEDIANA","rie":"NO","spr":"MERCANTIL","sce":19.5652818848,"usce":"HECTAREAS","txt":"EL CODIGO (fcode) Y LA DESCRIPCION (descr) CORRESPONDEN A LOS OBJETOS GEOGRAFICOS DEL ATRIBUTO niv2","simbologia":"CPuc: Cacao","SHAPE_Leng":3067.82193792,"SHAPE_Area":195652.818848,"apt_uso":1,"area_ha":19.5652818848,"cob_suelo":"Cacao","cacao_sys":"Cacao_alim_sin50b","observ":null,"cob_label":"Cacao sin cultivos alimentarios próximos","grupo_c":"Cultivos de exclusivos de cacao"},"geometry":{"type":"Polygon","coordinates":[[[-79.43644042549172,-2.602798992842298,0.0],[-79.43642126645744,-2.603101250842873,0.0],[-79.43655178841883,-2.603376589544041,0.0],[-79.43642001259798,-2.604118202567554,0.0],[-79.43641902391579,-2.604919799435577,0.0],[-79.43633487783022,-2.605625578902015,0.0],[-79.43642968027505,-2.60592480111688,0.0],[-79.4364530973426,-2.606401131127612,0.0],[-79.43677420694316,-2.606308083771256,0.0],[-79.43697660976277,-2.606176730790463,0.0],[-79.43731012582091,-2.605842150943159,0.0],[-79.43739319363152,-2.605631281890874,0.0],[-79.43754979066621,-2.605792268797448,0.0],[-79.43760902245076,-2.60599573397647,0.0],[-79.43794252024989,-2.60586405045532,0.0],[-79.43797618226444,-2.60596262233308,0.0],[-79.43863065321028,-2.605831832550165,0.0],[-79.43941558796402,-2.606024237169354,0.0],[-79.43980057372481,-2.605865882914111,0.0],[-79.4400593375291,-2.606297892057216,0.0],[-79.44009474758131,-2.60652525479221,0.0],[-79.43998682386334,-2.607219042042891,0.0],[-79.4401294199328,-2.607350826363399,0.0],[-79.44071211525235,-2.60754297887668,0.0],[-79.44091432681796,-2.607567158709548,0.0],[-79.44175902624183,-2.607532317425412,0.0],[-79.44259165209145,-2.607641031356398,0.0],[-79.44297237121367,-2.607617576894357,0.0],[-79.44314540038334,-2.607443994190944,0.0],[-79.44213951423048,-2.605938944385744,0.0],[-79.44192652908859,-2.60555167839869,0.0],[-79.44169310423086,-2.60560353991329,0.0],[-79.4411985150229,-2.605354070882178,0.0],[-79.44099071335248,-2.604071252235091,0.0],[-79.44072453740132,-2.603822066556309,0.0],[-79.44022983137678,-2.603668309502938,0.0],[-79.4397921335713,-2.603591194998699,0.0],[-79.4388973991959,-2.603685794163419,0.0],[-79.43842120901427,-2.60395319846246,0.0],[-79.43821154841785,-2.604182647807415,0.0],[-79.43777271866298,-2.605024379339011,0.0],[-79.4375252479703,-2.605043212822136,0.0],[-79.43733514000263,-2.604851549376388,0.0],[-79.4375260973987,-2.604354078955788,0.0],[-79.4376218123282,-2.603913917564511,0.0],[-79.4376604939133,-2.603416256318298,0.0],[-79.43739438984991,-2.603109642664842,0.0],[-79.43733775847578,-2.602726719288143,0.0],[-79.43762343939504,-2.602593076582562,0.0],[-79.43796593955301,-2.602689215925687,0.0],[-79.4382807935716,-2.603024400640432,0.0],[-79.43832931274935,-2.602780831281455,0.0],[-79.43830478597975,-2.602479382263772,0.0],[-79.43796875207039,-2.602337473400529,0.0],[-79.43730269643058,-2.602217002249677,0.0],[-79.43696947758627,-2.602312300770111,0.0],[-79.43690953822988,-2.602683114844535,0.0],[-79.43664758003969,-2.602874214711544,0.0],[-79.43644042549172,-2.602798992842298,0.0]]]}},{"type":"Feature","properties":{"fcode":"EA010","descr":"PRODUCTO AGRICOLA, RESULTADO DE UN CONJUNTO DE TECNICAS Y CONOCIMIENTOS PARA CULTIVAR LA TIERRA","DPA_DESPRO":"AZUAY","DPA_DESCAN":"CUENCA","niv1":"TIERRA AGROPECUARIA","niv2":"CULTIVO","niv3":"CULTIVO PERMANENTE","niv4":"FRUTALES","niv5":"CACAO","LULC_std":"Cacao","label":"Cacao","cbt":"CACAO","uso":"AGRICOLA","tmp":"CULTIVO PERMANENTE","nal":"NO APLICABLE","tap":"MEDIANA","rie":"NO","spr":"MERCANTIL","sce":124.803747538,"usce":"HECTAREAS","txt":"EL CODIGO (fcode) Y LA DESCRIPCION (descr) CORRESPONDEN A LOS OBJETOS GEOGRAFICOS DEL ATRIBUTO niv2","simbologia":"CPuc: Cacao","SHAPE_Leng":10555.0120422,"SHAPE_Area":1248037.47538,"apt_uso":1,"area_ha":124.803747538,"cob_suelo":"Cacao","cacao_sys":"Cacao_alim_sin50b","observ":null,"cob_label":"Cacao sin cultivos alimentarios próximos","grupo_c":"Cultivos de exclusivos de cacao"},"geometry":{"type":"Polygon","coordinates":[[[-79.40095879519727,-2.587412479090002,0.0],[-79.40098675212931,-2.587886286824923,0.0],[-79.40152881992285,-2.588202822426683,0.0],[-79.4018995119957,-2.588576567666563,0.0],[-79.40264132749287,-2.5889794965733,0.0],[-79.40235472313502,-2.589854895082095,0.0],[-79.40253933128237,-2.590630392808225,0.0],[-79.40219672148085,-2.590629958427416,0.0],[-79.40168316740302,-2.590342172872563,0.0],[-79.40108484374042,-2.589350799151783,0.0],[-79.40058536780283,-2.589220954333969,0.0],[-79.400242542571,-2.589392800730163,0.0],[-79.399885135642,-2.589808692381343,0.0],[-79.40054099276733,-2.590455577421267,0.0],[-79.40135346533265,-2.591432866520023,0.0],[-79.40136732636783,-2.591763089364868,0.0],[-79.4011954983995,-2.59217921675049,0.0],[-79.40116653313034,-2.5925093851959,0.0],[-79.40099470576148,-2.592925512446886,0.0],[-79.40055173509009,-2.59326951068125,0.0],[-79.40029436231706,-2.593599388712096,0.0],[-79.40002287730933,-2.593800037451341,0.0],[-79.40009555319412,-2.59276644551593,0.0],[-79.4004393712218,-2.591804981369397,0.0],[-79.39992569055879,-2.591617691799081,0.0],[-79.39969750113032,-2.591445120619353,0.0],[-79.39928456077591,-2.590611905762716,0.0],[-79.39894218597398,-2.59042483377509,0.0],[-79.39845691360998,-2.590352433700116,0.0],[-79.39809952399393,-2.590753967641413,0.0],[-79.39769999404318,-2.590609891894681,0.0],[-79.39738618935796,-2.590408499271482,0.0],[-79.39690061048937,-2.590580161821442,0.0],[-79.39667263771133,-2.590235311503664,0.0],[-79.39648760023306,-2.589804374875202,0.0],[-79.3959736517361,-2.589832434311335,0.0],[-79.3956877108938,-2.590176630517893,0.0],[-79.39521633532378,-2.590405737988021,0.0],[-79.3948738533687,-2.590304805157089,0.0],[-79.39420247868665,-2.590648510644842,0.0],[-79.39375974406924,-2.59080586960119,0.0],[-79.39344499850853,-2.591351022136262,0.0],[-79.39354456368386,-2.591638283130155,0.0],[-79.39396992387604,-2.59184095554553,0.0],[-79.39391525233972,-2.592012029861051,0.0],[-79.39372941963582,-2.592212786063718,0.0],[-79.39302985443103,-2.592269320186504,0.0],[-79.39295815174282,-2.592527649319237,0.0],[-79.39302912981891,-2.592843586248538,0.0],[-79.39331436561874,-2.593059300994065,0.0],[-79.3932711772739,-2.593346378947226,0.0],[-79.3930139303657,-2.593575757899719,0.0],[-79.39260021659541,-2.593359879897499,0.0],[-79.39215778920618,-2.593273174081096,0.0],[-79.3919145283258,-2.593732276861668,0.0],[-79.39187121260444,-2.594119851798941,0.0],[-79.3915567551623,-2.594435296925422,0.0],[-79.3911856681135,-2.594377395950785,0.0],[-79.39068628472482,-2.594175763553688,0.0],[-79.38982989052589,-2.594074171635243,0.0],[-79.38935874957106,-2.594116638595894,0.0],[-79.38920153937265,-2.594260004523605,0.0],[-79.38910115692332,-2.594618791618761,0.0],[-79.38912930772163,-2.594934674295466,0.0],[-79.38938544661936,-2.59558105131691,0.0],[-79.38968504783271,-2.595725002133932,0.0],[-79.38985571578074,-2.596227703569362,0.0],[-79.39031225521144,-2.596443637588163,0.0],[-79.39054104330631,-2.596142441174161,0.0],[-79.39086973965142,-2.595855728222753,0.0],[-79.39121223999524,-2.595942306256155,0.0],[-79.39136888753998,-2.596243996986027,0.0],[-79.39161144241474,-2.596344803764368,0.0],[-79.39239573602406,-2.59702057099888,0.0],[-79.39375251621993,-2.596534178255911,0.0],[-79.39399559652344,-2.59621864140911,0.0],[-79.39415317035473,-2.595788141978114,0.0],[-79.39451016338963,-2.59570245780509,0.0],[-79.39488088919002,-2.596047490959433,0.0],[-79.39533801019127,-2.595804011023532,0.0],[-79.39543734013822,-2.596277908720197,0.0],[-79.39540811906218,-2.596809069049471,0.0],[-79.39567899009265,-2.597096549064081,0.0],[-79.3962642280023,-2.597140365911462,0.0],[-79.39692111559435,-2.596968922812658,0.0],[-79.39769211509878,-2.596869409034751,0.0],[-79.39811979941872,-2.597329368985347,0.0],[-79.3982478087001,-2.597702806913536,0.0],[-79.39779005315977,-2.598448772777002,0.0],[-79.39613529655665,-2.597499119129544,0.0],[-79.39550657988944,-2.597972087583316,0.0],[-79.39534880624844,-2.598560510370901,0.0],[-79.39584790277245,-2.598991848799899,0.0],[-79.39626132897834,-2.599437434512593,0.0],[-79.39676075241886,-2.599610352310555,0.0],[-79.39778956434837,-2.598836403533631,0.0],[-79.39821790062226,-2.598779522154637,0.0],[-79.3984029744756,-2.599181746319345,0.0],[-79.39845951507493,-2.599626876676229,0.0],[-79.39912997424993,-2.600015363204052,0.0],[-79.3997140383451,-2.600992364993725,0.0],[-79.40029980390268,-2.600619837488835,0.0],[-79.40077154628582,-2.600103595396918,0.0],[-79.40112839771388,-2.600132763302114,0.0],[-79.4015425860388,-2.599975366882503,0.0],[-79.40160006737537,-2.599673948228638,0.0],[-79.40161492097013,-2.599214551480251,0.0],[-79.40095855614139,-2.598969651977873,0.0],[-79.40064496515933,-2.598595977505091,0.0],[-79.40048856773963,-2.59809329286316,0.0],[-79.40007566336853,-2.597231363327786,0.0],[-79.40001906754968,-2.59682930277325,0.0],[-79.39986268737829,-2.59631226165175,0.0],[-79.40012002507255,-2.596011097491007,0.0],[-79.4006058234231,-2.595667154554068,0.0],[-79.40090544562295,-2.595796745914512,0.0],[-79.4008620778347,-2.596227392866255,0.0],[-79.4006760269872,-2.596600431469922,0.0],[-79.40063267699183,-2.597016721661452,0.0],[-79.40108932921123,-2.597146512973092,0.0],[-79.4014605275596,-2.597118271682938,0.0],[-79.40180342774202,-2.596888999409512,0.0],[-79.40206081864551,-2.596544765468461,0.0],[-79.40258908285294,-2.596488008997927,0.0],[-79.40277428574475,-2.596789736309873,0.0],[-79.40281653492029,-2.597249205929442,0.0],[-79.40265896376768,-2.597679708154106,0.0],[-79.40243033910234,-2.597851698140304,0.0],[-79.40238698934988,-2.598267988715228,0.0],[-79.40248572613358,-2.599215659407063,0.0],[-79.40235686771602,-2.599516987442489,0.0],[-79.40177086798953,-2.600076154465879,0.0],[-79.40191331555904,-2.600320400809262,0.0],[-79.40324068523213,-2.600523083893475,0.0],[-79.40345535911477,-2.600092654323783,0.0],[-79.40369901768426,-2.599317700057033,0.0],[-79.40355673201425,-2.598944243453603,0.0],[-79.40354315917426,-2.598384313037666,0.0],[-79.40374350351956,-2.597996935090577,0.0],[-79.40414365006666,-2.597652880955789,0.0],[-79.40521476210668,-2.597295321356095,0.0],[-79.4054577340519,-2.597065921812926,0.0],[-79.4052868597588,-2.596721142442953,0.0],[-79.40450264537405,-2.595973595551512,0.0],[-79.40423207742876,-2.59544205231707,0.0],[-79.40349068976879,-2.594694559972058,0.0],[-79.4030913733717,-2.594378205304888,0.0],[-79.40317758515467,-2.593933255396308,0.0],[-79.40369195109545,-2.59357498886058,0.0],[-79.40404925128801,-2.593245236275642,0.0],[-79.40384966459135,-2.593029632304917,0.0],[-79.40341390159371,-2.592809818417026,0.0],[-79.40462255260344,-2.591422654201175,0.0],[-79.40528071291888,-2.590231876460235,0.0],[-79.40515307857123,-2.589556946468704,0.0],[-79.40491080932112,-2.589226434108769,0.0],[-79.40445401450073,-2.589211499376481,0.0],[-79.40441143987519,-2.589010451239043,0.0],[-79.40466915160904,-2.588407793575323,0.0],[-79.40475523465958,-2.588063339911256,0.0],[-79.40454148130739,-2.5877615772408,0.0],[-79.40391377706705,-2.587430577521176,0.0],[-79.40344286942434,-2.587286414438529,0.0],[-79.40334249294715,-2.587645206464584,0.0],[-79.40294265665742,-2.587745197415967,0.0],[-79.40151637898092,-2.586738419242669,0.0],[-79.40110201611981,-2.587039386142744,0.0],[-79.40095879519727,-2.587412479090002,0.0]]]}},{"type":"Feature","properties":{"fcode":"EA010","descr":"PRODUCTO AGRICOLA, RESULTADO DE UN CONJUNTO DE TECNICAS Y CONOCIMIENTOS PARA CULTIVAR LA TIERRA","DPA_DESPRO":"AZUAY","DPA_DESCAN":"CUENCA","niv1":"TIERRA AGROPECUARIA","niv2":"CULTIVO","niv3":"CULTIVO PERMANENTE","niv4":"FRUTALES","niv5":"CACAO","LULC_std":"Cacao","label":"Cacao","cbt":"CACAO","uso":"AGRICOLA","tmp":"CULTIVO PERMANENTE","nal":"NO APLICABLE","tap":"MEDIANA","rie":"NO","spr":"MERCANTIL","sce":14.9752309126,"usce":"HECTAREAS","txt":"EL CODIGO (fcode) Y LA DESCRIPCION (descr) CORRESPONDEN A LOS OBJETOS GEOGRAFICOS DEL ATRIBUTO niv2","simbologia":"CPuc: Cacao","SHAPE_Leng":2476.66445861,"SHAPE_Area":149752.309126,"apt_uso":1,"area_ha":14.9752309126,"cob_suelo":"Cacao","cacao_sys":"Cacao_alim_sin50b","observ":null,"cob_label":"Cacao sin cultivos alimentarios próximos","grupo_c":"Cultivos de exclusivos de cacao"},"geometry":{"type":"Polygon","coordinates":[[[-79.36994588632344,-2.584959850087816,0.0],[-79.37037144290615,-2.585339521959678,0.0],[-79.37059938112884,-2.585703514281194,0.0],[-79.37105611174567,-2.585761529659627,0.0],[-79.37143700130646,-2.585589743059781,0.0],[-79.3717609368687,-2.585303029908831,0.0],[-79.3717995900378,-2.584843670751408,0.0],[-79.37214246056588,-2.584633550067605,0.0],[-79.37267544731304,-2.584595953185616,0.0],[-79.37343649450365,-2.584826637752688,0.0],[-79.37408456041186,-2.584100073768868,0.0],[-79.37378002380605,-2.584099681771416,0.0],[-79.37298144543476,-2.583447823761366,0.0],[-79.37296297303469,-2.583007533014207,0.0],[-79.37381984496626,-2.582721504614111,0.0],[-79.37427667285156,-2.582702950859852,0.0],[-79.37477190809976,-2.582416456348569,0.0],[-79.37503920402096,-2.58176596956268,0.0],[-79.37469679586853,-2.581612392604816,0.0],[-79.37439218766923,-2.581669427128072,0.0],[-79.37416354225482,-2.581860554635842,0.0],[-79.37385900706965,-2.581860162998048,0.0],[-79.37364279303354,-2.581732602506964,0.0],[-79.37275453049564,-2.582279866613737,0.0],[-79.37197364686558,-2.582680844241036,0.0],[-79.37132619234339,-2.582928856431861,0.0],[-79.37077431930693,-2.582851576845739,0.0],[-79.37043203418308,-2.582602289376183,0.0],[-79.37028032841404,-2.582161827405586,0.0],[-79.37001439702486,-2.581740359621069,0.0],[-79.36980277918666,-2.580587952968053,0.0],[-79.36933881201824,-2.58060888923892,0.0],[-79.36916737447122,-2.580716342318994,0.0],[-79.36903864301435,-2.580917167119578,0.0],[-79.36903106574694,-2.581261713870273,0.0],[-79.36915201954878,-2.581563356939996,0.0],[-79.369158772162,-2.581864852734726,0.0],[-79.36927251566073,-2.58222391158225,0.0],[-79.36964289789096,-2.582827363612245,0.0],[-79.36989179719492,-2.583545510049758,0.0],[-79.36994843962549,-2.583904496279704,0.0],[-79.36994064226867,-2.584421320760331,0.0],[-79.3698830839874,-2.584780159618796,0.0],[-79.36994588632344,-2.584959850087816,0.0]]]}},{"type":"Feature","properties":{"fcode":"EA010","descr":"PRODUCTO AGRICOLA, RESULTADO DE UN CONJUNTO DE TECNICAS Y CONOCIMIENTOS PARA CULTIVAR LA TIERRA","DPA_DESPRO":"AZUAY","DPA_DESCAN":"CUENCA","niv1":"TIERRA AGROPECUARIA","niv2":"CULTIVO","niv3":"CULTIVO PERMANENTE","niv4":"FRUTALES","niv5":"CACAO","LULC_std":"Cacao","label":"Cacao","cbt":"CACAO","uso":"AGRICOLA","tmp":"CULTIVO PERMANENTE","nal":"NO APLICABLE","tap":"MEDIANA","rie":"NO","spr":"MERCANTIL","sce":32.6685114457,"usce":"HECTAREAS","txt":"EL CODIGO (fcode) Y LA DESCRIPCION (descr) CORRESPONDEN A LOS OBJETOS GEOGRAFICOS DEL ATRIBUTO niv2","simbologia":"CPuc: Cacao","SHAPE_Leng":2190.58837538,"SHAPE_Area":168858.40304,"apt_uso":1,"area_ha":16.885840304,"cob_suelo":"Cacao","cacao_sys":"Cacao_alim_sin50b","observ":null,"cob_label":"Cacao sin cultivos alimentarios próximos","grupo_c":"Cultivos de exclusivos de cacao"},"geometry":{"type":"Polygon","coordinates":[[[-79.35988015415651,-2.580083047380254,0.0],[-79.36006938074354,-2.580301107813814,0.0],[-79.3605073428995,-2.580148539672679,0.0],[-79.3608890631916,-2.579325931306642,0.0],[-79.36121302143927,-2.579020079156345,0.0],[-79.36155586612851,-2.578829103619107,0.0],[-79.36216505468298,-2.578734182713099,0.0],[-79.36211532296545,-2.578225167146696,0.0],[-79.36328848527141,-2.578371937968793,0.0],[-79.36357442471684,-2.578027751989936,0.0],[-79.36370667132604,-2.577599407154269,0.0],[-79.36367010524353,-2.57762589423904,0.0],[-79.36319444359592,-2.577491285785477,0.0],[-79.36344265879471,-2.576879064304603,0.0],[-79.36325276605865,-2.576534263420078,0.0],[-79.36450944987811,-2.575517716693727,0.0],[-79.36441543317737,-2.575253252168121,0.0],[-79.3641111941222,-2.575023156368195,0.0],[-79.36363531326077,-2.575060825741531,0.0],[-79.36205437851689,-2.575977597698691,0.0],[-79.3617499689044,-2.575881494950229,0.0],[-79.36154094538342,-2.575613237398898,0.0],[-79.36135252205092,-2.575225963432702,0.0],[-79.36099372777005,-2.575225499563362,0.0],[-79.35987779642993,-2.57483882301982,0.0],[-79.35988015415651,-2.580083047380254,0.0]]]}},{"type":"Feature","properties":{"fcode":"EA010","descr":"PRODUCTO AGRICOLA, RESULTADO DE UN CONJUNTO DE TECNICAS Y CONOCIMIENTOS PARA CULTIVAR LA TIERRA","DPA_DESPRO":"AZUAY","DPA_DESCAN":"CUENCA","niv1":"TIERRA AGROPECUARIA","niv2":"CULTIVO","niv3":"CULTIVO PERMANENTE","niv4":"FRUTALES","niv5":"CACAO","LULC_std":"Cacao","label":"Cacao","cbt":"CACAO","uso":"AGRICOLA","tmp":"CULTIVO PERMANENTE","nal":"NO APLICABLE","tap":"MEDIANA","rie":"NO","spr":"MERCANTIL","sce":63.3113125373,"usce":"HECTAREAS","txt":"EL CODIGO (fcode) Y LA DESCRIPCION (descr) CORRESPONDEN A LOS OBJETOS GEOGRAFICOS DEL ATRIBUTO niv2","simbologia":"CPuc: Cacao","SHAPE_Leng":5702.32001093,"SHAPE_Area":633113.125373,"apt_uso":1,"area_ha":63.3113125373,"cob_suelo":"Cacao","cacao_sys":"Cacao_alim_sin50b","observ":null,"cob_label":"Cacao sin cultivos alimentarios próximos","grupo_c":"Cultivos de exclusivos de cacao"},"geometry":{"type":"Polygon","coordinates":[[[-79.36704271010973,-2.574720664227297,0.0],[-79.3676887211791,-2.575602027819973,0.0],[-79.36774477280298,-2.576425206735891,0.0],[-79.36763008537963,-2.576807898917596,0.0],[-79.36717296833984,-2.577056155627115,0.0],[-79.36683000215257,-2.577342843772222,0.0],[-79.36625853863457,-2.577705804184534,0.0],[-79.36591586519692,-2.577762787911864,0.0],[-79.36585817914772,-2.578222121161127,0.0],[-79.36542011952268,-2.578451259946526,0.0],[-79.3650960885008,-2.578814538740207,0.0],[-79.36496221947063,-2.579312057792856,0.0],[-79.36507585695797,-2.579752469851623,0.0],[-79.36488483871331,-2.58028819854448,0.0],[-79.36452083134337,-2.582144499702597,0.0],[-79.3642732252717,-2.582278173189936,0.0],[-79.36368306801437,-2.58237311876316,0.0],[-79.36334012486934,-2.582640662333029,0.0],[-79.36328246115143,-2.583080852504744,0.0],[-79.36349148454815,-2.583349110753482,0.0],[-79.36408144625048,-2.583407301364528,0.0],[-79.36480437262429,-2.583676223920043,0.0],[-79.36522229981999,-2.584308450616977,0.0],[-79.36566014173876,-2.584251591357399,0.0],[-79.36640149108032,-2.584999087370719,0.0],[-79.36687691135,-2.58532511616064,0.0],[-79.36723835076128,-2.585478719878276,0.0],[-79.36783007573958,-2.584158686564927,0.0],[-79.36619405681476,-2.583486601889859,0.0],[-79.36613776414573,-2.582854843829388,0.0],[-79.36621485191235,-2.582108405566271,0.0],[-79.36667189799846,-2.581917576268689,0.0],[-79.36714751240454,-2.582090469152836,0.0],[-79.36775645961387,-2.582186965030841,0.0],[-79.36802378247452,-2.581517339732355,0.0],[-79.3681961327891,-2.580694456204958,0.0],[-79.3684253394626,-2.580063064947121,0.0],[-79.36846411351944,-2.579507997107628,0.0],[-79.36814171731068,-2.578588765014329,0.0],[-79.36835164547969,-2.578148769619132,0.0],[-79.36869456315664,-2.577900364573904,0.0],[-79.36905352071652,-2.577733316841701,0.0],[-79.3689145295898,-2.577492978948793,0.0],[-79.36882924526556,-2.577205739442731,0.0],[-79.36867961341108,-2.577004555080671,0.0],[-79.36856625436626,-2.576344010030085,0.0],[-79.36870916855945,-2.576214985690473,0.0],[-79.36897326514448,-2.576208146966565,0.0],[-79.36904509762059,-2.575849326392151,0.0],[-79.36902416876049,-2.575468852149491,0.0],[-79.36917496024311,-2.574758398746738,0.0],[-79.36950421605601,-2.574026639489436,0.0],[-79.36941175689348,-2.573768103824149,0.0],[-79.36938369966416,-2.573380441668834,0.0],[-79.36979889593904,-2.572419088595685,0.0],[-79.37000616557573,-2.572196828756368,0.0],[-79.3702139727726,-2.571551051584259,0.0],[-79.37046424001126,-2.571192459563061,0.0],[-79.37072859076689,-2.570984629156592,0.0],[-79.37102171890815,-2.57059737975431,0.0],[-79.37158728129091,-2.569255768771174,0.0],[-79.37171681039912,-2.568423255633299,0.0],[-79.3721386850019,-2.567820821767659,0.0],[-79.37225759010425,-2.567378146908974,0.0],[-79.3718531543121,-2.567400232330717,0.0],[-79.37121023674621,-2.567830104867734,0.0],[-79.37092486615421,-2.567729243701244,0.0],[-79.37031149887773,-2.567369544262815,0.0],[-79.3693702467148,-2.566664867693147,0.0],[-79.36892712411988,-2.567138064429657,0.0],[-79.36808397587129,-2.567869164932567,0.0],[-79.36781231586208,-2.568213372541666,0.0],[-79.36701192410905,-2.568997166478255,0.0],[-79.36689706828658,-2.569513852735782,0.0],[-79.36687740221197,-2.570011519052042,0.0],[-79.36712417699525,-2.570528670238729,0.0],[-79.36700949106356,-2.570911363521965,0.0],[-79.36676145052743,-2.571389593790488,0.0],[-79.36668468427187,-2.571887187465927,0.0],[-79.36668414844853,-2.572308310171844,0.0],[-79.36694944494288,-2.573227467538695,0.0],[-79.36710078471208,-2.57395505842714,0.0],[-79.36704271010973,-2.574720664227297,0.0]]]}},{"type":"Feature","properties":{"fcode":"EA010","descr":"PRODUCTO AGRICOLA, RESULTADO DE UN CONJUNTO DE TECNICAS Y CONOCIMIENTOS PARA CULTIVAR LA TIERRA","DPA_DESPRO":"AZUAY","DPA_DESCAN":"CUENCA","niv1":"TIERRA AGROPECUARIA","niv2":"CULTIVO","niv3":"CULTIVO PERMANENTE","niv4":"FRUTALES","niv5":"CACAO","LULC_std":"Cacao","label":"Cacao","cbt":"CACAO","uso":"AGRICOLA","tmp":"CULTIVO PERMANENTE","nal":"NO APLICABLE","tap":"MEDIANA","rie":"NO","spr":"MERCANTIL","sce":50.2479611718,"usce":"HECTAREAS","txt":"EL CODIGO (fcode) Y LA DESCRIPCION (descr) CORRESPONDEN A LOS OBJETOS GEOGRAFICOS DEL ATRIBUTO niv2","simbologia":"CPuc: Cacao","SHAPE_Leng":4327.66485229,"SHAPE_Area":502479.611718,"apt_uso":1,"area_ha":50.2479611718,"cob_suelo":"Cacao","cacao_sys":"Cacao_alim_sin50b","observ":null,"cob_label":"Cacao sin cultivos alimentarios próximos","grupo_c":"Cultivos de exclusivos de cacao"},"geometry":{"type":"Polygon","coordinates":[[[-79.37621575079243,-2.567583194806273,0.0],[-79.37556962413547,-2.568730893896529,0.0],[-79.37522639558938,-2.56922814968654,0.0],[-79.37452112283243,-2.570050356273053,0.0],[-79.3733042768144,-2.569034268820541,0.0],[-79.37257931542375,-2.570373284628237,0.0],[-79.37114793381451,-2.573434176455887,0.0],[-79.3706526781816,-2.573739812647593,0.0],[-79.37048060052958,-2.574352136910396,0.0],[-79.37059399762983,-2.574983969381895,0.0],[-79.37074563215774,-2.575481856785635,0.0],[-79.37082096282063,-2.576113641333741,0.0],[-79.37061079261557,-2.576745057846179,0.0],[-79.3708761156964,-2.57764507535637,0.0],[-79.37140922078625,-2.577511766713228,0.0],[-79.37228555843302,-2.576881205139029,0.0],[-79.37245754014195,-2.576345448548919,0.0],[-79.37251527211207,-2.575847829755683,0.0],[-79.37276348319722,-2.57523560247351,0.0],[-79.37405966896459,-2.573725042478594,0.0],[-79.37461168503246,-2.573687466242985,0.0],[-79.37518297636669,-2.573458492838605,0.0],[-79.37603904144552,-2.573804146860327,0.0],[-79.37683839481828,-2.573843453922509,0.0],[-79.37718203603596,-2.573020783952842,0.0],[-79.37718298000458,-2.572274243065105,0.0],[-79.37686021171066,-2.571642141537991,0.0],[-79.37676567465178,-2.571144325712621,0.0],[-79.37691859481036,-2.570627684782868,0.0],[-79.37752848283941,-2.569977632830796,0.0],[-79.37869026457014,-2.569385710803741,0.0],[-79.37869086829116,-2.568907159425217,0.0],[-79.37861521868213,-2.568524219928411,0.0],[-79.37884376284877,-2.568409659024212,0.0],[-79.37964292113396,-2.568602099257731,0.0],[-79.38002298435387,-2.569081137151995,0.0],[-79.38047927785408,-2.569483703626621,0.0],[-79.38089791539217,-2.569560805907135,0.0],[-79.38127942617575,-2.568891317128152,0.0],[-79.38101375489516,-2.568259287695258,0.0],[-79.38069071870194,-2.567837749836125,0.0],[-79.38038645107052,-2.567626798628154,0.0],[-79.38017756661971,-2.567243690134557,0.0],[-79.37932198425833,-2.566515199349254,0.0],[-79.37871308761733,-2.566380428511124,0.0],[-79.37833227737667,-2.566494795489423,0.0],[-79.37774166635616,-2.566953452809321,0.0],[-79.37711284385365,-2.567526913166769,0.0],[-79.37621575079243,-2.567583194806273,0.0]]]}},{"type":"Feature","properties":{"fcode":"EA010","descr":"PRODUCTO AGRICOLA, RESULTADO DE UN CONJUNTO DE TECNICAS Y CONOCIMIENTOS PARA CULTIVAR LA TIERRA","DPA_DESPRO":"AZUAY","DPA_DESCAN":"CUENCA","niv1":"TIERRA AGROPECUARIA","niv2":"CULTIVO","niv3":"CULTIVO PERMANENTE","niv4":"FRUTALES","niv5":"CACAO","LULC_std":"Cacao","label":"Cacao","cbt":"CACAO","uso":"AGRICOLA","tmp":"CULTIVO PERMANENTE","nal":"NO APLICABLE","tap":"MEDIANA","rie":"NO","spr":"MERCANTIL","sce":17.3879606434,"usce":"HECTAREAS","txt":"EL CODIGO (fcode) Y LA DESCRIPCION (descr) CORRESPONDEN A LOS OBJETOS GEOGRAFICOS DEL ATRIBUTO niv2","simbologia":"CPuc: Cacao","SHAPE_Leng":2101.04192042,"SHAPE_Area":173879.606434,"apt_uso":1,"area_ha":17.3879606434,"cob_suelo":"Cacao","cacao_sys":"Cacao_alim_sin50b","observ":null,"cob_label":"Cacao sin cultivos alimentarios próximos","grupo_c":"Cultivos de exclusivos de cacao"},"geometry":{"type":"Polygon","coordinates":[[[-79.37021417618415,-2.563577512226387,0.0],[-79.37043027894204,-2.56375185195386,0.0],[-79.37071570412829,-2.563809643218262,0.0],[-79.37083021165262,-2.563565728328507,0.0],[-79.37085948764567,-2.562991504847921,0.0],[-79.37091689562621,-2.562747516851835,0.0],[-79.37121664999921,-2.562762257596621,0.0],[-79.37158812339284,-2.562504314540245,0.0],[-79.37198850908493,-2.561959278043012,0.0],[-79.37281746652324,-2.561156370292418,0.0],[-79.3730743773184,-2.561185411291121,0.0],[-79.37327408100649,-2.561300518341727,0.0],[-79.3734736570348,-2.561516121764029,0.0],[-79.37358081014887,-2.561840793661568,0.0],[-79.37414496342276,-2.561657250009327,0.0],[-79.37432360772321,-2.561492377425102,0.0],[-79.374452443441,-2.56120541032705,0.0],[-79.37478141733509,-2.560688993903061,0.0],[-79.37485314437772,-2.560409132560807,0.0],[-79.37471067642835,-2.560186424298361,0.0],[-79.37474784629829,-2.559009233560662,0.0],[-79.37483383880284,-2.558736569048218,0.0],[-79.37477710113095,-2.55844936527045,0.0],[-79.37466323706896,-2.558183623988246,0.0],[-79.37434955190885,-2.557896092954156,0.0],[-79.37354344004558,-2.557564865849333,0.0],[-79.37331511562316,-2.557507148793293,0.0],[-79.37300094255637,-2.557607243972631,0.0],[-79.37261058463143,-2.55740777269518,0.0],[-79.37245497194725,-2.557667861715593,0.0],[-79.3720539127303,-2.558748877010906,0.0],[-79.37126239593069,-2.56004952555136,0.0],[-79.37126203330892,-2.560336655174678,0.0],[-79.37102375644082,-2.560623481713201,0.0],[-79.37077575759795,-2.561073003021017,0.0],[-79.37087971415795,-2.561647396855832,0.0],[-79.37080314590894,-2.561991855887329,0.0],[-79.37019327407292,-2.562632333353331,0.0],[-79.37021417618415,-2.563577512226387,0.0]]]}},{"type":"Feature","properties":{"fcode":"EA010","descr":"PRODUCTO AGRICOLA, RESULTADO DE UN CONJUNTO DE TECNICAS Y CONOCIMIENTOS PARA CULTIVAR LA TIERRA","DPA_DESPRO":"AZUAY","DPA_DESCAN":"CUENCA","niv1":"TIERRA AGROPECUARIA","niv2":"CULTIVO","niv3":"CULTIVO PERMANENTE","niv4":"FRUTALES","niv5":"CACAO","LULC_std":"Cacao","label":"Cacao","cbt":"CACAO","uso":"AGRICOLA","tmp":"CULTIVO PERMANENTE","nal":"NO APLICABLE","tap":"MEDIANA","rie":"NO","spr":"MERCANTIL","sce":39.6808872021,"usce":"HECTAREAS","txt":"EL CODIGO (fcode) Y LA DESCRIPCION (descr) CORRESPONDEN A LOS OBJETOS GEOGRAFICOS DEL ATRIBUTO niv2","simbologia":"CPuc: Cacao","SHAPE_Leng":4110.05268888,"SHAPE_Area":396808.872021,"apt_uso":1,"area_ha":39.6808872021,"cob_suelo":"Cacao","cacao_sys":"Cacao_alim_con50b","observ":null,"cob_label":"Cacao próximo a cultivos alimentarios","grupo_c":"Cultivos mixtos de cacao"},"geometry":{"type":"Polygon","coordinates":[[[-79.39082976574542,-2.561021634080679,0.0],[-79.39187612096363,-2.56140580015699,0.0],[-79.39248525873597,-2.561349141117716,0.0],[-79.39297156624848,-2.561028250283403,0.0],[-79.39360803535031,-2.561503695147955,0.0],[-79.39417917971423,-2.561389561625939,0.0],[-79.39459776999489,-2.561504942344292,0.0],[-79.39497846092246,-2.561486279329368,0.0],[-79.39537837616365,-2.561314502833089,0.0],[-79.39587336333257,-2.561219414150857,0.0],[-79.39615879186479,-2.561277200986756,0.0],[-79.39657712167393,-2.561603146109785,0.0],[-79.39684377955219,-2.561450343020709,0.0],[-79.3969393744408,-2.561105901900322,0.0],[-79.39699714082938,-2.560569990380305,0.0],[-79.39714971739609,-2.560321332665495,0.0],[-79.39703575535037,-2.560129766597089,0.0],[-79.39669289284649,-2.560339900829352,0.0],[-79.39640727397041,-2.560435252539055,0.0],[-79.39602665364559,-2.560396489560195,0.0],[-79.39595097243223,-2.560032691499595,0.0],[-79.39654152996327,-2.559612303669093,0.0],[-79.39699856829532,-2.559421455424033,0.0],[-79.39711310204473,-2.559153607262072,0.0],[-79.39694208674428,-2.558923684460118,0.0],[-79.39648500105703,-2.559152817824746,0.0],[-79.39604730586204,-2.559094840797656,0.0],[-79.39578076766495,-2.559151932331667,0.0],[-79.39534271552492,-2.559381088139555,0.0],[-79.3953234200033,-2.559591629034438,0.0],[-79.39557063895188,-2.559764221096256,0.0],[-79.39539898199322,-2.560051138629416,0.0],[-79.39465630003824,-2.560356480658621,0.0],[-79.39437072896062,-2.560413547727052,0.0],[-79.39412374770056,-2.560049533234408,0.0],[-79.39299267462596,-2.560331063301281,0.0],[-79.39284861052117,-2.559971357545001,0.0],[-79.39484822937908,-2.559074189955209,0.0],[-79.39431644031335,-2.558154692091887,0.0],[-79.39287362536149,-2.555166684468049,0.0],[-79.39240310590833,-2.553930207356017,0.0],[-79.39097092069673,-2.554666591834606,0.0],[-79.39049487530669,-2.554838271999969,0.0],[-79.38933637456348,-2.555407140821286,0.0],[-79.38940148060439,-2.555547196249792,0.0],[-79.38989113313157,-2.55591151534159,0.0],[-79.38998408354809,-2.556031096027712,0.0],[-79.38956026687265,-2.556425898629023,0.0],[-79.38866503639329,-2.556960751261902,0.0],[-79.38853453923987,-2.557084392677726,0.0],[-79.38872137156578,-2.557573373375947,0.0],[-79.3894048491243,-2.558952475570553,0.0],[-79.38974737574173,-2.559010334530207,0.0],[-79.39022339906352,-2.558857797249049,0.0],[-79.39060365864671,-2.559183694852877,0.0],[-79.38982226656819,-2.560005824625526,0.0],[-79.3901638385559,-2.560829371050151,0.0],[-79.39082976574542,-2.561021634080679,0.0]]]}},{"type":"Feature","properties":{"fcode":"EA010","descr":"PRODUCTO AGRICOLA, RESULTADO DE UN CONJUNTO DE TECNICAS Y CONOCIMIENTOS PARA CULTIVAR LA TIERRA","DPA_DESPRO":"AZUAY","DPA_DESCAN":"CUENCA","niv1":"TIERRA AGROPECUARIA","niv2":"CULTIVO","niv3":"CULTIVO PERMANENTE","niv4":"FRUTALES","niv5":"CACAO","LULC_std":"Cacao","label":"Cacao","cbt":"CACAO","uso":"AGRICOLA","tmp":"CULTIVO PERMANENTE","nal":"NO APLICABLE","tap":"MEDIANA","rie":"NO","spr":"MERCANTIL","sce":22.6963649328,"usce":"HECTAREAS","txt":"EL CODIGO (fcode) Y LA DESCRIPCION (descr) CORRESPONDEN A LOS OBJETOS GEOGRAFICOS DEL ATRIBUTO niv2","simbologia":"CPuc: Cacao","SHAPE_Leng":3087.9580128,"SHAPE_Area":226963.649328,"apt_uso":1,"area_ha":22.6963649328,"cob_suelo":"Cacao","cacao_sys":"Cacao_alim_con50b","observ":null,"cob_label":"Cacao próximo a cultivos alimentarios","grupo_c":"Cultivos mixtos de cacao"},"geometry":{"type":"Polygon","coordinates":[[[-79.39245646481156,-2.553902772087846,0.0],[-79.39308762866051,-2.554327184443318,0.0],[-79.39361077477528,-2.554543192104374,0.0],[-79.39423994279971,-2.555596807336323,0.0],[-79.39472772994642,-2.555549564579416,0.0],[-79.39542977575206,-2.555394916148964,0.0],[-79.39560846537479,-2.555191753261294,0.0],[-79.39566831572076,-2.554892731106363,0.0],[-79.39583498988979,-2.554785264832337,0.0],[-79.39606108456003,-2.554725729013455,0.0],[-79.396489288797,-2.55476215861781,0.0],[-79.39690549363814,-2.554882319325644,0.0],[-79.39715505320662,-2.555086019902177,0.0],[-79.39752296264376,-2.555780389383047,0.0],[-79.39780807585473,-2.556091809358277,0.0],[-79.39811724847164,-2.556187909106534,0.0],[-79.39896897180094,-2.555983278005275,0.0],[-79.39891126182576,-2.555691184479773,0.0],[-79.39830309721523,-2.55496301450825,0.0],[-79.3979615178717,-2.554139466975754,0.0],[-79.39753705176297,-2.553396892375798,0.0],[-79.39683484785442,-2.553314860311857,0.0],[-79.39643512557305,-2.55333350064994,0.0],[-79.39588271048024,-2.553696511410169,0.0],[-79.39534916145831,-2.554193540462878,0.0],[-79.395044604962,-2.554212300568509,0.0],[-79.39382835557545,-2.552698534122325,0.0],[-79.39413329086105,-2.552373498678301,0.0],[-79.3955806471857,-2.551705335366311,0.0],[-79.39621962234229,-2.551144236361922,0.0],[-79.39525363578878,-2.549492503930178,0.0],[-79.39129945637747,-2.55215524865707,0.0],[-79.3913547522494,-2.552121157971191,0.0],[-79.39245646481156,-2.553902772087846,0.0]]]}},{"type":"Feature","properties":{"fcode":"EA010","descr":"PRODUCTO AGRICOLA, RESULTADO DE UN CONJUNTO DE TECNICAS Y CONOCIMIENTOS PARA CULTIVAR LA TIERRA","DPA_DESPRO":"AZUAY","DPA_DESCAN":"CUENCA","niv1":"TIERRA AGROPECUARIA","niv2":"CULTIVO","niv3":"CULTIVO PERMANENTE","niv4":"FRUTALES","niv5":"CACAO","LULC_std":"Cacao","label":"Cacao","cbt":"CACAO","uso":"AGRICOLA","tmp":"CULTIVO PERMANENTE","nal":"NO APLICABLE","tap":"MEDIANA","rie":"NO","spr":"MERCANTIL","sce":11.2387075295,"usce":"HECTAREAS","txt":"EL CODIGO (fcode) Y LA DESCRIPCION (descr) CORRESPONDEN A LOS OBJETOS GEOGRAFICOS DEL ATRIBUTO niv2","simbologia":"CPuc: Cacao","SHAPE_Leng":1412.16469351,"SHAPE_Area":112387.075295,"apt_uso":1,"area_ha":11.2387075295,"cob_suelo":"Cacao","cacao_sys":"Cacao_alim_sin50b","observ":null,"cob_label":"Cacao sin cultivos alimentarios próximos","grupo_c":"Cultivos de exclusivos de cacao"},"geometry":{"type":"Polygon","coordinates":[[[-79.41845787592071,-2.549640345185766,0.0],[-79.417453053064,-2.550135455630933,0.0],[-79.41688131294386,-2.550737736326795,0.0],[-79.41648127846891,-2.551010021981213,0.0],[-79.41623772360578,-2.551727562618341,0.0],[-79.41630876490765,-2.552000431116557,0.0],[-79.41749359615824,-2.55200189750727,0.0],[-79.418192723407,-2.552289899891382,0.0],[-79.41860666584144,-2.552319125452945,0.0],[-79.41903526941489,-2.552032517580746,0.0],[-79.41953484478894,-2.552076205487017,0.0],[-79.41997744278547,-2.552019324894929,0.0],[-79.42022066317612,-2.551574562034893,0.0],[-79.42022099617127,-2.551301781379276,0.0],[-79.42030690937209,-2.551086534684123,0.0],[-79.42106413725399,-2.550556264682287,0.0],[-79.419566347527,-2.549033098538044,0.0],[-79.41850991556626,-2.549720412558691,0.0],[-79.41845787592071,-2.549640345185766,0.0]]]}},{"type":"Feature","properties":{"fcode":"EA010","descr":"PRODUCTO AGRICOLA, RESULTADO DE UN CONJUNTO DE TECNICAS Y CONOCIMIENTOS PARA CULTIVAR LA TIERRA","DPA_DESPRO":"GUAYAS","DPA_DESCAN":"NARANJAL","niv1":"TIERRA AGROPECUARIA","niv2":"CULTIVO","niv3":"CULTIVO PERMANENTE","niv4":"FRUTALES","niv5":"CACAO","LULC_std":"Cacao","label":"Cacao","cbt":"CACAO","uso":"AGRICOLA","tmp":"CULTIVO PERMANENTE","nal":"NO APLICABLE","tap":"MEDIANA","rie":"NO","spr":"MERCANTIL","sce":0.27404013107,"usce":"HECTAREAS","txt":"EL CODIGO (fcode) Y LA DESCRIPCION (descr) CORRESPONDEN A LOS OBJETOS GEOGRAFICOS DEL ATRIBUTO niv2","simbologia":"CPuc: Cacao","SHAPE_Leng":334.791500525,"SHAPE_Area":2740.4013107,"apt_uso":1,"area_ha":0.27404013107,"cob_suelo":"Cacao","cacao_sys":"Cacao_alim_sin50b","observ":null,"cob_label":"Cacao sin cultivos alimentarios próximos","grupo_c":"Cultivos de exclusivos de cacao"},"geometry":{"type":"Polygon","coordinates":[[[-79.42499776296171,-2.564166360750541,0.0],[-79.42545071644109,-2.564177909148257,0.0],[-79.42565062332056,-2.564135085722058,0.0],[-79.42593621079986,-2.563969930847222,0.0],[-79.42533933138466,-2.564018562361818,0.0],[-79.42499775461333,-2.563426865149674,0.0],[-79.42499776296171,-2.564166360750541,0.0]]]}},{"type":"Feature","properties":{"fcode":"EA010","descr":"PRODUCTO AGRICOLA, RESULTADO DE UN CONJUNTO DE TECNICAS Y CONOCIMIENTOS PARA CULTIVAR LA TIERRA","DPA_DESPRO":"AZUAY","DPA_DESCAN":"CUENCA","niv1":"TIERRA AGROPECUARIA","niv2":"CULTIVO","niv3":"CULTIVO PERMANENTE","niv4":"FRUTALES","niv5":"CACAO","LULC_std":"Cacao","label":"Cacao","cbt":"CACAO","uso":"AGRICOLA","tmp":"CULTIVO PERMANENTE","nal":"NO APLICABLE","tap":"MEDIANA","rie":"NO","spr":"MERCANTIL","sce":15.4656069328,"usce":"HECTAREAS","txt":"EL CODIGO (fcode) Y LA DESCRIPCION (descr) CORRESPONDEN A LOS OBJETOS GEOGRAFICOS DEL ATRIBUTO niv2","simbologia":"CPuc: Cacao","SHAPE_Leng":1516.62889392,"SHAPE_Area":154656.069328,"apt_uso":1,"area_ha":15.4656069328,"cob_suelo":"Cacao","cacao_sys":"Cacao_alim_sin50b","observ":null,"cob_label":"Cacao sin cultivos alimentarios próximos","grupo_c":"Cultivos de exclusivos de cacao"},"geometry":{"type":"Polygon","coordinates":[[[-79.42294767941958,-2.551190290160585,0.0],[-79.42364998805988,-2.551822337130388,0.0],[-79.42634346624051,-2.549970750942058,0.0],[-79.42589892914418,-2.548672961915816,0.0],[-79.42548447254038,-2.547152595713075,0.0],[-79.4239658064193,-2.547415678723878,0.0],[-79.423680165933,-2.54753018238534,0.0],[-79.42323702746663,-2.54803212860272,0.0],[-79.4226653598906,-2.548576986781554,0.0],[-79.42225070078304,-2.549136395624199,0.0],[-79.42189340478025,-2.549480520064417,0.0],[-79.4226056541085,-2.550716091038813,0.0],[-79.42294767941958,-2.551190290160585,0.0]]]}},{"type":"Feature","properties":{"fcode":"EA010","descr":"PRODUCTO AGRICOLA, RESULTADO DE UN CONJUNTO DE TECNICAS Y CONOCIMIENTOS PARA CULTIVAR LA TIERRA","DPA_DESPRO":"AZUAY","DPA_DESCAN":"CUENCA","niv1":"TIERRA AGROPECUARIA","niv2":"CULTIVO","niv3":"CULTIVO PERMANENTE","niv4":"FRUTALES","niv5":"CACAO","LULC_std":"Cacao","label":"Cacao","cbt":"CACAO","uso":"AGRICOLA","tmp":"CULTIVO PERMANENTE","nal":"NO APLICABLE","tap":"MEDIANA","rie":"NO","spr":"MERCANTIL","sce":103.031759961,"usce":"HECTAREAS","txt":"EL CODIGO (fcode) Y LA DESCRIPCION (descr) CORRESPONDEN A LOS OBJETOS GEOGRAFICOS DEL ATRIBUTO niv2","simbologia":"CPuc: Cacao","SHAPE_Leng":7691.3042899,"SHAPE_Area":1030300.02444,"apt_uso":1,"area_ha":103.030002444,"cob_suelo":"Cacao","cacao_sys":"Cacao_alim_sin50b","observ":null,"cob_label":"Cacao sin cultivos alimentarios próximos","grupo_c":"Cultivos de exclusivos de cacao"},"geometry":{"type":"Polygon","coordinates":[[[-79.35990015662449,-2.554839353309596,0.0],[-79.35986879990992,-2.55509940443035,0.0],[-79.35996339052316,-2.555210680308406,0.0],[-79.36009615953976,-2.555574547156292,0.0],[-79.36017178123078,-2.555976625066662,0.0],[-79.36034251860114,-2.556417109547266,0.0],[-79.3605515411818,-2.556685364294174,0.0],[-79.36068440749384,-2.556972664384041,0.0],[-79.3603790051385,-2.557661382480616,0.0],[-79.36039699189922,-2.558484508601454,0.0],[-79.36052956623604,-2.559001511264974,0.0],[-79.36075740331233,-2.559442069406563,0.0],[-79.36083275709046,-2.560054707857151,0.0],[-79.36113689591556,-2.560361370549676,0.0],[-79.36161315962242,-2.560017427321296,0.0],[-79.36201331518718,-2.55965424377831,0.0],[-79.36287006881138,-2.559444783022982,0.0],[-79.36320787859013,-2.559062082597772,0.0],[-79.36344137523122,-2.559196669924309,0.0],[-79.36414540315624,-2.559350709141523,0.0],[-79.3650201471854,-2.559964374557528,0.0],[-79.36532377806085,-2.560673017156942,0.0],[-79.36560871638278,-2.561113647995309,0.0],[-79.36562704500119,-2.561668789603742,0.0],[-79.36598806747288,-2.562147802669827,0.0],[-79.36633025095622,-2.562473655374583,0.0],[-79.36684375659303,-2.562780585510089,0.0],[-79.36743366205513,-2.562877051274151,0.0],[-79.36745230640932,-2.563183347875782,0.0],[-79.36726136858775,-2.563661653473404,0.0],[-79.3670134040517,-2.564082459003341,0.0],[-79.36661336814193,-2.564349933867045,0.0],[-79.36600121199324,-2.564256706166308,0.0],[-79.36588996319682,-2.564463857155679,0.0],[-79.36587022605924,-2.565018949964057,0.0],[-79.36611738943682,-2.565229829422371,0.0],[-79.36605973116885,-2.565670020950611,0.0],[-79.36594516697973,-2.565957004025548,0.0],[-79.36554493658974,-2.566377613073748,0.0],[-79.36525732052219,-2.56681656741331,0.0],[-79.36554415830899,-2.566990155962299,0.0],[-79.36546763626642,-2.567296329085139,0.0],[-79.36518196806205,-2.567429955746535,0.0],[-79.36470613861555,-2.56742934383692,0.0],[-79.36461935708672,-2.567611235896897,0.0],[-79.36729877780033,-2.567611151847953,0.0],[-79.36733284213392,-2.566935621943606,0.0],[-79.36746675464649,-2.566399817557426,0.0],[-79.36767627764306,-2.566275663957287,0.0],[-79.36786733774544,-2.565701648159926,0.0],[-79.36855307748897,-2.565271832237714,0.0],[-79.36868669787478,-2.564965731562112,0.0],[-79.36874418535778,-2.56465953325963,0.0],[-79.36895379284978,-2.564468381751246,0.0],[-79.36929662033121,-2.56428697151972,0.0],[-79.36975387673222,-2.563923858158621,0.0],[-79.36994495931354,-2.563330699850564,0.0],[-79.36992641034746,-2.562947835660129,0.0],[-79.36986171359229,-2.562741713884986,0.0],[-79.36922231555866,-2.563243041565652,0.0],[-79.36870827533559,-2.563357235100105,0.0],[-79.36836512081865,-2.563797061554107,0.0],[-79.36798460362131,-2.563681722029994,0.0],[-79.36853785010292,-2.562667904626037,0.0],[-79.36897711395486,-2.561481661765617,0.0],[-79.36941710241443,-2.559721157685022,0.0],[-79.36915721869885,-2.558443685623313,0.0],[-79.36897555623469,-2.558456318633035,0.0],[-79.36721885341522,-2.555130444896927,0.0],[-79.36660553521607,-2.555506319553162,0.0],[-79.36609154647078,-2.555582230330507,0.0],[-79.36534952643244,-2.555370719791078,0.0],[-79.36498785066259,-2.555408540516744,0.0],[-79.36444537654212,-2.555601741878494,0.0],[-79.36432203516051,-2.555139700360388,0.0],[-79.36398012073005,-2.554603287088663,0.0],[-79.36401850125795,-2.554354490730092,0.0],[-79.36542815180768,-2.55339919455371,0.0],[-79.36606040568157,-2.553131467651748,0.0],[-79.3645175201058,-2.550568901572396,0.0],[-79.36416243017726,-2.549161512391424,0.0],[-79.36249243226489,-2.545525660177846,0.0],[-79.36245358065156,-2.545529533605155,0.0],[-79.36192756475964,-2.544554544646931,0.0],[-79.36192749960662,-2.551176944693805,0.0],[-79.36096242074318,-2.552792411285057,0.0],[-79.36028935113741,-2.553523491029048,0.0],[-79.36033839259315,-2.553840133277658,0.0],[-79.36005850676241,-2.554625046704347,0.0],[-79.35990015662449,-2.554839353309596,0.0]]]}},{"type":"Feature","properties":{"fcode":"EA010","descr":"PRODUCTO AGRICOLA, RESULTADO DE UN CONJUNTO DE TECNICAS Y CONOCIMIENTOS PARA CULTIVAR LA TIERRA","DPA_DESPRO":"AZUAY","DPA_DESCAN":"CUENCA","niv1":"TIERRA AGROPECUARIA","niv2":"CULTIVO","niv3":"CULTIVO PERMANENTE","niv4":"FRUTALES","niv5":"CACAO","LULC_std":"Cacao","label":"Cacao","cbt":"CACAO","uso":"AGRICOLA","tmp":"CULTIVO PERMANENTE","nal":"NO APLICABLE","tap":"MEDIANA","rie":"NO","spr":"MERCANTIL","sce":6.51669211676,"usce":"HECTAREAS","txt":"EL CODIGO (fcode) Y LA DESCRIPCION (descr) CORRESPONDEN A LOS OBJETOS GEOGRAFICOS DEL ATRIBUTO niv2","simbologia":"CPuc: Cacao","SHAPE_Leng":1270.03144456,"SHAPE_Area":65166.9211676,"apt_uso":1,"area_ha":6.51669211676,"cob_suelo":"Cacao","cacao_sys":"Cacao_alim_sin50b","observ":null,"cob_label":"Cacao sin cultivos alimentarios próximos","grupo_c":"Cultivos de exclusivos de cacao"},"geometry":{"type":"Polygon","coordinates":[[[-79.37127509761743,-2.544199068281307,0.0],[-79.37131451122838,-2.544638748500343,0.0],[-79.3720995734151,-2.544675636735593,0.0],[-79.3749407894136,-2.546360237804881,0.0],[-79.37524322266546,-2.545909501271151,0.0],[-79.37556764580421,-2.545220796702999,0.0],[-79.37575577900347,-2.544995774318101,0.0],[-79.37570674571407,-2.544808521040167,0.0],[-79.37577815911803,-2.544199048615535,0.0],[-79.37127509761743,-2.544199068281307,0.0]]]}},{"type":"Feature","properties":{"fcode":"EA010","descr":"PRODUCTO AGRICOLA, RESULTADO DE UN CONJUNTO DE TECNICAS Y CONOCIMIENTOS PARA CULTIVAR LA TIERRA","DPA_DESPRO":"AZUAY","DPA_DESCAN":"CUENCA","niv1":"TIERRA AGROPECUARIA","niv2":"CULTIVO","niv3":"CULTIVO PERMANENTE","niv4":"FRUTALES","niv5":"CACAO","LULC_std":"Cacao","label":"Cacao","cbt":"CACAO","uso":"AGRICOLA","tmp":"CULTIVO PERMANENTE","nal":"NO APLICABLE","tap":"PEQUENA","rie":"SI","spr":"MERCANTIL","sce":1.44975766418,"usce":"HECTAREAS","txt":"EL CODIGO (fcode) Y LA DESCRIPCION (descr) CORRESPONDEN A LOS OBJETOS GEOGRAFICOS DEL ATRIBUTO niv2","simbologia":"CPuc: Cacao","SHAPE_Leng":551.178004003,"SHAPE_Area":14497.5766418,"apt_uso":1,"area_ha":1.44975766418,"cob_suelo":"Cacao","cacao_sys":"Cacao_alim_sin50b","observ":null,"cob_label":"Cacao sin cultivos alimentarios próximos","grupo_c":"Cultivos de exclusivos de cacao"},"geometry":{"type":"Polygon","coordinates":[[[-79.42499769599323,-2.558520881192774,0.0],[-79.42499767930276,-2.55726178032744,0.0],[-79.42327240116786,-2.558101937069793,0.0],[-79.42428100339656,-2.558454461992929,0.0],[-79.42499769599323,-2.558520881192774,0.0]]]}},{"type":"Feature","properties":{"fcode":"EA010","descr":"PRODUCTO AGRICOLA, RESULTADO DE UN CONJUNTO DE TECNICAS Y CONOCIMIENTOS PARA CULTIVAR LA TIERRA","DPA_DESPRO":"AZUAY","DPA_DESCAN":"CUENCA","niv1":"TIERRA AGROPECUARIA","niv2":"CULTIVO","niv3":"CULTIVO PERMANENTE","niv4":"FRUTALES","niv5":"CACAO","LULC_std":"Cacao","label":"Cacao","cbt":"CACAO","uso":"AGRICOLA","tmp":"CULTIVO PERMANENTE","nal":"NO APLICABLE","tap":"PEQUENA","rie":"SI","spr":"MERCANTIL","sce":13.7306615382,"usce":"HECTAREAS","txt":"EL CODIGO (fcode) Y LA DESCRIPCION (descr) CORRESPONDEN A LOS OBJETOS GEOGRAFICOS DEL ATRIBUTO niv2","simbologia":"CPuc: Cacao","SHAPE_Leng":1751.5820434,"SHAPE_Area":137306.615382,"apt_uso":1,"area_ha":13.7306615382,"cob_suelo":"Cacao","cacao_sys":"Cacao_alim_sin50b","observ":null,"cob_label":"Cacao sin cultivos alimentarios próximos","grupo_c":"Cultivos de exclusivos de cacao"},"geometry":{"type":"Polygon","coordinates":[[[-79.42452373070618,-2.554901835181126,0.0],[-79.4250897281711,-2.555745769037928,0.0],[-79.42514568289383,-2.555732750883303,0.0],[-79.42566300638518,-2.555510189901112,0.0],[-79.42625279809617,-2.555001213101165,0.0],[-79.42657855925913,-2.554580448619749,0.0],[-79.42712759925197,-2.553714465312884,0.0],[-79.42739389217924,-2.553465367249631,0.0],[-79.42828580187206,-2.553095638111024,0.0],[-79.42828597387623,-2.549767324869181,0.0],[-79.42605455572172,-2.552020874528761,0.0],[-79.42566241011231,-2.552477550527247,0.0],[-79.42392369684876,-2.55412397895608,0.0],[-79.42452373070618,-2.554901835181126,0.0]]]}},{"type":"Feature","properties":{"fcode":"EA010","descr":"PRODUCTO AGRICOLA, RESULTADO DE UN CONJUNTO DE TECNICAS Y CONOCIMIENTOS PARA CULTIVAR LA TIERRA","DPA_DESPRO":"GUAYAS","DPA_DESCAN":"NARANJAL","niv1":"TIERRA AGROPECUARIA","niv2":"CULTIVO","niv3":"CULTIVO PERMANENTE","niv4":"FRUTALES","niv5":"CACAO","LULC_std":"Cacao","label":"Cacao","cbt":"CACAO","uso":"AGRICOLA","tmp":"CULTIVO PERMANENTE","nal":"NO APLICABLE","tap":"PEQUENA","rie":"SI","spr":"MERCANTIL","sce":0.0182428626567,"usce":"HECTAREAS","txt":"EL CODIGO (fcode) Y LA DESCRIPCION (descr) CORRESPONDEN A LOS OBJETOS GEOGRAFICOS DEL ATRIBUTO niv2","simbologia":"CPuc: Cacao","SHAPE_Leng":78.3721649125,"SHAPE_Area":182.428626567,"apt_uso":1,"area_ha":0.0182428626567,"cob_suelo":"Cacao","cacao_sys":"Cacao_alim_sin50b","observ":null,"cob_label":"Cacao sin cultivos alimentarios próximos","grupo_c":"Cultivos de exclusivos de cacao"},"geometry":{"type":"Polygon","coordinates":[[[-79.39095682566186,-2.529654170716781,0.0],[-79.3912892741424,-2.52965416921486,0.0],[-79.39115112975894,-2.52957541206393,0.0],[-79.39095682566186,-2.529654170716781,0.0]]]}},{"type":"Feature","properties":{"fcode":"EA010","descr":"PRODUCTO AGRICOLA, RESULTADO DE UN CONJUNTO DE TECNICAS Y CONOCIMIENTOS PARA CULTIVAR LA TIERRA","DPA_DESPRO":"AZUAY","DPA_DESCAN":"CUENCA","niv1":"TIERRA AGROPECUARIA","niv2":"CULTIVO","niv3":"CULTIVO PERMANENTE","niv4":"FRUTALES","niv5":"CACAO","LULC_std":"Cacao","label":"Cacao","cbt":"CACAO","uso":"AGRICOLA","tmp":"CULTIVO PERMANENTE","nal":"NO APLICABLE","tap":"PEQUENA","rie":"NO","spr":"MERCANTIL","sce":3.91629822496,"usce":"HECTAREAS","txt":"EL CODIGO (fcode) Y LA DESCRIPCION (descr) CORRESPONDEN A LOS OBJETOS GEOGRAFICOS DEL ATRIBUTO niv2","simbologia":"CPuc: Cacao","SHAPE_Leng":1388.44762261,"SHAPE_Area":39162.9822496,"apt_uso":1,"area_ha":3.91629822496,"cob_suelo":"Cacao","cacao_sys":"Cacao_alim_sin50b","observ":null,"cob_label":"Cacao sin cultivos alimentarios próximos","grupo_c":"Cultivos de exclusivos de cacao"},"geometry":{"type":"Polygon","coordinates":[[[-79.46439485244694,-2.618622767265214,0.0],[-79.46449730527799,-2.618808764821789,0.0],[-79.46441106274739,-2.619289623177472,0.0],[-79.4638684897541,-2.619353562145436,0.0],[-79.46379837745245,-2.618312581232717,0.0],[-79.46320587412443,-2.618347744362075,0.0],[-79.46327988546513,-2.619828844840058,0.0],[-79.46304024236457,-2.619867205462728,0.0],[-79.4630338385085,-2.620241081618476,0.0],[-79.46309006400038,-2.620474454552033,0.0],[-79.4635420507154,-2.6205497894377,0.0],[-79.46373807826441,-2.620771370707083,0.0],[-79.4639167227462,-2.6206130638269,0.0],[-79.46393414071984,-2.619761944605165,0.0],[-79.46410591032301,-2.619614397652914,0.0],[-79.46427730687317,-2.619546411796061,0.0],[-79.46444143899568,-2.619582507338481,0.0],[-79.46475538783176,-2.619686983627409,0.0],[-79.46490153036764,-2.619841502704503,0.0],[-79.46511577722006,-2.619755623760333,0.0],[-79.46524486639913,-2.619260460835738,0.0],[-79.46545582787249,-2.618941272971506,0.0],[-79.46562767514013,-2.61850359108596,0.0],[-79.4652817053294,-2.618316521473184,0.0],[-79.46523185205848,-2.618223138219903,0.0],[-79.4654444078784,-2.617741142635496,0.0],[-79.4652071515874,-2.61763772613321,0.0],[-79.46487153585254,-2.61809467688999,0.0],[-79.46471873237887,-2.618525203884954,0.0],[-79.4645996187875,-2.618644700331198,0.0],[-79.46439485244694,-2.618622767265214,0.0]]]}},{"type":"Feature","properties":{"fcode":"EA010","descr":"PRODUCTO AGRICOLA, RESULTADO DE UN CONJUNTO DE TECNICAS Y CONOCIMIENTOS PARA CULTIVAR LA TIERRA","DPA_DESPRO":"AZUAY","DPA_DESCAN":"CUENCA","niv1":"TIERRA AGROPECUARIA","niv2":"CULTIVO","niv3":"CULTIVO PERMANENTE","niv4":"FRUTALES","niv5":"CACAO","LULC_std":"Cacao","label":"Cacao","cbt":"CACAO","uso":"AGRICOLA","tmp":"CULTIVO PERMANENTE","nal":"NO APLICABLE","tap":"PEQUENA","rie":"NO","spr":"MERCANTIL","sce":31.9698934483,"usce":"HECTAREAS","txt":"EL CODIGO (fcode) Y LA DESCRIPCION (descr) CORRESPONDEN A LOS OBJETOS GEOGRAFICOS DEL ATRIBUTO niv2","simbologia":"CPuc: Cacao","SHAPE_Leng":5453.38496829,"SHAPE_Area":319698.934483,"apt_uso":1,"area_ha":31.9698934483,"cob_suelo":"Cacao","cacao_sys":"Cacao_alim_sin50b","observ":null,"cob_label":"Cacao sin cultivos alimentarios próximos","grupo_c":"Cultivos de exclusivos de cacao"},"geometry":{"type":"Polygon","coordinates":[[[-79.47171224483925,-2.607572240577795,0.0],[-79.47159332686176,-2.608314179843954,0.0],[-79.47091981383204,-2.608307759029845,0.0],[-79.47066588764022,-2.608940629932236,0.0],[-79.47024409287512,-2.609245848569502,0.0],[-79.47024388461007,-2.609418120904756,0.0],[-79.47035770217127,-2.609734090905723,0.0],[-79.47058589096177,-2.609906641626579,0.0],[-79.47087093750544,-2.610280247051816,0.0],[-79.47101368642737,-2.610280421575262,0.0],[-79.4712708768627,-2.610079751642775,0.0],[-79.47135701173437,-2.609677890047746,0.0],[-79.47181725486527,-2.609370129563246,0.0],[-79.47193358155722,-2.609617880057684,0.0],[-79.47214741843702,-2.609855015467544,0.0],[-79.4722112907956,-2.610156569204999,0.0],[-79.47193165644214,-2.611211392027665,0.0],[-79.471738268372,-2.611771039902524,0.0],[-79.4714816688001,-2.611974999755068,0.0],[-79.47201084567017,-2.612004359373047,0.0],[-79.47232468444702,-2.612177014860029,0.0],[-79.47244572683925,-2.612421213401509,0.0],[-79.47231881860094,-2.613093398143041,0.0],[-79.47218992785115,-2.613437783288211,0.0],[-79.47198531045422,-2.613663664864738,0.0],[-79.4721682069552,-2.613953484228296,0.0],[-79.47263643985349,-2.614122305174885,0.0],[-79.47276987143083,-2.614458965750082,0.0],[-79.47250923312426,-2.61481845946935,0.0],[-79.4722313808236,-2.614571958096789,0.0],[-79.47178148682129,-2.614765213764866,0.0],[-79.47173845356505,-2.61493743288255,0.0],[-79.47173759335125,-2.615648053417446,0.0],[-79.47152310347937,-2.61594926636566,0.0],[-79.47124453414757,-2.616121195995071,0.0],[-79.47081662545033,-2.615840729712561,0.0],[-79.47073139331374,-2.615496082762983,0.0],[-79.47086018058839,-2.615237832966371,0.0],[-79.47148184298379,-2.614657176651774,0.0],[-79.47148212968732,-2.614420302864255,0.0],[-79.4713093921251,-2.614054348090417,0.0],[-79.47068999432352,-2.614318840835508,0.0],[-79.470239969196,-2.614619765948794,0.0],[-79.4699182875987,-2.615028517399276,0.0],[-79.46966079111013,-2.615480413432586,0.0],[-79.46931774933587,-2.615846070391452,0.0],[-79.46921042676398,-2.616061278238264,0.0],[-79.46979942417862,-2.616647616897533,0.0],[-79.46981316053427,-2.617092707078883,0.0],[-79.46720766068916,-2.619278925459688,0.0],[-79.46721431472334,-2.619677345431654,0.0],[-79.46743510654028,-2.620079617418951,0.0],[-79.46714899323591,-2.620563821086781,0.0],[-79.46744128806822,-2.620865681030073,0.0],[-79.46766238560254,-2.621016703667482,0.0],[-79.4678451348051,-2.620658341310833,0.0],[-79.46810206303948,-2.619867442402855,0.0],[-79.46834055108954,-2.619413091414063,0.0],[-79.46854298652826,-2.61925780436421,0.0],[-79.46897140264852,-2.619150651469729,0.0],[-79.46985226052713,-2.618744945299725,0.0],[-79.47006665663552,-2.618535997920459,0.0],[-79.47014101221492,-2.618536089163608,0.0],[-79.47027139007726,-2.618937637849768,0.0],[-79.47033083428514,-2.618970612474882,0.0],[-79.47062248034757,-2.618827398529833,0.0],[-79.47074160461536,-2.618698927843019,0.0],[-79.47095250825761,-2.618234496769658,0.0],[-79.47110261717026,-2.618062393732038,0.0],[-79.47119543000274,-2.618048150341888,0.0],[-79.47162355887079,-2.618177889844171,0.0],[-79.47188029570678,-2.61837202700822,0.0],[-79.47197202184303,-2.618568879495248,0.0],[-79.47233686413604,-2.618595123426627,0.0],[-79.47235066605285,-2.618688188507423,0.0],[-79.47223114677165,-2.619142687026631,0.0],[-79.4722307552579,-2.619465723792894,0.0],[-79.47238749124381,-2.619681648212242,0.0],[-79.47253872894782,-2.619271329117354,0.0],[-79.4729062996076,-2.618989798779927,0.0],[-79.47309777765606,-2.618543610891394,0.0],[-79.47309777765929,-2.60757194419937,0.0],[-79.47171224483925,-2.607572240577795,0.0]]]}},{"type":"Feature","properties":{"fcode":"EA010","descr":"PRODUCTO AGRICOLA, RESULTADO DE UN CONJUNTO DE TECNICAS Y CONOCIMIENTOS PARA CULTIVAR LA TIERRA","DPA_DESPRO":"AZUAY","DPA_DESCAN":"CUENCA","niv1":"TIERRA AGROPECUARIA","niv2":"CULTIVO","niv3":"CULTIVO PERMANENTE","niv4":"FRUTALES","niv5":"CACAO","LULC_std":"Cacao","label":"Cacao","cbt":"CACAO","uso":"AGRICOLA","tmp":"CULTIVO PERMANENTE","nal":"NO APLICABLE","tap":"PEQUENA","rie":"NO","spr":"MERCANTIL","sce":11.6891821958,"usce":"HECTAREAS","txt":"EL CODIGO (fcode) Y LA DESCRIPCION (descr) CORRESPONDEN A LOS OBJETOS GEOGRAFICOS DEL ATRIBUTO niv2","simbologia":"CPuc: Cacao","SHAPE_Leng":1861.08393535,"SHAPE_Area":116891.821958,"apt_uso":1,"area_ha":11.6891821958,"cob_suelo":"Cacao","cacao_sys":"Cacao_alim_sin50b","observ":null,"cob_label":"Cacao sin cultivos alimentarios próximos","grupo_c":"Cultivos de exclusivos de cacao"},"geometry":{"type":"Polygon","coordinates":[[[-79.42430853629183,-2.593744981462593,0.0],[-79.42401530180574,-2.593775607064939,0.0],[-79.4236820265265,-2.593918758356176,0.0],[-79.42332686765212,-2.594669006031259,0.0],[-79.42285518572544,-2.595100355107524,0.0],[-79.42276247732546,-2.595586548872562,0.0],[-79.4227617848197,-2.596145007661433,0.0],[-79.42269176661421,-2.596633572126976,0.0],[-79.42282998474381,-2.597122397851835,0.0],[-79.4228739783639,-2.597143768126965,0.0],[-79.42285839143123,-2.597319355342839,0.0],[-79.42297187109514,-2.59747191920402,0.0],[-79.42299062649009,-2.597624363305376,0.0],[-79.42336880518715,-2.597718355924704,0.0],[-79.42361113509712,-2.598005798121034,0.0],[-79.42355374774046,-2.598235436852878,0.0],[-79.42318243866633,-2.598349825807674,0.0],[-79.4231965895607,-2.598450341597855,0.0],[-79.42351043910571,-2.598623017830517,0.0],[-79.42412464822759,-2.598336651107172,0.0],[-79.42438155579183,-2.598380043927448,0.0],[-79.42466712232205,-2.598337331412008,0.0],[-79.42479551385071,-2.598409276753293,0.0],[-79.4248667139508,-2.598552934751389,0.0],[-79.42488452511643,-2.598903555088271,0.0],[-79.42499784161998,-2.598903697177694,0.0],[-79.4249978705157,-2.592314003059559,0.0],[-79.4244499842018,-2.593549846307291,0.0],[-79.42430853629183,-2.593744981462593,0.0]]]}},{"type":"Feature","properties":{"fcode":"EA010","descr":"PRODUCTO AGRICOLA, RESULTADO DE UN CONJUNTO DE TECNICAS Y CONOCIMIENTOS PARA CULTIVAR LA TIERRA","DPA_DESPRO":"AZUAY","DPA_DESCAN":"CUENCA","niv1":"TIERRA AGROPECUARIA","niv2":"CULTIVO","niv3":"CULTIVO PERMANENTE","niv4":"FRUTALES","niv5":"CACAO","LULC_std":"Cacao","label":"Cacao","cbt":"CACAO","uso":"AGRICOLA","tmp":"CULTIVO PERMANENTE","nal":"NO APLICABLE","tap":"PEQUENA","rie":"NO","spr":"MERCANTIL","sce":3.98551671463,"usce":"HECTAREAS","txt":"EL CODIGO (fcode) Y LA DESCRIPCION (descr) CORRESPONDEN A LOS OBJETOS GEOGRAFICOS DEL ATRIBUTO niv2","simbologia":"CPuc: Cacao","SHAPE_Leng":846.797723349,"SHAPE_Area":39855.1671463,"apt_uso":1,"area_ha":3.98551671463,"cob_suelo":"Cacao","cacao_sys":"Cacao_alim_sin50b","observ":null,"cob_label":"Cacao sin cultivos alimentarios próximos","grupo_c":"Cultivos de exclusivos de cacao"},"geometry":{"type":"Polygon","coordinates":[[[-79.42014660661825,-2.586106248786248,0.0],[-79.42037478371033,-2.586293173321077,0.0],[-79.42068879119915,-2.586336637696776,0.0],[-79.42113141988492,-2.586265406301257,0.0],[-79.42128864515244,-2.586107677598533,0.0],[-79.42158843056363,-2.58610805249096,0.0],[-79.42214501455405,-2.586237960041238,0.0],[-79.42228799979115,-2.586051499619534,0.0],[-79.42224556370334,-2.585735594811251,0.0],[-79.42198895946244,-2.585448136986726,0.0],[-79.42178954670861,-2.58508896548227,0.0],[-79.42196118904712,-2.584816398820174,0.0],[-79.42220408526939,-2.584644420005906,0.0],[-79.42210445863053,-2.584400228075819,0.0],[-79.42151914619967,-2.584413853629532,0.0],[-79.42063373041331,-2.584685527845107,0.0],[-79.42020516566629,-2.584929058198744,0.0],[-79.42000484697643,-2.585302086395526,0.0],[-79.42014660661825,-2.586106248786248,0.0]]]}},{"type":"Feature","properties":{"fcode":"EA010","descr":"PRODUCTO AGRICOLA, RESULTADO DE UN CONJUNTO DE TECNICAS Y CONOCIMIENTOS PARA CULTIVAR LA TIERRA","DPA_DESPRO":"AZUAY","DPA_DESCAN":"CUENCA","niv1":"TIERRA AGROPECUARIA","niv2":"CULTIVO","niv3":"CULTIVO PERMANENTE","niv4":"FRUTALES","niv5":"CACAO","LULC_std":"Cacao","label":"Cacao","cbt":"CACAO","uso":"AGRICOLA","tmp":"CULTIVO PERMANENTE","nal":"NO APLICABLE","tap":"PEQUENA","rie":"NO","spr":"MERCANTIL","sce":4.10601559618,"usce":"HECTAREAS","txt":"EL CODIGO (fcode) Y LA DESCRIPCION (descr) CORRESPONDEN A LOS OBJETOS GEOGRAFICOS DEL ATRIBUTO niv2","simbologia":"CPuc: Cacao","SHAPE_Leng":823.7231685,"SHAPE_Area":41060.1559618,"apt_uso":1,"area_ha":4.10601559618,"cob_suelo":"Cacao","cacao_sys":"Cacao_alim_sin50b","observ":null,"cob_label":"Cacao sin cultivos alimentarios próximos","grupo_c":"Cultivos de exclusivos de cacao"},"geometry":{"type":"Polygon","coordinates":[[[-79.37682531359873,-2.584161025405615,0.0],[-79.37668273790744,-2.585031839562064,0.0],[-79.37676685097989,-2.585232906665889,0.0],[-79.377166506013,-2.585271705076039,0.0],[-79.37747106170882,-2.585370940920201,0.0],[-79.37754751820034,-2.585004205276608,0.0],[-79.37827081754003,-2.584985991981668,0.0],[-79.37872801164055,-2.584680305605838,0.0],[-79.37857720039409,-2.583531585169456,0.0],[-79.37846360654213,-2.583052886495538,0.0],[-79.37787376156008,-2.582898993339207,0.0],[-79.37711152101468,-2.583606272032867,0.0],[-79.37682531359873,-2.584161025405615,0.0]]]}},{"type":"Feature","properties":{"fcode":"EA010","descr":"PRODUCTO AGRICOLA, RESULTADO DE UN CONJUNTO DE TECNICAS Y CONOCIMIENTOS PARA CULTIVAR LA TIERRA","DPA_DESPRO":"AZUAY","DPA_DESCAN":"CUENCA","niv1":"TIERRA AGROPECUARIA","niv2":"CULTIVO","niv3":"CULTIVO PERMANENTE","niv4":"FRUTALES","niv5":"CACAO","LULC_std":"Cacao","label":"Cacao","cbt":"CACAO","uso":"AGRICOLA","tmp":"CULTIVO PERMANENTE","nal":"NO APLICABLE","tap":"PEQUENA","rie":"NO","spr":"MERCANTIL","sce":5.39075712376,"usce":"HECTAREAS","txt":"EL CODIGO (fcode) Y LA DESCRIPCION (descr) CORRESPONDEN A LOS OBJETOS GEOGRAFICOS DEL ATRIBUTO niv2","simbologia":"CPuc: Cacao","SHAPE_Leng":1357.75832489,"SHAPE_Area":53907.5712376,"apt_uso":1,"area_ha":5.39075712376,"cob_suelo":"Cacao","cacao_sys":"Cacao_alim_sin50b","observ":null,"cob_label":"Cacao sin cultivos alimentarios próximos","grupo_c":"Cultivos de exclusivos de cacao"},"geometry":{"type":"Polygon","coordinates":[[[-79.38021290320106,-2.558060298725783,0.0],[-79.37977482812268,-2.558308590022501,0.0],[-79.37937515544058,-2.558288940975348,0.0],[-79.37928022955342,-2.558097399279635,0.0],[-79.37906995183101,-2.55882453275624,0.0],[-79.37924076916475,-2.559207592027648,0.0],[-79.3800586188435,-2.559668042030412,0.0],[-79.38156075254753,-2.56085676206177,0.0],[-79.38285414877922,-2.561547520640751,0.0],[-79.38298718087425,-2.560858899716672,0.0],[-79.38220836356673,-2.560474741348346,0.0],[-79.38215186343658,-2.559996115716266,0.0],[-79.38156226597008,-2.559650808746199,0.0],[-79.38135268519291,-2.559822821673549,0.0],[-79.38051656896394,-2.558749801341213,0.0],[-79.38082153290094,-2.55840562978654,0.0],[-79.38066965139922,-2.558099163203904,0.0],[-79.38021290320106,-2.558060298725783,0.0]]]}},{"type":"Feature","properties":{"fcode":"EA010","descr":"PRODUCTO AGRICOLA, RESULTADO DE UN CONJUNTO DE TECNICAS Y CONOCIMIENTOS PARA CULTIVAR LA TIERRA","DPA_DESPRO":"AZUAY","DPA_DESCAN":"CUENCA","niv1":"TIERRA AGROPECUARIA","niv2":"CULTIVO","niv3":"CULTIVO PERMANENTE","niv4":"FRUTALES","niv5":"CACAO","LULC_std":"Cacao","label":"Cacao","cbt":"CACAO","uso":"AGRICOLA","tmp":"CULTIVO PERMANENTE","nal":"NO APLICABLE","tap":"PEQUENA","rie":"NO","spr":"MERCANTIL","sce":9.60561330082,"usce":"HECTAREAS","txt":"EL CODIGO (fcode) Y LA DESCRIPCION (descr) CORRESPONDEN A LOS OBJETOS GEOGRAFICOS DEL ATRIBUTO niv2","simbologia":"CPuc: Cacao","SHAPE_Leng":1352.04357681,"SHAPE_Area":96056.1330082,"apt_uso":1,"area_ha":9.60561330082,"cob_suelo":"Cacao","cacao_sys":"Cacao_alim_sin50b","observ":null,"cob_label":"Cacao sin cultivos alimentarios próximos","grupo_c":"Cultivos de exclusivos de cacao"},"geometry":{"type":"Polygon","coordinates":[[[-79.4160164668595,-2.545884050357714,0.0],[-79.41850991556626,-2.549720412558691,0.0],[-79.41995285259911,-2.548774640312651,0.0],[-79.41814374054826,-2.545642610324053,0.0],[-79.417701495487,-2.545412354443133,0.0],[-79.41710184057563,-2.545497756319326,0.0],[-79.41663041511899,-2.545784310874752,0.0],[-79.4160164668595,-2.545884050357714,0.0]]]}},{"type":"Feature","properties":{"fcode":"EA010","descr":"PRODUCTO AGRICOLA, RESULTADO DE UN CONJUNTO DE TECNICAS Y CONOCIMIENTOS PARA CULTIVAR LA TIERRA","DPA_DESPRO":"CANAR","DPA_DESCAN":"CANAR","niv1":"TIERRA AGROPECUARIA","niv2":"CULTIVO","niv3":"CULTIVO PERMANENTE","niv4":"FRUTALES","niv5":"CACAO","LULC_std":"Cacao","label":"Cacao","cbt":"CACAO","uso":"AGRICOLA","tmp":"CULTIVO PERMANENTE","nal":"NO APLICABLE","tap":"MEDIANA","rie":"SI","spr":"MERCANTIL","sce":20.8757070209,"usce":"HECTAREAS","txt":"EL CODIGO (fcode) Y LA DESCRIPCION (descr) CORRESPONDEN A LOS OBJETOS GEOGRAFICOS DEL ATRIBUTO niv2","simbologia":"CPuc: Cacao","SHAPE_Leng":2327.83414662,"SHAPE_Area":208757.070209,"apt_uso":1,"area_ha":20.8757070209,"cob_suelo":"Cacao","cacao_sys":"Cacao_alim_sin50b","observ":null,"cob_label":"Cacao sin cultivos alimentarios próximos","grupo_c":"Cultivos de exclusivos de cacao"},"geometry":{"type":"Polygon","coordinates":[[[-79.3714542580161,-2.528606850078572,0.0],[-79.37292816854715,-2.528920374957669,0.0],[-79.37301079507255,-2.529434921944645,0.0],[-79.37368868559022,-2.529555414451604,0.0],[-79.37396241522984,-2.529448084973397,0.0],[-79.37401056341528,-2.528993521577738,0.0],[-79.37596108705176,-2.529259180899935,0.0],[-79.37698158345152,-2.529532536461892,0.0],[-79.37719578713782,-2.529391351075315,0.0],[-79.37749196376927,-2.529287937568072,0.0],[-79.37725833035663,-2.528746368747199,0.0],[-79.37687844946252,-2.528123772725735,0.0],[-79.37673620999772,-2.527716823786303,0.0],[-79.37673662625225,-2.527381837839819,0.0],[-79.37666562542645,-2.527082653063418,0.0],[-79.37644025116327,-2.526567926077298,0.0],[-79.37626187918536,-2.52651984645269,0.0],[-79.37609433196353,-2.527333174963716,0.0],[-79.3758802444373,-2.527308978498259,0.0],[-79.3757853632002,-2.527081546494176,0.0],[-79.37553588657754,-2.526818029205622,0.0],[-79.37509651483556,-2.526207322376986,0.0],[-79.37464550103208,-2.525393216614279,0.0],[-79.37421766820108,-2.525069655214374,0.0],[-79.3739802808042,-2.524650624339181,0.0],[-79.37380284638206,-2.523848826608145,0.0],[-79.37361795603898,-2.523690770880379,0.0],[-79.3714542580161,-2.528606850078572,0.0]]]}},{"type":"Feature","properties":{"fcode":"EA010","descr":"PRODUCTO AGRICOLA, RESULTADO DE UN CONJUNTO DE TECNICAS Y CONOCIMIENTOS PARA CULTIVAR LA TIERRA","DPA_DESPRO":"CANAR","DPA_DESCAN":"CANAR","niv1":"TIERRA AGROPECUARIA","niv2":"CULTIVO","niv3":"CULTIVO PERMANENTE","niv4":"FRUTALES","niv5":"CACAO","LULC_std":"Cacao","label":"Cacao","cbt":"CACAO","uso":"AGRICOLA","tmp":"CULTIVO PERMANENTE","nal":"NO APLICABLE","tap":"MEDIANA","rie":"SI","spr":"MERCANTIL","sce":7.56589163306,"usce":"HECTAREAS","txt":"EL CODIGO (fcode) Y LA DESCRIPCION (descr) CORRESPONDEN A LOS OBJETOS GEOGRAFICOS DEL ATRIBUTO niv2","simbologia":"CPuc: Cacao","SHAPE_Leng":1197.63765447,"SHAPE_Area":28308.2960065,"apt_uso":1,"area_ha":2.83082960065,"cob_suelo":"Cacao","cacao_sys":"Cacao_alim_sin50b","observ":null,"cob_label":"Cacao sin cultivos alimentarios próximos","grupo_c":"Cultivos de exclusivos de cacao"},"geometry":{"type":"Polygon","coordinates":[[[-79.36238126721386,-2.509882276662891,0.0],[-79.36183000101691,-2.510121226983213,0.0],[-79.3613163168962,-2.510495996914699,0.0],[-79.36089571771487,-2.511035097978895,0.0],[-79.36056873475268,-2.511339704997792,0.0],[-79.36007868442958,-2.511456407116593,0.0],[-79.3598481771856,-2.511365909923541,0.0],[-79.35984848560942,-2.512005150926187,0.0],[-79.3600863606936,-2.511914746526528,0.0],[-79.36075246194781,-2.511939514971125,0.0],[-79.36113357050891,-2.511569120184609,0.0],[-79.36142733608065,-2.511356565766722,0.0],[-79.36131608959573,-2.511150320349878,0.0],[-79.3613829169346,-2.510978127272104,0.0],[-79.36164006813232,-2.510806173142343,0.0],[-79.36274433538527,-2.510491722340271,0.0],[-79.36349652870678,-2.510157684062866,0.0],[-79.36403413860519,-2.509847125978225,0.0],[-79.36349676368444,-2.509688347071157,0.0],[-79.36330644380047,-2.509966025093603,0.0],[-79.36267834133622,-2.509993947357476,0.0],[-79.36237389625988,-2.509936138211219,0.0],[-79.36238126721386,-2.509882276662891,0.0]]]}},{"type":"Feature","properties":{"fcode":"EA010","descr":"PRODUCTO AGRICOLA, RESULTADO DE UN CONJUNTO DE TECNICAS Y CONOCIMIENTOS PARA CULTIVAR LA TIERRA","DPA_DESPRO":"CANAR","DPA_DESCAN":"CANAR","niv1":"TIERRA AGROPECUARIA","niv2":"CULTIVO","niv3":"CULTIVO PERMANENTE","niv4":"FRUTALES","niv5":"CACAO","LULC_std":"Cacao","label":"Cacao","cbt":"CACAO","uso":"AGRICOLA","tmp":"CULTIVO PERMANENTE","nal":"NO APLICABLE","tap":"MEDIANA","rie":"SI","spr":"MERCANTIL","sce":165.749412426,"usce":"HECTAREAS","txt":"EL CODIGO (fcode) Y LA DESCRIPCION (descr) CORRESPONDEN A LOS OBJETOS GEOGRAFICOS DEL ATRIBUTO niv2","simbologia":"CPuc: Cacao","SHAPE_Leng":9001.22919198,"SHAPE_Area":1657494.12426,"apt_uso":1,"area_ha":165.749412426,"cob_suelo":"Cacao","cacao_sys":"Cacao_alim_con50b","observ":null,"cob_label":"Cacao próximo a cultivos alimentarios","grupo_c":"Cultivos mixtos de cacao"},"geometry":{"type":"Polygon","coordinates":[[[-79.3816251688748,-2.506145131849958,0.0],[-79.38175465771408,-2.506223191824342,0.0],[-79.38186136270839,-2.506510456216362,0.0],[-79.38135235741017,-2.50751692896334,0.0],[-79.38105976106117,-2.507363379664632,0.0],[-79.38077424469014,-2.507386952808675,0.0],[-79.38072600130766,-2.507925265096857,0.0],[-79.38049960895347,-2.508236043269905,0.0],[-79.38023800042966,-2.508163934789383,0.0],[-79.38015409318528,-2.507973420977389,0.0],[-79.37989359375969,-2.508353329420716,0.0],[-79.37983955728359,-2.508766014383697,0.0],[-79.37953608805252,-2.508879293499427,0.0],[-79.37937570073733,-2.508717581152236,0.0],[-79.37879924383685,-2.508340002862937,0.0],[-79.37871616053445,-2.508190351393144,0.0],[-79.37867635461978,-2.50755045376365,0.0],[-79.37853778715457,-2.507503806587164,0.0],[-79.37825260994055,-2.507252211000509,0.0],[-79.3781929850761,-2.507284405760182,0.0],[-79.37815774302118,-2.507012817051208,0.0],[-79.3781940785682,-2.50655116514042,0.0],[-79.37721013876052,-2.506648234998779,0.0],[-79.37693681381776,-2.506432545113064,0.0],[-79.37641365861006,-2.506240472004671,0.0],[-79.37535434832309,-2.506753595534728,0.0],[-79.37496177544304,-2.506777032940679,0.0],[-79.37437902753449,-2.506680594695672,0.0],[-79.37387902919775,-2.507002993777762,0.0],[-79.37347466487026,-2.506942669661891,0.0],[-79.37261746935071,-2.507539787698011,0.0],[-79.37193836145723,-2.508412295136104,0.0],[-79.37146233084995,-2.508591156382029,0.0],[-79.37078372521614,-2.509056894853869,0.0],[-79.36973627813472,-2.509593952025563,0.0],[-79.36889130142413,-2.509927878804365,0.0],[-79.36814123446887,-2.510465307652543,0.0],[-79.36765332222069,-2.510632187264696,0.0],[-79.36722470785702,-2.510942706847308,0.0],[-79.3669510140481,-2.511026109963826,0.0],[-79.36668899147153,-2.511288983232828,0.0],[-79.36629627096731,-2.511432054470372,0.0],[-79.36620049913955,-2.511922448138697,0.0],[-79.3657837354526,-2.512268873279595,0.0],[-79.36509381149179,-2.512268005322701,0.0],[-79.36397482659112,-2.512936566535993,0.0],[-79.36373623656274,-2.513486597277324,0.0],[-79.36335523167998,-2.513773247216382,0.0],[-79.36320784255278,-2.513748350246707,0.0],[-79.36317291657758,-2.514028742291382,0.0],[-79.36325591449697,-2.514244194672242,0.0],[-79.36361287606069,-2.514160897886286,0.0],[-79.36424366608809,-2.513886527079202,0.0],[-79.3654459482356,-2.513194143765497,0.0],[-79.36576707571554,-2.513230438600373,0.0],[-79.36642109026235,-2.513410717808761,0.0],[-79.36703895888111,-2.513961827932568,0.0],[-79.3674790385543,-2.513998272997501,0.0],[-79.36780975975238,-2.513384091779537,0.0],[-79.36818132009577,-2.513628279022353,0.0],[-79.36821658918723,-2.513963308457043,0.0],[-79.36831148413611,-2.514178775102942,0.0],[-79.36866837195682,-2.514155296395494,0.0],[-79.36901348269484,-2.514036092199443,0.0],[-79.36919179293402,-2.514132026772042,0.0],[-79.36946565195947,-2.513917022315349,0.0],[-79.36972705062178,-2.51415662619444,0.0],[-79.36995294228396,-2.514252620455723,0.0],[-79.37042949479698,-2.51365502937462,0.0],[-79.37051386032219,-2.512769815705084,0.0],[-79.37076419477539,-2.512339433478098,0.0],[-79.37067499472225,-2.511774205978722,0.0],[-79.37080108109167,-2.511370412984873,0.0],[-79.37108690838654,-2.511095604578165,0.0],[-79.37114602897057,-2.511382808931693,0.0],[-79.37102682436772,-2.511586044521255,0.0],[-79.37099042656583,-2.51216026029441,0.0],[-79.37073949886555,-2.513069192536876,0.0],[-79.37065528264328,-2.513834769515667,0.0],[-79.37047628939006,-2.514289168261614,0.0],[-79.3759312834982,-2.518291917688238,0.0],[-79.37762505261082,-2.515142697770976,0.0],[-79.37829674843638,-2.515505709742111,0.0],[-79.37849551024004,-2.515533949587733,0.0],[-79.3786033338954,-2.51570424873848,0.0],[-79.37997417979551,-2.516052015552231,0.0],[-79.37994374693118,-2.515759409085094,0.0],[-79.38002834130184,-2.515406831289369,0.0],[-79.38042369162187,-2.515462903496003,0.0],[-79.380709227508,-2.515424975020336,0.0],[-79.3808712757373,-2.515205042663823,0.0],[-79.38085246720546,-2.515023168557956,0.0],[-79.38074808318872,-2.514783761374727,0.0],[-79.38043773933252,-2.514497188554123,0.0],[-79.38091631940421,-2.514210108568734,0.0],[-79.38101673646051,-2.513808248558182,0.0],[-79.38133107344571,-2.513564578485012,0.0],[-79.38168793369412,-2.513565023244451,0.0],[-79.38193026297371,-2.513838101317339,0.0],[-79.38252936358735,-2.514183405988542,0.0],[-79.38264306360053,-2.514585533191548,0.0],[-79.38295699509126,-2.514672063876016,0.0],[-79.3835131142105,-2.515146525269835,0.0],[-79.38354113265241,-2.515577259099314,0.0],[-79.38381231200904,-2.515606310095886,0.0],[-79.38416995885359,-2.515807835708731,0.0],[-79.38427925951231,-2.515562924680178,0.0],[-79.38421370517624,-2.514701444900832,0.0],[-79.3839100794146,-2.513973664152207,0.0],[-79.38395824979749,-2.513495170332863,0.0],[-79.38426253377938,-2.513200335517305,0.0],[-79.38367334397718,-2.513021046988079,0.0],[-79.38350694138073,-2.512913164949096,0.0],[-79.3833526115095,-2.512661731930147,0.0],[-79.38344839179919,-2.512159369186207,0.0],[-79.38334183474551,-2.511752465067369,0.0],[-79.38333207339942,-2.511509639632334,0.0],[-79.38407051973527,-2.511834025177745,0.0],[-79.38438078346763,-2.511032832030461,0.0],[-79.38427404866293,-2.510769493703139,0.0],[-79.38420908052382,-2.51039853320132,0.0],[-79.38441130076556,-2.510398784478515,0.0],[-79.38481560908079,-2.510506961808556,0.0],[-79.38500581027118,-2.510608890818801,0.0],[-79.38523773224385,-2.510639088569985,0.0],[-79.38561897742898,-2.510155025529661,0.0],[-79.3856250796242,-2.510029412030559,0.0],[-79.38539156496633,-2.50987930508107,0.0],[-79.38505715701022,-2.509804487797742,0.0],[-79.38407028634472,-2.509444345952923,0.0],[-79.38380891297356,-2.50918081651258,0.0],[-79.38385683234536,-2.508905706739076,0.0],[-79.3843238798558,-2.507739953286112,0.0],[-79.38434943047713,-2.507503453211323,0.0],[-79.38453442443804,-2.507001200560231,0.0],[-79.38504570914971,-2.507175310651037,0.0],[-79.38516998338486,-2.506937944453302,0.0],[-79.38200498651342,-2.505361323242249,0.0],[-79.38173479670198,-2.505603935541914,0.0],[-79.38164525892083,-2.50586702875523,0.0],[-79.3816251688748,-2.506145131849958,0.0]]]}},{"type":"Feature","properties":{"fcode":"EA010","descr":"PRODUCTO AGRICOLA, RESULTADO DE UN CONJUNTO DE TECNICAS Y CONOCIMIENTOS PARA CULTIVAR LA TIERRA","DPA_DESPRO":"AZUAY","DPA_DESCAN":"CUENCA","niv1":"TIERRA AGROPECUARIA","niv2":"CULTIVO","niv3":"CULTIVO PERMANENTE","niv4":"FRUTALES","niv5":"CACAO","LULC_std":"Cacao","label":"Cacao","cbt":"CACAO","uso":"AGRICOLA","tmp":"CULTIVO PERMANENTE","nal":"NO APLICABLE","tap":"MEDIANA","rie":"NO","spr":"MERCANTIL","sce":0.0330723779854,"usce":"HECTAREAS","txt":"EL CODIGO (fcode) Y LA DESCRIPCION (descr) CORRESPONDEN A LOS OBJETOS GEOGRAFICOS DEL ATRIBUTO niv2","simbologia":"CPuc: Cacao","SHAPE_Leng":159.464899704,"SHAPE_Area":330.723779854,"apt_uso":1,"area_ha":0.0330723779854,"cob_suelo":"Cacao","cacao_sys":"Cacao_alim_sin50b","observ":null,"cob_label":"Cacao sin cultivos alimentarios próximos","grupo_c":"Cultivos de exclusivos de cacao"},"geometry":{"type":"Polygon","coordinates":[[[-79.36670436012787,-2.568274167314182,0.0],[-79.36687444134854,-2.568198405536575,0.0],[-79.36720951472347,-2.567776022260096,0.0],[-79.36695074184583,-2.568043226682498,0.0],[-79.36670436012787,-2.568274167314182,0.0]]]}},{"type":"Feature","properties":{"fcode":"EA010","descr":"PRODUCTO AGRICOLA, RESULTADO DE UN CONJUNTO DE TECNICAS Y CONOCIMIENTOS PARA CULTIVAR LA TIERRA","DPA_DESPRO":"CANAR","DPA_DESCAN":"CANAR","niv1":"TIERRA AGROPECUARIA","niv2":"CULTIVO","niv3":"CULTIVO PERMANENTE","niv4":"FRUTALES","niv5":"CACAO","LULC_std":"Cacao","label":"Cacao","cbt":"CACAO","uso":"AGRICOLA","tmp":"CULTIVO PERMANENTE","nal":"NO APLICABLE","tap":"MEDIANA","rie":"NO","spr":"MERCANTIL","sce":6.89322190543,"usce":"HECTAREAS","txt":"EL CODIGO (fcode) Y LA DESCRIPCION (descr) CORRESPONDEN A LOS OBJETOS GEOGRAFICOS DEL ATRIBUTO niv2","simbologia":"CPuc: Cacao","SHAPE_Leng":1738.32059715,"SHAPE_Area":68932.2190543,"apt_uso":1,"area_ha":6.89322190543,"cob_suelo":"Cacao","cacao_sys":"Cacao_alim_sin50b","observ":null,"cob_label":"Cacao sin cultivos alimentarios próximos","grupo_c":"Cultivos de exclusivos de cacao"},"geometry":{"type":"Polygon","coordinates":[[[-79.36461935708672,-2.567611235896897,0.0],[-79.3644962145632,-2.567869339928373,0.0],[-79.36451463744493,-2.568347912411319,0.0],[-79.36441891186365,-2.568788055314204,0.0],[-79.36443745811819,-2.569170918551486,0.0],[-79.36464665287578,-2.569305181703421,0.0],[-79.36449297465388,-2.570415218428873,0.0],[-79.36426340548529,-2.571333737499035,0.0],[-79.36357821018048,-2.571332854459335,0.0],[-79.36342540651418,-2.571753780197788,0.0],[-79.3637675420172,-2.572117919175838,0.0],[-79.36367485127265,-2.572378569730752,0.0],[-79.36401468011833,-2.572347940974834,0.0],[-79.36432450498579,-2.572467733585248,0.0],[-79.36447117892781,-2.572186417686322,0.0],[-79.36464329455772,-2.571545383009627,0.0],[-79.36480539386557,-2.571296746293207,0.0],[-79.36513854805767,-2.571239749528,0.0],[-79.36519574510051,-2.571163255100535,0.0],[-79.36525333289006,-2.570780488835911,0.0],[-79.3652637627153,-2.570062678395033,0.0],[-79.36512180552268,-2.569440381278131,0.0],[-79.36535036174577,-2.569316252117813,0.0],[-79.3655026276447,-2.569316448015156,0.0],[-79.36569334906598,-2.569010421857615,0.0],[-79.36572225172752,-2.568732900447498,0.0],[-79.36631273092944,-2.568379532887012,0.0],[-79.36670436012787,-2.568274167314182,0.0],[-79.36720951472347,-2.567776022260096,0.0],[-79.36729877780033,-2.567611151847953,0.0],[-79.36461935708672,-2.567611235896897,0.0]]]}},{"type":"Feature","properties":{"fcode":"EA010","descr":"PRODUCTO AGRICOLA, RESULTADO DE UN CONJUNTO DE TECNICAS Y CONOCIMIENTOS PARA CULTIVAR LA TIERRA","DPA_DESPRO":"CANAR","DPA_DESCAN":"CANAR","niv1":"TIERRA AGROPECUARIA","niv2":"CULTIVO","niv3":"CULTIVO PERMANENTE","niv4":"FRUTALES","niv5":"CACAO","LULC_std":"Cacao","label":"Cacao","cbt":"CACAO","uso":"AGRICOLA","tmp":"CULTIVO PERMANENTE","nal":"NO APLICABLE","tap":"MEDIANA","rie":"NO","spr":"MERCANTIL","sce":11.7100604013,"usce":"HECTAREAS","txt":"EL CODIGO (fcode) Y LA DESCRIPCION (descr) CORRESPONDEN A LOS OBJETOS GEOGRAFICOS DEL ATRIBUTO niv2","simbologia":"CPuc: Cacao","SHAPE_Leng":1584.02128549,"SHAPE_Area":117100.604013,"apt_uso":1,"area_ha":11.7100604013,"cob_suelo":"Cacao","cacao_sys":"Cacao_alim_sin50b","observ":null,"cob_label":"Cacao sin cultivos alimentarios próximos","grupo_c":"Cultivos de exclusivos de cacao"},"geometry":{"type":"Polygon","coordinates":[[[-79.37110468224307,-2.542181413216185,0.0],[-79.37127509761743,-2.544199068281307,0.0],[-79.37577815911803,-2.544199048615535,0.0],[-79.37596529478381,-2.543526328623575,0.0],[-79.37609880063455,-2.543306362707733,0.0],[-79.3761970412325,-2.543247249418349,0.0],[-79.3761342983591,-2.542981890070758,0.0],[-79.37612283685304,-2.542634924737295,0.0],[-79.3760042102552,-2.54237157111492,0.0],[-79.37596895790958,-2.54202457571501,0.0],[-79.37570741945862,-2.541892643154221,0.0],[-79.37527829633082,-2.542597964417838,0.0],[-79.37480251943947,-2.542561471340536,0.0],[-79.37357754675789,-2.542344571316884,0.0],[-79.37275718891404,-2.541996582533327,0.0],[-79.37143672363082,-2.542042762999185,0.0],[-79.37110468224307,-2.542181413216185,0.0]]]}},{"type":"Feature","properties":{"fcode":"EA010","descr":"PRODUCTO AGRICOLA, RESULTADO DE UN CONJUNTO DE TECNICAS Y CONOCIMIENTOS PARA CULTIVAR LA TIERRA","DPA_DESPRO":"CANAR","DPA_DESCAN":"CANAR","niv1":"TIERRA AGROPECUARIA","niv2":"CULTIVO","niv3":"CULTIVO PERMANENTE","niv4":"FRUTALES","niv5":"CACAO","LULC_std":"Cacao","label":"Cacao","cbt":"CACAO","uso":"AGRICOLA","tmp":"CULTIVO PERMANENTE","nal":"NO APLICABLE","tap":"MEDIANA","rie":"NO","spr":"MERCANTIL","sce":113.372768557,"usce":"HECTAREAS","txt":"EL CODIGO (fcode) Y LA DESCRIPCION (descr) CORRESPONDEN A LOS OBJETOS GEOGRAFICOS DEL ATRIBUTO niv2","simbologia":"CPuc: Cacao","SHAPE_Leng":3250.01631906,"SHAPE_Area":259640.940644,"apt_uso":1,"area_ha":25.9640940644,"cob_suelo":"Cacao","cacao_sys":"Cacao_alim_sin50b","observ":null,"cob_label":"Cacao sin cultivos alimentarios próximos","grupo_c":"Cultivos de exclusivos de cacao"},"geometry":{"type":"Polygon","coordinates":[[[-79.35986874186622,-2.554974394496432,0.0],[-79.35990015662449,-2.554839353309596,0.0],[-79.36005850676241,-2.554625046704347,0.0],[-79.36033839259315,-2.553840133277658,0.0],[-79.36028935113741,-2.553523491029048,0.0],[-79.36096242074318,-2.552792411285057,0.0],[-79.36192749960662,-2.551176944693805,0.0],[-79.36192756475964,-2.544554544646931,0.0],[-79.36011800985715,-2.541200469365022,0.0],[-79.35986219778924,-2.540879606032798,0.0],[-79.35986874186622,-2.554974394496432,0.0]]]}},{"type":"Feature","properties":{"fcode":"EA010","descr":"PRODUCTO AGRICOLA, RESULTADO DE UN CONJUNTO DE TECNICAS Y CONOCIMIENTOS PARA CULTIVAR LA TIERRA","DPA_DESPRO":"CANAR","DPA_DESCAN":"CANAR","niv1":"TIERRA AGROPECUARIA","niv2":"CULTIVO","niv3":"CULTIVO PERMANENTE","niv4":"FRUTALES","niv5":"CACAO","LULC_std":"Cacao","label":"Cacao","cbt":"CACAO","uso":"AGRICOLA","tmp":"CULTIVO PERMANENTE","nal":"NO APLICABLE","tap":"PEQUENA","rie":"SI","spr":"MERCANTIL","sce":4.5230346124,"usce":"HECTAREAS","txt":"EL CODIGO (fcode) Y LA DESCRIPCION (descr) CORRESPONDEN A LOS OBJETOS GEOGRAFICOS DEL ATRIBUTO niv2","simbologia":"CPuc: Cacao","SHAPE_Leng":1776.3262185,"SHAPE_Area":45230.346124,"apt_uso":1,"area_ha":4.5230346124,"cob_suelo":"Cacao","cacao_sys":"Cacao_alim_sin50b","observ":null,"cob_label":"Cacao sin cultivos alimentarios próximos","grupo_c":"Cultivos de exclusivos de cacao"},"geometry":{"type":"Polygon","coordinates":[[[-79.38542082784528,-2.514358222712185,0.0],[-79.38643494411416,-2.51347176413002,0.0],[-79.3865750235119,-2.513142811119618,0.0],[-79.3866727841683,-2.512065841221875,0.0],[-79.38701583931599,-2.511377903283714,0.0],[-79.3874300293618,-2.510819121833709,0.0],[-79.38867140177182,-2.510117956275229,0.0],[-79.38925662517295,-2.509616749558281,0.0],[-79.38939996736826,-2.509000266944135,0.0],[-79.38940060003894,-2.508483994679959,0.0],[-79.38934858157654,-2.508115334891071,0.0],[-79.38902840939893,-2.50868002143173,0.0],[-79.38861147188679,-2.509170024672071,0.0],[-79.38736197821794,-2.509563284107813,0.0],[-79.38690851810604,-2.510735182000959,0.0],[-79.38687243545179,-2.511058161754451,0.0],[-79.38693750829707,-2.511473379148241,0.0],[-79.38662156151685,-2.511931213330981,0.0],[-79.38637071629024,-2.512780337266926,0.0],[-79.38621566568374,-2.513115132766275,0.0],[-79.38578725636646,-2.513258167489022,0.0],[-79.38551319214642,-2.5136406705118,0.0],[-79.38542082784528,-2.514358222712185,0.0]]]}},{"type":"Feature","properties":{"fcode":"EA010","descr":"PRODUCTO AGRICOLA, RESULTADO DE UN CONJUNTO DE TECNICAS Y CONOCIMIENTOS PARA CULTIVAR LA TIERRA","DPA_DESPRO":"GUAYAS","DPA_DESCAN":"NARANJAL","niv1":"TIERRA AGROPECUARIA","niv2":"CULTIVO","niv3":"CULTIVO PERMANENTE","niv4":"FRUTALES","niv5":"CACAO","LULC_std":"Cacao","label":"Cacao","cbt":"CACAO","uso":"AGRICOLA","tmp":"CULTIVO PERMANENTE","nal":"NO APLICABLE","tap":"PEQUENA","rie":"NO","spr":"MERCANTIL","sce":0.944539913978,"usce":"HECTAREAS","txt":"EL CODIGO (fcode) Y LA DESCRIPCION (descr) CORRESPONDEN A LOS OBJETOS GEOGRAFICOS DEL ATRIBUTO niv2","simbologia":"CPuc: Cacao","SHAPE_Leng":116.638037801,"SHAPE_Area":507.771384075,"apt_uso":1,"area_ha":0.0507771384075,"cob_suelo":"Cacao","cacao_sys":"Cacao_alim_con50b","observ":null,"cob_label":"Cacao próximo a cultivos alimentarios","grupo_c":"Cultivos mixtos de cacao"},"geometry":{"type":"Polygon","coordinates":[[[-79.50337735377956,-2.532297078387016,0.0],[-79.50350904071776,-2.532369518485793,0.0],[-79.5035087692787,-2.53190395350066,0.0],[-79.50344198629325,-2.531941633048763,0.0],[-79.50337735377956,-2.532297078387016,0.0]]]}},{"type":"Feature","properties":{"fcode":"EA010","descr":"PRODUCTO AGRICOLA, RESULTADO DE UN CONJUNTO DE TECNICAS Y CONOCIMIENTOS PARA CULTIVAR LA TIERRA","DPA_DESPRO":"GUAYAS","DPA_DESCAN":"NARANJAL","niv1":"TIERRA AGROPECUARIA","niv2":"CULTIVO","niv3":"CULTIVO PERMANENTE","niv4":"FRUTALES","niv5":"CACAO","LULC_std":"Cacao","label":"Cacao","cbt":"CACAO","uso":"AGRICOLA","tmp":"CULTIVO PERMANENTE","nal":"NO APLICABLE","tap":"GRANDE","rie":"SI","spr":"EMPRESARIAL","sce":660.829217546,"usce":"HECTAREAS","txt":"EL CODIGO (fcode) Y LA DESCRIPCION (descr) CORRESPONDEN A LOS OBJETOS GEOGRAFICOS DEL ATRIBUTO niv2","simbologia":"CPuc: Cacao","SHAPE_Leng":8934.50806924,"SHAPE_Area":1111575.40555,"apt_uso":1,"area_ha":111.157540555,"cob_suelo":"Cacao","cacao_sys":"Cacao_alim_con50b","observ":null,"cob_label":"Cacao próximo a cultivos alimentarios","grupo_c":"Cultivos mixtos de cacao"},"geometry":{"type":"MultiPolygon","coordinates":[[[[-79.50327668063547,-2.599742791682953,0.0],[-79.50354725992095,-2.599783939829328,0.0],[-79.50354564494496,-2.5968597703879,0.0],[-79.50338489638537,-2.597685961248934,0.0],[-79.50327668063547,-2.599742791682953,0.0]]],[[[-79.49817660960886,-2.588529843463195,0.0],[-79.49644240979362,-2.593847485234992,0.0],[-79.49623091045498,-2.593776303143279,0.0],[-79.49559427462474,-2.595371453979058,0.0],[-79.49555737515172,-2.596754532366173,0.0],[-79.49488681449441,-2.597214771032981,0.0],[-79.49471595044159,-2.598379307504044,0.0],[-79.49472550181396,-2.598679837394259,0.0],[-79.49516707826457,-2.598775553607931,0.0],[-79.49442300238086,-2.601753694397444,0.0],[-79.49530330028738,-2.602854156007393,0.0],[-79.49554640376124,-2.60601080613478,0.0],[-79.49628678284077,-2.60615355386442,0.0],[-79.49646495557693,-2.604593319963458,0.0],[-79.4971697762862,-2.604984277539561,0.0],[-79.49702817284452,-2.605445149415805,0.0],[-79.497698319089,-2.605339558462231,0.0],[-79.49836976685164,-2.604134562377573,0.0],[-79.49889868797645,-2.604170660113564,0.0],[-79.49928583879846,-2.604809489099639,0.0],[-79.49893176853438,-2.606014867202501,0.0],[-79.4994606056613,-2.606121894564486,0.0],[-79.50009607585507,-2.605519755141139,0.0],[-79.50059090893092,-2.604562798192489,0.0],[-79.50171974151162,-2.604244964515829,0.0],[-79.50186125936766,-2.603855021413969,0.0],[-79.5028138964558,-2.603430580802134,0.0],[-79.50327479933584,-2.601338706554893,0.0],[-79.5009471974906,-2.601477787516377,0.0],[-79.5008429541486,-2.600165465856457,0.0],[-79.49999661584151,-2.600164455009973,0.0],[-79.49992554299166,-2.60062541243395,0.0],[-79.49918508039299,-2.600553597880169,0.0],[-79.49907907895664,-2.600730795331751,0.0],[-79.49795071138412,-2.600658516174629,0.0],[-79.4971413171185,-2.599238957897599,0.0],[-79.49876430063526,-2.598531604005758,0.0],[-79.4989767644433,-2.59778709774894,0.0],[-79.50045877449313,-2.597008642086938,0.0],[-79.50102329138825,-2.596761061459283,0.0],[-79.5015884349501,-2.595981509803929,0.0],[-79.50151874248371,-2.595272130985362,0.0],[-79.50243685821165,-2.594209280241011,0.0],[-79.50275410919762,-2.594316051720334,0.0],[-79.50296619357826,-2.593890726292197,0.0],[-79.50354399173547,-2.59387380560814,0.0],[-79.50354176318602,-2.589860864586425,0.0],[-79.5028672299308,-2.590014558285977,0.0],[-79.50197397025795,-2.590486666946227,0.0],[-79.50182136662708,-2.590336261529051,0.0],[-79.50152074795572,-2.590224874238882,0.0],[-79.50101644384097,-2.590124729687184,0.0],[-79.50090288448864,-2.590040780946196,0.0],[-79.50060521082897,-2.590915904504528,0.0],[-79.500386459358,-2.591372847483964,0.0],[-79.500086102982,-2.591637666907484,0.0],[-79.49999501904875,-2.591774719143596,0.0],[-79.49967653203811,-2.591993797450609,0.0],[-79.49951254831119,-2.592267923428721,0.0],[-79.49938526709757,-2.592258627363769,0.0],[-79.49925809452576,-2.59215789188828,0.0],[-79.49939499522483,-2.591719140729368,0.0],[-79.49932235404718,-2.591636757253228,0.0],[-79.49923138855108,-2.591673225594522,0.0],[-79.49907615266835,-2.592239971088245,0.0],[-79.49879426041717,-2.592267067398505,0.0],[-79.4986259096458,-2.592461049820544,0.0],[-79.4977448809387,-2.591815284159428,0.0],[-79.49784971261212,-2.591378968744456,0.0],[-79.498031956073,-2.591040856802615,0.0],[-79.49805939460131,-2.590903728935589,0.0],[-79.49814132220199,-2.590821529699852,0.0],[-79.4982686453955,-2.590794250056236,0.0],[-79.49832310217096,-2.59087661095016,0.0],[-79.49855951043905,-2.590867748273868,0.0],[-79.49874156064911,-2.590694228768078,0.0],[-79.49900532118546,-2.590621390456853,0.0],[-79.49943253755698,-2.590722484101628,0.0],[-79.49956897491307,-2.590676926344756,0.0],[-79.50011510179918,-2.590174653008337,0.0],[-79.50038803018799,-2.590037817050839,0.0],[-79.50080377968035,-2.589955711657747,0.0],[-79.50045914167052,-2.589091064927642,0.0],[-79.50001145143126,-2.587574477910536,0.0],[-79.49874183195956,-2.587679362475479,0.0],[-79.49817660960886,-2.588529843463195,0.0]]]]}},{"type":"Feature","properties":{"fcode":"EA010","descr":"PRODUCTO AGRICOLA, RESULTADO DE UN CONJUNTO DE TECNICAS Y CONOCIMIENTOS PARA CULTIVAR LA TIERRA","DPA_DESPRO":"GUAYAS","DPA_DESCAN":"NARANJAL","niv1":"TIERRA AGROPECUARIA","niv2":"CULTIVO","niv3":"CULTIVO PERMANENTE","niv4":"FRUTALES","niv5":"CACAO","LULC_std":"Cacao","label":"Cacao","cbt":"CACAO","uso":"AGRICOLA","tmp":"CULTIVO PERMANENTE","nal":"NO APLICABLE","tap":"MEDIANA","rie":"SI","spr":"MERCANTIL","sce":36.4364925334,"usce":"HECTAREAS","txt":"EL CODIGO (fcode) Y LA DESCRIPCION (descr) CORRESPONDEN A LOS OBJETOS GEOGRAFICOS DEL ATRIBUTO niv2","simbologia":"CPuc: Cacao","SHAPE_Leng":4187.90407274,"SHAPE_Area":364364.925334,"apt_uso":1,"area_ha":36.4364925334,"cob_suelo":"Cacao","cacao_sys":"Cacao_alim_sin50b","observ":null,"cob_label":"Cacao sin cultivos alimentarios próximos","grupo_c":"Cultivos de exclusivos de cacao"},"geometry":{"type":"Polygon","coordinates":[[[-79.48400416285708,-2.587054795430302,0.0],[-79.48446688206835,-2.591298431364395,0.0],[-79.4857378299171,-2.589911355408721,0.0],[-79.48690971905773,-2.588850321048243,0.0],[-79.48812909190245,-2.587875485160301,0.0],[-79.4902024761426,-2.586676030764723,0.0],[-79.49205259839458,-2.585870151588138,0.0],[-79.49309516117896,-2.585473712244316,0.0],[-79.4941472302104,-2.585173926229923,0.0],[-79.49848828522164,-2.58419322005456,0.0],[-79.49838255005271,-2.583931819143897,0.0],[-79.49793202382354,-2.583733772314249,0.0],[-79.49773123889351,-2.58375877181902,0.0],[-79.49755602196525,-2.583379999283084,0.0],[-79.4974055441441,-2.583304107529254,0.0],[-79.49720469997821,-2.583379581528313,0.0],[-79.49702883035818,-2.583556035312114,0.0],[-79.49672769674078,-2.583555677091968,0.0],[-79.49655230297094,-2.583328330004037,0.0],[-79.49617591579867,-2.583302644855036,0.0],[-79.4958996992125,-2.58345374168614,0.0],[-79.49582420792837,-2.583630314674608,0.0],[-79.49574667934363,-2.583657500900891,0.0],[-79.49501007054619,-2.583100522654528,0.0],[-79.49466988570185,-2.583132111551818,0.0],[-79.49341032968341,-2.584182449663384,0.0],[-79.49248803818696,-2.584105104948093,0.0],[-79.49214826973306,-2.583845598244578,0.0],[-79.49170944078688,-2.583955374902986,0.0],[-79.49140190827777,-2.58433002830734,0.0],[-79.49076548196473,-2.584593989060763,0.0],[-79.49023886081864,-2.584747780227274,0.0],[-79.48892247709936,-2.584988865746197,0.0],[-79.48828615503666,-2.585164584652424,0.0],[-79.48742996166055,-2.585781239808891,0.0],[-79.48721011537032,-2.586200116338583,0.0],[-79.48683675106956,-2.586596749556737,0.0],[-79.48652960908605,-2.586640501353005,0.0],[-79.48615700319176,-2.58639739410168,0.0],[-79.48591603250185,-2.586132384688996,0.0],[-79.48519191807095,-2.5863521161861,0.0],[-79.4846432570612,-2.586594117808894,0.0],[-79.48422620568775,-2.586836276249024,0.0],[-79.48400416285708,-2.587054795430302,0.0]]]}},{"type":"Feature","properties":{"fcode":"EA010","descr":"PRODUCTO AGRICOLA, RESULTADO DE UN CONJUNTO DE TECNICAS Y CONOCIMIENTOS PARA CULTIVAR LA TIERRA","DPA_DESPRO":"GUAYAS","DPA_DESCAN":"NARANJAL","niv1":"TIERRA AGROPECUARIA","niv2":"CULTIVO","niv3":"CULTIVO PERMANENTE","niv4":"FRUTALES","niv5":"CACAO","LULC_std":"Cacao","label":"Cacao","cbt":"CACAO","uso":"AGRICOLA","tmp":"CULTIVO PERMANENTE","nal":"NO APLICABLE","tap":"MEDIANA","rie":"SI","spr":"MERCANTIL","sce":235.529579391,"usce":"HECTAREAS","txt":"EL CODIGO (fcode) Y LA DESCRIPCION (descr) CORRESPONDEN A LOS OBJETOS GEOGRAFICOS DEL ATRIBUTO niv2","simbologia":"CPuc: Cacao","SHAPE_Leng":12759.1888536,"SHAPE_Area":1906918.90573,"apt_uso":1,"area_ha":190.691890573,"cob_suelo":"Cacao","cacao_sys":"Cacao_alim_con50b","observ":null,"cob_label":"Cacao próximo a cultivos alimentarios","grupo_c":"Cultivos mixtos de cacao"},"geometry":{"type":"Polygon","coordinates":[[[-79.49220096102806,-2.556746084846569,0.0],[-79.49223267648397,-2.556938860620436,0.0],[-79.49243307437112,-2.557241948030578,0.0],[-79.49259973794574,-2.557780546431321,0.0],[-79.49283367301335,-2.558016373539457,0.0],[-79.49293365550362,-2.558352992430296,0.0],[-79.49285211328551,-2.558646906424621,0.0],[-79.49289346933804,-2.558772172997953,0.0],[-79.49282612631329,-2.559136085265149,0.0],[-79.4924975544549,-2.559328329525861,0.0],[-79.49252513685187,-2.559751937526842,0.0],[-79.49157999006438,-2.560428818857517,0.0],[-79.4918933718528,-2.560976468550983,0.0],[-79.49152501222908,-2.561245233331365,0.0],[-79.49148598380488,-2.561323506268731,0.0],[-79.4913261526016,-2.56133994445427,0.0],[-79.49105621311337,-2.561657477601528,0.0],[-79.49098995583076,-2.561669156327348,0.0],[-79.49119969205711,-2.561888600162662,0.0],[-79.49151462458772,-2.561995497645129,0.0],[-79.49239458171506,-2.56154911292932,0.0],[-79.4934330507799,-2.561680910984596,0.0],[-79.4935122407618,-2.561867350726642,0.0],[-79.49256045836576,-2.562760712162002,0.0],[-79.49195636790289,-2.56252471049423,0.0],[-79.49176996597264,-2.562618169271048,0.0],[-79.4915527382158,-2.562972957336767,0.0],[-79.49259702852936,-2.563413861939634,0.0],[-79.49294570939013,-2.563315203996882,0.0],[-79.4930346453248,-2.56366618094827,0.0],[-79.49285359779454,-2.564526052268817,0.0],[-79.49333929523856,-2.564567337881887,0.0],[-79.49329804825702,-2.56460944945296,0.0],[-79.49368175824532,-2.564700729735235,0.0],[-79.4936807344276,-2.565575631213792,0.0],[-79.49404862325363,-2.565710666696651,0.0],[-79.49394734044839,-2.566484498686574,0.0],[-79.49264256620768,-2.566382003167496,0.0],[-79.49075681552517,-2.567203923720722,0.0],[-79.48893379919198,-2.569065120881764,0.0],[-79.48935676229668,-2.569643374825864,0.0],[-79.4895321561522,-2.570293184346133,0.0],[-79.48951671184851,-2.570942766033736,0.0],[-79.48941372771877,-2.571134571211436,0.0],[-79.48887047256567,-2.571222505980302,0.0],[-79.48860627164466,-2.571192664726605,0.0],[-79.48899831636894,-2.571735694886704,0.0],[-79.48922904115837,-2.572145660782241,0.0],[-79.48981172840107,-2.57285500885787,0.0],[-79.49008645306587,-2.573298245782755,0.0],[-79.49003115629864,-2.573508561946505,0.0],[-79.4900640819249,-2.573597182408122,0.0],[-79.4901851639193,-2.573619472531873,0.0],[-79.4903944031859,-2.573575430476436,0.0],[-79.4904933356005,-2.57370842059381,0.0],[-79.49160651516183,-2.572702125335732,0.0],[-79.4929448129177,-2.572038077651527,0.0],[-79.49316200951908,-2.572213250890316,0.0],[-79.49364029459977,-2.572213818664868,0.0],[-79.4938430663858,-2.572330668996315,0.0],[-79.49406050354398,-2.572301774612872,0.0],[-79.4942056428397,-2.572127031385161,0.0],[-79.49475651572345,-2.572025651329926,0.0],[-79.49472797323949,-2.571646633167743,0.0],[-79.49490227092645,-2.571326162168571,0.0],[-79.49516352891514,-2.571005793253053,0.0],[-79.49622281577273,-2.569928401207791,0.0],[-79.49665692111905,-2.57052654403108,0.0],[-79.49694677314744,-2.570541463344738,0.0],[-79.49723674548852,-2.570454349111573,0.0],[-79.49746887966911,-2.570250554683725,0.0],[-79.49732408196411,-2.570133773515612,0.0],[-79.49723797300659,-2.56940485548952,0.0],[-79.4970791583534,-2.568879920582222,0.0],[-79.49765939176439,-2.568457894034916,0.0],[-79.49815245840894,-2.568210679788532,0.0],[-79.4984858423002,-2.568181920258566,0.0],[-79.49871763629118,-2.568269652404721,0.0],[-79.4989786204523,-2.56818250225591,0.0],[-79.49916698447815,-2.568226454315307,0.0],[-79.49938382578678,-2.56870772829504,0.0],[-79.49787471494537,-2.570236458484159,0.0],[-79.49751186637125,-2.570673319043207,0.0],[-79.49768548137358,-2.5709358975861,0.0],[-79.4975114400742,-2.571037726202246,0.0],[-79.4972791683222,-2.571358130253107,0.0],[-79.49694573253826,-2.571430616687771,0.0],[-79.49662668868412,-2.571590578329113,0.0],[-79.49604641903892,-2.572041756659627,0.0],[-79.49614761775035,-2.572260520846147,0.0],[-79.49643777739163,-2.572013067882232,0.0],[-79.49697405479486,-2.571999125918622,0.0],[-79.49746615069024,-2.572582761518846,0.0],[-79.49681320927625,-2.573208768786135,0.0],[-79.49656728009539,-2.572814917418907,0.0],[-79.49648030241946,-2.572829390584231,0.0],[-79.49630600457539,-2.573149862809566,0.0],[-79.49577753863257,-2.573320399549623,0.0],[-79.49652338235872,-2.573909408283651,0.0],[-79.49707164718286,-2.573615047012429,0.0],[-79.49725908705439,-2.573382740339134,0.0],[-79.49827453673922,-2.573303972942266,0.0],[-79.4988816034064,-2.573048787330265,0.0],[-79.50024843419473,-2.571677378169875,0.0],[-79.50085063589158,-2.571397578192648,0.0],[-79.50102720731769,-2.571043458005005,0.0],[-79.5010862194995,-2.570792544168812,0.0],[-79.50153849899817,-2.570043819062054,0.0],[-79.5025393264754,-2.570964041303785,0.0],[-79.50311218928566,-2.570665750808933,0.0],[-79.50293511494661,-2.57145171104771,0.0],[-79.50316597386502,-2.571750949228624,0.0],[-79.50353165414325,-2.571816840218867,0.0],[-79.50352961483898,-2.568208047252575,0.0],[-79.50242734996837,-2.567083415095938,0.0],[-79.50074675582508,-2.56549683466051,0.0],[-79.50045654383989,-2.565926373281218,0.0],[-79.49970787080444,-2.566621218279791,0.0],[-79.49951982979493,-2.567542366031695,0.0],[-79.4987719454385,-2.567560286620527,0.0],[-79.4979871504842,-2.567164488122066,0.0],[-79.49789410703765,-2.566788309118374,0.0],[-79.49804414017558,-2.566393613770615,0.0],[-79.49772689224477,-2.565885546197287,0.0],[-79.4968479354113,-2.56607254203985,0.0],[-79.49660463839922,-2.566279092836579,0.0],[-79.49628725941875,-2.565883845477901,0.0],[-79.4961757607006,-2.565300807530957,0.0],[-79.49759761798758,-2.56451274206931,0.0],[-79.49774787077074,-2.563930012806417,0.0],[-79.49776685237127,-2.563685589973727,0.0],[-79.49787922855732,-2.56351649184939,0.0],[-79.49731932067762,-2.562669676194722,0.0],[-79.49735759061308,-2.561917584177172,0.0],[-79.49754470846325,-2.561786180062401,0.0],[-79.49776915431842,-2.561711231035522,0.0],[-79.49795594343541,-2.561861879414891,0.0],[-79.4982549998374,-2.561937445553919,0.0],[-79.49866656357705,-2.561731092040964,0.0],[-79.49890988019844,-2.561505737640249,0.0],[-79.4989851038667,-2.56112975692122,0.0],[-79.49788008134861,-2.560251649657928,0.0],[-79.49804769809356,-2.559617810966991,0.0],[-79.49907301843344,-2.559672175168084,0.0],[-79.49927941236957,-2.560043864127381,0.0],[-79.499813907553,-2.560554821046919,0.0],[-79.49992301857496,-2.560525031804505,0.0],[-79.50026829188752,-2.56059490425905,0.0],[-79.50044938237421,-2.560786150609453,0.0],[-79.50051139039702,-2.560653422882679,0.0],[-79.50063921053867,-2.560635212036567,0.0],[-79.50076723348182,-2.560442567458523,0.0],[-79.50114604922852,-2.56045678419646,0.0],[-79.50149321403603,-2.560213902450358,0.0],[-79.50147505332416,-2.560131254850272,0.0],[-79.50155734809316,-2.560012002920709,0.0],[-79.50133373756431,-2.559979607606936,0.0],[-79.50104180799698,-2.559823191690068,0.0],[-79.50104651131085,-2.559703848605279,0.0],[-79.50125204548434,-2.559580149885145,0.0],[-79.50151678729898,-2.559566690523883,0.0],[-79.50176335150141,-2.559484353019726,0.0],[-79.50222967477245,-2.560063222315781,0.0],[-79.502563102942,-2.55988487937353,0.0],[-79.50302763485394,-2.560587440042367,0.0],[-79.50296444625246,-2.560155488706497,0.0],[-79.49752764652969,-2.552692055783895,0.0],[-79.49706296855116,-2.553033173554558,0.0],[-79.4965327033738,-2.552533483585996,0.0],[-79.49642928789191,-2.552150357228562,0.0],[-79.49605896991514,-2.552091104156459,0.0],[-79.49568174207008,-2.552462724681873,0.0],[-79.49552437501761,-2.552286457293454,0.0],[-79.49512133140465,-2.552607010029921,0.0],[-79.49527624474052,-2.552813072758485,0.0],[-79.49510712917186,-2.553095796432748,0.0],[-79.49475805201133,-2.55331040670078,0.0],[-79.4944654489177,-2.553344013355542,0.0],[-79.49424028061233,-2.553445600812329,0.0],[-79.49366558755182,-2.554146572566119,0.0],[-79.4934961671393,-2.55468958430978,0.0],[-79.4935201426448,-2.554844934189865,0.0],[-79.49325644795128,-2.55484501938906,0.0],[-79.4930886969507,-2.555013335621452,0.0],[-79.49313637382232,-2.555181905010517,0.0],[-79.49307131687189,-2.555507066637329,0.0],[-79.49275232904684,-2.55569591236124,0.0],[-79.49254925642467,-2.556148349003808,0.0],[-79.49234651383452,-2.556317863604819,0.0],[-79.49220096102806,-2.556746084846569,0.0]]]}},{"type":"Feature","properties":{"fcode":"EA010","descr":"PRODUCTO AGRICOLA, RESULTADO DE UN CONJUNTO DE TECNICAS Y CONOCIMIENTOS PARA CULTIVAR LA TIERRA","DPA_DESPRO":"GUAYAS","DPA_DESCAN":"NARANJAL","niv1":"TIERRA AGROPECUARIA","niv2":"CULTIVO","niv3":"CULTIVO PERMANENTE","niv4":"FRUTALES","niv5":"CACAO","LULC_std":"Cacao","label":"Cacao","cbt":"CACAO","uso":"AGRICOLA","tmp":"CULTIVO PERMANENTE","nal":"NO APLICABLE","tap":"MEDIANA","rie":"SI","spr":"MERCANTIL","sce":24.5262146342,"usce":"HECTAREAS","txt":"EL CODIGO (fcode) Y LA DESCRIPCION (descr) CORRESPONDEN A LOS OBJETOS GEOGRAFICOS DEL ATRIBUTO niv2","simbologia":"CPuc: Cacao","SHAPE_Leng":2930.53149606,"SHAPE_Area":245262.146342,"apt_uso":1,"area_ha":24.5262146342,"cob_suelo":"Cacao","cacao_sys":"Cacao_alim_con50b","observ":null,"cob_label":"Cacao próximo a cultivos alimentarios","grupo_c":"Cultivos mixtos de cacao"},"geometry":{"type":"Polygon","coordinates":[[[-79.43895383904554,-2.546886025977994,0.0],[-79.43805010355587,-2.545722808580674,0.0],[-79.43841614875308,-2.545607042025061,0.0],[-79.44007025670828,-2.547352232404253,0.0],[-79.44043651234557,-2.547062148773643,0.0],[-79.44070587163303,-2.547275531578459,0.0],[-79.44139970326582,-2.546830897211938,0.0],[-79.4400728662487,-2.545182948439774,0.0],[-79.44051636312116,-2.544718640484908,0.0],[-79.43965118869599,-2.543516733921408,0.0],[-79.44071129552852,-2.542762644636381,0.0],[-79.44007707873688,-2.541677230968877,0.0],[-79.43952298626887,-2.54198246158145,0.0],[-79.44003330258683,-2.542755628688134,0.0],[-79.43976374854955,-2.542964592975734,0.0],[-79.43917029027094,-2.542176749814996,0.0],[-79.43506665142351,-2.544421475033524,0.0],[-79.43522022574074,-2.544828403269996,0.0],[-79.43570051204998,-2.545797418613015,0.0],[-79.43643122517739,-2.54670863358218,0.0],[-79.437970339731,-2.54798883878936,0.0],[-79.43895383904554,-2.546886025977994,0.0]]]}},{"type":"Feature","properties":{"fcode":"EA010","descr":"PRODUCTO AGRICOLA, RESULTADO DE UN CONJUNTO DE TECNICAS Y CONOCIMIENTOS PARA CULTIVAR LA TIERRA","DPA_DESPRO":"GUAYAS","DPA_DESCAN":"NARANJAL","niv1":"TIERRA AGROPECUARIA","niv2":"CULTIVO","niv3":"CULTIVO PERMANENTE","niv4":"FRUTALES","niv5":"CACAO","LULC_std":"Cacao","label":"Cacao","cbt":"CACAO","uso":"AGRICOLA","tmp":"CULTIVO PERMANENTE","nal":"NO APLICABLE","tap":"MEDIANA","rie":"SI","spr":"MERCANTIL","sce":27.1848235795,"usce":"HECTAREAS","txt":"EL CODIGO (fcode) Y LA DESCRIPCION (descr) CORRESPONDEN A LOS OBJETOS GEOGRAFICOS DEL ATRIBUTO niv2","simbologia":"CPuc: Cacao","SHAPE_Leng":2555.93724525,"SHAPE_Area":177621.876924,"apt_uso":1,"area_ha":17.7621876924,"cob_suelo":"Cacao","cacao_sys":"Cacao_alim_con50b","observ":null,"cob_label":"Cacao próximo a cultivos alimentarios","grupo_c":"Cultivos mixtos de cacao"},"geometry":{"type":"Polygon","coordinates":[[[-79.50303676382481,-2.538114414242654,0.0],[-79.50327220726491,-2.53854669401965,0.0],[-79.50342979657893,-2.538652621262075,0.0],[-79.50351269086889,-2.538655592836967,0.0],[-79.50351117903026,-2.536048658837428,0.0],[-79.50342102254254,-2.535987081670974,0.0],[-79.50351102146014,-2.53577655238713,0.0],[-79.50351091037899,-2.535586036810442,0.0],[-79.50334635083146,-2.535457003207343,0.0],[-79.50294496949358,-2.535355586085741,0.0],[-79.50255589528122,-2.535815692210251,0.0],[-79.50116741856262,-2.534928367163595,0.0],[-79.49971050153447,-2.537276910833366,0.0],[-79.49829301398756,-2.535601784231187,0.0],[-79.49659465692997,-2.537317522355458,0.0],[-79.4960979551046,-2.537734765172317,0.0],[-79.49694413600326,-2.537993135077229,0.0],[-79.49712711103773,-2.537976621078776,0.0],[-79.49752719130039,-2.53821502028175,0.0],[-79.49794589324402,-2.538087392704182,0.0],[-79.49823689190187,-2.538234151572964,0.0],[-79.49840067415155,-2.538234342811553,0.0],[-79.49872844899737,-2.538051701611093,0.0],[-79.4988559832267,-2.537923732852823,0.0],[-79.4991107762463,-2.537905727801832,0.0],[-79.49927449428704,-2.5379608260016,0.0],[-79.49936531595931,-2.538107352002321,0.0],[-79.49938334499859,-2.538253792170264,0.0],[-79.49951058278128,-2.538382058280039,0.0],[-79.49961970799095,-2.538437092780911,0.0],[-79.49994722965045,-2.538474079657792,0.0],[-79.50007450974164,-2.538565741012163,0.0],[-79.5004122599839,-2.538649105748283,0.0],[-79.50067528254745,-2.538501370741395,0.0],[-79.50144368573282,-2.537740909902627,0.0],[-79.50158044168843,-2.537677622607168,0.0],[-79.5018538309331,-2.537656791560379,0.0],[-79.50204325482231,-2.537508971246678,0.0],[-79.50232717018281,-2.537477578042861,0.0],[-79.50244259400733,-2.537678626593993,0.0],[-79.50257913091953,-2.537805677906403,0.0],[-79.50292587541007,-2.537996421451123,0.0],[-79.50303676382481,-2.538114414242654,0.0]]]}},{"type":"Feature","properties":{"fcode":"EA010","descr":"PRODUCTO AGRICOLA, RESULTADO DE UN CONJUNTO DE TECNICAS Y CONOCIMIENTOS PARA CULTIVAR LA TIERRA","DPA_DESPRO":"GUAYAS","DPA_DESCAN":"NARANJAL","niv1":"TIERRA AGROPECUARIA","niv2":"CULTIVO","niv3":"CULTIVO PERMANENTE","niv4":"FRUTALES","niv5":"CACAO","LULC_std":"Cacao","label":"Cacao","cbt":"CACAO","uso":"AGRICOLA","tmp":"CULTIVO PERMANENTE","nal":"NO APLICABLE","tap":"MEDIANA","rie":"SI","spr":"MERCANTIL","sce":21.3925142137,"usce":"HECTAREAS","txt":"EL CODIGO (fcode) Y LA DESCRIPCION (descr) CORRESPONDEN A LOS OBJETOS GEOGRAFICOS DEL ATRIBUTO niv2","simbologia":"CPuc: Cacao","SHAPE_Leng":2511.03657616,"SHAPE_Area":213925.142137,"apt_uso":1,"area_ha":21.3925142137,"cob_suelo":"Cacao","cacao_sys":"Cacao_alim_con50b","observ":null,"cob_label":"Cacao próximo a cultivos alimentarios","grupo_c":"Cultivos mixtos de cacao"},"geometry":{"type":"Polygon","coordinates":[[[-79.47589066135245,-2.531810471505034,0.0],[-79.47664558197322,-2.532411799220842,0.0],[-79.47530942093884,-2.534325453984781,0.0],[-79.47585714199337,-2.534631035372644,0.0],[-79.47646458199743,-2.533728682528341,0.0],[-79.47704410507795,-2.534096271863155,0.0],[-79.47771595156401,-2.532648612093243,0.0],[-79.47798599487157,-2.532389554553113,0.0],[-79.47851854347086,-2.532986058452857,0.0],[-79.47935588215424,-2.533703589155977,0.0],[-79.4801329487392,-2.533323504603349,0.0],[-79.48048941306729,-2.532581132160787,0.0],[-79.48037170062615,-2.530807245937841,0.0],[-79.48059581376278,-2.530555445215723,0.0],[-79.480273345788,-2.528979926595826,0.0],[-79.48044912205582,-2.527933788740632,0.0],[-79.47979677373897,-2.52768699671064,0.0],[-79.47961834161102,-2.52767960847957,0.0],[-79.47941125325383,-2.527763115182434,0.0],[-79.4793564166884,-2.527861159293196,0.0],[-79.47932619603162,-2.528273895534821,0.0],[-79.47911243646514,-2.528638225805907,0.0],[-79.4782249265615,-2.529391224478554,0.0],[-79.47796315027715,-2.529742538571819,0.0],[-79.47660916514414,-2.5309935947382,0.0],[-79.47613184091337,-2.531482308254684,0.0],[-79.47589066135245,-2.531810471505034,0.0]]]}},{"type":"Feature","properties":{"fcode":"EA010","descr":"PRODUCTO AGRICOLA, RESULTADO DE UN CONJUNTO DE TECNICAS Y CONOCIMIENTOS PARA CULTIVAR LA TIERRA","DPA_DESPRO":"GUAYAS","DPA_DESCAN":"NARANJAL","niv1":"TIERRA AGROPECUARIA","niv2":"CULTIVO","niv3":"CULTIVO PERMANENTE","niv4":"FRUTALES","niv5":"CACAO","LULC_std":"Cacao","label":"Cacao","cbt":"CACAO","uso":"AGRICOLA","tmp":"CULTIVO PERMANENTE","nal":"NO APLICABLE","tap":"MEDIANA","rie":"SI","spr":"MERCANTIL","sce":15.002646127,"usce":"HECTAREAS","txt":"EL CODIGO (fcode) Y LA DESCRIPCION (descr) CORRESPONDEN A LOS OBJETOS GEOGRAFICOS DEL ATRIBUTO niv2","simbologia":"CPuc: Cacao","SHAPE_Leng":2330.722237,"SHAPE_Area":150026.46127,"apt_uso":1,"area_ha":15.002646127,"cob_suelo":"Cacao","cacao_sys":"Cacao_alim_con50b","observ":null,"cob_label":"Cacao próximo a cultivos alimentarios","grupo_c":"Cultivos mixtos de cacao"},"geometry":{"type":"Polygon","coordinates":[[[-79.47877369645325,-2.526063693610137,0.0],[-79.47441407801118,-2.530494480743178,0.0],[-79.47429795062516,-2.530403305492923,0.0],[-79.47430256383797,-2.530527739916428,0.0],[-79.47421677834413,-2.530642497138949,0.0],[-79.47385463269157,-2.530934846586664,0.0],[-79.47479936706755,-2.532065522862463,0.0],[-79.47502547157465,-2.531838654018807,0.0],[-79.4754656053814,-2.53213277288634,0.0],[-79.47601235480413,-2.531363295474119,0.0],[-79.47625869189717,-2.53116932027564,0.0],[-79.47644387573386,-2.530895544181018,0.0],[-79.47711591861872,-2.530299418437775,0.0],[-79.47855765330787,-2.528803927191515,0.0],[-79.47891531078663,-2.528679004202664,0.0],[-79.47909156150875,-2.528516495999106,0.0],[-79.47925363450462,-2.528270220530485,0.0],[-79.47924690691252,-2.527918459360683,0.0],[-79.47938755814286,-2.527679336761293,0.0],[-79.47962322194914,-2.527574327354076,0.0],[-79.47977073544732,-2.527572107975658,0.0],[-79.48044204045915,-2.527724465503102,0.0],[-79.48045092667547,-2.527462347119243,0.0],[-79.4802780183748,-2.527299657431671,0.0],[-79.48034748730892,-2.527102435534609,0.0],[-79.4803363929687,-2.526719420410412,0.0],[-79.48001329248359,-2.526707434218504,0.0],[-79.47920468328518,-2.527414455906164,0.0],[-79.47857072487936,-2.526786978799888,0.0],[-79.47882489739452,-2.526531943271025,0.0],[-79.47865200298921,-2.526357648394756,0.0],[-79.47884844964828,-2.526125757013618,0.0],[-79.47877369645325,-2.526063693610137,0.0]]]}},{"type":"Feature","properties":{"fcode":"EA010","descr":"PRODUCTO AGRICOLA, RESULTADO DE UN CONJUNTO DE TECNICAS Y CONOCIMIENTOS PARA CULTIVAR LA TIERRA","DPA_DESPRO":"GUAYAS","DPA_DESCAN":"NARANJAL","niv1":"TIERRA AGROPECUARIA","niv2":"CULTIVO","niv3":"CULTIVO PERMANENTE","niv4":"FRUTALES","niv5":"CACAO","LULC_std":"Cacao","label":"Cacao","cbt":"CACAO","uso":"AGRICOLA","tmp":"CULTIVO PERMANENTE","nal":"NO APLICABLE","tap":"MEDIANA","rie":"SI","spr":"MERCANTIL","sce":12.3462740391,"usce":"HECTAREAS","txt":"EL CODIGO (fcode) Y LA DESCRIPCION (descr) CORRESPONDEN A LOS OBJETOS GEOGRAFICOS DEL ATRIBUTO niv2","simbologia":"CPuc: Cacao","SHAPE_Leng":2370.21207746,"SHAPE_Area":123462.740391,"apt_uso":1,"area_ha":12.3462740391,"cob_suelo":"Cacao","cacao_sys":"Cacao_alim_con50b","observ":null,"cob_label":"Cacao próximo a cultivos alimentarios","grupo_c":"Cultivos mixtos de cacao"},"geometry":{"type":"Polygon","coordinates":[[[-79.47291449975532,-2.524818504584653,0.0],[-79.47304787587431,-2.524778503510865,0.0],[-79.47427616906559,-2.525865159848604,0.0],[-79.47422586476988,-2.52596605050883,0.0],[-79.47460196658244,-2.526218867861512,0.0],[-79.4732760990093,-2.527205519899084,0.0],[-79.47392349004541,-2.527788741357943,0.0],[-79.47810040371594,-2.524372352086376,0.0],[-79.4775471581224,-2.523803001042848,0.0],[-79.47729316197474,-2.523907157667975,0.0],[-79.4770740281367,-2.523802444042039,0.0],[-79.47685453042456,-2.524011095878794,0.0],[-79.4767853993644,-2.523918165841463,0.0],[-79.47695871209733,-2.523732671788164,0.0],[-79.47715499523301,-2.523640054263218,0.0],[-79.47725912365493,-2.523408054347194,0.0],[-79.47679780377074,-2.523175389684064,0.0],[-79.47608170518572,-2.523720032735012,0.0],[-79.47562057587542,-2.523324882037517,0.0],[-79.47550505630119,-2.523429200544085,0.0],[-79.47530915188548,-2.523196848268622,0.0],[-79.47487037116016,-2.523428452417904,0.0],[-79.47528536924546,-2.523800336747545,0.0],[-79.47523899311756,-2.523985980085053,0.0],[-79.47587302953738,-2.52454382071199,0.0],[-79.47558427976583,-2.524763996571216,0.0],[-79.47448896493383,-2.523938671357859,0.0],[-79.47417708086535,-2.52420524380678,0.0],[-79.47395797463781,-2.524077317682782,0.0],[-79.47363448307479,-2.524401906516872,0.0],[-79.4734384572229,-2.524274008464054,0.0],[-79.47311518231079,-2.524412899492071,0.0],[-79.47323038959311,-2.524575521240015,0.0],[-79.47291449975532,-2.524818504584653,0.0]]]}},{"type":"Feature","properties":{"fcode":"EA010","descr":"PRODUCTO AGRICOLA, RESULTADO DE UN CONJUNTO DE TECNICAS Y CONOCIMIENTOS PARA CULTIVAR LA TIERRA","DPA_DESPRO":"GUAYAS","DPA_DESCAN":"NARANJAL","niv1":"TIERRA AGROPECUARIA","niv2":"CULTIVO","niv3":"CULTIVO PERMANENTE","niv4":"FRUTALES","niv5":"CACAO","LULC_std":"Cacao","label":"Cacao","cbt":"CACAO","uso":"AGRICOLA","tmp":"CULTIVO PERMANENTE","nal":"NO APLICABLE","tap":"MEDIANA","rie":"SI","spr":"MERCANTIL","sce":82.6550015069,"usce":"HECTAREAS","txt":"EL CODIGO (fcode) Y LA DESCRIPCION (descr) CORRESPONDEN A LOS OBJETOS GEOGRAFICOS DEL ATRIBUTO niv2","simbologia":"CPuc: Cacao","SHAPE_Leng":5854.03666952,"SHAPE_Area":826550.015069,"apt_uso":1,"area_ha":82.6550015069,"cob_suelo":"Cacao","cacao_sys":"Cacao_alim_sin50b","observ":null,"cob_label":"Cacao sin cultivos alimentarios próximos","grupo_c":"Cultivos de exclusivos de cacao"},"geometry":{"type":"Polygon","coordinates":[[[-79.4282870533826,-2.525908555948689,0.0],[-79.42828673384417,-2.533627111199269,0.0],[-79.42960005487369,-2.532622482088668,0.0],[-79.43085018557565,-2.531819947947388,0.0],[-79.43122493388697,-2.531820403980664,0.0],[-79.43164307146856,-2.531966191287975,0.0],[-79.43244696739238,-2.531193239071802,0.0],[-79.43328411808997,-2.530588571447516,0.0],[-79.43425473209493,-2.53028690736148,0.0],[-79.4356274742614,-2.529447342484398,0.0],[-79.43519467174485,-2.527663411284033,0.0],[-79.43452775165903,-2.52581189798027,0.0],[-79.43452815458583,-2.525475406721645,0.0],[-79.43439472977397,-2.525138753388865,0.0],[-79.4347965744328,-2.524836397297984,0.0],[-79.43476388284292,-2.524197023228021,0.0],[-79.434128244555,-2.524162604637046,0.0],[-79.43382777820703,-2.523623853794942,0.0],[-79.43453089306006,-2.523187265934103,0.0],[-79.43443104640218,-2.522749705209136,0.0],[-79.43506720711183,-2.522346684727694,0.0],[-79.43720015156252,-2.529281002313704,0.0],[-79.43763565614766,-2.5288104399328,0.0],[-79.4381379524477,-2.528440906335173,0.0],[-79.43820542947255,-2.527969899071915,0.0],[-79.43803895001568,-2.527296713100143,0.0],[-79.43887561434065,-2.527095828794197,0.0],[-79.43762958542648,-2.522655867867408,0.0],[-79.43700151199266,-2.520640894414535,0.0],[-79.4282870533826,-2.525908555948689,0.0]]]}},{"type":"Feature","properties":{"fcode":"EA010","descr":"PRODUCTO AGRICOLA, RESULTADO DE UN CONJUNTO DE TECNICAS Y CONOCIMIENTOS PARA CULTIVAR LA TIERRA","DPA_DESPRO":"GUAYAS","DPA_DESCAN":"NARANJAL","niv1":"TIERRA AGROPECUARIA","niv2":"CULTIVO","niv3":"CULTIVO PERMANENTE","niv4":"FRUTALES","niv5":"CACAO","LULC_std":"Cacao","label":"Cacao","cbt":"CACAO","uso":"AGRICOLA","tmp":"CULTIVO PERMANENTE","nal":"NO APLICABLE","tap":"MEDIANA","rie":"SI","spr":"MERCANTIL","sce":21.8117858174,"usce":"HECTAREAS","txt":"EL CODIGO (fcode) Y LA DESCRIPCION (descr) CORRESPONDEN A LOS OBJETOS GEOGRAFICOS DEL ATRIBUTO niv2","simbologia":"CPuc: Cacao","SHAPE_Leng":3422.03214129,"SHAPE_Area":218117.858174,"apt_uso":1,"area_ha":21.8117858174,"cob_suelo":"Cacao","cacao_sys":"Cacao_alim_con50b","observ":null,"cob_label":"Cacao próximo a cultivos alimentarios","grupo_c":"Cultivos mixtos de cacao"},"geometry":{"type":"Polygon","coordinates":[[[-79.47429954683565,-2.515929817513744,0.0],[-79.47274719577226,-2.516875071771837,0.0],[-79.47247137216901,-2.516989994445926,0.0],[-79.47244172782818,-2.51716827476639,0.0],[-79.47233318460295,-2.517157229092154,0.0],[-79.47232222665768,-2.517244561396502,0.0],[-79.4719417198687,-2.517724511210873,0.0],[-79.47197470650453,-2.517364251483627,0.0],[-79.4719423685725,-2.517167686456197,0.0],[-79.4718338117589,-2.517167558536704,0.0],[-79.47173945273941,-2.517443676421472,0.0],[-79.4716740146801,-2.517471714099546,0.0],[-79.47163159275154,-2.517989127721386,0.0],[-79.47152883587589,-2.518040650916913,0.0],[-79.47109441839744,-2.518203910257574,0.0],[-79.4709750698729,-2.518149178649085,0.0],[-79.47088839008748,-2.518007140417625,0.0],[-79.47093394719897,-2.517852027829548,0.0],[-79.4708352197056,-2.51775936236875,0.0],[-79.47077996147571,-2.517897831760346,0.0],[-79.47060639826267,-2.517788445366536,0.0],[-79.47047551104654,-2.518031336881291,0.0],[-79.47077983456023,-2.518270368226006,0.0],[-79.47086740922815,-2.518660509031465,0.0],[-79.47089542340503,-2.519119973480961,0.0],[-79.47110631020452,-2.519421626838407,0.0],[-79.47168954678598,-2.519882234872229,0.0],[-79.47237055832579,-2.519931966616769,0.0],[-79.47313343701876,-2.520213763761744,0.0],[-79.47357672726567,-2.520187811984862,0.0],[-79.47421982372585,-2.519969872305579,0.0],[-79.47322742014687,-2.520522850023853,0.0],[-79.47311755799655,-2.520907870156996,0.0],[-79.47402833533705,-2.521151494496809,0.0],[-79.47512751661785,-2.520620078800081,0.0],[-79.47525430441242,-2.520747895753133,0.0],[-79.475103694119,-2.521258386338917,0.0],[-79.47525354777991,-2.521397836564557,0.0],[-79.47562263021489,-2.521560756195039,0.0],[-79.47607231409674,-2.521874650531221,0.0],[-79.4762915015496,-2.521932939847609,0.0],[-79.47669421452116,-2.522231760487839,0.0],[-79.47738275151234,-2.52160369622839,0.0],[-79.47775751105519,-2.521135679167868,0.0],[-79.4777151056405,-2.520774304178974,0.0],[-79.47754174108113,-2.520501312675659,0.0],[-79.47742811027082,-2.520010638786104,0.0],[-79.47719655932536,-2.519820221507291,0.0],[-79.47685602425479,-2.519819821162463,0.0],[-79.47654537035183,-2.520062243815119,0.0],[-79.47637358498045,-2.520478402607882,0.0],[-79.47611172607122,-2.520604917536959,0.0],[-79.47590800933175,-2.520646059204302,0.0],[-79.47589144943146,-2.520349138404724,0.0],[-79.4757300261551,-2.519964051542584,0.0],[-79.47564640851175,-2.51989612640556,0.0],[-79.47559770909457,-2.519765051535785,0.0],[-79.47563040943443,-2.519650449192916,0.0],[-79.47480013218114,-2.519103630498357,0.0],[-79.47454159250691,-2.518851681729727,0.0],[-79.47451585080606,-2.518730168938084,0.0],[-79.47457891488604,-2.518627295288167,0.0],[-79.47465254189457,-2.518636639302598,0.0],[-79.47473961601082,-2.518440215509801,0.0],[-79.47469634524401,-2.518309146175268,0.0],[-79.4748254136152,-2.518130561168415,0.0],[-79.47425146217796,-2.517748385110006,0.0],[-79.47420802722218,-2.517759252720896,0.0],[-79.473860988655,-2.517464054071169,0.0],[-79.4741527323917,-2.517466444054459,0.0],[-79.47431735985631,-2.51767544745814,0.0],[-79.47473882431176,-2.5175653967454,0.0],[-79.47492794161153,-2.51771915609763,0.0],[-79.47502565666952,-2.517706987575016,0.0],[-79.4751113594004,-2.5175228455292,0.0],[-79.4750872909797,-2.517215742499517,0.0],[-79.47437745590034,-2.516628955489192,0.0],[-79.47434320309081,-2.516407642078337,0.0],[-79.47446860726731,-2.516147467480639,0.0],[-79.4744687484854,-2.516025984249507,0.0],[-79.47438173441765,-2.515819871327008,0.0],[-79.47429954683565,-2.515929817513744,0.0]]]}},{"type":"Feature","properties":{"fcode":"EA010","descr":"PRODUCTO AGRICOLA, RESULTADO DE UN CONJUNTO DE TECNICAS Y CONOCIMIENTOS PARA CULTIVAR LA TIERRA","DPA_DESPRO":"GUAYAS","DPA_DESCAN":"NARANJAL","niv1":"TIERRA AGROPECUARIA","niv2":"CULTIVO","niv3":"CULTIVO PERMANENTE","niv4":"FRUTALES","niv5":"CACAO","LULC_std":"Cacao","label":"Cacao","cbt":"CACAO","uso":"AGRICOLA","tmp":"CULTIVO PERMANENTE","nal":"NO APLICABLE","tap":"MEDIANA","rie":"SI","spr":"MERCANTIL","sce":626.531835942,"usce":"HECTAREAS","txt":"EL CODIGO (fcode) Y LA DESCRIPCION (descr) CORRESPONDEN A LOS OBJETOS GEOGRAFICOS DEL ATRIBUTO niv2","simbologia":"CPuc: Cacao","SHAPE_Leng":37748.3456142,"SHAPE_Area":6265318.35942,"apt_uso":1,"area_ha":626.531835942,"cob_suelo":"Cacao","cacao_sys":"Cacao_alim_con50b","observ":null,"cob_label":"Cacao próximo a cultivos alimentarios","grupo_c":"Cultivos mixtos de cacao"},"geometry":{"type":"Polygon","coordinates":[[[-79.45249222221653,-2.507985936422328,0.0],[-79.45248955401966,-2.510255700433718,0.0],[-79.45242020573171,-2.510348894155975,0.0],[-79.45213276631215,-2.510471276780366,0.0],[-79.45168603042309,-2.51055693256075,0.0],[-79.45072986228108,-2.510290447825468,0.0],[-79.45023372135003,-2.51063976202857,0.0],[-79.4494781534341,-2.511021602768247,0.0],[-79.44956285636867,-2.511644721532143,0.0],[-79.44971686165461,-2.511813484730515,0.0],[-79.44989778199641,-2.51190136228055,0.0],[-79.45022589201336,-2.512252398811921,0.0],[-79.4502451633453,-2.512967200135135,0.0],[-79.44971524689669,-2.513182349677286,0.0],[-79.44950051770446,-2.513337186684979,0.0],[-79.44939999682842,-2.51329660735479,0.0],[-79.44907199849884,-2.512851165958437,0.0],[-79.44843548686309,-2.512493016995501,0.0],[-79.44823442149963,-2.512432088360783,0.0],[-79.44778527536441,-2.511942297100998,0.0],[-79.44778269737085,-2.514123769445073,0.0],[-79.44783057275724,-2.514408332273133,0.0],[-79.44850834061437,-2.514020209665971,0.0],[-79.449627780996,-2.51762587245107,0.0],[-79.45023012271022,-2.517525644545894,0.0],[-79.45063208255615,-2.517122331865832,0.0],[-79.44993258800429,-2.51449684054349,0.0],[-79.45009762313187,-2.513672007019837,0.0],[-79.45054979245155,-2.51380252622529,0.0],[-79.45254632571401,-2.515371220582741,0.0],[-79.45266463048443,-2.515274555584407,0.0],[-79.4529030083019,-2.514882412563444,0.0],[-79.45313914012584,-2.514684568949639,0.0],[-79.45302569559811,-2.514528645613217,0.0],[-79.45308848399881,-2.514348901918467,0.0],[-79.45349104451815,-2.514106626025428,0.0],[-79.45372717255769,-2.513810207067551,0.0],[-79.45370719319081,-2.513695548146091,0.0],[-79.45347940431446,-2.513553670342243,0.0],[-79.45369432397335,-2.513236995920093,0.0],[-79.45345965606029,-2.513243459599052,0.0],[-79.4533790736406,-2.513351254771158,0.0],[-79.4531041939175,-2.513344184322633,0.0],[-79.45295660560421,-2.513418183324619,0.0],[-79.45295564141102,-2.513287813531873,0.0],[-79.45274102078353,-2.51335049479512,0.0],[-79.45260695085118,-2.513332353218605,0.0],[-79.45252662255025,-2.513224366427967,0.0],[-79.45230391986807,-2.512558772794557,0.0],[-79.4523938117648,-2.512136306039943,0.0],[-79.45227773728101,-2.51201928534025,0.0],[-79.45177699177401,-2.51213557124541,0.0],[-79.45158045152269,-2.512027446016465,0.0],[-79.45125004198356,-2.511730351501626,0.0],[-79.45142927518715,-2.511352946480554,0.0],[-79.45180457199292,-2.511488257817254,0.0],[-79.4519742097172,-2.511668278302782,0.0],[-79.45227810778184,-2.511704603939313,0.0],[-79.45248354476331,-2.511848703357369,0.0],[-79.45261741435459,-2.512037671719619,0.0],[-79.4525991332675,-2.512379305062947,0.0],[-79.45270625824251,-2.512505305584677,0.0],[-79.45274177249775,-2.512712139597593,0.0],[-79.45284879163962,-2.512928049256178,0.0],[-79.45325979402524,-2.51310835724968,0.0],[-79.45339399188502,-2.513018607775094,0.0],[-79.45352829464714,-2.512838949121186,0.0],[-79.45429735170747,-2.512615091616513,0.0],[-79.45442269419321,-2.512453403065738,0.0],[-79.45454838549838,-2.511995015488646,0.0],[-79.4548790711318,-2.512058344814735,0.0],[-79.4550132679332,-2.511968595034875,0.0],[-79.4557465660225,-2.511744693683918,0.0],[-79.4559523636677,-2.511583101318609,0.0],[-79.45716780155993,-2.511863263515595,0.0],[-79.45688150361208,-2.512393792079004,0.0],[-79.45665786319148,-2.512393526443995,0.0],[-79.45645301457229,-2.512599068595661,0.0],[-79.45620754342569,-2.512955312455391,0.0],[-79.45606706613944,-2.513046074121832,0.0],[-79.4558375331682,-2.513084086578119,0.0],[-79.45605311917944,-2.513736452012068,0.0],[-79.45603401046554,-2.513982491510875,0.0],[-79.45590178451741,-2.514398747232365,0.0],[-79.45556221004088,-2.515098674065734,0.0],[-79.45539216645929,-2.515666307410055,0.0],[-79.45542940450633,-2.51600705316357,0.0],[-79.45571127389027,-2.516367018032168,0.0],[-79.45599334387346,-2.516556632415543,0.0],[-79.45604582056126,-2.516883886705825,0.0],[-79.45637311826074,-2.516897718165295,0.0],[-79.45676551390738,-2.517038765418334,0.0],[-79.45764136187276,-2.51677061169451,0.0],[-79.45804576247598,-2.516818948985038,0.0],[-79.4584262884605,-2.516939044291352,0.0],[-79.4593551986366,-2.517398669923979,0.0],[-79.45953901149058,-2.517441002846705,0.0],[-79.46003580113637,-2.517424364391734,0.0],[-79.460288822708,-2.517528036211826,0.0],[-79.46101280471127,-2.518135868433851,0.0],[-79.46134105752152,-2.518197276163169,0.0],[-79.46154815883644,-2.518100611502932,0.0],[-79.46221615961325,-2.517552242184455,0.0],[-79.46273013119257,-2.517491833550343,0.0],[-79.46302988561676,-2.517510135563158,0.0],[-79.46334043441196,-2.517453075028381,0.0],[-79.46345619876789,-2.517367349655803,0.0],[-79.46326796328539,-2.518213528397107,0.0],[-79.46352898687161,-2.518248086070725,0.0],[-79.46379009165251,-2.518214147278299,0.0],[-79.46424438300487,-2.517986367422226,0.0],[-79.46438072395622,-2.517872368939488,0.0],[-79.46447210382182,-2.517381591630593,0.0],[-79.46538057980864,-2.517017357502204,0.0],[-79.46596996982824,-2.51773725903843,0.0],[-79.46590155900041,-2.517999745627565,0.0],[-79.46611695375911,-2.518228318861186,0.0],[-79.46617354734477,-2.518365377208444,0.0],[-79.46621876255483,-2.518525254294158,0.0],[-79.46621804128603,-2.519141714661075,0.0],[-79.46634277780693,-2.519244606295627,0.0],[-79.46638943575897,-2.519425648715225,0.0],[-79.46652720444165,-2.519321982510163,0.0],[-79.46658301533569,-2.519357169600368,0.0],[-79.46660799815781,-2.519269616335632,0.0],[-79.46675679421746,-2.519120315909712,0.0],[-79.46689876890734,-2.519224627907237,0.0],[-79.467021908139,-2.51941087335748,0.0],[-79.46696279847704,-2.520430559961869,0.0],[-79.46637500262885,-2.52034362606464,0.0],[-79.46634758020325,-2.520182254250392,0.0],[-79.46265017085136,-2.521612497776162,0.0],[-79.46109491909284,-2.520893337474515,0.0],[-79.45149494466853,-2.524338021100688,0.0],[-79.45145861968979,-2.524225938187858,0.0],[-79.45144105168389,-2.524272352664577,0.0],[-79.45187475900045,-2.525316004901315,0.0],[-79.45347579146465,-2.524857707896326,0.0],[-79.458890817755,-2.522933224004762,0.0],[-79.45951753143788,-2.524542624049364,0.0],[-79.45854151369343,-2.52488670548451,0.0],[-79.45857713366614,-2.525322846224325,0.0],[-79.45436525623343,-2.527262084217149,0.0],[-79.44845452706298,-2.529671698247588,0.0],[-79.4485040099542,-2.529772311351955,0.0],[-79.44742371892845,-2.530203707448781,0.0],[-79.44658847152402,-2.530774994737374,0.0],[-79.44764740624508,-2.532856772932158,0.0],[-79.4500806693885,-2.531788250669771,0.0],[-79.4514317486543,-2.531036126636106,0.0],[-79.45166392523132,-2.530862924046407,0.0],[-79.4521083103911,-2.530699812113492,0.0],[-79.45237281778837,-2.531547986475757,0.0],[-79.45211981611048,-2.53160219535795,0.0],[-79.4519212744055,-2.531438420229818,0.0],[-79.45170442845713,-2.531474501586694,0.0],[-79.45170414804531,-2.531710720509063,0.0],[-79.45157143392807,-2.531757258015244,0.0],[-79.45185054823394,-2.532478434846464,0.0],[-79.45224546511186,-2.532292832380941,0.0],[-79.45229846746327,-2.532410480233391,0.0],[-79.45225659059443,-2.532552363762356,0.0],[-79.45260723427985,-2.533515378137112,0.0],[-79.45392192482251,-2.532782863892078,0.0],[-79.45408291368464,-2.533125736017613,0.0],[-79.45215184055075,-2.534194785753156,0.0],[-79.4520141023469,-2.533942200744317,0.0],[-79.44589098440169,-2.536992777362352,0.0],[-79.44559907838516,-2.536394013873272,0.0],[-79.44397579448442,-2.53726474367774,0.0],[-79.444016425778,-2.537442874999409,0.0],[-79.44416974768295,-2.537691978120319,0.0],[-79.44421213175151,-2.537932364515871,0.0],[-79.44416739679643,-2.538211091590334,0.0],[-79.44326360726726,-2.538580140214851,0.0],[-79.4425614882213,-2.538175498625318,0.0],[-79.44248880797053,-2.537984761317202,0.0],[-79.44397244648727,-2.537259653400879,0.0],[-79.44313456777546,-2.535053403698719,0.0],[-79.43940780497613,-2.536687847981943,0.0],[-79.43888228283707,-2.536591740921321,0.0],[-79.43892374995569,-2.536480935422429,0.0],[-79.43908923439783,-2.536356422567552,0.0],[-79.43856561391708,-2.535207052627989,0.0],[-79.439636363613,-2.534421070423703,0.0],[-79.439421303716,-2.533769571533579,0.0],[-79.43856132249937,-2.534431691799261,0.0],[-79.4383877826725,-2.534015765682283,0.0],[-79.43856756431582,-2.532894343018038,0.0],[-79.43785574840943,-2.531278316514664,0.0],[-79.43468692585513,-2.532575575874962,0.0],[-79.43424051012586,-2.532844227168853,0.0],[-79.4334809656707,-2.533830346684075,0.0],[-79.43329634099668,-2.533657179549043,0.0],[-79.43124619757418,-2.534911024354646,0.0],[-79.43017064350612,-2.535965037441268,0.0],[-79.42919586957376,-2.536315623005121,0.0],[-79.4287971675926,-2.535460827197398,0.0],[-79.42828665278722,-2.535481596089667,0.0],[-79.42828642649059,-2.540473527049641,0.0],[-79.43056789511922,-2.54355631047143,0.0],[-79.43162930967056,-2.543045303895831,0.0],[-79.43214340707081,-2.543719308791244,0.0],[-79.43420230612442,-2.54266187461202,0.0],[-79.43407194433495,-2.542431783775128,0.0],[-79.43661118030037,-2.541252071322019,0.0],[-79.43691857446885,-2.541872261258567,0.0],[-79.438151014381,-2.54128904516844,0.0],[-79.43847733474009,-2.54170030290273,0.0],[-79.4439880872006,-2.538526793238086,0.0],[-79.44622249954463,-2.537469398913824,0.0],[-79.44661413804171,-2.538184383742714,0.0],[-79.44172485518318,-2.540761615900815,0.0],[-79.44632312510244,-2.546679811042637,0.0],[-79.44682076650707,-2.546444107749509,0.0],[-79.44708887268365,-2.546217907013145,0.0],[-79.44742558572861,-2.546080644614172,0.0],[-79.44772598756398,-2.545560564493427,0.0],[-79.44802307855888,-2.544825124499536,0.0],[-79.44809095930822,-2.544764188965285,0.0],[-79.44849058705238,-2.544829279536492,0.0],[-79.4486406271046,-2.544703836164146,0.0],[-79.4487980497298,-2.544373813518084,0.0],[-79.44926269682925,-2.543785735207107,0.0],[-79.44967684929767,-2.543642665070693,0.0],[-79.45000519211963,-2.543632293209591,0.0],[-79.45038004433113,-2.543525068401626,0.0],[-79.45066799337859,-2.543604897645218,0.0],[-79.45073528309439,-2.54377008101855,0.0],[-79.45075164656801,-2.544021484559235,0.0],[-79.45050719345845,-2.544637896334104,0.0],[-79.45056044232155,-2.544874852596991,0.0],[-79.45072805225352,-2.544979143969087,0.0],[-79.4509359158888,-2.545000010406834,0.0],[-79.45119212092621,-2.544875615468722,0.0],[-79.45128498729129,-2.544811120350801,0.0],[-79.45156025198162,-2.544420221450924,0.0],[-79.45166382447002,-2.544355740099547,0.0],[-79.45234915140448,-2.544259656071708,0.0],[-79.45251330382602,-2.544270622553543,0.0],[-79.45268093024181,-2.54436055576029,0.0],[-79.45280919828946,-2.54453658575669,0.0],[-79.45285183989051,-2.544690975522044,0.0],[-79.45309419750996,-2.544960463678,0.0],[-79.45354721270155,-2.545071610551767,0.0],[-79.45404535674871,-2.545023500985865,0.0],[-79.45461670596593,-2.544667489800976,0.0],[-79.45525218271347,-2.543848916960693,0.0],[-79.45553243847546,-2.543738736780059,0.0],[-79.45510939511011,-2.540611127293335,0.0],[-79.45564776427888,-2.540208259171282,0.0],[-79.45184292189124,-2.535335708049973,0.0],[-79.45431497607603,-2.534043233802554,0.0],[-79.45658479913915,-2.537015803729779,0.0],[-79.45700350532638,-2.537297269267822,0.0],[-79.45736203936603,-2.53783955682133,0.0],[-79.45786859937287,-2.538407750819149,0.0],[-79.45804288377286,-2.538266451586206,0.0],[-79.45802230752024,-2.538240061378884,0.0],[-79.45812374479075,-2.538201942883486,0.0],[-79.45886734106556,-2.539052521404829,0.0],[-79.4590882167978,-2.539238600285797,0.0],[-79.46123396876717,-2.537317551466783,0.0],[-79.46053251512565,-2.536340874259815,0.0],[-79.46183878862452,-2.535131050830977,0.0],[-79.4593319455857,-2.533041779960182,0.0],[-79.45913104181697,-2.533176137653293,0.0],[-79.45876356767158,-2.532704604742813,0.0],[-79.45899816724125,-2.532368389635888,0.0],[-79.45847853887615,-2.531866359942287,0.0],[-79.46020603305307,-2.530972854150402,0.0],[-79.46068853877695,-2.531714241824382,0.0],[-79.46098980413879,-2.531588416041234,0.0],[-79.46144055585623,-2.532371307115776,0.0],[-79.46176623027824,-2.532825965606068,0.0],[-79.46334557592229,-2.534114948389073,0.0],[-79.46630923752235,-2.531847126460245,0.0],[-79.46684193362937,-2.531559985293314,0.0],[-79.46596512885105,-2.530322316922811,0.0],[-79.46605191197659,-2.530224359073438,0.0],[-79.4660919904857,-2.530010773869741,0.0],[-79.46636328424422,-2.529765789986424,0.0],[-79.46655353186938,-2.529302659741933,0.0],[-79.46679767664116,-2.529098528074599,0.0],[-79.46687061370716,-2.528506309619695,0.0],[-79.46634333370864,-2.52878329358754,0.0],[-79.46516283301747,-2.529740905539642,0.0],[-79.46447930270176,-2.528783294268768,0.0],[-79.46933288649147,-2.526302955742342,0.0],[-79.46941873716601,-2.526516999940256,0.0],[-79.46912901854253,-2.526763644668672,0.0],[-79.46916404905619,-2.526807790560967,0.0],[-79.46906754250551,-2.526834139551156,0.0],[-79.46911125010341,-2.526957684879827,0.0],[-79.46908793760517,-2.527145870731335,0.0],[-79.46937580652937,-2.527158800083471,0.0],[-79.46957598529542,-2.527234569220239,0.0],[-79.46972627331107,-2.527159215330425,0.0],[-79.46988915307806,-2.527020933483,0.0],[-79.4701525781817,-2.526530288158624,0.0],[-79.47065315696868,-2.526606412771038,0.0],[-79.47070082723434,-2.525587429049112,0.0],[-79.47244136059795,-2.524677005311421,0.0],[-79.47234208798795,-2.524353956126733,0.0],[-79.47326579434697,-2.523902409857868,0.0],[-79.47313915573078,-2.523646926189553,0.0],[-79.47244644754691,-2.523924654513701,0.0],[-79.47145356711256,-2.524140520800592,0.0],[-79.47120160277187,-2.523571089835251,0.0],[-79.47078494496705,-2.523736993444502,0.0],[-79.47064676730588,-2.523481496195864,0.0],[-79.47026580797248,-2.523608713109532,0.0],[-79.4702430814102,-2.523306928236056,0.0],[-79.47005844580968,-2.523306709890696,0.0],[-79.46973187634046,-2.522556816594266,0.0],[-79.46975084809871,-2.522520631767362,0.0],[-79.46995568778394,-2.522366496363524,0.0],[-79.47120276100642,-2.521694817599727,0.0],[-79.47127226995563,-2.521462777826351,0.0],[-79.47129566087133,-2.521195865437527,0.0],[-79.47091491909515,-2.521137385608469,0.0],[-79.47075305134662,-2.521404134379633,0.0],[-79.47033770423474,-2.521334007439708,0.0],[-79.47040729457622,-2.521032331630157,0.0],[-79.47004967300778,-2.520939059882494,0.0],[-79.47020002729283,-2.520649086469188,0.0],[-79.47037310933202,-2.520660896961582,0.0],[-79.47041937633342,-2.520568102357994,0.0],[-79.4707309477016,-2.520568470313366,0.0],[-79.47086976304563,-2.520278482173711,0.0],[-79.47088208330598,-2.5195340475017,0.0],[-79.47053164569142,-2.519204316303087,0.0],[-79.46866076478949,-2.519060971182133,0.0],[-79.4675848048155,-2.519153790087538,0.0],[-79.4672223589276,-2.519094554401269,0.0],[-79.46693268482021,-2.518943829006506,0.0],[-79.46888050227537,-2.516533462885044,0.0],[-79.46900131090656,-2.516509508914299,0.0],[-79.46852860194305,-2.515870054694105,0.0],[-79.46823123611881,-2.515843382308276,0.0],[-79.4677981205719,-2.515933800039904,0.0],[-79.46769109956988,-2.515897780242677,0.0],[-79.46762223243172,-2.515787627484475,0.0],[-79.46761540547544,-2.515522011111075,0.0],[-79.46756316381546,-2.515435806330999,0.0],[-79.467468047817,-2.51539262155978,0.0],[-79.46672087361077,-2.515489847094346,0.0],[-79.46654460273993,-2.515671496951642,0.0],[-79.46613032253956,-2.51593182939504,0.0],[-79.46559670039441,-2.516519843208554,0.0],[-79.46527547638728,-2.51655057053113,0.0],[-79.46495802044187,-2.516500313351824,0.0],[-79.46484096269764,-2.516466526153208,0.0],[-79.4648407131573,-2.516330107036995,0.0],[-79.46467401033728,-2.51618605415462,0.0],[-79.46437619451036,-2.516041846090131,0.0],[-79.46395904630357,-2.516017376047396,0.0],[-79.46385187048895,-2.515933333723304,0.0],[-79.46348231435488,-2.515980847658369,0.0],[-79.46332741945459,-2.515932712675126,0.0],[-79.4632324294348,-2.515620912953208,0.0],[-79.46355454603851,-2.515369547240923,0.0],[-79.46362618828856,-2.515261740415784,0.0],[-79.46343560561473,-2.515153623147176,0.0],[-79.46341189293948,-2.515045703439134,0.0],[-79.46345975233088,-2.514889916022073,0.0],[-79.46360289645298,-2.514794182387638,0.0],[-79.4635913140705,-2.514506457629561,0.0],[-79.46341266452224,-2.514386365985827,0.0],[-79.46299554419105,-2.5143379206895,0.0],[-79.46250644051695,-2.51445066488784,0.0],[-79.46218377569714,-2.515169560756209,0.0],[-79.46223061093178,-2.515888893403897,0.0],[-79.46147889144713,-2.516571315284421,0.0],[-79.46107357836298,-2.516618786859532,0.0],[-79.46048962928478,-2.516534177701019,0.0],[-79.45975085624293,-2.51634149395704,0.0],[-79.45957223536573,-2.516197426611891,0.0],[-79.4591561568113,-2.515261872641255,0.0],[-79.458751717019,-2.51456609257641,0.0],[-79.4583587039981,-2.514289903190621,0.0],[-79.45827543724091,-2.514145949147542,0.0],[-79.45822808404522,-2.51387017022063,0.0],[-79.45827601415542,-2.51365444437974,0.0],[-79.45818126545548,-2.513138850293526,0.0],[-79.45824128323586,-2.512779283621154,0.0],[-79.45845556300495,-2.513007309221595,0.0],[-79.45887255533282,-2.513163646868779,0.0],[-79.45924137887602,-2.513739505363464,0.0],[-79.45941995733763,-2.51391953629075,0.0],[-79.45990871899292,-2.51386017699657,0.0],[-79.46045754023906,-2.513405285679318,0.0],[-79.46061253381112,-2.513369505570128,0.0],[-79.46071976532998,-2.513405596497969,0.0],[-79.46087482823636,-2.513309876407361,0.0],[-79.46086307776548,-2.513166007139648,0.0],[-79.46094680740823,-2.512914359495088,0.0],[-79.46163776216297,-2.513226864950182,0.0],[-79.46176931425926,-2.513089721253178,0.0],[-79.46233527467865,-2.511956923811626,0.0],[-79.4624725865885,-2.511489405927503,0.0],[-79.46247300479837,-2.511131768287854,0.0],[-79.46217263689049,-2.510691243236978,0.0],[-79.46132736492704,-2.510292269563729,0.0],[-79.460775800377,-2.510283122793131,0.0],[-79.45941785443942,-2.509356616322717,0.0],[-79.45915217361032,-2.510038252909378,0.0],[-79.45863410647377,-2.509678000985813,0.0],[-79.45799975465735,-2.509380547372122,0.0],[-79.45767838730993,-2.508993556156066,0.0],[-79.45768746416302,-2.50887668416579,0.0],[-79.45853488346691,-2.50835618079347,0.0],[-79.45834364360323,-2.508195510830669,0.0],[-79.45793595623563,-2.50810023467253,0.0],[-79.45727929365336,-2.508264519397008,0.0],[-79.4571427551292,-2.508071784113231,0.0],[-79.45637706755468,-2.50790581242636,0.0],[-79.45624017440986,-2.508015692880335,0.0],[-79.45577359400777,-2.509363154234866,0.0],[-79.45547264813578,-2.509417817875326,0.0],[-79.45511680189306,-2.509637478997301,0.0],[-79.45454261754786,-2.509444223705116,0.0],[-79.45520105604179,-2.507766864872743,0.0],[-79.45418925904019,-2.507545580075837,0.0],[-79.45249222221653,-2.507985936422328,0.0]]]}},{"type":"Feature","properties":{"fcode":"EA010","descr":"PRODUCTO AGRICOLA, RESULTADO DE UN CONJUNTO DE TECNICAS Y CONOCIMIENTOS PARA CULTIVAR LA TIERRA","DPA_DESPRO":"GUAYAS","DPA_DESCAN":"NARANJAL","niv1":"TIERRA AGROPECUARIA","niv2":"CULTIVO","niv3":"CULTIVO PERMANENTE","niv4":"FRUTALES","niv5":"CACAO","LULC_std":"Cacao","label":"Cacao","cbt":"CACAO","uso":"AGRICOLA","tmp":"CULTIVO PERMANENTE","nal":"NO APLICABLE","tap":"MEDIANA","rie":"NO","spr":"MERCANTIL","sce":32.3055014153,"usce":"HECTAREAS","txt":"EL CODIGO (fcode) Y LA DESCRIPCION (descr) CORRESPONDEN A LOS OBJETOS GEOGRAFICOS DEL ATRIBUTO niv2","simbologia":"CPuc: Cacao","SHAPE_Leng":3371.04050414,"SHAPE_Area":323055.014153,"apt_uso":1,"area_ha":32.3055014153,"cob_suelo":"Cacao","cacao_sys":"Cacao_alim_sin50b","observ":null,"cob_label":"Cacao sin cultivos alimentarios próximos","grupo_c":"Cultivos de exclusivos de cacao"},"geometry":{"type":"Polygon","coordinates":[[[-79.44049059532853,-2.602912718782589,0.0],[-79.44106807483682,-2.60307592882313,0.0],[-79.44131599240364,-2.602693383435783,0.0],[-79.4414874907478,-2.602540455655312,0.0],[-79.4416015323479,-2.602674595286627,0.0],[-79.44163913045557,-2.603057496501667,0.0],[-79.44154282973182,-2.603976225780793,0.0],[-79.44159936819564,-2.604435720543386,0.0],[-79.44205548883761,-2.605010568041555,0.0],[-79.44203581875688,-2.605527396114478,0.0],[-79.44192652908859,-2.60555167839869,0.0],[-79.44213951423048,-2.605938944385744,0.0],[-79.44314540038334,-2.607443994190944,0.0],[-79.44348446806185,-2.607175538795899,0.0],[-79.44372250227084,-2.607092084744726,0.0],[-79.44480336958809,-2.606931465208843,0.0],[-79.44478082419707,-2.606114659563946,0.0],[-79.44506672362594,-2.60580394533274,0.0],[-79.44530472733939,-2.605744419678856,0.0],[-79.44560212670457,-2.605756752727335,0.0],[-79.44589967285478,-2.605649443791024,0.0],[-79.44649498510367,-2.60525536359062,0.0],[-79.44719688171793,-2.605256233579415,0.0],[-79.44750655868118,-2.604957511813823,0.0],[-79.4474714556554,-2.604478899564615,0.0],[-79.44735294425907,-2.604107862177421,0.0],[-79.44521394362529,-2.604324477738102,0.0],[-79.44523585777442,-2.603779630327468,0.0],[-79.4450119102679,-2.603516993271953,0.0],[-79.44519138494722,-2.602679721381236,0.0],[-79.4455791215386,-2.601782887199437,0.0],[-79.44557937798378,-2.601573513862111,0.0],[-79.445945239669,-2.601354119712839,0.0],[-79.44577636355362,-2.600937500136511,0.0],[-79.44604036245725,-2.600521416523057,0.0],[-79.44677425227927,-2.600616963556503,0.0],[-79.44743332269174,-2.600333862443867,0.0],[-79.44739600536627,-2.600068827626296,0.0],[-79.44656771131709,-2.600219225134631,0.0],[-79.44583386812536,-2.600085822689447,0.0],[-79.44524231797851,-2.600264138306076,0.0],[-79.44524221469754,-2.600348487774191,0.0],[-79.44510885154776,-2.600551713752884,0.0],[-79.44468004971081,-2.600981893710328,0.0],[-79.44446605963654,-2.600861986492883,0.0],[-79.44446629418597,-2.600670559721333,0.0],[-79.4440024182042,-2.600598199779045,0.0],[-79.44388364378118,-2.600442517593609,0.0],[-79.44312228311442,-2.600429609596272,0.0],[-79.4428365468881,-2.60060871810692,0.0],[-79.44263405728391,-2.600811857814576,0.0],[-79.44147937773947,-2.601396669913171,0.0],[-79.44115784938347,-2.60165948223643,0.0],[-79.4408717893665,-2.602101801201697,0.0],[-79.44065699119629,-2.602639922375445,0.0],[-79.44049059532853,-2.602912718782589,0.0]]]}},{"type":"Feature","properties":{"fcode":"EA010","descr":"PRODUCTO AGRICOLA, RESULTADO DE UN CONJUNTO DE TECNICAS Y CONOCIMIENTOS PARA CULTIVAR LA TIERRA","DPA_DESPRO":"GUAYAS","DPA_DESCAN":"NARANJAL","niv1":"TIERRA AGROPECUARIA","niv2":"CULTIVO","niv3":"CULTIVO PERMANENTE","niv4":"FRUTALES","niv5":"CACAO","LULC_std":"Cacao","label":"Cacao","cbt":"CACAO","uso":"AGRICOLA","tmp":"CULTIVO PERMANENTE","nal":"NO APLICABLE","tap":"MEDIANA","rie":"NO","spr":"MERCANTIL","sce":66.0373307652,"usce":"HECTAREAS","txt":"EL CODIGO (fcode) Y LA DESCRIPCION (descr) CORRESPONDEN A LOS OBJETOS GEOGRAFICOS DEL ATRIBUTO niv2","simbologia":"CPuc: Cacao","SHAPE_Leng":7655.27874629,"SHAPE_Area":660373.307652,"apt_uso":1,"area_ha":66.0373307652,"cob_suelo":"Cacao","cacao_sys":"Cacao_alim_sin50b","observ":null,"cob_label":"Cacao sin cultivos alimentarios próximos","grupo_c":"Cultivos de exclusivos de cacao"},"geometry":{"type":"Polygon","coordinates":[[[-79.42499776602249,-2.564493201142494,0.0],[-79.42499787395417,-2.581666299686466,0.0],[-79.42531029248947,-2.580703736016448,0.0],[-79.42535470069649,-2.580371905448165,0.0],[-79.42587606089246,-2.580136145449863,0.0],[-79.42626913644524,-2.579729855678637,0.0],[-79.42659052495364,-2.579574721613678,0.0],[-79.42681637666786,-2.579718571301678,0.0],[-79.42705375595844,-2.580161538883839,0.0],[-79.42766005134142,-2.580497287045119,0.0],[-79.42775473632275,-2.580892219836499,0.0],[-79.42800421881367,-2.581167704863947,0.0],[-79.42828952188788,-2.581335557224095,0.0],[-79.42857511993431,-2.581264126721959,0.0],[-79.42876585631977,-2.580941332926153,0.0],[-79.42869481705648,-2.580666070548806,0.0],[-79.42896881180437,-2.580355343988705,0.0],[-79.42925426279113,-2.580403554185339,0.0],[-79.42942036965133,-2.580762684021562,0.0],[-79.42966986737989,-2.581026204099113,0.0],[-79.4296927194538,-2.58179193644063,0.0],[-79.42958543356461,-2.581971265010162,0.0],[-79.42914502200503,-2.582174107552453,0.0],[-79.42901381066137,-2.58246108351445,0.0],[-79.42908487927149,-2.58271241813229,0.0],[-79.4289536089728,-2.583047249715487,0.0],[-79.42826383275757,-2.582878894293312,0.0],[-79.42795483941752,-2.582627263838754,0.0],[-79.42780042416452,-2.582435646193956,0.0],[-79.42738429113814,-2.582243703017003,0.0],[-79.42709873708985,-2.582279240446669,0.0],[-79.42687256120723,-2.58239860006945,0.0],[-79.42667031081758,-2.582410312286795,0.0],[-79.4260876611215,-2.582194232803209,0.0],[-79.42576646326704,-2.582193832880957,0.0],[-79.42559968018001,-2.582385050575154,0.0],[-79.42527824658198,-2.582576076467325,0.0],[-79.42519470715818,-2.582791325570163,0.0],[-79.42514670934426,-2.583126259891295,0.0],[-79.42526496411752,-2.583700684215035,0.0],[-79.42625959602249,-2.583615782163938,0.0],[-79.42793027093477,-2.585564168791624,0.0],[-79.42875212362432,-2.584907621281248,0.0],[-79.42860112583138,-2.584261531096267,0.0],[-79.42871936813394,-2.583975806249807,0.0],[-79.42904119174534,-2.58384244986159,0.0],[-79.42961434973148,-2.583712661499543,0.0],[-79.42994897962164,-2.58347595093704,0.0],[-79.43010336017633,-2.583052715578982,0.0],[-79.43047599205912,-2.582552155990429,0.0],[-79.43082716906856,-2.581947837925423,0.0],[-79.43084066106228,-2.581798542726582,0.0],[-79.43078573592285,-2.5816367727156,0.0],[-79.42989659618067,-2.580658313778666,0.0],[-79.42975306742775,-2.580299823309694,0.0],[-79.42973398273938,-2.580023604319306,0.0],[-79.42965581536392,-2.579895990816751,0.0],[-79.42955373379695,-2.579837079929795,0.0],[-79.42907508479779,-2.579749756512798,0.0],[-79.4289514448379,-2.579598572896255,0.0],[-79.42857274277294,-2.578891788308284,0.0],[-79.42844850699062,-2.578786546074291,0.0],[-79.42793738618494,-2.578560813354195,0.0],[-79.42770112497006,-2.578293006877692,0.0],[-79.42758043715929,-2.577934816362023,0.0],[-79.42755061844927,-2.577612461370332,0.0],[-79.42766040507034,-2.577108139285528,0.0],[-79.42765815188608,-2.576452738497376,0.0],[-79.42776477853891,-2.576178303624424,0.0],[-79.42777886629494,-2.575983067293951,0.0],[-79.42749280759331,-2.575185689852359,0.0],[-79.42749164174664,-2.574449801393418,0.0],[-79.42717919553102,-2.573904982369094,0.0],[-79.42711402827403,-2.573662620492793,0.0],[-79.42727017998052,-2.573112956352777,0.0],[-79.42723986888149,-2.572825057385341,0.0],[-79.42711721321726,-2.57260487181076,0.0],[-79.42702192867822,-2.572063125765437,0.0],[-79.42700884216923,-2.571368009814055,0.0],[-79.42710313470225,-2.571178118235938,0.0],[-79.4273831624959,-2.570977757977233,0.0],[-79.42750522485103,-2.57081229251068,0.0],[-79.42803916299812,-2.56925524208477,0.0],[-79.42796829884183,-2.568976664904522,0.0],[-79.42746281236633,-2.568275838879619,0.0],[-79.42750262347852,-2.568069010439876,0.0],[-79.42800682971773,-2.567659857822305,0.0],[-79.42807033048649,-2.567490190281533,0.0],[-79.42805992425144,-2.567373477285317,0.0],[-79.4276908070683,-2.567298757517948,0.0],[-79.42697347612747,-2.567308479482669,0.0],[-79.42618304416439,-2.566713392076474,0.0],[-79.42622567997171,-2.566352735572056,0.0],[-79.42713414657683,-2.565314166786291,0.0],[-79.42737689809513,-2.565208375897238,0.0],[-79.42787267783359,-2.565219597663876,0.0],[-79.42805191594296,-2.565294083379745,0.0],[-79.42816804319935,-2.565219962525146,0.0],[-79.42824205363087,-2.565082135421449,0.0],[-79.4282954446489,-2.564551746552904,0.0],[-79.4284986860009,-2.564160523798769,0.0],[-79.42777079919773,-2.563893638524705,0.0],[-79.42705415630941,-2.56345050040843,0.0],[-79.42666144066557,-2.563569656340452,0.0],[-79.42658988818724,-2.563713136852535,0.0],[-79.42662341790947,-2.564017716232832,0.0],[-79.42654967580414,-2.564373086365682,0.0],[-79.42619961596334,-2.564631078542309,0.0],[-79.42596397741404,-2.56470975050261,0.0],[-79.42576413185901,-2.564702324450724,0.0],[-79.42535042985817,-2.564472102576854,0.0],[-79.42499776602249,-2.564493201142494,0.0]]]}},{"type":"Feature","properties":{"fcode":"EA010","descr":"PRODUCTO AGRICOLA, RESULTADO DE UN CONJUNTO DE TECNICAS Y CONOCIMIENTOS PARA CULTIVAR LA TIERRA","DPA_DESPRO":"GUAYAS","DPA_DESCAN":"NARANJAL","niv1":"TIERRA AGROPECUARIA","niv2":"CULTIVO","niv3":"CULTIVO PERMANENTE","niv4":"FRUTALES","niv5":"CACAO","LULC_std":"Cacao","label":"Cacao","cbt":"CACAO","uso":"AGRICOLA","tmp":"CULTIVO PERMANENTE","nal":"NO APLICABLE","tap":"PEQUENA","rie":"SI","spr":"MERCANTIL","sce":7.73022213833,"usce":"HECTAREAS","txt":"EL CODIGO (fcode) Y LA DESCRIPCION (descr) CORRESPONDEN A LOS OBJETOS GEOGRAFICOS DEL ATRIBUTO niv2","simbologia":"CPuc: Cacao","SHAPE_Leng":1795.6880437,"SHAPE_Area":77302.2213833,"apt_uso":1,"area_ha":7.73022213833,"cob_suelo":"Cacao","cacao_sys":"Cacao_alim_sin50b","observ":null,"cob_label":"Cacao sin cultivos alimentarios próximos","grupo_c":"Cultivos de exclusivos de cacao"},"geometry":{"type":"Polygon","coordinates":[[[-79.48957752039975,-2.614817888552824,0.0],[-79.48997615549352,-2.614879060341491,0.0],[-79.49038533135642,-2.615035712082406,0.0],[-79.49061128742115,-2.614950809115271,0.0],[-79.49120359785411,-2.6154199969105,0.0],[-79.49154187189133,-2.61584628863848,0.0],[-79.49152745031107,-2.61610180075435,0.0],[-79.49195079405271,-2.616215881333194,0.0],[-79.49223292598846,-2.616372380213048,0.0],[-79.49146934014168,-2.617478753454917,0.0],[-79.49161024575952,-2.617691865313311,0.0],[-79.49115753226147,-2.618528887844293,0.0],[-79.49160902320897,-2.61871398383587,0.0],[-79.49168511612152,-2.618910242571355,0.0],[-79.49316704869187,-2.61471963091986,0.0],[-79.49254108874331,-2.613532711389893,0.0],[-79.49018089239638,-2.61458983651723,0.0],[-79.48998058470544,-2.614211031590913,0.0],[-79.48975448834801,-2.61441265766398,0.0],[-79.48957752039975,-2.614817888552824,0.0]]]}},{"type":"Feature","properties":{"fcode":"EA010","descr":"PRODUCTO AGRICOLA, RESULTADO DE UN CONJUNTO DE TECNICAS Y CONOCIMIENTOS PARA CULTIVAR LA TIERRA","DPA_DESPRO":"GUAYAS","DPA_DESCAN":"NARANJAL","niv1":"TIERRA AGROPECUARIA","niv2":"CULTIVO","niv3":"CULTIVO PERMANENTE","niv4":"FRUTALES","niv5":"CACAO","LULC_std":"Cacao","label":"Cacao","cbt":"CACAO","uso":"AGRICOLA","tmp":"CULTIVO PERMANENTE","nal":"NO APLICABLE","tap":"PEQUENA","rie":"SI","spr":"MERCANTIL","sce":5.05737694763,"usce":"HECTAREAS","txt":"EL CODIGO (fcode) Y LA DESCRIPCION (descr) CORRESPONDEN A LOS OBJETOS GEOGRAFICOS DEL ATRIBUTO niv2","simbologia":"CPuc: Cacao","SHAPE_Leng":1126.16675853,"SHAPE_Area":50573.7694763,"apt_uso":1,"area_ha":5.05737694763,"cob_suelo":"Cacao","cacao_sys":"Cacao_alim_sin50b","observ":null,"cob_label":"Cacao sin cultivos alimentarios próximos","grupo_c":"Cultivos de exclusivos de cacao"},"geometry":{"type":"Polygon","coordinates":[[[-79.49101469190225,-2.612109429760815,0.0],[-79.49115266228688,-2.612089557588732,0.0],[-79.49133939012222,-2.612202537930103,0.0],[-79.49169068990685,-2.612228199188219,0.0],[-79.49201680385428,-2.612329542579324,0.0],[-79.49216719308802,-2.612481149278661,0.0],[-79.49204147786484,-2.612682898186915,0.0],[-79.49186581236287,-2.612682686178163,0.0],[-79.49214125521654,-2.613187768774335,0.0],[-79.49244233499199,-2.61323860751909,0.0],[-79.49251737910403,-2.613440598724289,0.0],[-79.49386680400761,-2.613067980679986,0.0],[-79.49425475578863,-2.612226618977325,0.0],[-79.49383392433704,-2.611703365560678,0.0],[-79.49322860373327,-2.611790552658342,0.0],[-79.49294364787923,-2.611264103180453,0.0],[-79.49239131818753,-2.611465337898306,0.0],[-79.49239098714709,-2.611742949863198,0.0],[-79.49216516250682,-2.611717440236034,0.0],[-79.49181398409804,-2.611590828588852,0.0],[-79.4914127652569,-2.611337969444943,0.0],[-79.49096096578691,-2.611413136753613,0.0],[-79.4908601042868,-2.611816815092774,0.0],[-79.49093508787969,-2.612069281480089,0.0],[-79.49101469190225,-2.612109429760815,0.0]]]}},{"type":"Feature","properties":{"fcode":"EA010","descr":"PRODUCTO AGRICOLA, RESULTADO DE UN CONJUNTO DE TECNICAS Y CONOCIMIENTOS PARA CULTIVAR LA TIERRA","DPA_DESPRO":"GUAYAS","DPA_DESCAN":"NARANJAL","niv1":"TIERRA AGROPECUARIA","niv2":"CULTIVO","niv3":"CULTIVO PERMANENTE","niv4":"FRUTALES","niv5":"CACAO","LULC_std":"Cacao","label":"Cacao","cbt":"CACAO","uso":"AGRICOLA","tmp":"CULTIVO PERMANENTE","nal":"NO APLICABLE","tap":"PEQUENA","rie":"SI","spr":"MERCANTIL","sce":14.7019664072,"usce":"HECTAREAS","txt":"EL CODIGO (fcode) Y LA DESCRIPCION (descr) CORRESPONDEN A LOS OBJETOS GEOGRAFICOS DEL ATRIBUTO niv2","simbologia":"CPuc: Cacao","SHAPE_Leng":2054.31800541,"SHAPE_Area":147019.664072,"apt_uso":1,"area_ha":14.7019664072,"cob_suelo":"Cacao","cacao_sys":"Cacao_alim_con50b","observ":null,"cob_label":"Cacao próximo a cultivos alimentarios","grupo_c":"Cultivos mixtos de cacao"},"geometry":{"type":"Polygon","coordinates":[[[-79.49471266094517,-2.611389737360923,0.0],[-79.49500277471232,-2.611541911830675,0.0],[-79.4952511101113,-2.61373787892789,0.0],[-79.49524995128309,-2.614710547635752,0.0],[-79.49531768051412,-2.614737887867098,0.0],[-79.49549352609043,-2.614586674309238,0.0],[-79.49551841813988,-2.614242026687885,0.0],[-79.49567200280967,-2.61437217035194,0.0],[-79.4956916904218,-2.614670155839796,0.0],[-79.49577620071418,-2.614826414959461,0.0],[-79.49598809235287,-2.614698904741132,0.0],[-79.49614362147878,-2.614486150182987,0.0],[-79.49641106880999,-2.614240742210904,0.0],[-79.49669845003729,-2.614285274479842,0.0],[-79.4966981195844,-2.614562887888806,0.0],[-79.49679428910808,-2.614569048680478,0.0],[-79.49742391151662,-2.613457682288183,0.0],[-79.49802724310143,-2.612575091311257,0.0],[-79.49827873310184,-2.61212111658244,0.0],[-79.49875408325983,-2.611596521793512,0.0],[-79.49863234454573,-2.611652969390739,0.0],[-79.49845670952651,-2.611627520212852,0.0],[-79.49840048864371,-2.611381237638418,0.0],[-79.49810916826468,-2.611606696700966,0.0],[-79.4981236048447,-2.611336987325757,0.0],[-79.49804037636076,-2.611088516245131,0.0],[-79.49763994264254,-2.611088035146391,0.0],[-79.4968715224121,-2.610111258107353,0.0],[-79.49643662298365,-2.610043435343398,0.0],[-79.49566692311372,-2.610143459882922,0.0],[-79.49546600290094,-2.610277819132305,0.0],[-79.49509742295652,-2.610714826572827,0.0],[-79.49469626399801,-2.610411492891378,0.0],[-79.49425137305272,-2.610284708600958,0.0],[-79.49409328542602,-2.610319839574936,0.0],[-79.49376723152756,-2.610168021580827,0.0],[-79.49353194559205,-2.610276887413621,0.0],[-79.49368997631454,-2.610542489041473,0.0],[-79.49471266094517,-2.611389737360923,0.0]]]}},{"type":"Feature","properties":{"fcode":"EA010","descr":"PRODUCTO AGRICOLA, RESULTADO DE UN CONJUNTO DE TECNICAS Y CONOCIMIENTOS PARA CULTIVAR LA TIERRA","DPA_DESPRO":"GUAYAS","DPA_DESCAN":"NARANJAL","niv1":"TIERRA AGROPECUARIA","niv2":"CULTIVO","niv3":"CULTIVO PERMANENTE","niv4":"FRUTALES","niv5":"CACAO","LULC_std":"Cacao","label":"Cacao","cbt":"CACAO","uso":"AGRICOLA","tmp":"CULTIVO PERMANENTE","nal":"NO APLICABLE","tap":"PEQUENA","rie":"SI","spr":"MERCANTIL","sce":4.62748217808,"usce":"HECTAREAS","txt":"EL CODIGO (fcode) Y LA DESCRIPCION (descr) CORRESPONDEN A LOS OBJETOS GEOGRAFICOS DEL ATRIBUTO niv2","simbologia":"CPuc: Cacao","SHAPE_Leng":1248.98256434,"SHAPE_Area":46274.8217808,"apt_uso":1,"area_ha":4.62748217808,"cob_suelo":"Cacao","cacao_sys":"Cacao_alim_sin50b","observ":null,"cob_label":"Cacao sin cultivos alimentarios próximos","grupo_c":"Cultivos de exclusivos de cacao"},"geometry":{"type":"Polygon","coordinates":[[[-79.45206602832566,-2.592958355983118,0.0],[-79.45143716870169,-2.592103113057757,0.0],[-79.45243628360227,-2.591372917757715,0.0],[-79.45156577483145,-2.590343108609463,0.0],[-79.44989567655816,-2.5917607996142,0.0],[-79.45037809915267,-2.592116456836805,0.0],[-79.44979520763964,-2.592541193675587,0.0],[-79.45004082051693,-2.592972694889973,0.0],[-79.45006658323997,-2.59297874254839,0.0],[-79.45021564452891,-2.592853132082378,0.0],[-79.45004931493479,-2.592517551241925,0.0],[-79.45016855932036,-2.592397919991191,0.0],[-79.45043799192494,-2.592829450509128,0.0],[-79.45089088857185,-2.592566497350394,0.0],[-79.4514404125055,-2.593394168657233,0.0],[-79.45162632460796,-2.593148778172215,0.0],[-79.45206602832566,-2.592958355983118,0.0]]]}},{"type":"Feature","properties":{"fcode":"EA010","descr":"PRODUCTO AGRICOLA, RESULTADO DE UN CONJUNTO DE TECNICAS Y CONOCIMIENTOS PARA CULTIVAR LA TIERRA","DPA_DESPRO":"GUAYAS","DPA_DESCAN":"NARANJAL","niv1":"TIERRA AGROPECUARIA","niv2":"CULTIVO","niv3":"CULTIVO PERMANENTE","niv4":"FRUTALES","niv5":"CACAO","LULC_std":"Cacao","label":"Cacao","cbt":"CACAO","uso":"AGRICOLA","tmp":"CULTIVO PERMANENTE","nal":"NO APLICABLE","tap":"PEQUENA","rie":"SI","spr":"MERCANTIL","sce":1.44823466776,"usce":"HECTAREAS","txt":"EL CODIGO (fcode) Y LA DESCRIPCION (descr) CORRESPONDEN A LOS OBJETOS GEOGRAFICOS DEL ATRIBUTO niv2","simbologia":"CPuc: Cacao","SHAPE_Leng":546.945393641,"SHAPE_Area":14482.3466776,"apt_uso":1,"area_ha":1.44823466776,"cob_suelo":"Cacao","cacao_sys":"Cacao_alim_sin50b","observ":null,"cob_label":"Cacao sin cultivos alimentarios próximos","grupo_c":"Cultivos de exclusivos de cacao"},"geometry":{"type":"Polygon","coordinates":[[[-79.45304445839894,-2.591150637745914,0.0],[-79.45337844066991,-2.591584845630455,0.0],[-79.45350523243846,-2.591279859062577,0.0],[-79.4543102432299,-2.590925950940045,0.0],[-79.45444994055971,-2.590672370579129,0.0],[-79.45414151226318,-2.590386300471028,0.0],[-79.45425484885676,-2.590045738617536,0.0],[-79.45423129240169,-2.590007467000194,0.0],[-79.45380110461426,-2.590266333445745,0.0],[-79.45287219476573,-2.590618512057817,0.0],[-79.45304445839894,-2.591150637745914,0.0]]]}},{"type":"Feature","properties":{"fcode":"EA010","descr":"PRODUCTO AGRICOLA, RESULTADO DE UN CONJUNTO DE TECNICAS Y CONOCIMIENTOS PARA CULTIVAR LA TIERRA","DPA_DESPRO":"GUAYAS","DPA_DESCAN":"NARANJAL","niv1":"TIERRA AGROPECUARIA","niv2":"CULTIVO","niv3":"CULTIVO PERMANENTE","niv4":"FRUTALES","niv5":"CACAO","LULC_std":"Cacao","label":"Cacao","cbt":"CACAO","uso":"AGRICOLA","tmp":"CULTIVO PERMANENTE","nal":"NO APLICABLE","tap":"PEQUENA","rie":"SI","spr":"MERCANTIL","sce":13.9163819432,"usce":"HECTAREAS","txt":"EL CODIGO (fcode) Y LA DESCRIPCION (descr) CORRESPONDEN A LOS OBJETOS GEOGRAFICOS DEL ATRIBUTO niv2","simbologia":"CPuc: Cacao","SHAPE_Leng":1582.35768174,"SHAPE_Area":139163.819432,"apt_uso":1,"area_ha":13.9163819432,"cob_suelo":"Cacao","cacao_sys":"Cacao_alim_sin50b","observ":null,"cob_label":"Cacao sin cultivos alimentarios próximos","grupo_c":"Cultivos de exclusivos de cacao"},"geometry":{"type":"Polygon","coordinates":[[[-79.44586293643572,-2.588133873172086,0.0],[-79.44621677045761,-2.588490596561146,0.0],[-79.44623383373731,-2.588572607708132,0.0],[-79.4472807056417,-2.589381037021292,0.0],[-79.44814139280777,-2.590291836231617,0.0],[-79.4482373420272,-2.590700054110485,0.0],[-79.448502105845,-2.591323461955177,0.0],[-79.45068243269209,-2.589298116543849,0.0],[-79.44804980764407,-2.586183721542513,0.0],[-79.44586293643572,-2.588133873172086,0.0]]]}},{"type":"Feature","properties":{"fcode":"EA010","descr":"PRODUCTO AGRICOLA, RESULTADO DE UN CONJUNTO DE TECNICAS Y CONOCIMIENTOS PARA CULTIVAR LA TIERRA","DPA_DESPRO":"GUAYAS","DPA_DESCAN":"NARANJAL","niv1":"TIERRA AGROPECUARIA","niv2":"CULTIVO","niv3":"CULTIVO PERMANENTE","niv4":"FRUTALES","niv5":"CACAO","LULC_std":"Cacao","label":"Cacao","cbt":"CACAO","uso":"AGRICOLA","tmp":"CULTIVO PERMANENTE","nal":"NO APLICABLE","tap":"PEQUENA","rie":"SI","spr":"MERCANTIL","sce":1.56243756414,"usce":"HECTAREAS","txt":"EL CODIGO (fcode) Y LA DESCRIPCION (descr) CORRESPONDEN A LOS OBJETOS GEOGRAFICOS DEL ATRIBUTO niv2","simbologia":"CPuc: Cacao","SHAPE_Leng":592.504295493,"SHAPE_Area":15624.3756414,"apt_uso":1,"area_ha":1.56243756414,"cob_suelo":"Cacao","cacao_sys":"Cacao_alim_sin50b","observ":null,"cob_label":"Cacao sin cultivos alimentarios próximos","grupo_c":"Cultivos de exclusivos de cacao"},"geometry":{"type":"Polygon","coordinates":[[[-79.4305598111419,-2.585244606285729,0.0],[-79.43166461137348,-2.585349348793263,0.0],[-79.43161372725969,-2.58493580532423,0.0],[-79.43138268525455,-2.584754621168158,0.0],[-79.43133176941627,-2.584366920172069,0.0],[-79.42979001311176,-2.584365004585564,0.0],[-79.42973808134357,-2.584804262364301,0.0],[-79.43056019219456,-2.584934496489723,0.0],[-79.4305598111419,-2.585244606285729,0.0]]]}},{"type":"Feature","properties":{"fcode":"EA010","descr":"PRODUCTO AGRICOLA, RESULTADO DE UN CONJUNTO DE TECNICAS Y CONOCIMIENTOS PARA CULTIVAR LA TIERRA","DPA_DESPRO":"GUAYAS","DPA_DESCAN":"NARANJAL","niv1":"TIERRA AGROPECUARIA","niv2":"CULTIVO","niv3":"CULTIVO PERMANENTE","niv4":"FRUTALES","niv5":"CACAO","LULC_std":"Cacao","label":"Cacao","cbt":"CACAO","uso":"AGRICOLA","tmp":"CULTIVO PERMANENTE","nal":"NO APLICABLE","tap":"PEQUENA","rie":"SI","spr":"MERCANTIL","sce":2.58497727619,"usce":"HECTAREAS","txt":"EL CODIGO (fcode) Y LA DESCRIPCION (descr) CORRESPONDEN A LOS OBJETOS GEOGRAFICOS DEL ATRIBUTO niv2","simbologia":"CPuc: Cacao","SHAPE_Leng":854.78955352,"SHAPE_Area":25849.7727619,"apt_uso":1,"area_ha":2.58497727619,"cob_suelo":"Cacao","cacao_sys":"Cacao_alim_con50b","observ":null,"cob_label":"Cacao próximo a cultivos alimentarios","grupo_c":"Cultivos mixtos de cacao"},"geometry":{"type":"Polygon","coordinates":[[[-79.43033466240168,-2.557527992346318,0.0],[-79.43041110816314,-2.557489668594686,0.0],[-79.43071267613733,-2.55711989941137,0.0],[-79.43094736989282,-2.556716397950187,0.0],[-79.43128182272189,-2.55681775687401,0.0],[-79.43134587916245,-2.557076795641366,0.0],[-79.43158281818499,-2.556919073735808,0.0],[-79.43178409418694,-2.556481882759826,0.0],[-79.43165046864597,-2.556313472622195,0.0],[-79.43168449804003,-2.55584242717909,0.0],[-79.43185203031577,-2.555640737819493,0.0],[-79.43185252037514,-2.555236949195911,0.0],[-79.43193895222775,-2.554968597412442,0.0],[-79.43172431260743,-2.555015250152203,0.0],[-79.43156911794425,-2.554958276748574,0.0],[-79.43134326248486,-2.554972195421077,0.0],[-79.43110315406034,-2.555099661408458,0.0],[-79.43101805150089,-2.555440254176248,0.0],[-79.43104603949922,-2.555639029084762,0.0],[-79.43096110922107,-2.555837664380376,0.0],[-79.43074938602423,-2.555837404265448,0.0],[-79.43026811628233,-2.556958274090383,0.0],[-79.43033466240168,-2.557527992346318,0.0]]]}},{"type":"Feature","properties":{"fcode":"EA010","descr":"PRODUCTO AGRICOLA, RESULTADO DE UN CONJUNTO DE TECNICAS Y CONOCIMIENTOS PARA CULTIVAR LA TIERRA","DPA_DESPRO":"GUAYAS","DPA_DESCAN":"NARANJAL","niv1":"TIERRA AGROPECUARIA","niv2":"CULTIVO","niv3":"CULTIVO PERMANENTE","niv4":"FRUTALES","niv5":"CACAO","LULC_std":"Cacao","label":"Cacao","cbt":"CACAO","uso":"AGRICOLA","tmp":"CULTIVO PERMANENTE","nal":"NO APLICABLE","tap":"PEQUENA","rie":"SI","spr":"MERCANTIL","sce":58.0060835675,"usce":"HECTAREAS","txt":"EL CODIGO (fcode) Y LA DESCRIPCION (descr) CORRESPONDEN A LOS OBJETOS GEOGRAFICOS DEL ATRIBUTO niv2","simbologia":"CPuc: Cacao","SHAPE_Leng":5414.79090845,"SHAPE_Area":580060.835675,"apt_uso":1,"area_ha":58.0060835675,"cob_suelo":"Cacao","cacao_sys":"Cacao_alim_con50b","observ":null,"cob_label":"Cacao próximo a cultivos alimentarios","grupo_c":"Cultivos mixtos de cacao"},"geometry":{"type":"Polygon","coordinates":[[[-79.43587485676434,-2.554888289407427,0.0],[-79.43591540652054,-2.555068818897956,0.0],[-79.43586763293035,-2.55518055204994,0.0],[-79.4357326108204,-2.555220312185878,0.0],[-79.43493863715572,-2.55522732539188,0.0],[-79.43443019065299,-2.555482225331034,0.0],[-79.43419168181228,-2.555745441515052,0.0],[-79.43385792717434,-2.555984585728447,0.0],[-79.43361958678582,-2.556303741953475,0.0],[-79.43376203233844,-2.556696817592819,0.0],[-79.43366288373409,-2.556980610715144,0.0],[-79.43367679225015,-2.557150976630906,0.0],[-79.4340154472555,-2.557236567000284,0.0],[-79.4341002052603,-2.557179888012947,0.0],[-79.43411452699635,-2.557009556693827,0.0],[-79.43421345177349,-2.556910307160801,0.0],[-79.43436876740877,-2.5568679106363,0.0],[-79.43442585461524,-2.556983089446157,0.0],[-79.43422082678416,-2.557133899301144,0.0],[-79.43421008526008,-2.55726164802311,0.0],[-79.43410409380367,-2.557367985496291,0.0],[-79.4339559265343,-2.557335863931708,0.0],[-79.43383943887271,-2.55736766080382,0.0],[-79.43374373689497,-2.557718888288573,0.0],[-79.43361661272797,-2.557793259951704,0.0],[-79.4334259698844,-2.557867553624234,0.0],[-79.43319891117352,-2.557886884428811,0.0],[-79.43304520292018,-2.557590269032446,0.0],[-79.43263226368036,-2.557653643358434,0.0],[-79.43225090232069,-2.557866110665481,0.0],[-79.43231385108106,-2.558334647247339,0.0],[-79.43298036764448,-2.558676162643047,0.0],[-79.43296000625558,-2.558878448808076,0.0],[-79.43282247266316,-2.558964505581996,0.0],[-79.43430748477621,-2.560842642207843,0.0],[-79.43691798223247,-2.564792814324302,0.0],[-79.43735090852594,-2.564449938148804,0.0],[-79.43801472779555,-2.565476350628823,0.0],[-79.44030910732903,-2.568452081219573,0.0],[-79.43959093594106,-2.568827146391663,0.0],[-79.44143854190516,-2.571817232813451,0.0],[-79.4416359725247,-2.570192450706896,0.0],[-79.44224534465329,-2.569796958641315,0.0],[-79.44208825904686,-2.569696153067372,0.0],[-79.4409618025431,-2.568125710861354,0.0],[-79.44108806581048,-2.568062410982441,0.0],[-79.44120096938592,-2.568076745451172,0.0],[-79.44127137300075,-2.568218790104364,0.0],[-79.44139830497954,-2.56830412002809,0.0],[-79.44177951669417,-2.568219413138372,0.0],[-79.44253809479378,-2.567330748714622,0.0],[-79.4380201384512,-2.560506499386037,0.0],[-79.4352302321687,-2.556694956872938,0.0],[-79.43648028847656,-2.555522098734856,0.0],[-79.43611072480792,-2.554733782522562,0.0],[-79.43587485676434,-2.554888289407427,0.0]]]}},{"type":"Feature","properties":{"fcode":"EA010","descr":"PRODUCTO AGRICOLA, RESULTADO DE UN CONJUNTO DE TECNICAS Y CONOCIMIENTOS PARA CULTIVAR LA TIERRA","DPA_DESPRO":"GUAYAS","DPA_DESCAN":"NARANJAL","niv1":"TIERRA AGROPECUARIA","niv2":"CULTIVO","niv3":"CULTIVO PERMANENTE","niv4":"FRUTALES","niv5":"CACAO","LULC_std":"Cacao","label":"Cacao","cbt":"CACAO","uso":"AGRICOLA","tmp":"CULTIVO PERMANENTE","nal":"NO APLICABLE","tap":"PEQUENA","rie":"SI","spr":"MERCANTIL","sce":16.6363049703,"usce":"HECTAREAS","txt":"EL CODIGO (fcode) Y LA DESCRIPCION (descr) CORRESPONDEN A LOS OBJETOS GEOGRAFICOS DEL ATRIBUTO niv2","simbologia":"CPuc: Cacao","SHAPE_Leng":2723.90157285,"SHAPE_Area":166363.049703,"apt_uso":1,"area_ha":16.6363049703,"cob_suelo":"Cacao","cacao_sys":"Cacao_alim_con50b","observ":null,"cob_label":"Cacao próximo a cultivos alimentarios","grupo_c":"Cultivos mixtos de cacao"},"geometry":{"type":"Polygon","coordinates":[[[-79.42566300638518,-2.555510189901112,0.0],[-79.42499765761278,-2.555767188571821,0.0],[-79.42499769599323,-2.558520881192774,0.0],[-79.425223061193,-2.558541767266528,0.0],[-79.425394678568,-2.558283554243482,0.0],[-79.42573707344947,-2.55845625936668,0.0],[-79.42663714651704,-2.55785437914953,0.0],[-79.42712494157135,-2.558100425034547,0.0],[-79.42812638618604,-2.55987672577041,0.0],[-79.42849668646849,-2.559861664947685,0.0],[-79.42849673077241,-2.559825301106988,0.0],[-79.42892033364735,-2.559698061484022,0.0],[-79.42921423273403,-2.559508162562008,0.0],[-79.430006891762,-2.560039383124645,0.0],[-79.43045382072756,-2.560230723444838,0.0],[-79.4305622400185,-2.560217228906793,0.0],[-79.43058949017151,-2.560094611389993,0.0],[-79.43023840838009,-2.559085715832918,0.0],[-79.43019936436077,-2.559035101588973,0.0],[-79.42979921569186,-2.559512925443312,0.0],[-79.42967226842002,-2.559441790370166,0.0],[-79.42824873559914,-2.557330554958685,0.0],[-79.42758646759779,-2.556115222413856,0.0],[-79.4283050086767,-2.555475360255894,0.0],[-79.42694656448296,-2.554406711616528,0.0],[-79.42807571951792,-2.553182724995112,0.0],[-79.42739389217924,-2.553465367249631,0.0],[-79.42712759925197,-2.553714465312884,0.0],[-79.42657855925913,-2.554580448619749,0.0],[-79.42625279809617,-2.555001213101165,0.0],[-79.42566300638518,-2.555510189901112,0.0]]]}},{"type":"Feature","properties":{"fcode":"EA010","descr":"PRODUCTO AGRICOLA, RESULTADO DE UN CONJUNTO DE TECNICAS Y CONOCIMIENTOS PARA CULTIVAR LA TIERRA","DPA_DESPRO":"GUAYAS","DPA_DESCAN":"NARANJAL","niv1":"TIERRA AGROPECUARIA","niv2":"CULTIVO","niv3":"CULTIVO PERMANENTE","niv4":"FRUTALES","niv5":"CACAO","LULC_std":"Cacao","label":"Cacao","cbt":"CACAO","uso":"AGRICOLA","tmp":"CULTIVO PERMANENTE","nal":"NO APLICABLE","tap":"PEQUENA","rie":"SI","spr":"MERCANTIL","sce":1.41784361799,"usce":"HECTAREAS","txt":"EL CODIGO (fcode) Y LA DESCRIPCION (descr) CORRESPONDEN A LOS OBJETOS GEOGRAFICOS DEL ATRIBUTO niv2","simbologia":"CPuc: Cacao","SHAPE_Leng":667.221834899,"SHAPE_Area":14178.4361799,"apt_uso":1,"area_ha":1.41784361799,"cob_suelo":"Cacao","cacao_sys":"Cacao_alim_sin50b","observ":null,"cob_label":"Cacao sin cultivos alimentarios próximos","grupo_c":"Cultivos de exclusivos de cacao"},"geometry":{"type":"Polygon","coordinates":[[[-79.43555666576526,-2.554272065576882,0.0],[-79.43570213827934,-2.554638238875432,0.0],[-79.4378194313244,-2.553231751360202,0.0],[-79.43742705869329,-2.552736518516682,0.0],[-79.43735180844244,-2.552910948515464,0.0],[-79.43555666576526,-2.554272065576882,0.0]]]}},{"type":"Feature","properties":{"fcode":"EA010","descr":"PRODUCTO AGRICOLA, RESULTADO DE UN CONJUNTO DE TECNICAS Y CONOCIMIENTOS PARA CULTIVAR LA TIERRA","DPA_DESPRO":"GUAYAS","DPA_DESCAN":"NARANJAL","niv1":"TIERRA AGROPECUARIA","niv2":"CULTIVO","niv3":"CULTIVO PERMANENTE","niv4":"FRUTALES","niv5":"CACAO","LULC_std":"Cacao","label":"Cacao","cbt":"CACAO","uso":"AGRICOLA","tmp":"CULTIVO PERMANENTE","nal":"NO APLICABLE","tap":"PEQUENA","rie":"SI","spr":"MERCANTIL","sce":14.8050011292,"usce":"HECTAREAS","txt":"EL CODIGO (fcode) Y LA DESCRIPCION (descr) CORRESPONDEN A LOS OBJETOS GEOGRAFICOS DEL ATRIBUTO niv2","simbologia":"CPuc: Cacao","SHAPE_Leng":1967.879098,"SHAPE_Area":148050.011292,"apt_uso":1,"area_ha":14.8050011292,"cob_suelo":"Cacao","cacao_sys":"Cacao_alim_con50b","observ":null,"cob_label":"Cacao próximo a cultivos alimentarios","grupo_c":"Cultivos mixtos de cacao"},"geometry":{"type":"Polygon","coordinates":[[[-79.43196501235265,-2.554962933650699,0.0],[-79.43226083399918,-2.554888146830462,0.0],[-79.43251476391184,-2.555002024219859,0.0],[-79.43278303282237,-2.554931374434471,0.0],[-79.43309388805349,-2.554662036974923,0.0],[-79.4332071513854,-2.554378261159598,0.0],[-79.43319332876754,-2.554136916493229,0.0],[-79.43332065547415,-2.553895745748057,0.0],[-79.43347593624921,-2.553881740103382,0.0],[-79.43378460972713,-2.553964100812264,0.0],[-79.43386064004031,-2.553659811382305,0.0],[-79.43413664141178,-2.553031988107952,0.0],[-79.434878239606,-2.55256443622473,0.0],[-79.43523792441383,-2.552767166080067,0.0],[-79.43553441463521,-2.552703648308152,0.0],[-79.43570393498185,-2.552586740901015,0.0],[-79.43611680854771,-2.552576598653253,0.0],[-79.43630760405192,-2.552374542147863,0.0],[-79.43652669248135,-2.552447236915458,0.0],[-79.43665404737388,-2.552380032891842,0.0],[-79.43688393635945,-2.552358296851902,0.0],[-79.43704071867808,-2.552243226662034,0.0],[-79.43500536962767,-2.549642260537485,0.0],[-79.4327853623438,-2.551802062436677,0.0],[-79.43270458078202,-2.551726197729267,0.0],[-79.43132518690948,-2.552887655074951,0.0],[-79.43235055494476,-2.55397184411105,0.0],[-79.43196501235265,-2.554962933650699,0.0]]]}},{"type":"Feature","properties":{"fcode":"EA010","descr":"PRODUCTO AGRICOLA, RESULTADO DE UN CONJUNTO DE TECNICAS Y CONOCIMIENTOS PARA CULTIVAR LA TIERRA","DPA_DESPRO":"GUAYAS","DPA_DESCAN":"NARANJAL","niv1":"TIERRA AGROPECUARIA","niv2":"CULTIVO","niv3":"CULTIVO PERMANENTE","niv4":"FRUTALES","niv5":"CACAO","LULC_std":"Cacao","label":"Cacao","cbt":"CACAO","uso":"AGRICOLA","tmp":"CULTIVO PERMANENTE","nal":"NO APLICABLE","tap":"PEQUENA","rie":"SI","spr":"MERCANTIL","sce":9.37319743282,"usce":"HECTAREAS","txt":"EL CODIGO (fcode) Y LA DESCRIPCION (descr) CORRESPONDEN A LOS OBJETOS GEOGRAFICOS DEL ATRIBUTO niv2","simbologia":"CPuc: Cacao","SHAPE_Leng":1758.80647624,"SHAPE_Area":93731.9743282,"apt_uso":1,"area_ha":9.37319743282,"cob_suelo":"Cacao","cacao_sys":"Cacao_alim_con50b","observ":null,"cob_label":"Cacao próximo a cultivos alimentarios","grupo_c":"Cultivos mixtos de cacao"},"geometry":{"type":"Polygon","coordinates":[[[-79.43072764054803,-2.547256855456381,0.0],[-79.42828597387623,-2.549767324869181,0.0],[-79.42828580187206,-2.553095638111024,0.0],[-79.4280837041395,-2.553179414862472,0.0],[-79.42821883764032,-2.553164482505391,0.0],[-79.42853832152089,-2.553394585744875,0.0],[-79.42927221760378,-2.55275647795529,0.0],[-79.42862268727185,-2.552240119981731,0.0],[-79.42966887078711,-2.551268213083088,0.0],[-79.43002075534214,-2.550789144626802,0.0],[-79.43014686260064,-2.550259325970173,0.0],[-79.4301222594365,-2.549855506873992,0.0],[-79.4302542752392,-2.549571896423402,0.0],[-79.43136543850541,-2.548322559551152,0.0],[-79.4313094015331,-2.547973663252046,0.0],[-79.43135496600802,-2.547844325812939,0.0],[-79.43097655180527,-2.547758887537176,0.0],[-79.4310532991142,-2.547711517294947,0.0],[-79.43072764054803,-2.547256855456381,0.0]]]}},{"type":"Feature","properties":{"fcode":"EA010","descr":"PRODUCTO AGRICOLA, RESULTADO DE UN CONJUNTO DE TECNICAS Y CONOCIMIENTOS PARA CULTIVAR LA TIERRA","DPA_DESPRO":"GUAYAS","DPA_DESCAN":"NARANJAL","niv1":"TIERRA AGROPECUARIA","niv2":"CULTIVO","niv3":"CULTIVO PERMANENTE","niv4":"FRUTALES","niv5":"CACAO","LULC_std":"Cacao","label":"Cacao","cbt":"CACAO","uso":"AGRICOLA","tmp":"CULTIVO PERMANENTE","nal":"NO APLICABLE","tap":"PEQUENA","rie":"SI","spr":"MERCANTIL","sce":3.82134014887,"usce":"HECTAREAS","txt":"EL CODIGO (fcode) Y LA DESCRIPCION (descr) CORRESPONDEN A LOS OBJETOS GEOGRAFICOS DEL ATRIBUTO niv2","simbologia":"CPuc: Cacao","SHAPE_Leng":787.811384635,"SHAPE_Area":38213.4014887,"apt_uso":1,"area_ha":3.82134014887,"cob_suelo":"Cacao","cacao_sys":"Cacao_alim_con50b","observ":null,"cob_label":"Cacao próximo a cultivos alimentarios","grupo_c":"Cultivos mixtos de cacao"},"geometry":{"type":"Polygon","coordinates":[[[-79.44374857165039,-2.53667015894322,0.0],[-79.44397579448442,-2.53726474367774,0.0],[-79.44559907838516,-2.536394013873272,0.0],[-79.44472500003481,-2.53460108481885,0.0],[-79.4443578845575,-2.534624802831107,0.0],[-79.4440958893974,-2.534863769676865,0.0],[-79.44371436328487,-2.535581161241832,0.0],[-79.44379677428883,-2.536051007052556,0.0],[-79.44374857165039,-2.53667015894322,0.0]]]}},{"type":"Feature","properties":{"fcode":"EA010","descr":"PRODUCTO AGRICOLA, RESULTADO DE UN CONJUNTO DE TECNICAS Y CONOCIMIENTOS PARA CULTIVAR LA TIERRA","DPA_DESPRO":"GUAYAS","DPA_DESCAN":"NARANJAL","niv1":"TIERRA AGROPECUARIA","niv2":"CULTIVO","niv3":"CULTIVO PERMANENTE","niv4":"FRUTALES","niv5":"CACAO","LULC_std":"Cacao","label":"Cacao","cbt":"CACAO","uso":"AGRICOLA","tmp":"CULTIVO PERMANENTE","nal":"NO APLICABLE","tap":"PEQUENA","rie":"SI","spr":"MERCANTIL","sce":3.24489674378,"usce":"HECTAREAS","txt":"EL CODIGO (fcode) Y LA DESCRIPCION (descr) CORRESPONDEN A LOS OBJETOS GEOGRAFICOS DEL ATRIBUTO niv2","simbologia":"CPuc: Cacao","SHAPE_Leng":1169.49561837,"SHAPE_Area":32448.9674378,"apt_uso":1,"area_ha":3.24489674378,"cob_suelo":"Cacao","cacao_sys":"Cacao_alim_con50b","observ":null,"cob_label":"Cacao próximo a cultivos alimentarios","grupo_c":"Cultivos mixtos de cacao"},"geometry":{"type":"Polygon","coordinates":[[[-79.47844258034031,-2.522745006799608,0.0],[-79.47777054557692,-2.522703951872288,0.0],[-79.47764467660735,-2.522830248861918,0.0],[-79.4775480358549,-2.523048604967543,0.0],[-79.47769787653607,-2.523199661256928,0.0],[-79.47783671841586,-2.522886459473434,0.0],[-79.47815948022742,-2.523188598253219,0.0],[-79.47800924711107,-2.523374118866161,0.0],[-79.4785165239393,-2.523780929532404,0.0],[-79.47877069551998,-2.52352589455777,0.0],[-79.4791395491852,-2.523886117977503,0.0],[-79.47956727509704,-2.523236677882777,0.0],[-79.47975208678362,-2.523086014951776,0.0],[-79.4799366953298,-2.523109444051185,0.0],[-79.48019707846683,-2.523421165570573,0.0],[-79.48021931500858,-2.52339360765975,0.0],[-79.48006865371988,-2.523191487488258,0.0],[-79.48007116736173,-2.523076631429834,0.0],[-79.4804241138552,-2.522123622276235,0.0],[-79.48018807215868,-2.521437354574936,0.0],[-79.47976514365376,-2.521946157789247,0.0],[-79.47912906173754,-2.522281909390637,0.0],[-79.4790617552063,-2.522618329121477,0.0],[-79.4791965173421,-2.52298429505869,0.0],[-79.47844258034031,-2.522745006799608,0.0]]]}},{"type":"Feature","properties":{"fcode":"EA010","descr":"PRODUCTO AGRICOLA, RESULTADO DE UN CONJUNTO DE TECNICAS Y CONOCIMIENTOS PARA CULTIVAR LA TIERRA","DPA_DESPRO":"GUAYAS","DPA_DESCAN":"NARANJAL","niv1":"TIERRA AGROPECUARIA","niv2":"CULTIVO","niv3":"CULTIVO PERMANENTE","niv4":"FRUTALES","niv5":"CACAO","LULC_std":"Cacao","label":"Cacao","cbt":"CACAO","uso":"AGRICOLA","tmp":"CULTIVO PERMANENTE","nal":"NO APLICABLE","tap":"PEQUENA","rie":"SI","spr":"MERCANTIL","sce":10.6185848341,"usce":"HECTAREAS","txt":"EL CODIGO (fcode) Y LA DESCRIPCION (descr) CORRESPONDEN A LOS OBJETOS GEOGRAFICOS DEL ATRIBUTO niv2","simbologia":"CPuc: Cacao","SHAPE_Leng":1117.58637909,"SHAPE_Area":54911.7730995,"apt_uso":1,"area_ha":5.49117730995,"cob_suelo":"Cacao","cacao_sys":"Cacao_alim_con50b","observ":null,"cob_label":"Cacao próximo a cultivos alimentarios","grupo_c":"Cultivos mixtos de cacao"},"geometry":{"type":"Polygon","coordinates":[[[-79.50257156902164,-2.517211939006687,0.0],[-79.50195232954371,-2.520540477724852,0.0],[-79.50291672830956,-2.520800579866503,0.0],[-79.50339522226425,-2.519765183954592,0.0],[-79.50350168929535,-2.519803871651769,0.0],[-79.50349992917624,-2.516814143005045,0.0],[-79.50330289797697,-2.516713462561401,0.0],[-79.50275756473542,-2.516586228360607,0.0],[-79.50257156902164,-2.517211939006687,0.0]]]}},{"type":"Feature","properties":{"fcode":"EA010","descr":"PRODUCTO AGRICOLA, RESULTADO DE UN CONJUNTO DE TECNICAS Y CONOCIMIENTOS PARA CULTIVAR LA TIERRA","DPA_DESPRO":"GUAYAS","DPA_DESCAN":"NARANJAL","niv1":"TIERRA AGROPECUARIA","niv2":"CULTIVO","niv3":"CULTIVO PERMANENTE","niv4":"FRUTALES","niv5":"CACAO","LULC_std":"Cacao","label":"Cacao","cbt":"CACAO","uso":"AGRICOLA","tmp":"CULTIVO PERMANENTE","nal":"NO APLICABLE","tap":"PEQUENA","rie":"SI","spr":"MERCANTIL","sce":4.6023990816,"usce":"HECTAREAS","txt":"EL CODIGO (fcode) Y LA DESCRIPCION (descr) CORRESPONDEN A LOS OBJETOS GEOGRAFICOS DEL ATRIBUTO niv2","simbologia":"CPuc: Cacao","SHAPE_Leng":1280.17254962,"SHAPE_Area":46023.990816,"apt_uso":1,"area_ha":4.6023990816,"cob_suelo":"Cacao","cacao_sys":"Cacao_alim_con50b","observ":null,"cob_label":"Cacao próximo a cultivos alimentarios","grupo_c":"Cultivos mixtos de cacao"},"geometry":{"type":"Polygon","coordinates":[[[-79.46608331101729,-2.507685137203135,0.0],[-79.46657980872104,-2.507835340687692,0.0],[-79.46671634922978,-2.508028076727283,0.0],[-79.4668254086454,-2.508330821951723,0.0],[-79.46748188086895,-2.508331595196186,0.0],[-79.46758849602224,-2.509913400238094,0.0],[-79.46771761281123,-2.510278356866396,0.0],[-79.46781976453956,-2.51028168872081,0.0],[-79.46793884017085,-2.510180132218514,0.0],[-79.4683067531638,-2.510916372595721,0.0],[-79.46843090969747,-2.510979024867487,0.0],[-79.46853847829486,-2.511126021790034,0.0],[-79.4688952614618,-2.511204210570095,0.0],[-79.4689194645952,-2.510851290028159,0.0],[-79.46903280887044,-2.510716383603892,0.0],[-79.46925470291589,-2.510658900469735,0.0],[-79.46913595082829,-2.510481688305359,0.0],[-79.46908382133138,-2.510299768554714,0.0],[-79.46917478651162,-2.50982130133496,0.0],[-79.46915107787778,-2.509749487463872,0.0],[-79.46886098763032,-2.509605574082172,0.0],[-79.46860909175994,-2.509351633251757,0.0],[-79.46834990215739,-2.508995230047695,0.0],[-79.46792824431078,-2.508144567545925,0.0],[-79.46707008285404,-2.50748536333793,0.0],[-79.46687634049987,-2.507269120018013,0.0],[-79.46608331101729,-2.507685137203135,0.0]]]}},{"type":"Feature","properties":{"fcode":"EA010","descr":"PRODUCTO AGRICOLA, RESULTADO DE UN CONJUNTO DE TECNICAS Y CONOCIMIENTOS PARA CULTIVAR LA TIERRA","DPA_DESPRO":"GUAYAS","DPA_DESCAN":"NARANJAL","niv1":"TIERRA AGROPECUARIA","niv2":"CULTIVO","niv3":"CULTIVO PERMANENTE","niv4":"FRUTALES","niv5":"CACAO","LULC_std":"Cacao","label":"Cacao","cbt":"CACAO","uso":"AGRICOLA","tmp":"CULTIVO PERMANENTE","nal":"NO APLICABLE","tap":"PEQUENA","rie":"SI","spr":"MERCANTIL","sce":2.81519424256,"usce":"HECTAREAS","txt":"EL CODIGO (fcode) Y LA DESCRIPCION (descr) CORRESPONDEN A LOS OBJETOS GEOGRAFICOS DEL ATRIBUTO niv2","simbologia":"CPuc: Cacao","SHAPE_Leng":797.525635075,"SHAPE_Area":28151.9424256,"apt_uso":1,"area_ha":2.81519424256,"cob_suelo":"Cacao","cacao_sys":"Cacao_alim_sin50b","observ":null,"cob_label":"Cacao sin cultivos alimentarios próximos","grupo_c":"Cultivos de exclusivos de cacao"},"geometry":{"type":"Polygon","coordinates":[[[-79.4399994078506,-2.508961556812213,0.0],[-79.44042463924428,-2.508890800739114,0.0],[-79.44076356549823,-2.508739785145799,0.0],[-79.44151656053116,-2.508551409947464,0.0],[-79.44147945980251,-2.508097099898808,0.0],[-79.4412694556884,-2.508148209849383,0.0],[-79.44138567717167,-2.507831999326554,0.0],[-79.44121677435926,-2.507434314697318,0.0],[-79.44119813434034,-2.507282870525052,0.0],[-79.44148073672945,-2.507018220585097,0.0],[-79.44148087111074,-2.506904654340478,0.0],[-79.44119887357402,-2.506658256264007,0.0],[-79.44086017201994,-2.506619995324604,0.0],[-79.44060373989986,-2.506524627302151,0.0],[-79.4399994078506,-2.508961556812213,0.0]]]}},{"type":"Feature","properties":{"fcode":"EA010","descr":"PRODUCTO AGRICOLA, RESULTADO DE UN CONJUNTO DE TECNICAS Y CONOCIMIENTOS PARA CULTIVAR LA TIERRA","DPA_DESPRO":"GUAYAS","DPA_DESCAN":"NARANJAL","niv1":"TIERRA AGROPECUARIA","niv2":"CULTIVO","niv3":"CULTIVO PERMANENTE","niv4":"FRUTALES","niv5":"CACAO","LULC_std":"Cacao","label":"Cacao","cbt":"CACAO","uso":"AGRICOLA","tmp":"CULTIVO PERMANENTE","nal":"NO APLICABLE","tap":"PEQUENA","rie":"SI","spr":"MERCANTIL","sce":23.8436172276,"usce":"HECTAREAS","txt":"EL CODIGO (fcode) Y LA DESCRIPCION (descr) CORRESPONDEN A LOS OBJETOS GEOGRAFICOS DEL ATRIBUTO niv2","simbologia":"CPuc: Cacao","SHAPE_Leng":4316.28110859,"SHAPE_Area":238436.172276,"apt_uso":1,"area_ha":23.8436172276,"cob_suelo":"Cacao","cacao_sys":"Cacao_alim_con50b","observ":null,"cob_label":"Cacao próximo a cultivos alimentarios","grupo_c":"Cultivos mixtos de cacao"},"geometry":{"type":"Polygon","coordinates":[[[-79.4992127424827,-2.508921037173139,0.0],[-79.50000013307935,-2.509477671919479,0.0],[-79.5004884475589,-2.509741438880956,0.0],[-79.50055968692364,-2.509861166327406,0.0],[-79.50052373950061,-2.510088451161592,0.0],[-79.50036873756969,-2.51039935004409,0.0],[-79.49970250787104,-2.510446439805274,0.0],[-79.4995475876125,-2.510685551565057,0.0],[-79.49916671070585,-2.510864579814891,0.0],[-79.49903280119673,-2.510814860337879,0.0],[-79.49899824648882,-2.511084525961497,0.0],[-79.49904616259603,-2.511473582037256,0.0],[-79.49855052020753,-2.511678610991708,0.0],[-79.49828880878634,-2.511678308616293,0.0],[-79.49803941601648,-2.511307120561129,0.0],[-79.49771849820294,-2.511067459384195,0.0],[-79.49749255732453,-2.510995411352118,0.0],[-79.49719502114155,-2.511114712562445,0.0],[-79.49715905935354,-2.511353961243246,0.0],[-79.49739671916893,-2.51158156104657,0.0],[-79.49740839617539,-2.511773006590624,0.0],[-79.49684868329241,-2.512298797992109,0.0],[-79.49680019589461,-2.513088399412589,0.0],[-79.49659305637695,-2.513349876311596,0.0],[-79.49707559219782,-2.513605584609836,0.0],[-79.49686595966904,-2.513835060013065,0.0],[-79.49661846840931,-2.513882631720838,0.0],[-79.49654216956068,-2.51402611712677,0.0],[-79.49657996245162,-2.514265451068365,0.0],[-79.49674155077987,-2.514437927588054,0.0],[-79.49698880115083,-2.514600931109487,0.0],[-79.4972267541985,-2.514572491836871,0.0],[-79.49743638689478,-2.514343015506506,0.0],[-79.49765521846615,-2.514391126995126,0.0],[-79.49790269896565,-2.514353126400008,0.0],[-79.49831229436897,-2.514028165549732,0.0],[-79.49884538872195,-2.513894779378914,0.0],[-79.49906028381088,-2.513884486077464,0.0],[-79.49915034958423,-2.511809697883825,0.0],[-79.49975080588862,-2.511650915119642,0.0],[-79.50097398121986,-2.511675108426203,0.0],[-79.5009633339265,-2.513359461554411,0.0],[-79.50118941308054,-2.513311864153862,0.0],[-79.50205776760697,-2.513360724276776,0.0],[-79.50214113580883,-2.513277069010124,0.0],[-79.50216622302973,-2.512140466643578,0.0],[-79.50222588033394,-2.511984996926699,0.0],[-79.5024758872745,-2.511817781291272,0.0],[-79.50297402243356,-2.511609001903909,0.0],[-79.5010816703619,-2.510529831871333,0.0],[-79.50167256190666,-2.509611731889503,0.0],[-79.50232029165933,-2.509095609170849,0.0],[-79.50239657768147,-2.508961694155768,0.0],[-79.50239675194355,-2.508808548907435,0.0],[-79.5023017152975,-2.508693579304155,0.0],[-79.50182598492256,-2.508597315872829,0.0],[-79.50121691082572,-2.508596614476155,0.0],[-79.50058858591416,-2.508787322943441,0.0],[-79.50017037678248,-2.50880606221858,0.0],[-79.50022883279283,-2.507324170076103,0.0],[-79.50097841156835,-2.507194167089071,0.0],[-79.50093532068841,-2.506779543452837,0.0],[-79.50103532818892,-2.50670787154937,0.0],[-79.50100617590354,-2.505138413032487,0.0],[-79.5006826165861,-2.505245323814319,0.0],[-79.5000001234696,-2.505328820527444,0.0],[-79.49982128690286,-2.505663559381552,0.0],[-79.49972602454817,-2.505747201916798,0.0],[-79.49941668934396,-2.505782738669038,0.0],[-79.49938105565576,-2.505734840241794,0.0],[-79.49930116559457,-2.507361523730651,0.0],[-79.49930594708191,-2.508384495598117,0.0],[-79.49938889202633,-2.508671740038479,0.0],[-79.49938284137791,-2.508761466096682,0.0],[-79.4992127424827,-2.508921037173139,0.0]]]}},{"type":"Feature","properties":{"fcode":"EA010","descr":"PRODUCTO AGRICOLA, RESULTADO DE UN CONJUNTO DE TECNICAS Y CONOCIMIENTOS PARA CULTIVAR LA TIERRA","DPA_DESPRO":"GUAYAS","DPA_DESCAN":"NARANJAL","niv1":"TIERRA AGROPECUARIA","niv2":"CULTIVO","niv3":"CULTIVO PERMANENTE","niv4":"FRUTALES","niv5":"CACAO","LULC_std":"Cacao","label":"Cacao","cbt":"CACAO","uso":"AGRICOLA","tmp":"CULTIVO PERMANENTE","nal":"NO APLICABLE","tap":"PEQUENA","rie":"SI","spr":"MERCANTIL","sce":2.13890520508,"usce":"HECTAREAS","txt":"EL CODIGO (fcode) Y LA DESCRIPCION (descr) CORRESPONDEN A LOS OBJETOS GEOGRAFICOS DEL ATRIBUTO niv2","simbologia":"CPuc: Cacao","SHAPE_Leng":1005.43189637,"SHAPE_Area":21389.0520508,"apt_uso":1,"area_ha":2.13890520508,"cob_suelo":"Cacao","cacao_sys":"Cacao_alim_con50b","observ":null,"cob_label":"Cacao próximo a cultivos alimentarios","grupo_c":"Cultivos mixtos de cacao"},"geometry":{"type":"Polygon","coordinates":[[[-79.44465803773258,-2.505641576523031,0.0],[-79.44471937100056,-2.5055646553771,0.0],[-79.44475729989163,-2.505318639722448,0.0],[-79.44487043876107,-2.505129497115145,0.0],[-79.44485179815763,-2.50497805274677,0.0],[-79.44419341482909,-2.504731205975355,0.0],[-79.44417434985486,-2.504939388564916,0.0],[-79.44439980106688,-2.505261429656541,0.0],[-79.4443244346932,-2.505337050714707,0.0],[-79.44406121095624,-2.505128531059837,0.0],[-79.44379787558624,-2.505014650048238,0.0],[-79.44357213407115,-2.504938669420733,0.0],[-79.44347345454705,-2.504998057898736,0.0],[-79.44322816738246,-2.504503187071682,0.0],[-79.44189813705604,-2.504473136039033,0.0],[-79.44180301433713,-2.50503119388141,0.0],[-79.44210383114093,-2.505277614187007,0.0],[-79.4421385337326,-2.505470881603008,0.0],[-79.44257449092177,-2.505126754905501,0.0],[-79.44285691361584,-2.505013525957736,0.0],[-79.44319570458575,-2.504976075261493,0.0],[-79.4432707579951,-2.505165442434531,0.0],[-79.44349641007955,-2.505317134032111,0.0],[-79.44385384167825,-2.505431127518872,0.0],[-79.44407947157175,-2.505601746816863,0.0],[-79.44465803773258,-2.505641576523031,0.0]]]}},{"type":"Feature","properties":{"fcode":"EA010","descr":"PRODUCTO AGRICOLA, RESULTADO DE UN CONJUNTO DE TECNICAS Y CONOCIMIENTOS PARA CULTIVAR LA TIERRA","DPA_DESPRO":"GUAYAS","DPA_DESCAN":"NARANJAL","niv1":"TIERRA AGROPECUARIA","niv2":"CULTIVO","niv3":"CULTIVO PERMANENTE","niv4":"FRUTALES","niv5":"CACAO","LULC_std":"Cacao","label":"Cacao","cbt":"CACAO","uso":"AGRICOLA","tmp":"CULTIVO PERMANENTE","nal":"NO APLICABLE","tap":"PEQUENA","rie":"SI","spr":"MERCANTIL","sce":8.28569008797,"usce":"HECTAREAS","txt":"EL CODIGO (fcode) Y LA DESCRIPCION (descr) CORRESPONDEN A LOS OBJETOS GEOGRAFICOS DEL ATRIBUTO niv2","simbologia":"CPuc: Cacao","SHAPE_Leng":1387.92091632,"SHAPE_Area":82856.9008797,"apt_uso":1,"area_ha":8.28569008797,"cob_suelo":"Cacao","cacao_sys":"Cacao_alim_con50b","observ":null,"cob_label":"Cacao próximo a cultivos alimentarios","grupo_c":"Cultivos mixtos de cacao"},"geometry":{"type":"Polygon","coordinates":[[[-79.4582184196728,-2.503823581869931,0.0],[-79.45801865452326,-2.503973900464291,0.0],[-79.45796857117845,-2.504132760736154,0.0],[-79.4575856634125,-2.504441782928946,0.0],[-79.45729455591278,-2.504474894319224,0.0],[-79.45687884308921,-2.50439076105891,0.0],[-79.4565874134496,-2.5046998901601,0.0],[-79.45662883757099,-2.504833766471521,0.0],[-79.45662835769419,-2.505243609605708,0.0],[-79.45800030992397,-2.505437610328622,0.0],[-79.45811641372642,-2.505713766187768,0.0],[-79.45817425611152,-2.506031672794183,0.0],[-79.45830716864369,-2.506157292811016,0.0],[-79.45846513810397,-2.506190936624638,0.0],[-79.45857312190714,-2.50629979871338,0.0],[-79.45908865050454,-2.506367322451977,0.0],[-79.45916357474697,-2.506300497391343,0.0],[-79.45931317957935,-2.506375951846688,0.0],[-79.45929195670344,-2.506987808964344,0.0],[-79.45963305909407,-2.507056842787101,0.0],[-79.4597316402479,-2.507335494970501,0.0],[-79.4606786653952,-2.506371278281452,0.0],[-79.46045041356719,-2.505736900622002,0.0],[-79.4600020667306,-2.505123199493397,0.0],[-79.45970841723543,-2.504464816505674,0.0],[-79.45949100797877,-2.504108603142235,0.0],[-79.45886674250045,-2.504117094504517,0.0],[-79.45871708991886,-2.504083461624584,0.0],[-79.45863413268714,-2.503907715549795,0.0],[-79.45839295294029,-2.503915794128085,0.0],[-79.4582184196728,-2.503823581869931,0.0]]]}},{"type":"Feature","properties":{"fcode":"EA010","descr":"PRODUCTO AGRICOLA, RESULTADO DE UN CONJUNTO DE TECNICAS Y CONOCIMIENTOS PARA CULTIVAR LA TIERRA","DPA_DESPRO":"GUAYAS","DPA_DESCAN":"NARANJAL","niv1":"TIERRA AGROPECUARIA","niv2":"CULTIVO","niv3":"CULTIVO PERMANENTE","niv4":"FRUTALES","niv5":"CACAO","LULC_std":"Cacao","label":"Cacao","cbt":"CACAO","uso":"AGRICOLA","tmp":"CULTIVO PERMANENTE","nal":"NO APLICABLE","tap":"PEQUENA","rie":"SI","spr":"MERCANTIL","sce":7.10276174178,"usce":"HECTAREAS","txt":"EL CODIGO (fcode) Y LA DESCRIPCION (descr) CORRESPONDEN A LOS OBJETOS GEOGRAFICOS DEL ATRIBUTO niv2","simbologia":"CPuc: Cacao","SHAPE_Leng":1116.43692297,"SHAPE_Area":71027.6174178,"apt_uso":1,"area_ha":7.10276174178,"cob_suelo":"Cacao","cacao_sys":"Cacao_alim_con50b","observ":null,"cob_label":"Cacao próximo a cultivos alimentarios","grupo_c":"Cultivos mixtos de cacao"},"geometry":{"type":"Polygon","coordinates":[[[-79.44493819448694,-2.504270834940389,0.0],[-79.44504388353195,-2.505433882336732,0.0],[-79.4451323402462,-2.505603807847764,0.0],[-79.44565956586574,-2.505666005383644,0.0],[-79.44599701243574,-2.505996619815397,0.0],[-79.44635375771236,-2.50610233063458,0.0],[-79.44689643584985,-2.505901979228267,0.0],[-79.44715360211691,-2.505715644236114,0.0],[-79.44720141609875,-2.505519487672908,0.0],[-79.44735866379538,-2.505328247495604,0.0],[-79.44770663083995,-2.505211412727986,0.0],[-79.4481708731884,-2.504946358898895,0.0],[-79.44842897948429,-2.504623466575465,0.0],[-79.44783903087472,-2.503584944271214,0.0],[-79.44767945461912,-2.503684544598609,0.0],[-79.44700365917436,-2.503789025988855,0.0],[-79.44630198213001,-2.503805856119996,0.0],[-79.44559550080699,-2.5037045138233,0.0],[-79.44563072266756,-2.504099375637614,0.0],[-79.44535213673919,-2.504292862912647,0.0],[-79.44493819448694,-2.504270834940389,0.0]]]}},{"type":"Feature","properties":{"fcode":"EA010","descr":"PRODUCTO AGRICOLA, RESULTADO DE UN CONJUNTO DE TECNICAS Y CONOCIMIENTOS PARA CULTIVAR LA TIERRA","DPA_DESPRO":"CANAR","DPA_DESCAN":"CANAR","niv1":"TIERRA AGROPECUARIA","niv2":"CULTIVO","niv3":"CULTIVO PERMANENTE","niv4":"FRUTALES","niv5":"CACAO","LULC_std":"Cacao","label":"Cacao","cbt":"CACAO","uso":"AGRICOLA","tmp":"CULTIVO PERMANENTE","nal":"NO APLICABLE","tap":"PEQUENA","rie":"SI","spr":"MERCANTIL","sce":0.00186619851809,"usce":"HECTAREAS","txt":"EL CODIGO (fcode) Y LA DESCRIPCION (descr) CORRESPONDEN A LOS OBJETOS GEOGRAFICOS DEL ATRIBUTO niv2","simbologia":"CPuc: Cacao","SHAPE_Leng":37.5490686837,"SHAPE_Area":18.6619851809,"apt_uso":1,"area_ha":0.00186619851809,"cob_suelo":"Cacao","cacao_sys":"Cacao_alim_sin50b","observ":null,"cob_label":"Cacao sin cultivos alimentarios próximos","grupo_c":"Cultivos de exclusivos de cacao"},"geometry":{"type":"Polygon","coordinates":[[[-79.3848025426455,-2.516310546709179,0.0],[-79.38482931362361,-2.516144916068923,0.0],[-79.38479627729431,-2.516235937894825,0.0],[-79.3848025426455,-2.516310546709179,0.0]]]}},{"type":"Feature","properties":{"fcode":"EA010","descr":"PRODUCTO AGRICOLA, RESULTADO DE UN CONJUNTO DE TECNICAS Y CONOCIMIENTOS PARA CULTIVAR LA TIERRA","DPA_DESPRO":"GUAYAS","DPA_DESCAN":"NARANJAL","niv1":"TIERRA AGROPECUARIA","niv2":"CULTIVO","niv3":"CULTIVO PERMANENTE","niv4":"FRUTALES","niv5":"CACAO","LULC_std":"Cacao","label":"Cacao","cbt":"CACAO","uso":"AGRICOLA","tmp":"CULTIVO PERMANENTE","nal":"NO APLICABLE","tap":"PEQUENA","rie":"NO","spr":"MERCANTIL","sce":4.51814232467,"usce":"HECTAREAS","txt":"EL CODIGO (fcode) Y LA DESCRIPCION (descr) CORRESPONDEN A LOS OBJETOS GEOGRAFICOS DEL ATRIBUTO niv2","simbologia":"CPuc: Cacao","SHAPE_Leng":1285.66614912,"SHAPE_Area":45181.4232467,"apt_uso":1,"area_ha":4.51814232467,"cob_suelo":"Cacao","cacao_sys":"Cacao_alim_sin50b","observ":null,"cob_label":"Cacao sin cultivos alimentarios próximos","grupo_c":"Cultivos de exclusivos de cacao"},"geometry":{"type":"Polygon","coordinates":[[[-79.4290369779127,-2.597160382135639,0.0],[-79.42888054210589,-2.59727450281169,0.0],[-79.42866741214111,-2.597274236381858,0.0],[-79.42855391970951,-2.597131199262211,0.0],[-79.42819891550545,-2.596959281142803,0.0],[-79.4280424797221,-2.597073401683976,0.0],[-79.42801385043786,-2.597244840112582,0.0],[-79.42818419497647,-2.597373658378144,0.0],[-79.4282124885576,-2.597473720858283,0.0],[-79.42820047141484,-2.597616595608205,0.0],[-79.42787857959955,-2.597478066542811,0.0],[-79.42748038441768,-2.597763358691675,0.0],[-79.42730957436466,-2.598010829551149,0.0],[-79.42686318996208,-2.598906034699756,0.0],[-79.42678254949365,-2.598905933704122,0.0],[-79.42675440983048,-2.599088367923438,0.0],[-79.42681122788929,-2.59931815017466,0.0],[-79.42701080326086,-2.599548110353452,0.0],[-79.42749615827141,-2.599563075095403,0.0],[-79.42778190222418,-2.599376793263327,0.0],[-79.42753780302003,-2.598906879395033,0.0],[-79.4285689144328,-2.598908169768457,0.0],[-79.42862330264535,-2.59847450119797,0.0],[-79.42897873039499,-2.598303471400641,0.0],[-79.42906412359852,-2.598189261964128,0.0],[-79.4295347219155,-2.596803765429476,0.0],[-79.42973518134362,-2.596545577946936,0.0],[-79.42978791953519,-2.596229767433971,0.0],[-79.42977911322231,-2.596201302176955,0.0],[-79.42966321680676,-2.596303792820971,0.0],[-79.4294073732508,-2.596374920462903,0.0],[-79.429293563026,-2.596489094518152,0.0],[-79.42915085886486,-2.5969890501353,0.0],[-79.4290369779127,-2.597160382135639,0.0]]]}},{"type":"Feature","properties":{"fcode":"EA010","descr":"PRODUCTO AGRICOLA, RESULTADO DE UN CONJUNTO DE TECNICAS Y CONOCIMIENTOS PARA CULTIVAR LA TIERRA","DPA_DESPRO":"GUAYAS","DPA_DESCAN":"NARANJAL","niv1":"TIERRA AGROPECUARIA","niv2":"CULTIVO","niv3":"CULTIVO PERMANENTE","niv4":"FRUTALES","niv5":"CACAO","LULC_std":"Cacao","label":"Cacao","cbt":"CACAO","uso":"AGRICOLA","tmp":"CULTIVO PERMANENTE","nal":"NO APLICABLE","tap":"PEQUENA","rie":"NO","spr":"MERCANTIL","sce":16.7046780644,"usce":"HECTAREAS","txt":"EL CODIGO (fcode) Y LA DESCRIPCION (descr) CORRESPONDEN A LOS OBJETOS GEOGRAFICOS DEL ATRIBUTO niv2","simbologia":"CPuc: Cacao","SHAPE_Leng":3302.5265024,"SHAPE_Area":167046.780644,"apt_uso":1,"area_ha":16.7046780644,"cob_suelo":"Cacao","cacao_sys":"Cacao_alim_sin50b","observ":null,"cob_label":"Cacao sin cultivos alimentarios próximos","grupo_c":"Cultivos de exclusivos de cacao"},"geometry":{"type":"Polygon","coordinates":[[[-79.43661982647288,-2.598151013746221,0.0],[-79.43613382761193,-2.597351898409811,0.0],[-79.43596420717027,-2.597543329788055,0.0],[-79.4354146638189,-2.596765428998677,0.0],[-79.435086494842,-2.596754373332527,0.0],[-79.43481155925565,-2.596498508244101,0.0],[-79.43451522894415,-2.596423611640094,0.0],[-79.43422572583673,-2.596435640165093,0.0],[-79.43404441141014,-2.596244531759084,0.0],[-79.4341956044153,-2.595733673653512,0.0],[-79.43412053221228,-2.595563231392373,0.0],[-79.43383829505522,-2.595506097050417,0.0],[-79.43358262816798,-2.595689275200949,0.0],[-79.43330783745347,-2.595417760097761,0.0],[-79.43312435610798,-2.595403335590942,0.0],[-79.43296920993508,-2.59530377246406,0.0],[-79.4329976150187,-2.595161850147469,0.0],[-79.43311069509971,-2.595034230152285,0.0],[-79.43315321571032,-2.594892325398979,0.0],[-79.43305491548222,-2.59448052669768,0.0],[-79.43318212849476,-2.594338728301093,0.0],[-79.43321058589584,-2.594154219060985,0.0],[-79.43305542232689,-2.594068851961771,0.0],[-79.43304156890355,-2.593855899053241,0.0],[-79.43284423438968,-2.593628521756738,0.0],[-79.43277386725298,-2.593458085453608,0.0],[-79.43258146997229,-2.593439415665886,0.0],[-79.43282715364188,-2.592848532628353,0.0],[-79.43313092603458,-2.592718049655048,0.0],[-79.43312431801635,-2.592567739963547,0.0],[-79.43294118550406,-2.592269401608741,0.0],[-79.43230618862701,-2.592112458573194,0.0],[-79.4322732785722,-2.591888262365008,0.0],[-79.43098844113814,-2.591912504901198,0.0],[-79.43070511598793,-2.592454844192326,0.0],[-79.4307092789651,-2.592531924532544,0.0],[-79.43083690529971,-2.592574885730148,0.0],[-79.43098709537203,-2.592877914741226,0.0],[-79.43118660186917,-2.593887635988872,0.0],[-79.43136219663883,-2.593938328814358,0.0],[-79.43173866732585,-2.593888324038382,0.0],[-79.43204534483556,-2.59413139739364,0.0],[-79.43203882148373,-2.594308913187709,0.0],[-79.43230704744673,-2.594280855491973,0.0],[-79.43236298416016,-2.594706796355023,0.0],[-79.4321365616054,-2.595174973176882,0.0],[-79.43208292624414,-2.595811418599522,0.0],[-79.43182108458764,-2.595811092122008,0.0],[-79.43177815146393,-2.595615650610006,0.0],[-79.43151048326827,-2.595627279871629,0.0],[-79.43123083235264,-2.596427907800071,0.0],[-79.4312228616711,-2.596387567352548,0.0],[-79.43048181973445,-2.596375996258746,0.0],[-79.43006743418418,-2.597599857835116,0.0],[-79.43066035735984,-2.597536718029517,0.0],[-79.43077704633019,-2.597345221768396,0.0],[-79.43170008277426,-2.597209597401657,0.0],[-79.43189277493114,-2.597278264484345,0.0],[-79.43206329643183,-2.59726418721631,0.0],[-79.43219124528704,-2.597207188628953,0.0],[-79.43254684887735,-2.596893262024594,0.0],[-79.43269034998802,-2.59695907765329,0.0],[-79.4327041073673,-2.597092102806812,0.0],[-79.43307382134607,-2.597752665069759,0.0],[-79.43340209612217,-2.597678546723623,0.0],[-79.43357217593929,-2.597114478352078,0.0],[-79.43367828985485,-2.596912322063534,0.0],[-79.43414405788079,-2.596944842102746,0.0],[-79.43422851363108,-2.597136589585899,0.0],[-79.43410106940333,-2.597466482107324,0.0],[-79.43437609574579,-2.597647819841291,0.0],[-79.4350852235373,-2.597787112147974,0.0],[-79.43524366731413,-2.598074773009871,0.0],[-79.43552928098836,-2.598256123854002,0.0],[-79.43568779132985,-2.598490551537022,0.0],[-79.43592045915635,-2.598682483658361,0.0],[-79.43661982647288,-2.598151013746221,0.0]]]}},{"type":"Feature","properties":{"fcode":"EA010","descr":"PRODUCTO AGRICOLA, RESULTADO DE UN CONJUNTO DE TECNICAS Y CONOCIMIENTOS PARA CULTIVAR LA TIERRA","DPA_DESPRO":"GUAYAS","DPA_DESCAN":"NARANJAL","niv1":"TIERRA AGROPECUARIA","niv2":"CULTIVO","niv3":"CULTIVO PERMANENTE","niv4":"FRUTALES","niv5":"CACAO","LULC_std":"Cacao","label":"Cacao","cbt":"CACAO","uso":"AGRICOLA","tmp":"CULTIVO PERMANENTE","nal":"NO APLICABLE","tap":"PEQUENA","rie":"NO","spr":"MERCANTIL","sce":41.1700422525,"usce":"HECTAREAS","txt":"EL CODIGO (fcode) Y LA DESCRIPCION (descr) CORRESPONDEN A LOS OBJETOS GEOGRAFICOS DEL ATRIBUTO niv2","simbologia":"CPuc: Cacao","SHAPE_Leng":5494.18135361,"SHAPE_Area":411700.422525,"apt_uso":1,"area_ha":41.1700422525,"cob_suelo":"Cacao","cacao_sys":"Cacao_alim_sin50b","observ":null,"cob_label":"Cacao sin cultivos alimentarios próximos","grupo_c":"Cultivos de exclusivos de cacao"},"geometry":{"type":"Polygon","coordinates":[[[-79.42874225151873,-2.584865380261132,0.0],[-79.42875212362432,-2.584907621281248,0.0],[-79.42793027093477,-2.585564168791624,0.0],[-79.42821978065385,-2.585805592192911,0.0],[-79.42844691701637,-2.586839573587083,0.0],[-79.4282579609294,-2.586874071554696,0.0],[-79.42789032956881,-2.586709668261219,0.0],[-79.42751959094295,-2.586364640017853,0.0],[-79.42739096907964,-2.586479334912637,0.0],[-79.42736215277043,-2.586694653302287,0.0],[-79.427546992278,-2.587297874069475,0.0],[-79.42754667383635,-2.587556298665461,0.0],[-79.42768925204497,-2.58770004531296,0.0],[-79.4279695681337,-2.587782277347547,0.0],[-79.42788568960266,-2.588057011288074,0.0],[-79.42768927900715,-2.588215212328616,0.0],[-79.42740790122983,-2.58872863480601,0.0],[-79.4270053442341,-2.588918321950899,0.0],[-79.42684171772764,-2.589180385391733,0.0],[-79.42683737812878,-2.589490760080183,0.0],[-79.42691533693097,-2.589641344689052,0.0],[-79.42700037629461,-2.590102499138703,0.0],[-79.42692879765124,-2.590319911018543,0.0],[-79.42670639890348,-2.590696122986842,0.0],[-79.42640770806398,-2.590952662746997,0.0],[-79.4259101942979,-2.591045379561837,0.0],[-79.42567209068586,-2.591188650861736,0.0],[-79.42526684788025,-2.591810277851621,0.0],[-79.42522325992275,-2.592010723131586,0.0],[-79.4249978705157,-2.592314003059559,0.0],[-79.42499784161998,-2.598903697177694,0.0],[-79.42515955586008,-2.598903899936131,0.0],[-79.42532077345967,-2.598194666175256,0.0],[-79.42557809561822,-2.597904260734142,0.0],[-79.4257387765266,-2.597839856541643,0.0],[-79.42586773712033,-2.597452381426667,0.0],[-79.42590029745476,-2.597097088739909,0.0],[-79.42596473720215,-2.596935654299191,0.0],[-79.42622173900132,-2.596903672866878,0.0],[-79.42625445904504,-2.596419168352069,0.0],[-79.42641533958998,-2.596193248108723,0.0],[-79.42664022094385,-2.596161226295044,0.0],[-79.42683306189271,-2.596064558810014,0.0],[-79.42736982564465,-2.595248264789584,0.0],[-79.42774874557995,-2.595229686078977,0.0],[-79.42782145369887,-2.595275513724578,0.0],[-79.42782962535004,-2.595146587724305,0.0],[-79.42815150606114,-2.594597837555142,0.0],[-79.42840600018583,-2.593897539734392,0.0],[-79.42820513882691,-2.593839409118389,0.0],[-79.42807266676891,-2.593724927505641,0.0],[-79.42805390959369,-2.593572483131774,0.0],[-79.42816776648857,-2.593420203459621,0.0],[-79.42833838714019,-2.593325152720687,0.0],[-79.4285849756208,-2.593077775787901,0.0],[-79.42860413171287,-2.592906325407873,0.0],[-79.42852851748178,-2.592772861538724,0.0],[-79.42813088886157,-2.592600890936667,0.0],[-79.42799846300953,-2.592448304670299,0.0],[-79.4279986981652,-2.592257777424723,0.0],[-79.42777008515758,-2.592076668414006,0.0],[-79.42795201645104,-2.591839421162376,0.0],[-79.42825323566498,-2.591764086720319,0.0],[-79.42864077587734,-2.591824170155401,0.0],[-79.42870161366348,-2.591303609208003,0.0],[-79.42979389566301,-2.591143455661987,0.0],[-79.43044508896783,-2.59049017427494,0.0],[-79.43021956447808,-2.59028346946325,0.0],[-79.42991232540514,-2.58937859962177,0.0],[-79.43007571985306,-2.589141868400928,0.0],[-79.43163891857294,-2.589122472446961,0.0],[-79.43152162042064,-2.587988318794042,0.0],[-79.4301516534714,-2.587964628374576,0.0],[-79.43032054733047,-2.588362318389539,0.0],[-79.42996837478505,-2.588780284261334,0.0],[-79.42868793314273,-2.588800700892529,0.0],[-79.42866724876282,-2.588845133127853,0.0],[-79.42855286832776,-2.588868279066053,0.0],[-79.42845674972867,-2.589039633566109,0.0],[-79.4283609207655,-2.588975211493884,0.0],[-79.4283717494192,-2.588835902023797,0.0],[-79.42849999553759,-2.588535981391792,0.0],[-79.42851120992056,-2.588347035949561,0.0],[-79.42909135413012,-2.588056213588611,0.0],[-79.42909203024577,-2.587507061707556,0.0],[-79.42917414980273,-2.586934014600182,0.0],[-79.42925274915272,-2.586802637548395,0.0],[-79.4316899317592,-2.586695417480996,0.0],[-79.43187819462612,-2.586113398798848,0.0],[-79.43039040029893,-2.58601654083424,0.0],[-79.43003707830837,-2.585762065076874,0.0],[-79.42958246837402,-2.585710692938564,0.0],[-79.42958356165767,-2.584821567124129,0.0],[-79.42905351653668,-2.584490661128024,0.0],[-79.42874225151873,-2.584865380261132,0.0]]]}},{"type":"Feature","properties":{"fcode":"EA010","descr":"PRODUCTO AGRICOLA, RESULTADO DE UN CONJUNTO DE TECNICAS Y CONOCIMIENTOS PARA CULTIVAR LA TIERRA","DPA_DESPRO":"GUAYAS","DPA_DESCAN":"NARANJAL","niv1":"TIERRA AGROPECUARIA","niv2":"CULTIVO","niv3":"CULTIVO PERMANENTE","niv4":"FRUTALES","niv5":"CACAO","LULC_std":"Cacao","label":"Cacao","cbt":"CACAO","uso":"AGRICOLA","tmp":"CULTIVO PERMANENTE","nal":"NO APLICABLE","tap":"PEQUENA","rie":"NO","spr":"MERCANTIL","sce":104.694403163,"usce":"HECTAREAS","txt":"EL CODIGO (fcode) Y LA DESCRIPCION (descr) CORRESPONDEN A LOS OBJETOS GEOGRAFICOS DEL ATRIBUTO niv2","simbologia":"CPuc: Cacao","SHAPE_Leng":4050.00406058,"SHAPE_Area":399077.061116,"apt_uso":1,"area_ha":39.9077061116,"cob_suelo":"Cacao","cacao_sys":"Cacao_alim_con50b","observ":null,"cob_label":"Cacao próximo a cultivos alimentarios","grupo_c":"Cultivos mixtos de cacao"},"geometry":{"type":"Polygon","coordinates":[[[-79.49944474422004,-2.549618918482802,0.0],[-79.49957611241285,-2.549686911656731,0.0],[-79.49933780502539,-2.549933537787965,0.0],[-79.49932035324987,-2.550055382817717,0.0],[-79.4999774630009,-2.550639365959197,0.0],[-79.5004272452729,-2.550883624135321,0.0],[-79.50105034068409,-2.550945286462163,0.0],[-79.50074710956105,-2.551206071220064,0.0],[-79.50060857818121,-2.551249432374196,0.0],[-79.50067749595654,-2.551528062854621,0.0],[-79.50092815103908,-2.551824315175984,0.0],[-79.50099718987089,-2.551998490016373,0.0],[-79.5009693602471,-2.552031489814635,0.0],[-79.50088717063899,-2.551991692017941,0.0],[-79.50077960020161,-2.551799297145338,0.0],[-79.5004936651064,-2.552073158822315,0.0],[-79.50024084403968,-2.551779079900512,0.0],[-79.50029285809151,-2.551707327693439,0.0],[-79.4993594486943,-2.550550687454296,0.0],[-79.49937249926363,-2.55049194645521,0.0],[-79.49952193513013,-2.550374609041774,0.0],[-79.49945062950398,-2.550289654531876,0.0],[-79.4992752429637,-2.550393904658208,0.0],[-79.49907667402067,-2.550206241721803,0.0],[-79.49903515319464,-2.550088886656527,0.0],[-79.4984672458726,-2.550459846612697,0.0],[-79.4985243491351,-2.550583922475189,0.0],[-79.50352331664452,-2.55712965399797,0.0],[-79.50351604333326,-2.544455256095203,0.0],[-79.50312230927977,-2.544709500412738,0.0],[-79.50261688368815,-2.545357474693156,0.0],[-79.50213978734608,-2.54575169510268,0.0],[-79.50197126846032,-2.546005283780465,0.0],[-79.5016765959819,-2.546244626224132,0.0],[-79.50136805169511,-2.546357059133262,0.0],[-79.50091642031781,-2.546433336617805,0.0],[-79.50060872641052,-2.546567799715898,0.0],[-79.50040341642216,-2.546813415102105,0.0],[-79.50024571319703,-2.547074806444716,0.0],[-79.50019431007698,-2.547984289539399,0.0],[-79.50011919486252,-2.548284984197375,0.0],[-79.49980073731476,-2.548886177293531,0.0],[-79.49970677764355,-2.549318442119253,0.0],[-79.49957565205332,-2.549562675176759,0.0],[-79.49944474422004,-2.549618918482802,0.0]]]}},{"type":"Feature","properties":{"fcode":"EA010","descr":"PRODUCTO AGRICOLA, RESULTADO DE UN CONJUNTO DE TECNICAS Y CONOCIMIENTOS PARA CULTIVAR LA TIERRA","DPA_DESPRO":"GUAYAS","DPA_DESCAN":"NARANJAL","niv1":"TIERRA AGROPECUARIA","niv2":"CULTIVO","niv3":"CULTIVO PERMANENTE","niv4":"FRUTALES","niv5":"CACAO","LULC_std":"Cacao","label":"Cacao","cbt":"CACAO","uso":"AGRICOLA","tmp":"CULTIVO PERMANENTE","nal":"NO APLICABLE","tap":"PEQUENA","rie":"NO","spr":"MERCANTIL","sce":11.4197099095,"usce":"HECTAREAS","txt":"EL CODIGO (fcode) Y LA DESCRIPCION (descr) CORRESPONDEN A LOS OBJETOS GEOGRAFICOS DEL ATRIBUTO niv2","simbologia":"CPuc: Cacao","SHAPE_Leng":1450.43190509,"SHAPE_Area":114197.099095,"apt_uso":1,"area_ha":11.4197099095,"cob_suelo":"Cacao","cacao_sys":"Cacao_alim_con50b","observ":null,"cob_label":"Cacao próximo a cultivos alimentarios","grupo_c":"Cultivos mixtos de cacao"},"geometry":{"type":"Polygon","coordinates":[[[-79.50193647686805,-2.520624734437313,0.0],[-79.50244507070671,-2.517861067237142,0.0],[-79.50164538123532,-2.51752151194058,0.0],[-79.50110306086698,-2.517398847658132,0.0],[-79.50014758629933,-2.516550654573047,0.0],[-79.49944780434718,-2.516808278316401,0.0],[-79.49864790869788,-2.517228503887361,0.0],[-79.49843834108016,-2.517400549879935,0.0],[-79.49847629934541,-2.517496310347855,0.0],[-79.49935123395736,-2.518033333745803,0.0],[-79.49936996118545,-2.518301360682733,0.0],[-79.49912186612454,-2.518875369970738,0.0],[-79.49912171269786,-2.519009372405754,0.0],[-79.49925468552907,-2.519239244669163,0.0],[-79.49950203567028,-2.519316104190592,0.0],[-79.50000012053998,-2.519584770340797,0.0],[-79.5002872394017,-2.519839897481377,0.0],[-79.500615011638,-2.520328430306755,0.0],[-79.50072911604319,-2.520414706799358,0.0],[-79.50147141428427,-2.520429923277856,0.0],[-79.50193647686805,-2.520624734437313,0.0]]]}},{"type":"Feature","properties":{"fcode":"EA010","descr":"PRODUCTO AGRICOLA, RESULTADO DE UN CONJUNTO DE TECNICAS Y CONOCIMIENTOS PARA CULTIVAR LA TIERRA","DPA_DESPRO":"GUAYAS","DPA_DESCAN":"NARANJAL","niv1":"TIERRA AGROPECUARIA","niv2":"CULTIVO","niv3":"CULTIVO PERMANENTE","niv4":"FRUTALES","niv5":"CACAO","LULC_std":"Cacao","label":"Cacao","cbt":"CACAO","uso":"AGRICOLA","tmp":"CULTIVO PERMANENTE","nal":"NO APLICABLE","tap":"PEQUENA","rie":"NO","spr":"MERCANTIL","sce":6.05066989143,"usce":"HECTAREAS","txt":"EL CODIGO (fcode) Y LA DESCRIPCION (descr) CORRESPONDEN A LOS OBJETOS GEOGRAFICOS DEL ATRIBUTO niv2","simbologia":"CPuc: Cacao","SHAPE_Leng":1063.8998892,"SHAPE_Area":60506.6989143,"apt_uso":1,"area_ha":6.05066989143,"cob_suelo":"Cacao","cacao_sys":"Cacao_alim_con50b","observ":null,"cob_label":"Cacao próximo a cultivos alimentarios","grupo_c":"Cultivos mixtos de cacao"},"geometry":{"type":"Polygon","coordinates":[[[-79.49915034958423,-2.511809697883825,0.0],[-79.49906823489715,-2.514455615555383,0.0],[-79.49921974654751,-2.515118624702364,0.0],[-79.4995247000245,-2.514755256347441,0.0],[-79.49975354053541,-2.514372656368244,0.0],[-79.50000013269258,-2.514296149350963,0.0],[-79.50045075397352,-2.514280138317337,0.0],[-79.5006175716888,-2.514041040357131,0.0],[-79.50062974068732,-2.513801763782373,0.0],[-79.5007132309715,-2.513610427852951,0.0],[-79.50082051379522,-2.513419119367569,0.0],[-79.5009633339265,-2.513359461554411,0.0],[-79.50097398121986,-2.511675108426203,0.0],[-79.49975080588862,-2.511650915119642,0.0],[-79.49915034958423,-2.511809697883825,0.0]]]}},{"type":"Feature","properties":{"fcode":"FA000","descr":"SON AGRUPACIONES DE ESPECIES CULTIVADAS QUE SE ENCUENTRAN MEZCLADAS ENTRE SI Y QUE NO PUEDEN SER INDIVIDUALIZADAS; Y EXCEPCIONALMENTE PUEDEN ESTAR ASOCIADAS CON VEGETACION NATURAL","DPA_DESPRO":"GUAYAS","DPA_DESCAN":"NARANJAL","niv1":"TIERRA AGROPECUARIA","niv2":"MOSAICO AGROPECUARIO","niv3":"CACAO CON PRESENCIA DE TECA","niv4":"NO APLICABLE","niv5":null,"LULC_std":"Agroforesteria_mixta","label":"Cacao con presencia de teca","cbt":"CACAO CON PRESENCIA DE TECA","uso":"AGROPECUARIO MIXTO","tmp":"CULTIVO PERMANENTE","nal":"NO APLICABLE","tap":"PEQUENA","rie":"SI","spr":"MERCANTIL","sce":1.47790667213,"usce":"HECTAREAS","txt":"EL CODIGO (fcode) Y LA DESCRIPCION (descr) CORRESPONDEN A LOS OBJETOS GEOGRAFICOS DEL ATRIBUTO niv2","simbologia":"MCt: Cacao con presencia de teca","SHAPE_Leng":605.83448918,"SHAPE_Area":14779.0667213,"apt_uso":1,"area_ha":1.47790667213,"cob_suelo":"Cacao_teca","cacao_sys":"Cacao_teca_con50b","observ":null,"cob_label":"Cacao con componente arbóreo próximo a alimentos","grupo_c":"Cacao con teca y cultivos mixtos"},"geometry":{"type":"Polygon","coordinates":[[[-79.43555666576526,-2.554272065576882,0.0],[-79.43735180844244,-2.552910948515464,0.0],[-79.43742705869329,-2.552736518516682,0.0],[-79.43721538729739,-2.552466249379707,0.0],[-79.43660827483494,-2.552603381238891,0.0],[-79.43614822530454,-2.552945064253907,0.0],[-79.43589346132477,-2.553519681223631,0.0],[-79.43564689802841,-2.553878709506448,0.0],[-79.43555666576526,-2.554272065576882,0.0]]]}},{"type":"Feature","properties":{"fcode":"EA010","descr":"PRODUCTO AGRICOLA, RESULTADO DE UN CONJUNTO DE TECNICAS Y CONOCIMIENTOS PARA CULTIVAR LA TIERRA","DPA_DESPRO":"CANAR","DPA_DESCAN":"LA TRONCAL","niv1":"TIERRA AGROPECUARIA","niv2":"CULTIVO","niv3":"CULTIVO PERMANENTE","niv4":"FRUTALES","niv5":"CACAO","LULC_std":"Cacao","label":"Cacao","cbt":"CACAO","uso":"AGRICOLA","tmp":"CULTIVO PERMANENTE","nal":"NO APLICABLE","tap":"MEDIANA","rie":"SI","spr":"MERCANTIL","sce":2606.99195028,"usce":"HECTAREAS","txt":"EL CODIGO (fcode) Y LA DESCRIPCION (descr) CORRESPONDEN A LOS OBJETOS GEOGRAFICOS DEL ATRIBUTO niv2","simbologia":"CPuc: Cacao","SHAPE_Leng":6602.57867442,"SHAPE_Area":1135064.46203,"apt_uso":1,"area_ha":113.506446203,"cob_suelo":"Cacao","cacao_sys":"Cacao_alim_sin50b","observ":null,"cob_label":"Cacao sin cultivos alimentarios próximos","grupo_c":"Cultivos de exclusivos de cacao"},"geometry":{"type":"Polygon","coordinates":[[[-79.37498013352122,-2.500974102543633,0.0],[-79.37440366990386,-2.501165012581354,0.0],[-79.37392796855772,-2.501078279830911,0.0],[-79.37381918239032,-2.500974687704278,0.0],[-79.37238738440699,-2.500975407969075,0.0],[-79.37137427243894,-2.501463376266783,0.0],[-79.37142435109983,-2.501783415020817,0.0],[-79.37162390613345,-2.502013368395016,0.0],[-79.37163317483777,-2.502214372131941,0.0],[-79.37117631750894,-2.502280798539732,0.0],[-79.37104323332974,-2.502165780239638,0.0],[-79.3709484496289,-2.501859388376038,0.0],[-79.37072959051868,-2.501849544378382,0.0],[-79.37028950357399,-2.502103967238527,0.0],[-79.3701202977961,-2.502059346080983,0.0],[-79.36725990967409,-2.503438152984903,0.0],[-79.3672701279045,-2.503488139921661,0.0],[-79.36626389822301,-2.503968723643076,0.0],[-79.36593158039554,-2.503365334149088,0.0],[-79.36547548265996,-2.502819214635689,0.0],[-79.36535211761492,-2.502541501222487,0.0],[-79.36532403176184,-2.502168196804994,0.0],[-79.36507792818887,-2.501105507655144,0.0],[-79.36526323064602,-2.500978970536178,0.0],[-79.35984314121258,-2.500981655132051,0.0],[-79.3598481771856,-2.511365909923541,0.0],[-79.36007868442958,-2.511456407116593,0.0],[-79.36056873475268,-2.511339704997792,0.0],[-79.36089571771487,-2.511035097978895,0.0],[-79.3613163168962,-2.510495996914699,0.0],[-79.36183000101691,-2.510121226983213,0.0],[-79.36238126721386,-2.509882276662891,0.0],[-79.36240270675972,-2.509725612603931,0.0],[-79.3627839242766,-2.509266685113277,0.0],[-79.36317439633926,-2.50901833094583,0.0],[-79.3635932610853,-2.50889443462446,0.0],[-79.36403165892322,-2.508368581710024,0.0],[-79.36431720226895,-2.508321085473037,0.0],[-79.3646213272315,-2.508637310889589,0.0],[-79.36504032276923,-2.508408133011996,0.0],[-79.3652785357512,-2.508159586469272,0.0],[-79.36566888855518,-2.50800694040444,0.0],[-79.36573572692164,-2.507825175946878,0.0],[-79.36628793734138,-2.507605736198651,0.0],[-79.36682123383478,-2.507290561874066,0.0],[-79.36706876044776,-2.50720473346145,0.0],[-79.36723034518077,-2.507358071673843,0.0],[-79.36743014846401,-2.507387035230725,0.0],[-79.36804922056261,-2.506966687376725,0.0],[-79.36835383304637,-2.506890500868677,0.0],[-79.36895335076956,-2.506891251998966,0.0],[-79.36948676539994,-2.506480366401012,0.0],[-79.36956336862684,-2.506097621621616,0.0],[-79.36972530908598,-2.505963829985556,0.0],[-79.37021057391298,-2.506012291678682,0.0],[-79.37087672906907,-2.505993983625651,0.0],[-79.37112768333171,-2.506054271083258,0.0],[-79.37114437004796,-2.505994616781017,0.0],[-79.37173975161922,-2.505492882123686,0.0],[-79.37232264676483,-2.505469683272547,0.0],[-79.3728583293715,-2.505147330117224,0.0],[-79.37316797393348,-2.504848621650338,0.0],[-79.3740012145336,-2.504383072855761,0.0],[-79.37484646777,-2.503821828140309,0.0],[-79.37539395611377,-2.503571270533045,0.0],[-79.37562944846351,-2.503566056462222,0.0],[-79.37569370188243,-2.503258687542853,0.0],[-79.3762293037926,-2.503000936695165,0.0],[-79.37669323507548,-2.502987157717026,0.0],[-79.37685753926637,-2.502865331051158,0.0],[-79.37707932000956,-2.502434909427264,0.0],[-79.37750777709931,-2.502248807157278,0.0],[-79.3777577970777,-2.502069660621277,0.0],[-79.377993269279,-2.502113023103438,0.0],[-79.378078791112,-2.502213625387251,0.0],[-79.37820014013577,-2.502199419692897,0.0],[-79.37838598736552,-2.501969944754594,0.0],[-79.3785359642083,-2.501891170491041,0.0],[-79.37865752486235,-2.501704685262481,0.0],[-79.37900742017608,-2.501561554292589,0.0],[-79.37887051997716,-2.501247136746422,0.0],[-79.37918068647663,-2.50124752201209,0.0],[-79.37938993662054,-2.50133392223536,0.0],[-79.37955179373563,-2.501267125278995,0.0],[-79.37956157979515,-2.501047002971184,0.0],[-79.3794932231395,-2.500971816252551,0.0],[-79.37498013352122,-2.500974102543633,0.0]]]}},{"type":"Feature","properties":{"fcode":"EA010","descr":"PRODUCTO AGRICOLA, RESULTADO DE UN CONJUNTO DE TECNICAS Y CONOCIMIENTOS PARA CULTIVAR LA TIERRA","DPA_DESPRO":"GUAYAS","DPA_DESCAN":"NARANJAL","niv1":"TIERRA AGROPECUARIA","niv2":"CULTIVO","niv3":"CULTIVO PERMANENTE","niv4":"FRUTALES","niv5":"CACAO","LULC_std":"Cacao","label":"Cacao","cbt":"CACAO","uso":"AGRICOLA","tmp":"CULTIVO PERMANENTE","nal":"NO APLICABLE","tap":"PEQUENA","rie":"NO","spr":"MERCANTIL","sce":79.874784876,"usce":"HECTAREAS","txt":"EL CODIGO (fcode) Y LA DESCRIPCION (descr) CORRESPONDEN A LOS OBJETOS GEOGRAFICOS DEL ATRIBUTO niv2","simbologia":"CPuc: Cacao","SHAPE_Leng":9804.7698296,"SHAPE_Area":798747.84876,"apt_uso":1,"area_ha":79.874784876,"cob_suelo":"Cacao","cacao_sys":"Cacao_alim_sin50b","observ":null,"cob_label":"Cacao sin cultivos alimentarios próximos","grupo_c":"Cultivos de exclusivos de cacao"},"geometry":{"type":"Polygon","coordinates":[[[-79.49030688153486,-2.615005678037414,0.0],[-79.49023341935629,-2.615236473762634,0.0],[-79.4895536794194,-2.615409372625177,0.0],[-79.48943399455347,-2.616007449488233,0.0],[-79.48967143151587,-2.616426492731712,0.0],[-79.48966715051506,-2.616489915647723,0.0],[-79.48946338528023,-2.616564153326359,0.0],[-79.48930432304185,-2.616779563604004,0.0],[-79.48910562573947,-2.616939029563232,0.0],[-79.48897058466451,-2.616986777340337,0.0],[-79.48860555464533,-2.61680267293388,0.0],[-79.48847052316589,-2.616842435746409,0.0],[-79.48824032387039,-2.616786260576246,0.0],[-79.48814522304302,-2.616634424649028,0.0],[-79.48776422575544,-2.616522168648084,0.0],[-79.48759731923121,-2.616657716252626,0.0],[-79.4876411829107,-2.616783185701507,0.0],[-79.48726317712735,-2.616864905383733,0.0],[-79.48733598494543,-2.617088252045097,0.0],[-79.4877411552253,-2.617088743297602,0.0],[-79.48782632032552,-2.617217552117793,0.0],[-79.48771578096394,-2.617192874594979,0.0],[-79.48771555122457,-2.617384521361989,0.0],[-79.4878185918321,-2.61753636694967,0.0],[-79.48790587720607,-2.617584384992631,0.0],[-79.48826309173404,-2.61766467083087,0.0],[-79.48851724558217,-2.617609081725421,0.0],[-79.48860477021083,-2.617457467079904,0.0],[-79.48873178538979,-2.61748157665298,0.0],[-79.48874751291739,-2.61760936076856,0.0],[-79.48897757849235,-2.617777331012404,0.0],[-79.4891602318889,-2.617753595731317,0.0],[-79.48923471664949,-2.617834048885128,0.0],[-79.48933333289567,-2.617794516863965,0.0],[-79.48980229814642,-2.617357635081626,0.0],[-79.48983608036518,-2.617088475769675,0.0],[-79.49002950492583,-2.616636094252687,0.0],[-79.49025742693347,-2.616549143642309,0.0],[-79.49045615276131,-2.616365721727341,0.0],[-79.49062291678547,-2.616349952705485,0.0],[-79.49090863117848,-2.616462092712644,0.0],[-79.49097420603096,-2.616686052097546,0.0],[-79.49084000301364,-2.616988740038843,0.0],[-79.49060546020885,-2.617257656584834,0.0],[-79.49057119488971,-2.617930615427697,0.0],[-79.49063670511202,-2.618098751712416,0.0],[-79.49041374732894,-2.618625512290722,0.0],[-79.49023032779942,-2.619288070676961,0.0],[-79.4900472914664,-2.619631217005977,0.0],[-79.48987253841764,-2.619686902443432,0.0],[-79.48979318398747,-2.619646879850986,0.0],[-79.48975382729103,-2.619359361327364,0.0],[-79.48962026221547,-2.619354834854138,0.0],[-79.48933497962433,-2.619466009414313,0.0],[-79.48908815240507,-2.619637418125593,0.0],[-79.48851877287852,-2.619846591153952,0.0],[-79.48819601556733,-2.620056063967336,0.0],[-79.48713316325802,-2.620455424191705,0.0],[-79.48681072648756,-2.620397796991468,0.0],[-79.48658321328028,-2.620283049430177,0.0],[-79.48626070790084,-2.620282657640403,0.0],[-79.48610884883584,-2.620358786949568,0.0],[-79.4860137657696,-2.620549456405383,0.0],[-79.48601022473676,-2.620887390424811,0.0],[-79.48577583836826,-2.620981346259013,0.0],[-79.48610165545112,-2.621268752303652,0.0],[-79.48654692792854,-2.621987159572375,0.0],[-79.48663566970163,-2.622391066678597,0.0],[-79.48663534611723,-2.62266026608,0.0],[-79.48641190022643,-2.622974060344746,0.0],[-79.48632234935577,-2.623243151193612,0.0],[-79.48628720969549,-2.62372961733385,0.0],[-79.48585776337707,-2.623746616585022,0.0],[-79.4858357682947,-2.623612898439419,0.0],[-79.48558991080499,-2.623908596144427,0.0],[-79.48556664192978,-2.623607840032915,0.0],[-79.48542816205718,-2.623403769199305,0.0],[-79.48524693352168,-2.623253305029036,0.0],[-79.48500160046356,-2.623167153057409,0.0],[-79.48479887406207,-2.623145443153613,0.0],[-79.48431986038187,-2.623336088778595,0.0],[-79.48432022826064,-2.623267328978979,0.0],[-79.48406908547922,-2.623331624918505,0.0],[-79.48391940491663,-2.623159169832809,0.0],[-79.48398431665998,-2.622599362460893,0.0],[-79.48374906343086,-2.622362200470934,0.0],[-79.48321372144727,-2.622383082879526,0.0],[-79.48287080814772,-2.622641074029362,0.0],[-79.48282738597877,-2.623136305455366,0.0],[-79.48274150183673,-2.623330007037348,0.0],[-79.48231298865024,-2.623544825292034,0.0],[-79.48147802651947,-2.623436136764127,0.0],[-79.48102823110627,-2.62354325768285,0.0],[-79.48087805638957,-2.623779949501506,0.0],[-79.48087764043561,-2.624124493995977,0.0],[-79.48098421004414,-2.624533771780349,0.0],[-79.48115499113115,-2.62496466162465,0.0],[-79.48136872758342,-2.62528793408813,0.0],[-79.48179705865766,-2.625223854430642,0.0],[-79.48209709573477,-2.625008879946277,0.0],[-79.4822261172968,-2.624556821364905,0.0],[-79.482440738204,-2.62414793619085,0.0],[-79.4827620572657,-2.624040657241606,0.0],[-79.48304039615758,-2.624062531184539,0.0],[-79.48321120410458,-2.624471886617501,0.0],[-79.48316746995197,-2.625225526724339,0.0],[-79.48320990571887,-2.625548590218262,0.0],[-79.48346649425459,-2.625850380422492,0.0],[-79.48410845943955,-2.626195708823301,0.0],[-79.48430456540099,-2.626195947944796,0.0],[-79.4844535058738,-2.62637525672497,0.0],[-79.48454262631446,-2.626834753751045,0.0],[-79.48450581640249,-2.627164272223392,0.0],[-79.48426739664804,-2.627562795177968,0.0],[-79.48408963908949,-2.627639152520476,0.0],[-79.48401666534701,-2.6273440824505,0.0],[-79.48324611965576,-2.627084733097606,0.0],[-79.48304650975756,-2.626883504070421,0.0],[-79.48281817669039,-2.626825800828253,0.0],[-79.48244688501264,-2.626940196531231,0.0],[-79.48238929881637,-2.62734209594436,0.0],[-79.48221758109071,-2.627686431404504,0.0],[-79.48207399780362,-2.628375346334181,0.0],[-79.48207372023901,-2.628605043076531,0.0],[-79.48221612412718,-2.628892337803311,0.0],[-79.48233022182836,-2.62897861355053,0.0],[-79.4823870789554,-2.629179668350023,0.0],[-79.4823868013641,-2.629409364218496,0.0],[-79.4822437380661,-2.629667599141932,0.0],[-79.48210081264315,-2.629810984285767,0.0],[-79.482043329839,-2.63012674736177,0.0],[-79.48255713157808,-2.630213511899408,0.0],[-79.4828045429862,-2.630033018693722,0.0],[-79.48299511029231,-2.63027317476185,0.0],[-79.48378747257406,-2.630912244942305,0.0],[-79.48427933103912,-2.630912845831903,0.0],[-79.48427799537143,-2.631162447239136,0.0],[-79.48465758192722,-2.630879068305867,0.0],[-79.48519932495857,-2.630191028216332,0.0],[-79.48541824425003,-2.630273971572707,0.0],[-79.48559980554458,-2.629671186541843,0.0],[-79.48602844406143,-2.629384562817921,0.0],[-79.48639974619391,-2.629289299687958,0.0],[-79.48683755580947,-2.629289833306597,0.0],[-79.48792270214258,-2.629176296911441,0.0],[-79.487951355363,-2.628813539500183,0.0],[-79.48788466527895,-2.628575750362677,0.0],[-79.48771561411886,-2.628291622864245,0.0],[-79.48719372937664,-2.627950281441395,0.0],[-79.48713070530394,-2.627857850473707,0.0],[-79.48604130861803,-2.628163179518618,0.0],[-79.48588992841788,-2.628299859908314,0.0],[-79.48576763107859,-2.628260857089066,0.0],[-79.48542917074549,-2.627990719368024,0.0],[-79.4853452097719,-2.627380186299673,0.0],[-79.48554310866068,-2.627153290407435,0.0],[-79.48568500413839,-2.626543032525253,0.0],[-79.48595741248162,-2.626242103855184,0.0],[-79.48605088887699,-2.626383482499662,0.0],[-79.48654654157961,-2.626483802963752,0.0],[-79.48655939347664,-2.626368750513296,0.0],[-79.48681188862467,-2.626335202749255,0.0],[-79.48714295352873,-2.626120971709679,0.0],[-79.48748461195808,-2.625971143706206,0.0],[-79.48767669383497,-2.625971377379406,0.0],[-79.48776214070449,-2.625907091911889,0.0],[-79.48776222610071,-2.625836086045008,0.0],[-79.4878173642455,-2.625850020219934,0.0],[-79.48785989995575,-2.625693915246041,0.0],[-79.48818496229178,-2.62536780075818,0.0],[-79.48865082533942,-2.625339974417845,0.0],[-79.48920157281228,-2.625156094214939,0.0],[-79.48932271605142,-2.625154211008304,0.0],[-79.48964683212144,-2.62430360580071,0.0],[-79.48975619657966,-2.624413856176614,0.0],[-79.49002398645976,-2.624324448762301,0.0],[-79.49015798862874,-2.624190010842335,0.0],[-79.4901140214094,-2.623651557038339,0.0],[-79.49029252994002,-2.623606907376176,0.0],[-79.49060477144248,-2.623652152427799,0.0],[-79.49073834300245,-2.623876648481726,0.0],[-79.49109541399551,-2.623742480941497,0.0],[-79.49154208879034,-2.623294356102419,0.0],[-79.49154241140393,-2.623025156091567,0.0],[-79.49158978050622,-2.62296707427303,0.0],[-79.49161800544023,-2.623001219660476,0.0],[-79.49185804644031,-2.622944726098854,0.0],[-79.49199976650415,-2.622680799966704,0.0],[-79.49207793689769,-2.622891204337719,0.0],[-79.49207734565368,-2.623384738265529,0.0],[-79.49189840695173,-2.623788321643507,0.0],[-79.49189786921423,-2.624236988395984,0.0],[-79.49196844343034,-2.624432904190986,0.0],[-79.49242815463796,-2.624031390309919,0.0],[-79.4924283265098,-2.62388793394279,0.0],[-79.49256291316462,-2.6237263661505,0.0],[-79.49259202984693,-2.622988203368425,0.0],[-79.492380765372,-2.622590456257553,0.0],[-79.49239622341379,-2.621468982083099,0.0],[-79.49262211389755,-2.621440863739328,0.0],[-79.492876576622,-2.621128856646506,0.0],[-79.49260859312199,-2.620943982599471,0.0],[-79.4925102219094,-2.620574764973579,0.0],[-79.49252537406738,-2.619708819963366,0.0],[-79.49204610947936,-2.619140395571834,0.0],[-79.49173567588703,-2.619040647417671,0.0],[-79.49160902320897,-2.61871398383587,0.0],[-79.49115753226147,-2.618528887844293,0.0],[-79.49161024575952,-2.617691865313311,0.0],[-79.49146934014168,-2.617478753454917,0.0],[-79.49223292598846,-2.616372380213048,0.0],[-79.49195079405271,-2.616215881333194,0.0],[-79.49152745031107,-2.61610180075435,0.0],[-79.49154187189133,-2.61584628863848,0.0],[-79.49120359785411,-2.6154199969105,0.0],[-79.49061128742115,-2.614950809115271,0.0],[-79.49038533135642,-2.615035712082406,0.0],[-79.49030688153486,-2.615005678037414,0.0]],[[-79.49109783897056,-2.621226075560246,0.0],[-79.49114050987914,-2.620956401440333,0.0],[-79.49109845110034,-2.620715016442565,0.0],[-79.49116955748747,-2.620275023455251,0.0],[-79.49135383057829,-2.619636422368599,0.0],[-79.4911144530681,-2.619139268115746,0.0],[-79.49084652127944,-2.618911806050285,0.0],[-79.49080439443584,-2.618727206352613,0.0],[-79.49138282757018,-2.618997632321573,0.0],[-79.4914531350791,-2.619224855168334,0.0],[-79.49161895687085,-2.619308487481774,0.0],[-79.49167985194664,-2.620019252598182,0.0],[-79.49208035445689,-2.62087220507023,0.0],[-79.49220701989586,-2.621298684535695,0.0],[-79.49213649322009,-2.621467848246825,0.0],[-79.49207970995666,-2.621410605243244,0.0],[-79.49114282424608,-2.621409470502207,0.0],[-79.49095575696582,-2.621468011613974,0.0],[-79.49097065851625,-2.621339490323555,0.0],[-79.49109783897056,-2.621226075560246,0.0]]]}},{"type":"Feature","properties":{"fcode":"EA010","descr":"PRODUCTO AGRICOLA, RESULTADO DE UN CONJUNTO DE TECNICAS Y CONOCIMIENTOS PARA CULTIVAR LA TIERRA","DPA_DESPRO":"AZUAY","DPA_DESCAN":"CUENCA","niv1":"TIERRA AGROPECUARIA","niv2":"CULTIVO","niv3":"CULTIVO PERMANENTE","niv4":"FRUTALES","niv5":"CACAO","LULC_std":"Cacao","label":"Cacao","cbt":"CACAO","uso":"AGRICOLA","tmp":"CULTIVO PERMANENTE","nal":"NO APLICABLE","tap":"MEDIANA","rie":"SI","spr":"MERCANTIL","sce":138.392595497,"usce":"HECTAREAS","txt":"EL CODIGO (fcode) Y LA DESCRIPCION (descr) CORRESPONDEN A LOS OBJETOS GEOGRAFICOS DEL ATRIBUTO niv2","simbologia":"CPuc: Cacao","SHAPE_Leng":8662.37552225,"SHAPE_Area":1383925.95497,"apt_uso":1,"area_ha":138.392595497,"cob_suelo":"Cacao","cacao_sys":"Cacao_alim_con50b","observ":null,"cob_label":"Cacao próximo a cultivos alimentarios","grupo_c":"Cultivos mixtos de cacao"},"geometry":{"type":"Polygon","coordinates":[[[-79.47003282861618,-2.60757259866404,0.0],[-79.45230925925138,-2.607572030903935,0.0],[-79.4515058111338,-2.607824987686554,0.0],[-79.45091701771018,-2.608105362564926,0.0],[-79.45214618775731,-2.608874137887132,0.0],[-79.45207115581432,-2.609306674073601,0.0],[-79.45225643842363,-2.609555759273912,0.0],[-79.45244662142771,-2.609689994076397,0.0],[-79.45248110396693,-2.610028225753604,0.0],[-79.45208900791135,-2.610273406776937,0.0],[-79.45204604540689,-2.610383424068774,0.0],[-79.45225493355814,-2.610785681131603,0.0],[-79.45232132058024,-2.611042881712535,0.0],[-79.45217837113235,-2.611132549637075,0.0],[-79.45202371432363,-2.611132358161805,0.0],[-79.45189294657146,-2.611054428487513,0.0],[-79.45184986422299,-2.610958174281351,0.0],[-79.45175546983494,-2.611597434236574,0.0],[-79.45163020384406,-2.611884421054843,0.0],[-79.45162994005605,-2.612099776529633,0.0],[-79.45171899644707,-2.612237475820206,0.0],[-79.45219480332355,-2.612285922362736,0.0],[-79.45243875849796,-2.612226403256794,0.0],[-79.45237397099784,-2.611699896042483,0.0],[-79.45240988100932,-2.611520476815349,0.0],[-79.45252288423342,-2.611532581678418,0.0],[-79.45262985914134,-2.611610480982411,0.0],[-79.45280832365141,-2.611598737818031,0.0],[-79.4531333547354,-2.611262709980697,0.0],[-79.4532058225896,-2.611475998656058,0.0],[-79.45341492872583,-2.611701184434952,0.0],[-79.45357149593102,-2.612084234760638,0.0],[-79.45367138670532,-2.612117857576064,0.0],[-79.45388633101841,-2.611931402927757,0.0],[-79.45407098591325,-2.612223637407244,0.0],[-79.45426585733077,-2.612415306367025,0.0],[-79.45481785458776,-2.612787105175054,0.0],[-79.45490263550406,-2.613138735436157,0.0],[-79.4548926844896,-2.613492864922386,0.0],[-79.45539147900129,-2.614201765552461,0.0],[-79.45637955489332,-2.613392627278071,0.0],[-79.45659140216476,-2.61360084839073,0.0],[-79.45697154960325,-2.614048781727088,0.0],[-79.45676679201956,-2.614158599428706,0.0],[-79.45648097355918,-2.614402317557126,0.0],[-79.4569444552539,-2.615337416131066,0.0],[-79.45763772584002,-2.615055799499964,0.0],[-79.45789971631318,-2.614840765823474,0.0],[-79.45822097848014,-2.614799287803864,0.0],[-79.45835719929453,-2.6152840096676,0.0],[-79.45851177672986,-2.615350003558599,0.0],[-79.45880285179004,-2.615673398210591,0.0],[-79.45883813331018,-2.616008442016922,0.0],[-79.45889152216316,-2.616128150765581,0.0],[-79.45903415846092,-2.616230023130412,0.0],[-79.45920348875224,-2.61619953018296,0.0],[-79.45928584719127,-2.616329441802612,0.0],[-79.45936101205555,-2.616254035683605,0.0],[-79.45973925869575,-2.616311931968781,0.0],[-79.45986069231628,-2.616240295413597,0.0],[-79.46022460169748,-2.616348423301601,0.0],[-79.46041027803255,-2.616276866855877,0.0],[-79.4606529018864,-2.616334594644707,0.0],[-79.46066689773582,-2.616564326634091,0.0],[-79.46076656747834,-2.616779806313695,0.0],[-79.46095920727082,-2.616851829553039,0.0],[-79.46107352964161,-2.616758649779328,0.0],[-79.46114508507753,-2.61661516597014,0.0],[-79.4612663970852,-2.616644029826494,0.0],[-79.46136611947885,-2.616816439136739,0.0],[-79.4615444570328,-2.616909979896405,0.0],[-79.4616730642251,-2.616809638648546,0.0],[-79.4617519068698,-2.616544128675035,0.0],[-79.46193761043511,-2.616451035865668,0.0],[-79.46213039818251,-2.616401024018589,0.0],[-79.46242302402597,-2.616430098900997,0.0],[-79.46272302271605,-2.6162653611322,0.0],[-79.46293720844685,-2.616229731710673,0.0],[-79.46342952284427,-2.614775081001011,0.0],[-79.46351894926175,-2.611920626624846,0.0],[-79.46716447112225,-2.613339167523732,0.0],[-79.46766742081964,-2.613573088664175,0.0],[-79.46886991808529,-2.614007234527397,0.0],[-79.469402516838,-2.61349553933235,0.0],[-79.46974198089205,-2.61291398091546,0.0],[-79.46970488647078,-2.611464742544174,0.0],[-79.4698002867516,-2.611178620187414,0.0],[-79.47005783931257,-2.610733885475725,0.0],[-79.47011908120602,-2.610435783285225,0.0],[-79.46998372687125,-2.609479587924924,0.0],[-79.46999585558164,-2.607778084966983,0.0],[-79.47003282861618,-2.60757259866404,0.0]],[[-79.45737610266,-2.611894549213664,0.0],[-79.45732177169862,-2.611724557493926,0.0],[-79.45732578235608,-2.611362044736711,0.0],[-79.4574617461709,-2.611082248739483,0.0],[-79.45757368067024,-2.610990208412411,0.0],[-79.4576512865644,-2.611310754493714,0.0],[-79.45760761255254,-2.611461695640027,0.0],[-79.45773558064354,-2.611885389178022,0.0],[-79.45785676848324,-2.61201475256801,0.0],[-79.45804641119128,-2.612099796972786,0.0],[-79.45827716445697,-2.612627842252992,0.0],[-79.45865353860633,-2.612940725231178,0.0],[-79.45864509362445,-2.613340170504412,0.0],[-79.45880526113592,-2.613699296567274,0.0],[-79.45881896285776,-2.614449304952689,0.0],[-79.45866978708294,-2.614522857987732,0.0],[-79.45852573970316,-2.613657075928536,0.0],[-79.45834413154667,-2.613319459520685,0.0],[-79.45822687103039,-2.612895779963706,0.0],[-79.45787082845764,-2.612536027901595,0.0],[-79.45776656953818,-2.612812657896047,0.0],[-79.45760945467319,-2.612877071329852,0.0],[-79.4574916905878,-2.61286615835331,0.0],[-79.45738827699728,-2.612794244312018,0.0],[-79.45713523230265,-2.612503200561885,0.0],[-79.4569818926827,-2.612398922100794,0.0],[-79.45685011123636,-2.612176224047793,0.0],[-79.4565717378067,-2.612168702201933,0.0],[-79.45644567339768,-2.612212393728071,0.0],[-79.45638616663193,-2.612154115926479,0.0],[-79.45623984633916,-2.612146756200533,0.0],[-79.45566200863607,-2.612349860395555,0.0],[-79.45540522275121,-2.611718002486539,0.0],[-79.45513458652664,-2.611219955415971,0.0],[-79.45446456868385,-2.610439058474985,0.0],[-79.45455037642833,-2.610314735943199,0.0],[-79.45489791607176,-2.610185951672658,0.0],[-79.45515510621273,-2.610004412452847,0.0],[-79.45531217090668,-2.609980678268642,0.0],[-79.45543125434195,-2.609885110858057,0.0],[-79.45553596833207,-2.609866097080488,0.0],[-79.45575465044159,-2.610043438049937,0.0],[-79.4561337786349,-2.610569867345995,0.0],[-79.4557297239147,-2.610971834293697,0.0],[-79.45584357516405,-2.611263902544094,0.0],[-79.45605736410191,-2.611551309159588,0.0],[-79.45635686833891,-2.611790964402729,0.0],[-79.45669936425747,-2.611896672036032,0.0],[-79.45702297136935,-2.611882714476768,0.0],[-79.45727509929833,-2.611950026062624,0.0],[-79.45737610266,-2.611894549213664,0.0]]]}},{"type":"Feature","properties":{"fcode":"EA010","descr":"PRODUCTO AGRICOLA, RESULTADO DE UN CONJUNTO DE TECNICAS Y CONOCIMIENTOS PARA CULTIVAR LA TIERRA","DPA_DESPRO":"AZUAY","DPA_DESCAN":"CUENCA","niv1":"TIERRA AGROPECUARIA","niv2":"CULTIVO","niv3":"CULTIVO PERMANENTE","niv4":"FRUTALES","niv5":"CACAO","LULC_std":"Cacao","label":"Cacao","cbt":"CACAO","uso":"AGRICOLA","tmp":"CULTIVO PERMANENTE","nal":"NO APLICABLE","tap":"MEDIANA","rie":"NO","spr":"MERCANTIL","sce":606.636801998,"usce":"HECTAREAS","txt":"EL CODIGO (fcode) Y LA DESCRIPCION (descr) CORRESPONDEN A LOS OBJETOS GEOGRAFICOS DEL ATRIBUTO niv2","simbologia":"CPuc: Cacao","SHAPE_Leng":32787.3337605,"SHAPE_Area":6066368.01998,"apt_uso":1,"area_ha":606.636801998,"cob_suelo":"Cacao","cacao_sys":"Cacao_alim_sin50b","observ":null,"cob_label":"Cacao sin cultivos alimentarios próximos","grupo_c":"Cultivos de exclusivos de cacao"},"geometry":{"type":"Polygon","coordinates":[[[-79.4073762658675,-2.549595463915381,0.0],[-79.4076730870903,-2.550437980509346,0.0],[-79.4067968238516,-2.551030303899448,0.0],[-79.4075788154561,-2.551976446964287,0.0],[-79.40466162315491,-2.553841570526175,0.0],[-79.40688460746301,-2.557021977732275,0.0],[-79.40709977521485,-2.557067341368,0.0],[-79.40726473242006,-2.557462727498757,0.0],[-79.40663627563946,-2.557749078232377,0.0],[-79.40723756146944,-2.559799376146989,0.0],[-79.40617611584564,-2.560466720965561,0.0],[-79.40580713406285,-2.56064884039152,0.0],[-79.40605652478979,-2.561002482031284,0.0],[-79.40740648155102,-2.562152712906152,0.0],[-79.40744258499329,-2.563741575149774,0.0],[-79.40776563401243,-2.5641631120355,0.0],[-79.40829831256924,-2.564374344635032,0.0],[-79.40898333010014,-2.564528339561434,0.0],[-79.40917163067262,-2.566174821291569,0.0],[-79.40911835151897,-2.566193149414438,0.0],[-79.40930823733589,-2.566719334883574,0.0],[-79.40914138256962,-2.56697037011708,0.0],[-79.4088677161122,-2.567017883027851,0.0],[-79.40872509779356,-2.566910029268957,0.0],[-79.40842783131625,-2.566801981077652,0.0],[-79.40790406721129,-2.567076496917053,0.0],[-79.40795114779661,-2.567483331991059,0.0],[-79.4078318323876,-2.567770318709156,0.0],[-79.40768875489908,-2.568033347079822,0.0],[-79.40741486512943,-2.568260320054628,0.0],[-79.40726014364242,-2.568319946155631,0.0],[-79.4070936885022,-2.568247952873225,0.0],[-79.4069751140026,-2.567936740639807,0.0],[-79.40677328281079,-2.56761346028758,0.0],[-79.40651170495886,-2.567505456370816,0.0],[-79.40623811186497,-2.567493149636456,0.0],[-79.40571412586523,-2.567947124507817,0.0],[-79.4053933353494,-2.567623694049225,0.0],[-79.40568709110602,-2.567299858642512,0.0],[-79.4061096609591,-2.567026296143257,0.0],[-79.40593493129494,-2.566974749151978,0.0],[-79.4065260146336,-2.566133225637891,0.0],[-79.40665969980948,-2.565769688371546,0.0],[-79.40666024488989,-2.565329413777221,0.0],[-79.4064892269521,-2.565099491592433,0.0],[-79.40595614595149,-2.565213677967454,0.0],[-79.40578351662153,-2.566285434583023,0.0],[-79.40545982796188,-2.566380740196603,0.0],[-79.40526961134202,-2.5662847904068,0.0],[-79.40479424750808,-2.565901346444627,0.0],[-79.40464257320208,-2.565422597978404,0.0],[-79.40422433398363,-2.565020084011862,0.0],[-79.40414867442182,-2.564637142245427,0.0],[-79.40424410329736,-2.564426695813852,0.0],[-79.40460609506539,-2.564140013863925,0.0],[-79.40443503115749,-2.563948376003939,0.0],[-79.40354067033378,-2.563774974083898,0.0],[-79.4030648578269,-2.563755234800852,0.0],[-79.40249378181755,-2.563811945330904,0.0],[-79.40150375733114,-2.564040411177475,0.0],[-79.40095176281632,-2.56405885967759,0.0],[-79.40034245416663,-2.56424951823628,0.0],[-79.40034216878257,-2.564479225227455,0.0],[-79.400493984884,-2.564843119634474,0.0],[-79.40058865224427,-2.565245227414727,0.0],[-79.40060671059085,-2.566030085150918,0.0],[-79.39988346207907,-2.566010033978888,0.0],[-79.39853082303573,-2.567022873287496,0.0],[-79.39740759359566,-2.567472361351057,0.0],[-79.3974808512699,-2.567624533298362,0.0],[-79.39742099885231,-2.567923555373233,0.0],[-79.39721835076246,-2.56825829044568,0.0],[-79.3973844615002,-2.568605453337244,0.0],[-79.3975984685538,-2.56870143505334,0.0],[-79.39790771812287,-2.5687377171325,0.0],[-79.39830010483594,-2.568881778689104,0.0],[-79.39859765258115,-2.568762514261032,0.0],[-79.39875221083476,-2.568834492505268,0.0],[-79.39884710961033,-2.569049963453711,0.0],[-79.39910865716486,-2.569181896233915,0.0],[-79.39952501470104,-2.569182420758308,0.0],[-79.40026280205,-2.568991926810352,0.0],[-79.40041756900119,-2.56889640964977,0.0],[-79.40053676679894,-2.568705136589929,0.0],[-79.40104872407912,-2.568358825872477,0.0],[-79.40119201081933,-2.567928303782515,0.0],[-79.40164420622477,-2.567809233718334,0.0],[-79.4028696827187,-2.567655241951156,0.0],[-79.40384066885423,-2.567656461382245,0.0],[-79.40390418488379,-2.568015460368711,0.0],[-79.40329744694685,-2.568050589767642,0.0],[-79.40314273957108,-2.568098251491463,0.0],[-79.40286919232193,-2.568050051762026,0.0],[-79.40254798587229,-2.568061612834039,0.0],[-79.40238127957245,-2.568193006766766,0.0],[-79.4023095462261,-2.568480051049943,0.0],[-79.402273100422,-2.56909016727447,0.0],[-79.40252272233475,-2.569246013056192,0.0],[-79.40258196425948,-2.569437510828231,0.0],[-79.40241501879129,-2.569760327624316,0.0],[-79.40239095941445,-2.569975648204929,0.0],[-79.40247534558077,-2.570155395607485,0.0],[-79.40208081881681,-2.5706548116233,0.0],[-79.401738285898,-2.570596953684338,0.0],[-79.40126700876085,-2.570754284318141,0.0],[-79.4007241771219,-2.571055092592039,0.0],[-79.40025248850411,-2.571542627317731,0.0],[-79.40022352677155,-2.571872795080617,0.0],[-79.40039456020281,-2.572088362165216,0.0],[-79.40047971018036,-2.572490458229812,0.0],[-79.40026522496301,-2.57277732199641,0.0],[-79.40019349122299,-2.573064366587412,0.0],[-79.40025023387884,-2.573351573180593,0.0],[-79.40037844186065,-2.573567085472575,0.0],[-79.40062081633312,-2.573811456071708,0.0],[-79.4009917023756,-2.574027274394293,0.0],[-79.40127717102749,-2.574056347720612,0.0],[-79.40182034419463,-2.573482762729477,0.0],[-79.40186358100586,-2.573152611781442,0.0],[-79.4021920388045,-2.572965805730923,0.0],[-79.40218485718293,-2.573086018733426,0.0],[-79.40244643496509,-2.57319402311312,0.0],[-79.40381498172754,-2.572788971395816,0.0],[-79.40356604356467,-2.572082783673051,0.0],[-79.40360222288825,-2.571688018636062,0.0],[-79.4045329492178,-2.569404070098689,0.0],[-79.40474728439025,-2.56923684425223,0.0],[-79.40512810413694,-2.569117682513761,0.0],[-79.4054015786518,-2.569225700872016,0.0],[-79.40528181695683,-2.569871605801487,0.0],[-79.4052933415103,-2.570170719833223,0.0],[-79.4054715142017,-2.570386294689752,0.0],[-79.4057569136185,-2.570470400520598,0.0],[-79.40595922048279,-2.570410834538561,0.0],[-79.40623352567825,-2.5698488717319,0.0],[-79.40654289575677,-2.569789439902704,0.0],[-79.40678096418118,-2.569670098600545,0.0],[-79.40691167170414,-2.569789902441247,0.0],[-79.40682786592821,-2.57022050084947,0.0],[-79.40688678212202,-2.57067520679984,0.0],[-79.4071482863457,-2.570843030026936,0.0],[-79.40757636478371,-2.570987135441984,0.0],[-79.40787373564464,-2.571011435993047,0.0],[-79.40799308145432,-2.570700521870303,0.0],[-79.40771954681388,-2.570640358927786,0.0],[-79.40783883324664,-2.570377300915324,0.0],[-79.40819605472808,-2.570102576352681,0.0],[-79.40835104419492,-2.569827599118057,0.0],[-79.40861297842741,-2.569648467264051,0.0],[-79.40863708124212,-2.569397253594277,0.0],[-79.40853097990619,-2.568619460589793,0.0],[-79.40867407312898,-2.568344468257546,0.0],[-79.40920924434428,-2.568464778244857,0.0],[-79.41018473152639,-2.568454035013384,0.0],[-79.41044623722765,-2.568621857554655,0.0],[-79.41073140065478,-2.568897386885908,0.0],[-79.4108024807218,-2.569136756076794,0.0],[-79.41062350771043,-2.569567236529201,0.0],[-79.41051592619445,-2.569985841481642,0.0],[-79.41107061532117,-2.570437784322136,0.0],[-79.41053165106773,-2.570737201390308,0.0],[-79.41000353780663,-2.570679113129542,0.0],[-79.40970398967251,-2.57049209906776,0.0],[-79.40940404964117,-2.570620935280022,0.0],[-79.4090754702762,-2.570821518443833,0.0],[-79.40900377415207,-2.571079851352544,0.0],[-79.40917479288272,-2.571309773958412,0.0],[-79.40953140624174,-2.571525573255081,0.0],[-79.41001624865261,-2.571942527105534,0.0],[-79.41037289886563,-2.572129612851725,0.0],[-79.41134318942704,-2.572475391523402,0.0],[-79.41172862159844,-2.57247587399567,0.0],[-79.41221367856059,-2.572720546449735,0.0],[-79.41238460936034,-2.573022253864718,0.0],[-79.41218436421015,-2.573337853560257,0.0],[-79.41122790334879,-2.573351012803755,0.0],[-79.41117037569029,-2.573695503548897,0.0],[-79.41141266460727,-2.574011657198828,0.0],[-79.41138375848651,-2.574298757585336,0.0],[-79.41069809995356,-2.574656817916738,0.0],[-79.41078673018366,-2.575311709424495,0.0],[-79.41058063471975,-2.575369725522028,0.0],[-79.41024729198797,-2.575572696210245,0.0],[-79.41022315893095,-2.575847837633161,0.0],[-79.40997304460929,-2.576086804029377,0.0],[-79.40967267764444,-2.576251817122082,0.0],[-79.40928374362552,-2.575545165777359,0.0],[-79.40908481554973,-2.57479836324424,0.0],[-79.40971340873296,-2.574411518096921,0.0],[-79.40959952724383,-2.574152952466134,0.0],[-79.40917151853749,-2.573951420855593,0.0],[-79.40880048629121,-2.573850458030658,0.0],[-79.40828654160116,-2.573878526660283,0.0],[-79.40817205384758,-2.574108091166038,0.0],[-79.40818559850827,-2.574696737225247,0.0],[-79.40797134525026,-2.574796965538299,0.0],[-79.40768603579663,-2.574638681991358,0.0],[-79.40750074305522,-2.574408741158743,0.0],[-79.40730096031946,-2.574351063213555,0.0],[-79.40711531109838,-2.574408257039425,0.0],[-79.40701524188233,-2.574522985360876,0.0],[-79.40681533435777,-2.574565804452958,0.0],[-79.40652984776257,-2.574551088953813,0.0],[-79.40630160391068,-2.57442159135213,0.0],[-79.40613058676482,-2.574191667528984,0.0],[-79.40568823273424,-2.574047544023846,0.0],[-79.40537405232443,-2.574147646212483,0.0],[-79.4048030431868,-2.574146928072831,0.0],[-79.40450353088627,-2.573931200235495,0.0],[-79.40417536116385,-2.573801576739491,0.0],[-79.40397515118175,-2.574088459472246,0.0],[-79.40396053655407,-2.574361219904521,0.0],[-79.40406012351576,-2.574634123179843,0.0],[-79.40425958424609,-2.574950223295225,0.0],[-79.40473057779336,-2.575022599742962,0.0],[-79.4050158499083,-2.575209597213292,0.0],[-79.40518692126213,-2.575396450084392,0.0],[-79.40578657077323,-2.575325420694664,0.0],[-79.40580038181722,-2.57569871434615,0.0],[-79.40605681910478,-2.576115383449777,0.0],[-79.40625592252123,-2.576718618210557,0.0],[-79.40714122155585,-2.576533093798725,0.0],[-79.40808344336652,-2.576491207735162,0.0],[-79.4085547594369,-2.576305160989325,0.0],[-79.40888296643762,-2.576406070535339,0.0],[-79.4091539833802,-2.576578692968133,0.0],[-79.40918221308095,-2.576837150249879,0.0],[-79.40909790935903,-2.577114484063828,0.0],[-79.40900837812731,-2.576958964920619,0.0],[-79.40874679838322,-2.576850960170813,0.0],[-79.40848492150458,-2.576982235019674,0.0],[-79.40847266891639,-2.577269355802432,0.0],[-79.40854370339179,-2.577544617422359,0.0],[-79.40844831136629,-2.577723956639287,0.0],[-79.40812699843265,-2.57781926512995,0.0],[-79.40738942667548,-2.57783030155869,0.0],[-79.4070921585424,-2.577722251560358,0.0],[-79.40646174137173,-2.577661638508007,0.0],[-79.40623553713228,-2.577804922239062,0.0],[-79.40622329882075,-2.578080077985376,0.0],[-79.40707919121846,-2.578583642278199,0.0],[-79.40725745395522,-2.578727435018191,0.0],[-79.40728103741723,-2.578894959863135,0.0],[-79.40700721945574,-2.579062111357115,0.0],[-79.40616235897444,-2.579252471375193,0.0],[-79.40598376867533,-2.579371886312241,0.0],[-79.405983440899,-2.579635093205793,0.0],[-79.40618543662328,-2.5798267712263,0.0],[-79.40604238494116,-2.580065870738594,0.0],[-79.40583992812769,-2.580245075427396,0.0],[-79.40542356481299,-2.580244550722631,0.0],[-79.40514982101836,-2.580351881673749,0.0],[-79.40488788363196,-2.580531011112822,0.0],[-79.40478047552892,-2.580806046617948,0.0],[-79.40487533048271,-2.581057409602762,0.0],[-79.4051485980307,-2.58133292611524,0.0],[-79.40518392777044,-2.581620105464242,0.0],[-79.40515934512162,-2.582254165744824,0.0],[-79.40520660144163,-2.582517432556453,0.0],[-79.40500409921397,-2.582732528126163,0.0],[-79.40474183174943,-2.583174864833579,0.0],[-79.40444421976174,-2.583341984041404,0.0],[-79.40430195960603,-2.582946993792293,0.0],[-79.40424294200254,-2.582576036257214,0.0],[-79.40398164616221,-2.582240714760462,0.0],[-79.40345866560808,-2.58188113620805,0.0],[-79.4030190930404,-2.58141398616833,0.0],[-79.40257925186711,-2.581162187561528,0.0],[-79.40229377554179,-2.581137899388089,0.0],[-79.40193681923324,-2.581197268205423,0.0],[-79.4015676671321,-2.581495899758872,0.0],[-79.40135272969084,-2.582141681937931,0.0],[-79.40107886590737,-2.582344722489431,0.0],[-79.40093590283703,-2.582512037206817,0.0],[-79.40074507171732,-2.58290660571768,0.0],[-79.40064909512883,-2.583552537917963,0.0],[-79.40074373932256,-2.583971395183276,0.0],[-79.40056486349808,-2.584318123535485,0.0],[-79.40010054168249,-2.584616634265792,0.0],[-79.40004050670672,-2.585059223979131,0.0],[-79.40007534105021,-2.585741212867444,0.0],[-79.40032467961639,-2.586124374889832,0.0],[-79.40029677184843,-2.586232074041872,0.0],[-79.40073172029507,-2.586349793116852,0.0],[-79.40103182641847,-2.58609175165763,0.0],[-79.40101807249259,-2.585675389656389,0.0],[-79.40113283215487,-2.585230476065089,0.0],[-79.40160409774347,-2.585087504651428,0.0],[-79.40196071181143,-2.585303307638458,0.0],[-79.40216029670025,-2.585518910979577,0.0],[-79.40267318605612,-2.586337894869546,0.0],[-79.4033155766834,-2.58633870766552,0.0],[-79.40351555698146,-2.586238463538113,0.0],[-79.40385850684547,-2.585966118491996,0.0],[-79.40413007994225,-2.585693683942798,0.0],[-79.40431614357048,-2.585306286433188,0.0],[-79.40424541266923,-2.58478935377637,0.0],[-79.4044741055866,-2.584559934064167,0.0],[-79.40490268781609,-2.584302053215605,0.0],[-79.40514606799375,-2.58374244680115,0.0],[-79.40533204119072,-2.583426833253936,0.0],[-79.40556885054855,-2.583145167479408,0.0],[-79.40579131802056,-2.583358021095174,0.0],[-79.40612451433314,-2.583274693877607,0.0],[-79.40653274491615,-2.582538914141298,0.0],[-79.40644648495432,-2.582652972973596,0.0],[-79.40620874150777,-2.582509104848373,0.0],[-79.40624483287436,-2.582186123095116,0.0],[-79.40638797356958,-2.581875240063332,0.0],[-79.40682897894368,-2.581193848792671,0.0],[-79.40712682863752,-2.580835304226661,0.0],[-79.40737679569126,-2.580715979965234,0.0],[-79.40825747934076,-2.580417988541409,0.0],[-79.40868564994774,-2.580490311022358,0.0],[-79.40884018077975,-2.580586216867586,0.0],[-79.40869709947306,-2.580849245440091,0.0],[-79.40841137010885,-2.581028345919843,0.0],[-79.40792356994474,-2.581075587242389,0.0],[-79.40750656543847,-2.581589514328982,0.0],[-79.40762466255923,-2.582283574164898,0.0],[-79.40775510257826,-2.582618729773135,0.0],[-79.4079331720333,-2.582918053964413,0.0],[-79.40824213172904,-2.583053960089185,0.0],[-79.40864708906886,-2.582799313077942,0.0],[-79.40859987666225,-2.582500153643533,0.0],[-79.40865977425477,-2.582165237593218,0.0],[-79.40892163764052,-2.582045927170436,0.0],[-79.4092783578737,-2.582177979905504,0.0],[-79.40969499042428,-2.581963152504227,0.0],[-79.40981448731,-2.581532598740811,0.0],[-79.4101479651067,-2.581221954005613,0.0],[-79.41048107110271,-2.581210407979006,0.0],[-79.41075398381858,-2.581773060079711,0.0],[-79.41095600970243,-2.581940809454482,0.0],[-79.41120602173524,-2.581785591999444,0.0],[-79.41157560430366,-2.581139999239678,0.0],[-79.41179001736526,-2.580912952885577,0.0],[-79.41181409146596,-2.580685666580055,0.0],[-79.41148143100926,-2.580338292204245,0.0],[-79.41144629176395,-2.579895579830155,0.0],[-79.41104234321173,-2.57947633213116,0.0],[-79.4111974088984,-2.579141534930333,0.0],[-79.41179264522978,-2.578795325248028,0.0],[-79.41191193285455,-2.578532266836547,0.0],[-79.41194803608666,-2.578197320112574,0.0],[-79.41204351686268,-2.577946195615305,0.0],[-79.41232926009891,-2.57775512973898,0.0],[-79.41304418652561,-2.577508060700465,0.0],[-79.41312620146829,-2.577835090542806,0.0],[-79.41386322701193,-2.578266718839184,0.0],[-79.41387485621907,-2.578482086326813,0.0],[-79.41375515385393,-2.579080136959896,0.0],[-79.41355249001947,-2.579426839981762,0.0],[-79.41333812288988,-2.579617995505745,0.0],[-79.41333763343395,-2.580012807260547,0.0],[-79.41346816444835,-2.580276180105447,0.0],[-79.41388402516313,-2.58068347785665,0.0],[-79.4143356482147,-2.58103100120819,0.0],[-79.41438284742176,-2.581342125069578,0.0],[-79.4141325981517,-2.581688767479575,0.0],[-79.41379922346646,-2.581915666071589,0.0],[-79.41334706615514,-2.581998847466162,0.0],[-79.41332291791103,-2.58228595308827,0.0],[-79.41352469204065,-2.582657091016396,0.0],[-79.4139174430259,-2.582514015907214,0.0],[-79.41445259242055,-2.582658255317163,0.0],[-79.41476211515862,-2.582479183014473,0.0],[-79.41475070865847,-2.582084356085225,0.0],[-79.41488215946514,-2.581605959454662,0.0],[-79.41512037919878,-2.581366977300163,0.0],[-79.41611944876125,-2.581535725777021,0.0],[-79.41652915063479,-2.581026864372305,0.0],[-79.41663747249233,-2.581099686639349,0.0],[-79.41676795994279,-2.581398951173109,0.0],[-79.41706518653328,-2.581542892383672,0.0],[-79.41762343295325,-2.582249469418997,0.0],[-79.41859965957372,-2.581652488094655,0.0],[-79.41905172882416,-2.581641089507375,0.0],[-79.41941914985594,-2.582742242208448,0.0],[-79.41968086586441,-2.582742569460215,0.0],[-79.42025243083742,-2.582300613838333,0.0],[-79.42062125717857,-2.582265182114479,0.0],[-79.42103719485358,-2.582612659949437,0.0],[-79.42131095569941,-2.582493361160549,0.0],[-79.4212757541988,-2.582098502423122,0.0],[-79.42108571058625,-2.581858984558663,0.0],[-79.42022958379987,-2.581534884810681,0.0],[-79.42030143359067,-2.581152124766918,0.0],[-79.42056332754538,-2.581008883388682,0.0],[-79.42102721915208,-2.581057319065664,0.0],[-79.42138382439855,-2.581285080891516,0.0],[-79.42164502361803,-2.581704149545295,0.0],[-79.4221800722748,-2.581932134976461,0.0],[-79.42244208363482,-2.581693180324379,0.0],[-79.42256137032031,-2.581430119729996,0.0],[-79.42293028525,-2.581322902931582,0.0],[-79.42359604502035,-2.581670691683693,0.0],[-79.42390502199147,-2.581934286425965,0.0],[-79.42410712462237,-2.582042214426981,0.0],[-79.42466657083598,-2.581779701954638,0.0],[-79.42497593131239,-2.581732230788353,0.0],[-79.42499787395417,-2.581666299686466,0.0],[-79.42499776602249,-2.564493201142494,0.0],[-79.42485790737219,-2.564493028085644,0.0],[-79.42455111144334,-2.564392150266399,0.0],[-79.42418030682661,-2.564104552885845,0.0],[-79.42400215595578,-2.563867443486658,0.0],[-79.42400293769568,-2.563228562190458,0.0],[-79.42378168897663,-2.563213931505796,0.0],[-79.4235959697398,-2.563328557512882,0.0],[-79.4232600272488,-2.563715777088396,0.0],[-79.42323844788929,-2.563852141073909,0.0],[-79.4230599193265,-2.563923704312279,0.0],[-79.42291721900489,-2.563880456960659,0.0],[-79.42268201158956,-2.563607385160386,0.0],[-79.42249654815004,-2.563513835344287,0.0],[-79.42225384233627,-2.563535069496253,0.0],[-79.42198240233115,-2.563707016378858,0.0],[-79.42172509582166,-2.563993835545794,0.0],[-79.4215888297313,-2.564524871247592,0.0],[-79.4215668012637,-2.565027334838688,0.0],[-79.42148082423287,-2.565292830499248,0.0],[-79.42128791459267,-2.565450516593768,0.0],[-79.42104514686795,-2.565521999637804,0.0],[-79.42082388931172,-2.565514547082362,0.0],[-79.41994651732338,-2.565061215882134,0.0],[-79.41978948913855,-2.565061020912658,0.0],[-79.41966085363883,-2.565190073681486,0.0],[-79.41943880287707,-2.565828678748904,0.0],[-79.41950977336182,-2.566158974297889,0.0],[-79.4195952483201,-2.566302649828792,0.0],[-79.41958079674174,-2.566446200304778,0.0],[-79.41939497192725,-2.56664696518616,0.0],[-79.41912351245958,-2.566833267621349,0.0],[-79.41890926943253,-2.566926320283084,0.0],[-79.41855230858673,-2.566990482645877,0.0],[-79.41836658067389,-2.567112285209359,0.0],[-79.41818082535056,-2.567255622487171,0.0],[-79.41808058093653,-2.567513921667876,0.0],[-79.41812300039788,-2.56784418250332,0.0],[-79.41824392521768,-2.568181719008548,0.0],[-79.41843638520022,-2.568390133048882,0.0],[-79.41852180700207,-2.56857687820045,0.0],[-79.41837130707765,-2.569072003050054,0.0],[-79.41822836912719,-2.56922257232246,0.0],[-79.41794267781621,-2.569372962902165,0.0],[-79.41787818337045,-2.569581057087694,0.0],[-79.41787767953518,-2.569990227488861,0.0],[-79.41813397107336,-2.570528928354204,0.0],[-79.4181406582633,-2.570895037262364,0.0],[-79.41807618040127,-2.571088774614804,0.0],[-79.41798317850774,-2.571260940708862,0.0],[-79.41776895226991,-2.571339636758248,0.0],[-79.41730490760168,-2.571418020424209,0.0],[-79.41707637070215,-2.571525412121819,0.0],[-79.41694795531573,-2.571475003557754,0.0],[-79.41706230782856,-2.571353112691013,0.0],[-79.41769087128124,-2.570987795775612,0.0],[-79.41770532342066,-2.570844245494076,0.0],[-79.41786250247947,-2.570722407838195,0.0],[-79.4178628031101,-2.570478342097212,0.0],[-79.41767058189545,-2.570076110492427,0.0],[-79.41762808327341,-2.56981045576247,0.0],[-79.41769263966336,-2.569552112344878,0.0],[-79.41792153935435,-2.569150405247108,0.0],[-79.4180643977858,-2.569064442123863,0.0],[-79.41823571833886,-2.569050298568649,0.0],[-79.41837193422897,-2.568562334858965,0.0],[-79.41812958205233,-2.568296431375462,0.0],[-79.41800139556061,-2.568059383657598,0.0],[-79.41791611516012,-2.567757783159351,0.0],[-79.41791656555988,-2.567391684068786,0.0],[-79.41805247198114,-2.567154964981666,0.0],[-79.41834543220527,-2.566896905484165,0.0],[-79.41871681822579,-2.566710728443067,0.0],[-79.41925270481332,-2.566251974799487,0.0],[-79.41927465511628,-2.565814117971683,0.0],[-79.41939662082089,-2.565304600254211,0.0],[-79.41957545798702,-2.564981792949585,0.0],[-79.41979682105456,-2.564903104722558,0.0],[-79.42006804997762,-2.564903441451652,0.0],[-79.42032486368355,-2.565018615019644,0.0],[-79.4206314817136,-2.565263062935225,0.0],[-79.42095258646663,-2.565335245687896,0.0],[-79.42115964803602,-2.565278075196725,0.0],[-79.42129540394228,-2.565163388781273,0.0],[-79.42136697371647,-2.565005551247224,0.0],[-79.42146069603623,-2.564244753199075,0.0],[-79.42165392213143,-2.563828642994489,0.0],[-79.42181118691244,-2.56363501988342,0.0],[-79.4222398748818,-2.563283806650458,0.0],[-79.42253964630552,-2.563291356886161,0.0],[-79.42287498230036,-2.563399449163258,0.0],[-79.4231105413069,-2.563385384002832,0.0],[-79.42331757626981,-2.563349747723789,0.0],[-79.42358907855726,-2.563127551876843,0.0],[-79.42378189977737,-2.563041649292126,0.0],[-79.4241315727118,-2.563099509490617,0.0],[-79.4242306912871,-2.563760049325278,0.0],[-79.42437309311595,-2.564047363989292,0.0],[-79.4247154966311,-2.564212892260915,0.0],[-79.42499776296171,-2.564166360750541,0.0],[-79.42499773838637,-2.561947585430628,0.0],[-79.42406128382092,-2.562573787259132,0.0],[-79.42299060666686,-2.561165010802879,0.0],[-79.42238113998816,-2.560226035754392,0.0],[-79.42140454630665,-2.558559203689799,0.0],[-79.42213255383743,-2.558307737266364,0.0],[-79.42316158685075,-2.558132352466626,0.0],[-79.42338586111707,-2.557114946716873,0.0],[-79.41975090550704,-2.556512984991839,0.0],[-79.41860887174249,-2.554889423802211,0.0],[-79.41581439185188,-2.556821735140313,0.0],[-79.41546829402714,-2.5573580832777,0.0],[-79.4133541652373,-2.558504003090431,0.0],[-79.40935583655468,-2.552660933518353,0.0],[-79.4085588818723,-2.551345457866727,0.0],[-79.41102408189056,-2.549523308898443,0.0],[-79.41094886427288,-2.548776660832463,0.0],[-79.41073989671459,-2.548450980473083,0.0],[-79.41058826474541,-2.54793394718776,0.0],[-79.409972349372,-2.547858411015708,0.0],[-79.4099411080086,-2.547952285932256,0.0],[-79.40748374280575,-2.549633764434327,0.0],[-79.4073762658675,-2.549595463915381,0.0]],[[-79.41527784728373,-2.573318969787256,0.0],[-79.41550655296209,-2.573075189643905,0.0],[-79.41553568844242,-2.572601449370939,0.0],[-79.41577851056812,-2.572486898030491,0.0],[-79.41639167463127,-2.573033223426318,0.0],[-79.41721900482716,-2.573551103358543,0.0],[-79.41761820015861,-2.573967949426319,0.0],[-79.41744645384009,-2.574326656699395,0.0],[-79.41697460535292,-2.574943412954164,0.0],[-79.4165604799342,-2.575057750341459,0.0],[-79.41604693996491,-2.57475561473916,0.0],[-79.41557592553546,-2.574697598951421,0.0],[-79.4152761090877,-2.574725937870428,0.0],[-79.41510444990602,-2.575012860410212,0.0],[-79.4146328958284,-2.575040165051477,0.0],[-79.41465001244973,-2.574633051824679,0.0],[-79.41445980824139,-2.574525138395109,0.0],[-79.41428123372003,-2.574632590665198,0.0],[-79.41399531301646,-2.574967226312281,0.0],[-79.41353145492542,-2.574894861926855,0.0],[-79.41338932297403,-2.574392195211178,0.0],[-79.41359272583635,-2.573447291140249,0.0],[-79.41352167499363,-2.573183993986737,0.0],[-79.41331964829938,-2.573016244744443,0.0],[-79.41316684537051,-2.572807140757984,0.0],[-79.41330870886331,-2.572627381140211,0.0],[-79.41379394398687,-2.572728485418824,0.0],[-79.41440710756574,-2.573274811319171,0.0],[-79.41470669294894,-2.573433110619568,0.0],[-79.41497783521984,-2.573505233494569,0.0],[-79.41527784728373,-2.573318969787256,0.0]]]}},{"type":"Feature","properties":{"fcode":"EA010","descr":"PRODUCTO AGRICOLA, RESULTADO DE UN CONJUNTO DE TECNICAS Y CONOCIMIENTOS PARA CULTIVAR LA TIERRA","DPA_DESPRO":"AZUAY","DPA_DESCAN":"CUENCA","niv1":"TIERRA AGROPECUARIA","niv2":"CULTIVO","niv3":"CULTIVO PERMANENTE","niv4":"FRUTALES","niv5":"CACAO","LULC_std":"Cacao","label":"Cacao","cbt":"CACAO","uso":"AGRICOLA","tmp":"CULTIVO PERMANENTE","nal":"NO APLICABLE","tap":"PEQUENA","rie":"SI","spr":"MERCANTIL","sce":1465.41187192,"usce":"HECTAREAS","txt":"EL CODIGO (fcode) Y LA DESCRIPCION (descr) CORRESPONDEN A LOS OBJETOS GEOGRAFICOS DEL ATRIBUTO niv2","simbologia":"CPuc: Cacao","SHAPE_Leng":59960.2144022,"SHAPE_Area":14654118.7192,"apt_uso":1,"area_ha":1465.41187192,"cob_suelo":"Cacao","cacao_sys":"Cacao_alim_con50b","observ":null,"cob_label":"Cacao próximo a cultivos alimentarios","grupo_c":"Cultivos mixtos de cacao"},"geometry":{"type":"Polygon","coordinates":[[[-79.39749210132022,-2.516904945254852,0.0],[-79.39170249975825,-2.524604166388953,0.0],[-79.39170250038319,-2.529293751203895,0.0],[-79.39212214260769,-2.529303844893535,0.0],[-79.39228879153065,-2.529213126691056,0.0],[-79.39249843607763,-2.528983681244003,0.0],[-79.3927412233475,-2.528888271902334,0.0],[-79.3928889636717,-2.528697033366225,0.0],[-79.39235702133813,-2.527901967908184,0.0],[-79.39231912593398,-2.527763139074116,0.0],[-79.39238619483034,-2.52739473433605,0.0],[-79.39358963361225,-2.527712079359439,0.0],[-79.39398911779027,-2.527880070443582,0.0],[-79.39422225843069,-2.527889932103581,0.0],[-79.39432701575474,-2.527827849811952,0.0],[-79.39439747721339,-2.527612020265463,0.0],[-79.39449800086392,-2.527575023172018,0.0],[-79.39457694558216,-2.527727663824733,0.0],[-79.39474935069786,-2.527793679208024,0.0],[-79.39496316866418,-2.528039205899087,0.0],[-79.3951177377028,-2.528099217677408,0.0],[-79.39562334198456,-2.528063953860674,0.0],[-79.39565415013841,-2.528115129970589,0.0],[-79.3950637587406,-2.528464049901748,0.0],[-79.39499813520456,-2.528625481185252,0.0],[-79.39607902059929,-2.529936875198458,0.0],[-79.3968572958172,-2.531148180752429,0.0],[-79.39608893046363,-2.531552017902772,0.0],[-79.39493090728074,-2.530090977987292,0.0],[-79.39418805849505,-2.530480086663948,0.0],[-79.3931989760433,-2.529177465515926,0.0],[-79.39226918168593,-2.529682087989046,0.0],[-79.3917502940579,-2.52987764871268,0.0],[-79.39149329685863,-2.529920399222769,0.0],[-79.3913698550823,-2.529700108770043,0.0],[-79.3912892741424,-2.52965416921486,0.0],[-79.39095682566186,-2.529654170716781,0.0],[-79.38993171669323,-2.530636284578892,0.0],[-79.38925249033905,-2.529654176850053,0.0],[-79.38135968324782,-2.529654175013219,0.0],[-79.38156982800453,-2.531858038103938,0.0],[-79.38196749299934,-2.531672953374545,0.0],[-79.38215281404047,-2.531874179055202,0.0],[-79.38228082217856,-2.53224761188908,0.0],[-79.38236570372463,-2.532865052642628,0.0],[-79.38225065170204,-2.533554026263098,0.0],[-79.38186448795643,-2.534156518813734,0.0],[-79.38179272265656,-2.534472274425044,0.0],[-79.38177791302061,-2.534902954255614,0.0],[-79.38167756264569,-2.535247386153637,0.0],[-79.38157647961715,-2.536180438789529,0.0],[-79.381032686054,-2.537270857582032,0.0],[-79.38091809603193,-2.537586558991726,0.0],[-79.3806751047821,-2.537844671495388,0.0],[-79.38024668619556,-2.537987697787587,0.0],[-79.38018903349077,-2.538432679830291,0.0],[-79.38030303482752,-2.538590746635147,0.0],[-79.38030273088452,-2.538834807995903,0.0],[-79.37998752526813,-2.539767589787708,0.0],[-79.38016515774538,-2.5398124913252,0.0],[-79.38030560123842,-2.539711059961492,0.0],[-79.38074825345136,-2.539601550924535,0.0],[-79.38105298826136,-2.539434440770983,0.0],[-79.38118389129546,-2.539460092968519,0.0],[-79.38112381927164,-2.539870014073808,0.0],[-79.38086153274936,-2.540338665778221,0.0],[-79.3807662613255,-2.540424685183834,0.0],[-79.3806108022963,-2.540455239017784,0.0],[-79.38024309136274,-2.540873370679846,0.0],[-79.3800566257736,-2.541590965018552,0.0],[-79.38011413286844,-2.542048050394507,0.0],[-79.37842809167803,-2.542565158643811,0.0],[-79.3778343350011,-2.542889575707229,0.0],[-79.37758074430164,-2.542870361549073,0.0],[-79.37719975700445,-2.543133083697108,0.0],[-79.37717484354688,-2.544030338829177,0.0],[-79.37725778413846,-2.54429364745144,0.0],[-79.37842885470992,-2.544208222779204,0.0],[-79.378449143438,-2.544120977726132,0.0],[-79.37896283709016,-2.544048189964952,0.0],[-79.37799360575853,-2.545658453406629,0.0],[-79.37792161786113,-2.546148879020811,0.0],[-79.37776655629855,-2.546483669374652,0.0],[-79.37776615213012,-2.546806691768871,0.0],[-79.37780580109411,-2.546793897470093,0.0],[-79.37713538524687,-2.54704516968726,0.0],[-79.3766118879227,-2.547116289409826,0.0],[-79.3761599898907,-2.54700804328554,0.0],[-79.3760946948758,-2.546884538609281,0.0],[-79.37593246780163,-2.546943150104807,0.0],[-79.37583717153699,-2.54704831093688,0.0],[-79.37567491156786,-2.547430946923593,0.0],[-79.37564595431567,-2.547756325685308,0.0],[-79.37570269324597,-2.5480435292928,0.0],[-79.37556864634486,-2.548694190233192,0.0],[-79.37545418456217,-2.548904608192682,0.0],[-79.37527319081022,-2.549047943938313,0.0],[-79.3750634674725,-2.549334809417092,0.0],[-79.37441582916705,-2.549745541810396,0.0],[-79.37395878490717,-2.549945952757386,0.0],[-79.3734062144672,-2.550433373402155,0.0],[-79.37312958671866,-2.550949858326641,0.0],[-79.37308149869627,-2.551351780630283,0.0],[-79.37289048271607,-2.551897086299719,0.0],[-79.37283298655662,-2.552212856541551,0.0],[-79.37294661864301,-2.55266283986896,0.0],[-79.37255555087272,-2.553370598183093,0.0],[-79.37257414960239,-2.55371517912517,0.0],[-79.37218253856997,-2.554853632552488,0.0],[-79.37224852690264,-2.55535141056003,0.0],[-79.37259065204503,-2.555725116748925,0.0],[-79.37288509803027,-2.55617532971038,0.0],[-79.3728084229652,-2.556605928402114,0.0],[-79.37278896861159,-2.557144100677594,0.0],[-79.37312747665389,-2.557258062118259,0.0],[-79.37355573948022,-2.557244251341672,0.0],[-79.37396938405044,-2.557503196659254,0.0],[-79.37463994014094,-2.557791182222626,0.0],[-79.3750104173827,-2.558322846567549,0.0],[-79.37512340468588,-2.559284879920463,0.0],[-79.37505145184518,-2.559744198168009,0.0],[-79.37517967216861,-2.559945352994859,0.0],[-79.37527921623318,-2.560246967929077,0.0],[-79.37522452319539,-2.560587987742407,0.0],[-79.37508828170053,-2.560725276867518,0.0],[-79.37436595243102,-2.561872879837357,0.0],[-79.37426462855639,-2.561901855196763,0.0],[-79.37428338910802,-2.562374081760973,0.0],[-79.37445434932155,-2.562642289016079,0.0],[-79.37504379879097,-2.563102450978738,0.0],[-79.37635390487698,-2.563656444852795,0.0],[-79.37694516565315,-2.564655384968201,0.0],[-79.37734413997622,-2.565230156436867,0.0],[-79.37783900513361,-2.565230787361386,0.0],[-79.37846862129885,-2.564025637397326,0.0],[-79.37862156234664,-2.563489852884152,0.0],[-79.3793453314039,-2.563088789611613,0.0],[-79.38016270122768,-2.563932082896013,0.0],[-79.38042854097924,-2.564430116982844,0.0],[-79.37966617458363,-2.565252257616049,0.0],[-79.38148735967192,-2.566809304268129,0.0],[-79.3816249176667,-2.56659470041487,0.0],[-79.38187235056931,-2.566595015235705,0.0],[-79.38221470977415,-2.5667868721375,0.0],[-79.38255752553802,-2.566615028274108,0.0],[-79.38271051430037,-2.566040958537343,0.0],[-79.38295000203856,-2.565751993365048,0.0],[-79.38324443333303,-2.565256808861661,0.0],[-79.38554736925262,-2.565336301543851,0.0],[-79.38649556239409,-2.564898919889159,0.0],[-79.38673953185932,-2.565236402029864,0.0],[-79.3872347971511,-2.565515882784299,0.0],[-79.38663663524663,-2.569448067498184,0.0],[-79.38717897912838,-2.569530510592132,0.0],[-79.38761650712259,-2.569722487851726,0.0],[-79.38795867654692,-2.570067481920101,0.0],[-79.38841545477524,-2.570087204035742,0.0],[-79.38841535872217,-2.570163772877546,0.0],[-79.38927145533953,-2.570490276410256,0.0],[-79.38957601415329,-2.570471520182227,0.0],[-79.39001392481393,-2.570675461238862,0.0],[-79.3902801796155,-2.570529839486951,0.0],[-79.3909721329546,-2.570307591118774,0.0],[-79.39102248476593,-2.570530780195233,0.0],[-79.39147897622064,-2.570780207309024,0.0],[-79.39165025313315,-2.570799566759881,0.0],[-79.39201203337703,-2.57068517175276,0.0],[-79.39258310925564,-2.570628468154569,0.0],[-79.39281576615588,-2.571030749878531,0.0],[-79.39324367835702,-2.571304067968943,0.0],[-79.39357161122624,-2.571620330394601,0.0],[-79.39376973792129,-2.572998823328475,0.0],[-79.39386930521796,-2.573286083525125,0.0],[-79.39469699367767,-2.573502481205828,0.0],[-79.39505360335671,-2.573718282517155,0.0],[-79.39522429517056,-2.574206627131075,0.0],[-79.39559532307031,-2.574307593322571,0.0],[-79.395952346168,-2.574193191579062,0.0],[-79.3964954665643,-2.573662679473053,0.0],[-79.39718024470788,-2.574008106340342,0.0],[-79.3975657105372,-2.573979880072708,0.0],[-79.39766606697412,-2.57363544544026,0.0],[-79.39780984027843,-2.572817293933235,0.0],[-79.39779601320339,-2.572458359228795,0.0],[-79.39728329044036,-2.571510168660084,0.0],[-79.3968981839148,-2.571251261180244,0.0],[-79.39682636020741,-2.571610088469937,0.0],[-79.39698297424069,-2.571940490896546,0.0],[-79.39706819563987,-2.572285158960933,0.0],[-79.39682530238026,-2.572457133243548,0.0],[-79.39655443362726,-2.57216965648371,0.0],[-79.39608433925162,-2.571379443370768,0.0],[-79.39528575745281,-2.5707180263426,0.0],[-79.39542884921013,-2.570445429460841,0.0],[-79.39581436741467,-2.570374133113137,0.0],[-79.39631399684225,-2.570374764114502,0.0],[-79.39699956197519,-2.570088495023783,0.0],[-79.39732814012926,-2.569887916048868,0.0],[-79.39727137997237,-2.569615066481838,0.0],[-79.39698630690081,-2.569270146363483,0.0],[-79.39588319349596,-2.568349371507478,0.0],[-79.39674079349943,-2.567728882903904,0.0],[-79.39719781162235,-2.567557178028344,0.0],[-79.39641958695736,-2.565833391332776,0.0],[-79.39550543297607,-2.566272511648249,0.0],[-79.39421381046373,-2.564146090675904,0.0],[-79.39314805971671,-2.564049034293084,0.0],[-79.39187251300194,-2.564296273549899,0.0],[-79.391719958773,-2.564525787204937,0.0],[-79.39166230871639,-2.564965985511634,0.0],[-79.39154760631544,-2.565367827580664,0.0],[-79.39114788114993,-2.565386464744638,0.0],[-79.39078655749651,-2.56513715908857,0.0],[-79.3902164181723,-2.564447317574594,0.0],[-79.38949377293072,-2.563948706275897,0.0],[-79.38850554765474,-2.562741496518582,0.0],[-79.38883399344911,-2.562495799145329,0.0],[-79.38898145281345,-2.562684671995483,0.0],[-79.3899522481913,-2.562609330393602,0.0],[-79.39052363060001,-2.562303777153296,0.0],[-79.39099970327285,-2.562112956281464,0.0],[-79.39175344266559,-2.5613673395498,0.0],[-79.39082976574542,-2.561021634080679,0.0],[-79.3901638385559,-2.560829371050151,0.0],[-79.38982226656819,-2.560005824625526,0.0],[-79.39060365864671,-2.559183694852877,0.0],[-79.39022339906352,-2.558857797249049,0.0],[-79.38974737574173,-2.559010334530207,0.0],[-79.3894048491243,-2.558952475570553,0.0],[-79.38872137156578,-2.557573373375947,0.0],[-79.38853453923987,-2.557084392677726,0.0],[-79.38866503639329,-2.556960751261902,0.0],[-79.38956026687265,-2.556425898629023,0.0],[-79.38998408354809,-2.556031096027712,0.0],[-79.38989113313157,-2.55591151534159,0.0],[-79.38940148060439,-2.555547196249792,0.0],[-79.38933637456348,-2.555407140821286,0.0],[-79.39049487530669,-2.554838271999969,0.0],[-79.39097092069673,-2.554666591834606,0.0],[-79.39245646481156,-2.553902772087846,0.0],[-79.3913547522494,-2.552121157971191,0.0],[-79.39129945637747,-2.55215524865707,0.0],[-79.39525363578878,-2.549492503930178,0.0],[-79.39522654348147,-2.549446178622898,0.0],[-79.39930319714847,-2.546579935043493,0.0],[-79.40179338266627,-2.549148115204126,0.0],[-79.4056040870305,-2.547114302948857,0.0],[-79.40607735077934,-2.54794748474463,0.0],[-79.40245853118734,-2.549972066317129,0.0],[-79.40348491103882,-2.55112188731828,0.0],[-79.40399930549889,-2.550720539463885,0.0],[-79.4050081176661,-2.550683512808555,0.0],[-79.40552225244431,-2.550492729855329,0.0],[-79.40632221693733,-2.550034309165622,0.0],[-79.40685566769824,-2.549613840402884,0.0],[-79.40716031793426,-2.549518508019812,0.0],[-79.40748374280575,-2.549633764434327,0.0],[-79.4099411080086,-2.547952285932256,0.0],[-79.41005573123182,-2.547607865449818,0.0],[-79.40961810567825,-2.547492467218088,0.0],[-79.40914218003333,-2.547568446203087,0.0],[-79.40895224666518,-2.547242789583372,0.0],[-79.40909156340787,-2.545985681716405,0.0],[-79.40920118233235,-2.546017985044839,0.0],[-79.40969628172988,-2.545827175228304,0.0],[-79.41028689976079,-2.545349346986975,0.0],[-79.41064869655891,-2.545215798446799,0.0],[-79.41126064184915,-2.544706135011456,0.0],[-79.4113153761062,-2.54479549072926,0.0],[-79.41166547516154,-2.544912273537797,0.0],[-79.41163884885269,-2.544872461173027,0.0],[-79.4143245995862,-2.543191248575407,0.0],[-79.41299303901897,-2.540774289522288,0.0],[-79.41236669336134,-2.53994636151192,0.0],[-79.41231808480077,-2.539945024499368,0.0],[-79.41127894892381,-2.538276359376247,0.0],[-79.41513082923733,-2.535633187573954,0.0],[-79.41565291227423,-2.536411775522894,0.0],[-79.4158716074545,-2.536565184786858,0.0],[-79.41634264987246,-2.536589692283505,0.0],[-79.41660921367804,-2.536508665232805,0.0],[-79.41694185196728,-2.536200670736154,0.0],[-79.41694192063626,-2.536156029441435,0.0],[-79.41748463419631,-2.535936557492595,0.0],[-79.41784657857723,-2.535678579347497,0.0],[-79.41813225129543,-2.535535362015259,0.0],[-79.4189795768941,-2.535249265047364,0.0],[-79.41938917476175,-2.534933916369248,0.0],[-79.41957795110751,-2.53466657075762,0.0],[-79.4200081601778,-2.534599682464085,0.0],[-79.42036015828266,-2.534695826315202,0.0],[-79.42102022030275,-2.534382304191705,0.0],[-79.42102039429776,-2.534238734903415,0.0],[-79.42122334664484,-2.533640780522604,0.0],[-79.4215708201348,-2.532796047770456,0.0],[-79.4222637599581,-2.532948803217848,0.0],[-79.4224517483076,-2.533119381342219,0.0],[-79.4227523098777,-2.53357401062828,0.0],[-79.42288404612486,-2.533574171890443,0.0],[-79.42245867022808,-2.532484181294851,0.0],[-79.42090900308179,-2.530368291125173,0.0],[-79.42106120144376,-2.529533534840341,0.0],[-79.4212136187064,-2.528986565253515,0.0],[-79.42095318186989,-2.528957493157829,0.0],[-79.42075323602303,-2.529038604675634,0.0],[-79.42024882905429,-2.529061915203918,0.0],[-79.41982542922776,-2.528989612653202,0.0],[-79.41945754350238,-2.52883192599932,0.0],[-79.41973084457888,-2.528509139651369,0.0],[-79.41988298274464,-2.528198870568101,0.0],[-79.42004606339505,-2.526875726296038,0.0],[-79.42000834386175,-2.526588542173014,0.0],[-79.41983712745258,-2.526521334428099,0.0],[-79.41891396559859,-2.526568060588381,0.0],[-79.4181905350495,-2.526710744389863,0.0],[-79.41788601694606,-2.52670079967107,0.0],[-79.41786288787853,-2.524600904263016,0.0],[-79.41965831311911,-2.524866484676491,0.0],[-79.4274351850399,-2.526423481946774,0.0],[-79.4282870533826,-2.525908555948689,0.0],[-79.42828735049198,-2.518038777885926,0.0],[-79.42682703850726,-2.519297962268459,0.0],[-79.42609965612408,-2.519839520947538,0.0],[-79.42565036259857,-2.520109020264578,0.0],[-79.42462676789378,-2.520588810594313,0.0],[-79.42432878563706,-2.520653562765267,0.0],[-79.42392911268205,-2.520636435989012,0.0],[-79.42354175181862,-2.520550411059802,0.0],[-79.42285502555448,-2.520632596104659,0.0],[-79.42228593347606,-2.520474994734616,0.0],[-79.42217115632843,-2.520507864402405,0.0],[-79.42202748858304,-2.520688032440868,0.0],[-79.42184350037431,-2.520773759524229,0.0],[-79.42162863171376,-2.52078280089267,0.0],[-79.42054101917608,-2.521073397866567,0.0],[-79.42033763581942,-2.521046828995369,0.0],[-79.42021901031738,-2.520900605168578,0.0],[-79.42024300538203,-2.520849904771144,0.0],[-79.4204569427804,-2.520756247029016,0.0],[-79.42049275537381,-2.520651605471162,0.0],[-79.42018948005112,-2.520599191812421,0.0],[-79.41988281410922,-2.520399018186667,0.0],[-79.41969613181833,-2.520182997183106,0.0],[-79.41958511962265,-2.520143632933858,0.0],[-79.41916917667385,-2.520262287657911,0.0],[-79.41902863040849,-2.520462880473474,0.0],[-79.41891707635737,-2.520532770438111,0.0],[-79.41861822639436,-2.520466865983422,0.0],[-79.4181393196308,-2.520556011614485,0.0],[-79.4177421259597,-2.520702085535749,0.0],[-79.41758133109636,-2.520819568108715,0.0],[-79.4174067989554,-2.520827111575501,0.0],[-79.41730140452904,-2.520905783029363,0.0],[-79.41705042602905,-2.520922575114678,0.0],[-79.41662146944287,-2.520824424191637,0.0],[-79.41640937287413,-2.520576628652188,0.0],[-79.41622332422905,-2.520463471899035,0.0],[-79.41595596300134,-2.520485147260572,0.0],[-79.41562412833291,-2.52044167086816,0.0],[-79.41498874713034,-2.520570105704121,0.0],[-79.41456409199718,-2.520555229076597,0.0],[-79.41423028585696,-2.52066608547061,0.0],[-79.41381866852626,-2.520619062576106,0.0],[-79.41348264355479,-2.520668759162798,0.0],[-79.41313098010488,-2.520628423141431,0.0],[-79.4116775003701,-2.520628333335843,0.0],[-79.40904882894351,-2.519938370529876,0.0],[-79.40896487272916,-2.521227759362654,0.0],[-79.4090915876878,-2.521349948152063,0.0],[-79.40904262324932,-2.522788265402798,0.0],[-79.40635791664567,-2.522239061910098,0.0],[-79.40638617881814,-2.521640934836794,0.0],[-79.40537283540965,-2.521510476153958,0.0],[-79.40521593689553,-2.5214097847064,0.0],[-79.40547317734605,-2.521166036746979,0.0],[-79.40572297501483,-2.521173522287786,0.0],[-79.40607996392919,-2.521073464512697,0.0],[-79.40630855105645,-2.520915821531469,0.0],[-79.40635182034663,-2.520549776038596,0.0],[-79.40621640309823,-2.520391685035711,0.0],[-79.40615240264127,-2.520197789574764,0.0],[-79.40626686154879,-2.519982579018459,0.0],[-79.40643810548745,-2.520025859982959,0.0],[-79.40658056359422,-2.520262922262103,0.0],[-79.4067446174593,-2.520349264659779,0.0],[-79.40712300897245,-2.520256410661005,0.0],[-79.40720167695468,-2.520127296509021,0.0],[-79.40720191256531,-2.519933479998682,0.0],[-79.40713069651751,-2.519804181533833,0.0],[-79.40696668627446,-2.519681946900874,0.0],[-79.40704368016182,-2.519412063844391,0.0],[-79.40105011027413,-2.517838866597922,0.0],[-79.40101975797916,-2.51899147827028,0.0],[-79.39785101008705,-2.518815283962403,0.0],[-79.39749210132022,-2.516904945254852,0.0]],[[-79.39251309928864,-2.523799538212288,0.0],[-79.3930609606937,-2.523255861243355,0.0],[-79.39356573353832,-2.52389655779954,0.0],[-79.39414917161066,-2.523442652830364,0.0],[-79.3945294751384,-2.523730259333355,0.0],[-79.39540989904424,-2.524793320461245,0.0],[-79.39520621134926,-2.524966938588882,0.0],[-79.39515253542665,-2.524915461021592,0.0],[-79.3950514236479,-2.524915335500787,0.0],[-79.3942361985999,-2.525225385070482,0.0],[-79.39382545810143,-2.525506026783997,0.0],[-79.39366464088708,-2.525691267179395,0.0],[-79.3934326712064,-2.525696961165683,0.0],[-79.39336875953472,-2.524464598449806,0.0],[-79.39302398891707,-2.524302657297372,0.0],[-79.3927685734506,-2.524027170312943,0.0],[-79.39257240038827,-2.52394317854435,0.0],[-79.39251309928864,-2.523799538212288,0.0]],[[-79.41097060159863,-2.533605226868161,0.0],[-79.40998498195188,-2.534142391605852,0.0],[-79.4097422656873,-2.534177983482345,0.0],[-79.40916388095245,-2.534385443015231,0.0],[-79.40887816588506,-2.534564550232189,0.0],[-79.40881303760489,-2.534696363989013,0.0],[-79.40858576013855,-2.534377550898629,0.0],[-79.40814277586628,-2.534757458343601,0.0],[-79.40764965360526,-2.535280872036807,0.0],[-79.40742835873846,-2.535309311863818,0.0],[-79.40727820080639,-2.535531656413605,0.0],[-79.40716342289885,-2.536005288495163,0.0],[-79.4072630742614,-2.536227942095477,0.0],[-79.40752706198207,-2.536307231415398,0.0],[-79.4077770120064,-2.536192685620565,0.0],[-79.40809811750702,-2.536257688729482,0.0],[-79.40854699338537,-2.536897121583806,0.0],[-79.40856104876362,-2.537076599076652,0.0],[-79.40828245227476,-2.537270071304107,0.0],[-79.40798986192695,-2.537233816900492,0.0],[-79.40771888541227,-2.537032486826366,0.0],[-79.4074409301375,-2.536701936323148,0.0],[-79.40714127247196,-2.536608246024618,0.0],[-79.40694855336922,-2.536615186299261,0.0],[-79.40650535685795,-2.537167374122375,0.0],[-79.4065265234046,-2.537368394953623,0.0],[-79.40678177223556,-2.53765958944427,0.0],[-79.40638345003059,-2.537633818191669,0.0],[-79.4060478939034,-2.537712365041856,0.0],[-79.40548365143529,-2.538027514245861,0.0],[-79.40491588034754,-2.538622755840474,0.0],[-79.40396270344472,-2.538578363587416,0.0],[-79.40331289013007,-2.538828800190501,0.0],[-79.40288459228496,-2.538871338439355,0.0],[-79.40245595939899,-2.539186654874343,0.0],[-79.40212752342609,-2.539279565869381,0.0],[-79.40181364548035,-2.539142786347967,0.0],[-79.40159025786704,-2.539169110386952,0.0],[-79.400942604742,-2.538144496821498,0.0],[-79.40103011402002,-2.537853293990445,0.0],[-79.40125392333232,-2.537714789955578,0.0],[-79.40155423450256,-2.537274889722534,0.0],[-79.4015544696203,-2.53708346673358,0.0],[-79.4014688856494,-2.537030718484838,0.0],[-79.40123558968091,-2.537145283292046,0.0],[-79.4011071285121,-2.53713555190567,0.0],[-79.4010406416753,-2.537030186364886,0.0],[-79.40110742247279,-2.536896272995242,0.0],[-79.4012979411006,-2.536743371657966,0.0],[-79.40158358336431,-2.536624086838757,0.0],[-79.40171391851045,-2.536624248722545,0.0],[-79.40178840606502,-2.536447274654994,0.0],[-79.40195038182031,-2.536289550901582,0.0],[-79.40165748060136,-2.535809527891024,0.0],[-79.40227093498609,-2.534863845039766,0.0],[-79.40241372947199,-2.534825736982902,0.0],[-79.40251382880976,-2.53468229385383,0.0],[-79.40263799574882,-2.534313957821419,0.0],[-79.40278543139227,-2.534371567587684,0.0],[-79.4028423719913,-2.534500848794573,0.0],[-79.40283242746537,-2.534850184836476,0.0],[-79.40358255506551,-2.536219792781654,0.0],[-79.40444907008003,-2.535804520797989,0.0],[-79.40549148336612,-2.537460431841733,0.0],[-79.40569114682167,-2.537611425656642,0.0],[-79.40584829282453,-2.537511122234549,0.0],[-79.40567019150649,-2.537238123221859,0.0],[-79.40587030343688,-2.537023018981153,0.0],[-79.40634895804185,-2.536657514172303,0.0],[-79.40627780375857,-2.536477966140938,0.0],[-79.40637795582472,-2.536291452317852,0.0],[-79.40667796468203,-2.536098007053525,0.0],[-79.40702678071027,-2.535977737095666,0.0],[-79.40585690515972,-2.534295196528838,0.0],[-79.40540129786736,-2.533542768380589,0.0],[-79.40534353603202,-2.533550852429781,0.0],[-79.40528418947174,-2.533443102896117,0.0],[-79.40530216489088,-2.533335449062919,0.0],[-79.40571549461163,-2.533371852875341,0.0],[-79.40591152148347,-2.533475748010814,0.0],[-79.406824752894,-2.533767603088989,0.0],[-79.40752824718057,-2.533391606629784,0.0],[-79.40772234289075,-2.533459437709482,0.0],[-79.40770691030956,-2.533205189454376,0.0],[-79.40762973123708,-2.533063024944847,0.0],[-79.4080889394387,-2.53305970081915,0.0],[-79.40828378901746,-2.533256150412844,0.0],[-79.40990125692795,-2.53256543149644,0.0],[-79.41003936873435,-2.532465104387038,0.0],[-79.40970976778841,-2.532032374615708,0.0],[-79.40987572917713,-2.532037787562047,0.0],[-79.41004003832818,-2.531915957100764,0.0],[-79.41015779669394,-2.531923281165011,0.0],[-79.41024352848021,-2.531855191474518,0.0],[-79.410364868898,-2.531851751666067,0.0],[-79.41063279720265,-2.531625962798056,0.0],[-79.41070051468847,-2.531697830210692,0.0],[-79.41082897546185,-2.531708755914623,0.0],[-79.41109683721778,-2.53153680453954,0.0],[-79.41116837377348,-2.531404092137204,0.0],[-79.41117214289672,-2.531238993222087,0.0],[-79.41098316805157,-2.531102370420736,0.0],[-79.41122268641803,-2.530761691017395,0.0],[-79.41090188834289,-2.530445445540465,0.0],[-79.41085921266509,-2.530323360707021,0.0],[-79.41074856946892,-2.53033399177363,0.0],[-79.41027954088506,-2.530591712126336,0.0],[-79.41021152048452,-2.530789158669655,0.0],[-79.40942580294839,-2.531283500240925,0.0],[-79.40881173337242,-2.531490916387613,0.0],[-79.40863327214076,-2.531512230864422,0.0],[-79.40851942349725,-2.531224954886137,0.0],[-79.40814829738758,-2.531210139154347,0.0],[-79.40784889464658,-2.530908277401186,0.0],[-79.40769190746772,-2.530879370062334,0.0],[-79.40743495238077,-2.530886230739929,0.0],[-79.4071493076045,-2.531007910948988,0.0],[-79.40656387508668,-2.531476774555541,0.0],[-79.40634612864633,-2.531189968080674,0.0],[-79.40581036142127,-2.531552823434786,0.0],[-79.40565726082596,-2.531278846556705,0.0],[-79.406607304842,-2.53064832152771,0.0],[-79.40737172316233,-2.530060637288665,0.0],[-79.40737907121502,-2.529888365170591,0.0],[-79.40700827771498,-2.529600771269907,0.0],[-79.40687349080709,-2.528925835233989,0.0],[-79.40670942744383,-2.528846670993887,0.0],[-79.40701681599458,-2.528452238026782,0.0],[-79.40729047182549,-2.528632216555729,0.0],[-79.40737770581634,-2.528550166400183,0.0],[-79.40761566947678,-2.528508586117689,0.0],[-79.40815686914004,-2.528551127399176,0.0],[-79.40832940741555,-2.528509466294791,0.0],[-79.40908560267242,-2.527834431551284,0.0],[-79.40944892971002,-2.527416139533936,0.0],[-79.41005286388071,-2.527763685191859,0.0],[-79.40962637864145,-2.528713854808232,0.0],[-79.40943313589585,-2.528929270478499,0.0],[-79.40989932899984,-2.529266952092539,0.0],[-79.41004901318374,-2.529432239978752,0.0],[-79.41004886353211,-2.529555104025249,0.0],[-79.41055335731893,-2.529438819202747,0.0],[-79.41096409207307,-2.529164152136699,0.0],[-79.41120857212222,-2.528655982999001,0.0],[-79.41158910169204,-2.528764126795319,0.0],[-79.41173947418584,-2.528677991075083,0.0],[-79.41169279778444,-2.527954100610422,0.0],[-79.41190705403244,-2.527747100813003,0.0],[-79.41210527417392,-2.527691543416124,0.0],[-79.41253511179819,-2.528272744148472,0.0],[-79.41272573281377,-2.528275000672548,0.0],[-79.41320837126968,-2.527563734167841,0.0],[-79.41335775709776,-2.526995625959258,0.0],[-79.41359607679681,-2.526660925229734,0.0],[-79.41381667611188,-2.526224509372278,0.0],[-79.41401313591156,-2.526075200013354,0.0],[-79.4142451659595,-2.526021646942731,0.0],[-79.41462031431116,-2.525663185912713,0.0],[-79.41463229682546,-2.525591416525342,0.0],[-79.41459672559803,-2.525495660176703,0.0],[-79.41433529750347,-2.525268022489044,0.0],[-79.41410933822408,-2.525219889844369,0.0],[-79.41401402128781,-2.525345394788945,0.0],[-79.41327063112615,-2.525272698412795,0.0],[-79.41312188489151,-2.525314389759727,0.0],[-79.41267605376304,-2.525104471775954,0.0],[-79.41252582443356,-2.525158315905856,0.0],[-79.4125162980113,-2.524416344648101,0.0],[-79.4124262126672,-2.524397353610142,0.0],[-79.4125400446274,-2.523962338892235,0.0],[-79.41257023368068,-2.523591491111291,0.0],[-79.41262387334466,-2.523501826690524,0.0],[-79.41374783473768,-2.523646773597389,0.0],[-79.41453433088886,-2.523893757204783,0.0],[-79.41472405147678,-2.524008710463015,0.0],[-79.41525924352257,-2.523997404321975,0.0],[-79.4151841274008,-2.524243769383185,0.0],[-79.41521566735764,-2.524721173480092,0.0],[-79.41511890860892,-2.525054851182191,0.0],[-79.41524366877054,-2.525173448133573,0.0],[-79.41525426239586,-2.525266780913124,0.0],[-79.41520924998194,-2.52558015932701,0.0],[-79.41522065232223,-2.525986951115294,0.0],[-79.41511936539337,-2.526130395102221,0.0],[-79.41508347497287,-2.526297847920382,0.0],[-79.41516660726684,-2.526411607977527,0.0],[-79.41527320318866,-2.526794588802473,0.0],[-79.41604032795604,-2.526915169230489,0.0],[-79.41599775771566,-2.527686798028491,0.0],[-79.41583705751908,-2.527776331290506,0.0],[-79.41522456915278,-2.527661921689159,0.0],[-79.41510553265265,-2.527727578225841,0.0],[-79.41504410848897,-2.529330684325483,0.0],[-79.41462172432607,-2.529401949603358,0.0],[-79.4145382442311,-2.529575325312944,0.0],[-79.41447214180172,-2.530131571363085,0.0],[-79.41456116321267,-2.530293196069642,0.0],[-79.41460063171569,-2.530501994034641,0.0],[-79.41431621186105,-2.530700270400706,0.0],[-79.41415560570333,-2.530712036811268,0.0],[-79.41412003551407,-2.530616280391615,0.0],[-79.41413827908875,-2.530287291700076,0.0],[-79.41381736412357,-2.530065562627164,0.0],[-79.41366276445089,-2.530029480978635,0.0],[-79.41326394666166,-2.530286216607291,0.0],[-79.41281201240238,-2.530201912799623,0.0],[-79.41268108738954,-2.530261571882404,0.0],[-79.41260957525687,-2.530375141833778,0.0],[-79.41260941515804,-2.530506745806761,0.0],[-79.41262713513596,-2.53060846260761,0.0],[-79.41271030992225,-2.530686330447627,0.0],[-79.41290058241175,-2.530734420893733,0.0],[-79.41338839251061,-2.530663236991812,0.0],[-79.4134477181694,-2.530788932710632,0.0],[-79.41324520087149,-2.531027963392964,0.0],[-79.4130845219757,-2.531099550625902,0.0],[-79.41291797492765,-2.531105327155189,0.0],[-79.41271546477795,-2.531338376195922,0.0],[-79.41268531060688,-2.531679313814641,0.0],[-79.4125424316462,-2.531786814373941,0.0],[-79.4125065548935,-2.531942302965961,0.0],[-79.41257981207887,-2.532200679942046,0.0],[-79.41221398116612,-2.532400786873751,0.0],[-79.41144210840451,-2.533246887573869,0.0],[-79.4111207149859,-2.533418773716605,0.0],[-79.41097060159863,-2.533605226868161,0.0]],[[-79.41562757040731,-2.530359132244227,0.0],[-79.41606181440585,-2.530305830331948,0.0],[-79.41621637531875,-2.530374813485803,0.0],[-79.41623703659586,-2.530503452511016,0.0],[-79.41607622700069,-2.530682715845926,0.0],[-79.41607018438408,-2.530760474039706,0.0],[-79.41621578716175,-2.530859356358324,0.0],[-79.4165192686086,-2.530743080082081,0.0],[-79.41646298245878,-2.530563550168194,0.0],[-79.416561168365,-2.530524787429739,0.0],[-79.41670382658009,-2.530599737431954,0.0],[-79.41682838975363,-2.530881045461626,0.0],[-79.41714361162983,-2.530893397132536,0.0],[-79.41737726552286,-2.530770508997549,0.0],[-79.41740525836231,-2.531569692276401,0.0],[-79.41719090346554,-2.531623261641425,0.0],[-79.41709908065305,-2.531554220747503,0.0],[-79.41696259927745,-2.531546412196682,0.0],[-79.4169006659201,-2.531608548494384,0.0],[-79.41690055555212,-2.531699475261072,0.0],[-79.41649107620195,-2.531919110773456,0.0],[-79.416494288184,-2.532556611272811,0.0],[-79.41563378959111,-2.532969608205352,0.0],[-79.41562757040731,-2.530359132244227,0.0]],[[-79.39307543846691,-2.533056909476091,0.0],[-79.3913207148751,-2.534120703652419,0.0],[-79.39044559977303,-2.534759679021449,0.0],[-79.38960005192077,-2.535536275214111,0.0],[-79.39004673868735,-2.536189424924369,0.0],[-79.39043619161936,-2.536596424389452,0.0],[-79.39045027102767,-2.536754365099245,0.0],[-79.39032882918393,-2.536840353962296,0.0],[-79.39012178358377,-2.536890342737371,0.0],[-79.38983628093445,-2.536897164271488,0.0],[-79.38948623887053,-2.537147967816573,0.0],[-79.38932914623676,-2.537205197712516,0.0],[-79.39064015608805,-2.539037314823958,0.0],[-79.39176904227787,-2.540879862774164,0.0],[-79.39050447822608,-2.541693525846513,0.0],[-79.39001884404878,-2.541248659812443,0.0],[-79.3899120647519,-2.541021212646047,0.0],[-79.39029884355685,-2.540884112327865,0.0],[-79.39058716985299,-2.540579505853005,0.0],[-79.39001843139462,-2.53966105076891,0.0],[-79.38953376581675,-2.539114890424107,0.0],[-79.38862125891919,-2.538245169401072,0.0],[-79.38789629463672,-2.537705586612285,0.0],[-79.38664863738902,-2.536591382147064,0.0],[-79.38731726317161,-2.53438662685313,0.0],[-79.38865352404814,-2.536205068573547,0.0],[-79.38892746999144,-2.535924260219879,0.0],[-79.38953826110117,-2.535441798607307,0.0],[-79.38882737724953,-2.534354876584504,0.0],[-79.38971312922885,-2.533772146947805,0.0],[-79.38932175585232,-2.533129002121829,0.0],[-79.3907811465959,-2.53201239501414,0.0],[-79.3908415288676,-2.532026423690732,0.0],[-79.39123936440362,-2.532566491569473,0.0],[-79.39264904995177,-2.531553711358792,0.0],[-79.39216460762343,-2.53082570183274,0.0],[-79.39242196475423,-2.530491032671292,0.0],[-79.39279336556041,-2.530280931371577,0.0],[-79.39437970726956,-2.53240306056618,0.0],[-79.39307543846691,-2.533056909476091,0.0]],[[-79.39133243691302,-2.53907407241304,0.0],[-79.39044175794035,-2.53786699671882,0.0],[-79.39074958778505,-2.53712083532629,0.0],[-79.39072138455496,-2.536840844975627,0.0],[-79.39064608184461,-2.536723481182431,0.0],[-79.39093574455966,-2.536647297837614,0.0],[-79.39113556454657,-2.536669082199971,0.0],[-79.39132055887343,-2.537135906008153,0.0],[-79.39158432190207,-2.537394655534344,0.0],[-79.3918976122217,-2.538005206404135,0.0],[-79.3923040960847,-2.538285669861511,0.0],[-79.39283161419993,-2.538810348739013,0.0],[-79.39290274834076,-2.539004253046843,0.0],[-79.39286684017195,-2.539183666887328,0.0],[-79.39278093446264,-2.539391731531849,0.0],[-79.39253096641234,-2.53952062890558,0.0],[-79.39228855242804,-2.539312153736143,0.0],[-79.39219604137112,-2.539089509393847,0.0],[-79.39201777637003,-2.538952897755588,0.0],[-79.39176800285021,-2.538923872033514,0.0],[-79.39156788150045,-2.539146150263443,0.0],[-79.3913547923648,-2.539298247730592,0.0],[-79.39133243691302,-2.53907407241304,0.0]],[[-79.39892503520907,-2.534302464722162,0.0],[-79.39889670923489,-2.534120577306532,0.0],[-79.39870670866986,-2.533852348713477,0.0],[-79.39849749848717,-2.533727663290772,0.0],[-79.39847875928272,-2.533488361920617,0.0],[-79.39863116459122,-2.533373696815446,0.0],[-79.39891668233987,-2.533354909957735,0.0],[-79.39913582109516,-2.53314461659376,0.0],[-79.39907896820289,-2.532943551161982,0.0],[-79.39878446246047,-2.532531625799044,0.0],[-79.39879412057992,-2.532416784156617,0.0],[-79.39933664245396,-2.532350459395659,0.0],[-79.39974436387298,-2.532153995157327,0.0],[-79.39995953891513,-2.532454209484101,0.0],[-79.39964028861431,-2.533068673773791,0.0],[-79.39959238953314,-2.533327035981705,0.0],[-79.39972537373897,-2.53352819510684,0.0],[-79.39975367637437,-2.533729224221434,0.0],[-79.39952485672706,-2.534073501922653,0.0],[-79.39941978710527,-2.534389219877892,0.0],[-79.39914370291444,-2.534475017001788,0.0],[-79.39892503520907,-2.534302464722162,0.0]],[[-79.38410416010105,-2.543620148979985,0.0],[-79.38441535516762,-2.542471669918894,0.0],[-79.38458137118198,-2.542452721000864,0.0],[-79.38573348982733,-2.543921296329672,0.0],[-79.38718520349856,-2.54356420538232,0.0],[-79.38754180546863,-2.54378000373891,0.0],[-79.38758915046031,-2.543971485180872,0.0],[-79.38716062464336,-2.54419826053427,0.0],[-79.38679175548174,-2.544281543580321,0.0],[-79.38597042062888,-2.544711209853931,0.0],[-79.38583922540926,-2.544986213304065,0.0],[-79.3858384661817,-2.545596369675482,0.0],[-79.38570730141562,-2.545847445689866,0.0],[-79.38531480477467,-2.545799096721346,0.0],[-79.38504153292527,-2.545535546928237,0.0],[-79.3845178856338,-2.545726309013859,0.0],[-79.38385098391767,-2.546323661673171,0.0],[-79.38314885772843,-2.546550089777527,0.0],[-79.38345947177949,-2.545485698845789,0.0],[-79.38329349917542,-2.5450308626603,0.0],[-79.38357920338578,-2.544863728540673,0.0],[-79.38410416010105,-2.543620148979985,0.0]],[[-79.37798750456858,-2.55403812367795,0.0],[-79.37804099583221,-2.554895479043626,0.0],[-79.37837899633392,-2.555287040355185,0.0],[-79.37637133452822,-2.555566944704318,0.0],[-79.37638950178898,-2.556256083611017,0.0],[-79.3761071031297,-2.556923198264256,0.0],[-79.37603999428175,-2.556902857293753,0.0],[-79.37581201172483,-2.556572366005815,0.0],[-79.37565544026293,-2.556213252514533,0.0],[-79.37542729536432,-2.556011970807778,0.0],[-79.37521355262547,-2.555710210788417,0.0],[-79.37507122000581,-2.555379828570075,0.0],[-79.37441436139345,-2.555551272092924,0.0],[-79.37427190258725,-2.555321385454178,0.0],[-79.37444487920986,-2.553986445743642,0.0],[-79.37474481265882,-2.553857618399226,0.0],[-79.3750306337045,-2.553599563308029,0.0],[-79.37498811522258,-2.553355448209531,0.0],[-79.37477424638544,-2.553154184008484,0.0],[-79.3745320256778,-2.552794962855209,0.0],[-79.37404722459078,-2.552363649819989,0.0],[-79.37417620337767,-2.551961830134823,0.0],[-79.37447613531714,-2.551833001659105,0.0],[-79.37528629690853,-2.55165511456951,0.0],[-79.37538042569902,-2.551870096507625,0.0],[-79.37563292406628,-2.552184605123693,0.0],[-79.37561393140174,-2.552445821141256,0.0],[-79.3760236077404,-2.553583355864049,0.0],[-79.37626636657274,-2.553594762412645,0.0],[-79.37676132823309,-2.553514037570017,0.0],[-79.37767537230086,-2.553151497372708,0.0],[-79.37786113052906,-2.553003381718379,0.0],[-79.37811855155402,-2.552625652032362,0.0],[-79.37841373822222,-2.552487245725517,0.0],[-79.37874210103014,-2.552454163102005,0.0],[-79.37936533186588,-2.552536307489342,0.0],[-79.37997936528625,-2.552364805762635,0.0],[-79.38019375675194,-2.552149728769751,0.0],[-79.38019876695284,-2.551948743139318,0.0],[-79.38006572106846,-2.551800223141763,0.0],[-79.37962813431768,-2.551660888191072,0.0],[-79.3789526162937,-2.551535608255068,0.0],[-79.37861000891579,-2.551544745736837,0.0],[-79.37792937291131,-2.551706590852789,0.0],[-79.37782970751343,-2.551500686915705,0.0],[-79.37772192364625,-2.550902066957738,0.0],[-79.37843172613351,-2.55066078255998,0.0],[-79.37917417726914,-2.550532514013244,0.0],[-79.37963113232867,-2.550403882630472,0.0],[-79.37983146409617,-2.550016508009227,0.0],[-79.37967496269492,-2.549599968593229,0.0],[-79.38077587906234,-2.549099188780655,0.0],[-79.38107747337087,-2.549403950320336,0.0],[-79.38148196121305,-2.549375748521476,0.0],[-79.38171028661948,-2.549433463438171,0.0],[-79.38191968038554,-2.54940980073654,0.0],[-79.38209584976205,-2.549319098021337,0.0],[-79.3822078013042,-2.549332532538036,0.0],[-79.38176894033,-2.550400629439588,0.0],[-79.38100468395308,-2.552744575096967,0.0],[-79.38047682336136,-2.5533023343456,0.0],[-79.38035571393894,-2.553146910202681,0.0],[-79.37984192824814,-2.553060119839544,0.0],[-79.37919954370273,-2.553073662243808,0.0],[-79.37869983521786,-2.553144811480661,0.0],[-79.3785424516357,-2.553431743952575,0.0],[-79.37848493838239,-2.553761872723692,0.0],[-79.37798750456858,-2.55403812367795,0.0]],[[-79.38021290320106,-2.558060298725783,0.0],[-79.38066965139922,-2.558099163203904,0.0],[-79.38082153290094,-2.55840562978654,0.0],[-79.38051656896394,-2.558749801341213,0.0],[-79.38135268519291,-2.559822821673549,0.0],[-79.38156226597008,-2.559650808746199,0.0],[-79.38215186343658,-2.559996115716266,0.0],[-79.38220836356673,-2.560474741348346,0.0],[-79.38298718087425,-2.560858899716672,0.0],[-79.38285414877922,-2.561547520640751,0.0],[-79.38156075254753,-2.56085676206177,0.0],[-79.3800586188435,-2.559668042030412,0.0],[-79.37924076916475,-2.559207592027648,0.0],[-79.37906995183101,-2.55882453275624,0.0],[-79.37928022955342,-2.558097399279635,0.0],[-79.37937515544058,-2.558288940975348,0.0],[-79.37977482812268,-2.558308590022501,0.0],[-79.38021290320106,-2.558060298725783,0.0]]]}},{"type":"Feature","properties":{"fcode":"EA010","descr":"PRODUCTO AGRICOLA, RESULTADO DE UN CONJUNTO DE TECNICAS Y CONOCIMIENTOS PARA CULTIVAR LA TIERRA","DPA_DESPRO":"GUAYAS","DPA_DESCAN":"NARANJAL","niv1":"TIERRA AGROPECUARIA","niv2":"CULTIVO","niv3":"CULTIVO PERMANENTE","niv4":"FRUTALES","niv5":"CACAO","LULC_std":"Cacao","label":"Cacao","cbt":"CACAO","uso":"AGRICOLA","tmp":"CULTIVO PERMANENTE","nal":"NO APLICABLE","tap":"GRANDE","rie":"SI","spr":"EMPRESARIAL","sce":647.972286935,"usce":"HECTAREAS","txt":"EL CODIGO (fcode) Y LA DESCRIPCION (descr) CORRESPONDEN A LOS OBJETOS GEOGRAFICOS DEL ATRIBUTO niv2","simbologia":"CPuc: Cacao","SHAPE_Leng":2319.92660438,"SHAPE_Area":178587.513346,"apt_uso":1,"area_ha":17.8587513346,"cob_suelo":"Cacao","cacao_sys":"Cacao_alim_con50b","observ":null,"cob_label":"Cacao próximo a cultivos alimentarios","grupo_c":"Cultivos mixtos de cacao"},"geometry":{"type":"MultiPolygon","coordinates":[[[[-79.50242734996837,-2.567083415095938,0.0],[-79.50352961483898,-2.568208047252575,0.0],[-79.50352571718174,-2.561340741104243,0.0],[-79.502563102942,-2.55988487937353,0.0],[-79.50222967477245,-2.560063222315781,0.0],[-79.50257548624825,-2.560569875515248,0.0],[-79.50246308818228,-2.560757778002309,0.0],[-79.50240664933408,-2.561058567810712,0.0],[-79.5020884379303,-2.561377853415564,0.0],[-79.50206950110572,-2.561584669078881,0.0],[-79.50227494386705,-2.561772945031063,0.0],[-79.5024055789013,-2.561979937418877,0.0],[-79.5009269354973,-2.563369655733637,0.0],[-79.50045825246092,-2.564459704856942,0.0],[-79.50004072113887,-2.564830295549328,0.0],[-79.50242734996837,-2.567083415095938,0.0]]],[[[-79.50317427530936,-2.558197826733666,0.0],[-79.50352397197734,-2.558277207613292,0.0],[-79.50352384816814,-2.558060559331948,0.0],[-79.50318301140715,-2.558128198798949,0.0],[-79.50317427530936,-2.558197826733666,0.0]]]]}},{"type":"Feature","properties":{"fcode":"EA010","descr":"PRODUCTO AGRICOLA, RESULTADO DE UN CONJUNTO DE TECNICAS Y CONOCIMIENTOS PARA CULTIVAR LA TIERRA","DPA_DESPRO":"GUAYAS","DPA_DESCAN":"NARANJAL","niv1":"TIERRA AGROPECUARIA","niv2":"CULTIVO","niv3":"CULTIVO PERMANENTE","niv4":"FRUTALES","niv5":"CACAO","LULC_std":"Cacao","label":"Cacao","cbt":"CACAO","uso":"AGRICOLA","tmp":"CULTIVO PERMANENTE","nal":"NO APLICABLE","tap":"MEDIANA","rie":"SI","spr":"MERCANTIL","sce":284.127357595,"usce":"HECTAREAS","txt":"EL CODIGO (fcode) Y LA DESCRIPCION (descr) CORRESPONDEN A LOS OBJETOS GEOGRAFICOS DEL ATRIBUTO niv2","simbologia":"CPuc: Cacao","SHAPE_Leng":20935.7688989,"SHAPE_Area":2841273.57595,"apt_uso":1,"area_ha":284.127357595,"cob_suelo":"Cacao","cacao_sys":"Cacao_alim_con50b","observ":null,"cob_label":"Cacao próximo a cultivos alimentarios","grupo_c":"Cultivos mixtos de cacao"},"geometry":{"type":"Polygon","coordinates":[[[-79.45420227843263,-2.595460308178926,0.0],[-79.45437134253692,-2.596646561405577,0.0],[-79.45374606759341,-2.596717241456138,0.0],[-79.45374580706687,-2.596931471244698,0.0],[-79.4542700354423,-2.596878507772369,0.0],[-79.45441836483737,-2.596782868087805,0.0],[-79.45472537680178,-2.596783245502003,0.0],[-79.45539274805279,-2.59644336463032,0.0],[-79.45562595187631,-2.596198772155585,0.0],[-79.4560388822276,-2.59615669183383,0.0],[-79.45640907774455,-2.596433965473671,0.0],[-79.45713495417208,-2.596574347678338,0.0],[-79.45702008559039,-2.59711977715453,0.0],[-79.45753327275575,-2.597732977959113,0.0],[-79.45776150022189,-2.597886400143139,0.0],[-79.45777069282619,-2.598154411191014,0.0],[-79.45731381874194,-2.598192136523356,0.0],[-79.45716143800657,-2.598278091984728,0.0],[-79.45706603364977,-2.598469403039,0.0],[-79.45704721207366,-2.598809245550805,0.0],[-79.4563282407636,-2.598741528292325,0.0],[-79.45604214719707,-2.598771925731461,0.0],[-79.45554720438398,-2.598991036294715,0.0],[-79.45545325390525,-2.59892416825303,0.0],[-79.45514625426486,-2.598913143420683,0.0],[-79.45492386972029,-2.598966104589288,0.0],[-79.45461662317132,-2.599157370753445,0.0],[-79.45425663837743,-2.59918886876186,0.0],[-79.45418280385177,-2.598965192811902,0.0],[-79.4543638780609,-2.598060428843776,0.0],[-79.45439618204726,-2.597613299272008,0.0],[-79.4541955665279,-2.597176529653409,0.0],[-79.45354978244508,-2.597175735302562,0.0],[-79.4528191625873,-2.597291951862372,0.0],[-79.45237453792565,-2.597280757185821,0.0],[-79.45183407535762,-2.597727261272099,0.0],[-79.4515269079333,-2.597854644792282,0.0],[-79.45151608741915,-2.598046276220219,0.0],[-79.45163235851517,-2.598195475138561,0.0],[-79.45158968790267,-2.598461594685979,0.0],[-79.45117715976076,-2.598173620446853,0.0],[-79.4512899847872,-2.597514025975868,0.0],[-79.45110469442731,-2.597575887026957,0.0],[-79.4508276436043,-2.598408368452769,0.0],[-79.44987384766497,-2.598583851022098,0.0],[-79.44963726768611,-2.59857274359425,0.0],[-79.44924685065574,-2.598789391719617,0.0],[-79.44922067040487,-2.598972093089721,0.0],[-79.4495805198393,-2.59899264440612,0.0],[-79.4510477694476,-2.599619070953256,0.0],[-79.45136721334218,-2.600035876482883,0.0],[-79.45219530095362,-2.600055825381072,0.0],[-79.45256573337461,-2.600152735209787,0.0],[-79.45116348337018,-2.600369568875896,0.0],[-79.4498424035868,-2.600938162125036,0.0],[-79.44974685189855,-2.601249114881936,0.0],[-79.44936581209004,-2.601535784943301,0.0],[-79.44924652502384,-2.601798850224528,0.0],[-79.44862743700922,-2.602180940701226,0.0],[-79.44843685837118,-2.602372132435264,0.0],[-79.44829377734608,-2.60263516802683,0.0],[-79.44786520904968,-2.602873922211285,0.0],[-79.44707989161151,-2.602992592275571,0.0],[-79.4457466289638,-2.603684864300642,0.0],[-79.44523585777442,-2.603779630327468,0.0],[-79.44521394362529,-2.604324477738102,0.0],[-79.44735294425907,-2.604107862177421,0.0],[-79.4474714556554,-2.604478899564615,0.0],[-79.44750655868118,-2.604957511813823,0.0],[-79.44719688171793,-2.605256233579415,0.0],[-79.44649498510367,-2.60525536359062,0.0],[-79.44589967285478,-2.605649443791024,0.0],[-79.44560212670457,-2.605756752727335,0.0],[-79.44530472733939,-2.605744419678856,0.0],[-79.44506672362594,-2.60580394533274,0.0],[-79.44478082419707,-2.606114659563946,0.0],[-79.44479180988861,-2.606856453460507,0.0],[-79.44485082261413,-2.607239380904974,0.0],[-79.44506472623372,-2.607431073656981,0.0],[-79.44536208098327,-2.607479299925202,0.0],[-79.44549287600306,-2.607386194653576,0.0],[-79.44564893763187,-2.60775250898595,0.0],[-79.44581538625846,-2.607836464743578,0.0],[-79.44635074725956,-2.607825165265041,0.0],[-79.44664830872051,-2.607705892393941,0.0],[-79.4469102240624,-2.607550683094791,0.0],[-79.44705329177181,-2.607299612205387,0.0],[-79.44739851207612,-2.607120577056809,0.0],[-79.44744583458136,-2.607335991122275,0.0],[-79.44739770526131,-2.607778607151098,0.0],[-79.44743260306936,-2.608424718398463,0.0],[-79.4472604705639,-2.60866421696863,0.0],[-79.44730156681861,-2.611083185562232,0.0],[-79.44733669970795,-2.611115283114996,0.0],[-79.4475736506522,-2.61120674786156,0.0],[-79.44795199062013,-2.611120125827678,0.0],[-79.44835662944024,-2.610780942970571,0.0],[-79.44852930945825,-2.610691442739686,0.0],[-79.44895294363427,-2.610628480787754,0.0],[-79.44951131745871,-2.610322045645043,0.0],[-79.44965068233302,-2.609753182206199,0.0],[-79.44995825816288,-2.608998676850745,0.0],[-79.45045750918945,-2.608430891837218,0.0],[-79.45104614261653,-2.608013886847978,0.0],[-79.45230925925138,-2.607572030903935,0.0],[-79.46823134392386,-2.607572979697327,0.0],[-79.46825875249725,-2.607473042131524,0.0],[-79.4684371857346,-2.607487617586148,0.0],[-79.46860261192619,-2.606904949623599,0.0],[-79.46789553445932,-2.606794219659229,0.0],[-79.46721026510937,-2.606750118810611,0.0],[-79.46708162616154,-2.60736911440219,0.0],[-79.4647471917498,-2.607126968724566,0.0],[-79.46488966829604,-2.606665668160782,0.0],[-79.46522759024845,-2.606709282181189,0.0],[-79.46560952132018,-2.606670268240948,0.0],[-79.46610538305038,-2.606861108150119,0.0],[-79.46630532080898,-2.60680033490005,0.0],[-79.46639053605999,-2.606677188401181,0.0],[-79.46698358547202,-2.606729951148077,0.0],[-79.46703254664233,-2.60620451917582,0.0],[-79.46681167665625,-2.605866855205028,0.0],[-79.46692291112137,-2.605375257535561,0.0],[-79.46713701608593,-2.605404233795783,0.0],[-79.46728406565033,-2.604808590156253,0.0],[-79.4679227393309,-2.604956532230089,0.0],[-79.46771087897268,-2.606022295535439,0.0],[-79.47010155037253,-2.606491826262588,0.0],[-79.47002224276557,-2.607144982373478,0.0],[-79.4688580292684,-2.606945064994819,0.0],[-79.46861030687634,-2.607572899760651,0.0],[-79.47003282861618,-2.60757259866404,0.0],[-79.47010504227384,-2.607319693066096,0.0],[-79.4702563544885,-2.607126429069999,0.0],[-79.47039497989256,-2.607013368867919,0.0],[-79.4706361832837,-2.606924852429449,0.0],[-79.47082156355346,-2.606743567832678,0.0],[-79.47089264754419,-2.606560606175913,0.0],[-79.470804631476,-2.606317850999839,0.0],[-79.47038662112838,-2.605966980159678,0.0],[-79.4703315869272,-2.60581669388927,0.0],[-79.47037018028786,-2.605506806773325,0.0],[-79.47047533229683,-2.605335824662248,0.0],[-79.47047511923704,-2.60525231308306,0.0],[-79.47060259101028,-2.605176919591296,0.0],[-79.47071729271366,-2.604767879387991,0.0],[-79.47091746065318,-2.6045168724235,0.0],[-79.47098152851228,-2.60435375437216,0.0],[-79.47021593391882,-2.604202550560485,0.0],[-79.46849420868372,-2.603444302558334,0.0],[-79.46702872496701,-2.603289368197016,0.0],[-79.46649603253289,-2.603059002403034,0.0],[-79.46621081445443,-2.602809795980195,0.0],[-79.46626861249528,-2.602235578674522,0.0],[-79.46678417762588,-2.600886633307629,0.0],[-79.46743107697607,-2.601117138844381,0.0],[-79.46836271709905,-2.601241183445961,0.0],[-79.4685060942314,-2.601482166364558,0.0],[-79.46883902764931,-2.601626145263124,0.0],[-79.46937197461658,-2.601645937762921,0.0],[-79.46968710723408,-2.600765747357793,0.0],[-79.46893978779117,-2.600499462132176,0.0],[-79.46905980727763,-2.600066265141732,0.0],[-79.46924100555934,-2.599760199367711,0.0],[-79.46949808768166,-2.599664797618644,0.0],[-79.4696312723527,-2.599712817494816,0.0],[-79.47010717264253,-2.599684683022336,0.0],[-79.47034524385586,-2.599570115584477,0.0],[-79.47065924533642,-2.599627926756957,0.0],[-79.47055366810501,-2.600364801478929,0.0],[-79.47063913932818,-2.600518049503805,0.0],[-79.4706765279528,-2.601082812176667,0.0],[-79.47088554027556,-2.601389353771098,0.0],[-79.47126596803452,-2.601609961111424,0.0],[-79.47166561532735,-2.601677448757824,0.0],[-79.47196044520027,-2.601850094137768,0.0],[-79.4722269306477,-2.601850418646362,0.0],[-79.47234131127742,-2.601706985961176,0.0],[-79.4723891631347,-2.601486899345703,0.0],[-79.47238002536581,-2.601171029917382,0.0],[-79.47225682957828,-2.600730591140532,0.0],[-79.47238105037749,-2.600319168770924,0.0],[-79.47235272875771,-2.600127704731432,0.0],[-79.47215338355308,-2.599696745429666,0.0],[-79.47208713119628,-2.599390377711344,0.0],[-79.47195794938638,-2.598251842072507,0.0],[-79.47204112418542,-2.597814882199668,0.0],[-79.4721739575224,-2.597469974511997,0.0],[-79.4720733783214,-2.59713935550327,0.0],[-79.47089346429479,-2.596025371225957,0.0],[-79.47042503138334,-2.595760806618009,0.0],[-79.47021569394258,-2.595125837923622,0.0],[-79.47024035311188,-2.594949075146674,0.0],[-79.46991546224454,-2.594675416998433,0.0],[-79.46961100179819,-2.595025563535107,0.0],[-79.46953724249941,-2.595222449762013,0.0],[-79.4694023704792,-2.595161556835608,0.0],[-79.4693516898976,-2.595049063326954,0.0],[-79.46910766178001,-2.595140756309208,0.0],[-79.4690869288482,-2.595478027464692,0.0],[-79.469168026184,-2.595651884619276,0.0],[-79.46867834627923,-2.596613664883922,0.0],[-79.46744278371801,-2.596961292104948,0.0],[-79.46716888742816,-2.597188280632052,0.0],[-79.4670379816901,-2.597224013437987,0.0],[-79.46689529495441,-2.597164017759583,0.0],[-79.46658338942721,-2.596668277821998,0.0],[-79.46622716986204,-2.596542402901913,0.0],[-79.4659755595809,-2.596347266415921,0.0],[-79.46578218564467,-2.596054784874587,0.0],[-79.46558953935892,-2.595158331671493,0.0],[-79.46554208387694,-2.594650691743188,0.0],[-79.46548345085084,-2.59470951575339,0.0],[-79.46538875269717,-2.594451412888891,0.0],[-79.46499247410239,-2.594379381636373,0.0],[-79.46435197144548,-2.594562579569809,0.0],[-79.46363896905285,-2.594817236373715,0.0],[-79.46305932425118,-2.59510016296461,0.0],[-79.46223073820067,-2.595381468929893,0.0],[-79.46012399151559,-2.59568683920998,0.0],[-79.45947613502895,-2.595647716180442,0.0],[-79.45903401842585,-2.595662506598054,0.0],[-79.45883996549807,-2.595712615913949,0.0],[-79.45857098156928,-2.595519825107598,0.0],[-79.45974414597421,-2.595109863909484,0.0],[-79.45994308676303,-2.595095817290174,0.0],[-79.45990075388609,-2.594852840397538,0.0],[-79.45956506790198,-2.594800275347288,0.0],[-79.45935211093253,-2.594683117415765,0.0],[-79.45915871466137,-2.594410119042459,0.0],[-79.45902395581251,-2.593708568400427,0.0],[-79.45884073038093,-2.593087102351262,0.0],[-79.45855307920559,-2.593064973507468,0.0],[-79.4583252368137,-2.593479096123273,0.0],[-79.45781318370051,-2.593921450723766,0.0],[-79.4556950163181,-2.594790526019204,0.0],[-79.45420227843263,-2.595460308178926,0.0]],[[-79.46308956588112,-2.5988017783982,0.0],[-79.46307869698383,-2.598981200782967,0.0],[-79.46288777332408,-2.598968378101653,0.0],[-79.46262210643233,-2.599026555904135,0.0],[-79.46269375308617,-2.599055479949046,0.0],[-79.46268877498498,-2.599237330547335,0.0],[-79.46259822175928,-2.599352077653465,0.0],[-79.46220800156281,-2.599361171028407,0.0],[-79.46211275980387,-2.599418482914409,0.0],[-79.46151328707147,-2.59932203483446,0.0],[-79.46126580930847,-2.599345659888092,0.0],[-79.46076153896094,-2.599225399008019,0.0],[-79.46061866429083,-2.599320938617979,0.0],[-79.46058521443446,-2.599435754552179,0.0],[-79.46062304621572,-2.599632015459765,0.0],[-79.46032781369374,-2.599794367788552,0.0],[-79.46023245494388,-2.599947393111488,0.0],[-79.46043666995168,-2.600282644092887,0.0],[-79.4604174610672,-2.600426191691117,0.0],[-79.45999289196696,-2.601291885498699,0.0],[-79.45974519325858,-2.60149736707203,0.0],[-79.45918825853575,-2.601640254426791,0.0],[-79.45895509708356,-2.601630396997957,0.0],[-79.45871202838181,-2.601941169640435,0.0],[-79.45860216657638,-2.602280820044671,0.0],[-79.4584686455571,-2.60251036960986,0.0],[-79.4584779540749,-2.602682667175509,0.0],[-79.45814837435911,-2.603696831954397,0.0],[-79.45801011150958,-2.60391201930214,0.0],[-79.45793487704829,-2.604147622832917,0.0],[-79.45804760353546,-2.604387047072519,0.0],[-79.45805328936704,-2.60460241054517,0.0],[-79.45795905017653,-2.604885582078278,0.0],[-79.4584955278197,-2.604862579752531,0.0],[-79.45862559115385,-2.605520774331288,0.0],[-79.4588099775357,-2.605529974452979,0.0],[-79.45883037122954,-2.605617967207637,0.0],[-79.45798100285727,-2.605837034748075,0.0],[-79.45732835664447,-2.605931944912381,0.0],[-79.4572421312987,-2.605910901339511,0.0],[-79.45705813017807,-2.605584648921073,0.0],[-79.45707011856987,-2.605509886524737,0.0],[-79.45721307070654,-2.605351536736341,0.0],[-79.45710606720719,-2.60514625638318,0.0],[-79.4567201628686,-2.605181036768507,0.0],[-79.4564938937793,-2.605372186222652,0.0],[-79.45631542261756,-2.605389912947373,0.0],[-79.45604129071299,-2.605808324550019,0.0],[-79.4560527789336,-2.606143337652655,0.0],[-79.45595732122747,-2.606376522833675,0.0],[-79.45600476209177,-2.606496223985347,0.0],[-79.45635531133871,-2.606825673474806,0.0],[-79.4564145757885,-2.607005210563698,0.0],[-79.45630134665728,-2.607178552517716,0.0],[-79.45621800493163,-2.607232289517099,0.0],[-79.45608119343657,-2.607232120830375,0.0],[-79.4559503379217,-2.607225976978246,0.0],[-79.45562334827244,-2.60708798448494,0.0],[-79.45543320662523,-2.606920250992804,0.0],[-79.45532635565118,-2.606740655249751,0.0],[-79.45529081221567,-2.60662096877978,0.0],[-79.45545779459448,-2.606268229297025,0.0],[-79.45528584093783,-2.605819357387094,0.0],[-79.45528831847422,-2.605690967001106,0.0],[-79.45477496387802,-2.605653739917625,0.0],[-79.4545182010708,-2.605485924315712,0.0],[-79.45446576886621,-2.605557645011544,0.0],[-79.45451315703886,-2.60572041727663,0.0],[-79.45478413067661,-2.605940893650737,0.0],[-79.45488844157168,-2.606252092910646,0.0],[-79.45483090013754,-2.606610949742825,0.0],[-79.45465471933817,-2.606701660811606,0.0],[-79.45432166702723,-2.606658178585449,0.0],[-79.45396942718064,-2.606739100240953,0.0],[-79.45335487274293,-2.607303053901784,0.0],[-79.45320828737233,-2.60733002327689,0.0],[-79.45314631044481,-2.606632798392758,0.0],[-79.45322270015876,-2.606427107833963,0.0],[-79.45334182403919,-2.606298041343463,0.0],[-79.45367993875259,-2.606092673846953,0.0],[-79.4537895981585,-2.605920523471349,0.0],[-79.45392358171483,-2.605312904982925,0.0],[-79.45403799316131,-2.605145547282586,0.0],[-79.45434768989836,-2.604830072795213,0.0],[-79.45460477349047,-2.604734675390775,0.0],[-79.45508579815768,-2.604405055617614,0.0],[-79.45505298896525,-2.60399344409426,0.0],[-79.45511058808354,-2.603586730873888,0.0],[-79.45525838560651,-2.603357198783899,0.0],[-79.45545814389519,-2.603443587331602,0.0],[-79.45553916263599,-2.603343187551516,0.0],[-79.45555368909777,-2.603137420300713,0.0],[-79.45566345272708,-2.602879127080256,0.0],[-79.45581180097473,-2.602682354060774,0.0],[-79.45574231246779,-2.602206713977947,0.0],[-79.45579624804127,-2.601877763035512,0.0],[-79.45590965098889,-2.601560849334779,0.0],[-79.45648135569769,-2.601011196420207,0.0],[-79.45668970584813,-2.600879845819666,0.0],[-79.4568562726914,-2.600868086520615,0.0],[-79.45691016692828,-2.600913053621244,0.0],[-79.45714192895115,-2.600754777434618,0.0],[-79.45757534321746,-2.600599887173205,0.0],[-79.45763948755965,-2.600523281455874,0.0],[-79.45782131001656,-2.600464541704988,0.0],[-79.4577128126452,-2.600292580868183,0.0],[-79.4585698381954,-2.59990479421877,0.0],[-79.4590220892448,-2.599755795756529,0.0],[-79.45917113761453,-2.59947481811317,0.0],[-79.4595163780637,-2.599277831618519,0.0],[-79.45966522314674,-2.59916435288843,0.0],[-79.45968346714429,-2.599085287704941,0.0],[-79.46016555425452,-2.599071002579063,0.0],[-79.46031785290033,-2.599110768792411,0.0],[-79.46052622054349,-2.59888520461989,0.0],[-79.46037773470981,-2.598722322825589,0.0],[-79.4603399444053,-2.598492562664916,0.0],[-79.46060705289638,-2.597976031959692,0.0],[-79.46075943359793,-2.597890075918453,0.0],[-79.46095925009163,-2.597928606915022,0.0],[-79.46204359165262,-2.598446791986458,0.0],[-79.46253839642819,-2.598523969266205,0.0],[-79.46278585767801,-2.598514700058788,0.0],[-79.46286222664156,-2.59832336476849,0.0],[-79.46271011307722,-2.598189178463697,0.0],[-79.4626440474937,-2.5977296685364,0.0],[-79.46267271498665,-2.597633989699529,0.0],[-79.4628917285135,-2.597538542771604,0.0],[-79.46345321148674,-2.597567943639655,0.0],[-79.4636148777018,-2.59767342726159,0.0],[-79.46384321156106,-2.597740706972339,0.0],[-79.46400509762076,-2.597664333133355,0.0],[-79.46417633870887,-2.597721970981336,0.0],[-79.46430960363698,-2.597702990681084,0.0],[-79.46450394035026,-2.597805578525175,0.0],[-79.4643493199116,-2.597967164511064,0.0],[-79.46417323480578,-2.598287215299667,0.0],[-79.46379943522304,-2.598651198117313,0.0],[-79.46348079492547,-2.598805419639247,0.0],[-79.46308956588112,-2.5988017783982,0.0]]]}},{"type":"Feature","properties":{"fcode":"EA010","descr":"PRODUCTO AGRICOLA, RESULTADO DE UN CONJUNTO DE TECNICAS Y CONOCIMIENTOS PARA CULTIVAR LA TIERRA","DPA_DESPRO":"GUAYAS","DPA_DESCAN":"NARANJAL","niv1":"TIERRA AGROPECUARIA","niv2":"CULTIVO","niv3":"CULTIVO PERMANENTE","niv4":"FRUTALES","niv5":"CACAO","LULC_std":"Cacao","label":"Cacao","cbt":"CACAO","uso":"AGRICOLA","tmp":"CULTIVO PERMANENTE","nal":"NO APLICABLE","tap":"MEDIANA","rie":"SI","spr":"MERCANTIL","sce":598.081917734,"usce":"HECTAREAS","txt":"EL CODIGO (fcode) Y LA DESCRIPCION (descr) CORRESPONDEN A LOS OBJETOS GEOGRAFICOS DEL ATRIBUTO niv2","simbologia":"CPuc: Cacao","SHAPE_Leng":26327.8169623,"SHAPE_Area":5980819.17734,"apt_uso":1,"area_ha":598.081917734,"cob_suelo":"Cacao","cacao_sys":"Cacao_alim_con50b","observ":null,"cob_label":"Cacao próximo a cultivos alimentarios","grupo_c":"Cultivos mixtos de cacao"},"geometry":{"type":"Polygon","coordinates":[[[-79.48365985883504,-2.530428278561451,0.0],[-79.48330005063139,-2.530922750914256,0.0],[-79.48228837288971,-2.531812906698482,0.0],[-79.48196080236956,-2.532719504661644,0.0],[-79.48192941475034,-2.532969670433217,0.0],[-79.48172690335873,-2.533297822256007,0.0],[-79.48136898242782,-2.533563240145762,0.0],[-79.4812364334796,-2.533586779055445,0.0],[-79.4813431029129,-2.53411232116967,0.0],[-79.48157519689936,-2.534878053018661,0.0],[-79.48017852508295,-2.536647663727035,0.0],[-79.4803227423239,-2.537419290663902,0.0],[-79.4807153200895,-2.538545664146554,0.0],[-79.47779122255999,-2.539397062203427,0.0],[-79.4774716936103,-2.540115526287162,0.0],[-79.4759133329388,-2.53942591025139,0.0],[-79.4753664187122,-2.53928770724085,0.0],[-79.47476463596425,-2.539286993394562,0.0],[-79.47439094094423,-2.54015454194084,0.0],[-79.47503019466589,-2.540452195447066,0.0],[-79.47505923284133,-2.540589274269333,0.0],[-79.47515032412629,-2.540433067219765,0.0],[-79.47592801144864,-2.540610652093006,0.0],[-79.47580195220351,-2.541115249450889,0.0],[-79.47577644462295,-2.541468542726822,0.0],[-79.4761015927316,-2.542377474135014,0.0],[-79.47557389023294,-2.543007781704327,0.0],[-79.47467073536235,-2.542830047616225,0.0],[-79.47391739908292,-2.543283424629268,0.0],[-79.47316539798614,-2.542601122038735,0.0],[-79.47437660006486,-2.54175987754512,0.0],[-79.47380328224621,-2.541052123969149,0.0],[-79.47424349386371,-2.540496847430098,0.0],[-79.47386076681876,-2.540303818075021,0.0],[-79.4742448176733,-2.539368908639412,0.0],[-79.473893226554,-2.539235829683257,0.0],[-79.47410383822523,-2.538142986497678,0.0],[-79.47500167236714,-2.538214420355073,0.0],[-79.47535153837559,-2.538191378847442,0.0],[-79.47531702201827,-2.537792579583276,0.0],[-79.47538800614551,-2.536924777129576,0.0],[-79.47668230965323,-2.537008407230804,0.0],[-79.4767326299604,-2.536435008408713,0.0],[-79.4760844229426,-2.536045317804343,0.0],[-79.47597217750962,-2.536045184910195,0.0],[-79.47577131353307,-2.536145896273602,0.0],[-79.4754368545323,-2.536044550974363,0.0],[-79.47556486040598,-2.535809186116579,0.0],[-79.4746900705957,-2.5354388992435,0.0],[-79.4735592318521,-2.534774387618449,0.0],[-79.47274715781029,-2.53558756058758,0.0],[-79.47274706800687,-2.535664131674756,0.0],[-79.47291579042938,-2.535836619284778,0.0],[-79.47311525945065,-2.536164679708496,0.0],[-79.47307215304501,-2.53640391607297,0.0],[-79.47294356461161,-2.53649852020749,0.0],[-79.47241051845343,-2.536584988607568,0.0],[-79.4717921505704,-2.536555194553478,0.0],[-79.47186514662128,-2.537052876208596,0.0],[-79.47263924934366,-2.537120534902982,0.0],[-79.47269437862396,-2.537265201654767,0.0],[-79.47274905006154,-2.537799182083921,0.0],[-79.47271566227677,-2.537977113979005,0.0],[-79.47211861925257,-2.53782067961148,0.0],[-79.47202980174633,-2.53810977753833,0.0],[-79.47184152506068,-2.538332018628365,0.0],[-79.47156490112499,-2.538442921815736,0.0],[-79.47141007769736,-2.538431614689939,0.0],[-79.47028069299917,-2.539167859836723,0.0],[-79.46900882368934,-2.539570142248754,0.0],[-79.4680977142398,-2.540087966363056,0.0],[-79.46797492522393,-2.540326028876642,0.0],[-79.46823160629998,-2.540908733561863,0.0],[-79.46743797445927,-2.541705025855128,0.0],[-79.4671023248831,-2.542613167065594,0.0],[-79.46763733170599,-2.542883003468864,0.0],[-79.46862284668025,-2.542931380474233,0.0],[-79.46881165686004,-2.543637308089474,0.0],[-79.46826723914602,-2.544246568611392,0.0],[-79.46826700084459,-2.544448466905588,0.0],[-79.46893599853038,-2.544583863955998,0.0],[-79.46880137332214,-2.545256697497306,0.0],[-79.4670616049467,-2.545220969637782,0.0],[-79.46682684404566,-2.545691784176177,0.0],[-79.4661243483247,-2.545589995324118,0.0],[-79.46603396630113,-2.545529238930724,0.0],[-79.46633029229787,-2.54473217505523,0.0],[-79.46676512413684,-2.544833643618484,0.0],[-79.46693364589851,-2.543790704991303,0.0],[-79.46779969687495,-2.543840132289673,0.0],[-79.46763673599224,-2.543387748612193,0.0],[-79.46663320147883,-2.543218301239404,0.0],[-79.46609835402057,-2.542813866336078,0.0],[-79.46563509410205,-2.542720480895126,0.0],[-79.46560130840848,-2.542272774693377,0.0],[-79.46742934710988,-2.540155026694951,0.0],[-79.46789593312819,-2.540031623846077,0.0],[-79.4678373288938,-2.539972542586725,0.0],[-79.46803847106563,-2.539636285351485,0.0],[-79.46716964273406,-2.53872670859959,0.0],[-79.46650084679325,-2.538423063962317,0.0],[-79.46449068634927,-2.540708841397281,0.0],[-79.46392095118335,-2.541515751270002,0.0],[-79.46351953888546,-2.541447972065083,0.0],[-79.4628185012635,-2.542025079088291,0.0],[-79.46440607341499,-2.543914554038509,0.0],[-79.46378797897488,-2.544325337621634,0.0],[-79.46311890386544,-2.544257236356168,0.0],[-79.46238311220034,-2.544020808139288,0.0],[-79.46188184507308,-2.543515462879086,0.0],[-79.46114589575778,-2.543413632156267,0.0],[-79.46114549686357,-2.543750127585808,0.0],[-79.46124551063707,-2.544053093933854,0.0],[-79.46091053462199,-2.5443891880493,0.0],[-79.46037513125344,-2.544455844624679,0.0],[-79.46006110797838,-2.544350151100307,0.0],[-79.45956910295779,-2.543495864766133,0.0],[-79.45869936347772,-2.543360221806631,0.0],[-79.45833088997462,-2.543729924181435,0.0],[-79.45809692602276,-2.543527746378595,0.0],[-79.45827706459728,-2.543046372315865,0.0],[-79.45824916695699,-2.542991076360153,0.0],[-79.45741062557897,-2.543508412520963,0.0],[-79.45614221079899,-2.544048143149019,0.0],[-79.45572817908376,-2.544051345661686,0.0],[-79.45538303483383,-2.544267402634807,0.0],[-79.4552732357799,-2.544553495245601,0.0],[-79.45506128332661,-2.544832125712312,0.0],[-79.45506845820807,-2.544934881383011,0.0],[-79.45492234763142,-2.545074148683477,0.0],[-79.45493678475535,-2.54520626938938,0.0],[-79.45477802710894,-2.545508063550022,0.0],[-79.45400356401692,-2.54553225570506,0.0],[-79.45365026865096,-2.545517472656278,0.0],[-79.4531706498893,-2.545372939991378,0.0],[-79.45289769009482,-2.545146868663983,0.0],[-79.45257667715886,-2.544995732581032,0.0],[-79.45228410342851,-2.544937951293052,0.0],[-79.45174522658881,-2.544926532480138,0.0],[-79.45112741590665,-2.545266767560919,0.0],[-79.45086328473748,-2.545298752164121,0.0],[-79.45050662764554,-2.54511167953087,0.0],[-79.45043536650954,-2.545014682610143,0.0],[-79.45035711059879,-2.544799232184067,0.0],[-79.45035385877915,-2.54453362221423,0.0],[-79.4501865661343,-2.544163725207811,0.0],[-79.45004037815119,-2.544052280751413,0.0],[-79.44972637131674,-2.544012419733391,0.0],[-79.44930862394972,-2.544177021501158,0.0],[-79.4491692987451,-2.54429529900384,0.0],[-79.44867952833225,-2.545001792621751,0.0],[-79.44858308003617,-2.545077050689039,0.0],[-79.44846172764935,-2.545087671456958,0.0],[-79.44809375889292,-2.545406671627804,0.0],[-79.44748564646333,-2.546343822406132,0.0],[-79.44719292493704,-2.546444558601687,0.0],[-79.44677670194216,-2.546678904689872,0.0],[-79.44567373010379,-2.547587611448803,0.0],[-79.44544741892976,-2.54766806634304,0.0],[-79.44525752335254,-2.547807277681343,0.0],[-79.44502365955587,-2.548100556310177,0.0],[-79.44476771990797,-2.548547928715587,0.0],[-79.44476743798184,-2.548782777567327,0.0],[-79.44482567470887,-2.548900273787877,0.0],[-79.4447859769274,-2.549029539148125,0.0],[-79.44485131455951,-2.548985492925662,0.0],[-79.44585181124279,-2.551678655931775,0.0],[-79.44675504621425,-2.551780700701144,0.0],[-79.44678761505197,-2.552521025949269,0.0],[-79.4474562043602,-2.552992929486565,0.0],[-79.44752255406922,-2.553464100860039,0.0],[-79.44722098997696,-2.553833878435778,0.0],[-79.44671940662484,-2.553597723251346,0.0],[-79.44641707398887,-2.554606836406072,0.0],[-79.44628227246962,-2.555414257426344,0.0],[-79.44651607244694,-2.555751035294199,0.0],[-79.44688515939593,-2.55487660046299,0.0],[-79.44708558188843,-2.555146039145571,0.0],[-79.44658217850102,-2.556424102758357,0.0],[-79.44728394241322,-2.557131592830704,0.0],[-79.44902581086403,-2.555417591380072,0.0],[-79.44895925806053,-2.555114665960354,0.0],[-79.44959548102925,-2.554677995342939,0.0],[-79.44949543085484,-2.554408678560516,0.0],[-79.4497968738049,-2.554139849740976,0.0],[-79.45013133058012,-2.554241203327307,0.0],[-79.45200694156888,-2.552594653816286,0.0],[-79.4523757015888,-2.551989409897638,0.0],[-79.4527439783543,-2.551787958334246,0.0],[-79.4538460744068,-2.553471764377013,0.0],[-79.45314269539479,-2.554110253302146,0.0],[-79.45294227019247,-2.553840815793228,0.0],[-79.45237304396338,-2.554210270544286,0.0],[-79.44781643511563,-2.559487696421908,0.0],[-79.44691453018095,-2.558275222164489,0.0],[-79.44651242875081,-2.55877947249964,0.0],[-79.44620871386371,-2.560932661280997,0.0],[-79.44614175679894,-2.560966228915092,0.0],[-79.44490592539144,-2.559214956214887,0.0],[-79.44360763715804,-2.560385104599894,0.0],[-79.44601735700384,-2.563482627375769,0.0],[-79.4484699336505,-2.560437129896712,0.0],[-79.45088114727044,-2.557587567886554,0.0],[-79.45144403383995,-2.558244662214898,0.0],[-79.44900718774682,-2.56140591969752,0.0],[-79.44663918399105,-2.564281939861489,0.0],[-79.44895628241362,-2.567260393118424,0.0],[-79.45059033617773,-2.565150195999445,0.0],[-79.45114347142045,-2.565553093101056,0.0],[-79.45107578495815,-2.565484854693313,0.0],[-79.4519844742631,-2.564703441186136,0.0],[-79.45405689858609,-2.566727469359868,0.0],[-79.4630806224406,-2.557478546259465,0.0],[-79.47087050591794,-2.549727848401806,0.0],[-79.47315527668043,-2.54769017708883,0.0],[-79.47308467032855,-2.547623778459605,0.0],[-79.47523871849529,-2.545448379876306,0.0],[-79.47525418891288,-2.545481323573282,0.0],[-79.48388610570228,-2.537112916373208,0.0],[-79.48219062312668,-2.53564227896638,0.0],[-79.48490999485911,-2.532559648103328,0.0],[-79.48495182090093,-2.532246944305534,0.0],[-79.48594902069362,-2.530434145322829,0.0],[-79.48617723291594,-2.530288461555243,0.0],[-79.48619095282373,-2.530197471799915,0.0],[-79.48593170575172,-2.530118913737531,0.0],[-79.48551783270811,-2.530187343013701,0.0],[-79.48428441158666,-2.530216523730098,0.0],[-79.48365985883504,-2.530428278561451,0.0]],[[-79.44888922223438,-2.563497590836922,0.0],[-79.44957822901482,-2.562615687038253,0.0],[-79.45021803972283,-2.56318905566395,0.0],[-79.4495764773146,-2.564071016756093,0.0],[-79.44888922223438,-2.563497590836922,0.0]]]}},{"type":"Feature","properties":{"fcode":"EA010","descr":"PRODUCTO AGRICOLA, RESULTADO DE UN CONJUNTO DE TECNICAS Y CONOCIMIENTOS PARA CULTIVAR LA TIERRA","DPA_DESPRO":"GUAYAS","DPA_DESCAN":"NARANJAL","niv1":"TIERRA AGROPECUARIA","niv2":"CULTIVO","niv3":"CULTIVO PERMANENTE","niv4":"FRUTALES","niv5":"CACAO","LULC_std":"Cacao","label":"Cacao","cbt":"CACAO","uso":"AGRICOLA","tmp":"CULTIVO PERMANENTE","nal":"NO APLICABLE","tap":"PEQUENA","rie":"SI","spr":"MERCANTIL","sce":166.094398774,"usce":"HECTAREAS","txt":"EL CODIGO (fcode) Y LA DESCRIPCION (descr) CORRESPONDEN A LOS OBJETOS GEOGRAFICOS DEL ATRIBUTO niv2","simbologia":"CPuc: Cacao","SHAPE_Leng":12562.7253297,"SHAPE_Area":1660943.98774,"apt_uso":1,"area_ha":166.094398774,"cob_suelo":"Cacao","cacao_sys":"Cacao_alim_sin50b","observ":null,"cob_label":"Cacao sin cultivos alimentarios próximos","grupo_c":"Cultivos de exclusivos de cacao"},"geometry":{"type":"Polygon","coordinates":[[[-79.47638072671789,-2.600251751973881,0.0],[-79.47606967271469,-2.601582096600551,0.0],[-79.47695892112169,-2.601996291728931,0.0],[-79.4768051372541,-2.602099127963172,0.0],[-79.47678608908167,-2.602288385064262,0.0],[-79.47686066843124,-2.602875244338336,0.0],[-79.47685063748219,-2.603182629618428,0.0],[-79.47722300371817,-2.603258800260865,0.0],[-79.47748426371149,-2.602762223492658,0.0],[-79.47748734794858,-2.602882346827604,0.0],[-79.4782450616623,-2.602818876348967,0.0],[-79.47830526474823,-2.602883361147023,0.0],[-79.4794781328876,-2.602475294228711,0.0],[-79.47905418805621,-2.604375947437267,0.0],[-79.47837222501508,-2.603559513970734,0.0],[-79.47837724496809,-2.603494908433941,0.0],[-79.47810067754638,-2.603438334943236,0.0],[-79.47802670528793,-2.603595925112382,0.0],[-79.47770658955676,-2.603728032723209,0.0],[-79.4775181979434,-2.603879228206686,0.0],[-79.47746602956279,-2.603979094787099,0.0],[-79.47624388457007,-2.603359364969228,0.0],[-79.47599413110996,-2.603517744233744,0.0],[-79.47589966231934,-2.603820477645197,0.0],[-79.47574898082425,-2.603914934530839,0.0],[-79.47569979400325,-2.604004617512139,0.0],[-79.47614626713249,-2.604461536295013,0.0],[-79.47780625493579,-2.60568705797394,0.0],[-79.47826597552063,-2.606229651534012,0.0],[-79.47837668971655,-2.606174147788832,0.0],[-79.47865374105109,-2.606195919317116,0.0],[-79.47939683782327,-2.606676905150592,0.0],[-79.4793969699776,-2.606566817149007,0.0],[-79.47952379968262,-2.60631248391929,0.0],[-79.47938927935483,-2.606014616095742,0.0],[-79.47944271783464,-2.605886072631781,0.0],[-79.47972003929948,-2.605682778715604,0.0],[-79.4803275539811,-2.605619210651283,0.0],[-79.48045565458023,-2.605437170499013,0.0],[-79.48062622771883,-2.605383790211735,0.0],[-79.48110564284505,-2.605502262806772,0.0],[-79.48113749755036,-2.605598757745375,0.0],[-79.48148190829853,-2.605897993338844,0.0],[-79.48155348959402,-2.606187431038329,0.0],[-79.48203862968627,-2.606360291672046,0.0],[-79.48209655614036,-2.606344478898873,0.0],[-79.48212713205956,-2.60653035179898,0.0],[-79.48271303250654,-2.606752123782264,0.0],[-79.48334153403762,-2.607209041020881,0.0],[-79.48369337608374,-2.607070140574498,0.0],[-79.48384255962452,-2.607081039197829,0.0],[-79.48427978460423,-2.606835067455924,0.0],[-79.48443302784935,-2.606637512320843,0.0],[-79.48450513132015,-2.606650464595232,0.0],[-79.48488020813744,-2.607133202657175,0.0],[-79.48486407913131,-2.607253754429029,0.0],[-79.48469618524572,-2.607293740778993,0.0],[-79.48442898287085,-2.607210176840625,0.0],[-79.48432191218346,-2.607253098261045,0.0],[-79.48427910478635,-2.607403090128245,0.0],[-79.4841403348107,-2.607595835941183,0.0],[-79.48404438508067,-2.60762787191271,0.0],[-79.4839165410325,-2.607595564954033,0.0],[-79.48390664896444,-2.607535428792689,0.0],[-79.48389264818965,-2.607798144022075,0.0],[-79.48400667536131,-2.607941843074664,0.0],[-79.48440630479841,-2.607999750656386,0.0],[-79.48464967522344,-2.608126999793498,0.0],[-79.48463101301068,-2.608322535508139,0.0],[-79.48452092226587,-2.608421909208606,0.0],[-79.48453919724119,-2.608793200074706,0.0],[-79.4844175355974,-2.608830767823738,0.0],[-79.48441662602808,-2.608959508288461,0.0],[-79.48409901512989,-2.608959073816111,0.0],[-79.4839247862101,-2.609395595092233,0.0],[-79.48358149084869,-2.609976599132781,0.0],[-79.48337299462612,-2.610498973481781,0.0],[-79.48486409264487,-2.610548388292565,0.0],[-79.48468518890726,-2.610822039611988,0.0],[-79.48470369253013,-2.611087055293293,0.0],[-79.48496721135916,-2.611068446546428,0.0],[-79.48538145816401,-2.610917523669296,0.0],[-79.48572042031115,-2.610766509429618,0.0],[-79.48588999201054,-2.61061528996584,0.0],[-79.48587200916133,-2.609914928482214,0.0],[-79.48567342911406,-2.607874770991766,0.0],[-79.48550303199846,-2.606926308661594,0.0],[-79.4853602571355,-2.606660815236909,0.0],[-79.48556231546772,-2.6059522213286,0.0],[-79.48541003178127,-2.603691988528468,0.0],[-79.48506272541506,-2.603656635761586,0.0],[-79.48461601879396,-2.603457230264026,0.0],[-79.4841317641917,-2.603398195699566,0.0],[-79.48368651142646,-2.603124893650408,0.0],[-79.48347385168204,-2.602754455910921,0.0],[-79.483611394493,-2.6011375196416,0.0],[-79.48378600704795,-2.60092341609834,0.0],[-79.48405739132828,-2.600787361101177,0.0],[-79.48407774141764,-2.599969092510544,0.0],[-79.48400097067653,-2.599365022107085,0.0],[-79.48407867154799,-2.599189767228594,0.0],[-79.48436935784882,-2.599112185386224,0.0],[-79.48448575841701,-2.598975943012985,0.0],[-79.48460350560292,-2.597709679107238,0.0],[-79.48509056900417,-2.597442372580203,0.0],[-79.48513461054245,-2.597062503503798,0.0],[-79.48513534171383,-2.596448784176137,0.0],[-79.48496263996064,-2.595060399320881,0.0],[-79.48493448455835,-2.594300522037475,0.0],[-79.48473200898289,-2.593511209385314,0.0],[-79.48466087396267,-2.592239846576052,0.0],[-79.48453029839973,-2.592078953047407,0.0],[-79.48408526131959,-2.592491623018184,0.0],[-79.48401632468143,-2.591841153196934,0.0],[-79.4844660271955,-2.591290588322677,0.0],[-79.48400416285708,-2.587054795430302,0.0],[-79.48375301072413,-2.587301960633396,0.0],[-79.48374422600953,-2.58716474879624,0.0],[-79.48294050124493,-2.58723575540133,0.0],[-79.4822713181252,-2.587234950656301,0.0],[-79.48244693814387,-2.589613088640803,0.0],[-79.48133136372893,-2.589836078383964,0.0],[-79.4808855089388,-2.589611208015361,0.0],[-79.48026072311967,-2.589789921052701,0.0],[-79.47771589696885,-2.591402042329829,0.0],[-79.47731438691824,-2.591401557083864,0.0],[-79.47633350724469,-2.590906840725593,0.0],[-79.47553027336026,-2.591085334839467,0.0],[-79.47437517111581,-2.592899767066766,0.0],[-79.47470214009292,-2.594012317703925,0.0],[-79.47589839152154,-2.597143999188075,0.0],[-79.47698970187426,-2.599640787082917,0.0],[-79.47698914847942,-2.600102247125782,0.0],[-79.47638072671789,-2.600251751973881,0.0]],[[-79.4821012096027,-2.594474196155462,0.0],[-79.48216752172577,-2.594466957788155,0.0],[-79.48185621121738,-2.594894917858616,0.0],[-79.4818679926671,-2.595066717261227,0.0],[-79.48128319112271,-2.596137642430325,0.0],[-79.48143174369612,-2.596587639452576,0.0],[-79.48137107628459,-2.596594828458958,0.0],[-79.48141679752366,-2.597440850344106,0.0],[-79.48057889591111,-2.597516436201436,0.0],[-79.4804093266241,-2.597856481283823,0.0],[-79.47994862292829,-2.597893488077819,0.0],[-79.4798913425858,-2.598264955388494,0.0],[-79.47967783206686,-2.598579074144691,0.0],[-79.4794930121289,-2.598664589666804,0.0],[-79.47946426921052,-2.598936062788353,0.0],[-79.47935044331865,-2.599064533333401,0.0],[-79.47917988406265,-2.599107196878625,0.0],[-79.47909437346723,-2.599321440842092,0.0],[-79.47888117053489,-2.599378342089068,0.0],[-79.47865386084787,-2.599349487035414,0.0],[-79.4786542715703,-2.599006530873833,0.0],[-79.47892448146563,-2.598806800041055,0.0],[-79.47894363739685,-2.597847022511809,0.0],[-79.4772557880275,-2.597838197250157,0.0],[-79.4772451050234,-2.597494838069799,0.0],[-79.4774816040567,-2.597434221896116,0.0],[-79.47785825337957,-2.596469076168384,0.0],[-79.4784353842785,-2.596350130786714,0.0],[-79.47898859347175,-2.596338835898767,0.0],[-79.47947050076853,-2.596261649975697,0.0],[-79.47950009222747,-2.596387312325107,0.0],[-79.48033879958807,-2.596394307947184,0.0],[-79.48039916205883,-2.595658570689304,0.0],[-79.48073233331547,-2.595605133723925,0.0],[-79.48073810963403,-2.595748713228477,0.0],[-79.48084469420455,-2.595824889750297,0.0],[-79.48102411483981,-2.595739003640793,0.0],[-79.4810969720149,-2.595563743198974,0.0],[-79.48108310538606,-2.595008456560144,0.0],[-79.48119953456462,-2.594847860980316,0.0],[-79.48135935963185,-2.594848053915018,0.0],[-79.48165442386158,-2.595096192375119,0.0],[-79.4821012096027,-2.594474196155462,0.0]],[[-79.48328938576651,-2.597918119619875,0.0],[-79.4831746714629,-2.596231820116806,0.0],[-79.48350505637421,-2.596210783548853,0.0],[-79.48327261430906,-2.594527868274499,0.0],[-79.48341972637967,-2.593885103042889,0.0],[-79.48369745286449,-2.593727343075711,0.0],[-79.48412108522706,-2.593664364811531,0.0],[-79.48428256838221,-2.593695728366547,0.0],[-79.48422388403922,-2.597806675306376,0.0],[-79.48328938576651,-2.597918119619875,0.0]]]}},{"type":"Feature","properties":{"fcode":"EA010","descr":"PRODUCTO AGRICOLA, RESULTADO DE UN CONJUNTO DE TECNICAS Y CONOCIMIENTOS PARA CULTIVAR LA TIERRA","DPA_DESPRO":"GUAYAS","DPA_DESCAN":"NARANJAL","niv1":"TIERRA AGROPECUARIA","niv2":"CULTIVO","niv3":"CULTIVO PERMANENTE","niv4":"FRUTALES","niv5":"CACAO","LULC_std":"Cacao","label":"Cacao","cbt":"CACAO","uso":"AGRICOLA","tmp":"CULTIVO PERMANENTE","nal":"NO APLICABLE","tap":"PEQUENA","rie":"SI","spr":"MERCANTIL","sce":162.025501803,"usce":"HECTAREAS","txt":"EL CODIGO (fcode) Y LA DESCRIPCION (descr) CORRESPONDEN A LOS OBJETOS GEOGRAFICOS DEL ATRIBUTO niv2","simbologia":"CPuc: Cacao","SHAPE_Leng":9997.15832889,"SHAPE_Area":1620255.01803,"apt_uso":1,"area_ha":162.025501803,"cob_suelo":"Cacao","cacao_sys":"Cacao_alim_con50b","observ":null,"cob_label":"Cacao próximo a cultivos alimentarios","grupo_c":"Cultivos mixtos de cacao"},"geometry":{"type":"Polygon","coordinates":[[[-79.44724311570619,-2.580122589708144,0.0],[-79.44782462625085,-2.581074335784112,0.0],[-79.44675359467254,-2.58208025746116,0.0],[-79.44658931466864,-2.582667554145909,0.0],[-79.44590594307626,-2.583622696343804,0.0],[-79.44631421821104,-2.584158398422014,0.0],[-79.4463485038621,-2.584171072961094,0.0],[-79.44803913533437,-2.582309588040561,0.0],[-79.4481895760388,-2.582410720547101,0.0],[-79.44816356341397,-2.583167799561528,0.0],[-79.44823863060503,-2.58334455066346,0.0],[-79.44881585085962,-2.583294785873614,0.0],[-79.4489661998696,-2.583471629403886,0.0],[-79.44899046733886,-2.584153059300619,0.0],[-79.44934107708245,-2.584733942058413,0.0],[-79.44974245813115,-2.584835382695521,0.0],[-79.44979230849336,-2.585113051740002,0.0],[-79.44961631419191,-2.585390442604133,0.0],[-79.44984176149127,-2.585718800758927,0.0],[-79.45044361841795,-2.586047621952063,0.0],[-79.45084502983703,-2.586123825815262,0.0],[-79.45102184915477,-2.586352383731293,0.0],[-79.44918321220358,-2.582939295141167,0.0],[-79.45111952111992,-2.581151947445897,0.0],[-79.45386703691908,-2.586217071124467,0.0],[-79.45284227731719,-2.586779816257365,0.0],[-79.45277560413125,-2.586666731967694,0.0],[-79.45182673419563,-2.587391023567534,0.0],[-79.45207282904205,-2.587614318944887,0.0],[-79.45247430342057,-2.587640048256924,0.0],[-79.45272530460954,-2.587589882559767,0.0],[-79.45290084012458,-2.587691045875145,0.0],[-79.45325215691702,-2.58769147666262,0.0],[-79.45365399766646,-2.587414360932294,0.0],[-79.45392926789332,-2.588045626346835,0.0],[-79.45440614636227,-2.587970499453676,0.0],[-79.45455573230883,-2.588778269514029,0.0],[-79.45442998638985,-2.589005249337394,0.0],[-79.4548056024649,-2.589661874816061,0.0],[-79.45468914977856,-2.589731950165759,0.0],[-79.45482533824021,-2.589712554402542,0.0],[-79.45519236109791,-2.590261715189362,0.0],[-79.45529745840565,-2.590114122059236,0.0],[-79.45564911165957,-2.589836945294915,0.0],[-79.45590063314918,-2.589357747519429,0.0],[-79.45615191086573,-2.589080447480981,0.0],[-79.45695550171843,-2.588601925007705,0.0],[-79.4572820918965,-2.588299478909283,0.0],[-79.45740805003075,-2.587895839033088,0.0],[-79.45773463899148,-2.587593392639549,0.0],[-79.45796060779227,-2.587492720573691,0.0],[-79.45843782294355,-2.587139983320041,0.0],[-79.45889033928529,-2.586459132810811,0.0],[-79.45911633832442,-2.58633322353809,0.0],[-79.45941746730917,-2.586333591114058,0.0],[-79.45961846298704,-2.586131938785113,0.0],[-79.45981973346593,-2.585703153100495,0.0],[-79.46019632722917,-2.585552189416799,0.0],[-79.46079861559939,-2.585527686013149,0.0],[-79.46089920454368,-2.585351148658805,0.0],[-79.46127567662153,-2.585301132810793,0.0],[-79.46210228652355,-2.586353843230046,0.0],[-79.46190159973227,-2.586488043817108,0.0],[-79.46157495072188,-2.586840965761879,0.0],[-79.46127357790857,-2.587042496123103,0.0],[-79.46116583976927,-2.587200999423413,0.0],[-79.4612735170548,-2.587092970722733,0.0],[-79.46202664491913,-2.586841516327276,0.0],[-79.46352246732279,-2.586103168422311,0.0],[-79.46359643928783,-2.586107907909565,0.0],[-79.46288751530149,-2.584792317450541,0.0],[-79.45982647752267,-2.581012537658947,0.0],[-79.45637251435244,-2.576567584664186,0.0],[-79.45481277461984,-2.574649959293736,0.0],[-79.45468905574477,-2.57462104641816,0.0],[-79.45066172529415,-2.569450413447794,0.0],[-79.44911077353515,-2.573652568636008,0.0],[-79.45214273641852,-2.577023595777638,0.0],[-79.44724311570619,-2.580122589708144,0.0]],[[-79.45655993392442,-2.584560230136232,0.0],[-79.45648841697368,-2.583765937339223,0.0],[-79.45626613713108,-2.583541845281491,0.0],[-79.45626652332501,-2.583222103616381,0.0],[-79.45601264265812,-2.582838101490397,0.0],[-79.45575849266324,-2.58267792041823,0.0],[-79.4557905174877,-2.582486113578236,0.0],[-79.45601322186863,-2.582358488592184,0.0],[-79.45609615111914,-2.58215071639627,0.0],[-79.45729004881959,-2.584148862227088,0.0],[-79.45728706271362,-2.584185832515808,0.0],[-79.45655993392442,-2.584560230136232,0.0]]]}},{"type":"Feature","properties":{"fcode":"EA010","descr":"PRODUCTO AGRICOLA, RESULTADO DE UN CONJUNTO DE TECNICAS Y CONOCIMIENTOS PARA CULTIVAR LA TIERRA","DPA_DESPRO":"GUAYAS","DPA_DESCAN":"NARANJAL","niv1":"TIERRA AGROPECUARIA","niv2":"CULTIVO","niv3":"CULTIVO PERMANENTE","niv4":"FRUTALES","niv5":"CACAO","LULC_std":"Cacao","label":"Cacao","cbt":"CACAO","uso":"AGRICOLA","tmp":"CULTIVO PERMANENTE","nal":"NO APLICABLE","tap":"PEQUENA","rie":"SI","spr":"MERCANTIL","sce":384.469770921,"usce":"HECTAREAS","txt":"EL CODIGO (fcode) Y LA DESCRIPCION (descr) CORRESPONDEN A LOS OBJETOS GEOGRAFICOS DEL ATRIBUTO niv2","simbologia":"CPuc: Cacao","SHAPE_Leng":25021.1054966,"SHAPE_Area":3844697.70921,"apt_uso":1,"area_ha":384.469770921,"cob_suelo":"Cacao","cacao_sys":"Cacao_alim_con50b","observ":null,"cob_label":"Cacao próximo a cultivos alimentarios","grupo_c":"Cultivos mixtos de cacao"},"geometry":{"type":"Polygon","coordinates":[[[-79.42934184363982,-2.564589798187626,0.0],[-79.4288008478698,-2.565475081460036,0.0],[-79.42864436441468,-2.565632073509811,0.0],[-79.4277630844937,-2.565931064382742,0.0],[-79.4276350873068,-2.566030933307969,0.0],[-79.42732252264608,-2.566016256972517,0.0],[-79.42709492820298,-2.566230318839816,0.0],[-79.42702366015271,-2.566415994008865,0.0],[-79.4270660923628,-2.566573231645165,0.0],[-79.42735008332778,-2.566716478033025,0.0],[-79.42749199150325,-2.566859548720014,0.0],[-79.42764782895264,-2.567231269002126,0.0],[-79.42760810495848,-2.567303696217365,0.0],[-79.42805992425144,-2.567373477285317,0.0],[-79.42807033048649,-2.567490190281533,0.0],[-79.42800682971773,-2.567659857822305,0.0],[-79.42750262347852,-2.568069010439876,0.0],[-79.42746281236633,-2.568275838879619,0.0],[-79.42796829884183,-2.568976664904522,0.0],[-79.42803916299812,-2.56925524208477,0.0],[-79.42750522485103,-2.57081229251068,0.0],[-79.4273831624959,-2.570977757977233,0.0],[-79.42710313470225,-2.571178118235938,0.0],[-79.42700884216923,-2.571368009814055,0.0],[-79.42702192867822,-2.572063125765437,0.0],[-79.42711721321726,-2.57260487181076,0.0],[-79.42723986888149,-2.572825057385341,0.0],[-79.42727017998052,-2.573112956352777,0.0],[-79.42711402827403,-2.573662620492793,0.0],[-79.42717919553102,-2.573904982369094,0.0],[-79.42749164174664,-2.574449801393418,0.0],[-79.42749280759331,-2.575185689852359,0.0],[-79.42777886629494,-2.575983067293951,0.0],[-79.42776477853891,-2.576178303624424,0.0],[-79.42765815188608,-2.576452738497376,0.0],[-79.42766040507034,-2.577108139285528,0.0],[-79.42755061844927,-2.577612461370332,0.0],[-79.42758043715929,-2.577934816362023,0.0],[-79.42770112497006,-2.578293006877692,0.0],[-79.42793738618494,-2.578560813354195,0.0],[-79.42844850699062,-2.578786546074291,0.0],[-79.42857274277294,-2.578891788308284,0.0],[-79.4289514448379,-2.579598572896255,0.0],[-79.42907508479779,-2.579749756512798,0.0],[-79.42955373379695,-2.579837079929795,0.0],[-79.42965581536392,-2.579895990816751,0.0],[-79.42973398273938,-2.580023604319306,0.0],[-79.42975306742775,-2.580299823309694,0.0],[-79.42989659618067,-2.580658313778666,0.0],[-79.43028597385303,-2.581086806699707,0.0],[-79.43170883783502,-2.580545678441283,0.0],[-79.43155989874913,-2.580341867854807,0.0],[-79.43160270849086,-2.580191880905415,0.0],[-79.43131552493382,-2.579752120776517,0.0],[-79.43173139842486,-2.579527575749351,0.0],[-79.43156129088699,-2.579205850347128,0.0],[-79.43191312042536,-2.579066963063698,0.0],[-79.4320620604669,-2.579270773557036,0.0],[-79.43274451256268,-2.578907235835482,0.0],[-79.4333932511687,-2.579969038597514,0.0],[-79.43345376892671,-2.579950282650641,0.0],[-79.4326177891109,-2.581041291104614,0.0],[-79.43259603616708,-2.5810106592422,0.0],[-79.43128179535881,-2.581188178934196,0.0],[-79.4305576935921,-2.58138582292252,0.0],[-79.43078573592285,-2.5816367727156,0.0],[-79.43084066106228,-2.581798542726582,0.0],[-79.43082716906856,-2.581947837925423,0.0],[-79.43037549047293,-2.582687160735201,0.0],[-79.43140483872925,-2.582715328295811,0.0],[-79.43261577100544,-2.583961610203388,0.0],[-79.43317060937389,-2.584673600147239,0.0],[-79.4320586877305,-2.585078679065242,0.0],[-79.43198262856133,-2.585307217410252,0.0],[-79.4323360135698,-2.585510885166969,0.0],[-79.43198163034204,-2.586120132830967,0.0],[-79.43187819462612,-2.586113398798848,0.0],[-79.4316899317592,-2.586695417480996,0.0],[-79.42925274915272,-2.586802637548395,0.0],[-79.42917414980273,-2.586934014600182,0.0],[-79.42909203024577,-2.587507061707556,0.0],[-79.42909135413012,-2.588056213588611,0.0],[-79.42851120992056,-2.588347035949561,0.0],[-79.42849999553759,-2.588535981391792,0.0],[-79.4283717494192,-2.588835902023797,0.0],[-79.4283609207655,-2.588975211493884,0.0],[-79.42845674972867,-2.589039633566109,0.0],[-79.42855286832776,-2.588868279066053,0.0],[-79.42866724876282,-2.588845133127853,0.0],[-79.42868793314273,-2.588800700892529,0.0],[-79.42996837478505,-2.588780284261334,0.0],[-79.43032054733047,-2.588362318389539,0.0],[-79.4301516534714,-2.587964628374576,0.0],[-79.43152162042064,-2.587988318794042,0.0],[-79.43163891857294,-2.589122472446961,0.0],[-79.43153149264347,-2.589123805708725,0.0],[-79.43153019120741,-2.590181731441604,0.0],[-79.43194610531589,-2.590182248973612,0.0],[-79.43216671298721,-2.590749495802115,0.0],[-79.43278778573645,-2.590750268422481,0.0],[-79.432957239064,-2.590693696267782,0.0],[-79.43281626024925,-2.590551564142262,0.0],[-79.43273177842555,-2.590381110382449,0.0],[-79.43273193551482,-2.590253348832766,0.0],[-79.43295800696312,-2.590069085285303,0.0],[-79.43291580003451,-2.589955467003526,0.0],[-79.43279344931761,-2.589883485015565,0.0],[-79.43283630788615,-2.589499880443083,0.0],[-79.43313948631622,-2.589449450487675,0.0],[-79.43312857665545,-2.589103987895467,0.0],[-79.43280526766544,-2.588010515915027,0.0],[-79.43276236993485,-2.588000973025224,0.0],[-79.43306551766491,-2.587975945784037,0.0],[-79.43336844616304,-2.588128744302287,0.0],[-79.43464337524424,-2.591194517364442,0.0],[-79.43452684657471,-2.591291886724206,0.0],[-79.43449512570488,-2.591249241332052,0.0],[-79.43415639320592,-2.59122042934649,0.0],[-79.43380331841327,-2.591376143279269,0.0],[-79.43371840016579,-2.59156058242765,0.0],[-79.4336194885247,-2.591645633364235,0.0],[-79.43339360870557,-2.591673744364681,0.0],[-79.43346364430158,-2.592113898839729,0.0],[-79.4332941732674,-2.592184666891792,0.0],[-79.43318158254107,-2.591914807326835,0.0],[-79.4322923875678,-2.591856917963523,0.0],[-79.43230618862701,-2.592112458573194,0.0],[-79.43294118550406,-2.592269401608741,0.0],[-79.43312431801635,-2.592567739963547,0.0],[-79.43313804840385,-2.592880062581832,0.0],[-79.4346202447823,-2.592810927400198,0.0],[-79.4349718020283,-2.593890240597112,0.0],[-79.43511359443272,-2.593900603786127,0.0],[-79.43510110575393,-2.59401238521823,0.0],[-79.43495037918018,-2.594144691343256,0.0],[-79.43468672982405,-2.594276856966603,0.0],[-79.43446079120439,-2.594352286479832,0.0],[-79.43419737467617,-2.594295175786873,0.0],[-79.43412176681785,-2.594560068717175,0.0],[-79.4344412255946,-2.594957945927511,0.0],[-79.43432813976264,-2.595090298710478,0.0],[-79.43419632661474,-2.595146917579961,0.0],[-79.43395161396411,-2.595184468234955,0.0],[-79.43380116674744,-2.595089642721215,0.0],[-79.43359404845934,-2.595165095390398,0.0],[-79.43351844033629,-2.595429988172755,0.0],[-79.43341081082554,-2.595520910989906,0.0],[-79.43358262816798,-2.595689275200949,0.0],[-79.43383829505522,-2.595506097050417,0.0],[-79.43412053221228,-2.595563231392373,0.0],[-79.4341956044153,-2.595733673653512,0.0],[-79.43404441141014,-2.596244531759084,0.0],[-79.43422572583673,-2.596435640165093,0.0],[-79.43451522894415,-2.596423611640094,0.0],[-79.43481155925565,-2.596498508244101,0.0],[-79.435086494842,-2.596754373332527,0.0],[-79.4354146638189,-2.596765428998677,0.0],[-79.43596420717027,-2.597543329788055,0.0],[-79.43613382761193,-2.597351898409811,0.0],[-79.4364502081213,-2.597872115014342,0.0],[-79.43658338492004,-2.597705121457156,0.0],[-79.43718613053524,-2.59730839008516,0.0],[-79.43743114634736,-2.59702477961846,0.0],[-79.43779430173346,-2.596723769152795,0.0],[-79.43783972939653,-2.596835842467878,0.0],[-79.4377641682124,-2.597062880682576,0.0],[-79.43778273289215,-2.597271108193652,0.0],[-79.43759382963876,-2.597838703622533,0.0],[-79.43733001631257,-2.598103362994673,0.0],[-79.43736852476229,-2.59820832475985,0.0],[-79.43728234615611,-2.598919040310046,0.0],[-79.4372329976282,-2.598918978914875,0.0],[-79.43711840854016,-2.599230519328907,0.0],[-79.43708897379378,-2.599948332352258,0.0],[-79.43733139686934,-2.600163988458665,0.0],[-79.43741668016487,-2.600465591645833,0.0],[-79.43713084669548,-2.600723661958317,0.0],[-79.43703059845978,-2.600981962349033,0.0],[-79.43702911710875,-2.601548889795212,0.0],[-79.43716077887333,-2.601534868654125,0.0],[-79.43873070168527,-2.601871819129645,0.0],[-79.43911109461341,-2.602111575852943,0.0],[-79.43931343762625,-2.602028078733528,0.0],[-79.43989710138413,-2.601430595825774,0.0],[-79.4403137863955,-2.601179866205543,0.0],[-79.44084939301104,-2.600965176985544,0.0],[-79.44137292608406,-2.600894042293929,0.0],[-79.44183730069234,-2.600559621238811,0.0],[-79.44227817510611,-2.599985887802058,0.0],[-79.44265899449496,-2.599878682283434,0.0],[-79.44321846657968,-2.599604200093846,0.0],[-79.44358752155499,-2.599389301629666,0.0],[-79.44367094322476,-2.599269763026754,0.0],[-79.44351080396567,-2.599212268612212,0.0],[-79.44325366360906,-2.599355520814291,0.0],[-79.44255747112373,-2.599237275777989,0.0],[-79.44224324629674,-2.599366099920279,0.0],[-79.44202882748223,-2.599595545797461,0.0],[-79.44135746140209,-2.59992492428089,0.0],[-79.44121443871693,-2.600140101509882,0.0],[-79.44082906322058,-2.600082195060964,0.0],[-79.44057296364727,-2.599378384046834,0.0],[-79.44055886416974,-2.599234795828442,0.0],[-79.44058760949787,-2.599076904729381,0.0],[-79.44068062239108,-2.598923263488944,0.0],[-79.44099988314804,-2.598539161209035,0.0],[-79.44141650907294,-2.598336286452377,0.0],[-79.44218982372092,-2.59830135350157,0.0],[-79.4425472155737,-2.597895013860517,0.0],[-79.44295193033665,-2.597704088471405,0.0],[-79.44340443531785,-2.597345723126962,0.0],[-79.44392804139373,-2.597214765466239,0.0],[-79.44435665099792,-2.596940119887853,0.0],[-79.44470177973969,-2.596832868920472,0.0],[-79.44493384236586,-2.596662651689395,0.0],[-79.44544678881526,-2.596402712803442,0.0],[-79.44606096209222,-2.596145044770584,0.0],[-79.44717933300443,-2.596069703293777,0.0],[-79.44872151358838,-2.595414759841423,0.0],[-79.44974123485876,-2.594601647541829,0.0],[-79.44925202365239,-2.593709285673174,0.0],[-79.4493097685306,-2.593679177639253,0.0],[-79.44882139297732,-2.593922113723994,0.0],[-79.44815627770815,-2.59318614219769,0.0],[-79.44886708113691,-2.592688396226593,0.0],[-79.44888568037305,-2.592376920683683,0.0],[-79.44859785324098,-2.591866404295848,0.0],[-79.4481265979803,-2.59218152564873,0.0],[-79.44821945198656,-2.591607030395725,0.0],[-79.44849231492127,-2.591300407192639,0.0],[-79.4482373420272,-2.590700054110485,0.0],[-79.44734292316421,-2.591372969394357,0.0],[-79.44634529960443,-2.590308031965668,0.0],[-79.44560092770074,-2.589614857165781,0.0],[-79.44504238375363,-2.590541809547282,0.0],[-79.44393944377462,-2.592130377712003,0.0],[-79.4437985331993,-2.591931462867276,0.0],[-79.44490171541526,-2.590144154280337,0.0],[-79.44349109772308,-2.589390035507321,0.0],[-79.4422592192426,-2.590780350213135,0.0],[-79.44180531688224,-2.590231576218959,0.0],[-79.4422105697986,-2.589576286786809,0.0],[-79.44265229480604,-2.588630252902582,0.0],[-79.4441600638076,-2.586882350611704,0.0],[-79.44419397430327,-2.586512250209146,0.0],[-79.44412750762262,-2.586142026073948,0.0],[-79.44399404297032,-2.58583901779721,0.0],[-79.44390043069761,-2.585757222578447,0.0],[-79.44354818819471,-2.586142423370743,0.0],[-79.44114096055023,-2.589493205284104,0.0],[-79.4400869844014,-2.58849495199947,0.0],[-79.43779986528679,-2.58602885390474,0.0],[-79.43889105147854,-2.585391394969475,0.0],[-79.43925360510576,-2.583251830922808,0.0],[-79.43889611004603,-2.581249785858343,0.0],[-79.4399552715545,-2.580825220020135,0.0],[-79.44092749683884,-2.582242448127881,0.0],[-79.44215359063752,-2.58383033837354,0.0],[-79.4437539483942,-2.582352398624147,0.0],[-79.44387400292953,-2.582121669463183,0.0],[-79.44386330679671,-2.582023767285604,0.0],[-79.44489627594777,-2.579924058586765,0.0],[-79.44238711265162,-2.577166989090472,0.0],[-79.43980762530947,-2.574211094159288,0.0],[-79.43770398527789,-2.575658500908803,0.0],[-79.43804210330312,-2.576188892811974,0.0],[-79.43738274941697,-2.576718053982139,0.0],[-79.43696858908899,-2.576812181455049,0.0],[-79.4364963974615,-2.577246423320475,0.0],[-79.43618264802937,-2.576696095423,0.0],[-79.43685652287517,-2.576111720165426,0.0],[-79.43338105021678,-2.570978037018828,0.0],[-79.43160374421237,-2.568239482524211,0.0],[-79.42934184363982,-2.564589798187626,0.0]],[[-79.43379982457417,-2.586528849188505,0.0],[-79.43395166320691,-2.586300404606237,0.0],[-79.43428041229745,-2.585995967799389,0.0],[-79.43453294659496,-2.58604708874216,0.0],[-79.434532230118,-2.586631372439448,0.0],[-79.43405204723605,-2.586834005862728,0.0],[-79.43405161087209,-2.587189656762329,0.0],[-79.43432912469552,-2.587469441918871,0.0],[-79.43448037043368,-2.587723665619617,0.0],[-79.43503605298487,-2.587749758963417,0.0],[-79.43533870156972,-2.588131189914434,0.0],[-79.43495936958207,-2.58848637089023,0.0],[-79.43450528743655,-2.588003137338813,0.0],[-79.4339495746466,-2.588002447529311,0.0],[-79.43324311472637,-2.587341075359206,0.0],[-79.43307460391613,-2.587340866096319,0.0],[-79.43306076406719,-2.586422662747748,0.0],[-79.43359762295364,-2.586630212799107,0.0],[-79.43379982457417,-2.586528849188505,0.0]],[[-79.43896706511771,-2.594341683932667,0.0],[-79.43899948862395,-2.594338803925341,0.0],[-79.43896880140106,-2.596340368125905,0.0],[-79.43920261555145,-2.596404810314348,0.0],[-79.44179863635891,-2.592749190873631,0.0],[-79.44179309044019,-2.592794925607993,0.0],[-79.44269541552615,-2.593661985480496,0.0],[-79.4434142066431,-2.594557209537568,0.0],[-79.43914639365092,-2.598597715220972,0.0],[-79.43849799094517,-2.597858729828327,0.0],[-79.43812152247366,-2.598182442669984,0.0],[-79.43810631478506,-2.59751754484052,0.0],[-79.43798004429489,-2.596892774534945,0.0],[-79.43781235098406,-2.595515578346186,0.0],[-79.43723468392432,-2.594648919509803,0.0],[-79.43677547660175,-2.59451635277907,0.0],[-79.43676183571007,-2.594584508535587,0.0],[-79.43695207911975,-2.594840267971823,0.0],[-79.43694117920327,-2.595095778416565,0.0],[-79.43676082849572,-2.595404311604668,0.0],[-79.43676064533133,-2.595553366871377,0.0],[-79.43718334825512,-2.596171406885814,0.0],[-79.43724644846634,-2.596512183398155,0.0],[-79.43720376231383,-2.596788947869338,0.0],[-79.43704480753718,-2.596916512252581,0.0],[-79.43685444534562,-2.596756572848779,0.0],[-79.43688672874416,-2.596330740904792,0.0],[-79.43643197912158,-2.59594689051384,0.0],[-79.43607223358771,-2.595786740522659,0.0],[-79.43600932997846,-2.595286262663581,0.0],[-79.43616867704893,-2.594839294421851,0.0],[-79.43650300177008,-2.594394571128924,0.0],[-79.43619068835935,-2.594207554407332,0.0],[-79.4356962848601,-2.594505050750769,0.0],[-79.43537201503425,-2.594192340797817,0.0],[-79.43556996186902,-2.593922868013186,0.0],[-79.43709515175915,-2.593328541822779,0.0],[-79.43725220821871,-2.59331398825635,0.0],[-79.43913131539374,-2.592730050548076,0.0],[-79.43932472424174,-2.594285344509908,0.0],[-79.43896706511771,-2.594341683932667,0.0]]]}},{"type":"Feature","properties":{"fcode":"EA010","descr":"PRODUCTO AGRICOLA, RESULTADO DE UN CONJUNTO DE TECNICAS Y CONOCIMIENTOS PARA CULTIVAR LA TIERRA","DPA_DESPRO":"GUAYAS","DPA_DESCAN":"NARANJAL","niv1":"TIERRA AGROPECUARIA","niv2":"CULTIVO","niv3":"CULTIVO PERMANENTE","niv4":"FRUTALES","niv5":"CACAO","LULC_std":"Cacao","label":"Cacao","cbt":"CACAO","uso":"AGRICOLA","tmp":"CULTIVO PERMANENTE","nal":"NO APLICABLE","tap":"PEQUENA","rie":"SI","spr":"MERCANTIL","sce":6.25046474442,"usce":"HECTAREAS","txt":"EL CODIGO (fcode) Y LA DESCRIPCION (descr) CORRESPONDEN A LOS OBJETOS GEOGRAFICOS DEL ATRIBUTO niv2","simbologia":"CPuc: Cacao","SHAPE_Leng":2082.19304774,"SHAPE_Area":62504.6474442,"apt_uso":1,"area_ha":6.25046474442,"cob_suelo":"Cacao","cacao_sys":"Cacao_alim_sin50b","observ":null,"cob_label":"Cacao sin cultivos alimentarios próximos","grupo_c":"Cultivos de exclusivos de cacao"},"geometry":{"type":"Polygon","coordinates":[[[-79.42810281101686,-2.559879787853571,0.0],[-79.42499773838637,-2.561947585430628,0.0],[-79.42499775461333,-2.563426865149674,0.0],[-79.42533933138466,-2.564018562361818,0.0],[-79.42593621079986,-2.563969930847222,0.0],[-79.4260071135097,-2.563604739478062,0.0],[-79.42612629338778,-2.56342542522539,0.0],[-79.42638821092977,-2.563258252147748,0.0],[-79.4263754985877,-2.563094791264648,0.0],[-79.42682859851193,-2.563067370673235,0.0],[-79.42752833981108,-2.562673875428776,0.0],[-79.42777456801568,-2.561545010707431,0.0],[-79.4277750604857,-2.561141222914099,0.0],[-79.42790104997299,-2.560712352492386,0.0],[-79.42807697899869,-2.560485438258421,0.0],[-79.42820281442401,-2.560182751810074,0.0],[-79.42810281101686,-2.559879787853571,0.0]],[[-79.42618148513807,-2.561910555355179,0.0],[-79.42644978991049,-2.561811516231357,0.0],[-79.42664764198743,-2.56161302134938,0.0],[-79.42670439625128,-2.561371764475773,0.0],[-79.4267892066343,-2.561272499566237,0.0],[-79.42683126879675,-2.56095349381314,0.0],[-79.42725293856773,-2.561200750210559,0.0],[-79.42729424389421,-2.562052541868445,0.0],[-79.42633418561019,-2.562250096535538,0.0],[-79.42635332646176,-2.562273753202846,0.0],[-79.42620929939119,-2.562251286167056,0.0],[-79.42608217807911,-2.562322106875554,0.0],[-79.4258983368973,-2.562605793412161,0.0],[-79.4259828361949,-2.562762050123689,0.0],[-79.42588390955122,-2.562861298337221,0.0],[-79.42561595148491,-2.56267642307137,0.0],[-79.42553153987477,-2.562449187843493,0.0],[-79.42516462065318,-2.562391951596678,0.0],[-79.42506604193287,-2.562207285693984,0.0],[-79.42508027852269,-2.56210793377265,0.0],[-79.42547572189679,-2.561923878444028,0.0],[-79.42618148513807,-2.561910555355179,0.0]]]}},{"type":"Feature","properties":{"fcode":"EA010","descr":"PRODUCTO AGRICOLA, RESULTADO DE UN CONJUNTO DE TECNICAS Y CONOCIMIENTOS PARA CULTIVAR LA TIERRA","DPA_DESPRO":"GUAYAS","DPA_DESCAN":"NARANJAL","niv1":"TIERRA AGROPECUARIA","niv2":"CULTIVO","niv3":"CULTIVO PERMANENTE","niv4":"FRUTALES","niv5":"CACAO","LULC_std":"Cacao","label":"Cacao","cbt":"CACAO","uso":"AGRICOLA","tmp":"CULTIVO PERMANENTE","nal":"NO APLICABLE","tap":"PEQUENA","rie":"SI","spr":"MERCANTIL","sce":1245.08399937,"usce":"HECTAREAS","txt":"EL CODIGO (fcode) Y LA DESCRIPCION (descr) CORRESPONDEN A LOS OBJETOS GEOGRAFICOS DEL ATRIBUTO niv2","simbologia":"CPuc: Cacao","SHAPE_Leng":65362.253188,"SHAPE_Area":12053911.608,"apt_uso":1,"area_ha":1205.3911608,"cob_suelo":"Cacao","cacao_sys":"Cacao_alim_con50b","observ":null,"cob_label":"Cacao próximo a cultivos alimentarios","grupo_c":"Cultivos mixtos de cacao"},"geometry":{"type":"Polygon","coordinates":[[[-79.39361682611647,-2.500964562770571,0.0],[-79.39393759374825,-2.501841102811588,0.0],[-79.39423190199336,-2.501792140491292,0.0],[-79.3948385277993,-2.501821600312312,0.0],[-79.39515954382179,-2.501951205385039,0.0],[-79.39673417321775,-2.502314311564665,0.0],[-79.39663347014105,-2.504342688975682,0.0],[-79.39664781360739,-2.507684957962334,0.0],[-79.39654256891049,-2.508149028402856,0.0],[-79.39649508548887,-2.508191563383308,0.0],[-79.39654978705124,-2.509059493169119,0.0],[-79.39652078333576,-2.509432732364825,0.0],[-79.39629931917203,-2.509604739648554,0.0],[-79.39598544699153,-2.509467963606365,0.0],[-79.39580014978597,-2.509245205966223,0.0],[-79.39541593922156,-2.508261297749538,0.0],[-79.3943113507965,-2.506881691466525,0.0],[-79.39428504863281,-2.506739645027656,0.0],[-79.39416963808578,-2.506688401978078,0.0],[-79.39384885686763,-2.506364979799613,0.0],[-79.39301743829698,-2.505335057990235,0.0],[-79.39263662746754,-2.505466191174334,0.0],[-79.39221970694085,-2.505944233407354,0.0],[-79.39387672744483,-2.50798872207944,0.0],[-79.39376364911168,-2.507956076305973,0.0],[-79.3934660606674,-2.508123204128571,0.0],[-79.39296648506232,-2.508098658957334,0.0],[-79.39281200659066,-2.507966865257742,0.0],[-79.39271712086897,-2.507739434335769,0.0],[-79.39257459605285,-2.507559799554446,0.0],[-79.3918613571627,-2.507164109080304,0.0],[-79.39147869598145,-2.507011970360441,0.0],[-79.39132459752918,-2.507334913747922,0.0],[-79.39006576156422,-2.506671370048846,0.0],[-79.38968407280692,-2.507520334951121,0.0],[-79.38934858157654,-2.508115334891071,0.0],[-79.38940060003894,-2.508483994679959,0.0],[-79.38939996736826,-2.509000266944135,0.0],[-79.38925662517295,-2.509616749558281,0.0],[-79.38867140177182,-2.510117956275229,0.0],[-79.3874300293618,-2.510819121833709,0.0],[-79.38701583931599,-2.511377903283714,0.0],[-79.3866727841683,-2.512065841221875,0.0],[-79.3865750235119,-2.513142811119618,0.0],[-79.38643494411416,-2.51347176413002,0.0],[-79.38542082784528,-2.514358222712185,0.0],[-79.385141993558,-2.51562621092745,0.0],[-79.3848917637778,-2.515972851957329,0.0],[-79.3848025426455,-2.516310546709179,0.0],[-79.38498733554552,-2.517439645915528,0.0],[-79.38488989329613,-2.517492260102248,0.0],[-79.38475854311939,-2.517898868275486,0.0],[-79.38482913425611,-2.518533040865698,0.0],[-79.38463762843674,-2.519489910898471,0.0],[-79.38413690018307,-2.520398540189325,0.0],[-79.38358915017035,-2.52085248294145,0.0],[-79.38346821679016,-2.522455488856258,0.0],[-79.38352857130559,-2.522623964672849,0.0],[-79.38344097826511,-2.522782076267967,0.0],[-79.38354846487942,-2.522974820501449,0.0],[-79.38347673774099,-2.523261863766042,0.0],[-79.38221843163656,-2.52499744176703,0.0],[-79.38213230500013,-2.525384962788619,0.0],[-79.38214547789408,-2.526275089595465,0.0],[-79.38173064491998,-2.526978043720868,0.0],[-79.38175470137332,-2.527615677189897,0.0],[-79.38171560573245,-2.527595358961891,0.0],[-79.38140117386236,-2.527910810646339,0.0],[-79.38075951237794,-2.527350098697692,0.0],[-79.3804599254714,-2.527206157301484,0.0],[-79.38034548018027,-2.527407005857714,0.0],[-79.38028795399912,-2.527751492427271,0.0],[-79.38037276526252,-2.528426358769135,0.0],[-79.38077006668829,-2.528893718603944,0.0],[-79.38068419540262,-2.529654173082751,0.0],[-79.38925249033905,-2.529654176850053,0.0],[-79.38903401490133,-2.52933827876684,0.0],[-79.38946839356177,-2.528219000277021,0.0],[-79.39003960820303,-2.52803307630349,0.0],[-79.39067632362851,-2.528751703381249,0.0],[-79.39096596676467,-2.529244977330328,0.0],[-79.39170250038319,-2.529293751203895,0.0],[-79.39170249975825,-2.524604166388953,0.0],[-79.39436819650845,-2.521059248941641,0.0],[-79.39389671315152,-2.520756439706994,0.0],[-79.3937986914344,-2.520835444870028,0.0],[-79.39346024357884,-2.520679329073288,0.0],[-79.39315581289671,-2.520602383069492,0.0],[-79.39275175504667,-2.520286034119237,0.0],[-79.39271450454615,-2.520129180556338,0.0],[-79.3921764903719,-2.519897689364093,0.0],[-79.39170081879806,-2.519777459754968,0.0],[-79.39171965795074,-2.51993540728447,0.0],[-79.39193702424046,-2.520189333765451,0.0],[-79.39100484317233,-2.520819848012835,0.0],[-79.39010674647089,-2.519842477998169,0.0],[-79.39012034253822,-2.519746253362575,0.0],[-79.38980148074347,-2.519478395722708,0.0],[-79.38973374235924,-2.519424474344853,0.0],[-79.38965520221241,-2.519449500627896,0.0],[-79.38954792692775,-2.519625236385119,0.0],[-79.38942309057693,-2.51957124401463,0.0],[-79.38915136289654,-2.519290519876523,0.0],[-79.3891732313655,-2.519228766033589,0.0],[-79.38937315452091,-2.519164409223311,0.0],[-79.38942678066081,-2.519085514802306,0.0],[-79.38944509923704,-2.518829012640136,0.0],[-79.39034391446657,-2.519090242894349,0.0],[-79.39095757781234,-2.51920585918144,0.0],[-79.39294244043674,-2.519994351551575,0.0],[-79.39413169919709,-2.520230319129384,0.0],[-79.39428864284626,-2.520292726271324,0.0],[-79.39448348247667,-2.520493961293529,0.0],[-79.39473123365158,-2.520576469102244,0.0],[-79.39749566454311,-2.516905880243083,0.0],[-79.39704587628019,-2.514764495459643,0.0],[-79.39682947315929,-2.514096167548183,0.0],[-79.39792559795437,-2.514234382654783,0.0],[-79.39787726424943,-2.514850465645639,0.0],[-79.39775782062094,-2.515251110281792,0.0],[-79.39777548144725,-2.515400681435858,0.0],[-79.40071762458098,-2.515877529966198,0.0],[-79.40075732277224,-2.51569149497864,0.0],[-79.40072423680499,-2.515509601783396,0.0],[-79.40016774509718,-2.515331849318505,0.0],[-79.40018738180969,-2.514161132197363,0.0],[-79.40036904600201,-2.514135702044951,0.0],[-79.40075440634294,-2.514179246942987,0.0],[-79.40107492596913,-2.514128813030692,0.0],[-79.40100521469381,-2.515308953005385,0.0],[-79.40114790754163,-2.515352199895313,0.0],[-79.40156666334416,-2.515324002302053,0.0],[-79.40165682429202,-2.515525107552717,0.0],[-79.4020230881888,-2.515621270789691,0.0],[-79.4022086572273,-2.515621499306912,0.0],[-79.40235623103416,-2.515564253177961,0.0],[-79.40240367917099,-2.515674380492138,0.0],[-79.40230817123418,-2.515956612582615,0.0],[-79.40113264061247,-2.51600962412834,0.0],[-79.40105011027413,-2.517838866597922,0.0],[-79.4116775003701,-2.520628333335843,0.0],[-79.41313098010488,-2.520628423141431,0.0],[-79.41348264355479,-2.520668759162798,0.0],[-79.41381866852626,-2.520619062576106,0.0],[-79.41423028585696,-2.52066608547061,0.0],[-79.41456409199718,-2.520555229076597,0.0],[-79.41498874713034,-2.520570105704121,0.0],[-79.41562412833291,-2.52044167086816,0.0],[-79.41595596300134,-2.520485147260572,0.0],[-79.41622332422905,-2.520463471899035,0.0],[-79.41640937287413,-2.520576628652188,0.0],[-79.41662146944287,-2.520824424191637,0.0],[-79.41705042602905,-2.520922575114678,0.0],[-79.41730140452904,-2.520905783029363,0.0],[-79.4174067989554,-2.520827111575501,0.0],[-79.41758133109636,-2.520819568108715,0.0],[-79.4177421259597,-2.520702085535749,0.0],[-79.4181393196308,-2.520556011614485,0.0],[-79.41861822639436,-2.520466865983422,0.0],[-79.41891707635737,-2.520532770438111,0.0],[-79.41902863040849,-2.520462880473474,0.0],[-79.41916917667385,-2.520262287657911,0.0],[-79.41958511962265,-2.520143632933858,0.0],[-79.41969613181833,-2.520182997183106,0.0],[-79.41988281410922,-2.520399018186667,0.0],[-79.42018948005112,-2.520599191812421,0.0],[-79.42049275537381,-2.520651605471162,0.0],[-79.4204569427804,-2.520756247029016,0.0],[-79.42024300538203,-2.520849904771144,0.0],[-79.42021901031738,-2.520900605168578,0.0],[-79.42028652026501,-2.521016856438074,0.0],[-79.42044347967617,-2.521069689437212,0.0],[-79.42065642684437,-2.521056788822523,0.0],[-79.42162863171376,-2.52078280089267,0.0],[-79.42184350037431,-2.520773759524229,0.0],[-79.42202748858304,-2.520688032440868,0.0],[-79.42217115632843,-2.520507864402405,0.0],[-79.42228593347606,-2.520474994734616,0.0],[-79.42285502555448,-2.520632596104659,0.0],[-79.42354175181862,-2.520550411059802,0.0],[-79.42392911268205,-2.520636435989012,0.0],[-79.42432878563706,-2.520653562765267,0.0],[-79.42462676789378,-2.520588810594313,0.0],[-79.42565036259857,-2.520109020264578,0.0],[-79.42609965612408,-2.519839520947538,0.0],[-79.42682703850726,-2.519297962268459,0.0],[-79.42828735049198,-2.518038777885926,0.0],[-79.42828734210516,-2.518269328649818,0.0],[-79.42842411179303,-2.51789358841293,0.0],[-79.428781255754,-2.517664310642403,0.0],[-79.42898115473706,-2.517621482122241,0.0],[-79.42903587962047,-2.51960280677583,0.0],[-79.42877879514049,-2.519717350341779,0.0],[-79.42828729369735,-2.519595114226202,0.0],[-79.4282870533826,-2.525908555948689,0.0],[-79.43783538365518,-2.520136833381619,0.0],[-79.43980793310384,-2.527029656893214,0.0],[-79.43934409111708,-2.527029096574186,0.0],[-79.43941076362076,-2.527231072096427,0.0],[-79.4391094502718,-2.527398954698249,0.0],[-79.439605602316,-2.528087888415114,0.0],[-79.43957058328742,-2.528753304954868,0.0],[-79.4396845389499,-2.528856703595707,0.0],[-79.44030064519235,-2.528788606968228,0.0],[-79.44064281220291,-2.528846387744299,0.0],[-79.44114478563385,-2.528824047267396,0.0],[-79.44136160324385,-2.528766941675726,0.0],[-79.44129359453906,-2.5283997101336,0.0],[-79.4410998802543,-2.528215901096451,0.0],[-79.44072366746371,-2.528008925822172,0.0],[-79.44054140179233,-2.527790709996116,0.0],[-79.44008555426164,-2.527400063442045,0.0],[-79.43994631581808,-2.527029824026658,0.0],[-79.44014745939819,-2.526693574290203,0.0],[-79.43964813538018,-2.524573067492585,0.0],[-79.44004977802898,-2.524438955425958,0.0],[-79.44058300134267,-2.526189360561525,0.0],[-79.44088331079303,-2.526862708471253,0.0],[-79.44121775973082,-2.526964060553152,0.0],[-79.44155152640514,-2.527637448997181,0.0],[-79.44225440354185,-2.527402751650351,0.0],[-79.44202116831508,-2.526594886717926,0.0],[-79.4418205867725,-2.526460048018479,0.0],[-79.44185452498785,-2.526056297623667,0.0],[-79.44238971597582,-2.526157890459421,0.0],[-79.44265701084154,-2.526461056463468,0.0],[-79.44319264223904,-2.526192507281529,0.0],[-79.44345913576099,-2.52716865862271,0.0],[-79.44392773447458,-2.527000977052657,0.0],[-79.44342788289627,-2.525317908061543,0.0],[-79.44396387495946,-2.524746515475678,0.0],[-79.4438641040604,-2.524241655068547,0.0],[-79.4443996151883,-2.524074052243297,0.0],[-79.44489882825012,-2.526295509512751,0.0],[-79.44526701510809,-2.526161355557232,0.0],[-79.44530079217657,-2.525892201237377,0.0],[-79.44520130186558,-2.525151796114903,0.0],[-79.44523503878732,-2.524916290993156,0.0],[-79.44500235991528,-2.523637335922328,0.0],[-79.44540412262863,-2.523402273129147,0.0],[-79.44563672205274,-2.524748527684568,0.0],[-79.44603824535618,-2.524715361071525,0.0],[-79.44553898997876,-2.522527552576145,0.0],[-79.44567289712373,-2.522460413990308,0.0],[-79.44530674913351,-2.520878454460445,0.0],[-79.44507259086474,-2.520844524044998,0.0],[-79.44477239795377,-2.520070228955217,0.0],[-79.44430512132352,-2.519127486283383,0.0],[-79.44467354521561,-2.51879143514563,0.0],[-79.44440664931973,-2.518151777321634,0.0],[-79.44504264729055,-2.517883345428219,0.0],[-79.44694082445308,-2.525355783754472,0.0],[-79.44717502367689,-2.525356065122932,0.0],[-79.44760972467323,-2.525558483027068,0.0],[-79.44794786070321,-2.525106167797423,0.0],[-79.44774834695127,-2.524864789575661,0.0],[-79.44774891493432,-2.524386221780035,0.0],[-79.4482247479074,-2.52438679288798,0.0],[-79.44851042029029,-2.524207697414604,0.0],[-79.44581346629425,-2.51531416625073,0.0],[-79.44778269737085,-2.514123769445073,0.0],[-79.44778487891843,-2.512278006465501,0.0],[-79.44751558244444,-2.512230571003797,0.0],[-79.4474772505154,-2.512817286590924,0.0],[-79.44719493734429,-2.512835876942284,0.0],[-79.44689431932245,-2.512419106369113,0.0],[-79.44685697134183,-2.512173000567571,0.0],[-79.44691490520371,-2.510923836208826,0.0],[-79.44674577691801,-2.510715428559131,0.0],[-79.44621917055571,-2.510430882677197,0.0],[-79.44599356207611,-2.510241335322711,0.0],[-79.4459185083407,-2.510051967893973,0.0],[-79.44565519421933,-2.509919158804266,0.0],[-79.44556125411788,-2.509786552135933,0.0],[-79.4453918354437,-2.50982420517815,0.0],[-79.44541038636669,-2.510051360578158,0.0],[-79.4453161778695,-2.510145886796458,0.0],[-79.44488331183331,-2.510164296984419,0.0],[-79.44469523046641,-2.510069433238048,0.0],[-79.4441115628519,-2.510295868142616,0.0],[-79.44367983803393,-2.509348964740494,0.0],[-79.44311588596106,-2.5088183129454,0.0],[-79.44311631134019,-2.508458686232326,0.0],[-79.44315408422824,-2.508345164930388,0.0],[-79.44332356971572,-2.508250728928518,0.0],[-79.44407605043655,-2.508497689643178,0.0],[-79.44407564768943,-2.50883838879046,0.0],[-79.44467676918036,-2.509766566963061,0.0],[-79.4448271894951,-2.509880313414787,0.0],[-79.4450153827276,-2.509880538438749,0.0],[-79.44514743116753,-2.509615707582603,0.0],[-79.44548664766776,-2.509218630781994,0.0],[-79.44559985422173,-2.508972705034331,0.0],[-79.44565658041742,-2.508745639551009,0.0],[-79.44563798462619,-2.508556339624151,0.0],[-79.44543119575327,-2.508366814898801,0.0],[-79.44552564988571,-2.508064083404727,0.0],[-79.44582655764533,-2.508234792725349,0.0],[-79.44599602079495,-2.508159283993912,0.0],[-79.44580619605668,-2.509540783818217,0.0],[-79.44620340849653,-2.509659670698886,0.0],[-79.4463210308241,-2.509981951499574,0.0],[-79.44664179435756,-2.510337672104896,0.0],[-79.44689862708523,-2.510434888702149,0.0],[-79.44686688999721,-2.510111816891498,0.0],[-79.44667440874619,-2.509917766487998,0.0],[-79.4466749808151,-2.509433216358359,0.0],[-79.44673944657035,-2.50923947282537,0.0],[-79.44698895698721,-2.509141619187295,0.0],[-79.44702974303266,-2.509296184934933,0.0],[-79.44701014175801,-2.509958633045161,0.0],[-79.44727341150792,-2.510129297468538,0.0],[-79.44736717312249,-2.51041332621274,0.0],[-79.44736678581751,-2.510741407076799,0.0],[-79.44719712851268,-2.510980956695301,0.0],[-79.44719674852841,-2.511302728578814,0.0],[-79.4472904206302,-2.511662468399783,0.0],[-79.44749721017862,-2.51185199331185,0.0],[-79.447785237489,-2.511974371831748,0.0],[-79.44778527536441,-2.511942297100998,0.0],[-79.44810100632884,-2.512000663114879,0.0],[-79.44843314323121,-2.511947882114154,0.0],[-79.44877808167195,-2.511791835935774,0.0],[-79.44937069135938,-2.511075911131074,0.0],[-79.45023372135003,-2.51063976202857,0.0],[-79.45072986228108,-2.510290447825468,0.0],[-79.45168603042309,-2.51055693256075,0.0],[-79.45213276631215,-2.510471276780366,0.0],[-79.45242020573171,-2.510348894155975,0.0],[-79.45248955401966,-2.510255700433718,0.0],[-79.45249222221653,-2.507985936422328,0.0],[-79.45065173082448,-2.50846351345091,0.0],[-79.45006021527378,-2.508826603936933,0.0],[-79.44968380592704,-2.508845083290639,0.0],[-79.44812191195328,-2.508748582306835,0.0],[-79.44810387363216,-2.508086088022246,0.0],[-79.4472758904157,-2.508028317107017,0.0],[-79.44735151643941,-2.50715229651491,0.0],[-79.44702357521177,-2.50690431217529,0.0],[-79.44639472231226,-2.506683478308256,0.0],[-79.4464485839557,-2.507398812561796,0.0],[-79.44622973003277,-2.50742606171982,0.0],[-79.44615935549744,-2.50714150850302,0.0],[-79.44549381682944,-2.507542053495353,0.0],[-79.44546992941704,-2.50743940044394,0.0],[-79.44533832843953,-2.507325676676052,0.0],[-79.44518764093604,-2.507439063325492,0.0],[-79.44452921178421,-2.507230071391724,0.0],[-79.44417930202162,-2.506892519605372,0.0],[-79.44282619302712,-2.507720685157624,0.0],[-79.44275988668977,-2.507492944729818,0.0],[-79.44219351661071,-2.507095434791748,0.0],[-79.44189397649721,-2.507681185988976,0.0],[-79.4419868631894,-2.508703395047717,0.0],[-79.44168573232061,-2.508721962173166,0.0],[-79.44066899820153,-2.509137154070801,0.0],[-79.4406687963425,-2.50930750336571,0.0],[-79.44138294237364,-2.510141178551395,0.0],[-79.44140122338491,-2.51059546604474,0.0],[-79.44164558275766,-2.510841819500288,0.0],[-79.44164521794553,-2.511149660412106,0.0],[-79.44273822614595,-2.511305392969821,0.0],[-79.44284990672763,-2.510937901274985,0.0],[-79.44285062384893,-2.510332214274723,0.0],[-79.44350918785027,-2.510427641506167,0.0],[-79.4429456837069,-2.509518435000984,0.0],[-79.44258847546968,-2.509215164361275,0.0],[-79.44220512455387,-2.508628165179197,0.0],[-79.44262662115217,-2.50856174659922,0.0],[-79.44290860503327,-2.509045197857465,0.0],[-79.44345376009444,-2.509556898599581,0.0],[-79.4438857086088,-2.510314525637233,0.0],[-79.44367813616296,-2.510787471043498,0.0],[-79.44371064063206,-2.510844293213902,0.0],[-79.44360279166159,-2.510844164103787,0.0],[-79.44363989265058,-2.511298474581982,0.0],[-79.44356457375724,-2.511423130841837,0.0],[-79.44482515268206,-2.51160273744352,0.0],[-79.44476753007697,-2.512586912139088,0.0],[-79.44431586547134,-2.51258637136774,0.0],[-79.44416488483158,-2.512945817946175,0.0],[-79.44395791670738,-2.512907714524502,0.0],[-79.44393959043133,-2.512491281964861,0.0],[-79.44348974597679,-2.512480907079255,0.0],[-79.44354438408097,-2.512490808564716,0.0],[-79.4436555961437,-2.513929450956732,0.0],[-79.44442777322834,-2.513438254530007,0.0],[-79.44472868148668,-2.513608964771904,0.0],[-79.44489774215121,-2.513874155917178,0.0],[-79.44499177182917,-2.513931051817834,0.0],[-79.44499154773425,-2.514120329189045,0.0],[-79.44292045137306,-2.514931740095695,0.0],[-79.4428841143155,-2.513833887299577,0.0],[-79.44178023142305,-2.514213639211456,0.0],[-79.44177955446015,-2.512170994903792,0.0],[-79.44167253144991,-2.511520378855936,0.0],[-79.44121206558872,-2.511409131698755,0.0],[-79.44130652115498,-2.511106401270471,0.0],[-79.4404943355589,-2.510949097295353,0.0],[-79.44032906878904,-2.511038124035644,0.0],[-79.44017462611096,-2.51091072443491,0.0],[-79.44010159665997,-2.510967712084704,0.0],[-79.43983689986338,-2.511009981579523,0.0],[-79.43959328623335,-2.511126804256045,0.0],[-79.43959283135626,-2.511510090638241,0.0],[-79.43925410928614,-2.511488390366106,0.0],[-79.43924325850547,-2.511711960208895,0.0],[-79.43915849536748,-2.511775740003244,0.0],[-79.4391159119713,-2.511977978153892,0.0],[-79.43873460639912,-2.512158516688192,0.0],[-79.43841739742409,-2.511849377596775,0.0],[-79.43816340068285,-2.511795838022544,0.0],[-79.43791973630171,-2.511955247238761,0.0],[-79.43731641890267,-2.511890641228248,0.0],[-79.43731697308402,-2.511424423156691,0.0],[-79.43789947554453,-2.511188651457807,0.0],[-79.43806667580542,-2.511235698191641,0.0],[-79.4382697645296,-2.511370092055507,0.0],[-79.43866136523717,-2.511434444096846,0.0],[-79.43871383946923,-2.511817792992691,0.0],[-79.43878786463385,-2.511881762602413,0.0],[-79.4390314657806,-2.511775587428892,0.0],[-79.43908455866516,-2.511637241688868,0.0],[-79.43890485250336,-2.51142408933413,0.0],[-79.4389580600206,-2.51118992316301,0.0],[-79.43913819590115,-2.51104108363412,0.0],[-79.4389896395528,-2.51054628507469,0.0],[-79.43908757525114,-2.510566328795598,0.0],[-79.43912218972224,-2.50975408852141,0.0],[-79.43907243188679,-2.508735154658942,0.0],[-79.4390904854476,-2.507725436357438,0.0],[-79.43917028953136,-2.506589227144314,0.0],[-79.43924158038612,-2.50641771873804,0.0],[-79.43924240350674,-2.505722846786904,0.0],[-79.43907324287139,-2.505860746139391,0.0],[-79.43914171744423,-2.504696748933347,0.0],[-79.43884286963244,-2.504630623758192,0.0],[-79.43877341348382,-2.504781507337947,0.0],[-79.43813396457854,-2.504440042434588,0.0],[-79.43835921184967,-2.50493243271006,0.0],[-79.43822736536984,-2.505026913226458,0.0],[-79.43762573450945,-2.504534071807755,0.0],[-79.43739985947913,-2.504571656412773,0.0],[-79.43736168264013,-2.505025875383273,0.0],[-79.4374173323241,-2.505707339245323,0.0],[-79.43736015641505,-2.506312956976135,0.0],[-79.43743469231748,-2.506937660431623,0.0],[-79.43732130541525,-2.50733500598519,0.0],[-79.43726430865229,-2.507789202273159,0.0],[-79.43743300772907,-2.508357235724505,0.0],[-79.43735548308095,-2.510249911368995,0.0],[-79.43667814727834,-2.510116603405529,0.0],[-79.4367162356226,-2.509738095384587,0.0],[-79.4365280206644,-2.509756796834588,0.0],[-79.43653100699896,-2.507242573136872,0.0],[-79.43647491263376,-2.506936508283515,0.0],[-79.43664444274584,-2.506804218009697,0.0],[-79.43658883870854,-2.506084899021742,0.0],[-79.43698410918044,-2.506028590324774,0.0],[-79.43696567166678,-2.505706797405866,0.0],[-79.4364577332013,-2.5055547663511,0.0],[-79.43621346560165,-2.505232702489345,0.0],[-79.43574336805331,-2.504910367590578,0.0],[-79.43557435492517,-2.504607321793724,0.0],[-79.43491268128915,-2.503686592951681,0.0],[-79.43380633498407,-2.503779553615142,0.0],[-79.43382271150107,-2.50583551624299,0.0],[-79.43374675982784,-2.506403254860853,0.0],[-79.4336994100783,-2.508241214341864,0.0],[-79.43300530760202,-2.508094375616138,0.0],[-79.43307638663964,-2.506014733081221,0.0],[-79.43301328586041,-2.506004891733524,0.0],[-79.43171293881359,-2.507536466075122,0.0],[-79.43110948487386,-2.508576759135638,0.0],[-79.4311341639251,-2.503655602258103,0.0],[-79.43134436538834,-2.503609719447428,0.0],[-79.43125980557618,-2.503503149377449,0.0],[-79.43085769949198,-2.503374904631931,0.0],[-79.43070966361346,-2.503236317502994,0.0],[-79.42982942975011,-2.503036069654637,0.0],[-79.42972531076964,-2.503224280932978,0.0],[-79.42945388828127,-2.503396238053003,0.0],[-79.42915401824413,-2.50348201836013,0.0],[-79.42886850831596,-2.503496031276623,0.0],[-79.42878277522797,-2.503567712564406,0.0],[-79.42871042714043,-2.50438597157126,0.0],[-79.42859607630626,-2.504515045975292,0.0],[-79.42827515325618,-2.504523952335627,0.0],[-79.4276652938031,-2.504349016528361,0.0],[-79.42690404855132,-2.504290669466927,0.0],[-79.42640903561187,-2.504424070015147,0.0],[-79.42610432795922,-2.504576842978352,0.0],[-79.42574213238261,-2.50505497001497,0.0],[-79.42545657198445,-2.505112052572208,0.0],[-79.4252658998647,-2.505398960957435,0.0],[-79.42518933468062,-2.505762576706717,0.0],[-79.42545538265304,-2.50610746471942,0.0],[-79.42600708297492,-2.506318700003639,0.0],[-79.42589231326014,-2.507919595640453,0.0],[-79.42569154928569,-2.507945916924279,0.0],[-79.42343627526365,-2.507464142903641,0.0],[-79.423536868608,-2.506904345396515,0.0],[-79.42316584856539,-2.50680339797938,0.0],[-79.42323777143385,-2.506344063985225,0.0],[-79.42362316905385,-2.506358887406473,0.0],[-79.4242524538295,-2.505354664071751,0.0],[-79.4244040569761,-2.504946883864421,0.0],[-79.42382000152885,-2.504899505683521,0.0],[-79.42379103156013,-2.504849836969915,0.0],[-79.42344851234665,-2.505217443569182,0.0],[-79.42332875153309,-2.505115853608062,0.0],[-79.42321489841363,-2.504828578220157,0.0],[-79.42296631251148,-2.504558991195998,0.0],[-79.42306865807406,-2.504520531879407,0.0],[-79.42311168783046,-2.504348300473958,0.0],[-79.42289796342004,-2.504017832770062,0.0],[-79.42266975937171,-2.503859631012547,0.0],[-79.4225344775675,-2.5035688524926,0.0],[-79.42227987897637,-2.503615092359294,0.0],[-79.42201358042172,-2.503480772301357,0.0],[-79.4219630508953,-2.503225067474218,0.0],[-79.42219395477233,-2.503098531597034,0.0],[-79.42212990776473,-2.502940528491899,0.0],[-79.42212658359131,-2.50273593879217,0.0],[-79.42205890852892,-2.502628179914781,0.0],[-79.42176292155631,-2.502451949896591,0.0],[-79.42125669385432,-2.502017040908495,0.0],[-79.42110332021306,-2.50195224894596,0.0],[-79.42090373792651,-2.501733064969621,0.0],[-79.41998710936089,-2.501304838054733,0.0],[-79.41943762197835,-2.501235977810525,0.0],[-79.41890575801129,-2.501350188356687,0.0],[-79.41880219455024,-2.501411079718255,0.0],[-79.41871277229355,-2.501583253566537,0.0],[-79.41856643259813,-2.501604611941364,0.0],[-79.41810259165273,-2.501535853994186,0.0],[-79.41776657467173,-2.501411858362071,0.0],[-79.41753163313315,-2.501417554963715,0.0],[-79.41733517168053,-2.501572849899247,0.0],[-79.4171031033157,-2.501662298871486,0.0],[-79.41700163102587,-2.502203960798402,0.0],[-79.41687941034407,-2.50220639173799,0.0],[-79.4168736605103,-2.502041879367851,0.0],[-79.4167042222969,-2.501981853442619,0.0],[-79.41659730667737,-2.501862083087657,0.0],[-79.41641880688394,-2.501918695091415,0.0],[-79.41628477904129,-2.502089020140533,0.0],[-79.41615382885723,-2.50217261010818,0.0],[-79.41593672620708,-2.502181319636601,0.0],[-79.4154521378357,-2.502055108201315,0.0],[-79.41519060384289,-2.501917203743492,0.0],[-79.41498246250835,-2.501893023153668,0.0],[-79.41446836232863,-2.501578342691251,0.0],[-79.41436148027319,-2.501431652966468,0.0],[-79.41416520201244,-2.501434405189604,0.0],[-79.41379662381505,-2.501284407571581,0.0],[-79.41369190671155,-2.501315385965439,0.0],[-79.41362509729241,-2.501478015624004,0.0],[-79.41340114698023,-2.501740952799207,0.0],[-79.41333904901035,-2.501941872668128,0.0],[-79.41322946694962,-2.50206137979805,0.0],[-79.4128107143168,-2.502089584022105,0.0],[-79.41281530495277,-2.502228372700003,0.0],[-79.41265800369288,-2.502462676137663,0.0],[-79.4126814784244,-2.502725913157746,0.0],[-79.41259149159374,-2.502811447081653,0.0],[-79.41255485631581,-2.503347154224931,0.0],[-79.41260001830003,-2.505357166757401,0.0],[-79.41335349052379,-2.50550860906149,0.0],[-79.4135940969636,-2.503697769378632,0.0],[-79.41417459455683,-2.503698475604697,0.0],[-79.41424094386622,-2.503918694499018,0.0],[-79.41583969197269,-2.503920638269099,0.0],[-79.4159058806187,-2.504274854452365,0.0],[-79.41705526166358,-2.504209240771663,0.0],[-79.41699705642803,-2.506170912815704,0.0],[-79.41682242162256,-2.506271581860033,0.0],[-79.41679013545914,-2.506411521539099,0.0],[-79.4168540780399,-2.50665566639544,0.0],[-79.41693310944315,-2.506704879588005,0.0],[-79.4169324379808,-2.50726352658489,0.0],[-79.41652133895475,-2.507849264775802,0.0],[-79.41628519664411,-2.508357449892734,0.0],[-79.4162846179554,-2.508838403516736,0.0],[-79.41636361163287,-2.509553346030667,0.0],[-79.41689713773427,-2.509426593612863,0.0],[-79.41695860798517,-2.508759074160305,0.0],[-79.41778311717138,-2.508634454009654,0.0],[-79.41787145909551,-2.508674529071374,0.0],[-79.41785311807924,-2.50943990420581,0.0],[-79.41765286963803,-2.509424409363335,0.0],[-79.41754200784973,-2.509618092300412,0.0],[-79.41730264543014,-2.509836743080064,0.0],[-79.41693853423743,-2.509926030383846,0.0],[-79.41692759528397,-2.510119834810503,0.0],[-79.41710931617719,-2.510353355757372,0.0],[-79.41709187097672,-2.510712022127187,0.0],[-79.41678492895375,-2.510740109735204,0.0],[-79.41651018609456,-2.510703883502102,0.0],[-79.41602121985973,-2.510753536320163,0.0],[-79.41607897391901,-2.510577232459128,0.0],[-79.41598127319642,-2.510821674225108,0.0],[-79.41575994749553,-2.510878831849327,0.0],[-79.4153816705793,-2.51087837081693,0.0],[-79.41533869977697,-2.511000350999389,0.0],[-79.41542420887278,-2.511115310742291,0.0],[-79.41578084091206,-2.511309563058162,0.0],[-79.4158160434501,-2.511711598059148,0.0],[-79.4157372212859,-2.511969924871665,0.0],[-79.41562497378321,-2.512140759512217,0.0],[-79.41533391380693,-2.512010110628405,0.0],[-79.41523907467717,-2.511740804741199,0.0],[-79.41517416814501,-2.511310019971166,0.0],[-79.41507316458681,-2.511220166444402,0.0],[-79.41488885584306,-2.511160121458413,0.0],[-79.41459743774536,-2.511141819810638,0.0],[-79.41434757445458,-2.511189371403713,0.0],[-79.41405579565512,-2.511470170283474,0.0],[-79.41389513424825,-2.51152979444382,0.0],[-79.41373456666815,-2.511511652237933,0.0],[-79.41356325694359,-2.511380630198877,0.0],[-79.41344318476914,-2.51146344023599,0.0],[-79.41338956780892,-2.511535158842165,0.0],[-79.41334756549153,-2.511840190932133,0.0],[-79.41318037096003,-2.512384349987046,0.0],[-79.41264833381301,-2.512646770124303,0.0],[-79.41266516341061,-2.510035906644211,0.0],[-79.41375566667104,-2.509797231109737,0.0],[-79.41412685229481,-2.509759399226947,0.0],[-79.41456491269611,-2.509506295541648,0.0],[-79.41478387033892,-2.509439564207133,0.0],[-79.41491247976442,-2.509324865450517,0.0],[-79.41527949473728,-2.508798895094079,0.0],[-79.41574628239707,-2.508397471452492,0.0],[-79.41572289401842,-2.508062450016856,0.0],[-79.41555594753581,-2.507826386044149,0.0],[-79.41536336593472,-2.507722064385911,0.0],[-79.41492375356827,-2.507865266472109,0.0],[-79.41427749836893,-2.507151422476283,0.0],[-79.41351065198663,-2.507796545755153,0.0],[-79.41336270983923,-2.508160072533836,0.0],[-79.4126351634134,-2.507781121554995,0.0],[-79.41262998789789,-2.508314930712482,0.0],[-79.41000796533282,-2.507988076646541,0.0],[-79.40999267798684,-2.509180079269914,0.0],[-79.40876961652481,-2.509350865179466,0.0],[-79.40859359276037,-2.509326722181983,0.0],[-79.40829906011678,-2.508933942061391,0.0],[-79.40808066440215,-2.508536470143561,0.0],[-79.4079332882179,-2.5084310065254,0.0],[-79.40750023588006,-2.508478332837123,0.0],[-79.40731956969351,-2.508358471674076,0.0],[-79.40727713991144,-2.508032999033569,0.0],[-79.40747272597886,-2.507619284056641,0.0],[-79.40798424388608,-2.507607945927314,0.0],[-79.40795014886164,-2.506291863258981,0.0],[-79.40744271876935,-2.506044650977072,0.0],[-79.40775589355638,-2.505604892712392,0.0],[-79.4079762044214,-2.505401773262603,0.0],[-79.40836269010777,-2.50549795792503,0.0],[-79.40874929058918,-2.505498430177579,0.0],[-79.40891605787124,-2.505307209802865,0.0],[-79.40899363106473,-2.505097934265988,0.0],[-79.40904824986339,-2.504709902081036,0.0],[-79.40836023655038,-2.504574333455228,0.0],[-79.40845078236526,-2.502894038042804,0.0],[-79.40910894187411,-2.503007500446626,0.0],[-79.40918046562858,-2.50288196516116,0.0],[-79.40917528209268,-2.50224786649691,0.0],[-79.40875365949758,-2.50169700778347,0.0],[-79.40862294016974,-2.501589172958821,0.0],[-79.40848011648569,-2.501654800291049,0.0],[-79.40843227504922,-2.501870094522604,0.0],[-79.40845543781393,-2.502390556239571,0.0],[-79.40833635394468,-2.50249808722502,0.0],[-79.40798564937728,-2.502324181446522,0.0],[-79.40756982310157,-2.501898952166259,0.0],[-79.40728706449258,-2.501830732721891,0.0],[-79.40724020802584,-2.501187153969259,0.0],[-79.40715615849257,-2.500957465155521,0.0],[-79.39361682611647,-2.500964562770571,0.0]],[[-79.39362846993544,-2.509528035313807,0.0],[-79.39373050415591,-2.509120619881782,0.0],[-79.39455786175554,-2.508579183848112,0.0],[-79.39501435499298,-2.509818504929338,0.0],[-79.39398650606414,-2.509889020368925,0.0],[-79.39362846993544,-2.509528035313807,0.0]],[[-79.38903749175329,-2.510977099748057,0.0],[-79.38889412537449,-2.510513919313058,0.0],[-79.38903328643461,-2.510084331239548,0.0],[-79.38926467598765,-2.510020269358487,0.0],[-79.3895265492155,-2.509877027242818,0.0],[-79.39015358524387,-2.509224160488237,0.0],[-79.39069244019896,-2.509758831394373,0.0],[-79.39176117970695,-2.511267605393396,0.0],[-79.3922601416678,-2.511794635152423,0.0],[-79.39258064381124,-2.51234537167509,0.0],[-79.39355375658505,-2.513478842329929,0.0],[-79.39343947752344,-2.513546895829477,0.0],[-79.39316112955235,-2.513542962058547,0.0],[-79.39153968130172,-2.513340611810461,0.0],[-79.38992917534914,-2.511361048973167,0.0],[-79.3896438621156,-2.511217129063306,0.0],[-79.38952470327787,-2.511384475312599,0.0],[-79.38929857474002,-2.511479906657736,0.0],[-79.38903716928777,-2.511240304728903,0.0],[-79.38903749175329,-2.510977099748057,0.0]],[[-79.40367383419996,-2.513441561558575,0.0],[-79.40379108649402,-2.513394557677518,0.0],[-79.40498624700695,-2.513671197292084,0.0],[-79.40502585382896,-2.515340222251886,0.0],[-79.40465711548975,-2.515321822834929,0.0],[-79.4046097950517,-2.515106412516587,0.0],[-79.40380108418549,-2.514955869257181,0.0],[-79.40374711117855,-2.515320703815858,0.0],[-79.40312854625915,-2.515319942811364,0.0],[-79.40292805429395,-2.515268723565196,0.0],[-79.4025848750497,-2.515358754498879,0.0],[-79.40227101481494,-2.515210014905683,0.0],[-79.40228540583661,-2.515114321370172,0.0],[-79.40219985180515,-2.515037646503513,0.0],[-79.40224292583748,-2.514831919391975,0.0],[-79.40242392353429,-2.514679003079275,0.0],[-79.40247167938016,-2.514535494508441,0.0],[-79.40243068838933,-2.514209429080031,0.0],[-79.40250106669404,-2.513846405593924,0.0],[-79.40239229828836,-2.513295929091897,0.0],[-79.40238323523197,-2.512922642854344,0.0],[-79.40248382094586,-2.51237720882398,0.0],[-79.40244923753214,-2.512368280047047,0.0],[-79.4025138703597,-2.511142564719597,0.0],[-79.40249989236986,-2.510898482134479,0.0],[-79.4024287175699,-2.510735684705578,0.0],[-79.40229085232298,-2.510635018149205,0.0],[-79.40223865727675,-2.510515314258228,0.0],[-79.40233870166152,-2.510414940053254,0.0],[-79.40313321180952,-2.51050205648655,0.0],[-79.40320919167543,-2.510626574582518,0.0],[-79.40325591851195,-2.511330114074938,0.0],[-79.40339330154241,-2.51182798381614,0.0],[-79.40341147998112,-2.512531488296792,0.0],[-79.40370147884484,-2.512737624945944,0.0],[-79.40367383419996,-2.513441561558575,0.0]],[[-79.43391025691021,-2.51363800224943,0.0],[-79.43420483779836,-2.513557146397134,0.0],[-79.43439020190685,-2.513102979223396,0.0],[-79.43481233580005,-2.5130091652391,0.0],[-79.43473677614448,-2.513203223680131,0.0],[-79.43488386367234,-2.513599159227804,0.0],[-79.43494298477806,-2.5134537074288,0.0],[-79.43576147806682,-2.513474772481895,0.0],[-79.43586148672887,-2.513777735842991,0.0],[-79.43618651651848,-2.514082017533954,0.0],[-79.43609627129004,-2.514220827308787,0.0],[-79.43589510254616,-2.514252524812714,0.0],[-79.43584237596738,-2.514082112157273,0.0],[-79.43558850518188,-2.513922104397377,0.0],[-79.43540850811921,-2.513953828259539,0.0],[-79.43542536396573,-2.514253933971141,0.0],[-79.43498351416,-2.514271916699856,0.0],[-79.43469825212767,-2.513962121791538,0.0],[-79.43433933537445,-2.513941060261754,0.0],[-79.43432748148363,-2.514185257105786,0.0],[-79.43423215811458,-2.514227730078882,0.0],[-79.43418997995603,-2.514089270028341,0.0],[-79.43399945928807,-2.514067746741184,0.0],[-79.43394715606581,-2.515610602547413,0.0],[-79.43245311492065,-2.515448922343996,0.0],[-79.43246011122015,-2.516684575626912,0.0],[-79.43257640288834,-2.516812478037423,0.0],[-79.43332815188838,-2.51668562440905,0.0],[-79.43394242478661,-2.516441489529856,0.0],[-79.43392411865297,-2.516514761592613,0.0],[-79.43394362219675,-2.516505799270292,0.0],[-79.43394628886759,-2.516301166853534,0.0],[-79.43411513798019,-2.516192532762489,0.0],[-79.434134440864,-2.516277123268051,0.0],[-79.43425339817468,-2.51638905846653,0.0],[-79.43422124007088,-2.516724393583674,0.0],[-79.43426079404031,-2.516844218579528,0.0],[-79.43434810874653,-2.516860293442446,0.0],[-79.43446731385714,-2.516764616075073,0.0],[-79.4346895601828,-2.516812795406009,0.0],[-79.43477698922764,-2.516733050006222,0.0],[-79.43478511877377,-2.516573357082751,0.0],[-79.43453108689475,-2.516549095425491,0.0],[-79.43445972736218,-2.516469158397824,0.0],[-79.43442815048978,-2.516317403212479,0.0],[-79.43447600642222,-2.516133803165303,0.0],[-79.43458725336126,-2.516054086498049,0.0],[-79.43471429261591,-2.516046254144731,0.0],[-79.43484915841417,-2.516134253406774,0.0],[-79.43511866925301,-2.516493908609397,0.0],[-79.43511844068361,-2.516685550921775,0.0],[-79.43518968599277,-2.516861309104676,0.0],[-79.43497516904712,-2.516988812283052,0.0],[-79.43493534826428,-2.517092571148098,0.0],[-79.43505432567193,-2.517188536019479,0.0],[-79.43507009894024,-2.517276390710283,0.0],[-79.43491900245736,-2.517483821287314,0.0],[-79.4349725825009,-2.517580047290581,0.0],[-79.43492687568839,-2.517539726614962,0.0],[-79.43460932460216,-2.517518049758414,0.0],[-79.43435521314345,-2.517560329971229,0.0],[-79.43394223676844,-2.517666299677634,0.0],[-79.4338292007534,-2.517849474504096,0.0],[-79.43327538974786,-2.51761225983032,0.0],[-79.43278860583828,-2.517473263346409,0.0],[-79.43253379210248,-2.517453239069023,0.0],[-79.43258597137489,-2.51766423299518,0.0],[-79.43262131164845,-2.518312031147952,0.0],[-79.43130984893864,-2.518034977821199,0.0],[-79.43129332147119,-2.517746477954848,0.0],[-79.43150614963685,-2.517716161283124,0.0],[-79.43164402023098,-2.517503392317946,0.0],[-79.43195086999374,-2.517620878074487,0.0],[-79.43199335324732,-2.5175038148151,0.0],[-79.43221579658488,-2.517386969147481,0.0],[-79.43221612744023,-2.517110152360451,0.0],[-79.43168694901905,-2.517013691369222,0.0],[-79.431591892726,-2.516832581344244,0.0],[-79.43123733714893,-2.516769209927499,0.0],[-79.43123359011567,-2.515480005179259,0.0],[-79.43077847536604,-2.515415573567785,0.0],[-79.4310646492418,-2.515117809067836,0.0],[-79.43111776946031,-2.514958171729675,0.0],[-79.43111801117841,-2.514755882603798,0.0],[-79.43095184022856,-2.51465298830736,0.0],[-79.43104145339731,-2.514406058799719,0.0],[-79.43099691262768,-2.513829465820674,0.0],[-79.43114028929108,-2.513829639056528,0.0],[-79.4311829000601,-2.510157819766306,0.0],[-79.43176568516978,-2.511208728033146,0.0],[-79.43195580175039,-2.510791900716899,0.0],[-79.43211188927498,-2.510096498559581,0.0],[-79.43210584527809,-2.509920386996809,0.0],[-79.43243738927863,-2.509954107429191,0.0],[-79.43238504229402,-2.510405640959538,0.0],[-79.43231936731003,-2.510434733278556,0.0],[-79.43222321929791,-2.511169246014608,0.0],[-79.43367374276943,-2.510947412392011,0.0],[-79.43385380356531,-2.510862454388045,0.0],[-79.43384260866331,-2.511373487832556,0.0],[-79.43410715281063,-2.511458981517684,0.0],[-79.43401122092129,-2.512012499926095,0.0],[-79.43413811160704,-2.512129767605527,0.0],[-79.43410618893205,-2.512268137412308,0.0],[-79.43420125843241,-2.512438600986925,0.0],[-79.4341799092792,-2.512587630746234,0.0],[-79.43397862585877,-2.512715150095048,0.0],[-79.43389380003829,-2.512832162588538,0.0],[-79.43391025691021,-2.51363800224943,0.0]],[[-79.41167400646651,-2.518741453327133,0.0],[-79.41169702071115,-2.516856118740858,0.0],[-79.412215570995,-2.516935716544681,0.0],[-79.41223491602372,-2.517018308798238,0.0],[-79.4125661592971,-2.517136893186616,0.0],[-79.41305978167287,-2.51717338981659,0.0],[-79.41321454222718,-2.517226247658887,0.0],[-79.41310699499222,-2.51747852999457,0.0],[-79.4131163638031,-2.519000770086618,0.0],[-79.41167400646651,-2.518741453327133,0.0]],[[-79.43814713225132,-2.514520588265083,0.0],[-79.43813914009061,-2.514393635799702,0.0],[-79.43824545493732,-2.514010477034256,0.0],[-79.43836202591532,-2.513904149471155,0.0],[-79.43866907912378,-2.513851284373894,0.0],[-79.43883842773667,-2.513872781548583,0.0],[-79.43899738079504,-2.513734564049886,0.0],[-79.43924085588439,-2.513734856709084,0.0],[-79.43951618918764,-2.51365001243874,0.0],[-79.43984459200936,-2.513448117665222,0.0],[-79.43992941761506,-2.513331104475746,0.0],[-79.44006691989492,-2.513427091159934,0.0],[-79.44000303833108,-2.513735772564024,0.0],[-79.44014049007032,-2.513874346353637,0.0],[-79.44035175314866,-2.514257886271893,0.0],[-79.44062611310505,-2.514992848309742,0.0],[-79.44079532295342,-2.515131460308333,0.0],[-79.44176616310695,-2.515124688567109,0.0],[-79.44175371818355,-2.515930601344493,0.0],[-79.44170364499419,-2.516036036030873,0.0],[-79.44135419603516,-2.516131438740325,0.0],[-79.44122729145663,-2.516024817449764,0.0],[-79.44124886867986,-2.51568414423834,0.0],[-79.44101595309395,-2.515705157997412,0.0],[-79.44095213452049,-2.515960606086685,0.0],[-79.44075100218274,-2.515960364379044,0.0],[-79.44074075831,-2.515672886506626,0.0],[-79.44057138399938,-2.515672682961381,0.0],[-79.4405931121907,-2.515204248584635,0.0],[-79.43948198863914,-2.515264327471161,0.0],[-79.43951909342779,-2.514750510281054,0.0],[-79.44004619214469,-2.514691647553682,0.0],[-79.44013965545658,-2.51457703685035,0.0],[-79.4401927747393,-2.514417398431726,0.0],[-79.44017180542303,-2.514247023752644,0.0],[-79.43958939226329,-2.514406026087859,0.0],[-79.43956837242911,-2.514278238520122,0.0],[-79.44008728322741,-2.514108512629028,0.0],[-79.4399710528131,-2.513927377178164,0.0],[-79.43943088281844,-2.514171605436167,0.0],[-79.43929335527913,-2.514096912199136,0.0],[-79.43899693792706,-2.514107202185745,0.0],[-79.43864742653545,-2.5142558377316,0.0],[-79.43846745455129,-2.514266268510839,0.0],[-79.43835092150734,-2.514340656234955,0.0],[-79.43830295174821,-2.514429998898758,0.0],[-79.43859038589873,-2.514653528605038,0.0],[-79.43870116736883,-2.514965081374692,0.0],[-79.43887566321304,-2.515109023921502,0.0],[-79.43903460848499,-2.51542524156464,0.0],[-79.4388882405909,-2.515660012718543,0.0],[-79.43852799040074,-2.515936396373443,0.0],[-79.43843461691941,-2.516115869734006,0.0],[-79.43782699580308,-2.515666720237161,0.0],[-79.43770011798887,-2.515538806197506,0.0],[-79.43763965910284,-2.515398492635056,0.0],[-79.43741432708038,-2.51551450605583,0.0],[-79.43733004374045,-2.515486137371476,0.0],[-79.43718393236786,-2.515641990755323,0.0],[-79.43727892948748,-2.515873673461137,0.0],[-79.4372153004509,-2.5159694182127,0.0],[-79.43697709884934,-2.51598510164755,0.0],[-79.43688996564885,-2.515817309037993,0.0],[-79.43676292539864,-2.515825141625488,0.0],[-79.43661978742412,-2.516016611889163,0.0],[-79.43661172473173,-2.516120408273328,0.0],[-79.43675441566411,-2.516304238221214,0.0],[-79.43667484010932,-2.516455859563218,0.0],[-79.43658744057191,-2.516511650096612,0.0],[-79.4364366679166,-2.516447586857714,0.0],[-79.43634956245936,-2.516255839158811,0.0],[-79.43613507509195,-2.516359387589646,0.0],[-79.43594464363835,-2.516263336666438,0.0],[-79.43591314269821,-2.516047700013369,0.0],[-79.43613560797858,-2.515912221369887,0.0],[-79.43626255215983,-2.515984240612191,0.0],[-79.4364376002577,-2.515665046763301,0.0],[-79.43657263656681,-2.515609313604785,0.0],[-79.43672347574041,-2.515617480978682,0.0],[-79.4368744195287,-2.515537811824216,0.0],[-79.43685877829711,-2.515338164589884,0.0],[-79.43702678839966,-2.515094987527619,0.0],[-79.43732333154371,-2.514978228767069,0.0],[-79.4375035578423,-2.5147548630677,0.0],[-79.43776822991369,-2.514733888089294,0.0],[-79.43814713225132,-2.514520588265083,0.0]],[[-79.38667614471187,-2.515915252684517,0.0],[-79.38697461750513,-2.515030296165956,0.0],[-79.38716507580195,-2.514922858610476,0.0],[-79.38747417938086,-2.515066808961693,0.0],[-79.38758094418404,-2.515306219370054,0.0],[-79.38761593908139,-2.515868565236099,0.0],[-79.38737742924658,-2.516358787983497,0.0],[-79.38712744863874,-2.516502043452315,0.0],[-79.38707960301711,-2.516717334248737,0.0],[-79.38719835114551,-2.516884975590036,0.0],[-79.38737675281814,-2.516909125747818,0.0],[-79.38747168023264,-2.51710066579444,0.0],[-79.38755171237501,-2.518521053257697,0.0],[-79.38682745990343,-2.518619276472742,0.0],[-79.38675586583106,-2.518798645596766,0.0],[-79.38685045532421,-2.519265354966611,0.0],[-79.38677890624221,-2.519408832115801,0.0],[-79.38636746627482,-2.519496474374143,0.0],[-79.3864583192625,-2.518929877670208,0.0],[-79.38625643534232,-2.518654457589694,0.0],[-79.38609041570403,-2.518235515100584,0.0],[-79.3858648298155,-2.517888281578794,0.0],[-79.38567457713904,-2.5178282253012,0.0],[-79.38549658791545,-2.51746908829823,0.0],[-79.38523802851455,-2.517343868767951,0.0],[-79.38565237686994,-2.51653610045394,0.0],[-79.38585496613585,-2.516237255634955,0.0],[-79.38623550063245,-2.516333439568907,0.0],[-79.38663992955708,-2.516345907236137,0.0],[-79.38667614471187,-2.515915252684517,0.0]],[[-79.38973069003316,-2.527254240035593,0.0],[-79.38932232156147,-2.526574182044802,0.0],[-79.38958904029934,-2.526363949856926,0.0],[-79.38977012333687,-2.526144040052942,0.0],[-79.38996400636194,-2.525625414886385,0.0],[-79.39021816655004,-2.525968131380289,0.0],[-79.39041306438514,-2.526121511420907,0.0],[-79.39057867547629,-2.526422609539001,0.0],[-79.39084487561675,-2.526633505910697,0.0],[-79.39160141004568,-2.526933720273386,0.0],[-79.39165280420656,-2.527419344000207,0.0],[-79.39034847814773,-2.527886704351553,0.0],[-79.38973069003316,-2.527254240035593,0.0]]]}},{"type":"Feature","properties":{"fcode":"EA010","descr":"PRODUCTO AGRICOLA, RESULTADO DE UN CONJUNTO DE TECNICAS Y CONOCIMIENTOS PARA CULTIVAR LA TIERRA","DPA_DESPRO":"GUAYAS","DPA_DESCAN":"NARANJAL","niv1":"TIERRA AGROPECUARIA","niv2":"CULTIVO","niv3":"CULTIVO PERMANENTE","niv4":"FRUTALES","niv5":"CACAO","LULC_std":"Cacao","label":"Cacao","cbt":"CACAO","uso":"AGRICOLA","tmp":"CULTIVO PERMANENTE","nal":"NO APLICABLE","tap":"PEQUENA","rie":"NO","spr":"MERCANTIL","sce":134.886997727,"usce":"HECTAREAS","txt":"EL CODIGO (fcode) Y LA DESCRIPCION (descr) CORRESPONDEN A LOS OBJETOS GEOGRAFICOS DEL ATRIBUTO niv2","simbologia":"CPuc: Cacao","SHAPE_Leng":12792.380814,"SHAPE_Area":1348869.97727,"apt_uso":1,"area_ha":134.886997727,"cob_suelo":"Cacao","cacao_sys":"Cacao_alim_con50b","observ":null,"cob_label":"Cacao próximo a cultivos alimentarios","grupo_c":"Cultivos mixtos de cacao"},"geometry":{"type":"Polygon","coordinates":[[[-79.47274227829128,-2.606318082524179,0.0],[-79.47215962297018,-2.605769327820984,0.0],[-79.4720582012832,-2.60663370065845,0.0],[-79.47171224483925,-2.607572240577795,0.0],[-79.47309777765929,-2.60757194419937,0.0],[-79.47309777853772,-2.607842658120684,0.0],[-79.4734045907658,-2.607916933686232,0.0],[-79.47404258369447,-2.60777711948172,0.0],[-79.47399831840256,-2.608227765097298,0.0],[-79.47419722369804,-2.608418260691421,0.0],[-79.47419187107637,-2.608751809825587,0.0],[-79.47410646885062,-2.608780323335055,0.0],[-79.47408467636015,-2.608945338152266,0.0],[-79.47401538502044,-2.608960942121078,0.0],[-79.47416511580877,-2.60909032871252,0.0],[-79.47427147673436,-2.609671876893829,0.0],[-79.47392877490334,-2.609757594863247,0.0],[-79.47356489593902,-2.609649481375861,0.0],[-79.47329448908052,-2.609491600231483,0.0],[-79.47343885349629,-2.60847760541441,0.0],[-79.47309777940899,-2.608385481433503,0.0],[-79.47309777765606,-2.618543610891394,0.0],[-79.4729062996076,-2.618989798779927,0.0],[-79.47253872894782,-2.619271329117354,0.0],[-79.47238749124381,-2.619681648212242,0.0],[-79.47264652039493,-2.619980701147472,0.0],[-79.47293189998017,-2.620100694515876,0.0],[-79.47307448787325,-2.620244441223593,0.0],[-79.4732880517247,-2.620723277396213,0.0],[-79.47334691255553,-2.621237816547612,0.0],[-79.47325143273619,-2.621488950910912,0.0],[-79.47285053041834,-2.621961267315255,0.0],[-79.47248573359786,-2.622606839206655,0.0],[-79.47250683302593,-2.62286527375204,0.0],[-79.47272059247908,-2.623167011798584,0.0],[-79.47293456103286,-2.623296478257807,0.0],[-79.47355560341059,-2.623232637743288,0.0],[-79.47387710437593,-2.622974624121576,0.0],[-79.47398463737994,-2.622587144077882,0.0],[-79.47443437844359,-2.622523092883205,0.0],[-79.47475530606972,-2.622738827061301,0.0],[-79.4748192049785,-2.623018846935898,0.0],[-79.47509741115097,-2.623148391855504,0.0],[-79.47529038542561,-2.622933288214206,0.0],[-79.47531224089468,-2.622567236410505,0.0],[-79.47520556980015,-2.62224409611025,0.0],[-79.47493183098791,-2.622066648487423,0.0],[-79.47499444530945,-2.622047840590855,0.0],[-79.47523286581641,-2.621649320489439,0.0],[-79.47555030842707,-2.62149018445792,0.0],[-79.47586736580995,-2.621650097243308,0.0],[-79.47602570104998,-2.621889578558104,0.0],[-79.47673941781183,-2.621970214729752,0.0],[-79.47753254336888,-2.621971184780657,0.0],[-79.47822799425896,-2.621479582401116,0.0],[-79.47856783675782,-2.621839062299239,0.0],[-79.47903896527136,-2.621796569774205,0.0],[-79.47914633972182,-2.62153829237076,0.0],[-79.47916816874906,-2.621193774287309,0.0],[-79.47940386244701,-2.621064857772925,0.0],[-79.4798106496197,-2.621108422430509,0.0],[-79.48017422201096,-2.621474945538419,0.0],[-79.48047389417113,-2.621561447460469,0.0],[-79.4806882018145,-2.621410970057553,0.0],[-79.48122351682265,-2.621411623005167,0.0],[-79.48205847758943,-2.621520311813228,0.0],[-79.48223008974213,-2.621262111153004,0.0],[-79.48199507067118,-2.620831143229657,0.0],[-79.48160970745748,-2.620485685261503,0.0],[-79.48175219004378,-2.620342741277869,0.0],[-79.48243776128814,-2.620037314270799,0.0],[-79.48304646196038,-2.620344317817641,0.0],[-79.48308406718067,-2.620727191996554,0.0],[-79.48373106586504,-2.620842828784877,0.0],[-79.48403569257904,-2.620766633481389,0.0],[-79.48415072182472,-2.620077682377147,0.0],[-79.48384650980552,-2.619809331914187,0.0],[-79.48346607179947,-2.619617454752142,0.0],[-79.48335237837148,-2.619196205826142,0.0],[-79.48346726918436,-2.61862210291468,0.0],[-79.48365783334464,-2.618430920456224,0.0],[-79.48448391844215,-2.618050122696769,0.0],[-79.4846724266338,-2.617804286647828,0.0],[-79.48472914051727,-2.617596146589065,0.0],[-79.48516289297508,-2.616877406000198,0.0],[-79.48510665649803,-2.616688056795443,0.0],[-79.4848247242844,-2.616365936915781,0.0],[-79.48469689601731,-2.615719064917172,0.0],[-79.4843191097635,-2.61571364196325,0.0],[-79.48346993862984,-2.616401701350547,0.0],[-79.48335541673599,-2.616669541536611,0.0],[-79.48335486452454,-2.617128935380513,0.0],[-79.48304941018327,-2.617894220768559,0.0],[-79.48245214730089,-2.618680760278607,0.0],[-79.48227233825759,-2.618559890678958,0.0],[-79.48213947072534,-2.617752132072074,0.0],[-79.48180491172073,-2.617718075047919,0.0],[-79.48150348854034,-2.6179532565598,0.0],[-79.48130232327478,-2.618289510292862,0.0],[-79.48123483612146,-2.618760526807252,0.0],[-79.48146788064199,-2.619736657104805,0.0],[-79.48146769806833,-2.619888185359417,0.0],[-79.48119167433859,-2.619945267108461,0.0],[-79.48066912571578,-2.619472880329258,0.0],[-79.48028401145112,-2.619214002088181,0.0],[-79.48002719082686,-2.619106019103276,0.0],[-79.47970605433038,-2.619062559356533,0.0],[-79.4791217540756,-2.619262066494842,0.0],[-79.47908120031752,-2.618554087215976,0.0],[-79.48051634247201,-2.616342222854219,0.0],[-79.48046905206095,-2.616325372487477,0.0],[-79.48047217747873,-2.616222725824311,0.0],[-79.48011027828778,-2.616087686027091,0.0],[-79.47984303139083,-2.615728428538987,0.0],[-79.47964555054186,-2.615617778772174,0.0],[-79.47914649463864,-2.615492008212903,0.0],[-79.47847788177401,-2.61557523224238,0.0],[-79.4783351609525,-2.61470169626724,0.0],[-79.47762714453202,-2.614714930852019,0.0],[-79.47734912087391,-2.614434649883145,0.0],[-79.47717831476905,-2.614025294592582,0.0],[-79.47651468526,-2.613895281090701,0.0],[-79.47649600070388,-2.613666447161771,0.0],[-79.47745784363383,-2.613056603521421,0.0],[-79.47743302312426,-2.612981415563973,0.0],[-79.47783456057128,-2.612384721855682,0.0],[-79.47809216618364,-2.611839506026867,0.0],[-79.47844121098599,-2.611678167679179,0.0],[-79.4786155922757,-2.611830572954355,0.0],[-79.47885110228778,-2.61185239408693,0.0],[-79.47917249599215,-2.611680511879496,0.0],[-79.47938700848432,-2.611357762525595,0.0],[-79.47979368915156,-2.611487461454452,0.0],[-79.48024301268528,-2.611767951018047,0.0],[-79.48086327441963,-2.612350124341779,0.0],[-79.48137709512346,-2.612415351510232,0.0],[-79.48148113040108,-2.612310977924147,0.0],[-79.48188239142429,-2.612671679282515,0.0],[-79.48198998105796,-2.613052120402268,0.0],[-79.48210098397615,-2.612515825599017,0.0],[-79.48259414281058,-2.611956538369963,0.0],[-79.48282983426023,-2.611827619972081,0.0],[-79.48306542322435,-2.611784837730515,0.0],[-79.48332255335814,-2.611634411569873,0.0],[-79.48347300911902,-2.611160843169861,0.0],[-79.4832378593392,-2.610837547013981,0.0],[-79.48348565928927,-2.610216700164175,0.0],[-79.48308985220375,-2.610250352029475,0.0],[-79.48273267869209,-2.610474252027216,0.0],[-79.48233048900681,-2.610473764006558,0.0],[-79.48215058049618,-2.61021981423265,0.0],[-79.48180805868783,-2.610154795821397,0.0],[-79.4811868669255,-2.610347848723039,0.0],[-79.48103622968776,-2.610972154214315,0.0],[-79.48088608460748,-2.61118731247204,0.0],[-79.4806504959313,-2.61123009432518,0.0],[-79.48028663988256,-2.611100447725758,0.0],[-79.48007280058984,-2.610863312688222,0.0],[-79.48013752990381,-2.610454243786006,0.0],[-79.4800522684865,-2.610131129734312,0.0],[-79.47953855255469,-2.609979766515931,0.0],[-79.47915351724531,-2.609656288121006,0.0],[-79.47889703484795,-2.609268363426362,0.0],[-79.47855459252432,-2.609138741883774,0.0],[-79.47829751486313,-2.609246099918587,0.0],[-79.4782971321666,-2.609564325386104,0.0],[-79.47766623410737,-2.609915279638185,0.0],[-79.47675898033441,-2.610002148971768,0.0],[-79.47669585145604,-2.609655689961736,0.0],[-79.47669623168673,-2.609339858654735,0.0],[-79.4769265512444,-2.608949244518931,0.0],[-79.47702088400976,-2.608949373805982,0.0],[-79.47703064642356,-2.608905445795922,0.0],[-79.47699892112064,-2.608701776965683,0.0],[-79.47690320266946,-2.608540899351866,0.0],[-79.4769246970607,-2.608390882339628,0.0],[-79.4773407514204,-2.608026997172483,0.0],[-79.47746905801758,-2.607673479765758,0.0],[-79.47806599400366,-2.607545596443077,0.0],[-79.47824310947281,-2.607651012499162,0.0],[-79.47840574072444,-2.607433486664852,0.0],[-79.47806645770012,-2.607159771369489,0.0],[-79.47796005773873,-2.607020315847575,0.0],[-79.47791766189773,-2.606827351057661,0.0],[-79.47801399775875,-2.606473793665397,0.0],[-79.47826597552063,-2.606229651534012,0.0],[-79.47780625493579,-2.60568705797394,0.0],[-79.4760202470529,-2.60433256785049,0.0],[-79.47593637139879,-2.604596570871597,0.0],[-79.47557895491015,-2.60444471212863,0.0],[-79.47548448584008,-2.604747445404956,0.0],[-79.47561586847155,-2.605050453396241,0.0],[-79.47523788910077,-2.605176651770278,0.0],[-79.47492713903868,-2.604851327631879,0.0],[-79.4745877377788,-2.605318376279795,0.0],[-79.47470010254011,-2.605441763496422,0.0],[-79.47456526657763,-2.605616480560363,0.0],[-79.47441274828931,-2.605517613129015,0.0],[-79.47394663841794,-2.606109899957974,0.0],[-79.47347935258908,-2.606902990395094,0.0],[-79.47274227829128,-2.606318082524179,0.0]],[[-79.47564543223623,-2.606836196088007,0.0],[-79.47624365453542,-2.606816530984428,0.0],[-79.47638910518582,-2.606645234343409,0.0],[-79.47680026891061,-2.60689046296725,0.0],[-79.47685479182815,-2.60685197595336,0.0],[-79.47706821154824,-2.606852235510219,0.0],[-79.47749460292168,-2.60722478480996,0.0],[-79.47728094221965,-2.60742484878641,0.0],[-79.47696784107532,-2.607496011704494,0.0],[-79.4767113935544,-2.607781877387306,0.0],[-79.47655435178623,-2.608225259788275,0.0],[-79.47618452809324,-2.608138956596515,0.0],[-79.47602843345514,-2.607795354548057,0.0],[-79.47602862290005,-2.607637957155031,0.0],[-79.47580099287201,-2.607623371662206,0.0],[-79.47571604892586,-2.608064553461361,0.0],[-79.47534554247915,-2.60775159699896,0.0],[-79.47535850238319,-2.607404746103321,0.0],[-79.47544565541571,-2.607322453119489,0.0],[-79.47564543223623,-2.606836196088007,0.0]],[[-79.47585210662625,-2.612894419996401,0.0],[-79.47545817004344,-2.612618990820607,0.0],[-79.47514604204999,-2.612484011217068,0.0],[-79.47505703264514,-2.61230443700721,0.0],[-79.47505751978727,-2.611900640468588,0.0],[-79.47510229464496,-2.611766095444871,0.0],[-79.475414801241,-2.61158701192962,0.0],[-79.47563829915465,-2.61122835320472,0.0],[-79.47568108028193,-2.611071347827022,0.0],[-79.47592309734608,-2.611060053988516,0.0],[-79.47608421225797,-2.611408362497312,0.0],[-79.47634255080331,-2.611621457265024,0.0],[-79.47604550823182,-2.612322724945316,0.0],[-79.47585240684565,-2.61264549923929,0.0],[-79.47585210662625,-2.612894419996401,0.0]]]}}]}