{"type":"FeatureCollection","name":"Cacao Areas de Cultivo","crs":{"type":"name","properties":{"name":"urn:ogc:def:crs:OGC:1.3:CRS84"}},"features":[{"type":"Feature","properties":{"OBJECTID":90,"fcode":"EA010","descr":"PRODUCTO AGRICOLA, RESULTADO DE UN CONJUNTO DE TECNICAS Y CONOCIMIENTOS PARA CULTIVAR LA TIERRA","DPA_DESPRO":"AZUAY","DPA_DESCAN":"CUENCA","niv1":"TIERRA AGROPECUARIA","niv2":"CULTIVO","niv3":"CULTIVO PERMANENTE","niv4":"FRUTALES","niv5":"CACAO","cbt":"CACAO","tmp":"CULTIVO PERMANENTE","nal":"NO APLICABLE","uso":"AGRICOLA","tap":"GRANDE","rie":"SI","spr":"MERCANTIL","sce":1.02056510308,"usce":"HECTAREAS","txt":"EL CODIGO (fcode) Y LA DESCRIPCION (descr) CORRESPONDEN A LOS OBJETOS GEOGRAFICOS DEL ATRIBUTO niv2","simbologia":"CPuc: Cacao","label":"Cacao","SHAPE_Leng":640.627288809,"SHAPE_Area":10205.6510308},"geometry":{"type":"MultiPolygon","coordinates":[[[[-79.62602362717016,-2.852636930746494],[-79.62609870606171,-2.852605700713532],[-79.62657413740847,-2.852487411286064],[-79.62670937737461,-2.852434135986912],[-79.62708809016821,-2.852186911445354],[-79.62735686997964,-2.85194452305901],[-79.62772084114829,-2.851458993465495],[-79.62821007888975,-2.850849434571687],[-79.62818560884277,-2.850857311057212],[-79.62759489537098,-2.851258631926806],[-79.62702333525421,-2.851564253831375],[-79.62648960451457,-2.852080507036226],[-79.62602362717016,-2.852636930746494]]]]}},{"type":"Feature","properties":{"OBJECTID":91,"fcode":"EA010","descr":"PRODUCTO AGRICOLA, RESULTADO DE UN CONJUNTO DE TECNICAS Y CONOCIMIENTOS PARA CULTIVAR LA TIERRA","DPA_DESPRO":"AZUAY","DPA_DESCAN":"CUENCA","niv1":"TIERRA AGROPECUARIA","niv2":"CULTIVO","niv3":"CULTIVO PERMANENTE","niv4":"FRUTALES","niv5":"CACAO","cbt":"CACAO","tmp":"CULTIVO PERMANENTE","nal":"NO APLICABLE","uso":"AGRICOLA","tap":"GRANDE","rie":"SI","spr":"MERCANTIL","sce":1.2038837724,"usce":"HECTAREAS","txt":"EL CODIGO (fcode) Y LA DESCRIPCION (descr) CORRESPONDEN A LOS OBJETOS GEOGRAFICOS DEL ATRIBUTO niv2","simbologia":"CPuc: Cacao","label":"Cacao","SHAPE_Leng":587.23975309,"SHAPE_Area":12038.837724},"geometry":{"type":"MultiPolygon","coordinates":[[[[-79.63350109310171,-2.849119541606268],[-79.63352838913619,-2.849136320966666],[-79.63374248713573,-2.84922272608008],[-79.63411016599224,-2.849248290874008],[-79.63453503650538,-2.849212901253137],[-79.63481716707439,-2.849127088311906],[-79.63510309946382,-2.848843854264355],[-79.63541583379657,-2.84847973518975],[-79.63564136776151,-2.848281008800294],[-79.63579079810425,-2.84810621764883],[-79.63574196793995,-2.848108887377538],[-79.63562966963894,-2.848141003800521],[-79.63551737133655,-2.848173120209473],[-79.63534090554127,-2.848221285705182],[-79.63518049630636,-2.848253344808755],[-79.63501202036332,-2.84832570660105],[-79.6348836663848,-2.848373929284787],[-79.63465097543778,-2.848502652323328],[-79.634466472278,-2.848566932632345],[-79.63429796868306,-2.848663481988732],[-79.63414551034667,-2.848751988144619],[-79.63394492295633,-2.848856562377226],[-79.63379246865152,-2.848942380436096],[-79.63350109310171,-2.849119541606268]]]]}},{"type":"Feature","properties":{"OBJECTID":92,"fcode":"EA010","descr":"PRODUCTO AGRICOLA, RESULTADO DE UN CONJUNTO DE TECNICAS Y CONOCIMIENTOS PARA CULTIVAR LA TIERRA","DPA_DESPRO":"AZUAY","DPA_DESCAN":"CUENCA","niv1":"TIERRA AGROPECUARIA","niv2":"CULTIVO","niv3":"CULTIVO PERMANENTE","niv4":"FRUTALES","niv5":"CACAO","cbt":"CACAO","tmp":"CULTIVO PERMANENTE","nal":"NO APLICABLE","uso":"AGRICOLA","tap":"GRANDE","rie":"SI","spr":"MERCANTIL","sce":248.759752455,"usce":"HECTAREAS","txt":"EL CODIGO (fcode) Y LA DESCRIPCION (descr) CORRESPONDEN A LOS OBJETOS GEOGRAFICOS DEL ATRIBUTO niv2","simbologia":"CPuc: Cacao","label":"Cacao","SHAPE_Leng":12212.1339341,"SHAPE_Area":2487597.52455},"geometry":{"type":"MultiPolygon","coordinates":[[[[-79.63585043943714,-2.848036454054241],[-79.63615139240828,-2.847684425729027],[-79.63662602925385,-2.847047301444546],[-79.63695134497267,-2.846667194853981],[-79.63722551769847,-2.846452051031668],[-79.63747301396471,-2.846283732396489],[-79.63773387951638,-2.846065079562054],[-79.63807689720358,-2.845810628197128],[-79.6384590494544,-2.845671089533195],[-79.63893408372081,-2.845477816944647],[-79.63938060110058,-2.845248614328121],[-79.63985213831184,-2.844994314473531],[-79.64048455481962,-2.844542779769725],[-79.64080984348332,-2.844184208851843],[-79.64100638931271,-2.844015731875626],[-79.64136364711416,-2.843793601933529],[-79.64176008040384,-2.843654078550197],[-79.64195289210372,-2.843625590150916],[-79.64217420572646,-2.843647388716193],[-79.64242641753049,-2.843645714281093],[-79.64268025045413,-2.843576196749765],[-79.64281441716805,-2.843521340948617],[-79.64317644832641,-2.843327036873752],[-79.64348493343154,-2.843195965863554],[-79.64382739606066,-2.843109651116431],[-79.64405845538299,-2.843085861780062],[-79.64415171589168,-2.843096804530827],[-79.64441089452859,-2.843112898614366],[-79.64495947091092,-2.843069169706436],[-79.64559648485249,-2.842976871510171],[-79.64560688020774,-2.842966443633984],[-79.6457272857859,-2.84285774066659],[-79.64585366324005,-2.842785326963896],[-79.6459920470389,-2.842731067159833],[-79.64623868107124,-2.842676935807703],[-79.64644925372913,-2.84260462122703],[-79.6466297421725,-2.842544364639216],[-79.6468102094745,-2.842502248668454],[-79.64691849585124,-2.842472141139605],[-79.64707487906524,-2.842454184628477],[-79.6473215844117,-2.842339583829314],[-79.64748401703545,-2.842291399295938],[-79.64760437225134,-2.842225024520733],[-79.6476826096141,-2.842176741746501],[-79.64780298772878,-2.842092226279227],[-79.64789927292678,-2.842037917523168],[-79.64801961583125,-2.841983636156599],[-79.64823631426555,-2.841814577691697],[-79.64841092999602,-2.841633375264554],[-79.64793866628402,-2.841027139446829],[-79.64742539394005,-2.840676650197885],[-79.64768441220093,-2.840305517197653],[-79.64781103851432,-2.8400389472803],[-79.64786199385098,-2.839670680776753],[-79.64786236310135,-2.839353159021933],[-79.64786280614726,-2.838972132732893],[-79.64795164054176,-2.838616611994773],[-79.64810330620665,-2.838540584318866],[-79.64841909684125,-2.838540955361005],[-79.64854541184737,-2.838541103752129],[-79.64893715203901,-2.838401854185933],[-79.64946782622195,-2.838275467919575],[-79.6499353553696,-2.838136306871279],[-79.6504157530814,-2.837793946215613],[-79.65076971682545,-2.837553043797531],[-79.6510227315112,-2.837223116481485],[-79.65101051090141,-2.836867476541691],[-79.65116132264562,-2.836440597150925],[-79.65149707138457,-2.836798342758335],[-79.65190431895884,-2.836935366715665],[-79.6524475534394,-2.836913244804302],[-79.65265125685261,-2.836913483252259],[-79.65310371864992,-2.837096076676572],[-79.6531403819875,-2.83712504597627],[-79.6531666701925,-2.837094996248768],[-79.65340962337874,-2.836926569992673],[-79.653602427121,-2.836905258547719],[-79.65376657975906,-2.836962883679377],[-79.65393422373008,-2.837088715418175],[-79.65410902384389,-2.837200196325405],[-79.65431345044968,-2.837293959137396],[-79.65442859791307,-2.837298905483483],[-79.65465592967503,-2.837321383847396],[-79.65483960773315,-2.837318123601471],[-79.65501647516275,-2.837277819563349],[-79.65509951613642,-2.837227406158021],[-79.6551513975519,-2.837184093426015],[-79.6552261306096,-2.837079123251581],[-79.65536452634613,-2.836792033105353],[-79.65544249113563,-2.836691903719495],[-79.65566012062409,-2.836515818096487],[-79.65566210692121,-2.836509454828838],[-79.65579573297457,-2.836383784230294],[-79.65585255954764,-2.836342331351648],[-79.65585490287891,-2.836339927320067],[-79.65660369952134,-2.835409452560345],[-79.65695322572805,-2.835053686509046],[-79.65698529228487,-2.835002612853411],[-79.6570286417372,-2.834891295403568],[-79.65706003669905,-2.834723675835836],[-79.65707229287494,-2.834675129655068],[-79.6571081276882,-2.834588786432359],[-79.65717990987002,-2.834473719651307],[-79.65726678781806,-2.834357847392908],[-79.65740574011147,-2.834235539966137],[-79.65751048906635,-2.834193579287527],[-79.65765114234995,-2.834172722594749],[-79.65765195914065,-2.834172700030352],[-79.65761108140086,-2.834004022094176],[-79.65740898559298,-2.833187177433568],[-79.65722921454153,-2.832574510926531],[-79.65689147289169,-2.832007028210871],[-79.6567563243924,-2.831825401713719],[-79.65698199901938,-2.83175761388057],[-79.6573883851795,-2.831485884311943],[-79.65750160068468,-2.831123077848019],[-79.6575021490189,-2.830646723603985],[-79.65781816733016,-2.830488306025232],[-79.6579084320386,-2.830465727160221],[-79.65892246641415,-2.831464985289168],[-79.65935130700309,-2.831284014597983],[-79.65941911800705,-2.831170675800091],[-79.65939684403737,-2.830921129892146],[-79.65851803542505,-2.83003544789421],[-79.65874399836804,-2.82971813987663],[-79.65854130036759,-2.829423017487037],[-79.65874470235077,-2.829105683186786],[-79.6592639367822,-2.828788715648558],[-79.65942227173325,-2.828425961875144],[-79.65949047134451,-2.827972368752345],[-79.65944931707331,-2.8276100698004],[-79.65942346986441,-2.827382517160924],[-79.65937881893123,-2.826974159906421],[-79.65930530014722,-2.82670187247659],[-79.6592912625187,-2.826347462983719],[-79.66838173248854,-2.826360416794065],[-79.66835707859597,-2.826292458574041],[-79.6683572211363,-2.826165835518],[-79.6683573963983,-2.826012077659997],[-79.66837703239283,-2.825939900504644],[-79.6683918348084,-2.825885493219018],[-79.66841502834352,-2.825758896720897],[-79.66851804457744,-2.825641435927503],[-79.66864412031254,-2.825514957032357],[-79.6687471140938,-2.825415584559586],[-79.66883885359513,-2.825325244659006],[-79.66891877842313,-2.825243935785796],[-79.66904480256927,-2.825162679079424],[-79.66914833878496,-2.825081397364458],[-79.66926253615031,-2.825018217203348],[-79.66941156738329,-2.824973165514756],[-79.66956062190354,-2.824910024529124],[-79.66968660391247,-2.824864946265646],[-79.66980079095333,-2.82481081066582],[-79.66996106702597,-2.824765771822482],[-79.67005989036177,-2.824731336755157],[-79.66197597534673,-2.820964175453818],[-79.66196765444852,-2.820966896407434],[-79.66183491545901,-2.821021009796829],[-79.66175723188897,-2.821031163025443],[-79.66169772027887,-2.821038940432882],[-79.6615830128706,-2.821056897052038],[-79.66144588066219,-2.821020560910202],[-79.66133122499052,-2.820993294464145],[-79.66122839609594,-2.820947953352627],[-79.66111376113811,-2.820902598581179],[-79.66102220629,-2.820830135737598],[-79.66090813355315,-2.820784781605278],[-79.66080474341292,-2.820739439823356],[-79.66070190423055,-2.820703142386443],[-79.66057600476172,-2.820675863785654],[-79.66040400541834,-2.820648530928796],[-79.66028990259352,-2.820630309664104],[-79.6601066292485,-2.820630098473942],[-79.65996945489667,-2.820629939708787],[-79.65978618067737,-2.820629727562434],[-79.65966025111445,-2.820629581777723],[-79.65952251549278,-2.820629423214286],[-79.65940837984934,-2.82063833567038],[-79.65902282986954,-2.820708116045462],[-79.65832042662628,-2.820982504352457],[-79.65799892685044,-2.821161610158851],[-79.65766555484285,-2.82131677274493],[-79.65741546723287,-2.821483996913966],[-79.65724383903913,-2.82163977201678],[-79.65716531090729,-2.821711046449576],[-79.65702660023982,-2.821906797036543],[-79.65702622664266,-2.822232252196688],[-79.65708279696221,-2.82271092934839],[-79.65710084764284,-2.82357245062665],[-79.6570810600446,-2.824223338832958],[-79.65706142713145,-2.824740216025178],[-79.65696572219339,-2.825180427779053],[-79.65648939900815,-2.825467040322855],[-79.65604160389815,-2.825504809106033],[-79.655785012093,-2.825447161613377],[-79.65565614966329,-2.825418210114645],[-79.65519913066086,-2.825475112535561],[-79.6549418959455,-2.825647112741033],[-79.65448487604927,-2.825704013913901],[-79.65426102099224,-2.825798935845012],[-79.65411342159058,-2.825861522571819],[-79.65401318034192,-2.826105497650103],[-79.6539128424553,-2.826435622320359],[-79.6536553922485,-2.826794279530105],[-79.65316923387799,-2.827353687741757],[-79.65276896988657,-2.827726537163616],[-79.6524403024561,-2.827927169615178],[-79.65208299251925,-2.82819956077622],[-79.65203998742842,-2.828343093347536],[-79.6519256166481,-2.828457826030976],[-79.65176845449889,-2.828529433892967],[-79.65158538307094,-2.828647468961196],[-79.65125493058399,-2.828715810909752],[-79.65081444345088,-2.828882809953344],[-79.65064181321432,-2.828954399521945],[-79.650396870352,-2.829021138921605],[-79.6499688627852,-2.829137758452107],[-79.6496687394517,-2.829352781337603],[-79.64965524661834,-2.829366880515686],[-79.64932560781905,-2.829711337273935],[-79.64919685808893,-2.829912202223855],[-79.64898229485762,-2.830227833641703],[-79.64893918946233,-2.830457516212698],[-79.64878184492538,-2.830687064069284],[-79.64865302749402,-2.830945362711195],[-79.6485242922871,-2.831131869221646],[-79.64820937744217,-2.831468720645129],[-79.64770941157879,-2.83193497803092],[-79.64742312249098,-2.832214428689243],[-79.64726584400263,-2.832386544063137],[-79.64686197759383,-2.832833810445543],[-79.6465036166932,-2.833208856679363],[-79.64638908924768,-2.833457599602021],[-79.64633150207912,-2.833859562755092],[-79.64632171557258,-2.834089283136718],[-79.64631515561503,-2.834128576765601],[-79.64613956904822,-2.835180298174461],[-79.64591044548311,-2.835735215606838],[-79.64568152295314,-2.836117833358876],[-79.64558831373327,-2.836185353507947],[-79.64533851668662,-2.836366306254634],[-79.64491930635027,-2.836652978506909],[-79.64448096838215,-2.837016204608978],[-79.64425226721661,-2.837207379527377],[-79.6440235222638,-2.837436841713762],[-79.64375674080355,-2.837627970682351],[-79.64374760513661,-2.837642770369735],[-79.6435087546984,-2.838029709601396],[-79.64301300522119,-2.838641744030182],[-79.64274606693743,-2.838966882716956],[-79.64282200386383,-2.839158415555046],[-79.64280267329137,-2.839407268864453],[-79.64274521778862,-2.839694366362416],[-79.64255439478147,-2.84005788296971],[-79.64219187876854,-2.840708361955902],[-79.64135309425025,-2.841588009990689],[-79.64070511297317,-2.842123284681974],[-79.6400954122482,-2.842486304686673],[-79.6397142779559,-2.842773018399893],[-79.63935229668475,-2.842964032654721],[-79.63912367205116,-2.843088199225105],[-79.63866842857537,-2.843698682119944],[-79.63807749636736,-2.844291454548078],[-79.6374100909796,-2.845152155689582],[-79.63691555873768,-2.84568781297013],[-79.6366581893494,-2.846014670286416],[-79.63635316879292,-2.846339760518423],[-79.63572449326514,-2.846645321188589],[-79.63517825363407,-2.847090495659309],[-79.63478703251208,-2.847446552271078],[-79.63466908756631,-2.847553896897307],[-79.63449048180156,-2.847643423026889],[-79.63440707069611,-2.847739045427695],[-79.63426406027483,-2.84791835175438],[-79.63412113964237,-2.848019886179242],[-79.63408027635143,-2.848106726339671],[-79.6339720175439,-2.848336784762577],[-79.63388256958594,-2.848504190710486],[-79.63371577352319,-2.848671504454891],[-79.63365020442292,-2.848773130038105],[-79.63363819179436,-2.848868836506854],[-79.63372585693567,-2.84883957075318],[-79.63380065490796,-2.848799952681552],[-79.63395307434419,-2.848743696562873],[-79.63411355962111,-2.848647137723252],[-79.63433823227508,-2.84851840528544],[-79.6345628280109,-2.84845417184347],[-79.63478749111357,-2.84833350154577],[-79.63511641335778,-2.848196830731623],[-79.63539717808081,-2.848100414799219],[-79.63560572759856,-2.848044225177533],[-79.63577412669197,-2.848036363261834],[-79.63585043943714,-2.848036454054241]]]]}},{"type":"Feature","properties":{"OBJECTID":93,"fcode":"EA010","descr":"PRODUCTO AGRICOLA, RESULTADO DE UN CONJUNTO DE TECNICAS Y CONOCIMIENTOS PARA CULTIVAR LA TIERRA","DPA_DESPRO":"AZUAY","DPA_DESCAN":"CUENCA","niv1":"TIERRA AGROPECUARIA","niv2":"CULTIVO","niv3":"CULTIVO PERMANENTE","niv4":"FRUTALES","niv5":"CACAO","cbt":"CACAO","tmp":"CULTIVO PERMANENTE","nal":"NO APLICABLE","uso":"AGRICOLA","tap":"MEDIANA","rie":"NO","spr":"MERCANTIL","sce":6.22275028227,"usce":"HECTAREAS","txt":"EL CODIGO (fcode) Y LA DESCRIPCION (descr) CORRESPONDEN A LOS OBJETOS GEOGRAFICOS DEL ATRIBUTO niv2","simbologia":"CPuc: Cacao","label":"Cacao","SHAPE_Leng":1040.04414765,"SHAPE_Area":62227.5028227},"geometry":{"type":"MultiPolygon","coordinates":[[[[-79.57850420533772,-2.874809936821955],[-79.57854185820266,-2.875154572536526],[-79.57886468344184,-2.875844152879953],[-79.57909261785038,-2.876284746216245],[-79.57908159345278,-2.876372534467664],[-79.57923519575955,-2.876231117392626],[-79.57933897061575,-2.876135574836787],[-79.57944837486376,-2.876036244317206],[-79.5795196504328,-2.875971531074488],[-79.57963650838148,-2.875865432046063],[-79.57990564019515,-2.875630009933096],[-79.57991269109223,-2.875623842396429],[-79.58020127366466,-2.875391676005868],[-79.58040272020463,-2.875284661473235],[-79.58062345009418,-2.875223254278492],[-79.58080995597257,-2.875192285385036],[-79.58099896423892,-2.875179587271476],[-79.58103091938627,-2.875181386310751],[-79.58107416531482,-2.875157738827583],[-79.58141697965905,-2.875081591594776],[-79.58151239162054,-2.874909416683051],[-79.58153162097388,-2.874756289807743],[-79.58141813832486,-2.874143545479454],[-79.58126619616561,-2.873837054929],[-79.58101908051381,-2.873511301485294],[-79.58067671604728,-2.873223716375401],[-79.58021966509718,-2.873299720940757],[-79.57995279997171,-2.873548256893791],[-79.57957159915492,-2.873873225194489],[-79.57917124048336,-2.874293888735249],[-79.57888528738272,-2.874580688463122],[-79.57850420533772,-2.874809936821955]]]]}},{"type":"Feature","properties":{"OBJECTID":94,"fcode":"EA010","descr":"PRODUCTO AGRICOLA, RESULTADO DE UN CONJUNTO DE TECNICAS Y CONOCIMIENTOS PARA CULTIVAR LA TIERRA","DPA_DESPRO":"AZUAY","DPA_DESCAN":"CUENCA","niv1":"TIERRA AGROPECUARIA","niv2":"CULTIVO","niv3":"CULTIVO PERMANENTE","niv4":"FRUTALES","niv5":"CACAO","cbt":"CACAO","tmp":"CULTIVO PERMANENTE","nal":"NO APLICABLE","uso":"AGRICOLA","tap":"MEDIANA","rie":"NO","spr":"MERCANTIL","sce":24.247523104,"usce":"HECTAREAS","txt":"EL CODIGO (fcode) Y LA DESCRIPCION (descr) CORRESPONDEN A LOS OBJETOS GEOGRAFICOS DEL ATRIBUTO niv2","simbologia":"CPuc: Cacao","label":"Cacao","SHAPE_Leng":3761.90091329,"SHAPE_Area":242475.23104},"geometry":{"type":"MultiPolygon","coordinates":[[[[-79.57246883302068,-2.853849711066056],[-79.57270662021834,-2.854017515832908],[-79.57369336511525,-2.854772531881133],[-79.57483492531601,-2.855432022279285],[-79.57554864337978,-2.855648278560543],[-79.57636976820834,-2.855613407006192],[-79.57661185765905,-2.855528743566955],[-79.57662534339684,-2.855381607011077],[-79.57649496118682,-2.854962674147885],[-79.5763406335379,-2.85466336024748],[-79.57629365304275,-2.854160777475447],[-79.57613934018948,-2.853849498950907],[-79.57599167306677,-2.853423366237295],[-79.57582501808538,-2.853471017619967],[-79.57567033717382,-2.853458860429174],[-79.5752300779339,-2.853434383037081],[-79.57521838468001,-2.853266860152325],[-79.57527802960945,-2.853147285722364],[-79.57527841261602,-2.852836199812557],[-79.57475362158262,-2.853041341980211],[-79.5744492955134,-2.852792094156814],[-79.57415334276978,-2.852830012715255],[-79.57410565626876,-2.852901743209772],[-79.57379650041004,-2.852709919565308],[-79.57357039141715,-2.852721603420293],[-79.57342746279505,-2.852829108311971],[-79.57314184062727,-2.852852682573988],[-79.57268984497053,-2.85269657559349],[-79.57246404599735,-2.85245699696697],[-79.57210732135303,-2.852241185312182],[-79.57195275897958,-2.852133308700289],[-79.5718697264346,-2.851917838370755],[-79.57196521933855,-2.851678660448522],[-79.5721794866148,-2.851619103366584],[-79.5723935629879,-2.851715088544533],[-79.5725006011932,-2.85176308157738],[-79.57283374723585,-2.851799391758052],[-79.57336920313277,-2.851823988341283],[-79.57345285434647,-2.851536936670832],[-79.5734055355729,-2.851309545233111],[-79.57331044193697,-2.85122567313437],[-79.573120062143,-2.851213470389126],[-79.5730250708553,-2.851045844773899],[-79.57283476484666,-2.850973817811278],[-79.57260875952375,-2.850901747247736],[-79.57239466937956,-2.850817726830974],[-79.57220437824274,-2.850733736053384],[-79.57206183257767,-2.850530155352371],[-79.5717882000439,-2.850481955573064],[-79.57162173750214,-2.85037406421185],[-79.571586142372,-2.850290265345013],[-79.57182438620818,-2.850087160255812],[-79.57212183235633,-2.850123425891036],[-79.57233601173225,-2.850135657457875],[-79.57231250680972,-2.849896331107333],[-79.57216996204671,-2.849692751364997],[-79.57199158530429,-2.849596809921646],[-79.57171780548114,-2.849668257650529],[-79.57144399524687,-2.84976363549881],[-79.57126538252,-2.849859131959838],[-79.5710750031352,-2.849846928998858],[-79.57080137090776,-2.849798729085727],[-79.57039688626583,-2.849714470083802],[-79.56989732334998,-2.849534374137805],[-79.56977865192353,-2.849270999922572],[-79.57004066586188,-2.849091854236764],[-79.57012405150695,-2.849020169394128],[-79.57033817053009,-2.849080260698841],[-79.57046877199394,-2.849319720466514],[-79.57061144918802,-2.849415616632911],[-79.57088506654323,-2.849475782092795],[-79.57109934896438,-2.849404260386065],[-79.57106398905492,-2.849129025366297],[-79.57082630620697,-2.848877467444369],[-79.57055288083967,-2.848661758946095],[-79.57036285591687,-2.848362400897562],[-79.57016079790026,-2.84817071162129],[-79.56986351491396,-2.848002833800797],[-79.56967343120252,-2.847751335246109],[-79.56939996115777,-2.847571521532771],[-79.5690669054729,-2.847463422292656],[-79.56882903144229,-2.847367406421304],[-79.56874574842112,-2.847355337836048],[-79.568662392453,-2.847403093327435],[-79.56862642828922,-2.84761841491754],[-79.56872127010358,-2.847905689509224],[-79.56879226874234,-2.848228828315343],[-79.56879181073928,-2.848599737449183],[-79.5688628093453,-2.848922876278714],[-79.56886243992054,-2.849221996699657],[-79.56886195221976,-2.849616836014634],[-79.56879009638942,-2.849987655972522],[-79.56869469288414,-2.85015504375843],[-79.56878951982566,-2.850454283081421],[-79.5699783167975,-2.851400989293578],[-79.57174926800269,-2.853102207521685],[-79.57199860001643,-2.853557182410646],[-79.57246883302068,-2.853849711066056]]]]}},{"type":"Feature","properties":{"OBJECTID":95,"fcode":"EA010","descr":"PRODUCTO AGRICOLA, RESULTADO DE UN CONJUNTO DE TECNICAS Y CONOCIMIENTOS PARA CULTIVAR LA TIERRA","DPA_DESPRO":"AZUAY","DPA_DESCAN":"CUENCA","niv1":"TIERRA AGROPECUARIA","niv2":"CULTIVO","niv3":"CULTIVO PERMANENTE","niv4":"FRUTALES","niv5":"CACAO","cbt":"CACAO","tmp":"CULTIVO PERMANENTE","nal":"NO APLICABLE","uso":"AGRICOLA","tap":"MEDIANA","rie":"NO","spr":"MERCANTIL","sce":29.4134079792,"usce":"HECTAREAS","txt":"EL CODIGO (fcode) Y LA DESCRIPCION (descr) CORRESPONDEN A LOS OBJETOS GEOGRAFICOS DEL ATRIBUTO niv2","simbologia":"CPuc: Cacao","label":"Cacao","SHAPE_Leng":3440.75572735,"SHAPE_Area":294134.079792},"geometry":{"type":"MultiPolygon","coordinates":[[[[-79.61418050465583,-2.843499478585791],[-79.61424720947902,-2.843786071541299],[-79.6138657875026,-2.844312073452505],[-79.61338836560682,-2.845508003474771],[-79.61310139742228,-2.84665630172541],[-79.61295800175576,-2.846889965865552],[-79.61313434799597,-2.84696052670192],[-79.61329144254537,-2.846946358588715],[-79.6134129497317,-2.846838819710523],[-79.6136343637347,-2.846774475683129],[-79.61389856553855,-2.846753258340717],[-79.61404843487432,-2.846810871603126],[-79.6141767297107,-2.846997681206029],[-79.61417641226362,-2.847263305131623],[-79.61410473882006,-2.847492948164659],[-79.61392602664014,-2.847672208196815],[-79.61376882036123,-2.847779703953632],[-79.61366168725985,-2.847808290525266],[-79.61356871463241,-2.847937400502428],[-79.61351139714083,-2.848102449134102],[-79.61408204075052,-2.848562597388385],[-79.61473706676654,-2.848039757570902],[-79.61493943535048,-2.847980176678426],[-79.61507023346859,-2.848064090720019],[-79.615212903597,-2.848171947975824],[-79.61529603069475,-2.848315629804259],[-79.61534335871535,-2.848543022654076],[-79.61547412834202,-2.848650866448073],[-79.61586669461568,-2.848759026374634],[-79.61600926489369,-2.84895063957397],[-79.61618747712312,-2.849190156305153],[-79.61621079064966,-2.849596996401075],[-79.61641280236509,-2.849836541903787],[-79.61676977013647,-2.849860902661468],[-79.61710300908784,-2.84982541016781],[-79.61732939260642,-2.849586381665847],[-79.61735342046113,-2.84939496948708],[-79.61750827626945,-2.849263540541769],[-79.6177428922556,-2.849073279526794],[-79.61799401934212,-2.849148823148169],[-79.61830784239142,-2.849429184333349],[-79.61900698228338,-2.849911022968437],[-79.61938647684714,-2.850005087697902],[-79.61943977461864,-2.849978337809709],[-79.61989734640217,-2.849748682187818],[-79.61982481898153,-2.849647619774663],[-79.61985530341776,-2.849434878332864],[-79.6191651384834,-2.849006652968581],[-79.61911550082435,-2.848719431653241],[-79.61911567189799,-2.84857585019582],[-79.6190873260966,-2.848396339652568],[-79.6188804479722,-2.84824533112172],[-79.61868764440338,-2.848266635511918],[-79.61848771849937,-2.848273574116319],[-79.61833069193855,-2.848230310681693],[-79.61830941724875,-2.848108240987017],[-79.61830960549852,-2.847950301526536],[-79.61853099426558,-2.847907494055558],[-79.61871670017783,-2.847850285477652],[-79.61883825003768,-2.847706851143187],[-79.61882426956102,-2.847455567550761],[-79.61873877034654,-2.847304704350952],[-79.61868908991414,-2.847053377776892],[-79.61854649720699,-2.846880909174203],[-79.61846814604291,-2.846722875110768],[-79.61846123749095,-2.846529032360769],[-79.61857561260732,-2.846414305505388],[-79.61842581120835,-2.846299260542268],[-79.61787654375229,-2.845875034602869],[-79.61773373653516,-2.845882042072196],[-79.61709784020523,-2.846254586468077],[-79.61662146316648,-2.846610857264965],[-79.61644073845976,-2.846447628529678],[-79.61636225919658,-2.84639728022192],[-79.61599112982475,-2.846274788631907],[-79.61587708012391,-2.846116712423727],[-79.61594141661942,-2.84605217832255],[-79.61614153034093,-2.845887301565037],[-79.61617737578285,-2.845765301746596],[-79.6161062681086,-2.84552112809785],[-79.61613501600549,-2.845363224119139],[-79.61628526213148,-2.845104959296487],[-79.61631400140907,-2.844954233862513],[-79.61639267656544,-2.844839464216537],[-79.61667825546832,-2.844854166461032],[-79.61685664165374,-2.844947709281212],[-79.61692792921993,-2.845041123043831],[-79.61710615290806,-2.845271066814016],[-79.61726323032458,-2.84527125606497],[-79.61739899119914,-2.845185271217998],[-79.61747049266624,-2.845099208946042],[-79.61757141643427,-2.844824278772969],[-79.61744896478093,-2.844690575500619],[-79.61743008633283,-2.844660668992256],[-79.61734919462006,-2.84453251570585],[-79.61732801399094,-2.84433147727133],[-79.61731389671715,-2.844195058190289],[-79.61726408906242,-2.844051417550319],[-79.61727140805911,-2.843900666220647],[-79.61727865954121,-2.843807347072029],[-79.61715032138683,-2.843656432393118],[-79.61705044778672,-2.84358452180064],[-79.6169077273223,-2.843519739088787],[-79.61672215910802,-2.843462083338309],[-79.61650812464251,-2.843325423486263],[-79.61624401751341,-2.843267673074942],[-79.6161369960575,-2.843202932412217],[-79.61600148360276,-2.843080725181865],[-79.61590161105413,-2.843008814549142],[-79.61571602592316,-2.842965516736268],[-79.61558035950459,-2.842972531808003],[-79.6154814333754,-2.842909605238613],[-79.61533807960404,-2.843072148316464],[-79.61520230189589,-2.843172491001989],[-79.615080692582,-2.843366178539102],[-79.61497359506706,-2.843366049390069],[-79.61418050465583,-2.843499478585791]]]]}},{"type":"Feature","properties":{"OBJECTID":96,"fcode":"EA010","descr":"PRODUCTO AGRICOLA, RESULTADO DE UN CONJUNTO DE TECNICAS Y CONOCIMIENTOS PARA CULTIVAR LA TIERRA","DPA_DESPRO":"AZUAY","DPA_DESCAN":"CUENCA","niv1":"TIERRA AGROPECUARIA","niv2":"CULTIVO","niv3":"CULTIVO PERMANENTE","niv4":"FRUTALES","niv5":"CACAO","cbt":"CACAO","tmp":"CULTIVO PERMANENTE","nal":"NO APLICABLE","uso":"AGRICOLA","tap":"MEDIANA","rie":"NO","spr":"MERCANTIL","sce":107.496560737,"usce":"HECTAREAS","txt":"EL CODIGO (fcode) Y LA DESCRIPCION (descr) CORRESPONDEN A LOS OBJETOS GEOGRAFICOS DEL ATRIBUTO niv2","simbologia":"CPuc: Cacao","label":"Cacao","SHAPE_Leng":9317.35224931,"SHAPE_Area":1074965.60737},"geometry":{"type":"MultiPolygon","coordinates":[[[[-79.57565318868058,-2.84805072075625],[-79.57576009460202,-2.848206396339559],[-79.57615262184375,-2.848338497300474],[-79.57666407145918,-2.848530571108912],[-79.57715176644261,-2.848686719387366],[-79.57736582768318,-2.848794669158836],[-79.57737731589198,-2.849129699504726],[-79.57730562423784,-2.849368908103862],[-79.57790035826457,-2.849573048869267],[-79.57834042577488,-2.849753068148193],[-79.57839964521261,-2.849980474608314],[-79.57888740002605,-2.850088763816925],[-79.57917299272938,-2.85008911800116],[-79.57945887801347,-2.849850174671198],[-79.57963752003874,-2.849730747206358],[-79.57982775353133,-2.849862596616209],[-79.57995820992498,-2.8502217050795],[-79.58010025871296,-2.8508320905167],[-79.58031393940196,-2.851251125770396],[-79.58045631011788,-2.851598284378926],[-79.58058673822813,-2.851981322350967],[-79.58066962509464,-2.852316442550991],[-79.58088358480107,-2.852508145952422],[-79.58193616461172,-2.852501890107503],[-79.58193585334604,-2.852755926386605],[-79.58186436717017,-2.852827627060369],[-79.58178095120675,-2.852923243290507],[-79.58153108636395,-2.852899003337733],[-79.58135247307175,-2.852994501543182],[-79.58129284239816,-2.853102111908838],[-79.58131643702666,-2.853269649020683],[-79.58147097166493,-2.853401454283987],[-79.58150627515097,-2.853724550889289],[-79.58097015585078,-2.854238376241447],[-79.58091089200515,-2.854046864565273],[-79.58081609095164,-2.853723695139509],[-79.58063780043801,-2.853555965291482],[-79.5803286865373,-2.853328248695622],[-79.58007890989484,-2.85323222023465],[-79.57973405265192,-2.853040354269574],[-79.5794723913217,-2.852932345371728],[-79.57930575100005,-2.852968033584255],[-79.5791628518941,-2.853051610067121],[-79.57897232432711,-2.853159057706729],[-79.57881739248354,-2.853350303340095],[-79.57884104460207,-2.853469981574509],[-79.57898359198636,-2.853673561300815],[-79.57923338318996,-2.853757625313174],[-79.57943557535589,-2.853841631102864],[-79.57961385093421,-2.854021325763167],[-79.57963726804456,-2.854332441801446],[-79.57948241038856,-2.854463863142077],[-79.5794346496103,-2.854595417438826],[-79.57958872515647,-2.855302893186618],[-79.57914261173983,-2.855449346939729],[-79.57839289909602,-2.85547234556188],[-79.5780121225075,-2.855459906563301],[-79.57772667580511,-2.855339902803071],[-79.57752445426597,-2.855279826908506],[-79.57733397037782,-2.855351379972866],[-79.57733385260079,-2.855447098309256],[-79.5773216585819,-2.855686380702034],[-79.57742816654104,-2.856165108346312],[-79.57804665849379,-2.856405175347036],[-79.57830811499733,-2.856680692276564],[-79.57848631694156,-2.856920211563971],[-79.57904503134957,-2.857387536110058],[-79.57936583911814,-2.857782776609487],[-79.57962754543337,-2.857854891093711],[-79.57991333134743,-2.857699702348568],[-79.58012770315877,-2.857556390382994],[-79.57990182883577,-2.857376636356292],[-79.57968775032482,-2.857280651751065],[-79.57962825149639,-2.857280577809378],[-79.57922416040834,-2.856873269184493],[-79.57934339334018,-2.856681979345428],[-79.57945049044415,-2.856682112436166],[-79.57968850032974,-2.856670443468451],[-79.58009297476751,-2.856766664531856],[-79.58023565396765,-2.856862561255862],[-79.58033051435758,-2.857137871080051],[-79.58037784810465,-2.857353298319041],[-79.58063939372714,-2.857557026018542],[-79.58080616620829,-2.857413654750363],[-79.58093723987406,-2.85727023911305],[-79.58109196666432,-2.857246500876778],[-79.58125832860337,-2.857438145588255],[-79.58149626446895,-2.857486300717709],[-79.58152034365585,-2.857258997333202],[-79.58143725123514,-2.857091386339647],[-79.58117572013701,-2.856875693200328],[-79.5809498162449,-2.856719869663293],[-79.58096190681611,-2.856564340652218],[-79.58117626362683,-2.856432993015002],[-79.58150954553076,-2.85636161736749],[-79.58185481420578,-2.856218467242401],[-79.58206908375243,-2.856158908480537],[-79.58228339641988,-2.856063454647887],[-79.5825095361957,-2.856027839943636],[-79.58258086126571,-2.856087752889746],[-79.58259268749687,-2.856147592076909],[-79.58264002266279,-2.856363019418062],[-79.5826517315121,-2.856518577163569],[-79.58288944824069,-2.856746205267428],[-79.58344873746428,-2.856746898471534],[-79.58375821955526,-2.856675492651157],[-79.58399628847972,-2.856615963005479],[-79.58419885079782,-2.856659427659991],[-79.58432317297901,-2.856456038259652],[-79.58454938623801,-2.856360598672751],[-79.58471607126872,-2.856289015710447],[-79.58509708364353,-2.856110013523022],[-79.58581178785629,-2.855524617272847],[-79.5861208600456,-2.855788227387591],[-79.58646551416119,-2.856147601241255],[-79.58688168500765,-2.856411343717524],[-79.58757130234514,-2.856878827490249],[-79.58810641341965,-2.857190577568637],[-79.58818955090702,-2.857322294359275],[-79.58822820013252,-2.857554282312761],[-79.58862801622975,-2.857569134046168],[-79.589027849941,-2.857569627776677],[-79.58947026001401,-2.857785542306069],[-79.59024133249574,-2.857815209629401],[-79.59048433448969,-2.857614498815059],[-79.59052747151964,-2.857370466831795],[-79.59058508088967,-2.856968515788513],[-79.59068535429319,-2.856710197222553],[-79.59098538738307,-2.856581345054209],[-79.59131385742742,-2.856553034046704],[-79.59162804685464,-2.856524705343971],[-79.59179058388749,-2.856236423333288],[-79.59095595232299,-2.85639270880135],[-79.58971860530535,-2.856199744245492],[-79.58924343166969,-2.855529121590814],[-79.58929143979185,-2.855194162128937],[-79.58905443657548,-2.854380254475638],[-79.58865797210954,-2.854170822234886],[-79.58827654673028,-2.854295274777531],[-79.58762145988445,-2.854785028286138],[-79.58732406768344,-2.854700906005684],[-79.58707452333257,-2.85441344024385],[-79.58652760182243,-2.854029887386255],[-79.58560020399085,-2.853354173844317],[-79.58663629301596,-2.852725844452328],[-79.58694318663649,-2.852513405654799],[-79.5862974313031,-2.85131383218776],[-79.58606503472164,-2.850216805494632],[-79.58601347350988,-2.849973410512301],[-79.5857291661069,-2.848920146966611],[-79.5856190891973,-2.848687993382305],[-79.58520692232477,-2.847818730182022],[-79.58482659975991,-2.847435383845792],[-79.583542778511,-2.846333027389768],[-79.5834397009581,-2.846112083959496],[-79.58331576461795,-2.845846429517389],[-79.58303356773904,-2.84594207747822],[-79.58273613456244,-2.845893850331155],[-79.58261742150891,-2.845661584929014],[-79.5824033860388,-2.845532098980482],[-79.58227516828778,-2.84528785712881],[-79.58216117659282,-2.845086705507786],[-79.58190440792463,-2.844871020571126],[-79.58163339401618,-2.844626601425246],[-79.58156227707119,-2.84439678801105],[-79.58133410282944,-2.844152421807377],[-79.58103461789446,-2.843836178268941],[-79.58103505659648,-2.843477232724692],[-79.58119248221969,-2.843190269427895],[-79.58117860617737,-2.84286002095897],[-79.58110775237411,-2.842414839367625],[-79.58072243284121,-2.842227711476102],[-79.5805652354855,-2.84232802216706],[-79.58035046288867,-2.842801566408203],[-79.57980727882133,-2.843260346634347],[-79.57982127734977,-2.843490090223861],[-79.58006374904177,-2.843720115442792],[-79.58034919896541,-2.843835331082297],[-79.58072002859576,-2.844194736423005],[-79.58077677804181,-2.844496322151943],[-79.58081935328978,-2.844711742412112],[-79.58097620085302,-2.844898589170202],[-79.58136166156157,-2.844970854847797],[-79.58144733881318,-2.844970960734905],[-79.58160432603586,-2.845042943969631],[-79.58167540786476,-2.845301473958006],[-79.58188914571885,-2.845675043034472],[-79.58157018770066,-2.845712936121374],[-79.5815466374266,-2.845509504039978],[-79.58110652619455,-2.845365380642014],[-79.58044039487143,-2.845161154025909],[-79.58008324448825,-2.845292325902603],[-79.5798565515136,-2.84578260586247],[-79.57990391504433,-2.84597410259131],[-79.579879720604,-2.84629712440254],[-79.57966551273032,-2.846308824854381],[-79.57951094876016,-2.846200949294543],[-79.57954695574927,-2.845949731332324],[-79.57951163734755,-2.845638600615254],[-79.57934510074351,-2.845590534717288],[-79.57898818562425,-2.845530268376201],[-79.57884525748761,-2.84563777556163],[-79.57871403913005,-2.845900840210458],[-79.57879664728155,-2.846463291883606],[-79.57893888652104,-2.846918133291411],[-79.57915266929467,-2.847253415383216],[-79.57933081235464,-2.847540793603339],[-79.57960407988692,-2.847888113225462],[-79.57985754792276,-2.847945991464544],[-79.57976063971647,-2.848179038147605],[-79.57962726958915,-2.848255448347498],[-79.57955113503705,-2.848236209946194],[-79.5794179995172,-2.848121182336254],[-79.57928486402692,-2.848006153819529],[-79.57922783961367,-2.847929508665392],[-79.57911369605509,-2.84785279183108],[-79.57903763284492,-2.847776122181266],[-79.57890449743587,-2.847661094563111],[-79.57879030699866,-2.847622664903531],[-79.57844766804256,-2.847564808909989],[-79.57823830439897,-2.847507118066064],[-79.57810521608674,-2.847353802333783],[-79.57799123793343,-2.847143079906499],[-79.57787711804755,-2.847047218991964],[-79.57770583394773,-2.846989575323265],[-79.57757251094591,-2.847027697218671],[-79.57736377833842,-2.847572416867342],[-79.5769155944846,-2.847202782141756],[-79.57565318868058,-2.84805072075625]]]]}},{"type":"Feature","properties":{"OBJECTID":97,"fcode":"EA010","descr":"PRODUCTO AGRICOLA, RESULTADO DE UN CONJUNTO DE TECNICAS Y CONOCIMIENTOS PARA CULTIVAR LA TIERRA","DPA_DESPRO":"AZUAY","DPA_DESCAN":"CUENCA","niv1":"TIERRA AGROPECUARIA","niv2":"CULTIVO","niv3":"CULTIVO PERMANENTE","niv4":"FRUTALES","niv5":"CACAO","cbt":"CACAO","tmp":"CULTIVO PERMANENTE","nal":"NO APLICABLE","uso":"AGRICOLA","tap":"MEDIANA","rie":"NO","spr":"MERCANTIL","sce":16.4880745415,"usce":"HECTAREAS","txt":"EL CODIGO (fcode) Y LA DESCRIPCION (descr) CORRESPONDEN A LOS OBJETOS GEOGRAFICOS DEL ATRIBUTO niv2","simbologia":"CPuc: Cacao","label":"Cacao","SHAPE_Leng":1695.8371321,"SHAPE_Area":164880.745415},"geometry":{"type":"MultiPolygon","coordinates":[[[[-79.45170365469295,-2.662683987685662],[-79.45176921440802,-2.662737293274075],[-79.45184524267157,-2.662828317522065],[-79.45184506340546,-2.66297188773555],[-79.45183064345002,-2.663086726781447],[-79.45192563479765,-2.663235203165234],[-79.4520682935096,-2.66332152558484],[-79.45223473333304,-2.663417449090212],[-79.4523774339239,-2.663470272376852],[-79.45259145064261,-2.663575827899167],[-79.45278169138992,-2.663666995437249],[-79.45296230725761,-2.663844294930108],[-79.45304310677025,-2.663925753245328],[-79.45313348849952,-2.663954581431905],[-79.4532931276165,-2.663966459384687],[-79.45329052551713,-2.663959565619318],[-79.45332869755566,-2.663878256553224],[-79.45358094713927,-2.663854646741938],[-79.45369499837444,-2.663984004151434],[-79.45373295634855,-2.664074980370655],[-79.45376139601889,-2.66416594458182],[-79.45380888931759,-2.664242575779416],[-79.45391347095814,-2.664333636067701],[-79.45407518872692,-2.664400839408791],[-79.45423691249258,-2.664463257662542],[-79.45441299642303,-2.664458693797527],[-79.45453666072348,-2.664511492943332],[-79.45454610144213,-2.664573718183197],[-79.45449364597415,-2.664659795292004],[-79.45452676128473,-2.664817764743357],[-79.45470761041513,-2.664808421791185],[-79.45484856652243,-2.664860695592558],[-79.45485989357353,-2.664808613858592],[-79.45501232682919,-2.664689163586033],[-79.45516920208037,-2.664823360982342],[-79.45529274804895,-2.664971873420417],[-79.4554353467873,-2.665106052818297],[-79.45554013044,-2.665208390076155],[-79.45564711386567,-2.665108711899866],[-79.45575428712144,-2.665029883574334],[-79.45584000925449,-2.664979741430204],[-79.45588299109971,-2.66485776005174],[-79.45589034364959,-2.664685484466637],[-79.45589049572685,-2.664563449102289],[-79.45594063415801,-2.664427119656783],[-79.45602641884253,-2.66432672824932],[-79.45607657512353,-2.664176041733531],[-79.45609814156407,-2.664054034240336],[-79.45614827098295,-2.663924882832807],[-79.45620558292458,-2.6637598491373],[-79.45623434170062,-2.663594778563145],[-79.45622029757185,-2.663408118014497],[-79.45619906196136,-2.663264520535733],[-79.45617069655417,-2.663113735091644],[-79.45609945586304,-2.662998788792392],[-79.45602106931156,-2.662891011581493],[-79.45580716139676,-2.662696921271697],[-79.45572158251777,-2.662632207124701],[-79.45563603047154,-2.66254595604946],[-79.45557191069547,-2.662445375804272],[-79.45555061253955,-2.662352027577083],[-79.45548649277394,-2.662251447337043],[-79.45535817370344,-2.662114893118264],[-79.45542269484429,-2.66189243936874],[-79.4553800976276,-2.661705743836499],[-79.45538021383088,-2.661612422587178],[-79.45538853795765,-2.661433217968421],[-79.45522585538002,-2.661368158057857],[-79.45498351689672,-2.661075924657886],[-79.45466041556776,-2.660673519946485],[-79.45437991749858,-2.660453023836571],[-79.45398503452758,-2.660371170041416],[-79.45358037698642,-2.660495087703281],[-79.45308528420924,-2.660633249136532],[-79.4526187146162,-2.660795374390795],[-79.45230446330913,-2.660928977452794],[-79.45211857610566,-2.661163241676077],[-79.45199412911347,-2.661737368275547],[-79.45189828867733,-2.662268458866076],[-79.4518027835411,-2.66253155106722],[-79.45170365469295,-2.662683987685662]]]]}},{"type":"Feature","properties":{"OBJECTID":98,"fcode":"EA010","descr":"PRODUCTO AGRICOLA, RESULTADO DE UN CONJUNTO DE TECNICAS Y CONOCIMIENTOS PARA CULTIVAR LA TIERRA","DPA_DESPRO":"AZUAY","DPA_DESCAN":"CUENCA","niv1":"TIERRA AGROPECUARIA","niv2":"CULTIVO","niv3":"CULTIVO PERMANENTE","niv4":"FRUTALES","niv5":"CACAO","cbt":"CACAO","tmp":"CULTIVO PERMANENTE","nal":"NO APLICABLE","uso":"AGRICOLA","tap":"MEDIANA","rie":"NO","spr":"MERCANTIL","sce":15.6366282031,"usce":"HECTAREAS","txt":"EL CODIGO (fcode) Y LA DESCRIPCION (descr) CORRESPONDEN A LOS OBJETOS GEOGRAFICOS DEL ATRIBUTO niv2","simbologia":"CPuc: Cacao","label":"Cacao","SHAPE_Leng":2035.40028195,"SHAPE_Area":156366.282031},"geometry":{"type":"MultiPolygon","coordinates":[[[[-79.45618276334994,-2.661252827563982],[-79.4562084249329,-2.661477072584411],[-79.45622238880046,-2.661728340308624],[-79.45616495201888,-2.661993874327764],[-79.45615762654697,-2.662144613924974],[-79.45623587906678,-2.662360069445257],[-79.45629277976177,-2.662525247882767],[-79.45635685493633,-2.662661721209307],[-79.45651399539291,-2.662582954663511],[-79.45669981493059,-2.662403724642731],[-79.4569569091319,-2.662310726718585],[-79.45717109416596,-2.66228228204849],[-79.45733524828745,-2.66230402463593],[-79.45744931792653,-2.662419024785497],[-79.45757041024105,-2.66262735526119],[-79.45770600147699,-2.662656239988017],[-79.45782727241584,-2.662720999855587],[-79.45772000125116,-2.662878792848981],[-79.45767699294173,-2.663022309581037],[-79.4575840795686,-2.663115514178689],[-79.45737704201466,-2.663136789747616],[-79.4571129875258,-2.663086207216237],[-79.45699172557384,-2.663014269203293],[-79.45684902243701,-2.662963839363605],[-79.45672056818029,-2.662934963517992],[-79.45659910075608,-2.66302813205779],[-79.45657750762518,-2.663171675633546],[-79.45658443096833,-2.663343970166872],[-79.45668399249024,-2.663645594129579],[-79.45676225400335,-2.663853870740762],[-79.45696905033118,-2.664026416964613],[-79.45712612042605,-2.664005078649797],[-79.45729755556195,-2.663911972991088],[-79.45759749867878,-2.663804672847262],[-79.45786168735827,-2.663747576052642],[-79.4580188190778,-2.66367598832358],[-79.4582045405697,-2.663575722352991],[-79.45834044442044,-2.663353357981801],[-79.45840493943034,-2.663152439856194],[-79.45860509714393,-2.662922977200849],[-79.45888353640078,-2.662887434958251],[-79.45915469330274,-2.662966739334355],[-79.45949721625786,-2.663060491349463],[-79.45971850380087,-2.663060769395043],[-79.45988289902095,-2.662888690749438],[-79.46003986123583,-2.662953494408312],[-79.46020604360147,-2.66307594062127],[-79.46028259386598,-2.66292987107723],[-79.46060197274784,-2.662499558133007],[-79.46075956760733,-2.662054684827102],[-79.46068384217625,-2.661719589483495],[-79.46052716714222,-2.661422678783337],[-79.460170893393,-2.660905375088255],[-79.46010459042232,-2.660646864068523],[-79.46004877265456,-2.659608294999225],[-79.4598587864544,-2.659311342663553],[-79.45954490346284,-2.659148234783867],[-79.45929746688334,-2.659128781204946],[-79.45900227527403,-2.659243267481636],[-79.45875444069918,-2.659544456204547],[-79.45850172203782,-2.659946138299988],[-79.45821107446154,-2.660232915892419],[-79.45796821267129,-2.660361824535817],[-79.45756833770866,-2.660466607583986],[-79.45716365600356,-2.660609669665104],[-79.45664932466629,-2.660910522394846],[-79.45618276334994,-2.661252827563982]]]]}},{"type":"Feature","properties":{"OBJECTID":99,"fcode":"EA010","descr":"PRODUCTO AGRICOLA, RESULTADO DE UN CONJUNTO DE TECNICAS Y CONOCIMIENTOS PARA CULTIVAR LA TIERRA","DPA_DESPRO":"AZUAY","DPA_DESCAN":"CUENCA","niv1":"TIERRA AGROPECUARIA","niv2":"CULTIVO","niv3":"CULTIVO PERMANENTE","niv4":"FRUTALES","niv5":"CACAO","cbt":"CACAO","tmp":"CULTIVO PERMANENTE","nal":"NO APLICABLE","uso":"AGRICOLA","tap":"MEDIANA","rie":"NO","spr":"MERCANTIL","sce":106.894415559,"usce":"HECTAREAS","txt":"EL CODIGO (fcode) Y LA DESCRIPCION (descr) CORRESPONDEN A LOS OBJETOS GEOGRAFICOS DEL ATRIBUTO niv2","simbologia":"CPuc: Cacao","label":"Cacao","SHAPE_Leng":9564.72280017,"SHAPE_Area":1068944.15559},"geometry":{"type":"MultiPolygon","coordinates":[[[[-79.45554346710365,-2.643901300100637],[-79.45556071305688,-2.64414843425946],[-79.4556435624268,-2.644495501561323],[-79.45565506053548,-2.644818550556708],[-79.4555595882193,-2.6450577162602],[-79.45557115934969,-2.645320944046891],[-79.45567795119423,-2.645548398771246],[-79.4558682141403,-2.645620422233721],[-79.45614171135747,-2.645728442963568],[-79.45617715109402,-2.645931879378763],[-79.45612911880018,-2.646290747099858],[-79.45602170592791,-2.646565790114356],[-79.45575979351813,-2.646709033007308],[-79.45535537009235,-2.646648705354818],[-79.45509363546715,-2.646648377578265],[-79.45486722265284,-2.64694720032735],[-79.45479552955072,-2.6471983596433],[-79.45477913914456,-2.647235908952072],[-79.45516722959925,-2.647515417910703],[-79.45543476419898,-2.64763539560862],[-79.45594012722462,-2.647845402166299],[-79.45629648235273,-2.648294508179251],[-79.45644423221131,-2.649072370217616],[-79.4567703264838,-2.64994018681378],[-79.45730506389107,-2.650449337851419],[-79.45816700704633,-2.650928987925341],[-79.45896913350713,-2.651677758219779],[-79.45908710376587,-2.652485494521573],[-79.45887823910988,-2.653023624488487],[-79.45884775550877,-2.653621800047531],[-79.45944205367493,-2.654071204785937],[-79.45970910876704,-2.654580021089557],[-79.45982689437635,-2.655537310089791],[-79.45914251383293,-2.655775738045483],[-79.45810110950222,-2.656103449691201],[-79.45801106480108,-2.656761370647031],[-79.45801035958564,-2.657329672555323],[-79.45759377471155,-2.657478702967699],[-79.45702866245291,-2.65747799333694],[-79.4565824462782,-2.657537254130412],[-79.45586832205095,-2.657775641871909],[-79.45527354172708,-2.657715072790837],[-79.45491707483528,-2.657355696926267],[-79.45444159996084,-2.657026082012453],[-79.45417421291482,-2.656786460694259],[-79.45417491973842,-2.656218160717771],[-79.4540268384807,-2.655709493968402],[-79.45352158542235,-2.655409752364907],[-79.45301581081121,-2.65552875848992],[-79.45286657625492,-2.655947319116046],[-79.45283627512384,-2.65639593998842],[-79.45280563870988,-2.657113754916864],[-79.45221000179048,-2.657741127145084],[-79.4517931571387,-2.658099528866902],[-79.45155465592578,-2.658547886027722],[-79.45084045711025,-2.658846090980244],[-79.45024564063702,-2.658815429822512],[-79.44974001428577,-2.658814791556706],[-79.44917456642149,-2.659083272458851],[-79.44851989117223,-2.659351640194674],[-79.44813297414902,-2.659560524883767],[-79.44777546313664,-2.660038640402348],[-79.44756681512442,-2.660397302796011],[-79.44762573933238,-2.660846035210974],[-79.44789278793269,-2.661354852041437],[-79.44753486412543,-2.662161982349312],[-79.44693955927929,-2.662520154771691],[-79.4466991846221,-2.662474514705198],[-79.44659133995904,-2.662929350099011],[-79.44637604094672,-2.663847927522081],[-79.44633979128494,-2.66429294966866],[-79.44643939387258,-2.664558681030746],[-79.44667481284358,-2.664673835574687],[-79.4471029563669,-2.664796413353145],[-79.44755259624863,-2.664854411255073],[-79.4477737929221,-2.664926476610235],[-79.44793059192087,-2.665120495450173],[-79.44837236504925,-2.665759943834575],[-79.44872859613373,-2.666305962850905],[-79.44873063644059,-2.666310454774832],[-79.44891821426303,-2.66666631428901],[-79.44891848790358,-2.666666832845094],[-79.44891829773891,-2.666667159989519],[-79.4489202124239,-2.666686502569183],[-79.44926205281976,-2.667835664958719],[-79.44946873977788,-2.668094354239634],[-79.44965414640605,-2.668245337504652],[-79.44993970588229,-2.668224164201992],[-79.45022537237423,-2.668116847866989],[-79.4504326079852,-2.667937646953463],[-79.45054710913165,-2.667708079393642],[-79.4506221409981,-2.666682491546649],[-79.45063261241076,-2.666666829177365],[-79.45064154159186,-2.666401706059319],[-79.45069943216656,-2.665774853920603],[-79.45061438341627,-2.665286606230865],[-79.45031057694928,-2.66467843963937],[-79.45013979625654,-2.664247511750387],[-79.45006887442287,-2.663878924298845],[-79.45010258756518,-2.663558326251936],[-79.45022650953813,-2.663405340656066],[-79.45050758691808,-2.663161625496285],[-79.45096001838104,-2.662889413549125],[-79.45142194408574,-2.66263635542668],[-79.45163157187311,-2.662445192626037],[-79.45179382685176,-2.662081684514574],[-79.45188506937775,-2.661421374744517],[-79.4519855074723,-2.661019503322207],[-79.45213331231913,-2.660794762142665],[-79.45240955196564,-2.660613254045137],[-79.45362348769719,-2.660270215111994],[-79.45400432652067,-2.660165409528792],[-79.45432790432417,-2.660184959241437],[-79.45478912478758,-2.660496610368829],[-79.45538311775506,-2.661191285272367],[-79.4556019653891,-2.661239417090752],[-79.45595899890124,-2.661144152994849],[-79.45704015238333,-2.660427657428211],[-79.45727342540152,-2.660356165304075],[-79.45783514302515,-2.660218085563264],[-79.45808273419759,-2.660113111960293],[-79.45837815781964,-2.659811983308396],[-79.45864997749294,-2.659357682862548],[-79.45885487549063,-2.659142582812538],[-79.45914536136614,-2.658985019376767],[-79.4595213648315,-2.658942419894091],[-79.45975190345459,-2.659066189201321],[-79.45980161771794,-2.658881753578178],[-79.45986137054484,-2.658666471136921],[-79.45992112332996,-2.658451189584282],[-79.45996914228868,-2.658104285497384],[-79.46001708700709,-2.657817203604928],[-79.46013645878585,-2.6574943171195],[-79.46014874433217,-2.657468864151271],[-79.46004010835314,-2.657386325909606],[-79.4607089785933,-2.655546830122884],[-79.46096349954117,-2.654846855650081],[-79.4621115192111,-2.651689594430038],[-79.46219464388592,-2.65146098464556],[-79.46227541512573,-2.651238847296905],[-79.46215992330188,-2.651301628388674],[-79.46198832458882,-2.651179493900211],[-79.46171489907498,-2.651011653016607],[-79.46146523789906,-2.650867769115971],[-79.46128710687442,-2.650604332579553],[-79.46118038771934,-2.650317057057221],[-79.46101397722991,-2.650197206288492],[-79.46063332960644,-2.650148873365822],[-79.4603835505196,-2.650100703904253],[-79.4601694038845,-2.650100436253123],[-79.459967094998,-2.650148040670468],[-79.45985044492747,-2.650258173652055],[-79.45976460771296,-2.650339215825798],[-79.45955023917699,-2.650518411953409],[-79.45933604726332,-2.650554036349898],[-79.45906263733737,-2.650374230184437],[-79.45875369878637,-2.650062772712047],[-79.45839718680573,-2.649739291635763],[-79.45817139432586,-2.64953561684725],[-79.45798155987632,-2.649116629824549],[-79.45794628374145,-2.648781586655487],[-79.45811318285119,-2.648506616850737],[-79.45836321281662,-2.648351394572235],[-79.45848239030029,-2.648184043596623],[-79.45854214082999,-2.64796876191923],[-79.45832817225698,-2.647824922569634],[-79.45791195370407,-2.647680831192518],[-79.45755516125524,-2.647584670415996],[-79.45723420834801,-2.647368912644836],[-79.45698478551736,-2.647033601697013],[-79.45703299530919,-2.646531162309651],[-79.45725918669314,-2.646411803443925],[-79.45749703731585,-2.646483886297166],[-79.45777083172518,-2.646352621832265],[-79.45805658208232,-2.646173514948295],[-79.4583422280091,-2.646078157369363],[-79.45842164438075,-2.64601556652629],[-79.45850894900092,-2.645946758845967],[-79.45856042540656,-2.645830670428706],[-79.45865211182614,-2.645623902632782],[-79.45868832035383,-2.64520519822553],[-79.45849842640283,-2.644834068744077],[-79.45840375230112,-2.644427165020752],[-79.45828521069795,-2.644080053793592],[-79.45803547737779,-2.643995992402393],[-79.45757301185986,-2.644175019008611],[-79.45751175916457,-2.644198730483409],[-79.45716696793849,-2.644018835679006],[-79.45700079425451,-2.643707557296923],[-79.45675126819627,-2.643455996112776],[-79.45634694899711,-2.64331192002995],[-79.4558472615319,-2.643323259478006],[-79.4555373337746,-2.643813406340905],[-79.45554346710365,-2.643901300100637]]]]}},{"type":"Feature","properties":{"OBJECTID":100,"fcode":"EA010","descr":"PRODUCTO AGRICOLA, RESULTADO DE UN CONJUNTO DE TECNICAS Y CONOCIMIENTOS PARA CULTIVAR LA TIERRA","DPA_DESPRO":"AZUAY","DPA_DESCAN":"CUENCA","niv1":"TIERRA AGROPECUARIA","niv2":"CULTIVO","niv3":"CULTIVO PERMANENTE","niv4":"FRUTALES","niv5":"CACAO","cbt":"CACAO","tmp":"CULTIVO PERMANENTE","nal":"NO APLICABLE","uso":"AGRICOLA","tap":"PEQUENA","rie":"SI","spr":"MERCANTIL","sce":1.30690315831,"usce":"HECTAREAS","txt":"EL CODIGO (fcode) Y LA DESCRIPCION (descr) CORRESPONDEN A LOS OBJETOS GEOGRAFICOS DEL ATRIBUTO niv2","simbologia":"CPuc: Cacao","label":"Cacao","SHAPE_Leng":967.578475874,"SHAPE_Area":13069.0315831},"geometry":{"type":"MultiPolygon","coordinates":[[[[-79.64745392018983,-2.819493963421465],[-79.64768894480352,-2.819707369518605],[-79.64785325225111,-2.819628591417391],[-79.64801757626411,-2.819535454141117],[-79.64818901476266,-2.819463862969886],[-79.64836756865891,-2.819413817001148],[-79.64855325363447,-2.819370958899751],[-79.64873181580934,-2.819313734192228],[-79.64890323771061,-2.819256501119906],[-79.64908182471869,-2.819177738525027],[-79.64925325578366,-2.819113326714158],[-79.64943184276757,-2.819034564043143],[-79.64958902638813,-2.818941418117157],[-79.64973196345932,-2.818819539020151],[-79.64988201594488,-2.818719206035819],[-79.6500320766843,-2.818611693442875],[-79.65016787431027,-2.818489806835538],[-79.65031793500168,-2.818382294178247],[-79.65047513503723,-2.818274789803147],[-79.65061806368449,-2.818160090089815],[-79.65071819564889,-2.81800944438148],[-79.65086824707457,-2.817909111175905],[-79.65095411588126,-2.817744090542705],[-79.65095412414742,-2.817736910963294],[-79.65108602459851,-2.81757624006385],[-79.65097276068619,-2.817564516697157],[-79.65088759185521,-2.817585671422506],[-79.65088287709888,-2.817586842634351],[-79.65084451649986,-2.817611317840091],[-79.65062070052538,-2.817754405736689],[-79.65056223730707,-2.817791781321696],[-79.65041164436788,-2.817904629741232],[-79.65016690254366,-2.818088028329044],[-79.64998102295347,-2.818227317168637],[-79.64983778127069,-2.818410671079138],[-79.6496840213276,-2.818563845408769],[-79.64955393204144,-2.818693436423716],[-79.64935267112317,-2.818875300769311],[-79.6492871332013,-2.818934522401706],[-79.64915507752531,-2.819017309884236],[-79.64897635303109,-2.819047633222717],[-79.6489200725355,-2.819057181963451],[-79.64880892494448,-2.819076040498411],[-79.64875433585227,-2.819085301776374],[-79.64859644619649,-2.819112090310838],[-79.6485710445809,-2.81911640026158],[-79.64842252871316,-2.819141597910798],[-79.64838315054178,-2.819148279315565],[-79.64836534755776,-2.819142017787271],[-79.64790063493115,-2.819166347098903],[-79.64771846421199,-2.819265442004649],[-79.64745392018983,-2.819493963421465]]]]}},{"type":"Feature","properties":{"OBJECTID":101,"fcode":"EA010","descr":"PRODUCTO AGRICOLA, RESULTADO DE UN CONJUNTO DE TECNICAS Y CONOCIMIENTOS PARA CULTIVAR LA TIERRA","DPA_DESPRO":"AZUAY","DPA_DESCAN":"CUENCA","niv1":"TIERRA AGROPECUARIA","niv2":"CULTIVO","niv3":"CULTIVO PERMANENTE","niv4":"FRUTALES","niv5":"CACAO","cbt":"CACAO","tmp":"CULTIVO PERMANENTE","nal":"NO APLICABLE","uso":"AGRICOLA","tap":"PEQUENA","rie":"NO","spr":"MERCANTIL","sce":4.98660375656,"usce":"HECTAREAS","txt":"EL CODIGO (fcode) Y LA DESCRIPCION (descr) CORRESPONDEN A LOS OBJETOS GEOGRAFICOS DEL ATRIBUTO niv2","simbologia":"CPuc: Cacao","label":"Cacao","SHAPE_Leng":1134.04269811,"SHAPE_Area":49866.0375656},"geometry":{"type":"MultiPolygon","coordinates":[[[[-79.53140190824504,-2.89058719473055],[-79.53115167291406,-2.890850091765778],[-79.53081816960196,-2.891088950591092],[-79.53078239269573,-2.891148727184143],[-79.53079406145277,-2.89132821083868],[-79.5319482863463,-2.891377570349782],[-79.53244777289453,-2.891617512146979],[-79.5330784349447,-2.891642260395307],[-79.53394706498025,-2.891691247072885],[-79.53429214548639,-2.891703659449754],[-79.53439961322937,-2.891416648172942],[-79.53454125303979,-2.890860182732703],[-79.53456705624829,-2.890758809927374],[-79.53455550875321,-2.890483608639709],[-79.53453174007305,-2.890459647975926],[-79.5339348765366,-2.89048195331811],[-79.53298468135758,-2.890517463442106],[-79.53268716940603,-2.890529042449643],[-79.53241331938183,-2.890648332192741],[-79.53231819700383,-2.890588385452182],[-79.53227084338643,-2.890396889979209],[-79.53225918969964,-2.890205440885831],[-79.53221178995547,-2.890049839623984],[-79.5321525366619,-2.889858328708744],[-79.53187896361509,-2.889762255912456],[-79.53174783478457,-2.889941555015175],[-79.53154547615958,-2.889989150769238],[-79.53146186902916,-2.89022833470196],[-79.53140190824504,-2.89058719473055]]]]}},{"type":"Feature","properties":{"OBJECTID":102,"fcode":"EA010","descr":"PRODUCTO AGRICOLA, RESULTADO DE UN CONJUNTO DE TECNICAS Y CONOCIMIENTOS PARA CULTIVAR LA TIERRA","DPA_DESPRO":"AZUAY","DPA_DESCAN":"CUENCA","niv1":"TIERRA AGROPECUARIA","niv2":"CULTIVO","niv3":"CULTIVO PERMANENTE","niv4":"FRUTALES","niv5":"CACAO","cbt":"CACAO","tmp":"CULTIVO PERMANENTE","nal":"NO APLICABLE","uso":"AGRICOLA","tap":"PEQUENA","rie":"NO","spr":"MERCANTIL","sce":8.82912200764,"usce":"HECTAREAS","txt":"EL CODIGO (fcode) Y LA DESCRIPCION (descr) CORRESPONDEN A LOS OBJETOS GEOGRAFICOS DEL ATRIBUTO niv2","simbologia":"CPuc: Cacao","label":"Cacao","SHAPE_Leng":1728.82768777,"SHAPE_Area":88291.2200764},"geometry":{"type":"MultiPolygon","coordinates":[[[[-79.53592807102928,-2.888013589975816],[-79.53602028327434,-2.888793669285648],[-79.53605576864022,-2.888961220577111],[-79.53646021010282,-2.889081390843805],[-79.53675724715733,-2.889440714223736],[-79.53707806845557,-2.889812033791316],[-79.53723247615275,-2.890039562391014],[-79.53747045848131,-2.890051834915211],[-79.53754202609377,-2.889920316443958],[-79.53765033498416,-2.888975248997769],[-79.53770614001382,-2.88884107461824],[-79.53800149862171,-2.888603133786015],[-79.53820614651863,-2.888549942156465],[-79.53826961781165,-2.888593181020888],[-79.53866228249221,-2.888617617618582],[-79.53891217969154,-2.888617940608744],[-79.53920967660817,-2.888618325049159],[-79.53969784662533,-2.8884035921355],[-79.5398052361204,-2.88817640184305],[-79.53985315584964,-2.887925205741704],[-79.5397581407977,-2.887781507323828],[-79.53952021980174,-2.887721376716945],[-79.53931792238448,-2.887721115443076],[-79.53905617061794,-2.887684882955524],[-79.53894913369984,-2.887636885816174],[-79.53864018087475,-2.887289511981551],[-79.53838598279752,-2.886885021936942],[-79.53830596554216,-2.8869433753095],[-79.53773446710538,-2.887181929959203],[-79.53754400840796,-2.887229542551668],[-79.53735394762116,-2.88696607460431],[-79.53725932998425,-2.886511294780925],[-79.53704540878789,-2.886295654846665],[-79.53675999609281,-2.886151710234515],[-79.5361647592434,-2.886342374628452],[-79.53604560772985,-2.886461867009369],[-79.53606882596036,-2.886916553383342],[-79.53599702881013,-2.887227541291559],[-79.5359966917762,-2.887490762882622],[-79.53623447340303,-2.887658576010726],[-79.53659143834955,-2.887682966934787],[-79.53713852530649,-2.887922967943973],[-79.53716226432174,-2.88797085747501],[-79.53699968890855,-2.888170118129571],[-79.53694772959406,-2.888233802059562],[-79.53680502351602,-2.888161829627907],[-79.53644830348456,-2.88794600468951],[-79.53625790598102,-2.887945758249256],[-79.53592807102928,-2.888013589975816]]]]}},{"type":"Feature","properties":{"OBJECTID":103,"fcode":"EA010","descr":"PRODUCTO AGRICOLA, RESULTADO DE UN CONJUNTO DE TECNICAS Y CONOCIMIENTOS PARA CULTIVAR LA TIERRA","DPA_DESPRO":"AZUAY","DPA_DESCAN":"CUENCA","niv1":"TIERRA AGROPECUARIA","niv2":"CULTIVO","niv3":"CULTIVO PERMANENTE","niv4":"FRUTALES","niv5":"CACAO","cbt":"CACAO","tmp":"CULTIVO PERMANENTE","nal":"NO APLICABLE","uso":"AGRICOLA","tap":"PEQUENA","rie":"NO","spr":"MERCANTIL","sce":5.04978389677,"usce":"HECTAREAS","txt":"EL CODIGO (fcode) Y LA DESCRIPCION (descr) CORRESPONDEN A LOS OBJETOS GEOGRAFICOS DEL ATRIBUTO niv2","simbologia":"CPuc: Cacao","label":"Cacao","SHAPE_Leng":1138.90945337,"SHAPE_Area":50497.8389677},"geometry":{"type":"MultiPolygon","coordinates":[[[[-79.57323221033717,-2.860153567284208],[-79.57347294963466,-2.860821506792137],[-79.57356776361543,-2.861132711391356],[-79.57454716201805,-2.860958298620024],[-79.57464236059614,-2.860958417501513],[-79.57479431707043,-2.861250077377047],[-79.57490841371853,-2.861365082255845],[-79.57546044474812,-2.861461490730131],[-79.57570798363966,-2.861442655646781],[-79.57601285493217,-2.861251598346338],[-79.57628056561224,-2.861370333834509],[-79.57635331479507,-2.861286946694051],[-79.5763729451647,-2.860808376296576],[-79.57648784395307,-2.860272493430539],[-79.57625967482686,-2.860023339917293],[-79.57595475763038,-2.860252685504275],[-79.5758403074715,-2.860424836433852],[-79.5756878719758,-2.860520364674476],[-79.57545970397898,-2.860271211065677],[-79.57536476532702,-2.860060510873187],[-79.57536493071004,-2.85992650460466],[-79.57530276156247,-2.859390402054108],[-79.57514564963091,-2.859418921656775],[-79.57488879170084,-2.859275022247265],[-79.57454704295488,-2.859265024202768],[-79.57454682765977,-2.859439412182033],[-79.57454648751943,-2.859714902426855],[-79.57454641660665,-2.859772333535293],[-79.57418459256509,-2.859829313000816],[-79.5737085311169,-2.85988614964721],[-79.57342281928575,-2.859981511950893],[-79.57323221033717,-2.860153567284208]]]]}},{"type":"Feature","properties":{"OBJECTID":104,"fcode":"EA010","descr":"PRODUCTO AGRICOLA, RESULTADO DE UN CONJUNTO DE TECNICAS Y CONOCIMIENTOS PARA CULTIVAR LA TIERRA","DPA_DESPRO":"AZUAY","DPA_DESCAN":"CUENCA","niv1":"TIERRA AGROPECUARIA","niv2":"CULTIVO","niv3":"CULTIVO PERMANENTE","niv4":"FRUTALES","niv5":"CACAO","cbt":"CACAO","tmp":"CULTIVO PERMANENTE","nal":"NO APLICABLE","uso":"AGRICOLA","tap":"PEQUENA","rie":"NO","spr":"MERCANTIL","sce":9.57981164794,"usce":"HECTAREAS","txt":"EL CODIGO (fcode) Y LA DESCRIPCION (descr) CORRESPONDEN A LOS OBJETOS GEOGRAFICOS DEL ATRIBUTO niv2","simbologia":"CPuc: Cacao","label":"Cacao","SHAPE_Leng":2136.4574711,"SHAPE_Area":95798.1164794},"geometry":{"type":"MultiPolygon","coordinates":[[[[-79.58486146306919,-2.85897131249556],[-79.5850280244681,-2.859316643918377],[-79.58505637280498,-2.859488974320543],[-79.58501330481273,-2.859675573197232],[-79.58488447030349,-2.859933856001251],[-79.58484138463196,-2.860134812689258],[-79.5848554355434,-2.860321482327155],[-79.58484099735229,-2.860450686103722],[-79.58475510755481,-2.860622873984821],[-79.58452643686348,-2.860780526945909],[-79.5843834984023,-2.86089521348054],[-79.5843262913059,-2.860966931831945],[-79.58405349484559,-2.862172655344671],[-79.5840242302185,-2.862746935139767],[-79.58393812840953,-2.863091417731447],[-79.5836717286427,-2.863115075208631],[-79.58362405293212,-2.863267808907058],[-79.58301438086585,-2.863592496845884],[-79.58251915958205,-2.863745032390695],[-79.58190979333074,-2.863820849330872],[-79.58185239160743,-2.864050504349354],[-79.5820549042426,-2.864540896403679],[-79.58217547853349,-2.864529502205771],[-79.582689504781,-2.864568428666871],[-79.58295596735752,-2.864645335416842],[-79.58329873041563,-2.864607473223684],[-79.58358432635568,-2.864607828104546],[-79.58385085967431,-2.864627303343207],[-79.58432718345288,-2.864359880984431],[-79.58469351021034,-2.863302936961318],[-79.58492224527265,-2.863092639094616],[-79.58516987934485,-2.862997226593354],[-79.58518915423316,-2.86280581200364],[-79.58503716475524,-2.862537609421788],[-79.58498039792788,-2.86225038083679],[-79.58522562252116,-2.861451129574422],[-79.58543606885515,-2.860628204875657],[-79.58618171259894,-2.85810213773338],[-79.58631551095323,-2.857802639329623],[-79.58597276801112,-2.857699858787815],[-79.58561087402309,-2.857814273873015],[-79.5851726795981,-2.858043457261525],[-79.58513443648677,-2.858177416952878],[-79.58511497443216,-2.858521982524757],[-79.58515281979236,-2.858713467903952],[-79.58486146306919,-2.85897131249556]]]]}},{"type":"Feature","properties":{"OBJECTID":105,"fcode":"EA010","descr":"PRODUCTO AGRICOLA, RESULTADO DE UN CONJUNTO DE TECNICAS Y CONOCIMIENTOS PARA CULTIVAR LA TIERRA","DPA_DESPRO":"AZUAY","DPA_DESCAN":"CUENCA","niv1":"TIERRA AGROPECUARIA","niv2":"CULTIVO","niv3":"CULTIVO PERMANENTE","niv4":"FRUTALES","niv5":"CACAO","cbt":"CACAO","tmp":"CULTIVO PERMANENTE","nal":"NO APLICABLE","uso":"AGRICOLA","tap":"PEQUENA","rie":"NO","spr":"MERCANTIL","sce":20.8924691214,"usce":"HECTAREAS","txt":"EL CODIGO (fcode) Y LA DESCRIPCION (descr) CORRESPONDEN A LOS OBJETOS GEOGRAFICOS DEL ATRIBUTO niv2","simbologia":"CPuc: Cacao","label":"Cacao","SHAPE_Leng":2966.15567646,"SHAPE_Area":208924.691214},"geometry":{"type":"MultiPolygon","coordinates":[[[[-79.60893957943239,-2.853497370737589],[-79.6083804473909,-2.853829604147711],[-79.60704789324369,-2.853636542486535],[-79.60687666692635,-2.853553392295102],[-79.60628626654997,-2.853266682935524],[-79.60608503466823,-2.853606605241984],[-79.60556841960134,-2.854479272818231],[-79.60549665898982,-2.854778310929426],[-79.60548447072978,-2.855017595628649],[-79.60554378253096,-2.855173213603897],[-79.60559987803263,-2.855228575864872],[-79.6057610759707,-2.855142104367541],[-79.6059455704231,-2.855103443729804],[-79.60627280988925,-2.855109824495194],[-79.60664476654198,-2.855246579622214],[-79.60673076056877,-2.855304704264472],[-79.60698455257013,-2.855456834678984],[-79.60723354320696,-2.855636443377379],[-79.60754262419945,-2.855923069977302],[-79.60755571316952,-2.855931223173822],[-79.60789936817184,-2.855666649343282],[-79.60806613973759,-2.855523271372362],[-79.60822106826163,-2.855332019520151],[-79.60841148076506,-2.855320286362661],[-79.60868513548834,-2.855356514776493],[-79.60897066118741,-2.855416687291405],[-79.60901814489871,-2.855512464829522],[-79.60932738377757,-2.855644456199156],[-79.60963680982339,-2.855620902716979],[-79.60992255153643,-2.855501599629816],[-79.61019624877257,-2.855501932275018],[-79.61027950549541,-2.855537928954137],[-79.61029103127005,-2.855849034011095],[-79.60967107071433,-2.856817447878955],[-79.60946865735258,-2.856912922376374],[-79.60938457176377,-2.857003571782118],[-79.60941206345447,-2.85701880889647],[-79.60987985216728,-2.857242819414748],[-79.61043855792045,-2.857400674604745],[-79.6107414699095,-2.857379645562039],[-79.61094980133471,-2.857311099655535],[-79.61125341791028,-2.857170879350059],[-79.61153928950142,-2.856943890463323],[-79.61200686090386,-2.856528673264966],[-79.61238635405792,-2.856123585305847],[-79.6126562322191,-2.855841470579275],[-79.61296784592462,-2.855598570545843],[-79.61321404096411,-2.855465941271808],[-79.6134188566512,-2.855305203201415],[-79.61347149473528,-2.85524823642865],[-79.61355251893264,-2.855160549363644],[-79.61368957526189,-2.854987222415173],[-79.61387523629999,-2.854720767690821],[-79.61394209659525,-2.854624812162764],[-79.61404505214837,-2.854521909004597],[-79.61414949943773,-2.854457000603371],[-79.61427594146943,-2.854402864524165],[-79.61437450747005,-2.85434639104598],[-79.61433903760711,-2.854154907177519],[-79.6141486678864,-2.854130746839212],[-79.613934469158,-2.854130487377478],[-79.61393459819011,-2.854022801757444],[-79.61393471288036,-2.853927081909588],[-79.61393487057494,-2.853795465648795],[-79.61393504259566,-2.853651885424145],[-79.61405415630315,-2.853556309696714],[-79.614101770431,-2.853544401568596],[-79.61418506939815,-2.853544502441659],[-79.61423025470398,-2.853178195919989],[-79.61363172846544,-2.853219332366587],[-79.61322217651654,-2.85338156095309],[-79.61290773314288,-2.853620481116411],[-79.61247871706051,-2.854136851173895],[-79.61236409844568,-2.854452589816271],[-79.6123470933213,-2.85458805023744],[-79.61232565163078,-2.854758848194998],[-79.6123065081548,-2.85484497317118],[-79.61223025764191,-2.854921457142357],[-79.61198271600752,-2.854940301133204],[-79.61157355503197,-2.854777079934599],[-79.61039386749634,-2.854124749301808],[-79.60996565568145,-2.853971076351975],[-79.60977537270925,-2.853875124456024],[-79.60924244217473,-2.85372132500041],[-79.60893957943239,-2.853497370737589]]]]}},{"type":"Feature","properties":{"OBJECTID":106,"fcode":"EA010","descr":"PRODUCTO AGRICOLA, RESULTADO DE UN CONJUNTO DE TECNICAS Y CONOCIMIENTOS PARA CULTIVAR LA TIERRA","DPA_DESPRO":"AZUAY","DPA_DESCAN":"CUENCA","niv1":"TIERRA AGROPECUARIA","niv2":"CULTIVO","niv3":"CULTIVO PERMANENTE","niv4":"FRUTALES","niv5":"CACAO","cbt":"CACAO","tmp":"CULTIVO PERMANENTE","nal":"NO APLICABLE","uso":"AGRICOLA","tap":"PEQUENA","rie":"NO","spr":"MERCANTIL","sce":2.32632895821,"usce":"HECTAREAS","txt":"EL CODIGO (fcode) Y LA DESCRIPCION (descr) CORRESPONDEN A LOS OBJETOS GEOGRAFICOS DEL ATRIBUTO niv2","simbologia":"CPuc: Cacao","label":"Cacao","SHAPE_Leng":869.205795142,"SHAPE_Area":23263.2895821},"geometry":{"type":"MultiPolygon","coordinates":[[[[-79.62507518462505,-2.849711922518735],[-79.62517982160168,-2.849781445450515],[-79.6252321581038,-2.849800652691589],[-79.62528443213625,-2.849872505968544],[-79.62534145029292,-2.849958723050797],[-79.62538903222999,-2.849973138246525],[-79.62551280308556,-2.849963714946581],[-79.6255747282642,-2.849925500317803],[-79.6255795955082,-2.849834571128341],[-79.62557972042335,-2.849729279040271],[-79.62567212350731,-2.849665735702695],[-79.62599784088702,-2.849722604555778],[-79.6261924247914,-2.849849665028831],[-79.62618858215713,-2.850079390314502],[-79.62617419159157,-2.850172701280492],[-79.62610530231302,-2.850543824181249],[-79.62608791097821,-2.850578693323885],[-79.6265111043114,-2.850989871953152],[-79.62671695637218,-2.851208288952543],[-79.62677204396117,-2.851266738967476],[-79.62717504268632,-2.851010211214013],[-79.62797520360127,-2.850601961917086],[-79.62789903397277,-2.850550231172111],[-79.6274049930712,-2.850214698428737],[-79.6272765525916,-2.850147539366008],[-79.62685360899609,-2.84989656270246],[-79.62659686903538,-2.849644987446732],[-79.62628995252075,-2.849558470865975],[-79.62579650672718,-2.849554847562106],[-79.6255965876578,-2.849554607818453],[-79.62541805478692,-2.849583109919218],[-79.62525381546457,-2.84960086077624],[-79.62517977397825,-2.849654056603539],[-79.62507518462505,-2.849711922518735]]]]}},{"type":"Feature","properties":{"OBJECTID":107,"fcode":"EA010","descr":"PRODUCTO AGRICOLA, RESULTADO DE UN CONJUNTO DE TECNICAS Y CONOCIMIENTOS PARA CULTIVAR LA TIERRA","DPA_DESPRO":"AZUAY","DPA_DESCAN":"CUENCA","niv1":"TIERRA AGROPECUARIA","niv2":"CULTIVO","niv3":"CULTIVO PERMANENTE","niv4":"FRUTALES","niv5":"CACAO","cbt":"CACAO","tmp":"CULTIVO PERMANENTE","nal":"NO APLICABLE","uso":"AGRICOLA","tap":"PEQUENA","rie":"NO","spr":"MERCANTIL","sce":32.6865094524,"usce":"HECTAREAS","txt":"EL CODIGO (fcode) Y LA DESCRIPCION (descr) CORRESPONDEN A LOS OBJETOS GEOGRAFICOS DEL ATRIBUTO niv2","simbologia":"CPuc: Cacao","label":"Cacao","SHAPE_Leng":3583.64204366,"SHAPE_Area":326865.094524},"geometry":{"type":"MultiPolygon","coordinates":[[[[-79.60974107700316,-2.852796912770947],[-79.61012630440884,-2.852963021021306],[-79.61050701970575,-2.853030487946728],[-79.6110401342532,-2.853031134990076],[-79.61151609515994,-2.853060428513553],[-79.61226817913183,-2.853051768874595],[-79.61311834750154,-2.853267703193095],[-79.6132604976014,-2.85318059483629],[-79.61361283746731,-2.853094872521592],[-79.6140127427059,-2.853037924661157],[-79.61479341005003,-2.853010153589081],[-79.61551941368874,-2.853047901626915],[-79.6156028326351,-2.853052238941583],[-79.61587824915982,-2.853075695048842],[-79.61633063362012,-2.853114222352624],[-79.61700646804596,-2.853182044050179],[-79.61735862609248,-2.853249473513846],[-79.61763455512276,-2.853374243987774],[-79.61795791259597,-2.853642652377916],[-79.6183953949415,-2.854006918717419],[-79.61856071648313,-2.854210776824216],[-79.61878958783967,-2.854389484864784],[-79.61904583359775,-2.854409925344625],[-79.61917127725914,-2.854409224767389],[-79.61948174408248,-2.853939322907575],[-79.6199109465759,-2.853265010006329],[-79.62025376734735,-2.853179274843762],[-79.62099652751235,-2.853007872046825],[-79.62138225634769,-2.852864755806383],[-79.62165134973817,-2.852612743772802],[-79.62132090083244,-2.852425323504101],[-79.6210114070926,-2.852505356044547],[-79.62073525730665,-2.852311706125181],[-79.62068324280082,-2.85227523136002],[-79.62038362128769,-2.852059498213649],[-79.62038352962942,-2.852059420320839],[-79.62031359832538,-2.852152147607428],[-79.62016115361436,-2.852257256800336],[-79.61994208120382,-2.852352712991224],[-79.61993657284579,-2.852355473956117],[-79.61978967069119,-2.852429105988007],[-79.61968490569153,-2.852467268493784],[-79.61954204992377,-2.852514955902401],[-79.61939919415079,-2.852562644191867],[-79.6193135939736,-2.852495536903505],[-79.6192185550303,-2.852361413273771],[-79.61921866921789,-2.852265692304087],[-79.61920934281967,-2.852102955897687],[-79.61917130916127,-2.852064622131059],[-79.61899998509564,-2.852035699359909],[-79.61888579100496,-2.851997272825773],[-79.61874290105399,-2.852073677156093],[-79.61851440048363,-2.852092545881719],[-79.61831444731556,-2.852121020752622],[-79.61816202541156,-2.852206985226256],[-79.61788593647336,-2.852216223725046],[-79.61777183479693,-2.852101221446635],[-79.6177909891947,-2.852005524423837],[-79.61789581126486,-2.851919501642904],[-79.61806722661912,-2.851871848903869],[-79.61817206008891,-2.85177625435044],[-79.61823887046097,-2.851632754270376],[-79.61818668454033,-2.851527493457118],[-79.61815339700381,-2.851460353398554],[-79.61815355693737,-2.851326344641988],[-79.61797295973273,-2.851009683043478],[-79.61718419441299,-2.851596339014951],[-79.61703416214316,-2.851620190751361],[-79.61676564613406,-2.851662878226225],[-79.61661351112777,-2.851509542114694],[-79.61496807757736,-2.850244042183796],[-79.61446400389485,-2.849841406487251],[-79.61409965689825,-2.850000503440221],[-79.61398531538721,-2.850086514307963],[-79.61383287087264,-2.850191622513741],[-79.61369946637767,-2.850296752819413],[-79.61367081511297,-2.850373294679411],[-79.61363263281359,-2.850459396729836],[-79.61351824449439,-2.850583695263674],[-79.61345153693253,-2.850641046691966],[-79.61331829280462,-2.850612169331319],[-79.61323277441655,-2.850478057139051],[-79.61310910720118,-2.850401330926592],[-79.6129853721307,-2.850382037684314],[-79.61287112135007,-2.850391471084532],[-79.61269033588299,-2.850314675687307],[-79.61265245071547,-2.850151905099132],[-79.61255737847921,-2.85004649741375],[-79.61235972037616,-2.849843212383387],[-79.61193819436302,-2.850125031862406],[-79.61085495451182,-2.849271281043707],[-79.61062290894634,-2.849429193090772],[-79.60981251323301,-2.850433273501593],[-79.60990558643186,-2.852204212743308],[-79.60974107700316,-2.852796912770947]]]]}},{"type":"Feature","properties":{"OBJECTID":108,"fcode":"EA010","descr":"PRODUCTO AGRICOLA, RESULTADO DE UN CONJUNTO DE TECNICAS Y CONOCIMIENTOS PARA CULTIVAR LA TIERRA","DPA_DESPRO":"AZUAY","DPA_DESCAN":"CUENCA","niv1":"TIERRA AGROPECUARIA","niv2":"CULTIVO","niv3":"CULTIVO PERMANENTE","niv4":"FRUTALES","niv5":"CACAO","cbt":"CACAO","tmp":"CULTIVO PERMANENTE","nal":"NO APLICABLE","uso":"AGRICOLA","tap":"PEQUENA","rie":"NO","spr":"MERCANTIL","sce":16.8485493019,"usce":"HECTAREAS","txt":"EL CODIGO (fcode) Y LA DESCRIPCION (descr) CORRESPONDEN A LOS OBJETOS GEOGRAFICOS DEL ATRIBUTO niv2","simbologia":"CPuc: Cacao","label":"Cacao","SHAPE_Leng":2013.12714762,"SHAPE_Area":168485.493019},"geometry":{"type":"MultiPolygon","coordinates":[[[[-79.65211577933144,-2.82519903181252],[-79.65199657426604,-2.825378371725997],[-79.65180592908672,-2.825593523513458],[-79.65169867877793,-2.82572501607753],[-79.65156747727943,-2.82598809834665],[-79.6515077848799,-2.826155542499278],[-79.65140025818974,-2.826526339844188],[-79.65143575077026,-2.826705860155635],[-79.65147122953363,-2.826897345532632],[-79.65150672121068,-2.82707686585042],[-79.65150090508764,-2.827128948619809],[-79.65148267322678,-2.827292212798313],[-79.65147854747028,-2.827357374197116],[-79.65147055249676,-2.827483642607105],[-79.65155376799505,-2.827555531142569],[-79.65166083896426,-2.827579586308999],[-79.65176799193793,-2.827531850182744],[-79.651792929894,-2.827517957871722],[-79.65198232729493,-2.827412447761089],[-79.65235137361961,-2.827281260719997],[-79.65250615365821,-2.827209649900268],[-79.65262538659968,-2.82700637985688],[-79.65266140390877,-2.826731220416017],[-79.6527687785029,-2.826492041237111],[-79.6528285121898,-2.826288700830818],[-79.65297148900783,-2.826133319605255],[-79.65311446578741,-2.825977937438836],[-79.6533763855175,-2.825870556004202],[-79.65340942122795,-2.825857106303797],[-79.65371464763244,-2.825732840135585],[-79.65375735943783,-2.825715451016235],[-79.65425735813979,-2.825536554270196],[-79.65488815818466,-2.825441566940834],[-79.65493365543595,-2.825412747733003],[-79.65511442019385,-2.825298246379145],[-79.65548341079656,-2.82521491907473],[-79.65552777831127,-2.825214970682788],[-79.65562620828058,-2.825215085169928],[-79.65581655018654,-2.825263167842417],[-79.65596744603725,-2.825292249855632],[-79.6560663912415,-2.825311318770646],[-79.65631632864843,-2.825275714051585],[-79.65641170644558,-2.825120275878308],[-79.65651818784795,-2.824823942934896],[-79.65651914800274,-2.824821269562095],[-79.65669820910674,-2.824330901138489],[-79.6566984428418,-2.824127491020114],[-79.65675835432883,-2.823768602958759],[-79.65677963001637,-2.823712641580773],[-79.65685384182072,-2.823517442135452],[-79.65683026246238,-2.823325970357663],[-79.65674727937277,-2.823050672963066],[-79.65672366623203,-2.822761727474206],[-79.65674773285393,-2.82265581960614],[-79.65686721171149,-2.822237173302588],[-79.65689132688986,-2.821961999343987],[-79.65685579288095,-2.821818375025938],[-79.65668925056625,-2.821770320396198],[-79.65664902296677,-2.82178257978698],[-79.6565329256769,-2.821817961358565],[-79.65618312208967,-2.82192456550218],[-79.65614166802474,-2.82193719879686],[-79.65585592258985,-2.822068484840349],[-79.6555819520697,-2.822307472164596],[-79.65505810066392,-2.822534203816556],[-79.65432544781638,-2.82280213912224],[-79.65417920142878,-2.822895477425181],[-79.65416825444034,-2.822902464300036],[-79.65402530860504,-2.823031523506857],[-79.65385386942353,-2.823103115458585],[-79.65383829104736,-2.823113058137919],[-79.65369667598479,-2.823203440532782],[-79.65329573413891,-2.823573130861956],[-79.65316468499793,-2.823704596926982],[-79.65302176378466,-2.823812117153024],[-79.6529502135613,-2.823943651565167],[-79.65286669386225,-2.824134999256497],[-79.65283076060639,-2.824338366554839],[-79.65280676741267,-2.824505852503464],[-79.65269948974675,-2.824661275402101],[-79.65253271393784,-2.824816629831373],[-79.65229448336382,-2.825019761239634],[-79.65211577933144,-2.82519903181252]]]]}},{"type":"Feature","properties":{"OBJECTID":109,"fcode":"EA010","descr":"PRODUCTO AGRICOLA, RESULTADO DE UN CONJUNTO DE TECNICAS Y CONOCIMIENTOS PARA CULTIVAR LA TIERRA","DPA_DESPRO":"AZUAY","DPA_DESCAN":"CUENCA","niv1":"TIERRA AGROPECUARIA","niv2":"CULTIVO","niv3":"CULTIVO PERMANENTE","niv4":"FRUTALES","niv5":"CACAO","cbt":"CACAO","tmp":"CULTIVO PERMANENTE","nal":"NO APLICABLE","uso":"AGRICOLA","tap":"PEQUENA","rie":"NO","spr":"MERCANTIL","sce":70.8932060187,"usce":"HECTAREAS","txt":"EL CODIGO (fcode) Y LA DESCRIPCION (descr) CORRESPONDEN A LOS OBJETOS GEOGRAFICOS DEL ATRIBUTO niv2","simbologia":"CPuc: Cacao","label":"Cacao","SHAPE_Leng":4850.30911779,"SHAPE_Area":708932.060187},"geometry":{"type":"MultiPolygon","coordinates":[[[[-79.64768894480352,-2.819707369518605],[-79.64757454188053,-2.819850819361881],[-79.64749581268924,-2.820015847773106],[-79.64745276642685,-2.820195275196937],[-79.64743113085447,-2.82038190810684],[-79.64743091517737,-2.82056856513231],[-79.64740928046577,-2.820755198036658],[-79.64737337348326,-2.820934634682043],[-79.64730891547607,-2.821106858378356],[-79.6472016442821,-2.821257495100422],[-79.64707297712998,-2.821386568961947],[-79.6469585738989,-2.821530017719762],[-79.6468085208673,-2.821630350929095],[-79.64671123087139,-2.82170132293124],[-79.64665131183176,-2.821745033080734],[-79.64649410277025,-2.821859715195873],[-79.64633691770183,-2.821952860386903],[-79.64617973351456,-2.822046005545336],[-79.64605819814483,-2.822182266209669],[-79.64589385701638,-2.822289761171081],[-79.64589384039624,-2.822304119394201],[-79.64580797131282,-2.822469139133156],[-79.64569355950424,-2.822619767199953],[-79.64553632531118,-2.822755986864305],[-79.6467033173615,-2.824107030538595],[-79.64764251324327,-2.824873904018671],[-79.64852389863326,-2.824180951121164],[-79.64897651822936,-2.823810557577393],[-79.64957105089582,-2.824206104708236],[-79.65030808428683,-2.824858890336202],[-79.65030793898985,-2.824984706582405],[-79.65030788165244,-2.825034354919233],[-79.6503077040727,-2.825188115256451],[-79.65022414238325,-2.8254153576694],[-79.6501049656291,-2.825570766222164],[-79.6499858017646,-2.825714209691102],[-79.64989042327876,-2.825869646897385],[-79.6498188172455,-2.826049042000433],[-79.64979480966835,-2.826228492710336],[-79.64979458838856,-2.826419936283117],[-79.64979436709372,-2.826611379855249],[-79.64979413195165,-2.826814788480333],[-79.64974632593852,-2.826994211360035],[-79.649698505164,-2.827185599282132],[-79.64965069819617,-2.827365022141295],[-79.64959096389076,-2.827568361181861],[-79.64947178582648,-2.827723770420439],[-79.64937640790123,-2.827879206563402],[-79.64926911556205,-2.828046594720395],[-79.64917372282495,-2.828213996773683],[-79.64917092334295,-2.828219609274301],[-79.64909023059313,-2.828381412729738],[-79.64903265282238,-2.82853525233673],[-79.64944025677836,-2.828554365574996],[-79.64959735067946,-2.828540191072952],[-79.64962745914718,-2.828540226289796],[-79.64984066747263,-2.828541539291938],[-79.64984201443298,-2.828539647837393],[-79.64998369751554,-2.828340690837116],[-79.65020358525726,-2.828159505558642],[-79.65020238526401,-2.828135425681723],[-79.65027087585797,-2.82784767110225],[-79.65030109333908,-2.827720716024523],[-79.6504077585959,-2.827626453272408],[-79.65037888662746,-2.827435271416271],[-79.65037910235937,-2.827248614184886],[-79.65037931807696,-2.827061956952881],[-79.65035099089748,-2.826860907200444],[-79.65035123977212,-2.826645533472211],[-79.65039431123755,-2.826444567129664],[-79.6504516292272,-2.826272334859374],[-79.65052322691974,-2.826100118350126],[-79.650609104308,-2.825927919405098],[-79.6506807019356,-2.825755703768154],[-79.65078085988193,-2.825583520554378],[-79.65089526345919,-2.825440071393118],[-79.65102393015313,-2.8253109971256],[-79.65118112401784,-2.825210672665586],[-79.65135259668547,-2.825110363926393],[-79.65148127986677,-2.824966931309655],[-79.65155287726508,-2.824794715525511],[-79.6516101958149,-2.82462248216817],[-79.65166751343652,-2.824450249702751],[-79.65173914386587,-2.824249316457796],[-79.65181074113939,-2.824077100616069],[-79.65187254433106,-2.823928443528106],[-79.65188233838181,-2.823904884759253],[-79.65193965588516,-2.823732651337506],[-79.65199698991246,-2.823546060549627],[-79.65216862864952,-2.823302168934309],[-79.65216864519853,-2.823287810674105],[-79.65229731146907,-2.823158736078107],[-79.65245453711793,-2.823029694724064],[-79.65259746739183,-2.822914994058717],[-79.65276888998943,-2.822857760580688],[-79.65295454357434,-2.822843618492607],[-79.65315445944026,-2.822843851262891],[-79.6533543753227,-2.822844083998651],[-79.65358290112333,-2.822801275135035],[-79.65375435677541,-2.822715324940042],[-79.65395435620229,-2.822643766207887],[-79.6541258283453,-2.822543457661341],[-79.65416826841029,-2.822515079874758],[-79.65429731698576,-2.82242878989752],[-79.65446875695238,-2.82235719781961],[-79.65465445920321,-2.822299980583754],[-79.65486873827385,-2.822228438235254],[-79.65502593061747,-2.822128112887524],[-79.65522588044067,-2.822099628684866],[-79.65541151665732,-2.822099844408608],[-79.65558295567808,-2.822028251203615],[-79.65569739223068,-2.821856084545205],[-79.65579753164158,-2.821698259554142],[-79.65589767102048,-2.821540433636534],[-79.65598356364293,-2.821353875453099],[-79.65608371944036,-2.821181692112749],[-79.65618385961457,-2.821023866130203],[-79.65624180491238,-2.820951208473726],[-79.65648789452045,-2.82094582585855],[-79.65686865384073,-2.820980820800886],[-79.65705916004232,-2.820885319163461],[-79.65721392623134,-2.820825672251972],[-79.65742831395447,-2.820658406671765],[-79.65766490153824,-2.82032012873234],[-79.65777082327945,-2.82017268062539],[-79.6579413206475,-2.820106971098333],[-79.65812695675582,-2.82010718623464],[-79.65827727699588,-2.820190004628115],[-79.65835551204387,-2.820203208153433],[-79.65857715840436,-2.820255919162714],[-79.65880535629344,-2.820282410166139],[-79.65896708444807,-2.82026453087692],[-79.6590177245643,-2.820240640299353],[-79.65918372733837,-2.820138601289034],[-79.65930772725312,-2.820046951094149],[-79.65935705129432,-2.819995636608945],[-79.65942843060999,-2.81992137704839],[-79.6594839983812,-2.819863567608018],[-79.65952341838927,-2.819821253696487],[-79.65918438683337,-2.819663260657978],[-79.65914270691165,-2.819378306222128],[-79.65914989130188,-2.819356304475898],[-79.65916043273852,-2.819324022891789],[-79.65918414960967,-2.819251396786368],[-79.65922602377277,-2.819123164617194],[-79.65922506180611,-2.819093649124852],[-79.65922185259609,-2.818995223748102],[-79.65922088107108,-2.818965413390368],[-79.65921768141372,-2.818867282879159],[-79.65919102051654,-2.818818861537636],[-79.65903347302118,-2.818704359814487],[-79.65865739144647,-2.818539761153437],[-79.65854712440341,-2.818551407761425],[-79.6583067204691,-2.818576800702342],[-79.6581443439272,-2.818556309313596],[-79.65761302883547,-2.818489259388177],[-79.65752609099806,-2.818441679902109],[-79.65738183646158,-2.818362738757305],[-79.65718911857266,-2.818311765244525],[-79.65614427923965,-2.818320834898504],[-79.6554519662422,-2.818326844128872],[-79.65485685410653,-2.81817312064],[-79.65454102066383,-2.818030030246492],[-79.65417171712079,-2.817943260800881],[-79.65412474855637,-2.817932226115835],[-79.65348704294458,-2.817893406676919],[-79.65315818089337,-2.817817322201015],[-79.65260758477764,-2.817825364979995],[-79.6522902753525,-2.817868862258138],[-79.65218417490803,-2.817865047767482],[-79.65183793341261,-2.817852598538237],[-79.65160691800999,-2.817796162897895],[-79.65131514151712,-2.817654917813845],[-79.65125014168676,-2.817623452946106],[-79.65117072003103,-2.817585006963618],[-79.65108602459851,-2.81757624006385],[-79.65095412414742,-2.817736910963294],[-79.65095411588126,-2.817744090542705],[-79.65086824707457,-2.817909111175905],[-79.65071819564889,-2.81800944438148],[-79.65061806368449,-2.818160090089815],[-79.65047513503723,-2.818274789803147],[-79.65031793500168,-2.818382294178247],[-79.65016787431027,-2.818489806835538],[-79.6500320766843,-2.818611693442875],[-79.64988201594488,-2.818719206035819],[-79.64973196345932,-2.818819539020151],[-79.64958902638813,-2.818941418117157],[-79.64943184276757,-2.819034564043143],[-79.64925325578366,-2.819113326714158],[-79.64908182471869,-2.819177738525027],[-79.64890323771061,-2.819256501119906],[-79.64873181580934,-2.819313734192228],[-79.64855325363447,-2.819370958899751],[-79.64836756865891,-2.819413817001148],[-79.64818901476266,-2.819463862969886],[-79.64801757626411,-2.819535454141117],[-79.64785325225111,-2.819628591417391],[-79.64768894480352,-2.819707369518605]]]]}},{"type":"Feature","properties":{"OBJECTID":110,"fcode":"EA010","descr":"PRODUCTO AGRICOLA, RESULTADO DE UN CONJUNTO DE TECNICAS Y CONOCIMIENTOS PARA CULTIVAR LA TIERRA","DPA_DESPRO":"AZUAY","DPA_DESCAN":"CUENCA","niv1":"TIERRA AGROPECUARIA","niv2":"CULTIVO","niv3":"CULTIVO PERMANENTE","niv4":"FRUTALES","niv5":"CACAO","cbt":"CACAO","tmp":"CULTIVO PERMANENTE","nal":"NO APLICABLE","uso":"AGRICOLA","tap":"PEQUENA","rie":"NO","spr":"MERCANTIL","sce":2.26522522803,"usce":"HECTAREAS","txt":"EL CODIGO (fcode) Y LA DESCRIPCION (descr) CORRESPONDEN A LOS OBJETOS GEOGRAFICOS DEL ATRIBUTO niv2","simbologia":"CPuc: Cacao","label":"Cacao","SHAPE_Leng":627.309778268,"SHAPE_Area":22652.2522803},"geometry":{"type":"MultiPolygon","coordinates":[[[[-79.5721638954575,-2.797351480247674],[-79.57235421167358,-2.79740914422402],[-79.57256358991881,-2.797447688357607],[-79.57277301359908,-2.797447944439496],[-79.57296335395648,-2.797486464329252],[-79.57315369344093,-2.797524985097661],[-79.5733439866695,-2.797601792062075],[-79.5735343262147,-2.797640312784299],[-79.57376274260145,-2.797678879106232],[-79.57393399797928,-2.797755663647521],[-79.57399034806092,-2.797568283258],[-79.5740476728041,-2.797396058659221],[-79.57406694204336,-2.79720464441972],[-79.57408621216018,-2.797013230177176],[-79.57414353592299,-2.796841006454345],[-79.57412472830629,-2.796649545700169],[-79.57395347392513,-2.796572761262852],[-79.57376308823086,-2.796572528727195],[-79.57357270255248,-2.79657229616052],[-79.57336332432278,-2.796533752270481],[-79.57317298495639,-2.796495232518908],[-79.57300170758676,-2.796437591997456],[-79.57281136737667,-2.796399072199825],[-79.57262098180554,-2.796398839492424],[-79.5724305268072,-2.796456037872062],[-79.572392218562,-2.796647428678195],[-79.5723919870521,-2.796838866035606],[-79.57233463992317,-2.797030233547248],[-79.5721638954575,-2.797351480247674]]]]}},{"type":"Feature","properties":{"OBJECTID":111,"fcode":"EA010","descr":"PRODUCTO AGRICOLA, RESULTADO DE UN CONJUNTO DE TECNICAS Y CONOCIMIENTOS PARA CULTIVAR LA TIERRA","DPA_DESPRO":"AZUAY","DPA_DESCAN":"CUENCA","niv1":"TIERRA AGROPECUARIA","niv2":"CULTIVO","niv3":"CULTIVO PERMANENTE","niv4":"FRUTALES","niv5":"CACAO","cbt":"CACAO","tmp":"CULTIVO PERMANENTE","nal":"NO APLICABLE","uso":"AGRICOLA","tap":"PEQUENA","rie":"NO","spr":"MERCANTIL","sce":15.3701165942,"usce":"HECTAREAS","txt":"EL CODIGO (fcode) Y LA DESCRIPCION (descr) CORRESPONDEN A LOS OBJETOS GEOGRAFICOS DEL ATRIBUTO niv2","simbologia":"CPuc: Cacao","label":"Cacao","SHAPE_Leng":3120.30127531,"SHAPE_Area":153701.165942},"geometry":{"type":"MultiPolygon","coordinates":[[[[-79.56676560942863,-2.796493573560056],[-79.56701687368857,-2.796665471501106],[-79.56711185757963,-2.796837881278336],[-79.56718777856136,-2.797029411657746],[-79.56724468579624,-2.797201775620345],[-79.56730159213794,-2.79737413868275],[-79.56733943644414,-2.797565622346714],[-79.56739634279131,-2.797737986324103],[-79.56752942671585,-2.797891298910879],[-79.56771981210251,-2.797891532572784],[-79.56781521435757,-2.797719356391292],[-79.56791061567753,-2.797547179281583],[-79.5679301422776,-2.797145185613837],[-79.56793016550454,-2.797126041644348],[-79.56802556761974,-2.796953864491193],[-79.56802579984715,-2.796762427500743],[-79.56815923214239,-2.796628584952872],[-79.56836872491792,-2.796571410734055],[-79.56855911106139,-2.796571644150106],[-79.56871155798075,-2.796456968810411],[-79.56882597459828,-2.796303958814437],[-79.56882620664192,-2.79611252175458],[-79.56865497626711,-2.796016593685735],[-79.56848372272218,-2.795939808676107],[-79.56831253793898,-2.795805592636764],[-79.56827469336908,-2.795614108946307],[-79.56810341671151,-2.795556467894819],[-79.56793213918262,-2.795498826825716],[-79.56778001652535,-2.795345490144288],[-79.56762787159124,-2.795211297431761],[-79.56762812695233,-2.795000716501435],[-79.56778059682958,-2.794866897253222],[-79.56791405202011,-2.794713911567028],[-79.5681046002478,-2.794580138908787],[-79.5682757839859,-2.794714354876115],[-79.56840886793593,-2.794867667253019],[-79.56859916011959,-2.794944475518237],[-79.56877041356941,-2.795021260441421],[-79.56894169114477,-2.795078901373353],[-79.56913202981615,-2.795117421626553],[-79.5693223685141,-2.795155942759548],[-79.56955080708657,-2.795175366508951],[-79.5700646161654,-2.795367432991961],[-79.57008365405423,-2.795367456296406],[-79.57029307803745,-2.79536771263364],[-79.57048353276001,-2.795310513660087],[-79.57048376445245,-2.795119076457769],[-79.570484019295,-2.794908496167579],[-79.57048489236499,-2.794899827392387],[-79.56162083104687,-2.791290358333418],[-79.56170683731995,-2.791348165441059],[-79.56185895763531,-2.791501502246164],[-79.56195391725144,-2.791693055772329],[-79.56206796030848,-2.791846344867349],[-79.56212486680647,-2.792018708577017],[-79.56218174913224,-2.792210215309176],[-79.56225767013692,-2.792401745455778],[-79.56237169089023,-2.792574178500656],[-79.56250479690735,-2.792708348012332],[-79.56267607342843,-2.792765989532692],[-79.56284732580481,-2.792842774963552],[-79.56301857911322,-2.792919560381891],[-79.56320887024732,-2.792996369183205],[-79.5633991614195,-2.793073177966304],[-79.56357039066822,-2.793169106367988],[-79.56374164231556,-2.793245891726719],[-79.56393198191621,-2.793284413494089],[-79.56410323452768,-2.793361197917244],[-79.56427451042484,-2.793418840195683],[-79.56448384052172,-2.793495671352729],[-79.56463600891696,-2.793610721141569],[-79.56480714541854,-2.793783224326495],[-79.56492118994953,-2.793936514340378],[-79.56503523540617,-2.794089803454775],[-79.56514927998737,-2.794243093476337],[-79.56526332459369,-2.794396383501711],[-79.56539638471556,-2.794568839950568],[-79.56554848361141,-2.794741319778152],[-79.56568159029297,-2.794875489237135],[-79.56583373485226,-2.795009682067031],[-79.56600494233889,-2.795124755216453],[-79.56617621868457,-2.795182396490697],[-79.56638568874675,-2.795144365597053],[-79.56651914318668,-2.794991380179666],[-79.56670966829,-2.794876750910151],[-79.56691906775194,-2.794896151767684],[-79.56699501375513,-2.795068539029304],[-79.56707093564661,-2.795260069354309],[-79.56718493418053,-2.795451646392697],[-79.5672227553378,-2.79566227398885],[-79.5671844231996,-2.795872807262902],[-79.56706993682741,-2.796083247993979],[-79.5669554959726,-2.796255400767756],[-79.56684107921427,-2.79640841045751],[-79.56676560942863,-2.796493573560056]]]]}},{"type":"Feature","properties":{"OBJECTID":112,"fcode":"EA010","descr":"PRODUCTO AGRICOLA, RESULTADO DE UN CONJUNTO DE TECNICAS Y CONOCIMIENTOS PARA CULTIVAR LA TIERRA","DPA_DESPRO":"AZUAY","DPA_DESCAN":"CUENCA","niv1":"TIERRA AGROPECUARIA","niv2":"CULTIVO","niv3":"CULTIVO PERMANENTE","niv4":"FRUTALES","niv5":"CACAO","cbt":"CACAO","tmp":"CULTIVO PERMANENTE","nal":"NO APLICABLE","uso":"AGRICOLA","tap":"PEQUENA","rie":"NO","spr":"MERCANTIL","sce":73.1904912751,"usce":"HECTAREAS","txt":"EL CODIGO (fcode) Y LA DESCRIPCION (descr) CORRESPONDEN A LOS OBJETOS GEOGRAFICOS DEL ATRIBUTO niv2","simbologia":"CPuc: Cacao","label":"Cacao","SHAPE_Leng":9952.83868405,"SHAPE_Area":731904.912751},"geometry":{"type":"MultiPolygon","coordinates":[[[[-79.54663282708687,-2.790176502765359],[-79.54656790306677,-2.790274165323352],[-79.54645348567729,-2.790427171956392],[-79.54630103827563,-2.790541843681395],[-79.54614856822292,-2.790675659158905],[-79.5459771057842,-2.790771164270876],[-79.5458246592064,-2.790885835886603],[-79.54571024075878,-2.791038842362541],[-79.54563387666936,-2.791211039027962],[-79.54563364128022,-2.79140247413903],[-79.54569054408185,-2.791574836479614],[-79.54570934629673,-2.791766295265432],[-79.54557591361376,-2.791900134219192],[-79.54540447539156,-2.79197649534837],[-79.54525202768137,-2.792091166775038],[-79.54509955729003,-2.792224981944745],[-79.54496612449542,-2.792358820764318],[-79.54483269167062,-2.792492659552457],[-79.54479437897902,-2.792684047202061],[-79.5448893351069,-2.792875601617824],[-79.54502243812537,-2.793009772099569],[-79.5452697706346,-2.793144083826029],[-79.54544104416031,-2.793201728368671],[-79.54565046547697,-2.79320198892107],[-79.545802913376,-2.793087316595138],[-79.54595536124891,-2.792972645137974],[-79.54610785528635,-2.792819686072069],[-79.54629837929295,-2.792705061881243],[-79.5464698656275,-2.792590413974341],[-79.54666036604968,-2.792494932572586],[-79.54683185143618,-2.792380284576556],[-79.546946292641,-2.792208135096141],[-79.54700366702832,-2.791997627042496],[-79.547060993437,-2.791825406562368],[-79.54713740538806,-2.791614922127843],[-79.54717571671608,-2.791423534179212],[-79.5472901342123,-2.791270527479581],[-79.54744258171579,-2.791155855626004],[-79.54767108749913,-2.791117851663766],[-79.54789961768925,-2.79106070475283],[-79.5481090388563,-2.79106096466568],[-79.5482994215071,-2.791061200917281],[-79.54843252501729,-2.791195371110828],[-79.54860377521543,-2.791272158027953],[-79.54881314951132,-2.791310704549151],[-79.5489845876531,-2.791234343657276],[-79.5491370585814,-2.791100527681569],[-79.5493084966905,-2.791024165810562],[-79.54949887943702,-2.791024401863906],[-79.54965104517382,-2.791139451776491],[-79.54978414892145,-2.791273621901178],[-79.54989819067316,-2.79142691224431],[-79.54993603307267,-2.791618394922977],[-79.54993577487144,-2.791828974218528],[-79.54993554012637,-2.792020409694409],[-79.54989722822927,-2.792211797954925],[-79.5498779557744,-2.792403209817945],[-79.5498396438244,-2.792594598063964],[-79.5498203713223,-2.79278600991666],[-79.54982013647796,-2.792977445379593],[-79.54970571800125,-2.793130452406631],[-79.54953444395022,-2.793072809289569],[-79.54934408436495,-2.793053429255418],[-79.54928675807834,-2.793225649987441],[-79.54930556079323,-2.793417109030017],[-79.54939746103253,-2.793594401528438],[-79.54956864204682,-2.793728619058766],[-79.54972078361273,-2.793862812958674],[-79.54985388751876,-2.793996983234406],[-79.55004415333762,-2.794092936737034],[-79.5501963194045,-2.794207986807839],[-79.55036754759801,-2.79430391757475],[-79.55053877492996,-2.794399847425449],[-79.55074805603739,-2.794514969221711],[-79.55090019787191,-2.794649163089551],[-79.55099517872335,-2.794821572874042],[-79.55120443649247,-2.794955837574455],[-79.55114708671145,-2.795147202314302],[-79.55128014396998,-2.79531966024386],[-79.55141324822483,-2.795453829613032],[-79.55156541372364,-2.795568880567847],[-79.5514509723777,-2.795741030673503],[-79.55127950991569,-2.79583653639585],[-79.55110807002502,-2.795912898249632],[-79.55091766286347,-2.795931804967011],[-79.55072727920647,-2.795931568730202],[-79.55049877219993,-2.795969572850335],[-79.55030834066791,-2.796007623278037],[-79.55011791003852,-2.796045673669355],[-79.54994649453192,-2.79610289238494],[-79.54973695473436,-2.796198349602776],[-79.54956551569596,-2.796274711150926],[-79.54956525699733,-2.796485290395042],[-79.54975554658039,-2.796562101227107],[-79.54992679756336,-2.796638887492189],[-79.55009807298875,-2.796696531734921],[-79.55017401415446,-2.796868917960304],[-79.55005959596669,-2.797021924839751],[-79.54990712486766,-2.79715574057797],[-79.54975467635994,-2.797270412461113],[-79.54962121942367,-2.797423395593529],[-79.54954485397623,-2.797595592577987],[-79.54946848849606,-2.797767789545282],[-79.54943017676132,-2.797959177636028],[-79.54944898007761,-2.798150636714135],[-79.54958208326829,-2.798284807247324],[-79.54975326472153,-2.79841902510755],[-79.54992449237963,-2.798514956232723],[-79.55007665877368,-2.798630006603174],[-79.55011549999459,-2.798647422437298],[-79.55024791003137,-2.798706793890964],[-79.55043824704858,-2.798745317177795],[-79.55047658314855,-2.79853478606837],[-79.5504387645324,-2.79832415944595],[-79.55038186110467,-2.798151795917259],[-79.5503440198644,-2.797960313127257],[-79.55047745333084,-2.797826473717844],[-79.55064886914464,-2.7977692559479],[-79.55083927659953,-2.797750349432347],[-79.55102968406537,-2.797731441978118],[-79.55123910670619,-2.79773170195013],[-79.55142949069676,-2.797731938255438],[-79.5515625951065,-2.797866108657852],[-79.55158137529321,-2.798076711713096],[-79.55158111678843,-2.798287290235021],[-79.5515808347594,-2.798517013491354],[-79.5515615375257,-2.798727569280671],[-79.55150418729374,-2.79891893396054],[-79.55144686053936,-2.799091154797814],[-79.55127544447829,-2.799148372603576],[-79.55108501233842,-2.799186423805124],[-79.55089458110226,-2.799224474065841],[-79.5506851120794,-2.799262501540318],[-79.55049472790486,-2.79926226498438],[-79.55030436637759,-2.799242884576626],[-79.55009496798884,-2.799223480479758],[-79.5499046074073,-2.799204100014559],[-79.54971424594734,-2.799184720424831],[-79.54952386186757,-2.799184483717044],[-79.5493144400281,-2.799184223303404],[-79.5491240315347,-2.799203129434523],[-79.54891460972918,-2.799202868947385],[-79.54861011237739,-2.79910677277045],[-79.54847710263999,-2.798896027823965],[-79.54845830043983,-2.798704568810067],[-79.54842045867349,-2.798513086112502],[-79.54830641698102,-2.798359795384789],[-79.54815429801296,-2.798206458192621],[-79.54815453356791,-2.798015022888706],[-79.54826895296848,-2.797862016379565],[-79.54840238653058,-2.797728177324736],[-79.54853581916299,-2.797594338237366],[-79.54866925266462,-2.797460499119695],[-79.54868855025208,-2.797249943633165],[-79.54857450854826,-2.797096652974169],[-79.54844142823664,-2.79694333955238],[-79.54836548648498,-2.796770952439028],[-79.54836572188464,-2.796579517112416],[-79.54830881876318,-2.796407154584731],[-79.54823290056679,-2.796215624590869],[-79.5482141208633,-2.796005021803669],[-79.5483475776429,-2.795852038840099],[-79.54851904102031,-2.795756534579355],[-79.5485763912412,-2.79556517020919],[-79.54846234960698,-2.795411879627955],[-79.54834833062583,-2.795239446149707],[-79.54819618921238,-2.795105252062856],[-79.54804404693643,-2.794971057972924],[-79.54789425544101,-2.795425431714838],[-79.54787519330073,-2.795444551847428],[-79.54774168947951,-2.795635821443695],[-79.54760818560688,-2.795827091001397],[-79.54747472878088,-2.795980072927304],[-79.54734127191684,-2.796133055723851],[-79.54715077075242,-2.796228536951657],[-79.54697933173937,-2.79630489712547],[-79.54678890123017,-2.79634294779652],[-79.54659847072527,-2.796380997525616],[-79.54642705436056,-2.796438214703516],[-79.5462556388892,-2.796495432752997],[-79.54606525553649,-2.796495195708634],[-79.54589379200924,-2.796590699447288],[-79.54572232936164,-2.796686204051564],[-79.54553185167906,-2.796762540214448],[-79.54536043617729,-2.796819758084611],[-79.5451890197722,-2.796876975015274],[-79.54499858925617,-2.796915024410653],[-79.54480818234249,-2.796933930899363],[-79.54461779904203,-2.796933693581872],[-79.54440835355369,-2.796952576266582],[-79.54421794667536,-2.796971481746389],[-79.54402751619241,-2.797009531863187],[-79.54385610069153,-2.797066748550546],[-79.5436466079976,-2.797123917702398],[-79.54345617751866,-2.797161966798809],[-79.54330370519264,-2.797295781270286],[-79.54318928639333,-2.797448786985773],[-79.54309388162464,-2.797620959291488],[-79.54299845408167,-2.797812275333165],[-79.54276954440216,-2.79817571694171],[-79.54257901919321,-2.798290339901914],[-79.54238863586356,-2.798290102105815],[-79.54217921394986,-2.798289840493925],[-79.54198883065433,-2.798289602632652],[-79.54179847103428,-2.798270221897409],[-79.54160813510073,-2.798231696484222],[-79.5416191986301,-2.797896692883742],[-79.54132889359718,-2.797920763783258],[-79.54120022540766,-2.798049822288332],[-79.54112860014918,-2.798236381582667],[-79.54105699350927,-2.798408583281617],[-79.5409283252246,-2.798537641711955],[-79.54081391787452,-2.798681074644173],[-79.54088509837175,-2.798853454871124],[-79.54112760584307,-2.799040407872652],[-79.54128454845747,-2.799141107346188],[-79.54145580444828,-2.799213109500871],[-79.54164135785733,-2.799270771910715],[-79.54184111812825,-2.799385883390733],[-79.5419980422345,-2.799500940408211],[-79.54218361350134,-2.799544245182671],[-79.54236925488154,-2.799530119582553],[-79.5425122206386,-2.799386722127646],[-79.54261238472563,-2.799214555035483],[-79.54271254877368,-2.799042388823275],[-79.54288401778801,-2.798942099712285],[-79.54306973095365,-2.798870542673274],[-79.54324114674024,-2.798813326261027],[-79.5432554254787,-2.798813344089683],[-79.54384453652125,-2.798723446980759],[-79.54376817024391,-2.798895643096791],[-79.5436537039442,-2.799086936329831],[-79.54365344393084,-2.799297514104447],[-79.5437484234381,-2.799469925010831],[-79.54391955571232,-2.799642430091378],[-79.54409080621309,-2.799719218149051],[-79.54430020492734,-2.79973862331957],[-79.54456671870142,-2.799758098827219],[-79.54473820645279,-2.799643451814741],[-79.5448716641334,-2.799490469710471],[-79.54504317454229,-2.799356679745173],[-79.54519569440313,-2.799184577534942],[-79.54538629059417,-2.799012523662277],[-79.5455387386453,-2.798897851788444],[-79.54571015540472,-2.798840634953584],[-79.54588159485685,-2.798764275205937],[-79.54605284553826,-2.798841062072253],[-79.54622409715077,-2.798917849830579],[-79.54626193760295,-2.799109332416872],[-79.54628071670358,-2.799319935067818],[-79.54645199109642,-2.799377579048426],[-79.54662324282515,-2.799454366801952],[-79.54681357952552,-2.799492890681138],[-79.54700393983907,-2.799512271648711],[-79.54719427659136,-2.799550796381546],[-79.54736550396443,-2.799646726953305],[-79.54757480871189,-2.799742705837788],[-79.5477269748143,-2.79985775647545],[-79.54787911737479,-2.799991950907324],[-79.54803125907286,-2.800126145336086],[-79.54812623941051,-2.800298555349881],[-79.54818311881841,-2.800490061760949],[-79.54818285948231,-2.800700640860311],[-79.54818262370553,-2.800892076157854],[-79.54818236433205,-2.80110265525574],[-79.54814405112222,-2.801294043126498],[-79.54814379170458,-2.801504622219302],[-79.54814355585366,-2.801696057510882],[-79.54814329639864,-2.801906636602209],[-79.54814306051374,-2.802098071892431],[-79.54819991716931,-2.802308722145722],[-79.54825682011007,-2.802481084802733],[-79.54831372305586,-2.802653447465187],[-79.54837062600558,-2.802825811037479],[-79.54844769088912,-2.802903493526279],[-79.54850373016181,-2.802959981896639],[-79.54865589667068,-2.803075032671817],[-79.54882710105,-2.803190107159393],[-79.54899835264037,-2.80326689492904],[-79.549150495671,-2.803401089493489],[-79.54932172374843,-2.803497021052282],[-79.54951199151137,-2.803592975407293],[-79.54968326682129,-2.803650619316758],[-79.54987355733735,-2.80372743072957],[-79.55006382431881,-2.803823385940277],[-79.55021599115354,-2.803938436647921],[-79.55038743157087,-2.80386207557472],[-79.55052086604985,-2.803728236520143],[-79.55065430049851,-2.803594397434132],[-79.55067333925639,-2.803594421125431],[-79.55105500401012,-2.802867439487893],[-79.55111233128073,-2.802695218806531],[-79.55113160547769,-2.802503806939996],[-79.55116991749439,-2.802312418740509],[-79.55117015290563,-2.802120983193216],[-79.5511704118397,-2.801910403819128],[-79.55107543182086,-2.801737992853879],[-79.55088511783794,-2.801680325585699],[-79.55067574161748,-2.801641778443841],[-79.55046641252464,-2.801564943630953],[-79.55027607509643,-2.801526420111972],[-79.55008573769722,-2.801487895663961],[-79.5499144616974,-2.801430251964598],[-79.54981948191657,-2.801257841916276],[-79.54980067874858,-2.801066382796577],[-79.54980091427733,-2.800874947361744],[-79.54983922719845,-2.80068355838284],[-79.54987753919114,-2.800492170298859],[-79.5500175195106,-2.800276281291244],[-79.55022694250894,-2.800276541681271],[-79.55041732682452,-2.800276778366562],[-79.55060768762192,-2.800296158842708],[-79.55072172978714,-2.800449449595008],[-79.5508928872129,-2.800602810434031],[-79.55106416323554,-2.800660453952541],[-79.55125447710337,-2.800718121110972],[-79.55146390029532,-2.80071838131991],[-79.55169240836669,-2.800680378382954],[-79.55180682702594,-2.800527371427401],[-79.55192129357654,-2.800336077684136],[-79.5519786204282,-2.800163856822481],[-79.55205500947125,-2.799972515752791],[-79.55207428235063,-2.799781103757685],[-79.55209355610732,-2.799589691759503],[-79.55215090634746,-2.799398327019838],[-79.55228438695957,-2.799226199711728],[-79.5524178440329,-2.799073216205198],[-79.55257029278538,-2.798958543963876],[-79.55276079452338,-2.798863062761054],[-79.55287231218803,-2.798686490872822],[-79.552890614215,-2.798690195469094],[-79.55298944319007,-2.798710197207569],[-79.55317982748649,-2.798710433309901],[-79.55337021269848,-2.798710669382308],[-79.55356055008158,-2.798749192213177],[-79.55375093443254,-2.798749428225622],[-79.55394138919974,-2.79869223355919],[-79.5541318908882,-2.798596752051566],[-79.55422729376764,-2.798424577137681],[-79.5542465670573,-2.798233164905584],[-79.55424680162625,-2.798041729083478],[-79.55424703617908,-2.797850293260727],[-79.5542472707158,-2.797658857437329],[-79.55419041352127,-2.797448207016345],[-79.55413350942574,-2.797275844308168],[-79.5540575666545,-2.79710345711998],[-79.55390539972373,-2.796988407165879],[-79.5537341715961,-2.796892477473573],[-79.55356292004926,-2.796815690714273],[-79.55339169109492,-2.796719760093541],[-79.55322048653677,-2.796604686522298],[-79.55329685143325,-2.796432488980383],[-79.55350634441741,-2.79637531778624],[-79.5536776193594,-2.796432960669833],[-79.55386795644934,-2.796471483265365],[-79.55405829356708,-2.796510005836322],[-79.55422949826033,-2.796625080224759],[-79.55440072733761,-2.796721009846692],[-79.55461003291443,-2.796816987501288],[-79.55480037016878,-2.796855509992739],[-79.55500974613618,-2.796894056928053],[-79.55521912123766,-2.796932602927383],[-79.55540950543559,-2.796932838516357],[-79.55559993739799,-2.796894787249001],[-79.55577140003625,-2.796799280791342],[-79.55596178425927,-2.796799516279057],[-79.55617120719302,-2.79679977528005],[-79.55638065355754,-2.796780890371438],[-79.55655206935481,-2.79672367150443],[-79.55676151573324,-2.796704787421643],[-79.55695197022779,-2.796647591109123],[-79.55710441840998,-2.796532917877206],[-79.5571617675597,-2.796341552379879],[-79.55709844621175,-2.796226612503975],[-79.5570667153563,-2.796226573296903],[-79.55670503241703,-2.796187838527795],[-79.55649565634968,-2.796149292837038],[-79.55630529559356,-2.796129913619397],[-79.55611495826828,-2.796091391408323],[-79.55588649678441,-2.796091108920123],[-79.55569615951474,-2.79605258574671],[-79.55550582227173,-2.796014063453139],[-79.55533457057336,-2.795937276959043],[-79.55514427933724,-2.795860466897401],[-79.5549730511314,-2.795764537417913],[-79.554801869817,-2.795630320209557],[-79.55463066421828,-2.795515246852679],[-79.55444021001877,-2.795572441919753],[-79.55428776282888,-2.795687114736355],[-79.55413529127496,-2.795820931369581],[-79.55394483703621,-2.795878126317281],[-79.55375445313194,-2.795877890578364],[-79.55358320079591,-2.795801103895847],[-79.553392910738,-2.795724293620645],[-79.55348831414369,-2.795552119599578],[-79.55364080822153,-2.795399159220001],[-79.55375522675882,-2.795246152565872],[-79.55386971467513,-2.795035714329521],[-79.5539651413581,-2.794844396349903],[-79.55385109787353,-2.794691105962235],[-79.55377340774862,-2.794630192010994],[-79.55367991686424,-2.79455688873493],[-79.55350871246088,-2.794441815351048],[-79.55333748375969,-2.794345884900831],[-79.5531662091102,-2.79428824213227],[-79.55297594275115,-2.794192288989218],[-79.55280466726568,-2.794134646187259],[-79.55267954077284,-2.793883131041794],[-79.55250838260301,-2.793729770834963],[-79.55237532515167,-2.793557313040673],[-79.55226132888941,-2.793365735895393],[-79.55222348796381,-2.793174253073028],[-79.55210946829003,-2.793001819781026],[-79.55193821740548,-2.792925033128837],[-79.55174795141302,-2.792829079046318],[-79.55157667624385,-2.792771436197846],[-79.55136732572491,-2.792713746159861],[-79.55117696600959,-2.792694366438695],[-79.55100569092775,-2.792636723531236],[-79.55083446370378,-2.792540793860192],[-79.5507013597068,-2.792406623720551],[-79.55056830267476,-2.792234165932908],[-79.55051142252334,-2.79204265961763],[-79.55051165717707,-2.791851224092795],[-79.55053092947936,-2.791659812159053],[-79.55053116409772,-2.791468376631308],[-79.55045524626769,-2.791276846744853],[-79.55034122698194,-2.791104412601638],[-79.55022720862051,-2.790931979369773],[-79.55015126647842,-2.79075959332579],[-79.54999910158944,-2.790644542574379],[-79.54980885875375,-2.790529445532616],[-79.5496185229956,-2.790490922842587],[-79.54940914963042,-2.790452375624174],[-79.54919972844988,-2.790452116000578],[-79.54900934582076,-2.790451879946934],[-79.5487999246776,-2.790451620251847],[-79.54860954208245,-2.790451384133214],[-79.54845737657112,-2.790336334183506],[-79.54822903531687,-2.790240333567013],[-79.54798172517461,-2.79008687789437],[-79.54779134270748,-2.790086641673502],[-79.54760096025655,-2.79008640542169],[-79.54742954583507,-2.790143623258959],[-79.5472581070055,-2.790219984857883],[-79.54708669257086,-2.790277202625887],[-79.54689631014905,-2.79027696624334],[-79.54663282708687,-2.790176502765359]]]]}},{"type":"Feature","properties":{"OBJECTID":113,"fcode":"EA010","descr":"PRODUCTO AGRICOLA, RESULTADO DE UN CONJUNTO DE TECNICAS Y CONOCIMIENTOS PARA CULTIVAR LA TIERRA","DPA_DESPRO":"AZUAY","DPA_DESCAN":"CUENCA","niv1":"TIERRA AGROPECUARIA","niv2":"CULTIVO","niv3":"CULTIVO PERMANENTE","niv4":"FRUTALES","niv5":"CACAO","cbt":"CACAO","tmp":"CULTIVO PERMANENTE","nal":"NO APLICABLE","uso":"AGRICOLA","tap":"PEQUENA","rie":"NO","spr":"MERCANTIL","sce":3.48477340543,"usce":"HECTAREAS","txt":"EL CODIGO (fcode) Y LA DESCRIPCION (descr) CORRESPONDEN A LOS OBJETOS GEOGRAFICOS DEL ATRIBUTO niv2","simbologia":"CPuc: Cacao","label":"Cacao","SHAPE_Leng":953.685068558,"SHAPE_Area":34847.73405430001},"geometry":{"type":"MultiPolygon","coordinates":[[[[-79.55521040140712,-2.7886970392319],[-79.55333300830704,-2.787944513099143],[-79.55325783218142,-2.788045045207276],[-79.55325759829196,-2.788236480978032],[-79.55331450248325,-2.788408844364538],[-79.55344758332733,-2.788562157080691],[-79.55346638796733,-2.788753616386471],[-79.5533709856195,-2.788925791614938],[-79.5532565689866,-2.789078798542603],[-79.55312311377133,-2.789231782817722],[-79.55297059656748,-2.78940388646664],[-79.5529400695358,-2.789457451036241],[-79.5528179631729,-2.789671708389531],[-79.55272256061485,-2.789843883474314],[-79.55258912864012,-2.789977723763094],[-79.55245569663526,-2.790111564020541],[-79.55251260063923,-2.790283926522321],[-79.55270286645559,-2.790379880302405],[-79.55289320255847,-2.790418402533907],[-79.55310260066577,-2.790437805339861],[-79.55329298363893,-2.790438040726505],[-79.55348336662821,-2.7904382760822],[-79.55367379643701,-2.790400223704559],[-79.5536930690085,-2.790208811434671],[-79.55369330299324,-2.790017375633356],[-79.55371257552343,-2.78982596335702],[-79.55380797707583,-2.789653789018545],[-79.55394140892915,-2.789519948498689],[-79.55411284771053,-2.789443585639981],[-79.55430327737541,-2.789405533064833],[-79.55447469186137,-2.789348313989285],[-79.55460812362627,-2.789214473335215],[-79.55460835737954,-2.789023037452971],[-79.55474178908145,-2.788889196755833],[-79.55493224204763,-2.788832001062742],[-79.55512271837436,-2.788755661464929],[-79.55521040140712,-2.7886970392319]]]]}},{"type":"Feature","properties":{"OBJECTID":114,"fcode":"EA010","descr":"PRODUCTO AGRICOLA, RESULTADO DE UN CONJUNTO DE TECNICAS Y CONOCIMIENTOS PARA CULTIVAR LA TIERRA","DPA_DESPRO":"AZUAY","DPA_DESCAN":"CUENCA","niv1":"TIERRA AGROPECUARIA","niv2":"CULTIVO","niv3":"CULTIVO PERMANENTE","niv4":"FRUTALES","niv5":"CACAO","cbt":"CACAO","tmp":"CULTIVO PERMANENTE","nal":"NO APLICABLE","uso":"AGRICOLA","tap":"PEQUENA","rie":"NO","spr":"MERCANTIL","sce":2.12126766876,"usce":"HECTAREAS","txt":"EL CODIGO (fcode) Y LA DESCRIPCION (descr) CORRESPONDEN A LOS OBJETOS GEOGRAFICOS DEL ATRIBUTO niv2","simbologia":"CPuc: Cacao","label":"Cacao","SHAPE_Leng":717.231454702,"SHAPE_Area":21212.6766876},"geometry":{"type":"MultiPolygon","coordinates":[[[[-79.5475435268877,-2.786465807144664],[-79.54766709950911,-2.786609536768318],[-79.54788115652366,-2.786710306495195],[-79.54806665544363,-2.786811039909669],[-79.5482379109688,-2.786883040362242],[-79.54840913223887,-2.786983756060843],[-79.54852313256777,-2.787170547676698],[-79.54862285428982,-2.78735732070522],[-79.54879412844352,-2.787414963504391],[-79.54896557761641,-2.787329029956195],[-79.54912280089606,-2.787200005784239],[-79.54928000746246,-2.787085338304648],[-79.54939444752274,-2.786913188113286],[-79.54952311344037,-2.78678412847832],[-79.54972306794002,-2.786741303007468],[-79.54990869018819,-2.786741532740956],[-79.55009431245175,-2.786741762445064],[-79.55022422890434,-2.786698396189279],[-79.54817251151056,-2.785875984755551],[-79.54817249154823,-2.785892279646207],[-79.5481341801094,-2.786083667822761],[-79.548000725074,-2.78623665135129],[-79.54771496505077,-2.786389445203456],[-79.5475435268877,-2.786465807144664]]]]}},{"type":"Feature","properties":{"OBJECTID":1528,"fcode":"EA010","descr":"PRODUCTO AGRICOLA, RESULTADO DE UN CONJUNTO DE TECNICAS Y CONOCIMIENTOS PARA CULTIVAR LA TIERRA","DPA_DESPRO":"AZUAY","DPA_DESCAN":"CUENCA","niv1":"TIERRA AGROPECUARIA","niv2":"CULTIVO","niv3":"CULTIVO PERMANENTE","niv4":"FRUTALES","niv5":"CACAO","cbt":"CACAO","tmp":"CULTIVO PERMANENTE","nal":"NO APLICABLE","uso":"AGRICOLA","tap":"GRANDE","rie":"SI","spr":"MERCANTIL","sce":0.44173822162,"usce":"HECTAREAS","txt":"EL CODIGO (fcode) Y LA DESCRIPCION (descr) CORRESPONDEN A LOS OBJETOS GEOGRAFICOS DEL ATRIBUTO niv2","simbologia":"CPuc: Cacao","label":"Cacao","SHAPE_Leng":681.465814432,"SHAPE_Area":4417.38221622},"geometry":{"type":"MultiPolygon","coordinates":[[[[-79.64602260352777,-2.84290724326208],[-79.64643058126553,-2.842833992815472],[-79.64719470846822,-2.842705667839978],[-79.64774469550972,-2.842526836816331],[-79.64808760656705,-2.842362120053917],[-79.64855215530245,-2.841974993740948],[-79.64873658798207,-2.841782583008816],[-79.64863941669877,-2.841669925353536],[-79.6485009486109,-2.841796748267567],[-79.64841661969982,-2.841911540433788],[-79.64833834015201,-2.841996105518226],[-79.6482359906027,-2.842092735766948],[-79.64812164167697,-2.842165163992723],[-79.64800128557319,-2.842231538838344],[-79.647886929587,-2.842310014216024],[-79.64773050321456,-2.842364253079465],[-79.64751389614753,-2.8424547015355],[-79.64741161692451,-2.842490862492774],[-79.64729727497716,-2.842557244309382],[-79.64707473114937,-2.842581170128238],[-79.64691832678355,-2.842617267286365],[-79.64669575478695,-2.842665380862067],[-79.64657541974832,-2.842713613936476],[-79.64635886195168,-2.842761734516841],[-79.6462084356415,-2.84282807366108],[-79.64608809353687,-2.842882353850929],[-79.64602260352777,-2.84290724326208]]]]}},{"type":"Feature","properties":{"OBJECTID":1529,"fcode":"EA010","descr":"PRODUCTO AGRICOLA, RESULTADO DE UN CONJUNTO DE TECNICAS Y CONOCIMIENTOS PARA CULTIVAR LA TIERRA","DPA_DESPRO":"AZUAY","DPA_DESCAN":"CUENCA","niv1":"TIERRA AGROPECUARIA","niv2":"CULTIVO","niv3":"CULTIVO PERMANENTE","niv4":"FRUTALES","niv5":"CACAO","cbt":"CACAO","tmp":"CULTIVO PERMANENTE","nal":"NO APLICABLE","uso":"AGRICOLA","tap":"GRANDE","rie":"SI","spr":"MERCANTIL","sce":0.27123172057,"usce":"HECTAREAS","txt":"EL CODIGO (fcode) Y LA DESCRIPCION (descr) CORRESPONDEN A LOS OBJETOS GEOGRAFICOS DEL ATRIBUTO niv2","simbologia":"CPuc: Cacao","label":"Cacao","SHAPE_Leng":266.574541198,"SHAPE_Area":2712.31720565},"geometry":{"type":"MultiPolygon","coordinates":[[[[-79.66872580333536,-2.826189489600003],[-79.66913019479657,-2.825819685655996],[-79.66927519641071,-2.825712934040284],[-79.66955639401836,-2.825479828059725],[-79.6694340426076,-2.825479687209441],[-79.66931935508777,-2.825479555170029],[-79.66920519886884,-2.825506557675515],[-79.66907925709357,-2.825515457299883],[-79.66897573112631,-2.825587694352031],[-79.6688614933705,-2.825687053895881],[-79.6687697426237,-2.825786438418644],[-79.66872408090549,-2.825894920669618],[-79.6687008873913,-2.82602151718831],[-79.6687119973686,-2.826139109485163],[-79.66872580333536,-2.826189489600003]]]]}},{"type":"Feature","properties":{"OBJECTID":1530,"fcode":"EA010","descr":"PRODUCTO AGRICOLA, RESULTADO DE UN CONJUNTO DE TECNICAS Y CONOCIMIENTOS PARA CULTIVAR LA TIERRA","DPA_DESPRO":"AZUAY","DPA_DESCAN":"CUENCA","niv1":"TIERRA AGROPECUARIA","niv2":"CULTIVO","niv3":"CULTIVO PERMANENTE","niv4":"FRUTALES","niv5":"CACAO","cbt":"CACAO","tmp":"CULTIVO PERMANENTE","nal":"NO APLICABLE","uso":"AGRICOLA","tap":"MEDIANA","rie":"SI","spr":"MERCANTIL","sce":0.00043407041,"usce":"HECTAREAS","txt":"EL CODIGO (fcode) Y LA DESCRIPCION (descr) CORRESPONDEN A LOS OBJETOS GEOGRAFICOS DEL ATRIBUTO niv2","simbologia":"CPuc: Cacao","label":"Cacao","SHAPE_Leng":14.2144810664,"SHAPE_Area":4.34070412552},"geometry":{"type":"MultiPolygon","coordinates":[[[[-79.65916473105165,-2.833941388162192],[-79.659220029852,-2.833913382559053],[-79.65918784903016,-2.833916907786812],[-79.65916473105165,-2.833941388162192]]]]}},{"type":"Feature","properties":{"OBJECTID":1531,"fcode":"EA010","descr":"PRODUCTO AGRICOLA, RESULTADO DE UN CONJUNTO DE TECNICAS Y CONOCIMIENTOS PARA CULTIVAR LA TIERRA","DPA_DESPRO":"AZUAY","DPA_DESCAN":"CUENCA","niv1":"TIERRA AGROPECUARIA","niv2":"CULTIVO","niv3":"CULTIVO PERMANENTE","niv4":"FRUTALES","niv5":"CACAO","cbt":"CACAO","tmp":"CULTIVO PERMANENTE","nal":"NO APLICABLE","uso":"AGRICOLA","tap":"MEDIANA","rie":"NO","spr":"MERCANTIL","sce":0.00482832593,"usce":"HECTAREAS","txt":"EL CODIGO (fcode) Y LA DESCRIPCION (descr) CORRESPONDEN A LOS OBJETOS GEOGRAFICOS DEL ATRIBUTO niv2","simbologia":"CPuc: Cacao","label":"Cacao","SHAPE_Leng":49.7598329595,"SHAPE_Area":48.2832593124},"geometry":{"type":"MultiPolygon","coordinates":[[[[-79.5874247426691,-2.87724286418413],[-79.58754217694651,-2.877239901794109],[-79.58763665694562,-2.877217318997257],[-79.58764264429482,-2.877214320111759],[-79.58746906901362,-2.877214104110999],[-79.5874247426691,-2.87724286418413]]]]}},{"type":"Feature","properties":{"OBJECTID":1532,"fcode":"EA010","descr":"PRODUCTO AGRICOLA, RESULTADO DE UN CONJUNTO DE TECNICAS Y CONOCIMIENTOS PARA CULTIVAR LA TIERRA","DPA_DESPRO":"AZUAY","DPA_DESCAN":"CUENCA","niv1":"TIERRA AGROPECUARIA","niv2":"CULTIVO","niv3":"CULTIVO PERMANENTE","niv4":"FRUTALES","niv5":"CACAO","cbt":"CACAO","tmp":"CULTIVO PERMANENTE","nal":"NO APLICABLE","uso":"AGRICOLA","tap":"MEDIANA","rie":"NO","spr":"MERCANTIL","sce":0.0584450633,"usce":"HECTAREAS","txt":"EL CODIGO (fcode) Y LA DESCRIPCION (descr) CORRESPONDEN A LOS OBJETOS GEOGRAFICOS DEL ATRIBUTO niv2","simbologia":"CPuc: Cacao","label":"Cacao","SHAPE_Leng":172.863079166,"SHAPE_Area":584.450633002},"geometry":{"type":"MultiPolygon","coordinates":[[[[-79.57895564400637,-2.876500359072558],[-79.578749496019,-2.87660976131235],[-79.5785020008856,-2.876590307379614],[-79.57837071302146,-2.876410691497283],[-79.57840221678896,-2.876492950827801],[-79.57844659787179,-2.876608831269767],[-79.5784512174635,-2.876614206652791],[-79.57851117964192,-2.876683978889228],[-79.57859847060794,-2.876726597285846],[-79.5786957066138,-2.876726447702455],[-79.57878563130672,-2.876679800365783],[-79.57895564400637,-2.876500359072558]]]]}},{"type":"Feature","properties":{"OBJECTID":1533,"fcode":"EA010","descr":"PRODUCTO AGRICOLA, RESULTADO DE UN CONJUNTO DE TECNICAS Y CONOCIMIENTOS PARA CULTIVAR LA TIERRA","DPA_DESPRO":"AZUAY","DPA_DESCAN":"CUENCA","niv1":"TIERRA AGROPECUARIA","niv2":"CULTIVO","niv3":"CULTIVO PERMANENTE","niv4":"FRUTALES","niv5":"CACAO","cbt":"CACAO","tmp":"CULTIVO PERMANENTE","nal":"NO APLICABLE","uso":"AGRICOLA","tap":"MEDIANA","rie":"NO","spr":"MERCANTIL","sce":0.0074522447,"usce":"HECTAREAS","txt":"EL CODIGO (fcode) Y LA DESCRIPCION (descr) CORRESPONDEN A LOS OBJETOS GEOGRAFICOS DEL ATRIBUTO niv2","simbologia":"CPuc: Cacao","label":"Cacao","SHAPE_Leng":54.5699897714,"SHAPE_Area":74.5224470082},"geometry":{"type":"MultiPolygon","coordinates":[[[[-79.57747620698896,-2.875137675889651],[-79.57747954603289,-2.875134756956226],[-79.57755106811292,-2.875124445591826],[-79.57763184184263,-2.875131510849981],[-79.57768236062465,-2.875149084767451],[-79.57751382259595,-2.87505756614899],[-79.57747620698896,-2.875137675889651]]]]}},{"type":"Feature","properties":{"OBJECTID":1534,"fcode":"EA010","descr":"PRODUCTO AGRICOLA, RESULTADO DE UN CONJUNTO DE TECNICAS Y CONOCIMIENTOS PARA CULTIVAR LA TIERRA","DPA_DESPRO":"AZUAY","DPA_DESCAN":"CUENCA","niv1":"TIERRA AGROPECUARIA","niv2":"CULTIVO","niv3":"CULTIVO PERMANENTE","niv4":"FRUTALES","niv5":"CACAO","cbt":"CACAO","tmp":"CULTIVO PERMANENTE","nal":"NO APLICABLE","uso":"AGRICOLA","tap":"MEDIANA","rie":"NO","spr":"MERCANTIL","sce":0.01109769315,"usce":"HECTAREAS","txt":"EL CODIGO (fcode) Y LA DESCRIPCION (descr) CORRESPONDEN A LOS OBJETOS GEOGRAFICOS DEL ATRIBUTO niv2","simbologia":"CPuc: Cacao","label":"Cacao","SHAPE_Leng":68.2864441747,"SHAPE_Area":110.976931537},"geometry":{"type":"MultiPolygon","coordinates":[[[[-79.59354353921677,-2.873736256132306],[-79.59362156842451,-2.87375705975436],[-79.59362879080734,-2.87353728361857],[-79.59364520198065,-2.873490087868798],[-79.59354353921677,-2.873736256132306]]]]}},{"type":"Feature","properties":{"OBJECTID":1541,"fcode":"EA010","descr":"PRODUCTO AGRICOLA, RESULTADO DE UN CONJUNTO DE TECNICAS Y CONOCIMIENTOS PARA CULTIVAR LA TIERRA","DPA_DESPRO":"AZUAY","DPA_DESCAN":"CUENCA","niv1":"TIERRA AGROPECUARIA","niv2":"CULTIVO","niv3":"CULTIVO PERMANENTE","niv4":"FRUTALES","niv5":"CACAO","cbt":"CACAO","tmp":"CULTIVO PERMANENTE","nal":"NO APLICABLE","uso":"AGRICOLA","tap":"GRANDE","rie":"SI","spr":"MERCANTIL","sce":0.21847195976,"usce":"HECTAREAS","txt":"EL CODIGO (fcode) Y LA DESCRIPCION (descr) CORRESPONDEN A LOS OBJETOS GEOGRAFICOS DEL ATRIBUTO niv2","simbologia":"CPuc: Cacao","label":"Cacao","SHAPE_Leng":252.38072063,"SHAPE_Area":2184.71959763},"geometry":{"type":"MultiPolygon","coordinates":[[[[-79.66049348099085,-2.820273315419813],[-79.6597486921039,-2.81992623387819],[-79.65962723800286,-2.82005387741664],[-79.65957641033103,-2.820085246804552],[-79.65953149031816,-2.820112970812916],[-79.65947106798038,-2.820150261448251],[-79.6595097029599,-2.820199660820291],[-79.65952574383358,-2.820220170866129],[-79.65962916485945,-2.820300479229134],[-79.65977886944626,-2.820254971791373],[-79.660250352265,-2.82026539323749],[-79.66049348099085,-2.820273315419813]]]]}},{"type":"Feature","properties":{"OBJECTID":1542,"fcode":"EA010","descr":"PRODUCTO AGRICOLA, RESULTADO DE UN CONJUNTO DE TECNICAS Y CONOCIMIENTOS PARA CULTIVAR LA TIERRA","DPA_DESPRO":"AZUAY","DPA_DESCAN":"CUENCA","niv1":"TIERRA AGROPECUARIA","niv2":"CULTIVO","niv3":"CULTIVO PERMANENTE","niv4":"FRUTALES","niv5":"CACAO","cbt":"CACAO","tmp":"CULTIVO PERMANENTE","nal":"NO APLICABLE","uso":"AGRICOLA","tap":"PEQUENA","rie":"NO","spr":"MERCANTIL","sce":0.38976579145,"usce":"HECTAREAS","txt":"EL CODIGO (fcode) Y LA DESCRIPCION (descr) CORRESPONDEN A LOS OBJETOS GEOGRAFICOS DEL ATRIBUTO niv2","simbologia":"CPuc: Cacao","label":"Cacao","SHAPE_Leng":296.2305442,"SHAPE_Area":3897.65791454},"geometry":{"type":"MultiPolygon","coordinates":[[[[-79.55769957012099,-2.789694782057417],[-79.55661341219142,-2.789259413667668],[-79.55662609056678,-2.789293537774993],[-79.55672104912342,-2.789485091198622],[-79.55681603014276,-2.789657501655229],[-79.55696817363422,-2.789791694778486],[-79.55713940153785,-2.789887623607802],[-79.55732973898603,-2.789926146057425],[-79.55752016890385,-2.789888092945513],[-79.55765362392786,-2.789735107911893],[-79.55769957012099,-2.789694782057417]]]]}},{"type":"Feature","properties":{"OBJECTID":1821,"fcode":"EA010","descr":"PRODUCTO AGRICOLA, RESULTADO DE UN CONJUNTO DE TECNICAS Y CONOCIMIENTOS PARA CULTIVAR LA TIERRA","DPA_DESPRO":"AZUAY","DPA_DESCAN":"CUENCA","niv1":"TIERRA AGROPECUARIA","niv2":"CULTIVO","niv3":"CULTIVO PERMANENTE","niv4":"FRUTALES","niv5":"CACAO","cbt":"CACAO","tmp":"CULTIVO PERMANENTE","nal":"NO APLICABLE","uso":"AGRICOLA","tap":"MEDIANA","rie":"SI","spr":"MERCANTIL","sce":12.3824311418,"usce":"HECTAREAS","txt":"EL CODIGO (fcode) Y LA DESCRIPCION (descr) CORRESPONDEN A LOS OBJETOS GEOGRAFICOS DEL ATRIBUTO niv2","simbologia":"CPuc: Cacao","label":"Cacao","SHAPE_Leng":1684.31455321,"SHAPE_Area":123824.311418},"geometry":{"type":"MultiPolygon","coordinates":[[[[-79.45788967792637,-2.617751913756375],[-79.45806323856901,-2.617906812389312],[-79.4581249730836,-2.61801217439505],[-79.45818191351196,-2.61814624466893],[-79.45826738852554,-2.618294707327472],[-79.45835759913763,-2.618462318945676],[-79.45839955851983,-2.618514694875902],[-79.45845737950515,-2.618586870205033],[-79.45857622420594,-2.618687517747556],[-79.45879033021465,-2.618716496659685],[-79.45895690842535,-2.61869755948271],[-79.45906484609506,-2.618630943004577],[-79.45913298618314,-2.618692991124686],[-79.45923752566031,-2.618817549164318],[-79.45927541945183,-2.618961167036993],[-79.45925141572248,-2.619133423515101],[-79.4592082540505,-2.619406155123093],[-79.45918426781944,-2.619564054506927],[-79.45918409815667,-2.619702839324545],[-79.45922679185949,-2.619812963839453],[-79.45934091282965,-2.619884890458944],[-79.45937566487686,-2.61984723777447],[-79.4594600385101,-2.619755823795884],[-79.4596267046438,-2.619665101183964],[-79.45976947725886,-2.619655705643488],[-79.45986075618224,-2.619685205532669],[-79.45983706770167,-2.619836449974636],[-79.45987256831215,-2.619992029937544],[-79.46014594513261,-2.620195760338925],[-79.46031833935761,-2.620285705554263],[-79.46064544153685,-2.620333967086286],[-79.4608358556865,-2.620280362483061],[-79.46095472855706,-2.620358277412117],[-79.46097418012353,-2.620465722505059],[-79.4612342882731,-2.620370586839006],[-79.46127003743888,-2.62032277453878],[-79.46134152025502,-2.620239112216181],[-79.46138925366941,-2.620119528214251],[-79.46140723780022,-2.62000588998056],[-79.46140738386836,-2.619886247210041],[-79.46138380154906,-2.619712736176489],[-79.46137210211855,-2.619551203930608],[-79.46143775383459,-2.619371820552534],[-79.4614864088877,-2.619245636548935],[-79.4616876955574,-2.619282396846288],[-79.46197921013776,-2.61924686334936],[-79.46209233138275,-2.619163253201029],[-79.46223520276668,-2.619073697224504],[-79.46227703833206,-2.618912230964655],[-79.4622891538154,-2.618732781406313],[-79.46228584205464,-2.61856957548241],[-79.46197064806051,-2.618626185584476],[-79.46193620147582,-2.61760678472045],[-79.46153640898505,-2.617656541987269],[-79.46144408680844,-2.617268784987481],[-79.46106584042309,-2.617210889908699],[-79.46095076475187,-2.617300090336343],[-79.46090865383863,-2.617332731900835],[-79.46073743731262,-2.617253556040421],[-79.4605234705486,-2.617109720854604],[-79.46030925068438,-2.617174063911879],[-79.46030087882554,-2.617166327417532],[-79.46013813063824,-2.61701592356602],[-79.45929636712022,-2.61658417017323],[-79.45929545439049,-2.61657824532747],[-79.45879605570545,-2.61636731848342],[-79.45863370793997,-2.616251602753858],[-79.45841169333028,-2.617031458399295],[-79.45826889771345,-2.617059996119937],[-79.45820689415395,-2.617174777166586],[-79.45805917575957,-2.61733730862903],[-79.45798761998849,-2.617480791121993],[-79.45791598228135,-2.617691273878373],[-79.45788967792637,-2.617751913756375]]]]}},{"type":"Feature","properties":{"OBJECTID":1822,"fcode":"EA010","descr":"PRODUCTO AGRICOLA, RESULTADO DE UN CONJUNTO DE TECNICAS Y CONOCIMIENTOS PARA CULTIVAR LA TIERRA","DPA_DESPRO":"AZUAY","DPA_DESCAN":"CUENCA","niv1":"TIERRA AGROPECUARIA","niv2":"CULTIVO","niv3":"CULTIVO PERMANENTE","niv4":"FRUTALES","niv5":"CACAO","cbt":"CACAO","tmp":"CULTIVO PERMANENTE","nal":"NO APLICABLE","uso":"AGRICOLA","tap":"MEDIANA","rie":"SI","spr":"MERCANTIL","sce":19.5467888751,"usce":"HECTAREAS","txt":"EL CODIGO (fcode) Y LA DESCRIPCION (descr) CORRESPONDEN A LOS OBJETOS GEOGRAFICOS DEL ATRIBUTO niv2","simbologia":"CPuc: Cacao","label":"Cacao","SHAPE_Leng":3797.13617278,"SHAPE_Area":195467.888751},"geometry":{"type":"MultiPolygon","coordinates":[[[[-79.44730156681861,-2.611083185562232],[-79.44732576330247,-2.612507448691753],[-79.44716062835907,-2.612896602337598],[-79.44716022254936,-2.613226814262366],[-79.44734520978544,-2.613715183910133],[-79.44753033914392,-2.614088697588488],[-79.44754396210467,-2.614619925358519],[-79.44765776377929,-2.614950279349095],[-79.44777161842475,-2.615237561445287],[-79.44787119712343,-2.615524826712729],[-79.44787064985043,-2.615969894776083],[-79.44782750411883,-2.616228267593921],[-79.44781282198927,-2.616558461845744],[-79.44782669176064,-2.616888691616237],[-79.44789766542412,-2.617218992445816],[-79.44785453716892,-2.617463008232707],[-79.44782556118179,-2.617807541710093],[-79.4478395544684,-2.618037271549303],[-79.44783920105253,-2.618324412540765],[-79.44788178163411,-2.618525464824608],[-79.44801104001145,-2.618809004970982],[-79.4479973703402,-2.618908891157234],[-79.44805412971031,-2.61918892431434],[-79.44808251470953,-2.619325351872925],[-79.44813228586061,-2.619483341154149],[-79.4481249803749,-2.619619724275573],[-79.44806056108389,-2.619763214329812],[-79.44799613292963,-2.619913883326307],[-79.44799594727674,-2.620064632331101],[-79.44799574393038,-2.620229738340476],[-79.44799556709748,-2.62037330838983],[-79.44803103654856,-2.620552815866567],[-79.44810220445167,-2.620725188856071],[-79.44814495294635,-2.620789849189622],[-79.44816359573662,-2.620791435183],[-79.44831624848517,-2.620804419608449],[-79.44848754314253,-2.620818990004957],[-79.44868734568009,-2.620869488915183],[-79.44878704013401,-2.62106343345879],[-79.44880825041872,-2.621228565293787],[-79.44915795190569,-2.621279250865965],[-79.44937219944025,-2.621193375417663],[-79.44959361987499,-2.621078794768419],[-79.44965803919524,-2.620935303669179],[-79.44989384160252,-2.620734598584686],[-79.4500938650946,-2.62060563410313],[-79.45012982937308,-2.620383144253319],[-79.45012286749824,-2.620239564273891],[-79.45012308822422,-2.620060101077942],[-79.45007335121079,-2.619873397675162],[-79.45003071734776,-2.619715417195249],[-79.44998829534555,-2.619385151590685],[-79.4498600583171,-2.6191839926379],[-79.44968171356558,-2.619097628590828],[-79.44949617831915,-2.619054326700883],[-79.44932490055633,-2.61902539956383],[-79.44913569624535,-2.618852754949842],[-79.44908592179345,-2.618907852978021],[-79.44898457828369,-2.619087190262994],[-79.44891299948773,-2.619248618045786],[-79.44883549403403,-2.619392091919648],[-79.44869861634051,-2.619445761103262],[-79.44859166358572,-2.619349913827294],[-79.44859777427033,-2.619218315162883],[-79.44858608298003,-2.619050801310068],[-79.44858036337311,-2.618865349279916],[-79.44848535134555,-2.618733624764615],[-79.44836650212656,-2.618637762708682],[-79.44836414391028,-2.618633631279675],[-79.44825372678598,-2.618440212513768],[-79.44830147570009,-2.618308665687482],[-79.44833739342572,-2.618123265494817],[-79.44834945276074,-2.617991674243615],[-79.44841505330113,-2.617854167135042],[-79.4484866761095,-2.61765684639371],[-79.44842738397193,-2.61750123828378],[-79.44832640210775,-2.617387452007407],[-79.44830280776293,-2.617225905844494],[-79.44833868122014,-2.61707639769799],[-79.44849344883293,-2.61698685853269],[-79.44856501265643,-2.61683739565198],[-79.44855924048586,-2.616693817253812],[-79.44856540983507,-2.616514361578059],[-79.44857157181278,-2.616340888364974],[-79.44854799118214,-2.616167378171919],[-79.44851845539314,-2.61599984214707],[-79.44846518543612,-2.615784420452181],[-79.44846546484243,-2.615557100386066],[-79.4484241428235,-2.615299818052877],[-79.4483529320915,-2.615162141705246],[-79.44837690150376,-2.615018600287349],[-79.44850789695894,-2.614911084904026],[-79.44863292255158,-2.614821509496461],[-79.44860929037272,-2.61468987294646],[-79.44853798406781,-2.614629963226292],[-79.44846077317719,-2.61453415404279],[-79.44846698644217,-2.614318805387633],[-79.44850280815594,-2.614211172609475],[-79.44858019540261,-2.614163411677709],[-79.44878361788281,-2.614144066460687],[-79.44879251415232,-2.614096675333851],[-79.44878310881803,-2.614005736374419],[-79.44868803511366,-2.613924261158071],[-79.44870722870164,-2.613795071700081],[-79.4488168830396,-2.613627708558295],[-79.44888898308662,-2.613490118882918],[-79.44896474814269,-2.613345536554954],[-79.44914100644765,-2.613192613066103],[-79.44925036199751,-2.613269319981886],[-79.44927209551359,-2.613305328635109],[-79.44939319784196,-2.613207283151619],[-79.44942194941795,-2.613044605437193],[-79.44950299386043,-2.612925063728806],[-79.44962203671471,-2.612862998219198],[-79.44977465458199,-2.612585616929725],[-79.44977008347877,-2.612432469792829],[-79.44981788743091,-2.61225545862052],[-79.44984182709644,-2.612135846003798],[-79.44990864738399,-2.611973215441407],[-79.44994686385746,-2.611853620519297],[-79.44994229268417,-2.611700472465986],[-79.45000432552527,-2.61156176404223],[-79.45017562501326,-2.611571548398078],[-79.45028512725152,-2.611528613022536],[-79.45045055165761,-2.611423322970848],[-79.45042344529256,-2.611270356767618],[-79.45041417958629,-2.611064560664785],[-79.45043341384549,-2.610901871019201],[-79.4503859561233,-2.610796526904569],[-79.45033368758621,-2.610734247965511],[-79.4502624193703,-2.610643231391906],[-79.45018639222087,-2.610552209826802],[-79.45008655458436,-2.610475514892849],[-79.45007232557745,-2.610437211206422],[-79.45006773669881,-2.610298421069958],[-79.45002988394617,-2.610121303660772],[-79.45001578980253,-2.609972929783339],[-79.45007318752204,-2.609733716250259],[-79.4502114808323,-2.609494602916953],[-79.4502781609729,-2.609446828401264],[-79.45036869756693,-2.60934644123012],[-79.45043544801972,-2.60924123860117],[-79.45045465866967,-2.609097691932946],[-79.45042628264657,-2.608954085427905],[-79.45045502196318,-2.608800979493829],[-79.45053151780886,-2.608509146392948],[-79.45065071738186,-2.608317866363806],[-79.45082695203534,-2.608184085087872],[-79.45085557122806,-2.608148893059002],[-79.45070182180064,-2.608257813612701],[-79.45061916470002,-2.608316370346839],[-79.450474446356,-2.608418892680875],[-79.45045750918945,-2.608430891837218],[-79.45040241599786,-2.608493547862619],[-79.45022967283731,-2.608690004223001],[-79.44997756722769,-2.608976717085214],[-79.44995825816288,-2.608998676850745],[-79.44993030576835,-2.609067245825388],[-79.4498290845039,-2.609315549250834],[-79.44979634707224,-2.60939585657088],[-79.44967079654869,-2.609703839716131],[-79.44965068233302,-2.609753182206199],[-79.44964209426571,-2.609784024503026],[-79.44955806159203,-2.610085809783013],[-79.44955537352561,-2.610095465234143],[-79.4494952334895,-2.610311444453769],[-79.44950825162032,-2.610320025075793],[-79.44951131745871,-2.610322045645043],[-79.4493910929742,-2.610388024884034],[-79.44895294363427,-2.610628480787754],[-79.44864248184064,-2.610674622405627],[-79.44852930945825,-2.610691442739686],[-79.44835662944024,-2.610780942970571],[-79.44821432912194,-2.610930112057115],[-79.44819428195115,-2.610951126669922],[-79.4481061939373,-2.611012568526664],[-79.44795199062013,-2.611120125827678],[-79.44780085072787,-2.611154729683196],[-79.4475736506522,-2.61120674786156],[-79.44743700611808,-2.611170312560029],[-79.4473407100402,-2.611115623620096],[-79.44733669970795,-2.611115283114996],[-79.44733413914969,-2.611111892129552],[-79.4473123640897,-2.611099525733904],[-79.44730156681861,-2.611083185562232]]]]}},{"type":"Feature","properties":{"OBJECTID":1823,"fcode":"EA010","descr":"PRODUCTO AGRICOLA, RESULTADO DE UN CONJUNTO DE TECNICAS Y CONOCIMIENTOS PARA CULTIVAR LA TIERRA","DPA_DESPRO":"AZUAY","DPA_DESCAN":"CUENCA","niv1":"TIERRA AGROPECUARIA","niv2":"CULTIVO","niv3":"CULTIVO PERMANENTE","niv4":"FRUTALES","niv5":"CACAO","cbt":"CACAO","tmp":"CULTIVO PERMANENTE","nal":"NO APLICABLE","uso":"AGRICOLA","tap":"MEDIANA","rie":"SI","spr":"MERCANTIL","sce":65.5996691443,"usce":"HECTAREAS","txt":"EL CODIGO (fcode) Y LA DESCRIPCION (descr) CORRESPONDEN A LOS OBJETOS GEOGRAFICOS DEL ATRIBUTO niv2","simbologia":"CPuc: Cacao","label":"Cacao","SHAPE_Leng":4468.74472384,"SHAPE_Area":655996.691443},"geometry":{"type":"MultiPolygon","coordinates":[[[[-79.4274351850399,-2.526423481946774],[-79.42631428464031,-2.527101027095168],[-79.42562684740155,-2.527516558295697],[-79.42378588241553,-2.528629352655304],[-79.42329915075528,-2.528923562144718],[-79.42307960176389,-2.528736258453229],[-79.42287035260254,-2.528640290628769],[-79.42254678926932,-2.528639895287344],[-79.422223168162,-2.52868735632638],[-79.42196620888652,-2.528696613179607],[-79.42157587974455,-2.528820562730804],[-79.42135694101371,-2.528868150601349],[-79.4212136187064,-2.528986565253515],[-79.42106120144376,-2.529533534840341],[-79.42100363320733,-2.529921099636537],[-79.42090938550533,-2.530368074544693],[-79.42090900308179,-2.530368291125173],[-79.42090926433592,-2.530368633296484],[-79.4209131104317,-2.530373667201025],[-79.42091481940984,-2.530376233179389],[-79.42245867022808,-2.532484181294851],[-79.42288404612486,-2.533574171890443],[-79.42307205755492,-2.533725822498476],[-79.42307205288424,-2.533729682343995],[-79.42307199538766,-2.533777196969993],[-79.42465827711527,-2.535571050513994],[-79.42828642649059,-2.540473527049641],[-79.42828665278722,-2.535481596089667],[-79.42819753848774,-2.535485221448909],[-79.42757237976167,-2.535961866064735],[-79.42717222233806,-2.53631315156891],[-79.42617431861457,-2.535130975544313],[-79.4268745177235,-2.534579043958973],[-79.42759954740292,-2.534152774568739],[-79.42828673384417,-2.533627111199269],[-79.4282870533826,-2.525908555948689],[-79.42764001250356,-2.526299670367198],[-79.42759910136475,-2.526324399472922],[-79.4274351850399,-2.526423481946774]]]]}},{"type":"Feature","properties":{"OBJECTID":1824,"fcode":"EA010","descr":"PRODUCTO AGRICOLA, RESULTADO DE UN CONJUNTO DE TECNICAS Y CONOCIMIENTOS PARA CULTIVAR LA TIERRA","DPA_DESPRO":"AZUAY","DPA_DESCAN":"CUENCA","niv1":"TIERRA AGROPECUARIA","niv2":"CULTIVO","niv3":"CULTIVO PERMANENTE","niv4":"FRUTALES","niv5":"CACAO","cbt":"CACAO","tmp":"CULTIVO PERMANENTE","nal":"NO APLICABLE","uso":"AGRICOLA","tap":"MEDIANA","rie":"NO","spr":"MERCANTIL","sce":14.5237009446,"usce":"HECTAREAS","txt":"EL CODIGO (fcode) Y LA DESCRIPCION (descr) CORRESPONDEN A LOS OBJETOS GEOGRAFICOS DEL ATRIBUTO niv2","simbologia":"CPuc: Cacao","label":"Cacao","SHAPE_Leng":2095.21012015,"SHAPE_Area":145237.009446},"geometry":{"type":"MultiPolygon","coordinates":[[[[-79.45189032903056,-2.616627931598164],[-79.45217041119459,-2.61665762447241],[-79.45253437942118,-2.616715504200763],[-79.4526555410896,-2.616866404054389],[-79.45254111288014,-2.617045725804481],[-79.45241942288462,-2.61732553791829],[-79.45224054945557,-2.617669886228635],[-79.45226891651019,-2.617820670979095],[-79.45249015125357,-2.617856837725297],[-79.45287556957497,-2.61788603006528],[-79.45303955061227,-2.618044162078983],[-79.45351181344219,-2.617104357849716],[-79.45371168654427,-2.617097426642487],[-79.45405419765034,-2.617191172569561],[-79.4541896356281,-2.617342090102992],[-79.45421088208663,-2.617478509049373],[-79.4542676607225,-2.617744185667799],[-79.45426019763615,-2.618009782665419],[-79.45427411292657,-2.6183041203031],[-79.45434422896112,-2.618781611697173],[-79.45437321802982,-2.618979027289686],[-79.45449455609156,-2.618986355820638],[-79.45475171855449,-2.618828746834435],[-79.45492306723614,-2.618800245073925],[-79.45513724317637,-2.618771796359216],[-79.45535140243847,-2.618757704658483],[-79.45553703509222,-2.618722041506652],[-79.45572274777878,-2.618621772013198],[-79.45588698348365,-2.618571725205833],[-79.45613234549556,-2.618461837221195],[-79.45622265668393,-2.618421391081182],[-79.45645135474095,-2.618191960878614],[-79.45676568357753,-2.617984171737598],[-79.45698725267431,-2.617747553511013],[-79.4571731135491,-2.617525248113592],[-79.45722330844292,-2.61733866712773],[-79.45720888937883,-2.617312937666239],[-79.45685293808273,-2.616677782022666],[-79.45663696761713,-2.616324469824091],[-79.45660115403648,-2.616328712303587],[-79.4564644439646,-2.616244793683943],[-79.45632806406093,-2.615891678552613],[-79.45606120517543,-2.616195838873705],[-79.45583256825307,-2.616375019928868],[-79.45553981259864,-2.616453621980876],[-79.45526158780206,-2.616324063862286],[-79.45519050643829,-2.616079904654339],[-79.45502651628699,-2.615928951889338],[-79.45441015879896,-2.615774379465345],[-79.45410599241877,-2.615698098841503],[-79.4533705992008,-2.615483902821822],[-79.45331395417006,-2.615467403628099],[-79.45285728843517,-2.615330446042693],[-79.45219368217298,-2.615142980723464],[-79.4519879376568,-2.615034425025736],[-79.45193681852403,-2.615057716382435],[-79.45180362262754,-2.615019265125167],[-79.45159405897175,-2.615167361729939],[-79.45148920375591,-2.615301231116793],[-79.45139383031633,-2.615463826347251],[-79.45132229185721,-2.61559295194859],[-79.45136019149598,-2.615731783497029],[-79.45145524704753,-2.615827615720814],[-79.45146934102793,-2.615975989709063],[-79.45148828204205,-2.616052584455554],[-79.45144535423492,-2.616133887509066],[-79.4513257735581,-2.616096722789172],[-79.45137854880932,-2.616283357594364],[-79.4515139774539,-2.616441453233785],[-79.45164951182682,-2.616513407598353],[-79.45182783019705,-2.616621306325065],[-79.45189032903056,-2.616627931598164]]]]}},{"type":"Feature","properties":{"OBJECTID":1825,"fcode":"EA010","descr":"PRODUCTO AGRICOLA, RESULTADO DE UN CONJUNTO DE TECNICAS Y CONOCIMIENTOS PARA CULTIVAR LA TIERRA","DPA_DESPRO":"AZUAY","DPA_DESCAN":"CUENCA","niv1":"TIERRA AGROPECUARIA","niv2":"CULTIVO","niv3":"CULTIVO PERMANENTE","niv4":"FRUTALES","niv5":"CACAO","cbt":"CACAO","tmp":"CULTIVO PERMANENTE","nal":"NO APLICABLE","uso":"AGRICOLA","tap":"MEDIANA","rie":"NO","spr":"MERCANTIL","sce":16.5611810554,"usce":"HECTAREAS","txt":"EL CODIGO (fcode) Y LA DESCRIPCION (descr) CORRESPONDEN A LOS OBJETOS GEOGRAFICOS DEL ATRIBUTO niv2","simbologia":"CPuc: Cacao","label":"Cacao","SHAPE_Leng":2115.07068339,"SHAPE_Area":165611.810554},"geometry":{"type":"MultiPolygon","coordinates":[[[[-79.46334734922632,-2.614996795974553],[-79.46335273604984,-2.614981171192697],[-79.46418023711168,-2.615341465188751],[-79.46418031307371,-2.615341117997751],[-79.46419205640372,-2.615346611220569],[-79.46543941356359,-2.615930079547407],[-79.4657497944167,-2.616075264421513],[-79.46637304526058,-2.616341542430262],[-79.46637072603362,-2.616468058873968],[-79.46639436801466,-2.616592516284606],[-79.46645130956844,-2.616726586667524],[-79.46657965582243,-2.61684160165203],[-79.46667478885442,-2.616875218909127],[-79.46666515542825,-2.616970922031581],[-79.46659364692489,-2.617076120228908],[-79.4665410911806,-2.617248341460806],[-79.4665837740824,-2.617368037179514],[-79.46659051894453,-2.617421112223709],[-79.46684432754984,-2.617336711140696],[-79.46682608928221,-2.61735437673752],[-79.46689025527623,-2.617658997327414],[-79.46731609480467,-2.617271513897054],[-79.46732148582979,-2.617265003501947],[-79.46751368761547,-2.617032907803124],[-79.46751865262995,-2.617023968600769],[-79.4677481039797,-2.616610846511461],[-79.467751323477,-2.616606352943234],[-79.46799276405967,-2.616269378647629],[-79.46828935644217,-2.615521270952277],[-79.46830098831333,-2.615491920640637],[-79.4683598963488,-2.615343283440277],[-79.46836632738358,-2.615275615043315],[-79.46840850071742,-2.614831839077943],[-79.46841336678905,-2.61478063857494],[-79.46855553742984,-2.614414806950579],[-79.46856188796845,-2.614405327703816],[-79.4686317790242,-2.614301000858918],[-79.46864430802428,-2.614282298998465],[-79.46870511425698,-2.614191532255548],[-79.4687539185155,-2.614118682100738],[-79.46886991808529,-2.614007234527397],[-79.46857981594515,-2.613915176549984],[-79.46767485539804,-2.61357587606485],[-79.46766742081964,-2.613573088664175],[-79.46766754744948,-2.613572486497024],[-79.46716447112225,-2.613339167523732],[-79.46681224754508,-2.613207481483811],[-79.46683226916088,-2.613572063861664],[-79.46679633458616,-2.613773019932258],[-79.46675007840993,-2.613881793551918],[-79.46670327479588,-2.61399185343657],[-79.46665779912809,-2.61397843256311],[-79.46655001508925,-2.614309317860454],[-79.46624023713339,-2.614202417752272],[-79.46561231629263,-2.613985732073592],[-79.46550652269885,-2.613940133121127],[-79.4654397542399,-2.613354166460623],[-79.46514453487505,-2.613229008302911],[-79.46362842164008,-2.612634911745655],[-79.46347938543184,-2.612599031455862],[-79.46348208506873,-2.613130054269241],[-79.46346044488982,-2.613982488651457],[-79.46346021725452,-2.61399145626627],[-79.46346034399014,-2.613991507972213],[-79.46345696582506,-2.614293491977356],[-79.46342952284427,-2.614775081001011],[-79.46336390109444,-2.614930535686158],[-79.46334734922632,-2.614996795974553]]]]}},{"type":"Feature","properties":{"OBJECTID":1826,"fcode":"EA010","descr":"PRODUCTO AGRICOLA, RESULTADO DE UN CONJUNTO DE TECNICAS Y CONOCIMIENTOS PARA CULTIVAR LA TIERRA","DPA_DESPRO":"AZUAY","DPA_DESCAN":"CUENCA","niv1":"TIERRA AGROPECUARIA","niv2":"CULTIVO","niv3":"CULTIVO PERMANENTE","niv4":"FRUTALES","niv5":"CACAO","cbt":"CACAO","tmp":"CULTIVO PERMANENTE","nal":"NO APLICABLE","uso":"AGRICOLA","tap":"MEDIANA","rie":"NO","spr":"MERCANTIL","sce":13.6440075884,"usce":"HECTAREAS","txt":"EL CODIGO (fcode) Y LA DESCRIPCION (descr) CORRESPONDEN A LOS OBJETOS GEOGRAFICOS DEL ATRIBUTO niv2","simbologia":"CPuc: Cacao","label":"Cacao","SHAPE_Leng":1988.34125296,"SHAPE_Area":136440.075884},"geometry":{"type":"MultiPolygon","coordinates":[[[[-79.45085557122806,-2.608148893059002],[-79.45082695203534,-2.608184085087872],[-79.45065071738186,-2.608317866363806],[-79.45053151780886,-2.608509146392948],[-79.45045502196318,-2.608800979493829],[-79.45042628264657,-2.608954085427905],[-79.45045465866967,-2.609097691932946],[-79.45043544801972,-2.60924123860117],[-79.45036869756693,-2.60934644123012],[-79.4502781609729,-2.609446828401264],[-79.4502114808323,-2.609494602916953],[-79.45007318752204,-2.609733716250259],[-79.45001578980253,-2.609972929783339],[-79.45002988394617,-2.610121303660772],[-79.45006773669881,-2.610298421069958],[-79.45007232557745,-2.610437211206422],[-79.45008655458436,-2.610475514892849],[-79.45018639222087,-2.610552209826802],[-79.4502624193703,-2.610643231391906],[-79.45033368758621,-2.610734247965511],[-79.4503859561233,-2.610796526904569],[-79.45043341384549,-2.610901871019201],[-79.45041417958629,-2.611064560664785],[-79.45042344529256,-2.611270356767618],[-79.45045055165761,-2.611423322970848],[-79.45028512725152,-2.611528613022536],[-79.45017562501326,-2.611571548398078],[-79.45000432552527,-2.61156176404223],[-79.44994229268417,-2.611700472465986],[-79.44994686385746,-2.611853620519297],[-79.44990864738399,-2.611973215441407],[-79.44984182709644,-2.612135846003798],[-79.44981788743091,-2.61225545862052],[-79.44977008347877,-2.612432469792829],[-79.44977465458199,-2.612585616929725],[-79.44962203671471,-2.612862998219198],[-79.44950299386043,-2.612925063728806],[-79.44942194941795,-2.613044605437193],[-79.44939319784196,-2.613207283151619],[-79.44927209551359,-2.613305328635109],[-79.44925036199751,-2.613269319981886],[-79.44914100644765,-2.613192613066103],[-79.44896474814269,-2.613345536554954],[-79.44888898308662,-2.613490118882918],[-79.4488168830396,-2.613627708558295],[-79.44870722870164,-2.613795071700081],[-79.44868803511366,-2.613924261158071],[-79.44878310881803,-2.614005736374419],[-79.44879251415232,-2.614096675333851],[-79.44878361788281,-2.614144066460687],[-79.44877814415584,-2.614173228631873],[-79.44878278555176,-2.614268948557584],[-79.44882554876777,-2.614321643833761],[-79.44891591057075,-2.614364827181199],[-79.44902530051911,-2.614412820140234],[-79.44901091876555,-2.614498944487541],[-79.44891556965202,-2.614642397296389],[-79.44965289824471,-2.614858668636859],[-79.44979590469892,-2.614657847647111],[-79.44988643695504,-2.614562245837006],[-79.45001024394469,-2.61449540030512],[-79.45014352185332,-2.614466851654386],[-79.45023393662106,-2.614466963874883],[-79.45041464872399,-2.614562901480022],[-79.45063350028778,-2.614601459123359],[-79.45074294414732,-2.614606380004822],[-79.45082871153777,-2.614515558153104],[-79.45089553790623,-2.614348142470691],[-79.45094330674077,-2.61419984526237],[-79.4510148391932,-2.61407550563305],[-79.45112448842242,-2.613912928099145],[-79.45122462557329,-2.613745552758445],[-79.4513485389651,-2.613592564827603],[-79.45135653547375,-2.613559425554097],[-79.45138201907913,-2.613453820903442],[-79.4514487640331,-2.613353404284641],[-79.45152495560036,-2.613310427574956],[-79.45157268907484,-2.613190844334419],[-79.45157282982964,-2.613075987182043],[-79.45160633333114,-2.612918101122375],[-79.45164884651686,-2.61282930919686],[-79.45166358376969,-2.612798529658063],[-79.45177790961199,-2.612702957932081],[-79.45180663155104,-2.612564208057043],[-79.45174973877279,-2.612391852917062],[-79.45173345309833,-2.612240476380108],[-79.45171899644707,-2.612237475820206],[-79.4516476806047,-2.612127206688708],[-79.45162994005605,-2.612099776529633],[-79.45163020384406,-2.611884421054843],[-79.4516958034177,-2.611746913356759],[-79.45175546983494,-2.611597434236574],[-79.45176167491117,-2.611388067683809],[-79.45177971051191,-2.611232555412588],[-79.45182153903396,-2.611077071695822],[-79.45184986422299,-2.610958174281351],[-79.45180989743244,-2.610868879532508],[-79.45182194768547,-2.610743270447665],[-79.45175666224478,-2.61062354719281],[-79.45161999071811,-2.610509718039377],[-79.45154280884178,-2.610389980062553],[-79.45154898363822,-2.610204541607791],[-79.45172755768803,-2.610103066803939],[-79.45192416718396,-2.609846078753734],[-79.4518945573518,-2.609738364642726],[-79.45184716094742,-2.609582770464811],[-79.451805720539,-2.609421202083481],[-79.45178809498823,-2.60924171663123],[-79.45174662529925,-2.609104076345377],[-79.45168731780848,-2.608960432412925],[-79.45165179679604,-2.608822799495741],[-79.45164012631615,-2.608637339847372],[-79.45167384301918,-2.608585620198999],[-79.45092102838076,-2.608107630289876],[-79.45091701771018,-2.608105362564926],[-79.45086024789344,-2.608145579768645],[-79.45085557122806,-2.608148893059002]]]]}},{"type":"Feature","properties":{"OBJECTID":1827,"fcode":"EA010","descr":"PRODUCTO AGRICOLA, RESULTADO DE UN CONJUNTO DE TECNICAS Y CONOCIMIENTOS PARA CULTIVAR LA TIERRA","DPA_DESPRO":"AZUAY","DPA_DESCAN":"CUENCA","niv1":"TIERRA AGROPECUARIA","niv2":"CULTIVO","niv3":"CULTIVO PERMANENTE","niv4":"FRUTALES","niv5":"CACAO","cbt":"CACAO","tmp":"CULTIVO PERMANENTE","nal":"NO APLICABLE","uso":"AGRICOLA","tap":"MEDIANA","rie":"NO","spr":"MERCANTIL","sce":19.5652818848,"usce":"HECTAREAS","txt":"EL CODIGO (fcode) Y LA DESCRIPCION (descr) CORRESPONDEN A LOS OBJETOS GEOGRAFICOS DEL ATRIBUTO niv2","simbologia":"CPuc: Cacao","label":"Cacao","SHAPE_Leng":3067.82193792,"SHAPE_Area":195652.818848},"geometry":{"type":"MultiPolygon","coordinates":[[[[-79.43644042549172,-2.602798992842298],[-79.43642126645744,-2.603101250842873],[-79.43655178841883,-2.603376589544041],[-79.43648001140886,-2.603699531918799],[-79.43642001259798,-2.604118202567554],[-79.43641942237754,-2.604596767174773],[-79.43641902391579,-2.604919799435577],[-79.43637099492133,-2.605278663280614],[-79.43633487783022,-2.605625578902015],[-79.43642968027505,-2.60592480111688],[-79.43644125267757,-2.606188026631238],[-79.4364530973426,-2.606401131127612],[-79.43677420694316,-2.606308083771256],[-79.43697660976277,-2.606176730790463],[-79.43731012582091,-2.605842150943159],[-79.43739319363152,-2.605631281890874],[-79.43754979066621,-2.605792268797448],[-79.43760902245076,-2.60599573397647],[-79.43794252024989,-2.60586405045532],[-79.43797618226444,-2.60596262233308],[-79.43835694524805,-2.60590327621447],[-79.43863065321028,-2.605831832550165],[-79.43892799262201,-2.605892023945325],[-79.43941558796402,-2.606024237169354],[-79.43973692653792,-2.605916960595777],[-79.43980057372481,-2.605865882914111],[-79.43992879993418,-2.606034517066559],[-79.4400593375291,-2.606297892057216],[-79.44009474758131,-2.60652525479221],[-79.44007071822257,-2.606716651509243],[-79.43999904444644,-2.606955845754948],[-79.43998682386334,-2.607219042042891],[-79.4401294199328,-2.607350826363399],[-79.44037915883261,-2.607422922362848],[-79.44071211525235,-2.60754297887668],[-79.44091432681796,-2.607567158709548],[-79.44108090820525,-2.607543438142836],[-79.44136643952241,-2.607531828739441],[-79.44175902624183,-2.607532317425412],[-79.44221103605902,-2.607580736863474],[-79.44259165209145,-2.607641031356398],[-79.44297237121367,-2.607617576894357],[-79.44314540038334,-2.607443994190944],[-79.44213951423048,-2.605938944385744],[-79.44192652908859,-2.60555167839869],[-79.44169310423086,-2.60560353991329],[-79.4411985150229,-2.605354070882178],[-79.44108522680915,-2.604607364109153],[-79.44099071335248,-2.604071252235091],[-79.44072453740132,-2.603822066556309],[-79.44022983137678,-2.603668309502938],[-79.44006988175587,-2.603640129106079],[-79.4397921335713,-2.603591194998699],[-79.43927813415203,-2.603647983196816],[-79.43890268211028,-2.603685268967989],[-79.4388973991959,-2.603685794163419],[-79.43842120901427,-2.60395319846246],[-79.43821154841785,-2.604182647807415],[-79.43790631342486,-2.604737405742227],[-79.43777271866298,-2.605024379339011],[-79.4375349096573,-2.605042477854461],[-79.4375252479703,-2.605043212822136],[-79.43733514000263,-2.604851549376388],[-79.4375260973987,-2.604354078955788],[-79.4376218123282,-2.603913917564511],[-79.4376604939133,-2.603416256318298],[-79.43739438984991,-2.603109642664842],[-79.43733775847578,-2.602726719288143],[-79.43762343939504,-2.602593076582562],[-79.43796593955301,-2.602689215925687],[-79.43819402255129,-2.602957497207224],[-79.4382807935716,-2.603024400640432],[-79.43832931274935,-2.602780831281455],[-79.43830478597975,-2.602479382263772],[-79.43825412069012,-2.602457470373058],[-79.43796875207039,-2.602337473400529],[-79.43760006430982,-2.602253265483006],[-79.43730269643058,-2.602217002249677],[-79.43696947758627,-2.602312300770111],[-79.43690953822988,-2.602683114844535],[-79.43664758003969,-2.602874214711544],[-79.43644042549172,-2.602798992842298]]]]}},{"type":"Feature","properties":{"OBJECTID":1828,"fcode":"EA010","descr":"PRODUCTO AGRICOLA, RESULTADO DE UN CONJUNTO DE TECNICAS Y CONOCIMIENTOS PARA CULTIVAR LA TIERRA","DPA_DESPRO":"AZUAY","DPA_DESCAN":"CUENCA","niv1":"TIERRA AGROPECUARIA","niv2":"CULTIVO","niv3":"CULTIVO PERMANENTE","niv4":"FRUTALES","niv5":"CACAO","cbt":"CACAO","tmp":"CULTIVO PERMANENTE","nal":"NO APLICABLE","uso":"AGRICOLA","tap":"MEDIANA","rie":"NO","spr":"MERCANTIL","sce":124.803747538,"usce":"HECTAREAS","txt":"EL CODIGO (fcode) Y LA DESCRIPCION (descr) CORRESPONDEN A LOS OBJETOS GEOGRAFICOS DEL ATRIBUTO niv2","simbologia":"CPuc: Cacao","label":"Cacao","SHAPE_Leng":10555.0120422,"SHAPE_Area":1248037.47538},"geometry":{"type":"MultiPolygon","coordinates":[[[[-79.40095879519727,-2.587412479090002],[-79.40098675212931,-2.587886286824923],[-79.40152881992285,-2.588202822426683],[-79.4018995119957,-2.588576567666563],[-79.40264132749287,-2.5889794965733],[-79.40252672900202,-2.589295200124306],[-79.40235472313502,-2.589854895082095],[-79.4024256681431,-2.590199547153529],[-79.40253933128237,-2.590630392808225],[-79.40219672148085,-2.590629958427416],[-79.40168316740302,-2.590342172872563],[-79.40142667899005,-2.58996857214622],[-79.40128432059647,-2.589652543048423],[-79.40108484374042,-2.589350799151783],[-79.40058536780283,-2.589220954333969],[-79.400242542571,-2.589392800730163],[-79.399885135642,-2.589808692381343],[-79.40011323577207,-2.590053045858784],[-79.40054099276733,-2.590455577421267],[-79.40094014527351,-2.590901142826595],[-79.40112545481358,-2.591116729537808],[-79.40135346533265,-2.591432866520023],[-79.40136732636783,-2.591763089364868],[-79.4011954983995,-2.59217921675049],[-79.40116653313034,-2.5925093851959],[-79.40099470576148,-2.592925512446886],[-79.40055173509009,-2.59326951068125],[-79.40029436231706,-2.593599388712096],[-79.40002287730933,-2.593800037451341],[-79.40002341861789,-2.593369337108543],[-79.40009555319412,-2.59276644551593],[-79.40031045928988,-2.592149379434814],[-79.4004393712218,-2.591804981369397],[-79.39992569055879,-2.591617691799081],[-79.39969750113032,-2.591445120619353],[-79.39954081479218,-2.591172144294509],[-79.39928456077591,-2.590611905762716],[-79.39894218597398,-2.59042483377509],[-79.39845691360998,-2.590352433700116],[-79.39809952399393,-2.590753967641413],[-79.39769999404318,-2.590609891894681],[-79.39738618935796,-2.590408499271482],[-79.39690061048937,-2.590580161821442],[-79.39667263771133,-2.590235311503664],[-79.39648760023306,-2.589804374875202],[-79.3959736517361,-2.589832434311335],[-79.3956877108938,-2.590176630517893],[-79.39521633532378,-2.590405737988021],[-79.3948738533687,-2.590304805157089],[-79.39420247868665,-2.590648510644842],[-79.39375974406924,-2.59080586960119],[-79.39344499850853,-2.591351022136262],[-79.39354456368386,-2.591638283130155],[-79.39396992387604,-2.59184095554553],[-79.39391525233972,-2.592012029861051],[-79.39372941963582,-2.592212786063718],[-79.3933724812391,-2.592255400703874],[-79.39302985443103,-2.592269320186504],[-79.39295815174282,-2.592527649319237],[-79.39302912981891,-2.592843586248538],[-79.39331436561874,-2.593059300994065],[-79.3932711772739,-2.593346378947226],[-79.3930139303657,-2.593575757899719],[-79.39260021659541,-2.593359879897499],[-79.39215778920618,-2.593273174081096],[-79.3919145283258,-2.593732276861668],[-79.39187121260444,-2.594119851798941],[-79.3915567551623,-2.594435296925422],[-79.3911856681135,-2.594377395950785],[-79.39068628472482,-2.594175763553688],[-79.39018668370215,-2.594146411262856],[-79.38982989052589,-2.594074171635243],[-79.38935874957106,-2.594116638595894],[-79.38920153937265,-2.594260004523605],[-79.38910115692332,-2.594618791618761],[-79.38912930772163,-2.594934674295466],[-79.38925742304993,-2.595221971741834],[-79.38938544661936,-2.59558105131691],[-79.38968504783271,-2.595725002133932],[-79.38978464805854,-2.595983548974244],[-79.38985571578074,-2.596227703569362],[-79.39031225521144,-2.596443637588163],[-79.39054104330631,-2.596142441174161],[-79.39086973965142,-2.595855728222753],[-79.39121223999524,-2.595942306256155],[-79.39136888753998,-2.596243996986027],[-79.39161144241474,-2.596344803764368],[-79.3919880113491,-2.596633482722051],[-79.39196790976834,-2.596675463420045],[-79.3921390870826,-2.596776178873289],[-79.39239573602406,-2.59702057099888],[-79.39375251621993,-2.596534178255911],[-79.39399559652344,-2.59621864140911],[-79.39415317035473,-2.595788141978114],[-79.39451016338963,-2.59570245780509],[-79.39488088919002,-2.596047490959433],[-79.39533801019127,-2.595804011023532],[-79.39543734013822,-2.596277908720197],[-79.39540811906218,-2.596809069049471],[-79.39567899009265,-2.597096549064081],[-79.3962642280023,-2.597140365911462],[-79.39692111559435,-2.596968922812658],[-79.39769211509878,-2.596869409034751],[-79.39811979941872,-2.597329368985347],[-79.3982478087001,-2.597702806913536],[-79.39779005315977,-2.598448772777002],[-79.39613529655665,-2.597499119129544],[-79.39550657988944,-2.597972087583316],[-79.39534880624844,-2.598560510370901],[-79.39584790277245,-2.598991848799899],[-79.39626132897834,-2.599437434512593],[-79.39676075241886,-2.599610352310555],[-79.39778956434837,-2.598836403533631],[-79.39821790062226,-2.598779522154637],[-79.3984029744756,-2.599181746319345],[-79.39845951507493,-2.599626876676229],[-79.39880185516527,-2.599842664509506],[-79.39912997424993,-2.600015363204052],[-79.39941483184427,-2.600532568307869],[-79.3997140383451,-2.600992364993725],[-79.40029980390268,-2.600619837488835],[-79.40051419005162,-2.600419115933891],[-79.40077154628582,-2.600103595396918],[-79.40112839771388,-2.600132763302114],[-79.4015425860388,-2.599975366882503],[-79.40160006737537,-2.599673948228638],[-79.40161492097013,-2.599214551480251],[-79.40095855614139,-2.598969651977873],[-79.40064496515933,-2.598595977505091],[-79.40048856773963,-2.59809329286316],[-79.40030347401479,-2.597705425364834],[-79.40007566336853,-2.597231363327786],[-79.40001906754968,-2.59682930277325],[-79.39986268737829,-2.59631226165175],[-79.40012002507255,-2.596011097491007],[-79.4006058234231,-2.595667154554068],[-79.40090544562295,-2.595796745914512],[-79.4008620778347,-2.596227392866255],[-79.4006760269872,-2.596600431469922],[-79.40063267699183,-2.597016721661452],[-79.40108932921123,-2.597146512973092],[-79.4014605275596,-2.597118271682938],[-79.40180342774202,-2.596888999409512],[-79.40206081864551,-2.596544765468461],[-79.40258908285294,-2.596488008997927],[-79.40277428574475,-2.596789736309873],[-79.40281653492029,-2.597249205929442],[-79.40265896376768,-2.597679708154106],[-79.40243033910234,-2.597851698140304],[-79.40238698934988,-2.598267988715228],[-79.40245786122964,-2.598670067814379],[-79.40248572613358,-2.599215659407063],[-79.40235686771602,-2.599516987442489],[-79.40177086798953,-2.600076154465879],[-79.40191331555904,-2.600320400809262],[-79.4025270536634,-2.600407322220388],[-79.40324068523213,-2.600523083893475],[-79.40345535911477,-2.600092654323783],[-79.40369901768426,-2.599317700057033],[-79.40355673201425,-2.598944243453603],[-79.40354315917426,-2.598384313037666],[-79.40374350351956,-2.597996935090577],[-79.40414365006666,-2.597652880955789],[-79.40495765962959,-2.597409848984986],[-79.40521476210668,-2.597295321356095],[-79.4054577340519,-2.597065921812926],[-79.4052868597588,-2.596721142442953],[-79.40491614806838,-2.596361752865763],[-79.40450264537405,-2.595973595551512],[-79.40423207742876,-2.59544205231707],[-79.40390411973166,-2.595140143996736],[-79.40386138349,-2.595068306132581],[-79.40349068976879,-2.594694559972058],[-79.4030913733717,-2.594378205304888],[-79.40314894427242,-2.594005002669966],[-79.40317758515467,-2.593933255396308],[-79.40339187843962,-2.593804315853585],[-79.40369195109545,-2.59357498886058],[-79.40404925128801,-2.593245236275642],[-79.40384966459135,-2.593029632304917],[-79.40341390159371,-2.592809818417026],[-79.40416428876324,-2.591909407649554],[-79.40462255260344,-2.591422654201175],[-79.40489434227477,-2.59097793867136],[-79.40528071291888,-2.590231876460235],[-79.40515307857123,-2.589556946468704],[-79.40491080932112,-2.589226434108769],[-79.40445401450073,-2.589211499376481],[-79.40441143987519,-2.589010451239043],[-79.40466915160904,-2.588407793575323],[-79.40475523465958,-2.588063339911256],[-79.40454148130739,-2.5877615772408],[-79.40391377706705,-2.587430577521176],[-79.40344286942434,-2.587286414438529],[-79.40334249294715,-2.587645206464584],[-79.40294265665742,-2.587745197415967],[-79.40247201885951,-2.587385682612237],[-79.40218335197352,-2.587188762530353],[-79.40198707009176,-2.587054864009329],[-79.40151637898092,-2.586738419242669],[-79.40110201611981,-2.587039386142744],[-79.40095879519727,-2.587412479090002]]]]}},{"type":"Feature","properties":{"OBJECTID":1829,"fcode":"EA010","descr":"PRODUCTO AGRICOLA, RESULTADO DE UN CONJUNTO DE TECNICAS Y CONOCIMIENTOS PARA CULTIVAR LA TIERRA","DPA_DESPRO":"AZUAY","DPA_DESCAN":"CUENCA","niv1":"TIERRA AGROPECUARIA","niv2":"CULTIVO","niv3":"CULTIVO PERMANENTE","niv4":"FRUTALES","niv5":"CACAO","cbt":"CACAO","tmp":"CULTIVO PERMANENTE","nal":"NO APLICABLE","uso":"AGRICOLA","tap":"MEDIANA","rie":"NO","spr":"MERCANTIL","sce":14.9752309126,"usce":"HECTAREAS","txt":"EL CODIGO (fcode) Y LA DESCRIPCION (descr) CORRESPONDEN A LOS OBJETOS GEOGRAFICOS DEL ATRIBUTO niv2","simbologia":"CPuc: Cacao","label":"Cacao","SHAPE_Leng":2476.66445861,"SHAPE_Area":149752.309126},"geometry":{"type":"MultiPolygon","coordinates":[[[[-79.36994588632344,-2.584959850087816],[-79.37037144290615,-2.585339521959678],[-79.37059938112884,-2.585703514281194],[-79.37105611174567,-2.585761529659627],[-79.37143700130646,-2.585589743059781],[-79.3717609368687,-2.585303029908831],[-79.3717995900378,-2.584843670751408],[-79.37214246056588,-2.584633550067605],[-79.37267544731304,-2.584595953185616],[-79.37301787983307,-2.584730388752826],[-79.37343649450365,-2.584826637752688],[-79.37379859463935,-2.584463405325302],[-79.37408456041186,-2.584100073768868],[-79.37378002380605,-2.584099681771416],[-79.37357082569982,-2.583965418905331],[-79.37298144543476,-2.583447823761366],[-79.37296297303469,-2.583007533014207],[-79.37381984496626,-2.582721504614111],[-79.37427667285156,-2.582702950859852],[-79.37477190809976,-2.582416456348569],[-79.37503915537651,-2.581804253270192],[-79.37503920402096,-2.58176596956268],[-79.37469679586853,-2.581612392604816],[-79.37439218766923,-2.581669427128072],[-79.37416354225482,-2.581860554635842],[-79.37397555550227,-2.581860312890117],[-79.37385900706965,-2.581860162998048],[-79.37364279303354,-2.581732602506964],[-79.37351642882592,-2.581840580025842],[-79.37275453049564,-2.582279866613737],[-79.37197364686558,-2.582680844241036],[-79.37132619234339,-2.582928856431861],[-79.37077431930693,-2.582851576845739],[-79.37043203418308,-2.582602289376183],[-79.37028032841404,-2.582161827405586],[-79.37001439702486,-2.581740359621069],[-79.36991991256636,-2.581204260971037],[-79.36980277918666,-2.580587952968053],[-79.3695458460849,-2.580573265340608],[-79.36933881201824,-2.58060888923892],[-79.36916737447122,-2.580716342318994],[-79.36903864301435,-2.580917167119578],[-79.36903106574694,-2.581261713870273],[-79.36915201954878,-2.581563356939996],[-79.369158772162,-2.581864852734726],[-79.36927251566073,-2.58222391158225],[-79.36945064291014,-2.582468202524563],[-79.36964289789096,-2.582827363612245],[-79.36977098061251,-2.583136193791432],[-79.36989179719492,-2.583545510049758],[-79.36994843962549,-2.583904496279704],[-79.36994064226867,-2.584421320760331],[-79.3698830839874,-2.584780159618796],[-79.36994588632344,-2.584959850087816]]]]}},{"type":"Feature","properties":{"OBJECTID":1830,"fcode":"EA010","descr":"PRODUCTO AGRICOLA, RESULTADO DE UN CONJUNTO DE TECNICAS Y CONOCIMIENTOS PARA CULTIVAR LA TIERRA","DPA_DESPRO":"AZUAY","DPA_DESCAN":"CUENCA","niv1":"TIERRA AGROPECUARIA","niv2":"CULTIVO","niv3":"CULTIVO PERMANENTE","niv4":"FRUTALES","niv5":"CACAO","cbt":"CACAO","tmp":"CULTIVO PERMANENTE","nal":"NO APLICABLE","uso":"AGRICOLA","tap":"MEDIANA","rie":"NO","spr":"MERCANTIL","sce":32.6685114457,"usce":"HECTAREAS","txt":"EL CODIGO (fcode) Y LA DESCRIPCION (descr) CORRESPONDEN A LOS OBJETOS GEOGRAFICOS DEL ATRIBUTO niv2","simbologia":"CPuc: Cacao","label":"Cacao","SHAPE_Leng":3251.4767763,"SHAPE_Area":326685.114457},"geometry":{"type":"MultiPolygon","coordinates":[[[[-79.35658373433978,-2.576628928581409],[-79.35666652354459,-2.577099994494648],[-79.3564186005735,-2.577482510609748],[-79.35637996863613,-2.577922724728373],[-79.35656993253038,-2.578210099189929],[-79.35624577767176,-2.57866908387266],[-79.35594107392839,-2.578802681465612],[-79.35567406748594,-2.579223456590424],[-79.35573067535962,-2.579606367773616],[-79.35603476466062,-2.579951317144135],[-79.35670092933351,-2.57995218250674],[-79.35725301762893,-2.579857189481427],[-79.35744379252677,-2.57951288351754],[-79.35797682266639,-2.579437007457344],[-79.35818665539252,-2.579073582856601],[-79.3577492577785,-2.578785887343404],[-79.3576926245742,-2.578422117116531],[-79.35784513643551,-2.57823089592098],[-79.35828302388641,-2.578135754699193],[-79.35854936697885,-2.578231809105529],[-79.35894869776344,-2.578519455898381],[-79.35929117432158,-2.57861560892161],[-79.35946239992761,-2.578673256488993],[-79.35965234028514,-2.578979774065068],[-79.3597848375411,-2.579554203394482],[-79.35980330688153,-2.579994491424841],[-79.36006938074354,-2.580301107813814],[-79.3605073428995,-2.580148539672679],[-79.36069819088135,-2.579746806177116],[-79.3608890631916,-2.579325931306642],[-79.36121302143927,-2.579020079156345],[-79.36155586612851,-2.578829103619107],[-79.36216505468298,-2.578734182713099],[-79.36214651080472,-2.578351318940495],[-79.36211532296545,-2.578225167146696],[-79.36243213309072,-2.578255979123301],[-79.36283173473711,-2.578333063878804],[-79.36328848527141,-2.578371937968793],[-79.36357442471684,-2.578027751989936],[-79.36370667132604,-2.577599407154269],[-79.36367010524353,-2.57762589423904],[-79.36319444359592,-2.577491285785477],[-79.36344265879471,-2.576879064304603],[-79.36325276605865,-2.576534263420078],[-79.36369097136075,-2.576190273821343],[-79.36426255695696,-2.575731604475176],[-79.36450944987811,-2.575517716693727],[-79.36441543317737,-2.575253252168121],[-79.3641111941222,-2.575023156368195],[-79.36363531326077,-2.575060825741531],[-79.36327338838545,-2.575290062514948],[-79.36277818072048,-2.575557410481581],[-79.36234007352307,-2.575824831909458],[-79.36205437851689,-2.575977597698691],[-79.3617499689044,-2.575881494950229],[-79.36154094538342,-2.575613237398898],[-79.36135252205092,-2.575225963432702],[-79.36099372777005,-2.575225499563362],[-79.36044203347605,-2.575014225524769],[-79.3598236982465,-2.574822005534795],[-79.35934783060488,-2.574850103542644],[-79.35858609688263,-2.575164958575546],[-79.3579189116491,-2.575531285666417],[-79.3577861384766,-2.575604187061992],[-79.35658373433978,-2.576628928581409]]]]}},{"type":"Feature","properties":{"OBJECTID":1831,"fcode":"EA010","descr":"PRODUCTO AGRICOLA, RESULTADO DE UN CONJUNTO DE TECNICAS Y CONOCIMIENTOS PARA CULTIVAR LA TIERRA","DPA_DESPRO":"AZUAY","DPA_DESCAN":"CUENCA","niv1":"TIERRA AGROPECUARIA","niv2":"CULTIVO","niv3":"CULTIVO PERMANENTE","niv4":"FRUTALES","niv5":"CACAO","cbt":"CACAO","tmp":"CULTIVO PERMANENTE","nal":"NO APLICABLE","uso":"AGRICOLA","tap":"MEDIANA","rie":"NO","spr":"MERCANTIL","sce":63.3113125373,"usce":"HECTAREAS","txt":"EL CODIGO (fcode) Y LA DESCRIPCION (descr) CORRESPONDEN A LOS OBJETOS GEOGRAFICOS DEL ATRIBUTO niv2","simbologia":"CPuc: Cacao","label":"Cacao","SHAPE_Leng":5702.32001093,"SHAPE_Area":633113.125373},"geometry":{"type":"MultiPolygon","coordinates":[[[[-79.36704271010973,-2.574720664227297],[-79.3674417758059,-2.575218869849168],[-79.3676887211791,-2.575602027819973],[-79.36774518725088,-2.576099793214354],[-79.36774477280298,-2.576425206735891],[-79.36763008537963,-2.576807898917596],[-79.36717296833984,-2.577056155627115],[-79.36683000215257,-2.577342843772222],[-79.36625853863457,-2.577705804184534],[-79.36591586519692,-2.577762787911864],[-79.36585817914772,-2.578222121161127],[-79.36542011952268,-2.578451259946526],[-79.3650960885008,-2.578814538740207],[-79.36496221947063,-2.579312057792856],[-79.36507585695797,-2.579752469851623],[-79.36488483871331,-2.58028819854448],[-79.364674297154,-2.581206741206439],[-79.36452083134337,-2.582144499702597],[-79.3642732252717,-2.582278173189936],[-79.36368306801437,-2.58237311876316],[-79.36334012486934,-2.582640662333029],[-79.36328246115143,-2.583080852504744],[-79.36349148454815,-2.583349110753482],[-79.36408144625048,-2.583407301364528],[-79.36480437262429,-2.583676223920043],[-79.36522229981999,-2.584308450616977],[-79.36566014173876,-2.584251591357399],[-79.3660213121455,-2.584615755929322],[-79.36610685225126,-2.584702005365265],[-79.36640149108032,-2.584999087370719],[-79.36687691135,-2.58532511616064],[-79.36723835076128,-2.585478719878276],[-79.36725296156644,-2.585446126297925],[-79.36783007573958,-2.584158686564927],[-79.36619405681476,-2.583486601889859],[-79.36613776414573,-2.582854843829388],[-79.36621485191235,-2.582108405566271],[-79.36667189799846,-2.581917576268689],[-79.36714751240454,-2.582090469152836],[-79.36775645961387,-2.582186965030841],[-79.36802378247452,-2.581517339732355],[-79.3681961327891,-2.580694456204958],[-79.3684253394626,-2.580063064947121],[-79.36846411351944,-2.579507997107628],[-79.36814171731068,-2.578588765014329],[-79.36835164547969,-2.578148769619132],[-79.36869456315664,-2.577900364573904],[-79.36905352071652,-2.577733316841701],[-79.3689145295898,-2.577492978948793],[-79.36882924526556,-2.577205739442731],[-79.36867961341108,-2.577004555080671],[-79.36866564002722,-2.576767654675191],[-79.3686087777265,-2.576580947186478],[-79.36856625436626,-2.576344010030085],[-79.36870916855945,-2.576214985690473],[-79.36897326514448,-2.576208146966565],[-79.36904509762059,-2.575849326392151],[-79.36902416876049,-2.575468852149491],[-79.3690815882271,-2.575217687084192],[-79.36917496024311,-2.574758398746738],[-79.3693324594218,-2.574385331748437],[-79.36950421605601,-2.574026639489436],[-79.36941175689348,-2.573768103824149],[-79.36938369966416,-2.573380441668834],[-79.36950537465431,-2.573115002570903],[-79.3696556806241,-2.572784995560347],[-79.36979889593904,-2.572419088595685],[-79.37000616557573,-2.572196828756368],[-79.37012792222865,-2.571866784870686],[-79.3702139727726,-2.571551051584259],[-79.37046424001126,-2.571192459563061],[-79.37072859076689,-2.570984629156592],[-79.37102171890815,-2.57059737975431],[-79.37105894973533,-2.570495307801218],[-79.37115780448345,-2.570224284372205],[-79.37135819030496,-2.569801023153925],[-79.37158728129091,-2.569255768771174],[-79.3716447902266,-2.568932820657509],[-79.37171681039912,-2.568423255633299],[-79.37193842644544,-2.568143587189177],[-79.3721386850019,-2.567820821767659],[-79.37220326691921,-2.567548129879491],[-79.37225759010425,-2.567378146908974],[-79.3718531543121,-2.567400232330717],[-79.3715388330174,-2.567615177364798],[-79.37121023674621,-2.567830104867734],[-79.37092486615421,-2.567729243701244],[-79.3706395675068,-2.567570955693589],[-79.37031149887773,-2.567369544262815],[-79.36998350316476,-2.567110706026611],[-79.3693702467148,-2.566664867693147],[-79.36892712411988,-2.567138064429657],[-79.36869848944417,-2.567324406341576],[-79.36839837015515,-2.56759679442426],[-79.36808397587129,-2.567869164932567],[-79.36781231586208,-2.568213372541666],[-79.36743118914444,-2.568576580746492],[-79.36701192410905,-2.568997166478255],[-79.36689706828658,-2.569513852735782],[-79.36687740221197,-2.570011519052042],[-79.36712417699525,-2.570528670238729],[-79.36700949106356,-2.570911363521965],[-79.36676145052743,-2.571389593790488],[-79.36668468427187,-2.571887187465927],[-79.36668414844853,-2.572308310171844],[-79.36679773880877,-2.572787006563505],[-79.36694944494288,-2.573227467538695],[-79.36710078471208,-2.57395505842714],[-79.36704271010973,-2.574720664227297]]]]}},{"type":"Feature","properties":{"OBJECTID":1832,"fcode":"EA010","descr":"PRODUCTO AGRICOLA, RESULTADO DE UN CONJUNTO DE TECNICAS Y CONOCIMIENTOS PARA CULTIVAR LA TIERRA","DPA_DESPRO":"AZUAY","DPA_DESCAN":"CUENCA","niv1":"TIERRA AGROPECUARIA","niv2":"CULTIVO","niv3":"CULTIVO PERMANENTE","niv4":"FRUTALES","niv5":"CACAO","cbt":"CACAO","tmp":"CULTIVO PERMANENTE","nal":"NO APLICABLE","uso":"AGRICOLA","tap":"MEDIANA","rie":"NO","spr":"MERCANTIL","sce":50.2479611718,"usce":"HECTAREAS","txt":"EL CODIGO (fcode) Y LA DESCRIPCION (descr) CORRESPONDEN A LOS OBJETOS GEOGRAFICOS DEL ATRIBUTO niv2","simbologia":"CPuc: Cacao","label":"Cacao","SHAPE_Leng":4327.66485229,"SHAPE_Area":502479.611718},"geometry":{"type":"MultiPolygon","coordinates":[[[[-79.37621575079243,-2.567583194806273],[-79.37556962413547,-2.568730893896529],[-79.37522639558938,-2.56922814968654],[-79.37452112283243,-2.570050356273053],[-79.37330422835733,-2.569072553406938],[-79.3733042768144,-2.569034268820541],[-79.37257931542375,-2.570373284628237],[-79.37208313934428,-2.57140631909446],[-79.37164420847108,-2.572324574263554],[-79.37135780981434,-2.573032462969348],[-79.37133889737831,-2.573001466628594],[-79.37114793381451,-2.573434176455887],[-79.3706526781816,-2.573739812647593],[-79.37048060052958,-2.574352136910396],[-79.37059399762983,-2.574983969381895],[-79.37074563215774,-2.575481856785635],[-79.37082096282063,-2.576113641333741],[-79.37061079261557,-2.576745057846179],[-79.3708761156964,-2.57764507535637],[-79.37140922078625,-2.577511766713228],[-79.3718283195632,-2.57722517456817],[-79.37228555843302,-2.576881205139029],[-79.37245754014195,-2.576345448548919],[-79.37251527211207,-2.575847829755683],[-79.37276348319722,-2.57523560247351],[-79.3731447574019,-2.574757540166663],[-79.3735259827325,-2.574317762147551],[-79.37405966896459,-2.573725042478594],[-79.37461168503246,-2.573687466242985],[-79.37470271904257,-2.573650980313412],[-79.37518297636669,-2.573458492838605],[-79.37603904144552,-2.573804146860327],[-79.37683839481828,-2.573843453922509],[-79.37718203603596,-2.573020783952842],[-79.37718298000458,-2.572274243065105],[-79.37686021171066,-2.571642141537991],[-79.37676567465178,-2.571144325712621],[-79.37691859481036,-2.570627684782868],[-79.37724257249398,-2.57030268321346],[-79.37752848283941,-2.569977632830796],[-79.37788775853623,-2.569778877956426],[-79.37808083637464,-2.56967206486845],[-79.37869026457014,-2.569385710803741],[-79.37869086829116,-2.568907159425217],[-79.37861521868213,-2.568524219928411],[-79.37884376284877,-2.568409659024212],[-79.37964292113396,-2.568602099257731],[-79.38002298435387,-2.569081137151995],[-79.38047927785408,-2.569483703626621],[-79.38089791539217,-2.569560805907135],[-79.38127942617575,-2.568891317128152],[-79.38101375489516,-2.568259287695258],[-79.38069071870194,-2.567837749836125],[-79.38038645107052,-2.567626798628154],[-79.38017756661971,-2.567243690134557],[-79.37968325473723,-2.566802791799514],[-79.37932198425833,-2.566515199349254],[-79.37871308761733,-2.566380428511124],[-79.37833227737667,-2.566494795489423],[-79.3780464640971,-2.566743278241077],[-79.37774166635616,-2.566953452809321],[-79.37741769009773,-2.567278455142036],[-79.37711284385365,-2.567526913166769],[-79.37650370604086,-2.567583562547582],[-79.37621575079243,-2.567583194806273]]]]}},{"type":"Feature","properties":{"OBJECTID":1833,"fcode":"EA010","descr":"PRODUCTO AGRICOLA, RESULTADO DE UN CONJUNTO DE TECNICAS Y CONOCIMIENTOS PARA CULTIVAR LA TIERRA","DPA_DESPRO":"AZUAY","DPA_DESCAN":"CUENCA","niv1":"TIERRA AGROPECUARIA","niv2":"CULTIVO","niv3":"CULTIVO PERMANENTE","niv4":"FRUTALES","niv5":"CACAO","cbt":"CACAO","tmp":"CULTIVO PERMANENTE","nal":"NO APLICABLE","uso":"AGRICOLA","tap":"MEDIANA","rie":"NO","spr":"MERCANTIL","sce":17.3879606434,"usce":"HECTAREAS","txt":"EL CODIGO (fcode) Y LA DESCRIPCION (descr) CORRESPONDEN A LOS OBJETOS GEOGRAFICOS DEL ATRIBUTO niv2","simbologia":"CPuc: Cacao","label":"Cacao","SHAPE_Leng":2101.04192042,"SHAPE_Area":173879.606434},"geometry":{"type":"MultiPolygon","coordinates":[[[[-79.37021417618415,-2.563577512226387],[-79.37043027894204,-2.56375185195386],[-79.37071570412829,-2.563809643218262],[-79.37083021165262,-2.563565728328507],[-79.37083059298631,-2.563264242304284],[-79.37085948764567,-2.562991504847921],[-79.37091689562621,-2.562747516851835],[-79.37121664999921,-2.562762257596621],[-79.37158812339284,-2.562504314540245],[-79.3717882977008,-2.562246152366854],[-79.37198850908493,-2.561959278043012],[-79.37227433221446,-2.561701225106841],[-79.37258877830763,-2.561385782529602],[-79.37281746652324,-2.561156370292418],[-79.3730743773184,-2.561185411291121],[-79.37327408100649,-2.561300518341727],[-79.3734736570348,-2.561516121764029],[-79.37358081014887,-2.561840793661568],[-79.37376652553728,-2.561778798001072],[-79.37414496342276,-2.561657250009327],[-79.37425102217169,-2.561559367558977],[-79.37432360772321,-2.561492377425102],[-79.374452443441,-2.56120541032705],[-79.37459546341523,-2.560990244809415],[-79.37478141733509,-2.560688993903061],[-79.37485314437772,-2.560409132560807],[-79.37471067642835,-2.560186424298361],[-79.37469688101612,-2.559805958245752],[-79.3747260275908,-2.559332229026306],[-79.37474784629829,-2.559009233560662],[-79.37483383880284,-2.558736569048218],[-79.37477710113095,-2.55844936527045],[-79.37466323706896,-2.558183623988246],[-79.37434955190885,-2.557896092954156],[-79.37395009239276,-2.557708949228602],[-79.37354344004558,-2.557564865849333],[-79.37331511562316,-2.557507148793293],[-79.37300094255637,-2.557607243972631],[-79.37261058463143,-2.55740777269518],[-79.37245497194725,-2.557667861715593],[-79.37205941296519,-2.558734052737054],[-79.3720539127303,-2.558748877010906],[-79.37178686944354,-2.559207945387084],[-79.37156762637464,-2.559494795635821],[-79.37141498747982,-2.559791302450725],[-79.37126239593069,-2.56004952555136],[-79.37126203330892,-2.560336655174678],[-79.37102375644082,-2.560623481713201],[-79.37077575759795,-2.561073003021017],[-79.37082298985815,-2.561350622714288],[-79.37087971415795,-2.561647396855832],[-79.37080314590894,-2.561991855887329],[-79.37050776913297,-2.562278608135024],[-79.37019327407292,-2.562632333353331],[-79.37018329772043,-2.562996019695261],[-79.37022077028409,-2.563465047127274],[-79.37021417618415,-2.563577512226387]]]]}},{"type":"Feature","properties":{"OBJECTID":1834,"fcode":"EA010","descr":"PRODUCTO AGRICOLA, RESULTADO DE UN CONJUNTO DE TECNICAS Y CONOCIMIENTOS PARA CULTIVAR LA TIERRA","DPA_DESPRO":"AZUAY","DPA_DESCAN":"CUENCA","niv1":"TIERRA AGROPECUARIA","niv2":"CULTIVO","niv3":"CULTIVO PERMANENTE","niv4":"FRUTALES","niv5":"CACAO","cbt":"CACAO","tmp":"CULTIVO PERMANENTE","nal":"NO APLICABLE","uso":"AGRICOLA","tap":"MEDIANA","rie":"NO","spr":"MERCANTIL","sce":5.852535439,"usce":"HECTAREAS","txt":"EL CODIGO (fcode) Y LA DESCRIPCION (descr) CORRESPONDEN A LOS OBJETOS GEOGRAFICOS DEL ATRIBUTO niv2","simbologia":"CPuc: Cacao","label":"Cacao","SHAPE_Leng":2343.35148277,"SHAPE_Area":58525.35439},"geometry":{"type":"MultiPolygon","coordinates":[[[[-79.35616839782432,-2.565667846987354],[-79.3562196396919,-2.565638203818145],[-79.35627727658888,-2.565217157038926],[-79.35627778989638,-2.564815177715561],[-79.35612594164945,-2.564489569378039],[-79.35637525207954,-2.563015964609344],[-79.35637688798715,-2.561733459807455],[-79.3562832357526,-2.560546541139043],[-79.35639819060118,-2.559953290375351],[-79.3570647098588,-2.559667020360242],[-79.35748350889996,-2.559610134203516],[-79.35776917454679,-2.559476508649885],[-79.35813121495326,-2.559151562206488],[-79.35843586412996,-2.559056244292798],[-79.35883655502346,-2.558271940992284],[-79.35885709702735,-2.55708516795536],[-79.35888795910981,-2.556688294094722],[-79.35873948959691,-2.556899807695118],[-79.35866251829535,-2.556963689062114],[-79.35864392697982,-2.5569909427992],[-79.35862961762093,-2.55701820113662],[-79.35862530191571,-2.55704403803793],[-79.35862954279864,-2.557077062791523],[-79.35867369017065,-2.557167902737667],[-79.35873114859811,-2.55739645929969],[-79.35815289081634,-2.558056924423442],[-79.35783332629848,-2.558279297551103],[-79.35746346059759,-2.55871583409019],[-79.35727908598344,-2.558933443260203],[-79.35715366099824,-2.559098589730825],[-79.35713351401252,-2.559161845903507],[-79.35711446128028,-2.559177134558899],[-79.35706495401637,-2.559194298475552],[-79.35696788759898,-2.559192259861239],[-79.35681704146074,-2.559185803891705],[-79.3564895144534,-2.559223009696956],[-79.35602062732787,-2.559533634000302],[-79.35593297132466,-2.55976205038688],[-79.35582308535247,-2.56050322494557],[-79.35579004649088,-2.561442876315763],[-79.35586276657193,-2.562769784848244],[-79.35596216547314,-2.563840053667904],[-79.35608267197084,-2.565074920688098],[-79.35616570206659,-2.565505900657357],[-79.35616839782432,-2.565667846987354]]]]}},{"type":"Feature","properties":{"OBJECTID":1835,"fcode":"EA010","descr":"PRODUCTO AGRICOLA, RESULTADO DE UN CONJUNTO DE TECNICAS Y CONOCIMIENTOS PARA CULTIVAR LA TIERRA","DPA_DESPRO":"AZUAY","DPA_DESCAN":"CUENCA","niv1":"TIERRA AGROPECUARIA","niv2":"CULTIVO","niv3":"CULTIVO PERMANENTE","niv4":"FRUTALES","niv5":"CACAO","cbt":"CACAO","tmp":"CULTIVO PERMANENTE","nal":"NO APLICABLE","uso":"AGRICOLA","tap":"MEDIANA","rie":"NO","spr":"MERCANTIL","sce":39.6808872021,"usce":"HECTAREAS","txt":"EL CODIGO (fcode) Y LA DESCRIPCION (descr) CORRESPONDEN A LOS OBJETOS GEOGRAFICOS DEL ATRIBUTO niv2","simbologia":"CPuc: Cacao","label":"Cacao","SHAPE_Leng":4110.05268888,"SHAPE_Area":396808.872021},"geometry":{"type":"MultiPolygon","coordinates":[[[[-79.39175344266559,-2.5613673395498],[-79.39182268669668,-2.561399616571798],[-79.39187612096363,-2.56140580015699],[-79.39192133590511,-2.561401594075886],[-79.39248525873597,-2.561349141117716],[-79.39297156624848,-2.561028250283403],[-79.39360803535031,-2.561503695147955],[-79.39417917971423,-2.561389561625939],[-79.39459776999489,-2.561504942344292],[-79.39497846092246,-2.561486279329368],[-79.39537837616365,-2.561314502833089],[-79.39587336333257,-2.561219414150857],[-79.39615879186479,-2.561277200986756],[-79.39657712167393,-2.561603146109785],[-79.39684377955219,-2.561450343020709],[-79.3969393744408,-2.561105901900322],[-79.39699714082938,-2.560569990380305],[-79.39714971739609,-2.560321332665495],[-79.39703575535037,-2.560129766597089],[-79.39669289284649,-2.560339900829352],[-79.39640727397041,-2.560435252539055],[-79.39602665364559,-2.560396489560195],[-79.39595097243223,-2.560032691499595],[-79.39621770126521,-2.559822461743862],[-79.39654152996327,-2.559612303669093],[-79.39699856829532,-2.559421455424033],[-79.39711310204473,-2.559153607262072],[-79.39694208674428,-2.558923684460118],[-79.39648500105703,-2.559152817824746],[-79.39604730586204,-2.559094840797656],[-79.39578076766495,-2.559151932331667],[-79.39534271552492,-2.559381088139555],[-79.3953234200033,-2.559591629034438],[-79.39557063895188,-2.559764221096256],[-79.39539898199322,-2.560051138629416],[-79.39501812467742,-2.560203797747241],[-79.39465630003824,-2.560356480658621],[-79.39437072896062,-2.560413547727052],[-79.39412374770056,-2.560049533234408],[-79.39366682851872,-2.560144669399294],[-79.39299267462596,-2.560331063301281],[-79.39284861052117,-2.559971357545001],[-79.39484822937908,-2.559074189955209],[-79.39431644031335,-2.558154692091887],[-79.39287362536149,-2.555166684468049],[-79.39252536726612,-2.554251498051503],[-79.39240310590833,-2.553930207356017],[-79.39097092069673,-2.554666591834606],[-79.39049487530669,-2.554838271999969],[-79.38933637456348,-2.555407140821286],[-79.38933914748738,-2.555410210985006],[-79.38940148060439,-2.555547196249792],[-79.38969147456649,-2.555758126468165],[-79.38989113313157,-2.55591151534159],[-79.38998408354809,-2.556031096027712],[-79.38956026687265,-2.556425898629023],[-79.38866503639329,-2.556960751261902],[-79.38853453923987,-2.557084392677726],[-79.38872137156578,-2.557573373375947],[-79.3894048491243,-2.558952475570553],[-79.38974737574173,-2.559010334530207],[-79.39022339906352,-2.558857797249049],[-79.39060365864671,-2.559183694852877],[-79.38982226656819,-2.560005824625526],[-79.3901638385559,-2.560829371050151],[-79.39082976574542,-2.561021634080679],[-79.39132436895005,-2.561232823156455],[-79.39175344266559,-2.5613673395498]]]]}},{"type":"Feature","properties":{"OBJECTID":1836,"fcode":"EA010","descr":"PRODUCTO AGRICOLA, RESULTADO DE UN CONJUNTO DE TECNICAS Y CONOCIMIENTOS PARA CULTIVAR LA TIERRA","DPA_DESPRO":"AZUAY","DPA_DESCAN":"CUENCA","niv1":"TIERRA AGROPECUARIA","niv2":"CULTIVO","niv3":"CULTIVO PERMANENTE","niv4":"FRUTALES","niv5":"CACAO","cbt":"CACAO","tmp":"CULTIVO PERMANENTE","nal":"NO APLICABLE","uso":"AGRICOLA","tap":"MEDIANA","rie":"NO","spr":"MERCANTIL","sce":22.6963649328,"usce":"HECTAREAS","txt":"EL CODIGO (fcode) Y LA DESCRIPCION (descr) CORRESPONDEN A LOS OBJETOS GEOGRAFICOS DEL ATRIBUTO niv2","simbologia":"CPuc: Cacao","label":"Cacao","SHAPE_Leng":3087.9580128,"SHAPE_Area":226963.649328},"geometry":{"type":"MultiPolygon","coordinates":[[[[-79.39245646481156,-2.553902772087846],[-79.39273102299526,-2.554111385222349],[-79.39308762866051,-2.554327184443318],[-79.39361077477528,-2.554543192104374],[-79.39382440865742,-2.554938269400237],[-79.39423994279971,-2.555596807336323],[-79.39472772994642,-2.555549564579416],[-79.39542977575206,-2.555394916148964],[-79.39560846537479,-2.555191753261294],[-79.39566831572076,-2.554892731106363],[-79.39583498988979,-2.554785264832337],[-79.39606108456003,-2.554725729013455],[-79.396489288797,-2.55476215861781],[-79.39690549363814,-2.554882319325644],[-79.39715505320662,-2.555086019902177],[-79.39732123774132,-2.555373362185974],[-79.39752296264376,-2.555780389383047],[-79.39780807585473,-2.556091809358277],[-79.39811724847164,-2.556187909106534],[-79.39875980145118,-2.556045147045596],[-79.39896897180094,-2.555983278005275],[-79.39891126182576,-2.555691184479773],[-79.39830309721523,-2.55496301450825],[-79.3979615178717,-2.554139466975754],[-79.39765764994455,-2.55360310164265],[-79.39753705176297,-2.553396892375798],[-79.39712029966596,-2.553353502432306],[-79.39683484785442,-2.553314860311857],[-79.39643512557305,-2.55333350064994],[-79.3961493898733,-2.553524564950634],[-79.39588271048024,-2.553696511410169],[-79.3955778689771,-2.553944978213602],[-79.39534916145831,-2.554193540462878],[-79.395044604962,-2.554212300568509],[-79.39382835557545,-2.552698534122325],[-79.39413329086105,-2.552373498678301],[-79.3945332024645,-2.552201720703871],[-79.39514262215064,-2.551915351109759],[-79.3955806471857,-2.551705335366311],[-79.39590454420596,-2.551437749568476],[-79.39621962234229,-2.551144236361922],[-79.39525363578878,-2.549492503930178],[-79.39129945637747,-2.55215524865707],[-79.3913547522494,-2.552121157971191],[-79.39245646481156,-2.553902772087846]]]]}},{"type":"Feature","properties":{"OBJECTID":1837,"fcode":"EA010","descr":"PRODUCTO AGRICOLA, RESULTADO DE UN CONJUNTO DE TECNICAS Y CONOCIMIENTOS PARA CULTIVAR LA TIERRA","DPA_DESPRO":"AZUAY","DPA_DESCAN":"CUENCA","niv1":"TIERRA AGROPECUARIA","niv2":"CULTIVO","niv3":"CULTIVO PERMANENTE","niv4":"FRUTALES","niv5":"CACAO","cbt":"CACAO","tmp":"CULTIVO PERMANENTE","nal":"NO APLICABLE","uso":"AGRICOLA","tap":"MEDIANA","rie":"NO","spr":"MERCANTIL","sce":11.2387075295,"usce":"HECTAREAS","txt":"EL CODIGO (fcode) Y LA DESCRIPCION (descr) CORRESPONDEN A LOS OBJETOS GEOGRAFICOS DEL ATRIBUTO niv2","simbologia":"CPuc: Cacao","label":"Cacao","SHAPE_Leng":1412.16469351,"SHAPE_Area":112387.075295},"geometry":{"type":"MultiPolygon","coordinates":[[[[-79.41845787592071,-2.549640345185766],[-79.41792442808652,-2.549891971206758],[-79.417453053064,-2.550135455630933],[-79.41725295610081,-2.550336203859247],[-79.41688131294386,-2.550737736326795],[-79.41648127846891,-2.551010021981213],[-79.41623772360578,-2.551727562618341],[-79.41630876490765,-2.552000431116557],[-79.41685118221405,-2.552029816222654],[-79.41737939578606,-2.552001756216471],[-79.41749359615824,-2.55200189750727],[-79.41776471672307,-2.552088373902759],[-79.418192723407,-2.552289899891382],[-79.41838109500395,-2.552303199154088],[-79.41860666584144,-2.552319125452945],[-79.41903526941489,-2.552032517580746],[-79.41953484478894,-2.552076205487017],[-79.41997744278547,-2.552019324894929],[-79.42022066317612,-2.551574562034893],[-79.42022099617127,-2.551301781379276],[-79.42030690937209,-2.551086534684123],[-79.42106413725399,-2.550556264682287],[-79.42099962148346,-2.550492547362456],[-79.42036549861368,-2.549866271892248],[-79.419566347527,-2.549033098538044],[-79.41875276726917,-2.549577144116186],[-79.41850991556626,-2.549720412558691],[-79.41845787592071,-2.549640345185766]]]]}},{"type":"Feature","properties":{"OBJECTID":1838,"fcode":"EA010","descr":"PRODUCTO AGRICOLA, RESULTADO DE UN CONJUNTO DE TECNICAS Y CONOCIMIENTOS PARA CULTIVAR LA TIERRA","DPA_DESPRO":"AZUAY","DPA_DESCAN":"CUENCA","niv1":"TIERRA AGROPECUARIA","niv2":"CULTIVO","niv3":"CULTIVO PERMANENTE","niv4":"FRUTALES","niv5":"CACAO","cbt":"CACAO","tmp":"CULTIVO PERMANENTE","nal":"NO APLICABLE","uso":"AGRICOLA","tap":"MEDIANA","rie":"NO","spr":"MERCANTIL","sce":15.4656069328,"usce":"HECTAREAS","txt":"EL CODIGO (fcode) Y LA DESCRIPCION (descr) CORRESPONDEN A LOS OBJETOS GEOGRAFICOS DEL ATRIBUTO niv2","simbologia":"CPuc: Cacao","label":"Cacao","SHAPE_Leng":1516.62889392,"SHAPE_Area":154656.069328},"geometry":{"type":"MultiPolygon","coordinates":[[[[-79.42338687901724,-2.551585549990994],[-79.42364998805988,-2.551822337130388],[-79.42540506589697,-2.5506158405375],[-79.42629473009805,-2.550004254055373],[-79.42634346624051,-2.549970750942058],[-79.42621404668449,-2.549592920108812],[-79.42589892914418,-2.548672961915816],[-79.4258704984923,-2.548568667462888],[-79.4258528553386,-2.548503945267119],[-79.42548447254038,-2.547152595713075],[-79.42499385566356,-2.547215945424578],[-79.42457979212554,-2.547287220880314],[-79.42426561811102,-2.547387333669143],[-79.4239658064193,-2.547415678723878],[-79.423680165933,-2.54753018238534],[-79.42348003505539,-2.547759647060859],[-79.42335666780319,-2.547897977812377],[-79.42323702746663,-2.54803212860272],[-79.42303696631186,-2.54820416571246],[-79.4226653598906,-2.548576986781554],[-79.42245091954142,-2.54883514718933],[-79.42225070078304,-2.549136395624199],[-79.42189340478025,-2.549480520064417],[-79.42205579375657,-2.549762223254818],[-79.4226056541085,-2.550716091038813],[-79.42294767941958,-2.551190290160585],[-79.42338687901724,-2.551585549990994]]]]}},{"type":"Feature","properties":{"OBJECTID":1839,"fcode":"EA010","descr":"PRODUCTO AGRICOLA, RESULTADO DE UN CONJUNTO DE TECNICAS Y CONOCIMIENTOS PARA CULTIVAR LA TIERRA","DPA_DESPRO":"AZUAY","DPA_DESCAN":"CUENCA","niv1":"TIERRA AGROPECUARIA","niv2":"CULTIVO","niv3":"CULTIVO PERMANENTE","niv4":"FRUTALES","niv5":"CACAO","cbt":"CACAO","tmp":"CULTIVO PERMANENTE","nal":"NO APLICABLE","uso":"AGRICOLA","tap":"MEDIANA","rie":"NO","spr":"MERCANTIL","sce":103.031759961,"usce":"HECTAREAS","txt":"EL CODIGO (fcode) Y LA DESCRIPCION (descr) CORRESPONDEN A LOS OBJETOS GEOGRAFICOS DEL ATRIBUTO niv2","simbologia":"CPuc: Cacao","label":"Cacao","SHAPE_Leng":7692.53651781,"SHAPE_Area":1030317.59961},"geometry":{"type":"MultiPolygon","coordinates":[[[[-79.35984592261559,-2.555072492600675],[-79.35996339052316,-2.555210680308406],[-79.36009615953976,-2.555574547156292],[-79.36017178123078,-2.555976625066662],[-79.36034251860114,-2.556417109547266],[-79.3605515411818,-2.556685364294174],[-79.36068440749384,-2.556972664384041],[-79.3603790051385,-2.557661382480616],[-79.36039699189922,-2.558484508601454],[-79.36052956623604,-2.559001511264974],[-79.36075740331233,-2.559442069406563],[-79.36083275709046,-2.560054707857151],[-79.36113689591556,-2.560361370549676],[-79.36161315962242,-2.560017427321296],[-79.36201331518718,-2.55965424377831],[-79.3623369737987,-2.559578092364699],[-79.36287006881138,-2.559444783022982],[-79.36320787859013,-2.559062082597772],[-79.36344137523122,-2.559196669924309],[-79.36387901336184,-2.559292941642003],[-79.36414540315624,-2.559350709141523],[-79.36465883413693,-2.559715064769422],[-79.3650201471854,-2.559964374557528],[-79.36532377806085,-2.560673017156942],[-79.36560871638278,-2.561113647995309],[-79.36562704500119,-2.561668789603742],[-79.36598806747288,-2.562147802669827],[-79.36633025095622,-2.562473655374583],[-79.36684375659303,-2.562780585510089],[-79.36743366205513,-2.562877051274151],[-79.36745230640932,-2.563183347875782],[-79.36726136858775,-2.563661653473404],[-79.3670134040517,-2.564082459003341],[-79.36661336814193,-2.564349933867045],[-79.36613766184043,-2.564253613905642],[-79.36600121199324,-2.564256706166308],[-79.36588996319682,-2.564463857155679],[-79.36585148425483,-2.564789221559951],[-79.36587022605924,-2.565018949964057],[-79.36611738943682,-2.565229829422371],[-79.36605973116885,-2.565670020950611],[-79.36594516697973,-2.565957004025548],[-79.36571647782664,-2.56618641367723],[-79.36554493658974,-2.566377613073748],[-79.36525732052219,-2.56681656741331],[-79.36554415830899,-2.566990155962299],[-79.36546763626642,-2.567296329085139],[-79.36518196806205,-2.567429955746535],[-79.36470613861555,-2.56742934383692],[-79.36461935708672,-2.567611235896897],[-79.36729877780033,-2.567611151847953],[-79.3673225230561,-2.567567294485973],[-79.36733284213392,-2.566935621943606],[-79.36746675464649,-2.566399817557426],[-79.36767627764306,-2.566275663957287],[-79.3677813244513,-2.565988668286821],[-79.36786733774544,-2.565701648159926],[-79.36813402066703,-2.565529712468938],[-79.36855307748897,-2.565271832237714],[-79.36868669787478,-2.564965731562112],[-79.36874418535778,-2.56465953325963],[-79.36895379284978,-2.564468381751246],[-79.36929662033121,-2.56428697151972],[-79.36950620346602,-2.564114961181551],[-79.36975387673222,-2.563923858158621],[-79.36983976809498,-2.563732547922091],[-79.3699144673652,-2.563447184004081],[-79.36994495931354,-2.563330699850564],[-79.36992641034746,-2.562947835660129],[-79.36986171359229,-2.562741713884986],[-79.36960339112476,-2.56291811506962],[-79.36922231555866,-2.563243041565652],[-79.36870827533559,-2.563357235100105],[-79.36836512081865,-2.563797061554107],[-79.36798460362131,-2.563681722029994],[-79.36853785010292,-2.562667904626037],[-79.36897711395486,-2.561481661765617],[-79.3691875196499,-2.560658823537973],[-79.36941710241443,-2.559721157685022],[-79.3693036541611,-2.559127609809704],[-79.36915721869885,-2.558443685623313],[-79.36897555623469,-2.558456318633035],[-79.36721885341522,-2.555130444896927],[-79.36660553521607,-2.555506319553162],[-79.36609154647078,-2.555582230330507],[-79.36578713979772,-2.555486131434351],[-79.36534952643244,-2.555370719791078],[-79.36498785066259,-2.555408540516744],[-79.36444537654212,-2.555601741878494],[-79.36432203516051,-2.555139700360388],[-79.36398012073005,-2.554603287088663],[-79.36401850125795,-2.554354490730092],[-79.36464712252585,-2.553934171342656],[-79.36542815180768,-2.55339919455371],[-79.36606040568157,-2.553131467651748],[-79.3645175201058,-2.550568901572396],[-79.36430445129945,-2.549735952984595],[-79.36416243017726,-2.549161512391424],[-79.36249243226489,-2.545525660177846],[-79.36245358065156,-2.545529533605155],[-79.36192756475964,-2.544554544646931],[-79.36192749960662,-2.551176944693805],[-79.36133015301975,-2.552136300200732],[-79.36096242074318,-2.552792411285057],[-79.36061829873746,-2.553207537007971],[-79.36028935113741,-2.553523491029048],[-79.36028536415843,-2.553535512757402],[-79.36034250704022,-2.553780780267606],[-79.36033839259315,-2.553840133277658],[-79.36017795762092,-2.554307348278832],[-79.36005850676241,-2.554625046704347],[-79.35990015662449,-2.554839353309596],[-79.35985875307719,-2.555017335188591],[-79.35984592261559,-2.555072492600675]]]]}},{"type":"Feature","properties":{"OBJECTID":1840,"fcode":"EA010","descr":"PRODUCTO AGRICOLA, RESULTADO DE UN CONJUNTO DE TECNICAS Y CONOCIMIENTOS PARA CULTIVAR LA TIERRA","DPA_DESPRO":"AZUAY","DPA_DESCAN":"CUENCA","niv1":"TIERRA AGROPECUARIA","niv2":"CULTIVO","niv3":"CULTIVO PERMANENTE","niv4":"FRUTALES","niv5":"CACAO","cbt":"CACAO","tmp":"CULTIVO PERMANENTE","nal":"NO APLICABLE","uso":"AGRICOLA","tap":"MEDIANA","rie":"NO","spr":"MERCANTIL","sce":6.51669211676,"usce":"HECTAREAS","txt":"EL CODIGO (fcode) Y LA DESCRIPCION (descr) CORRESPONDEN A LOS OBJETOS GEOGRAFICOS DEL ATRIBUTO niv2","simbologia":"CPuc: Cacao","label":"Cacao","SHAPE_Leng":1270.03144456,"SHAPE_Area":65166.9211676},"geometry":{"type":"MultiPolygon","coordinates":[[[[-79.37127509761743,-2.544199068281307],[-79.37131451122838,-2.544638748500343],[-79.37136382717202,-2.544641065649465],[-79.3720995734151,-2.544675636735593],[-79.3749407894136,-2.546360237804881],[-79.37524322266546,-2.545909501271151],[-79.37556764580421,-2.545220796702999],[-79.37575577900347,-2.544995774318101],[-79.37570674571407,-2.544808521040167],[-79.3757453383612,-2.544387443543978],[-79.37577815911803,-2.544199048615535],[-79.37127509761743,-2.544199068281307]]]]}},{"type":"Feature","properties":{"OBJECTID":1841,"fcode":"EA010","descr":"PRODUCTO AGRICOLA, RESULTADO DE UN CONJUNTO DE TECNICAS Y CONOCIMIENTOS PARA CULTIVAR LA TIERRA","DPA_DESPRO":"AZUAY","DPA_DESCAN":"CUENCA","niv1":"TIERRA AGROPECUARIA","niv2":"CULTIVO","niv3":"CULTIVO PERMANENTE","niv4":"FRUTALES","niv5":"CACAO","cbt":"CACAO","tmp":"CULTIVO PERMANENTE","nal":"NO APLICABLE","uso":"AGRICOLA","tap":"PEQUENA","rie":"SI","spr":"MERCANTIL","sce":1.44975766418,"usce":"HECTAREAS","txt":"EL CODIGO (fcode) Y LA DESCRIPCION (descr) CORRESPONDEN A LOS OBJETOS GEOGRAFICOS DEL ATRIBUTO niv2","simbologia":"CPuc: Cacao","label":"Cacao","SHAPE_Leng":551.178004003,"SHAPE_Area":14497.5766418},"geometry":{"type":"MultiPolygon","coordinates":[[[[-79.42499769599323,-2.558520881192774],[-79.42499767930276,-2.55726178032744],[-79.42327240116786,-2.558101937069793],[-79.42428100339656,-2.558454461992929],[-79.42499769599323,-2.558520881192774]]]]}},{"type":"Feature","properties":{"OBJECTID":1842,"fcode":"EA010","descr":"PRODUCTO AGRICOLA, RESULTADO DE UN CONJUNTO DE TECNICAS Y CONOCIMIENTOS PARA CULTIVAR LA TIERRA","DPA_DESPRO":"AZUAY","DPA_DESCAN":"CUENCA","niv1":"TIERRA AGROPECUARIA","niv2":"CULTIVO","niv3":"CULTIVO PERMANENTE","niv4":"FRUTALES","niv5":"CACAO","cbt":"CACAO","tmp":"CULTIVO PERMANENTE","nal":"NO APLICABLE","uso":"AGRICOLA","tap":"PEQUENA","rie":"SI","spr":"MERCANTIL","sce":13.7306615382,"usce":"HECTAREAS","txt":"EL CODIGO (fcode) Y LA DESCRIPCION (descr) CORRESPONDEN A LOS OBJETOS GEOGRAFICOS DEL ATRIBUTO niv2","simbologia":"CPuc: Cacao","label":"Cacao","SHAPE_Leng":1751.5820434,"SHAPE_Area":137306.615382},"geometry":{"type":"MultiPolygon","coordinates":[[[[-79.42505195322451,-2.555690032222726],[-79.4250897281711,-2.555745769037928],[-79.42514568289383,-2.555732750883303],[-79.42566300638518,-2.555510189901112],[-79.42581294122535,-2.555408904264419],[-79.425920574748,-2.555309141887779],[-79.42604005000177,-2.555198403259884],[-79.42625279809617,-2.555001213101165],[-79.42630851254906,-2.554929250373569],[-79.42642063042113,-2.554784435846523],[-79.42657855925913,-2.554580448619749],[-79.4266022795356,-2.554543035950926],[-79.42667322142424,-2.554431142232516],[-79.42668568519926,-2.554411482074883],[-79.42688752816386,-2.554093121412083],[-79.42698946902259,-2.553932334779254],[-79.42703020643708,-2.55386808048343],[-79.42712759925197,-2.553714465312884],[-79.42739389217924,-2.553465367249631],[-79.42807571951792,-2.553182724995112],[-79.4280837041395,-2.553179414862472],[-79.42828580187206,-2.553095638111024],[-79.42828597387623,-2.549767324869181],[-79.42605455572172,-2.552020874528761],[-79.42605231048893,-2.552058472802349],[-79.42605199839632,-2.552063698778773],[-79.42566241011231,-2.552477550527247],[-79.42565731959374,-2.552471664041145],[-79.42521447997488,-2.55289373577508],[-79.42455772959636,-2.553519684412357],[-79.42392369684876,-2.55412397895608],[-79.42452373070618,-2.554901835181126],[-79.42452046795682,-2.554905828474974],[-79.42505195322451,-2.555690032222726]]]]}},{"type":"Feature","properties":{"OBJECTID":1843,"fcode":"EA010","descr":"PRODUCTO AGRICOLA, RESULTADO DE UN CONJUNTO DE TECNICAS Y CONOCIMIENTOS PARA CULTIVAR LA TIERRA","DPA_DESPRO":"AZUAY","DPA_DESCAN":"CUENCA","niv1":"TIERRA AGROPECUARIA","niv2":"CULTIVO","niv3":"CULTIVO PERMANENTE","niv4":"FRUTALES","niv5":"CACAO","cbt":"CACAO","tmp":"CULTIVO PERMANENTE","nal":"NO APLICABLE","uso":"AGRICOLA","tap":"PEQUENA","rie":"NO","spr":"MERCANTIL","sce":3.91629822496,"usce":"HECTAREAS","txt":"EL CODIGO (fcode) Y LA DESCRIPCION (descr) CORRESPONDEN A LOS OBJETOS GEOGRAFICOS DEL ATRIBUTO niv2","simbologia":"CPuc: Cacao","label":"Cacao","SHAPE_Leng":1388.44762261,"SHAPE_Area":39162.9822496},"geometry":{"type":"MultiPolygon","coordinates":[[[[-79.46439485244694,-2.618622767265214],[-79.46449730527799,-2.618808764821789],[-79.46441106274739,-2.619289623177472],[-79.4638684897541,-2.619353562145436],[-79.4638127064569,-2.618525323235247],[-79.46379837745245,-2.618312581232717],[-79.46320587412443,-2.618347744362075],[-79.46323406762392,-2.618642100740747],[-79.46321919762924,-2.618645332774582],[-79.46327026174916,-2.619641159274792],[-79.46327988546513,-2.619828844840058],[-79.46318401563155,-2.619844190708059],[-79.46304024236457,-2.619867205462728],[-79.46305785792426,-2.62005566416959],[-79.46302803202983,-2.620124422218818],[-79.4630338385085,-2.620241081618476],[-79.46304073024247,-2.620267200650313],[-79.46305752229563,-2.620330843116673],[-79.4630603876733,-2.620420578933714],[-79.46309006400038,-2.620474454552033],[-79.4635420507154,-2.6205497894377],[-79.46363710897127,-2.620674968830064],[-79.46368755340264,-2.620741397625552],[-79.46371173118108,-2.620755740262203],[-79.46373807826441,-2.620771370707083],[-79.46384823304506,-2.620681774238526],[-79.4639167227462,-2.6206130638269],[-79.46393772164588,-2.620466526660587],[-79.46393414071984,-2.619761944605165],[-79.46399157360743,-2.619718346192562],[-79.46410591032301,-2.619614397652914],[-79.46427730687317,-2.619546411796061],[-79.46444143899568,-2.619582507338481],[-79.46463409278245,-2.61964376277274],[-79.46475538783176,-2.619686983627409],[-79.46490153036764,-2.619841502704503],[-79.4649693504986,-2.619834408131892],[-79.46505862024748,-2.619798624786857],[-79.46511577722006,-2.619755623760333],[-79.46515519897521,-2.619622868514142],[-79.46517676132068,-2.6195008588989],[-79.46519832455346,-2.619378850186091],[-79.46524486639913,-2.619260460835738],[-79.46529855895233,-2.619131311746112],[-79.46539143722221,-2.619063229886959],[-79.46545582787249,-2.618941272971506],[-79.46550955185471,-2.618786999110978],[-79.46562767514013,-2.61850359108596],[-79.4655706090774,-2.618471217048434],[-79.46541722840335,-2.618399242542966],[-79.4652817053294,-2.618316521473184],[-79.46523185205848,-2.618223138219903],[-79.46526055806584,-2.618097548766948],[-79.46537504647907,-2.617867974448274],[-79.4654444078784,-2.617741142635496],[-79.4652071515874,-2.61763772613321],[-79.46513366669254,-2.617764784370324],[-79.46506216967705,-2.617860411263316],[-79.46496208548409,-2.617984717240559],[-79.46487153585254,-2.61809467688999],[-79.46477613980763,-2.618276417165639],[-79.46471873237887,-2.618525203884954],[-79.4645996187875,-2.618644700331198],[-79.46446642139333,-2.618606250877801],[-79.46439485244694,-2.618622767265214]]]]}},{"type":"Feature","properties":{"OBJECTID":1844,"fcode":"EA010","descr":"PRODUCTO AGRICOLA, RESULTADO DE UN CONJUNTO DE TECNICAS Y CONOCIMIENTOS PARA CULTIVAR LA TIERRA","DPA_DESPRO":"AZUAY","DPA_DESCAN":"CUENCA","niv1":"TIERRA AGROPECUARIA","niv2":"CULTIVO","niv3":"CULTIVO PERMANENTE","niv4":"FRUTALES","niv5":"CACAO","cbt":"CACAO","tmp":"CULTIVO PERMANENTE","nal":"NO APLICABLE","uso":"AGRICOLA","tap":"PEQUENA","rie":"NO","spr":"MERCANTIL","sce":31.9698934483,"usce":"HECTAREAS","txt":"EL CODIGO (fcode) Y LA DESCRIPCION (descr) CORRESPONDEN A LOS OBJETOS GEOGRAFICOS DEL ATRIBUTO niv2","simbologia":"CPuc: Cacao","label":"Cacao","SHAPE_Leng":5453.38496829,"SHAPE_Area":319698.934483},"geometry":{"type":"MultiPolygon","coordinates":[[[[-79.47171224483925,-2.607572240577795],[-79.47165490055662,-2.608113796111964],[-79.47159332686176,-2.608314179843954],[-79.47091981383204,-2.608307759029845],[-79.4708201220277,-2.608518752498029],[-79.47076300286055,-2.608690388286121],[-79.47066588764022,-2.608940629932236],[-79.47062517551632,-2.608940574747475],[-79.47055838271311,-2.609045250344043],[-79.47024409287512,-2.609245848569502],[-79.47024388461007,-2.609418120904756],[-79.47035770217127,-2.609734090905723],[-79.47058589096177,-2.609906641626579],[-79.47087093750544,-2.610280247051816],[-79.47101368642737,-2.610280421575262],[-79.4712708768627,-2.610079751642775],[-79.47135701173437,-2.609677890047746],[-79.47161416729672,-2.60950593156006],[-79.47181725486527,-2.609370129563246],[-79.47193358155722,-2.609617880057684],[-79.47214741843702,-2.609855015467544],[-79.4722112907956,-2.610156569204999],[-79.47203934203633,-2.610694709066884],[-79.47193165644214,-2.611211392027665],[-79.471738268372,-2.611771039902524],[-79.47150249801075,-2.611964557820844],[-79.4714816688001,-2.611974999755068],[-79.47175393240042,-2.611975331785822],[-79.47197248302537,-2.612000023855368],[-79.47201084567017,-2.612004359373047],[-79.47232468444702,-2.612177014860029],[-79.47244572683925,-2.612421213401509],[-79.47242666173331,-2.612447509658555],[-79.4723965217842,-2.612613076596745],[-79.47240498865395,-2.612662823883207],[-79.47231881860094,-2.613093398143041],[-79.4722446091991,-2.613291679931248],[-79.47218992785115,-2.613437783288211],[-79.4720612453479,-2.613609897715438],[-79.47198531045422,-2.613663664864738],[-79.4721682069552,-2.613953484228296],[-79.47263643985349,-2.614122305174885],[-79.47276987143083,-2.614458965750082],[-79.47250923312426,-2.61481845946935],[-79.4722313808236,-2.614571958096789],[-79.47179794328714,-2.614758144395622],[-79.47178148682129,-2.614765213764866],[-79.47173845356505,-2.61493743288255],[-79.4717378801156,-2.615411179605273],[-79.47173759335125,-2.615648053417446],[-79.47152310347937,-2.61594926636566],[-79.47124453414757,-2.616121195995071],[-79.47081662545033,-2.615840729712561],[-79.47073139331374,-2.615496082762983],[-79.47086018058839,-2.615237832966371],[-79.47111744203147,-2.614979740466234],[-79.47148184298379,-2.614657176651774],[-79.47148212968732,-2.614420302864255],[-79.47147655851752,-2.614408501898268],[-79.47146874489117,-2.614391947428139],[-79.4713093921251,-2.614054348090417],[-79.47116130087328,-2.614125612682666],[-79.47068999432352,-2.614318840835508],[-79.470239969196,-2.614619765948794],[-79.4699182875987,-2.615028517399276],[-79.46966079111013,-2.615480413432586],[-79.46931774933587,-2.615846070391452],[-79.46921042676398,-2.616061278238264],[-79.46966386417716,-2.616512668642316],[-79.46979942417862,-2.616647616897533],[-79.46981316053427,-2.617092707078883],[-79.46851270552453,-2.618182257606233],[-79.46742656603342,-2.619128497389442],[-79.46720766068916,-2.619278925459688],[-79.46720753411861,-2.619383014919294],[-79.46720735080048,-2.619533765295551],[-79.46721431472334,-2.619677345431654],[-79.46726058929349,-2.619777901544613],[-79.46731407312765,-2.619821039705246],[-79.46739243523788,-2.619950351413625],[-79.46743157219785,-2.620050899659212],[-79.46743510654028,-2.620079617418951],[-79.46740289767664,-2.620151363593526],[-79.4673778220669,-2.620226708055255],[-79.46733132484302,-2.620309205193637],[-79.46725980784387,-2.620420385860259],[-79.46719905191544,-2.620488507380596],[-79.46714899323591,-2.620563821086781],[-79.46730583006054,-2.62072912091427],[-79.46736984281827,-2.620793655398985],[-79.46744128806822,-2.620865681030073],[-79.467512633926,-2.620894484030224],[-79.46766238560254,-2.621016703667482],[-79.46777587562366,-2.620794154903381],[-79.4678451348051,-2.620658341310833],[-79.46792301433234,-2.620357760596625],[-79.46801852294898,-2.620082698945534],[-79.46810206303948,-2.619867442402855],[-79.46819748428085,-2.619664167306622],[-79.46834055108954,-2.619413091414063],[-79.46854298652826,-2.61925780436421],[-79.46872146788509,-2.619234095342398],[-79.46897140264852,-2.619150651469729],[-79.46985226052713,-2.618744945299725],[-79.47006665663552,-2.618535997920459],[-79.47014101221492,-2.618536089163608],[-79.47015583490648,-2.618575574892962],[-79.47017659618949,-2.618623457927735],[-79.47019430006941,-2.618740130474265],[-79.4702269080869,-2.618829903978479],[-79.47027139007726,-2.618937637849768],[-79.47029513981842,-2.618973559487212],[-79.47033083428514,-2.618970612474882],[-79.47042607457709,-2.618916889245533],[-79.47047965347976,-2.618881062491981],[-79.47053916301195,-2.618860197087197],[-79.47062248034757,-2.618827398529833],[-79.47070586751437,-2.618737768223997],[-79.47074160461536,-2.618698927843019],[-79.47079236263313,-2.618536888258598],[-79.47085950481167,-2.618406667994255],[-79.47095250825761,-2.618234496769658],[-79.47101684712788,-2.618155610708195],[-79.47110261717026,-2.618062393732038],[-79.47119543000274,-2.618048150341888],[-79.47137380403461,-2.61811297590034],[-79.47150225460918,-2.61814184863841],[-79.47162355887079,-2.618177889844171],[-79.47177332846336,-2.618285752774854],[-79.47188029570678,-2.61837202700822],[-79.47197202184303,-2.618568879495248],[-79.47210849680853,-2.618551771099809],[-79.47219412768973,-2.618573413181751],[-79.47229406083558,-2.618573535641727],[-79.47233686413604,-2.618595123426627],[-79.47235066605285,-2.618688188507423],[-79.47229089193597,-2.61892740238501],[-79.47223114677165,-2.619142687026631],[-79.4722307552579,-2.619465723792894],[-79.4723257844431,-2.619585483843824],[-79.47238749124381,-2.619681648212242],[-79.47242247583867,-2.61961149686283],[-79.47245484440326,-2.619516112533923],[-79.47247763514842,-2.619417343087376],[-79.47253872894782,-2.619271329117354],[-79.47259336194554,-2.619208687466642],[-79.47269210484136,-2.619148407863799],[-79.47277840704068,-2.619106638533882],[-79.4729062996076,-2.618989798779927],[-79.47301374670393,-2.618795853672545],[-79.47309777765606,-2.618543610891394],[-79.47309777940899,-2.608385481433503],[-79.47309777853772,-2.607842658120684],[-79.47309777765929,-2.60757194419937],[-79.47171224483925,-2.607572240577795]]]]}},{"type":"Feature","properties":{"OBJECTID":1845,"fcode":"EA010","descr":"PRODUCTO AGRICOLA, RESULTADO DE UN CONJUNTO DE TECNICAS Y CONOCIMIENTOS PARA CULTIVAR LA TIERRA","DPA_DESPRO":"AZUAY","DPA_DESCAN":"CUENCA","niv1":"TIERRA AGROPECUARIA","niv2":"CULTIVO","niv3":"CULTIVO PERMANENTE","niv4":"FRUTALES","niv5":"CACAO","cbt":"CACAO","tmp":"CULTIVO PERMANENTE","nal":"NO APLICABLE","uso":"AGRICOLA","tap":"PEQUENA","rie":"NO","spr":"MERCANTIL","sce":11.6891821958,"usce":"HECTAREAS","txt":"EL CODIGO (fcode) Y LA DESCRIPCION (descr) CORRESPONDEN A LOS OBJETOS GEOGRAFICOS DEL ATRIBUTO niv2","simbologia":"CPuc: Cacao","label":"Cacao","SHAPE_Leng":1861.08393535,"SHAPE_Area":116891.821958},"geometry":{"type":"MultiPolygon","coordinates":[[[[-79.42430853629183,-2.593744981462593],[-79.42401530180574,-2.593775607064939],[-79.42383678283694,-2.593835203942758],[-79.4236820265265,-2.593918758356176],[-79.423586604559,-2.594122027907343],[-79.42351507858186,-2.594241579144569],[-79.42338392182512,-2.594480696486525],[-79.42332421782905,-2.594660082915881],[-79.42332686765212,-2.594669006031259],[-79.42323164794578,-2.594756084180039],[-79.42297516920418,-2.594990631006566],[-79.42285518572544,-2.595100355107524],[-79.42276247732546,-2.595586548872562],[-79.4227617848197,-2.596145007661433],[-79.42269176661421,-2.596633572126976],[-79.42282998474381,-2.597122397851835],[-79.4228739783639,-2.597143768126965],[-79.42285858052703,-2.597166934117469],[-79.42285839143123,-2.597319355342839],[-79.42297187109514,-2.59747191920402],[-79.42299062649009,-2.597624363305376],[-79.42324039606402,-2.597660767368692],[-79.42336880518715,-2.597718355924704],[-79.42346855628152,-2.597862050607289],[-79.42361113509712,-2.598005798121034],[-79.42355374774046,-2.598235436852878],[-79.42336805712894,-2.598321345029199],[-79.42318243866633,-2.598349825807674],[-79.4231965895607,-2.598450341597855],[-79.42331072313237,-2.598507912289233],[-79.42351043910571,-2.598623017830517],[-79.42368183635814,-2.598551448584965],[-79.42383899271273,-2.598451147705927],[-79.42393899319875,-2.598393845693875],[-79.42412464822759,-2.598336651107172],[-79.42438155579183,-2.598380043927448],[-79.42466712232205,-2.598337331412008],[-79.42479551385071,-2.598409276753293],[-79.4248667139508,-2.598552934751389],[-79.42486646477374,-2.598753931564544],[-79.42488452511643,-2.598903555088271],[-79.42499784161998,-2.598903697177694],[-79.4249978705157,-2.592314003059559],[-79.42495771739048,-2.592372811052427],[-79.42489181316363,-2.592525592479814],[-79.4244499842018,-2.593549846307291],[-79.42430853629183,-2.593744981462593]]]]}},{"type":"Feature","properties":{"OBJECTID":1846,"fcode":"EA010","descr":"PRODUCTO AGRICOLA, RESULTADO DE UN CONJUNTO DE TECNICAS Y CONOCIMIENTOS PARA CULTIVAR LA TIERRA","DPA_DESPRO":"AZUAY","DPA_DESCAN":"CUENCA","niv1":"TIERRA AGROPECUARIA","niv2":"CULTIVO","niv3":"CULTIVO PERMANENTE","niv4":"FRUTALES","niv5":"CACAO","cbt":"CACAO","tmp":"CULTIVO PERMANENTE","nal":"NO APLICABLE","uso":"AGRICOLA","tap":"PEQUENA","rie":"NO","spr":"MERCANTIL","sce":3.98551671463,"usce":"HECTAREAS","txt":"EL CODIGO (fcode) Y LA DESCRIPCION (descr) CORRESPONDEN A LOS OBJETOS GEOGRAFICOS DEL ATRIBUTO niv2","simbologia":"CPuc: Cacao","label":"Cacao","SHAPE_Leng":846.797723349,"SHAPE_Area":39855.1671463},"geometry":{"type":"MultiPolygon","coordinates":[[[[-79.42014660661825,-2.586106248786248],[-79.42037478371033,-2.586293173321077],[-79.42068879119915,-2.586336637696776],[-79.42113141988492,-2.586265406301257],[-79.42128864515244,-2.586107677598533],[-79.42158843056363,-2.58610805249096],[-79.42214501455405,-2.586237960041238],[-79.42228799979115,-2.586051499619534],[-79.42224556370334,-2.585735594811251],[-79.42198895946244,-2.585448136986726],[-79.42178954670861,-2.58508896548227],[-79.42196118904712,-2.584816398820174],[-79.42220408526939,-2.584644420005906],[-79.42210445863053,-2.584400228075819],[-79.42151914619967,-2.584413853629532],[-79.42111929212425,-2.584528209590943],[-79.42063373041331,-2.584685527845107],[-79.42020516566629,-2.584929058198744],[-79.42000484697643,-2.585302086395526],[-79.42007565575837,-2.585761594861451],[-79.42014660661825,-2.586106248786248]]]]}},{"type":"Feature","properties":{"OBJECTID":1847,"fcode":"EA010","descr":"PRODUCTO AGRICOLA, RESULTADO DE UN CONJUNTO DE TECNICAS Y CONOCIMIENTOS PARA CULTIVAR LA TIERRA","DPA_DESPRO":"AZUAY","DPA_DESCAN":"CUENCA","niv1":"TIERRA AGROPECUARIA","niv2":"CULTIVO","niv3":"CULTIVO PERMANENTE","niv4":"FRUTALES","niv5":"CACAO","cbt":"CACAO","tmp":"CULTIVO PERMANENTE","nal":"NO APLICABLE","uso":"AGRICOLA","tap":"PEQUENA","rie":"NO","spr":"MERCANTIL","sce":4.10601559618,"usce":"HECTAREAS","txt":"EL CODIGO (fcode) Y LA DESCRIPCION (descr) CORRESPONDEN A LOS OBJETOS GEOGRAFICOS DEL ATRIBUTO niv2","simbologia":"CPuc: Cacao","label":"Cacao","SHAPE_Leng":823.7231685,"SHAPE_Area":41060.15596180001},"geometry":{"type":"MultiPolygon","coordinates":[[[[-79.37682531359873,-2.584161025405615],[-79.3767099928519,-2.585041412764718],[-79.37668273790744,-2.585031839562064],[-79.37676685097989,-2.585232906665889],[-79.377166506013,-2.585271705076039],[-79.37747106170882,-2.585370940920201],[-79.37754751820034,-2.585004205276608],[-79.37827081754003,-2.584985991981668],[-79.37872801164055,-2.584680305605838],[-79.37865243602732,-2.584239939487547],[-79.37857720039409,-2.583531585169456],[-79.37846360654213,-2.583052886495538],[-79.37787376156008,-2.582898993339207],[-79.3775688359212,-2.58320487518953],[-79.37737825777234,-2.583396051374447],[-79.37711152101468,-2.583606272032867],[-79.37682531359873,-2.584161025405615]]]]}},{"type":"Feature","properties":{"OBJECTID":1848,"fcode":"EA010","descr":"PRODUCTO AGRICOLA, RESULTADO DE UN CONJUNTO DE TECNICAS Y CONOCIMIENTOS PARA CULTIVAR LA TIERRA","DPA_DESPRO":"AZUAY","DPA_DESCAN":"CUENCA","niv1":"TIERRA AGROPECUARIA","niv2":"CULTIVO","niv3":"CULTIVO PERMANENTE","niv4":"FRUTALES","niv5":"CACAO","cbt":"CACAO","tmp":"CULTIVO PERMANENTE","nal":"NO APLICABLE","uso":"AGRICOLA","tap":"PEQUENA","rie":"NO","spr":"MERCANTIL","sce":5.39075712376,"usce":"HECTAREAS","txt":"EL CODIGO (fcode) Y LA DESCRIPCION (descr) CORRESPONDEN A LOS OBJETOS GEOGRAFICOS DEL ATRIBUTO niv2","simbologia":"CPuc: Cacao","label":"Cacao","SHAPE_Leng":1357.75832489,"SHAPE_Area":53907.5712376},"geometry":{"type":"MultiPolygon","coordinates":[[[[-79.38021290320106,-2.558060298725783],[-79.37977482812268,-2.558308590022501],[-79.37937515544058,-2.558288940975348],[-79.37928022955342,-2.558097399279635],[-79.37906995183101,-2.55882453275624],[-79.37911882441445,-2.558934129758301],[-79.37924076916475,-2.559207592027648],[-79.3800586188435,-2.559668042030412],[-79.38156075254753,-2.56085676206177],[-79.38285414877922,-2.561547520640751],[-79.38298718087425,-2.560858899716672],[-79.38220836356673,-2.560474741348346],[-79.38215186343658,-2.559996115716266],[-79.38156226597008,-2.559650808746199],[-79.38135268519291,-2.559822821673549],[-79.38051656896394,-2.558749801341213],[-79.38082153290094,-2.55840562978654],[-79.38066965139922,-2.558099163203904],[-79.38021290320106,-2.558060298725783]]]]}},{"type":"Feature","properties":{"OBJECTID":1849,"fcode":"EA010","descr":"PRODUCTO AGRICOLA, RESULTADO DE UN CONJUNTO DE TECNICAS Y CONOCIMIENTOS PARA CULTIVAR LA TIERRA","DPA_DESPRO":"AZUAY","DPA_DESCAN":"CUENCA","niv1":"TIERRA AGROPECUARIA","niv2":"CULTIVO","niv3":"CULTIVO PERMANENTE","niv4":"FRUTALES","niv5":"CACAO","cbt":"CACAO","tmp":"CULTIVO PERMANENTE","nal":"NO APLICABLE","uso":"AGRICOLA","tap":"PEQUENA","rie":"NO","spr":"MERCANTIL","sce":9.60561330082,"usce":"HECTAREAS","txt":"EL CODIGO (fcode) Y LA DESCRIPCION (descr) CORRESPONDEN A LOS OBJETOS GEOGRAFICOS DEL ATRIBUTO niv2","simbologia":"CPuc: Cacao","label":"Cacao","SHAPE_Leng":1352.04357681,"SHAPE_Area":96056.1330082},"geometry":{"type":"MultiPolygon","coordinates":[[[[-79.41845787592071,-2.549640345185766],[-79.41850991556626,-2.549720412558691],[-79.41875276726917,-2.549577144116186],[-79.419566347527,-2.549033098538044],[-79.41995285259911,-2.548774640312651],[-79.41814374054826,-2.545642610324053],[-79.417701495487,-2.545412354443133],[-79.41710184057563,-2.545497756319326],[-79.41663041511899,-2.545784310874752],[-79.4160164668595,-2.545884050357714],[-79.41845787592071,-2.549640345185766]]]]}},{"type":"Feature","properties":{"OBJECTID":1986,"fcode":"EA010","descr":"PRODUCTO AGRICOLA, RESULTADO DE UN CONJUNTO DE TECNICAS Y CONOCIMIENTOS PARA CULTIVAR LA TIERRA","DPA_DESPRO":"AZUAY","DPA_DESCAN":"CUENCA","niv1":"TIERRA AGROPECUARIA","niv2":"CULTIVO","niv3":"CULTIVO PERMANENTE","niv4":"FRUTALES","niv5":"CACAO","cbt":"CACAO","tmp":"CULTIVO PERMANENTE","nal":"NO APLICABLE","uso":"AGRICOLA","tap":"MEDIANA","rie":"NO","spr":"MERCANTIL","sce":0.03307237799,"usce":"HECTAREAS","txt":"EL CODIGO (fcode) Y LA DESCRIPCION (descr) CORRESPONDEN A LOS OBJETOS GEOGRAFICOS DEL ATRIBUTO niv2","simbologia":"CPuc: Cacao","label":"Cacao","SHAPE_Leng":159.464899704,"SHAPE_Area":330.723779854},"geometry":{"type":"MultiPolygon","coordinates":[[[[-79.36670436012787,-2.568274167314182],[-79.36687444134854,-2.568198405536575],[-79.36714128301378,-2.567902047310417],[-79.36720951472347,-2.567776022260096],[-79.36695074184583,-2.568043226682498],[-79.36670436012787,-2.568274167314182]]]]}},{"type":"Feature","properties":{"OBJECTID":1987,"fcode":"EA010","descr":"PRODUCTO AGRICOLA, RESULTADO DE UN CONJUNTO DE TECNICAS Y CONOCIMIENTOS PARA CULTIVAR LA TIERRA","DPA_DESPRO":"AZUAY","DPA_DESCAN":"CUENCA","niv1":"TIERRA AGROPECUARIA","niv2":"CULTIVO","niv3":"CULTIVO PERMANENTE","niv4":"FRUTALES","niv5":"CACAO","cbt":"CACAO","tmp":"CULTIVO PERMANENTE","nal":"NO APLICABLE","uso":"AGRICOLA","tap":"PEQUENA","rie":"NO","spr":"MERCANTIL","sce":0.04011943694,"usce":"HECTAREAS","txt":"EL CODIGO (fcode) Y LA DESCRIPCION (descr) CORRESPONDEN A LOS OBJETOS GEOGRAFICOS DEL ATRIBUTO niv2","simbologia":"CPuc: Cacao","label":"Cacao","SHAPE_Leng":119.106561163,"SHAPE_Area":401.194369444},"geometry":{"type":"MultiPolygon","coordinates":[[[[-79.35481862336405,-2.577519353282038],[-79.35487400973639,-2.577684106281787],[-79.35520479249054,-2.577428889190682],[-79.35523549679614,-2.577398089287852],[-79.35500422264113,-2.577495349938178],[-79.35481862336405,-2.577519353282038]]]]}},{"type":"Feature","properties":{"OBJECTID":1988,"fcode":"EA010","descr":"PRODUCTO AGRICOLA, RESULTADO DE UN CONJUNTO DE TECNICAS Y CONOCIMIENTOS PARA CULTIVAR LA TIERRA","DPA_DESPRO":"AZUAY","DPA_DESCAN":"CUENCA","niv1":"TIERRA AGROPECUARIA","niv2":"CULTIVO","niv3":"CULTIVO PERMANENTE","niv4":"FRUTALES","niv5":"CACAO","cbt":"CACAO","tmp":"CULTIVO PERMANENTE","nal":"NO APLICABLE","uso":"AGRICOLA","tap":"PEQUENA","rie":"NO","spr":"MERCANTIL","sce":0.02065958285,"usce":"HECTAREAS","txt":"EL CODIGO (fcode) Y LA DESCRIPCION (descr) CORRESPONDEN A LOS OBJETOS GEOGRAFICOS DEL ATRIBUTO niv2","simbologia":"CPuc: Cacao","label":"Cacao","SHAPE_Leng":80.4602069163,"SHAPE_Area":206.59582853},"geometry":{"type":"MultiPolygon","coordinates":[[[[-79.35685059840804,-2.575954197571627],[-79.35708165115074,-2.575804263639605],[-79.35711115225321,-2.575781870631194],[-79.35703093229071,-2.575708851503078],[-79.35685059840804,-2.575954197571627]]]]}},{"type":"Feature","properties":{"OBJECTID":2036,"fcode":"EA010","descr":"PRODUCTO AGRICOLA, RESULTADO DE UN CONJUNTO DE TECNICAS Y CONOCIMIENTOS PARA CULTIVAR LA TIERRA","DPA_DESPRO":"AZUAY","DPA_DESCAN":"CUENCA","niv1":"TIERRA AGROPECUARIA","niv2":"CULTIVO","niv3":"CULTIVO PERMANENTE","niv4":"FRUTALES","niv5":"CACAO","cbt":"CACAO","tmp":"CULTIVO PERMANENTE","nal":"NO APLICABLE","uso":"AGRICOLA","tap":"MEDIANA","rie":"NO","spr":"MERCANTIL","sce":275.945704388,"usce":"HECTAREAS","txt":"EL CODIGO (fcode) Y LA DESCRIPCION (descr) CORRESPONDEN A LOS OBJETOS GEOGRAFICOS DEL ATRIBUTO niv2","simbologia":"CPuc: Cacao","label":"Cacao","SHAPE_Leng":12189.7064013,"SHAPE_Area":2759457.04388},"geometry":{"type":"MultiPolygon","coordinates":[[[[-79.59225971491216,-2.856148577129388],[-79.59219946597965,-2.856338756330007],[-79.59205651018587,-2.856467801469686],[-79.59187064603513,-2.856654226258009],[-79.5915563856524,-2.85673998654777],[-79.59125644001632,-2.856797048561853],[-79.5909993520365,-2.856839805408762],[-79.59085639699255,-2.856968850300726],[-79.59085594174428,-2.857342156073653],[-79.59072693269265,-2.857744019114133],[-79.59038397327177,-2.857944606680102],[-79.58996970170823,-2.858073317507158],[-79.58948424173299,-2.858029644641412],[-79.5890703034004,-2.857885553771151],[-79.58862782328737,-2.857727070567726],[-79.58831370313057,-2.857697966789591],[-79.58804767202975,-2.858047013587858],[-79.58785713472447,-2.858161642083104],[-79.5877994071659,-2.85865931124425],[-79.58774128139142,-2.859482425795518],[-79.58751240706675,-2.85980758952789],[-79.5873029231022,-2.859845617760848],[-79.5869978651983,-2.860189830259058],[-79.58657875742297,-2.860380750127101],[-79.58654027888166,-2.860706148228358],[-79.58638753955044,-2.861050548944578],[-79.5862339662757,-2.861159261497622],[-79.58652357971195,-2.861467395114636],[-79.58661849649732,-2.861697239555538],[-79.58580739274649,-2.864228010315083],[-79.58560752831212,-2.864184688793149],[-79.58535551900586,-2.864208007155692],[-79.5853742066053,-2.864495187652754],[-79.58518352686298,-2.86472467776433],[-79.58482167738951,-2.864800804173998],[-79.58459305849566,-2.864915383212137],[-79.58459294092633,-2.865011101834969],[-79.58464973096001,-2.865279186358797],[-79.58476359322452,-2.865585630001484],[-79.58487769157662,-2.865700634587137],[-79.58510605114022,-2.865796636932116],[-79.58522007811867,-2.865969073783088],[-79.58524864755529,-2.866136916738348],[-79.58531459568987,-2.866524362506501],[-79.58508590580914,-2.866696373763676],[-79.58464789625926,-2.866772405204139],[-79.58418816454247,-2.866642612283592],[-79.58366104666324,-2.866732150601965],[-79.58407584501181,-2.867226659738699],[-79.58440364658071,-2.867743951025862],[-79.58459701909416,-2.867961795046938],[-79.58464361389926,-2.867868385330161],[-79.58483401213866,-2.86786862196998],[-79.58521502040688,-2.867696800148011],[-79.58546230282785,-2.867888545843745],[-79.58559541707994,-2.868022718247207],[-79.585728531363,-2.868156890650269],[-79.58589993756728,-2.868118816198643],[-79.58595705699103,-2.868118887136998],[-79.58672731142126,-2.869538441997727],[-79.5868518973364,-2.869768049543024],[-79.5870588764605,-2.870149505189629],[-79.58715370007248,-2.87045592457693],[-79.58715367655554,-2.87047506868268],[-79.58723257134807,-2.870618270585461],[-79.58736471070836,-2.870858117602988],[-79.58743863954903,-2.87099230700372],[-79.58783734907078,-2.871911708140236],[-79.58852500176535,-2.872087439581102],[-79.58882971091087,-2.87203038625319],[-79.58911552174234,-2.871858445380144],[-79.58923023095957,-2.871475710091073],[-79.58932578242799,-2.871188670849337],[-79.58974494291591,-2.87095946348273],[-79.59027820090535,-2.870845261336255],[-79.59064005386789,-2.870769133966522],[-79.5906977130814,-2.87032889595631],[-79.5906983228982,-2.869831154770745],[-79.59085087609895,-2.869639904750596],[-79.59127281436373,-2.869692883449348],[-79.59127265612877,-2.869822104360161],[-79.59127221654849,-2.870181052237517],[-79.59128596799994,-2.8706118071881],[-79.59132821067662,-2.871100029028772],[-79.59141352176407,-2.871401651511516],[-79.59157028350629,-2.871660288796985],[-79.59209871328473,-2.871603510606214],[-79.59286671926496,-2.871595078531639],[-79.59322861866794,-2.871480662962924],[-79.5935718767937,-2.871040777524509],[-79.59406722051352,-2.870792519018811],[-79.5946382543924,-2.870927232197921],[-79.59475233108999,-2.871061380704547],[-79.59480903066023,-2.871406040884765],[-79.5950946297092,-2.871406393717252],[-79.59547561617629,-2.871253713368719],[-79.5955710970546,-2.871024103537685],[-79.59564741985251,-2.870890190147046],[-79.59591400291472,-2.870871375026742],[-79.59612313898336,-2.87112050515029],[-79.59664243072213,-2.871360255534944],[-79.59661806058273,-2.871826859651323],[-79.59636816160737,-2.871826551216929],[-79.59633794933573,-2.871716669191147],[-79.59616600715084,-2.871706651948708],[-79.59596351755671,-2.871861946044791],[-79.59576080866316,-2.872196715261369],[-79.59555685188987,-2.872350465338164],[-79.59578642969332,-2.872405245724522],[-79.59592444083029,-2.872387328349779],[-79.59609337670693,-2.87230984587161],[-79.59680031793044,-2.871942068329811],[-79.59698495822401,-2.871889931981932],[-79.59717830775021,-2.87185842388461],[-79.59730078789794,-2.871811545155689],[-79.59734652195274,-2.871770754479519],[-79.59735395563885,-2.87176412417649],[-79.5973541246985,-2.871625558301973],[-79.59740193509042,-2.871453322917491],[-79.59680156354966,-2.871181648337922],[-79.59677356416017,-2.871168977908429],[-79.59665469561243,-2.871061146299049],[-79.59657160043982,-2.870893534857917],[-79.59652419011614,-2.870737931337367],[-79.59659569209191,-2.870654265089861],[-79.59672667941112,-2.87058263700332],[-79.59703607901612,-2.870583018605075],[-79.59732172281248,-2.870547475535882],[-79.59754785206195,-2.870523824724474],[-79.59773825180234,-2.870524059423975],[-79.59792879741646,-2.870404644456849],[-79.59797649967209,-2.870320947827728],[-79.59803605798045,-2.870273162014504],[-79.59830772284302,-2.870315373992504],[-79.5983078978126,-2.870171793864138],[-79.59816541319377,-2.869913174443243],[-79.59816557649089,-2.869779167777811],[-79.59808009507286,-2.86961633881913],[-79.59794701354853,-2.869453451225946],[-79.59781388539912,-2.869328851119394],[-79.5976617053908,-2.869213800100947],[-79.59755720717885,-2.869031803507025],[-79.59755733550149,-2.868926511806319],[-79.59768135217291,-2.86871608086603],[-79.59785292132248,-2.868543995999363],[-79.59804336739788,-2.8685059439022],[-79.59813859088842,-2.868486916030995],[-79.59834798392556,-2.868525463209611],[-79.59848124033606,-2.868544769685915],[-79.59873817435734,-2.868631233646074],[-79.59885235562213,-2.868679234312506],[-79.59901487616911,-2.86868686248054],[-79.59917387186965,-2.868396342898831],[-79.59925078916267,-2.868262729068461],[-79.5994804059579,-2.867817315395745],[-79.59971895849621,-2.867362939643041],[-79.59983236524415,-2.867069937131782],[-79.59995464515882,-2.866818822777891],[-79.60005300180141,-2.866669381245825],[-79.60018102017503,-2.866591765920398],[-79.60034463427569,-2.866600940786761],[-79.60050220717372,-2.866684888978246],[-79.60067461463538,-2.866801759754645],[-79.60092444120069,-2.866861891604613],[-79.60110891206611,-2.866844170481588],[-79.60121610285283,-2.866769520416137],[-79.60128764783784,-2.866649959176313],[-79.60129975923039,-2.86647648101187],[-79.60129976651805,-2.866470480070531],[-79.6012494930578,-2.866327472730017],[-79.60122108431776,-2.866203000667431],[-79.60111649242958,-2.866097581138178],[-79.60102145598253,-2.865963457417164],[-79.60102158385114,-2.865858165554092],[-79.60107900574089,-2.865609362597706],[-79.60110785612596,-2.865370098943143],[-79.60121425357066,-2.865145587783479],[-79.60126285654732,-2.86501670704024],[-79.60137929072732,-2.864678838568283],[-79.60146597218889,-2.864343925435983],[-79.60151089052201,-2.864101688631593],[-79.60152313230203,-2.863820526301064],[-79.60153216534788,-2.863578007604065],[-79.6015006015103,-2.863370033002448],[-79.60154843363924,-2.8631786527175],[-79.60102914477909,-2.862578251025392],[-79.60072466873581,-2.862443869672823],[-79.6005537050811,-2.862118212284401],[-79.60051597320258,-2.861831005911414],[-79.60023049200308,-2.861734936336706],[-79.6000022223556,-2.861562359928822],[-79.59990751141814,-2.861160220068226],[-79.59992692226007,-2.860853940514559],[-79.59992738674624,-2.860471061650537],[-79.60009883870053,-2.860394695826459],[-79.60040396323386,-2.859993046161644],[-79.60055702477054,-2.859380625953989],[-79.60048158460683,-2.858787070866149],[-79.60031096905986,-2.858174254063416],[-79.60038770737225,-2.857695748208847],[-79.60061637084452,-2.857542876059091],[-79.60086388795966,-2.857543179119148],[-79.60109190231772,-2.857926338799606],[-79.60112170204917,-2.857996487368539],[-79.60119114499716,-2.857912403507302],[-79.60138769153271,-2.857748125775275],[-79.60159422739937,-2.857663168640902],[-79.6017626828459,-2.857628934637827],[-79.60185491029058,-2.857626056498581],[-79.60213313880779,-2.857598924529119],[-79.60237561664502,-2.85755490267949],[-79.60316445930236,-2.857327675251406],[-79.60376940249198,-2.857089369218563],[-79.60391967072925,-2.857006616546509],[-79.604223441439,-2.856781850731393],[-79.60438699144476,-2.856616796575327],[-79.60455171121718,-2.856405930294943],[-79.60485862075754,-2.85600248499574],[-79.60506160214649,-2.855753656133752],[-79.60446017296164,-2.855770142856525],[-79.60421031906364,-2.855733942499226],[-79.6040559246037,-2.855482488887794],[-79.60387751320862,-2.855410481193451],[-79.60362755831086,-2.855458036269873],[-79.60341328713574,-2.855517598785761],[-79.60319901775459,-2.855577162157169],[-79.60308019254184,-2.855433437249797],[-79.60308055392302,-2.855134312421975],[-79.60320011619619,-2.85466782371694],[-79.6033432175827,-2.854416733361369],[-79.60375964132885,-2.854477066723161],[-79.60400942270385,-2.854573091124324],[-79.60419979145856,-2.854597253986262],[-79.60434287823561,-2.854358128212648],[-79.60456971192728,-2.853748189134445],[-79.60473713164671,-2.853066387524692],[-79.60481718223309,-2.852750774881296],[-79.60352669189943,-2.852675049923777],[-79.60286006996115,-2.852865677412448],[-79.60000324252346,-2.853580085769885],[-79.59848000794688,-2.853626081435189],[-79.59609963850956,-2.85395818248073],[-79.59514660794754,-2.854818490289169],[-79.59459656144348,-2.855283068368996],[-79.59424129100736,-2.855583136061348],[-79.59338450423891,-2.855582082536529],[-79.59247947736853,-2.856107426354493],[-79.59225971491216,-2.856148577129388]],[[-79.58876414282918,-2.863025310251009],[-79.58899349813491,-2.862307697770999],[-79.58926607946614,-2.861274264943991],[-79.58943761249516,-2.861130897135993],[-79.59008039795634,-2.860973754484665],[-79.59032317199149,-2.860959696438348],[-79.59039451924808,-2.861002858241387],[-79.5897492937167,-2.863155749735176],[-79.58942085702496,-2.863155343596485],[-79.58912108631371,-2.863068825488944],[-79.58892104504788,-2.863169083244633],[-79.58887820560894,-2.863169030244177],[-79.58876414282918,-2.863025310251009]],[[-79.59179185663668,-2.862713177431024],[-79.59167775740273,-2.862598173335494],[-79.59149220738416,-2.862526154738753],[-79.59130658725611,-2.862511566742884],[-79.59123529248356,-2.862425331292868],[-79.59122141600025,-2.862095082407264],[-79.59136516172723,-2.861319931297148],[-79.59216464005068,-2.861478854748474],[-79.59243588643253,-2.861536620964821],[-79.59250725047478,-2.861565424802549],[-79.59226316191955,-2.862656327505049],[-79.59203452603192,-2.862785266505327],[-79.59179185663668,-2.862713177431024]],[[-79.59087671795311,-2.863717102163892],[-79.59109095053633,-2.863688651066708],[-79.59163388331791,-2.863445237349987],[-79.59204791175239,-2.863517538097274],[-79.59204785915084,-2.863560611753317],[-79.59203321107671,-2.863862109712961],[-79.59190400847567,-2.864421910315895],[-79.59148990959501,-2.864407040887325],[-79.59100413074748,-2.864621809133939],[-79.59066155407729,-2.864506522483361],[-79.59087671795311,-2.863717102163892]],[[-79.59322184104943,-2.864538699878605],[-79.59339334041886,-2.864424047268399],[-79.59343770142041,-2.864229957659361],[-79.59368250801569,-2.864183844905732],[-79.59378321636316,-2.864249540709762],[-79.59385403173931,-2.864728226518571],[-79.59372210179166,-2.865185974149981],[-79.59367477368865,-2.865350182982695],[-79.59360498866214,-2.865693011842573],[-79.59355935754265,-2.865917179592347],[-79.59337301304203,-2.865916949575667],[-79.59297275477526,-2.866261046203645],[-79.59277271372117,-2.866361304522388],[-79.59267273704485,-2.86637553894076],[-79.59247299334513,-2.86623171309896],[-79.5924019624281,-2.865930108362676],[-79.59240236592031,-2.865599876057527],[-79.59231680953341,-2.865499265021203],[-79.59231700249585,-2.865341328269201],[-79.59241724215967,-2.865111724626756],[-79.59254584857749,-2.865040093891867],[-79.59284567392868,-2.865083537809627],[-79.59322184104943,-2.864538699878605]]]]}},{"type":"Feature","properties":{"OBJECTID":2037,"fcode":"EA010","descr":"PRODUCTO AGRICOLA, RESULTADO DE UN CONJUNTO DE TECNICAS Y CONOCIMIENTOS PARA CULTIVAR LA TIERRA","DPA_DESPRO":"AZUAY","DPA_DESCAN":"CUENCA","niv1":"TIERRA AGROPECUARIA","niv2":"CULTIVO","niv3":"CULTIVO PERMANENTE","niv4":"FRUTALES","niv5":"CACAO","cbt":"CACAO","tmp":"CULTIVO PERMANENTE","nal":"NO APLICABLE","uso":"AGRICOLA","tap":"PEQUENA","rie":"NO","spr":"MERCANTIL","sce":464.67369672,"usce":"HECTAREAS","txt":"EL CODIGO (fcode) Y LA DESCRIPCION (descr) CORRESPONDEN A LOS OBJETOS GEOGRAFICOS DEL ATRIBUTO niv2","simbologia":"CPuc: Cacao","label":"Cacao","SHAPE_Leng":30764.0835728,"SHAPE_Area":4646736.96747},"geometry":{"type":"MultiPolygon","coordinates":[[[[-79.63330280791152,-2.82733861472966],[-79.63293277392351,-2.827734731664744],[-79.63296111555974,-2.827921421348773],[-79.63198875082306,-2.829068924281859],[-79.63181941739127,-2.829392194092186],[-79.63149141791658,-2.83001836796878],[-79.63124849517375,-2.830161662278525],[-79.63113405477714,-2.830333824348946],[-79.63085378371117,-2.830701445752562],[-79.63038693237924,-2.831192035216618],[-79.62984349413922,-2.831880582541173],[-79.62970034205692,-2.832181933455947],[-79.62981904849565,-2.832328032863076],[-79.63063602354342,-2.833333537561513],[-79.6310760617644,-2.833531297428665],[-79.63129686206717,-2.833333541077127],[-79.6316756254774,-2.8332635368134],[-79.63173528596349,-2.833126008121317],[-79.6317829836119,-2.833042308982368],[-79.63181278925798,-2.832994483539459],[-79.63194964395932,-2.832988663028702],[-79.63206856454275,-2.833054612910745],[-79.6322398474445,-2.833204859151811],[-79.63207029159183,-2.833333544895288],[-79.63202273899928,-2.833481396920809],[-79.6323534775481,-2.833635261213312],[-79.63253792468085,-2.833635480090722],[-79.63269846638997,-2.833725409310015],[-79.63281141579006,-2.833809299110805],[-79.6329303295071,-2.833881230999405],[-79.63308917389033,-2.833853887937505],[-79.63310291130207,-2.833851522812602],[-79.63322199349906,-2.833779873238633],[-79.6333589606479,-2.833678331935674],[-79.63347205046145,-2.833642570175639],[-79.63368548588204,-2.833613938680991],[-79.63393263021966,-2.833784245042995],[-79.6333687129199,-2.834534224001211],[-79.63302720009933,-2.834988416813635],[-79.6327410996781,-2.835418822992744],[-79.63375388467911,-2.836338949378693],[-79.63413471274829,-2.836751207086659],[-79.63369964532332,-2.837264191286579],[-79.63362826054305,-2.837252141556496],[-79.63322420092398,-2.836796986023566],[-79.63299814618512,-2.836760821746274],[-79.6329148758697,-2.836736792892268],[-79.63228476127593,-2.8362454729685],[-79.63229000920812,-2.83618560907461],[-79.6317506799633,-2.836655003186412],[-79.63156000167089,-2.836894079707415],[-79.63021292787381,-2.83892655232847],[-79.62962908942283,-2.839560009239682],[-79.62867811846981,-2.838697385721203],[-79.62860874227361,-2.838626722494652],[-79.62645072881192,-2.8366528369165],[-79.6252782114457,-2.83778869418009],[-79.6245120475456,-2.838725755363626],[-79.6243121992817,-2.838668083950892],[-79.62384100141433,-2.838638804163061],[-79.62368416141965,-2.838437602147565],[-79.62351287274629,-2.838379964804322],[-79.62336382952445,-2.838334811920951],[-79.62322737945718,-2.838293474581392],[-79.62305610785315,-2.838221479109638],[-79.62301326871157,-2.838221427841284],[-79.62230197714999,-2.83898680674847],[-79.62222687927506,-2.839067615066232],[-79.62208386090848,-2.839254099900179],[-79.6220550462404,-2.839469436816946],[-79.62215469802898,-2.839728002849174],[-79.62238273219732,-2.840101587493412],[-79.6227964872537,-2.840403603250443],[-79.62301044610778,-2.840604873852818],[-79.62313884473168,-2.840705534354518],[-79.6232218104375,-2.840753335181673],[-79.62273829631063,-2.841308095628268],[-79.62263842315976,-2.841236185449345],[-79.62252420219511,-2.841221690465737],[-79.62248132891042,-2.841250355278584],[-79.62229462866543,-2.841066028589786],[-79.62217098467586,-2.840970159138902],[-79.62186668951615,-2.840682632461325],[-79.62108667572662,-2.840164804968818],[-79.62091553477909,-2.839982729983071],[-79.62077314546521,-2.839637964183311],[-79.62077350880793,-2.839331658438482],[-79.62087839730185,-2.83918820332803],[-79.6210785525462,-2.838987429141239],[-79.62187248765245,-2.838468297417089],[-79.62201547186295,-2.83831052963164],[-79.62268724905054,-2.837780083411233],[-79.6227160464205,-2.837579103570087],[-79.62257336836825,-2.837478426112356],[-79.6223165538477,-2.837291463441799],[-79.62202939529078,-2.837014167151322],[-79.6225726873125,-2.836454850625908],[-79.62301488298696,-2.836857407362595],[-79.623285943362,-2.837073103133036],[-79.62345704501173,-2.837288680245595],[-79.62375664801664,-2.837518768238681],[-79.62391352104775,-2.837691253113034],[-79.62415631013346,-2.837662827191293],[-79.62455656737667,-2.837304352866332],[-79.62420015175456,-2.836815750252543],[-79.62334804483574,-2.835989956796127],[-79.62374339241711,-2.835568598608623],[-79.62399361259185,-2.835293699468695],[-79.62413672134441,-2.835030638124799],[-79.62418461652058,-2.834779427960131],[-79.62443482314569,-2.834516494417183],[-79.62458942059588,-2.834600434499004],[-79.62473204784764,-2.834744186807258],[-79.62474550394732,-2.834758365623842],[-79.62577792771403,-2.835846225584808],[-79.62643175220873,-2.836409366534917],[-79.627472108411,-2.835211542019165],[-79.62752949797978,-2.834981879423726],[-79.62825899902687,-2.833934602773623],[-79.62829877031871,-2.833614161173744],[-79.62806572939391,-2.833333518943517],[-79.62799846871232,-2.833262387147902],[-79.62667698498224,-2.831864850818124],[-79.62570743881244,-2.830614536611475],[-79.62545055765024,-2.83048500660326],[-79.62582176373154,-2.83000410309659],[-79.62600071047738,-2.82962143143173],[-79.62524709190137,-2.828921771623444],[-79.62492626536566,-2.828526539956688],[-79.62485531838814,-2.828143571774626],[-79.62515312084822,-2.827880693954338],[-79.62542734862154,-2.827426345138991],[-79.62516198629704,-2.827186319724547],[-79.62496375445124,-2.82700701475588],[-79.62471379077058,-2.827066542805943],[-79.62428492302774,-2.827472845585809],[-79.62410902982887,-2.827311680499344],[-79.62376190067575,-2.826993617622918],[-79.62367243655406,-2.826881088171309],[-79.62363694971427,-2.82691668655887],[-79.62360120801398,-2.82695253879039],[-79.62355951701036,-2.826988384835059],[-79.62352378235623,-2.827018255053054],[-79.6234761491001,-2.827048111089709],[-79.62344041444251,-2.827077981303145],[-79.62338684508713,-2.827095865321293],[-79.62334516817917,-2.827119745526728],[-79.62329158381746,-2.827149594458633],[-79.62324990690676,-2.827173474658705],[-79.62319038029416,-2.827197334484233],[-79.6231427743426,-2.827203259753399],[-79.62309517544477,-2.827203203012628],[-79.62305354790871,-2.827185206435893],[-79.62300597813072,-2.827161218949475],[-79.62297031400777,-2.827131263639736],[-79.62292274333426,-2.827107277055163],[-79.6228751656093,-2.827089272476774],[-79.62283355219436,-2.82705931007267],[-79.62279193172647,-2.827035330579534],[-79.62275031126184,-2.827011350181287],[-79.6226967630817,-2.827011286334591],[-79.62264915714451,-2.827017212490368],[-79.622607480238,-2.827041092663166],[-79.62260747318156,-2.827047075574147],[-79.62240490293397,-2.827280153368404],[-79.62236916209626,-2.827316006443017],[-79.62233342035795,-2.827351858609886],[-79.62229173637637,-2.827381721672245],[-79.62223813877824,-2.827423535452577],[-79.62219644683337,-2.82745938141781],[-79.62215476284553,-2.827489244471538],[-79.62211307885588,-2.827519107522697],[-79.62205948830615,-2.827554939283319],[-79.62201779725284,-2.827590784333624],[-79.62197609823654,-2.827632612289393],[-79.62194035031571,-2.827674447343495],[-79.62191650099031,-2.827716297498517],[-79.62189265256326,-2.827758146748787],[-79.62187475343397,-2.827800003097555],[-79.62184496186435,-2.827835863239685],[-79.62180921393103,-2.82787769828419],[-79.62177347215835,-2.827913550416474],[-79.62174368058228,-2.827949410552947],[-79.62170792467847,-2.827997228498272],[-79.6216840762354,-2.828039077737547],[-79.62164832828898,-2.828080912771041],[-79.6216244789417,-2.828122762006057],[-79.62160063049173,-2.828164611240767],[-79.62157678113897,-2.8282064613775],[-79.62154698248368,-2.828248303505796],[-79.62151717676073,-2.828296128540321],[-79.62148142879846,-2.828337963561645],[-79.62145757237253,-2.828385794790976],[-79.62142182440365,-2.828427630712431],[-79.6213979750374,-2.828469479935022],[-79.62136223413081,-2.828505332040149],[-79.62132054301911,-2.828541177941892],[-79.62127886603918,-2.828565058025953],[-79.6212312317888,-2.828594913908815],[-79.62118955480508,-2.828618794892227],[-79.62115382005577,-2.828648664981639],[-79.62111214307043,-2.828672545056065],[-79.62107046608389,-2.828696425128137],[-79.62101688869107,-2.828720291887091],[-79.62097520463303,-2.828750154860565],[-79.62092757037112,-2.828780010723237],[-79.62088590044773,-2.828797908782866],[-79.62085016658699,-2.828827778857331],[-79.62080849576328,-2.828845676007207],[-79.62076681169751,-2.828875538968258],[-79.62071324226561,-2.828893422801027],[-79.6206596931458,-2.828893358816311],[-79.62061209512852,-2.828893301940356],[-79.62056449621271,-2.828893245061366],[-79.62051689729786,-2.828893188180414],[-79.62047527687118,-2.828869208595722],[-79.62043366351875,-2.828839246105081],[-79.6204158633165,-2.828797347149841],[-79.62038615654218,-2.82876141597486],[-79.62034452905263,-2.828743418389658],[-79.62029693014833,-2.828743361502649],[-79.62024933124498,-2.828743304613678],[-79.62019578304206,-2.828743240611914],[-79.62013628464045,-2.828743169495454],[-79.6200946076468,-2.828767050425619],[-79.62005290943233,-2.828808878257518],[-79.62001716051549,-2.828850713198446],[-79.61999330492199,-2.828898545267893],[-79.61996350620004,-2.828940387318152],[-79.61994560697732,-2.82898224359317],[-79.61993365087842,-2.829030089885237],[-79.61992169477766,-2.82907793617666],[-79.61991568797785,-2.82912578867626],[-79.61991563137705,-2.829173649194454],[-79.61991557477529,-2.829221509712609],[-79.61991551109784,-2.829275352230202],[-79.61991545449405,-2.829323212748269],[-79.61990944061066,-2.829377049055249],[-79.6199034276261,-2.829430884458492],[-79.6199033710187,-2.829478744976186],[-79.61987952157338,-2.829520594129271],[-79.6198437805951,-2.829556446147882],[-79.61981993114425,-2.829598296202288],[-79.61978419723779,-2.829628166217823],[-79.61974251312611,-2.829658029114792],[-79.6197008351911,-2.829681909104775],[-79.61965323008279,-2.829687835076673],[-79.61960563823233,-2.829681795239067],[-79.61955803930464,-2.829681738302732],[-79.61951045453463,-2.829669716463168],[-79.6194628777451,-2.829651711720443],[-79.61942124936144,-2.82963371409249],[-79.61937367257626,-2.829615709347494],[-79.61932609489281,-2.829597705504605],[-79.6192844744945,-2.829573724972472],[-79.61923691097559,-2.829543755323062],[-79.61918934037955,-2.82951976857494],[-79.6191536772689,-2.829489813162254],[-79.6191180203411,-2.82945387484641],[-79.61907046391264,-2.829417923197252],[-79.61902886476847,-2.829375995765466],[-79.61898725146689,-2.829346033232294],[-79.61894563108797,-2.829322052695694],[-79.6189040107102,-2.829298073062871],[-79.61886241067762,-2.829256145628977],[-79.61882079030576,-2.829232165090667],[-79.61878512721535,-2.829202209675461],[-79.61874351302885,-2.829172247138493],[-79.61870189974431,-2.829142284602139],[-79.61865433626426,-2.829112314944528],[-79.61861867318277,-2.82908235952803],[-79.61857110970821,-2.829052389869232],[-79.6185354466312,-2.829022434452089],[-79.61848788316216,-2.828992464792074],[-79.6184462628103,-2.828968485153042],[-79.61839274915036,-2.828938508369864],[-79.61835113588643,-2.828908545829297],[-79.61830952970804,-2.828872600388356],[-79.61827386574544,-2.828842644967983],[-79.61823225957109,-2.82880670043101],[-79.61820255289133,-2.828770769232832],[-79.6181669110836,-2.828722866018852],[-79.61813721148994,-2.828680952825951],[-79.6181015617038,-2.828639032510889],[-79.61806592608613,-2.828585147301757],[-79.6180362194159,-2.828549216104491],[-79.6180184202166,-2.828507317157763],[-79.61800657649565,-2.828459442432561],[-79.61799473367427,-2.828411567708754],[-79.61797101261571,-2.828345731853139],[-79.617947276493,-2.828291860890854],[-79.61792947729805,-2.828249961041645],[-79.61791168428554,-2.828202080101615],[-79.6178938983581,-2.828148215358635],[-79.61787610534792,-2.828100333515019],[-79.6178583132368,-2.82805245257733],[-79.6178464341045,-2.828034490540815],[-79.61768558117693,-2.827638395973145],[-79.61745704035201,-2.827695554681698],[-79.6172856168287,-2.827752781724403],[-79.61725826755365,-2.827752748977565],[-79.61705714402592,-2.827752508141071],[-79.6168856524632,-2.827867168202576],[-79.61659999343023,-2.827924258284228],[-79.6163714516948,-2.827981416722597],[-79.61619996097042,-2.82809607572853],[-79.61597148730623,-2.82809580189616],[-79.61574281025625,-2.828267824497959],[-79.61557131855933,-2.828382484261975],[-79.61539982773623,-2.828497143080284],[-79.61528538694662,-2.828669302515313],[-79.615227996177,-2.828898963492132],[-79.61511348624684,-2.829128555019033],[-79.61505616354474,-2.829300783816111],[-79.61499884081574,-2.829473011697016],[-79.61494151805877,-2.829645239566224],[-79.61484395572955,-2.829792008758882],[-79.6148270770272,-2.829817399767812],[-79.61471256775852,-2.830046991168885],[-79.61465524399601,-2.83021921989073],[-79.61465497116417,-2.830448948413722],[-79.61465469830901,-2.830678677840218],[-79.6146544254327,-2.830908406361317],[-79.61471127173861,-2.83113820438788],[-79.61476818537442,-2.831310569383802],[-79.61476784422615,-2.831597730950198],[-79.6148247578609,-2.831770095957215],[-79.61526216551275,-2.832191792139571],[-79.61524312575575,-2.832191769273163],[-79.61531907921864,-2.832364157170896],[-79.61547121359033,-2.832517493091436],[-79.61566156306633,-2.832556009527351],[-79.61585198077141,-2.83253709468473],[-79.61600443350481,-2.832422412319387],[-79.6160807962321,-2.832250207248633],[-79.61608102350469,-2.832058766401429],[-79.61608127348705,-2.831848181197407],[-79.61604344394176,-2.831637550295474],[-79.61604369389366,-2.831426965093278],[-79.61598678004121,-2.831254600064725],[-79.61598700724922,-2.831063159221866],[-79.61602531302536,-2.830871764063921],[-79.61619680519512,-2.830757105300375],[-79.6163682283079,-2.83069987776114],[-79.61657770819103,-2.830661841117805],[-79.6167681029275,-2.830662069420887],[-79.6169584749781,-2.830681442056252],[-79.61712976280523,-2.830739079666776],[-79.6173010270641,-2.830815861625482],[-79.61751041625085,-2.830854400471586],[-79.61771985084908,-2.830854651451334],[-79.6178912740132,-2.830797424560416],[-79.61806269717154,-2.830740197635661],[-79.61827219983729,-2.830683016286522],[-79.61846264006707,-2.830644955559932],[-79.61865305762504,-2.83062604007762],[-79.61882448167245,-2.830568812105243],[-79.6190148765751,-2.830569040030105],[-79.61922431125562,-2.830569290711511],[-79.61941470619058,-2.830569518570439],[-79.61962409469346,-2.830608057948899],[-79.61977627510316,-2.830723104699028],[-79.61990937046593,-2.830876417440275],[-79.6200233807779,-2.831067995277222],[-79.62004217135693,-2.831278603616093],[-79.62004192214012,-2.831489189175742],[-79.6199845771018,-2.831680561996208],[-79.61992723203073,-2.831871934803941],[-79.6198508697997,-2.832044140422944],[-79.61975546774238,-2.832216323233194],[-79.61964104942196,-2.832369339746432],[-79.61960017300667,-2.832405216312024],[-79.62005112595527,-2.832777106433238],[-79.62071865523085,-2.833333528549264],[-79.62181178854048,-2.83479174742078],[-79.62201904609702,-2.834621293645768],[-79.62235785204537,-2.83503033984003],[-79.62234591037435,-2.835018766722915],[-79.62236017305949,-2.835033141879951],[-79.62118757215704,-2.836438834517565],[-79.61987183370492,-2.835040691772011],[-79.61886153336108,-2.8340463784807],[-79.61861109960516,-2.833899637654972],[-79.61840973108586,-2.833954808912316],[-79.61841968496167,-2.834063317245833],[-79.61842725715599,-2.834145858802123],[-79.61844714357932,-2.834362644812815],[-79.61844617842965,-2.835176269419089],[-79.61873097744814,-2.835846656076574],[-79.61944416764094,-2.836517555705516],[-79.61982376750193,-2.837523079364672],[-79.61968011797032,-2.838240812079151],[-79.61801324108235,-2.839004576161681],[-79.61741275959868,-2.839025417428593],[-79.61668041106992,-2.839050834559744],[-79.61596676684842,-2.8387628148995],[-79.61577809189055,-2.838572649993705],[-79.61554590549619,-2.839020666659597],[-79.61563129298436,-2.83926485730381],[-79.6158023927879,-2.839480434104159],[-79.61588796924805,-2.839566686354874],[-79.61604473816824,-2.839825320092111],[-79.6162443291349,-2.840098364341286],[-79.61650112533168,-2.840299686225572],[-79.6170721093011,-2.840472670851793],[-79.61744314346119,-2.840674130055922],[-79.61740020184656,-2.840760226815187],[-79.61677081698183,-2.841664029466192],[-79.61668496681604,-2.841807507660748],[-79.61659928850048,-2.841807404518065],[-79.61642815416363,-2.841620542780436],[-79.61634271525219,-2.841419427062647],[-79.61621436793506,-2.841275691028987],[-79.61608610704275,-2.841060165708102],[-79.61604357570225,-2.840801668531024],[-79.61591526356517,-2.840629217344133],[-79.61557268670109,-2.840513940389632],[-79.61541567845602,-2.840456319084689],[-79.6150731872927,-2.840269250962164],[-79.61487364711333,-2.839953132535447],[-79.61455997312767,-2.83955072923282],[-79.6143744390756,-2.839464356505619],[-79.61434630746778,-2.839105371381965],[-79.61456087977331,-2.838789751838517],[-79.61466114530249,-2.838531426764248],[-79.61466143601345,-2.838287340242033],[-79.61462308961073,-2.837851852138493],[-79.61444468158886,-2.837851637335382],[-79.6142540578266,-2.838042848748051],[-79.61406269261693,-2.838856242475007],[-79.61358601781896,-2.83942999075111],[-79.61320454094694,-2.840003854315951],[-79.61325036984132,-2.841487576962296],[-79.61342709637451,-2.841812535213702],[-79.61355408370808,-2.841756830895696],[-79.61366831274302,-2.841764148182197],[-79.61382532949658,-2.841814590304429],[-79.61391099914594,-2.841821873119028],[-79.61418225447066,-2.841872452995038],[-79.61444624110784,-2.842030710779406],[-79.61471727396597,-2.842267945860379],[-79.61500972606945,-2.842505206753019],[-79.61545209017214,-2.842764184953188],[-79.61560909867663,-2.842821807309742],[-79.61565191218133,-2.842843395538468],[-79.61573758198122,-2.842850678259679],[-79.61583034931634,-2.842893864218642],[-79.61594456147333,-2.84291553847371],[-79.6160159002278,-2.842965878085256],[-79.61608718855618,-2.843059291811245],[-79.61621561203827,-2.843138415410694],[-79.61626555733531,-2.843167191702053],[-79.61647968492224,-2.843224881894736],[-79.6166224309657,-2.84326812892506],[-79.61670802476496,-2.843340022329957],[-79.61686500782555,-2.843419180290833],[-79.61712911508471,-2.843476931495704],[-79.61722900488735,-2.843534484033137],[-79.61731451236118,-2.843678167647438],[-79.6174142833995,-2.843836226505762],[-79.61742520754468,-2.843924966632472],[-79.6174354973768,-2.84400854975418],[-79.61748521190269,-2.844231160105326],[-79.61751219418161,-2.844344801762895],[-79.61752783740421,-2.844410687724537],[-79.61755622590277,-2.844554302583007],[-79.61760609434722,-2.844647690525871],[-79.61765598755073,-2.84471954094596],[-79.61791996695956,-2.844884977047273],[-79.6180959846305,-2.844968944224088],[-79.61846235682998,-2.845089036150825],[-79.61866028942207,-2.845224432010255],[-79.61875331699332,-2.8450054709529],[-79.61882481838333,-2.844919408541567],[-79.61886786274447,-2.844747163430176],[-79.6189252295613,-2.84453903989916],[-79.61901815099823,-2.844453002317723],[-79.6191967937169,-2.844331173984485],[-79.61926102749462,-2.844352787899592],[-79.61950351883743,-2.844575630181508],[-79.61970320600645,-2.844769704827874],[-79.61968160658245,-2.844920439150668],[-79.61953154038954,-2.845027944732835],[-79.6194956449635,-2.845193019922776],[-79.61954553833098,-2.845264870328924],[-79.61970961107012,-2.845387110888387],[-79.61980229346666,-2.84550208790231],[-79.61981643661046,-2.845616969558316],[-79.61973062124605,-2.845731730989487],[-79.61951622708219,-2.84589659145662],[-79.61952313676056,-2.846090434287997],[-79.6196942977588,-2.846255758576734],[-79.61998406737308,-2.846325664479615],[-79.62001751246193,-2.846220411805669],[-79.6200175750942,-2.846167764977591],[-79.62006996819797,-2.846139111826864],[-79.62011755642196,-2.84614874171712],[-79.6201317678964,-2.846206191138835],[-79.62021735557558,-2.846282870812624],[-79.62031726950704,-2.846321278887423],[-79.62076930437189,-2.846455831495589],[-79.62100713096264,-2.846599698264541],[-79.62129245966221,-2.846824985214893],[-79.62163961767868,-2.847093420723479],[-79.62170625082517,-2.847098287127365],[-79.62186260573489,-2.847057476427886],[-79.62256401339337,-2.847784359307747],[-79.62284753045044,-2.848032936207477],[-79.6228846533398,-2.848169423884396],[-79.62311370137337,-2.848358706734908],[-79.6236795849839,-2.848721608361522],[-79.62377660761707,-2.848790884326574],[-79.62425200719672,-2.849293989616843],[-79.62458492012281,-2.849533691597771],[-79.62474361943589,-2.849565803634699],[-79.62499700922633,-2.849617075135439],[-79.62540478614656,-2.849399469331741],[-79.62607600131268,-2.849350021226162],[-79.62626762859279,-2.849372274249728],[-79.6266319061406,-2.849534312269401],[-79.62687446638982,-2.849702114954806],[-79.62719789471086,-2.849913087975984],[-79.62761653186632,-2.850131138356461],[-79.62808249768298,-2.850314934152975],[-79.62855279852269,-2.850333877431473],[-79.6291527930271,-2.850133580680465],[-79.62948129953496,-2.850076541115768],[-79.6298382979228,-2.850076968072349],[-79.63010965000888,-2.850048576241137],[-79.63060726079003,-2.850049171055491],[-79.63087847806518,-2.849965933010235],[-79.63162851375584,-2.849679665926251],[-79.6325303565552,-2.849246146595228],[-79.63275017510998,-2.849099497979176],[-79.63284931448207,-2.849041338842729],[-79.63288117781602,-2.849018097184349],[-79.63317423649187,-2.848724131071487],[-79.63319570921567,-2.848702591847093],[-79.63333390945924,-2.848436137991923],[-79.63338177121862,-2.848343858724138],[-79.63349633292857,-2.848071190185804],[-79.6336779777848,-2.847767605091363],[-79.63372263160551,-2.847707527660782],[-79.63412635136565,-2.847535921331698],[-79.63431787621137,-2.847356903413825],[-79.63444319756957,-2.847240864074541],[-79.63475455327153,-2.846867584943207],[-79.634941764775,-2.846735124670729],[-79.63507089217823,-2.846619598934165],[-79.63518276983547,-2.846486144502777],[-79.63538397168296,-2.846198315905597],[-79.63565505243562,-2.845991820855102],[-79.63618378048537,-2.845676568557979],[-79.63701290960613,-2.844916568952146],[-79.63725468172719,-2.844737581732363],[-79.63733418870102,-2.844596534462888],[-79.63777067748158,-2.843785813444742],[-79.63810671897,-2.843391361318897],[-79.63839269516208,-2.843068639696666],[-79.63891735455385,-2.842500915725363],[-79.63930839431849,-2.841883974582222],[-79.63958109101546,-2.841381499055778],[-79.63913155605779,-2.841313264902442],[-79.63888856227547,-2.841513992813436],[-79.63869377595628,-2.841560753874862],[-79.63853146422038,-2.841599718995186],[-79.63834579254522,-2.8416282154023],[-79.63775984656391,-2.842029551197045],[-79.63710217998482,-2.842703606939739],[-79.63685097885987,-2.843495522473012],[-79.63660584072805,-2.844153500094558],[-79.6361439778397,-2.843937275887963],[-79.63564636534602,-2.843409696703737],[-79.6351046257062,-2.842835332058054],[-79.63528766499408,-2.842563768051543],[-79.63572993994742,-2.842181254265115],[-79.63630182357868,-2.841595640024701],[-79.63724351404709,-2.840232726629924],[-79.63739208618675,-2.839978211527251],[-79.63764698679125,-2.840176409656023],[-79.63776588705456,-2.840223064735893],[-79.63786108603773,-2.840260419277165],[-79.63791194950761,-2.840292467323134],[-79.63812313551693,-2.840045356820765],[-79.63867124465885,-2.83943578120699],[-79.63896896581237,-2.839244690639931],[-79.6389702533132,-2.839245210415257],[-79.63895743021584,-2.838933582110235],[-79.6389337999876,-2.838915057174451],[-79.6388504291617,-2.838849699502827],[-79.63872625941738,-2.838750893899474],[-79.63853158601938,-2.838856856275185],[-79.63849587012375,-2.838871172197596],[-79.63833883329741,-2.838835090382911],[-79.63825326369663,-2.838741660381655],[-79.63819626213422,-2.83864108555434],[-79.63812500598871,-2.838518956113627],[-79.63787857743841,-2.838196047803208],[-79.63767889561748,-2.83799479582908],[-79.63752183375092,-2.837980251677912],[-79.63705056592642,-2.83800840994081],[-79.6369363443897,-2.837993916455398],[-79.63689355547761,-2.837950791211695],[-79.63676523833357,-2.837778340985045],[-79.63671197977867,-2.837655544584521],[-79.63664379125659,-2.837564066162452],[-79.63642691757374,-2.837483153769307],[-79.63629146951489,-2.837303515555452],[-79.63622742970145,-2.837116783316178],[-79.63629180604129,-2.837016351411727],[-79.63636328905714,-2.836944645186163],[-79.63646349336516,-2.8368163017903],[-79.63641838325569,-2.836474931514274],[-79.63642405440513,-2.836471339414821],[-79.63678172222943,-2.835897433767823],[-79.63675344760435,-2.835653311149996],[-79.63666793714032,-2.835509628077112],[-79.63666812206627,-2.835351687361466],[-79.63619749446421,-2.834834234725728],[-79.63559843367499,-2.83424483911848],[-79.63535603041143,-2.833943029420821],[-79.63509912976077,-2.833827859748356],[-79.6351420867008,-2.833727403396915],[-79.63531386453228,-2.833333555145878],[-79.6355245313836,-2.833038292004214],[-79.63586193524286,-2.833333556371968],[-79.63634106044759,-2.833845279191833],[-79.63741114194151,-2.834950536448474],[-79.63820487733527,-2.835616723895957],[-79.6370230996066,-2.837075093496304],[-79.6382071482887,-2.838081570284717],[-79.63887873679798,-2.837709050892298],[-79.63960727724651,-2.837480181136101],[-79.64017888985856,-2.83712190063616],[-79.64019941202663,-2.837116767684916],[-79.64075025065728,-2.836978993415653],[-79.64105019454104,-2.836921914722685],[-79.64129295215238,-2.836922201287351],[-79.64192840121837,-2.837014844648679],[-79.6421265193104,-2.836768594602388],[-79.64245979894818,-2.836697195679942],[-79.64268593858444,-2.836661567233261],[-79.64293596132237,-2.836554174876366],[-79.64315034074389,-2.836398880295973],[-79.64337666074562,-2.836207702799239],[-79.64362669731396,-2.836088346096964],[-79.64382914902181,-2.835956966425798],[-79.64391264288875,-2.835789552403322],[-79.64427922837389,-2.835389388067965],[-79.64466580338113,-2.834513989068732],[-79.64490877800519,-2.834327617843652],[-79.64519455765355,-2.834170013331889],[-79.64530897969735,-2.834012206362013],[-79.64536043914454,-2.833768571178623],[-79.64545611725967,-2.833333530016283],[-79.64559936811152,-2.832967182058517],[-79.64586162323727,-2.832572638121265],[-79.64595722545555,-2.832225758540832],[-79.6460290273489,-2.831878850978156],[-79.64612460158138,-2.831555902301542],[-79.64632832351313,-2.831275478715468],[-79.64540003766753,-2.830328291802235],[-79.64413096391499,-2.829089503364875],[-79.64400217941804,-2.82931908375739],[-79.64384485117871,-2.829534273245087],[-79.64377320217666,-2.829749562473725],[-79.64376065355522,-2.830058669750199],[-79.64311794763479,-2.830158421727058],[-79.64275395505486,-2.830035948287758],[-79.64265422245371,-2.829841995436734],[-79.64235206831535,-2.829755489770078],[-79.64175769114325,-2.829228321821892],[-79.6414367871243,-2.828892917940506],[-79.64098497102378,-2.828569325892035],[-79.64068804863473,-2.828078403093494],[-79.63947568021294,-2.826868491188115],[-79.63929487345787,-2.826808452234481],[-79.63988129480396,-2.825990723281416],[-79.64016723906263,-2.825689536547931],[-79.64027182984877,-2.825454086408989],[-79.64024281716371,-2.825233751686377],[-79.64005000792068,-2.825262241261401],[-79.63986435567315,-2.825276381015761],[-79.63967157987219,-2.825276154149329],[-79.63948596107988,-2.825261577471422],[-79.63930743152723,-2.825290083719664],[-79.63912890197881,-2.825318589936053],[-79.63900023370321,-2.825447663145299],[-79.63887868148845,-2.825598280650408],[-79.63872861084852,-2.825712970393455],[-79.63858567209668,-2.825834846246963],[-79.63853499325106,-2.825875514982974],[-79.63844274078296,-2.825949544334823],[-79.63827842388206,-2.826035499892131],[-79.63811409949501,-2.826128634955292],[-79.63795691356941,-2.826221777492597],[-79.63778547398302,-2.826293366353541],[-79.63762115701714,-2.826379322674228],[-79.63745684841106,-2.826458098517152],[-79.63728540878806,-2.82652968727177],[-79.63711395987742,-2.826608455526527],[-79.63692829922111,-2.826629774223699],[-79.63674976957107,-2.826658279943818],[-79.63656411730881,-2.826672419039996],[-79.63637847253882,-2.826679378568286],[-79.63618569678712,-2.826679151007717],[-79.63600007809345,-2.826664573682646],[-79.63582164071661,-2.826614109808207],[-79.6356432033685,-2.826563645009239],[-79.63545761828811,-2.826520351290005],[-79.63527200717299,-2.826498594332058],[-79.63507213411286,-2.826462463225906],[-79.63488652304349,-2.826440706213991],[-79.63470093806713,-2.826397412396265],[-79.63468665842808,-2.826397395522019],[-79.63450812892864,-2.826425900886364],[-79.63431531979593,-2.82645438933967],[-79.63412966772648,-2.826468528045959],[-79.63397247328811,-2.826568850295283],[-79.63388660234503,-2.826733867261133],[-79.63381500260992,-2.82690608152795],[-79.6337362541746,-2.827085465956288],[-79.6336361202891,-2.827236108731964],[-79.63354310054237,-2.827408296702199],[-79.63338591522897,-2.827501439259128],[-79.6333440564358,-2.827419429242551],[-79.63330280791152,-2.82733861472966]],[[-79.63963972560882,-2.829058314567872],[-79.63932716887932,-2.828814876961133],[-79.63991467482747,-2.82798177134383],[-79.64041406079761,-2.828329349623289],[-79.64099657895852,-2.828820608717713],[-79.64104392659556,-2.829036038543811],[-79.6403887700903,-2.829609596276715],[-79.63963972560882,-2.829058314567872]],[[-79.62847660014059,-2.841074297210322],[-79.62810338015868,-2.841513489218467],[-79.62772276620933,-2.841359880818481],[-79.62715229788002,-2.840746584645071],[-79.62669579679485,-2.840363155483908],[-79.62658164828072,-2.84028644217323],[-79.62652475543794,-2.84009493227445],[-79.62652507209083,-2.839826913759994],[-79.62665850840382,-2.839693063674629],[-79.62688095238713,-2.839511260138812],[-79.62646612011362,-2.839045370763941],[-79.62643776412868,-2.83887303853003],[-79.62689517451328,-2.838485914338402],[-79.62793666590629,-2.839276855942753],[-79.6288353781292,-2.840053268891942],[-79.6290921439966,-2.84028330526217],[-79.62863451267513,-2.840857086726981],[-79.62847660014059,-2.841074297210322]],[[-79.62476287382327,-2.845213976213106],[-79.62462027337006,-2.845046293454838],[-79.62452525932031,-2.844890633565378],[-79.62443023020981,-2.844746937697611],[-79.62441852906383,-2.844579412707505],[-79.62440698389031,-2.844280270852126],[-79.62440715404145,-2.844136689966899],[-79.624538194087,-2.84401719573663],[-79.62458602051828,-2.84382581035312],[-79.62461010336489,-2.84358653766251],[-79.62461025927615,-2.843454921687469],[-79.6246224990919,-2.8431677732329],[-79.62468215422349,-2.843036228499329],[-79.62477743839449,-2.842964552027032],[-79.62494182066857,-2.842512191968392],[-79.62495084742096,-2.841999936064607],[-79.62506547643275,-2.841669835720166],[-79.62522284360503,-2.841425936045009],[-79.62535170122544,-2.841138926967872],[-79.62571683846748,-2.841220886056202],[-79.62632313585823,-2.841724145982955],[-79.62633479501436,-2.841927566786007],[-79.62623935624482,-2.842130860451584],[-79.626120202104,-2.842262334230687],[-79.62592962071236,-2.842417652455487],[-79.62586979588019,-2.842692779221966],[-79.62576220148155,-2.843111429089603],[-79.6256787178615,-2.843266876222255],[-79.62637087138081,-2.843935633161961],[-79.62559610501405,-2.845011567493423],[-79.62507429182855,-2.845633128651502],[-79.62476287382327,-2.845213976213106]],[[-79.63263052312638,-2.845378647852096],[-79.63230239010853,-2.845119809150277],[-79.63210267525453,-2.844947273295785],[-79.63184609406349,-2.844559296453365],[-79.6329203851736,-2.843182987874756],[-79.63378778025212,-2.843948833073471],[-79.63393267151076,-2.844012037579814],[-79.63399188486395,-2.844131465767041],[-79.63383125130406,-2.844346288065447],[-79.63344517030757,-2.844790932552321],[-79.63267334578534,-2.845393057028868],[-79.63263052312638,-2.845378647852096]],[[-79.62826033659343,-2.843820358714975],[-79.62836781731605,-2.843497428660618],[-79.628368057602,-2.84329402100904],[-79.62845148352947,-2.843186435088597],[-79.62862998157915,-2.843186648225122],[-79.62876072545092,-2.843318420714246],[-79.62890326924204,-2.843533962933402],[-79.62889121411624,-2.843665564938683],[-79.62887921460438,-2.843749307158492],[-79.62909318670089,-2.843941004751118],[-79.62929562559067,-2.843821594968142],[-79.62941486452634,-2.843618329266531],[-79.62960537539429,-2.843522835986497],[-79.62978383122015,-2.843558944724115],[-79.62991447556749,-2.84377447272469],[-79.63023191296546,-2.844073082051983],[-79.63015186611149,-2.844289256828024],[-79.630032754245,-2.844384836262384],[-79.62990179914667,-2.844432540766414],[-79.62961613100018,-2.844492025552033],[-79.62944947676873,-2.844539686471632],[-79.62909252254082,-2.844503365383234],[-79.62899745029195,-2.844395565375277],[-79.62864068085639,-2.844203697185809],[-79.62845026791256,-2.844215434702274],[-79.62826001141225,-2.844095556010372],[-79.62826033659343,-2.843820358714975]],[[-79.62173731541422,-2.842484262064926],[-79.6215761962955,-2.842804893208899],[-79.62126200657566,-2.84283323233113],[-79.62109034258854,-2.843091471884551],[-79.620833067242,-2.843292177126034],[-79.62053343013922,-2.843090803173722],[-79.61983452313127,-2.842415132839876],[-79.61949225201631,-2.842041410637627],[-79.61939248154258,-2.841883351893014],[-79.61926662467731,-2.841646291925958],[-79.61901916590327,-2.841598134023565],[-79.61889551094089,-2.841511836965917],[-79.61801112232708,-2.840706720027248],[-79.61775449639659,-2.840361816913831],[-79.61781182010621,-2.840189588990567],[-79.61864976666989,-2.839201300662504],[-79.6188411549707,-2.839185758776825],[-79.61897452342133,-2.839109342206529],[-79.61920289724134,-2.839195764857145],[-79.6196023662161,-2.839502550383089],[-79.61955460777938,-2.839636502112825],[-79.61953540874846,-2.839770488119655],[-79.6207525844934,-2.840920598379494],[-79.6219255227397,-2.841976022267958],[-79.62183756333384,-2.842240294731297],[-79.62173731541422,-2.842484262064926]],[[-79.62874861120082,-2.84894521041346],[-79.6286654677966,-2.848813494573365],[-79.62836830946303,-2.848525976409771],[-79.62814255061856,-2.848238542767739],[-79.6278660866921,-2.848086487897638],[-79.62761929489854,-2.847950753112689],[-79.62730674327086,-2.847813929315802],[-79.62751588250066,-2.847440117660697],[-79.62767301188353,-2.847397231307871],[-79.62810144243731,-2.847369026711713],[-79.6282583170238,-2.84754151283305],[-79.628329444529,-2.847771328015523],[-79.62842907282399,-2.848136149167982],[-79.62844319169123,-2.848187850811174],[-79.62884279116933,-2.848389343545405],[-79.62901404776136,-2.848475697164104],[-79.62954621757358,-2.848682931454731],[-79.62987921799717,-2.84885084174633],[-79.63030747318943,-2.848971005037406],[-79.63053357220484,-2.848971275188624],[-79.63067642767386,-2.848923585067994],[-79.63080717222371,-2.84905535773863],[-79.63104498640617,-2.849211189144444],[-79.63109230364775,-2.849450547822378],[-79.63100889127927,-2.849546169772855],[-79.63083036379368,-2.849569886439004],[-79.63008068194377,-2.849557025560241],[-79.62929542756606,-2.849436435172069],[-79.62916468414835,-2.849304662393463],[-79.62893876924576,-2.849148845849069],[-79.62874861120082,-2.84894521041346]]]]}},{"type":"Feature","properties":{"OBJECTID":2118,"fcode":"EA010","descr":"PRODUCTO AGRICOLA, RESULTADO DE UN CONJUNTO DE TECNICAS Y CONOCIMIENTOS PARA CULTIVAR LA TIERRA","DPA_DESPRO":"AZUAY","DPA_DESCAN":"CUENCA","niv1":"TIERRA AGROPECUARIA","niv2":"CULTIVO","niv3":"CULTIVO PERMANENTE","niv4":"FRUTALES","niv5":"CACAO","cbt":"CACAO","tmp":"CULTIVO PERMANENTE","nal":"NO APLICABLE","uso":"AGRICOLA","tap":"MEDIANA","rie":"SI","spr":"MERCANTIL","sce":138.392595497,"usce":"HECTAREAS","txt":"EL CODIGO (fcode) Y LA DESCRIPCION (descr) CORRESPONDEN A LOS OBJETOS GEOGRAFICOS DEL ATRIBUTO niv2","simbologia":"CPuc: Cacao","label":"Cacao","SHAPE_Leng":8662.37552225,"SHAPE_Area":1383925.95497},"geometry":{"type":"MultiPolygon","coordinates":[[[[-79.45091701771018,-2.608105362564926],[-79.45092102838076,-2.608107630289876],[-79.45167384301918,-2.608585620198999],[-79.45204438786713,-2.608820892206394],[-79.45214618775731,-2.608874137887132],[-79.4521144518777,-2.608923872174605],[-79.45209048922867,-2.609062627117138],[-79.4520712202112,-2.609254031007978],[-79.45207115581432,-2.609306674073601],[-79.45220424001239,-2.609436052242817],[-79.45225643842363,-2.609555759273912],[-79.45232299562507,-2.609608483863379],[-79.45244662142771,-2.609689994076397],[-79.45247494498985,-2.609876670890714],[-79.4524700279823,-2.610005879248099],[-79.45248110396693,-2.610028225753604],[-79.4524414117161,-2.610058486092174],[-79.4523033225974,-2.61013010052095],[-79.45217474550223,-2.610206512684138],[-79.45208900791135,-2.610273406776937],[-79.45204604540689,-2.610383424068774],[-79.45208872093656,-2.610507905319144],[-79.45225493355814,-2.610785681131603],[-79.45231648585195,-2.611039399284897],[-79.45232132058024,-2.611042881712535],[-79.45217837113235,-2.611132549637075],[-79.45202371432363,-2.611132358161805],[-79.45189294657146,-2.611054428487513],[-79.45184986422299,-2.610958174281351],[-79.45182153903396,-2.611077071695822],[-79.45177971051191,-2.611232555412588],[-79.45176167491117,-2.611388067683809],[-79.45175546983494,-2.611597434236574],[-79.4516958034177,-2.611746913356759],[-79.45163020384406,-2.611884421054843],[-79.45162994005605,-2.612099776529633],[-79.4516476806047,-2.612127206688708],[-79.45171899644707,-2.612237475820206],[-79.45173345309833,-2.612240476380108],[-79.45195092232049,-2.612285620283568],[-79.45219480332355,-2.612285922362736],[-79.45243875849796,-2.612226403256794],[-79.45244487474338,-2.612088821821596],[-79.45239751585838,-2.611903317913402],[-79.45237397099784,-2.611699896042483],[-79.45240988100932,-2.611520476815349],[-79.45252288423342,-2.611532581678418],[-79.45262985914134,-2.611610480982411],[-79.45280832365141,-2.611598737818031],[-79.45296910989617,-2.611450580200755],[-79.45301197874551,-2.611417133136154],[-79.4531333547354,-2.611262709980697],[-79.4531679811133,-2.611289309096111],[-79.4532058225896,-2.611475998656058],[-79.45331513077417,-2.611590990422877],[-79.45341492872583,-2.611701184434952],[-79.45344808647886,-2.611825653966781],[-79.4534860040849,-2.611950129390982],[-79.45357149593102,-2.612084234760638],[-79.45367138670532,-2.612117857576064],[-79.45388633101841,-2.611931402927757],[-79.45399022368174,-2.612113466937329],[-79.45407098591325,-2.612223637407244],[-79.45426585733077,-2.612415306367025],[-79.45441800037433,-2.612525566039609],[-79.45457014840309,-2.612631039722922],[-79.45471753840258,-2.61273650751829],[-79.45481785458776,-2.612787105175054],[-79.45484575979741,-2.612952022212895],[-79.45487418302054,-2.613057342884179],[-79.45490263550406,-2.613138735436157],[-79.45490722970348,-2.613272739885692],[-79.45488803763119,-2.613401930729888],[-79.4548926844896,-2.613492864922386],[-79.45507911573313,-2.61376602919018],[-79.45519669588643,-2.613938311230555],[-79.45539147900129,-2.614201765552461],[-79.45637955489332,-2.613392627278071],[-79.45647733009586,-2.613489439339383],[-79.45659140216476,-2.61360084839073],[-79.45697154960325,-2.614048781727088],[-79.45676679201956,-2.614158599428706],[-79.45648097355918,-2.614402317557126],[-79.45650154327288,-2.614443818908827],[-79.4569444552539,-2.615337416131066],[-79.45700094463817,-2.615306262117681],[-79.45720331274826,-2.615204816117641],[-79.45738780724861,-2.615127276163729],[-79.45763772584002,-2.615055799499964],[-79.45789971631318,-2.614840765823474],[-79.4581895986009,-2.614803339581802],[-79.45822097848014,-2.614799287803864],[-79.45835719929453,-2.6152840096676],[-79.45851177672986,-2.615350003558599],[-79.45867218515258,-2.615511719245905],[-79.45880285179004,-2.615673398210591],[-79.45883830861617,-2.61586487031469],[-79.45883813331018,-2.616008442016922],[-79.45889152216316,-2.616128150765581],[-79.45903415846092,-2.616230023130412],[-79.45920348875224,-2.61619953018296],[-79.45923038177594,-2.616290086851929],[-79.45928584719127,-2.616329441802612],[-79.45936101205555,-2.616254035683605],[-79.45950372965514,-2.616290105100865],[-79.45973925869575,-2.616311931968781],[-79.45986069231628,-2.616240295413597],[-79.46022460169748,-2.616348423301601],[-79.46041027803255,-2.616276866855877],[-79.4606529018864,-2.616334594644707],[-79.46066689773582,-2.616564326634091],[-79.46076656747834,-2.616779806313695],[-79.46095920727082,-2.616851829553039],[-79.46107352964161,-2.616758649779328],[-79.46114508507753,-2.61661516597014],[-79.4612663970852,-2.616644029826494],[-79.46136611947885,-2.616816439136739],[-79.4615444570328,-2.616909979896405],[-79.4616730642251,-2.616809638648546],[-79.4617519068698,-2.616544128675035],[-79.46193761043511,-2.616451035865668],[-79.46213039818251,-2.616401024018589],[-79.46242302402597,-2.616430098900997],[-79.46257304479056,-2.616329783875769],[-79.46272302271605,-2.6162653611322],[-79.46293720844685,-2.616229731710673],[-79.46302089681102,-2.615981355612481],[-79.46300889479541,-2.615978569791648],[-79.46334734922632,-2.614996795974553],[-79.46336390109444,-2.614930535686158],[-79.46342952284427,-2.614775081001011],[-79.46345696582506,-2.614293491977356],[-79.46346034399014,-2.613991507972213],[-79.46346021725452,-2.61399145626627],[-79.46346044488982,-2.613982488651457],[-79.46348208506873,-2.613130054269241],[-79.46347938543184,-2.612599031455862],[-79.46347856642824,-2.612598834196931],[-79.46347932012802,-2.612586174619073],[-79.46349158398951,-2.612380217512903],[-79.46351894926175,-2.611920626624846],[-79.46462634935173,-2.612362623726545],[-79.4656383023768,-2.612766523351533],[-79.46571967029945,-2.612798999429811],[-79.46668546146965,-2.613160079758817],[-79.46670606364395,-2.613167782391968],[-79.46681224754508,-2.613207481483811],[-79.46716447112225,-2.613339167523732],[-79.46766754744948,-2.613572486497024],[-79.46766742081964,-2.613573088664175],[-79.46767485539804,-2.61357587606485],[-79.46857981594515,-2.613915176549984],[-79.46886991808529,-2.614007234527397],[-79.46938759386197,-2.613509876411001],[-79.469402516838,-2.61349553933235],[-79.4695414745668,-2.613257480890641],[-79.46970866260743,-2.612971061316276],[-79.46974198089205,-2.61291398091546],[-79.46974259730139,-2.612869093226346],[-79.46974908210524,-2.612396679096136],[-79.4697002563515,-2.611798094664778],[-79.46970488647078,-2.611464742544174],[-79.46972877264965,-2.611393104380077],[-79.4698002867516,-2.611178620187414],[-79.47005783931257,-2.610733885475725],[-79.47011908120602,-2.610435783285225],[-79.46998372687125,-2.609479587924924],[-79.46999687331706,-2.608939708089025],[-79.47000372133998,-2.608658505692274],[-79.47001031669676,-2.608387660952964],[-79.46999585558164,-2.607778084966983],[-79.46999690307914,-2.607772265598413],[-79.47003282861618,-2.60757259866404],[-79.46861030687634,-2.607572899760651],[-79.46823134392386,-2.607572979697327],[-79.45523994590746,-2.607575650435458],[-79.45230925925138,-2.607572030903935],[-79.4517998986995,-2.607732397297717],[-79.45167675099898,-2.607771169570334],[-79.4515058111338,-2.607824987686554],[-79.4512706379255,-2.607921631052845],[-79.45104614261653,-2.608013886847978],[-79.45091701771018,-2.608105362564926]],[[-79.45737610266,-2.611894549213664],[-79.45735729915866,-2.611857404670129],[-79.45732177169862,-2.611724557493926],[-79.45731129616182,-2.611534311965528],[-79.45732578235608,-2.611362044736711],[-79.45740452840829,-2.611175499700784],[-79.4574617461709,-2.611082248739483],[-79.45757368067024,-2.610990208412411],[-79.45759371310963,-2.61115300051737],[-79.4576512865644,-2.611310754493714],[-79.45760761255254,-2.611461695640027],[-79.45767152215639,-2.611734560190254],[-79.45773558064354,-2.611885389178022],[-79.45785676848324,-2.61201475256801],[-79.45804641119128,-2.612099796972786],[-79.45810507868418,-2.612286648179773],[-79.45816437242152,-2.612442256408943],[-79.45827716445697,-2.612627842252992],[-79.4584732266683,-2.612819512441353],[-79.45865353860633,-2.612940725231178],[-79.45862749651062,-2.613136755478378],[-79.45864509362445,-2.613340170504412],[-79.4587578711638,-2.613537719570406],[-79.45876917931018,-2.613576274766376],[-79.45880526113592,-2.613699296567274],[-79.45881666135026,-2.614106095484276],[-79.45879847300407,-2.614387233470487],[-79.45881896285776,-2.614449304952689],[-79.45866978708294,-2.614522857987732],[-79.45863902803177,-2.614410965770825],[-79.45861061178154,-2.614299662489034],[-79.45861076947644,-2.614170448781359],[-79.4585753251651,-2.613969404727277],[-79.45855762883566,-2.613847347988425],[-79.45852573970316,-2.613657075928536],[-79.45849788807625,-2.61360482421959],[-79.45849613965532,-2.613605008364999],[-79.45842959929335,-2.613473904488289],[-79.45834413154667,-2.613319459520685],[-79.45830507420447,-2.613154304235599],[-79.4582766623297,-2.613039412387569],[-79.45822687103039,-2.612895779963706],[-79.45814491122934,-2.612791589640851],[-79.45805221748815,-2.612708921267488],[-79.45787082845764,-2.612536027901595],[-79.4578596311768,-2.612593826828184],[-79.45781667615871,-2.612697862981191],[-79.45776656953818,-2.612812657896047],[-79.45768442580813,-2.612859217283979],[-79.45760945467319,-2.612877071329852],[-79.4574916905878,-2.61286615835331],[-79.45738827699728,-2.612794244312018],[-79.45729917008784,-2.612697224152963],[-79.45720650711364,-2.612589431108365],[-79.45713523230265,-2.612503200561885],[-79.45703179685654,-2.612449233986371],[-79.4569818926827,-2.612398922100794],[-79.45693915673195,-2.612323494386374],[-79.45689642078449,-2.61224806667345],[-79.45685011123636,-2.612176224047793],[-79.45679657999048,-2.612172568450352],[-79.45670021730214,-2.612172449458149],[-79.4565717378067,-2.612168702201933],[-79.45646462801878,-2.612200872684889],[-79.45644567339768,-2.612212393728071],[-79.45638616663193,-2.612154115926479],[-79.45623984633916,-2.612146756200533],[-79.45605419280015,-2.61220036569823],[-79.45580070574518,-2.61227183882589],[-79.45566200863607,-2.612349860395555],[-79.4555949554399,-2.612220735640443],[-79.45540522275121,-2.611718002486539],[-79.45513458652664,-2.611219955415971],[-79.45469776188476,-2.610710841411135],[-79.45446456868385,-2.610439058474985],[-79.45455037642833,-2.610314735943199],[-79.45473603980656,-2.610252751064703],[-79.45489791607176,-2.610185951672658],[-79.4550979322727,-2.610061770146126],[-79.45515510621273,-2.610004412452847],[-79.45524519950936,-2.609990798808129],[-79.45531217090668,-2.609980678268642],[-79.45543125434195,-2.609885110858057],[-79.45553596833207,-2.609866097080488],[-79.45566911739097,-2.609942832876709],[-79.45575465044159,-2.610043438049937],[-79.45584016597778,-2.610158401190403],[-79.45591618204651,-2.610258994618779],[-79.45594939360917,-2.610340392124058],[-79.45604924939776,-2.610402729734313],[-79.45609196045248,-2.610498496959425],[-79.4561337786349,-2.610569867345995],[-79.4560632449493,-2.610632461258003],[-79.45591556274869,-2.610766278652805],[-79.45579169192649,-2.61088576833668],[-79.4557297239147,-2.610971834293697],[-79.45575810636686,-2.61111065416917],[-79.45584357516405,-2.611263902544094],[-79.45594810812727,-2.61139324539755],[-79.45605736410191,-2.611551309159588],[-79.4562237599743,-2.611680728425576],[-79.45635686833891,-2.611790964402729],[-79.4565186046571,-2.611839020484317],[-79.45669936425747,-2.611896672036032],[-79.45683260707585,-2.611896836549983],[-79.45691351570676,-2.611887365348973],[-79.45702297136935,-2.611882714476768],[-79.4571513909944,-2.611935516271178],[-79.45727509929833,-2.611950026062624],[-79.45737610266,-2.611894549213664]]]]}},{"type":"Feature","properties":{"OBJECTID":2119,"fcode":"EA010","descr":"PRODUCTO AGRICOLA, RESULTADO DE UN CONJUNTO DE TECNICAS Y CONOCIMIENTOS PARA CULTIVAR LA TIERRA","DPA_DESPRO":"AZUAY","DPA_DESCAN":"CUENCA","niv1":"TIERRA AGROPECUARIA","niv2":"CULTIVO","niv3":"CULTIVO PERMANENTE","niv4":"FRUTALES","niv5":"CACAO","cbt":"CACAO","tmp":"CULTIVO PERMANENTE","nal":"NO APLICABLE","uso":"AGRICOLA","tap":"MEDIANA","rie":"NO","spr":"MERCANTIL","sce":606.636801998,"usce":"HECTAREAS","txt":"EL CODIGO (fcode) Y LA DESCRIPCION (descr) CORRESPONDEN A LOS OBJETOS GEOGRAFICOS DEL ATRIBUTO niv2","simbologia":"CPuc: Cacao","label":"Cacao","SHAPE_Leng":32787.3337605,"SHAPE_Area":6066368.01998},"geometry":{"type":"MultiPolygon","coordinates":[[[[-79.4073762658675,-2.549595463915381],[-79.4076730870903,-2.550437980509346],[-79.4067968238516,-2.551030303899448],[-79.4075788154561,-2.551976446964287],[-79.40650538323024,-2.552692015533279],[-79.40527328868994,-2.553450499993099],[-79.40466162315491,-2.553841570526175],[-79.40553566980041,-2.555048629755178],[-79.40589664215729,-2.555585066746177],[-79.40637160320183,-2.556293928012392],[-79.40688460746301,-2.557021977732275],[-79.40709977521485,-2.557067341368],[-79.40726473242006,-2.557462727498757],[-79.40663627563946,-2.557749078232377],[-79.40723756146944,-2.559799376146989],[-79.40617611584564,-2.560466720965561],[-79.40580713406285,-2.56064884039152],[-79.40605652478979,-2.561002482031284],[-79.4066459470217,-2.561500920382656],[-79.40740648155102,-2.562152712906152],[-79.40744258499329,-2.563741575149774],[-79.40776563401243,-2.5641631120355],[-79.40829831256924,-2.564374344635032],[-79.40898333010014,-2.564528339561434],[-79.40917125169656,-2.566171510847172],[-79.40917163067262,-2.566174821291569],[-79.40911835151897,-2.566193149414438],[-79.40930823733589,-2.566719334883574],[-79.40914138256962,-2.56697037011708],[-79.4088677161122,-2.567017883027851],[-79.40872509779356,-2.566910029268957],[-79.40842783131625,-2.566801981077652],[-79.40790406721129,-2.567076496917053],[-79.40793117835057,-2.567310767195745],[-79.40795114779661,-2.567483331991059],[-79.4078318323876,-2.567770318709156],[-79.40768875489908,-2.568033347079822],[-79.40741486512943,-2.568260320054628],[-79.40726014364242,-2.568319946155631],[-79.4070936885022,-2.568247952873225],[-79.4069751140026,-2.567936740639807],[-79.40677328281079,-2.56761346028758],[-79.40651170495886,-2.567505456370816],[-79.40623811186497,-2.567493149636456],[-79.40588086261259,-2.56779180142634],[-79.40571412586523,-2.567947124507817],[-79.4053933353494,-2.567623694049225],[-79.40559580392936,-2.567432524404256],[-79.40568709110602,-2.567299858642512],[-79.4061096609591,-2.567026296143257],[-79.4060871279143,-2.567032366918566],[-79.40593493129494,-2.566974749151978],[-79.40625911819738,-2.566477454200802],[-79.4065260146336,-2.566133225637891],[-79.40665969980948,-2.565769688371546],[-79.40666024488989,-2.565329413777221],[-79.4064892269521,-2.565099491592433],[-79.40595614595149,-2.565213677967454],[-79.40578351662153,-2.566285434583023],[-79.40545982796188,-2.566380740196603],[-79.40526961134202,-2.5662847904068],[-79.40502241293983,-2.566093056946508],[-79.40479424750808,-2.565901346444627],[-79.40464257320208,-2.565422597978404],[-79.40422433398363,-2.565020084011862],[-79.40414867442182,-2.564637142245427],[-79.40417791425206,-2.564572659958814],[-79.40424410329736,-2.564426695813852],[-79.40460609506539,-2.564140013863925],[-79.40443503115749,-2.563948376003939],[-79.40401638897578,-2.563871281732006],[-79.40354067033378,-2.563774974083898],[-79.4030648578269,-2.563755234800852],[-79.40249378181755,-2.563811945330904],[-79.40196067925217,-2.563945272713606],[-79.40150375733114,-2.564040411177475],[-79.40095176281632,-2.56405885967759],[-79.40034245416663,-2.56424951823628],[-79.40034216878257,-2.564479225227455],[-79.400493984884,-2.564843119634474],[-79.40058865224427,-2.565245227414727],[-79.40060671059085,-2.566030085150918],[-79.39988346207907,-2.566010033978888],[-79.3992166949226,-2.566487752150731],[-79.39853082303573,-2.567022873287496],[-79.39740759359566,-2.567472361351057],[-79.3974808512699,-2.567624533298362],[-79.39742099885231,-2.567923555373233],[-79.39721835076246,-2.56825829044568],[-79.3973844615002,-2.568605453337244],[-79.3975984685538,-2.56870143505334],[-79.39790771812287,-2.5687377171325],[-79.39816929433847,-2.568845721617579],[-79.39830010483594,-2.568881778689104],[-79.39859765258115,-2.568762514261032],[-79.39875221083476,-2.568834492505268],[-79.39884710961033,-2.569049963453711],[-79.39910865716486,-2.569181896233915],[-79.39952501470104,-2.569182420758308],[-79.39995341795117,-2.569063320800266],[-79.40026280205,-2.568991926810352],[-79.40041756900119,-2.56889640964977],[-79.40053676679894,-2.568705136589929],[-79.40104872407912,-2.568358825872477],[-79.40119201081933,-2.567928303782515],[-79.40164420622477,-2.567809233718334],[-79.4020844008942,-2.567773894840182],[-79.40247702647493,-2.567726532234146],[-79.4028696827187,-2.567655241951156],[-79.40323845739114,-2.567655705171041],[-79.4035596480862,-2.567656108533297],[-79.40384066885423,-2.567656461382245],[-79.40386060041553,-2.567695333239321],[-79.40388189236512,-2.56779226860015],[-79.40389958947445,-2.567910734097172],[-79.40390832871657,-2.56801238803069],[-79.40390418488379,-2.568015460368711],[-79.40329744694685,-2.568050589767642],[-79.40314273957108,-2.568098251491463],[-79.40286919232193,-2.568050051762026],[-79.40254798587229,-2.568061612834039],[-79.40238127957245,-2.568193006766766],[-79.4023095462261,-2.568480051049943],[-79.40232111577049,-2.568743273376241],[-79.402273100422,-2.56909016727447],[-79.40252272233475,-2.569246013056192],[-79.40258196425948,-2.569437510828231],[-79.40254615698666,-2.569533176995796],[-79.40241501879129,-2.569760327624316],[-79.40239095941445,-2.569975648204929],[-79.40247534558077,-2.570155395607485],[-79.40208081881681,-2.5706548116233],[-79.401738285898,-2.570596953684338],[-79.40126700876085,-2.570754284318141],[-79.4007241771219,-2.571055092592039],[-79.40025248850411,-2.571542627317731],[-79.40022352677155,-2.571872795080617],[-79.40039456020281,-2.572088362165216],[-79.40047971018036,-2.572490458229812],[-79.40026522496301,-2.57277732199641],[-79.40019349122299,-2.573064366587412],[-79.40025023387884,-2.573351573180593],[-79.40037844186065,-2.573567085472575],[-79.40062081633312,-2.573811456071708],[-79.4009917023756,-2.574027274394293],[-79.40127717102749,-2.574056347720612],[-79.40157730847693,-2.573769591726618],[-79.40182034419463,-2.573482762729477],[-79.40186358100586,-2.573152611781442],[-79.4021920388045,-2.572965805730923],[-79.40218485718293,-2.573086018733426],[-79.40244643496509,-2.57319402311312],[-79.40289864668179,-2.573062989029313],[-79.4034936408727,-2.572908206820669],[-79.40381498172754,-2.572788971395816],[-79.40372021501746,-2.572465825267883],[-79.40356604356467,-2.572082783673051],[-79.40360222288825,-2.571688018636062],[-79.40378130157787,-2.571173793523198],[-79.40403180130694,-2.570623765768444],[-79.40422265817067,-2.570205266451827],[-79.4045329492178,-2.569404070098689],[-79.40474728439025,-2.56923684425223],[-79.40512810413694,-2.569117682513761],[-79.4054015786518,-2.569225700872016],[-79.40534166814872,-2.569572581367347],[-79.40528181695683,-2.569871605801487],[-79.4052933415103,-2.570170719833223],[-79.4054715142017,-2.570386294689752],[-79.4057569136185,-2.570470400520598],[-79.40595922048279,-2.570410834538561],[-79.40609046232225,-2.57009993577653],[-79.40623352567825,-2.5698488717319],[-79.40654289575677,-2.569789439902704],[-79.40678096418118,-2.569670098600545],[-79.40691167170414,-2.569789902441247],[-79.40683996947136,-2.570053020873968],[-79.40682786592821,-2.57022050084947],[-79.40685137566699,-2.570447846360044],[-79.40688678212202,-2.57067520679984],[-79.4071482863457,-2.570843030026936],[-79.40757636478371,-2.570987135441984],[-79.40787373564464,-2.571011435993047],[-79.40799308145432,-2.570700521870303],[-79.40771954681388,-2.570640358927786],[-79.40783883324664,-2.570377300915324],[-79.40819605472808,-2.570102576352681],[-79.40835104419492,-2.569827599118057],[-79.40861297842741,-2.569648467264051],[-79.40863708124212,-2.569397253594277],[-79.40860192708278,-2.568966505671803],[-79.40853097990619,-2.568619460589793],[-79.40867407312898,-2.568344468257546],[-79.40920924434428,-2.568464778244857],[-79.40972080263725,-2.568441490780899],[-79.41018473152639,-2.568454035013384],[-79.41038379960368,-2.568581787577758],[-79.41044623722765,-2.568621857554655],[-79.41071443365196,-2.568880993057068],[-79.41073140065478,-2.568897386885908],[-79.4108024807218,-2.569136756076794],[-79.41062350771043,-2.569567236529201],[-79.41051592619445,-2.569985841481642],[-79.41107061532117,-2.570437784322136],[-79.41053165106773,-2.570737201390308],[-79.41000353780663,-2.570679113129542],[-79.40970398967251,-2.57049209906776],[-79.40940404964117,-2.570620935280022],[-79.4090754702762,-2.570821518443833],[-79.40900377415207,-2.571079851352544],[-79.40917479288272,-2.571309773958412],[-79.40953140624174,-2.571525573255081],[-79.41001624865261,-2.571942527105534],[-79.41037289886563,-2.572129612851725],[-79.41092942106023,-2.572302591165311],[-79.41134318942704,-2.572475391523402],[-79.41172862159844,-2.57247587399567],[-79.41221367856059,-2.572720546449735],[-79.41238460936034,-2.573022253864718],[-79.41218436421015,-2.573337853560257],[-79.4116133179884,-2.573365852239196],[-79.41122790334879,-2.573351012803755],[-79.41117037569029,-2.573695503548897],[-79.41141266460727,-2.574011657198828],[-79.41138375848651,-2.574298757585336],[-79.41069809995356,-2.574656817916738],[-79.41069783305697,-2.574872170180911],[-79.41076894241797,-2.575087611022309],[-79.41078673018366,-2.575311709424495],[-79.41058063471975,-2.575369725522028],[-79.41024729198797,-2.575572696210245],[-79.41022315893095,-2.575847837633161],[-79.40997304460929,-2.576086804029377],[-79.40966356855574,-2.576229983395888],[-79.40967267764444,-2.576251817122082],[-79.40928374362552,-2.575545165777359],[-79.40908481554973,-2.57479836324424],[-79.40944194680107,-2.574597815636662],[-79.40971340873296,-2.574411518096921],[-79.40959952724383,-2.574152952466134],[-79.40917151853749,-2.573951420855593],[-79.40880048629121,-2.573850458030658],[-79.40828654160116,-2.573878526660283],[-79.40817205384758,-2.574108091166038],[-79.4081858658084,-2.574481385224435],[-79.40818559850827,-2.574696737225247],[-79.40797134525026,-2.574796965538299],[-79.40768603579663,-2.574638681991358],[-79.40750074305522,-2.574408741158743],[-79.40730096031946,-2.574351063213555],[-79.40711531109838,-2.574408257039425],[-79.40701524188233,-2.574522985360876],[-79.40681533435777,-2.574565804452958],[-79.40652984776257,-2.574551088953813],[-79.40630160391068,-2.57442159135213],[-79.40613058676482,-2.574191667528984],[-79.40568823273424,-2.574047544023846],[-79.40537405232443,-2.574147646212483],[-79.40511708074611,-2.574161679800266],[-79.4048030431868,-2.574146928072831],[-79.40450353088627,-2.573931200235495],[-79.40417536116385,-2.573801576739491],[-79.40397515118175,-2.574088459472246],[-79.40396053655407,-2.574361219904521],[-79.40406012351576,-2.574634123179843],[-79.40425958424609,-2.574950223295225],[-79.40473057779336,-2.575022599742962],[-79.4050158499083,-2.575209597213292],[-79.40518692126213,-2.575396450084392],[-79.40578657077323,-2.575325420694664],[-79.40580038181722,-2.57569871434615],[-79.40605681910478,-2.576115383449777],[-79.40617068175852,-2.576388304874667],[-79.40625592252123,-2.576718618210557],[-79.40665577306764,-2.576604267150708],[-79.40714122155585,-2.576533093798725],[-79.40745527790979,-2.576533488594291],[-79.40808344336652,-2.576491207735162],[-79.4085547594369,-2.576305160989325],[-79.40888296643762,-2.576406070535339],[-79.4091539833802,-2.576578692968133],[-79.40918221308095,-2.576837150249879],[-79.40909790935903,-2.577114484063828],[-79.40900837812731,-2.576958964920619],[-79.40874679838322,-2.576850960170813],[-79.40848492150458,-2.576982235019674],[-79.40847266891639,-2.577269355802432],[-79.40854370339179,-2.577544617422359],[-79.40844831136629,-2.577723956639287],[-79.40812699843265,-2.57781926512995],[-79.4078057747332,-2.577842788922919],[-79.40738942667548,-2.57783030155869],[-79.4070921585424,-2.577722251560358],[-79.40681856414625,-2.577709943587319],[-79.40646174137173,-2.577661638508007],[-79.40623553713228,-2.577804922239062],[-79.40622329882075,-2.578080077985376],[-79.40648483355658,-2.578223975548243],[-79.40681770094547,-2.57840385338027],[-79.40707919121846,-2.578583642278199],[-79.40725745395522,-2.578727435018191],[-79.40728103741723,-2.578894959863135],[-79.40700721945574,-2.579062111357115],[-79.4066145298798,-2.5791573293495],[-79.40616235897444,-2.579252471375193],[-79.40598376867533,-2.579371886312241],[-79.405983440899,-2.579635093205793],[-79.40618543662328,-2.5798267712263],[-79.40604238494116,-2.580065870738594],[-79.40583992812769,-2.580245075427396],[-79.40542356481299,-2.580244550722631],[-79.40514982101836,-2.580351881673749],[-79.40488788363196,-2.580531011112822],[-79.40478047552892,-2.580806046617948],[-79.40487533048271,-2.581057409602762],[-79.4051485980307,-2.58133292611524],[-79.40518392777044,-2.581620105464242],[-79.40518365922279,-2.581835457124895],[-79.40515934512162,-2.582254165744824],[-79.40520660144163,-2.582517432556453],[-79.40519222614142,-2.582532701747337],[-79.40502783084861,-2.582707320057706],[-79.40500409921397,-2.582732528126163],[-79.40474183174943,-2.583174864833579],[-79.40444421976174,-2.583341984041404],[-79.40430195960603,-2.582946993792293],[-79.40424294200254,-2.582576036257214],[-79.40398164616221,-2.582240714760462],[-79.40345866560808,-2.58188113620805],[-79.4030190930404,-2.58141398616833],[-79.40257925186711,-2.581162187561528],[-79.40229377554179,-2.581137899388089],[-79.40193681923324,-2.581197268205423],[-79.4015676671321,-2.581495899758872],[-79.40144828760074,-2.581830740041422],[-79.40135272969084,-2.582141681937931],[-79.40107886590737,-2.582344722489431],[-79.40093590283703,-2.582512037206817],[-79.40074507171732,-2.58290660571768],[-79.40068523200625,-2.583193665058602],[-79.40064909512883,-2.583552537917963],[-79.40074373932256,-2.583971395183276],[-79.40056486349808,-2.584318123535485],[-79.40010054168249,-2.584616634265792],[-79.40004050670672,-2.585059223979131],[-79.4000519380154,-2.585430120709593],[-79.40007534105021,-2.585741212867444],[-79.40032467961639,-2.586124374889832],[-79.40029677184843,-2.586232074041872],[-79.40073172029507,-2.586349793116852],[-79.40103182641847,-2.58609175165763],[-79.40101807249259,-2.585675389656389],[-79.40113283215487,-2.585230476065089],[-79.40160409774347,-2.585087504651428],[-79.40196071181143,-2.585303307638458],[-79.40216029670025,-2.585518910979577],[-79.40241680419156,-2.58587815446212],[-79.40267318605612,-2.586337894869546],[-79.4033155766834,-2.58633870766552],[-79.40351555698146,-2.586238463538113],[-79.40385850684547,-2.585966118491996],[-79.40413007994225,-2.585693683942798],[-79.40431614357048,-2.585306286433188],[-79.40424541266923,-2.58478935377637],[-79.4044741055866,-2.584559934064167],[-79.40490268781609,-2.584302053215605],[-79.40514606799375,-2.58374244680115],[-79.40533204119072,-2.583426833253936],[-79.40556885054855,-2.583145167479408],[-79.40557742712032,-2.583166327703095],[-79.40579131802056,-2.583358021095174],[-79.40612451433314,-2.583274693877607],[-79.40630337389797,-2.582939927485553],[-79.40653274491615,-2.582538914141298],[-79.40644648495432,-2.582652972973596],[-79.40620874150777,-2.582509104848373],[-79.40624483287436,-2.582186123095116],[-79.40638797356958,-2.581875240063332],[-79.4066263132272,-2.581540549316163],[-79.40682897894368,-2.581193848792671],[-79.40712682863752,-2.580835304226661],[-79.40737679569126,-2.580715979965234],[-79.40772196174017,-2.580572846021576],[-79.40798378001809,-2.580489427936279],[-79.40825747934076,-2.580417988541409],[-79.40850726775837,-2.580442230441847],[-79.40868564994774,-2.580490311022358],[-79.40884018077975,-2.580586216867586],[-79.40869709947306,-2.580849245440091],[-79.40841137010885,-2.581028345919843],[-79.40792356994474,-2.581075587242389],[-79.40772103849706,-2.581314612174275],[-79.40750656543847,-2.581589514328982],[-79.40756562890951,-2.581924579992993],[-79.40762466255923,-2.582283574164898],[-79.40775510257826,-2.582618729773135],[-79.4079331720333,-2.582918053964413],[-79.40824213172904,-2.583053960089185],[-79.40864708906886,-2.582799313077942],[-79.40859987666225,-2.582500153643533],[-79.40865977425477,-2.582165237593218],[-79.40892163764052,-2.582045927170436],[-79.4092783578737,-2.582177979905504],[-79.40969499042428,-2.581963152504227],[-79.40981448731,-2.581532598740811],[-79.4101479651067,-2.581221954005613],[-79.41048107110271,-2.581210407979006],[-79.41057591345283,-2.581473735968894],[-79.41075398381858,-2.581773060079711],[-79.41095600970243,-2.581940809454482],[-79.41120602173524,-2.581785591999444],[-79.41136102860385,-2.581498650203009],[-79.41157560430366,-2.581139999239678],[-79.41179001736526,-2.580912952885577],[-79.41181409146596,-2.580685666580055],[-79.41148143100926,-2.580338292204245],[-79.41144629176395,-2.579895579830155],[-79.41125620642148,-2.579691953272573],[-79.41104234321173,-2.57947633213116],[-79.4111974088984,-2.579141534930333],[-79.41132834024101,-2.579081879197653],[-79.41179264522978,-2.578795325248028],[-79.41191193285455,-2.578532266836547],[-79.41194803608666,-2.578197320112574],[-79.41204351686268,-2.577946195615305],[-79.41232926009891,-2.57775512973898],[-79.41266249983981,-2.577635907238786],[-79.41304418652561,-2.577508060700465],[-79.41304331440303,-2.577523922170904],[-79.41312620146829,-2.577835090542806],[-79.41355413547613,-2.578098835905303],[-79.41386322701193,-2.578266718839184],[-79.41387485621907,-2.578482086326813],[-79.41382684263289,-2.578828982338051],[-79.41375515385393,-2.579080136959896],[-79.41355249001947,-2.579426839981762],[-79.41333812288988,-2.579617995505745],[-79.41333763343395,-2.580012807260547],[-79.41346816444835,-2.580276180105447],[-79.41388402516313,-2.58068347785665],[-79.4143356482147,-2.58103100120819],[-79.41438284742176,-2.581342125069578],[-79.4141325981517,-2.581688767479575],[-79.41379922346646,-2.581915666071589],[-79.41334706615514,-2.581998847466162],[-79.41332291791103,-2.58228595308827],[-79.41352469204065,-2.582657091016396],[-79.4139174430259,-2.582514015907214],[-79.41445259242055,-2.582658255317163],[-79.41476211515862,-2.582479183014473],[-79.41475070865847,-2.582084356085225],[-79.41488215946514,-2.581605959454662],[-79.41512037919878,-2.581366977300163],[-79.41565557220079,-2.581475324464441],[-79.41611944876125,-2.581535725777021],[-79.41636971249082,-2.581177117870244],[-79.41652915063479,-2.581026864372305],[-79.41663747249233,-2.581099686639349],[-79.41676795994279,-2.581398951173109],[-79.41706518653328,-2.581542892383672],[-79.4173502202102,-2.581926098410006],[-79.41762343295325,-2.582249469418997],[-79.41859965957372,-2.581652488094655],[-79.41905172882416,-2.581641089507375],[-79.41941914985594,-2.582742242208448],[-79.41968086586441,-2.582742569460215],[-79.42025243083742,-2.582300613838333],[-79.42062125717857,-2.582265182114479],[-79.42103719485358,-2.582612659949437],[-79.42131095569941,-2.582493361160549],[-79.4212757541988,-2.582098502423122],[-79.42108571058625,-2.581858984558663],[-79.42062199599103,-2.581666980472736],[-79.42022958379987,-2.581534884810681],[-79.42030143359067,-2.581152124766918],[-79.42056332754538,-2.581008883388682],[-79.42102721915208,-2.581057319065664],[-79.42138382439855,-2.581285080891516],[-79.42164502361803,-2.581704149545295],[-79.4221800722748,-2.581932134976461],[-79.42244208363482,-2.581693180324379],[-79.42256137032031,-2.581430119729996],[-79.42293028525,-2.581322902931582],[-79.42325129071646,-2.581478835757939],[-79.42359604502035,-2.581670691683693],[-79.42390502199147,-2.581934286425965],[-79.42410712462237,-2.582042214426981],[-79.42434519641601,-2.581922871148268],[-79.42466657083598,-2.581779701954638],[-79.42497593131239,-2.581732230788353],[-79.42499787395417,-2.581666299686466],[-79.42499776602249,-2.564493201142494],[-79.42485790737219,-2.564493028085644],[-79.42455111144334,-2.564392150266399],[-79.42418030682661,-2.564104552885845],[-79.42400215595578,-2.563867443486658],[-79.4240311104649,-2.563537270308619],[-79.42400293769568,-2.563228562190458],[-79.42378168897663,-2.563213931505796],[-79.4235959697398,-2.563328557512882],[-79.42339582679006,-2.563565198558648],[-79.4232600272488,-2.563715777088396],[-79.42323844788929,-2.563852141073909],[-79.4230599193265,-2.563923704312279],[-79.42291721900489,-2.563880456960659],[-79.42280321068671,-2.563722390212912],[-79.42268201158956,-2.563607385160386],[-79.42249654815004,-2.563513835344287],[-79.42225384233627,-2.563535069496253],[-79.42198240233115,-2.563707016378858],[-79.42174834832947,-2.563967916213758],[-79.42172509582166,-2.563993835545794],[-79.4215888297313,-2.564524871247592],[-79.4215740050272,-2.564863019933391],[-79.4215668012637,-2.565027334838688],[-79.42148082423287,-2.565292830499248],[-79.42128791459267,-2.565450516593768],[-79.42104514686795,-2.565521999637804],[-79.42082388931172,-2.565514547082362],[-79.4205599735052,-2.56537065101121],[-79.42028175613916,-2.565248271988219],[-79.42015341138955,-2.565140435849193],[-79.41994651732338,-2.565061215882134],[-79.41978948913855,-2.565061020912658],[-79.41966085363883,-2.565190073681486],[-79.41954630821233,-2.565469890321166],[-79.41943880287707,-2.565828678748904],[-79.4194813816426,-2.566029727440366],[-79.41950977336182,-2.566158974297889],[-79.4195952483201,-2.566302649828792],[-79.41958079674174,-2.566446200304778],[-79.41939497192725,-2.56664696518616],[-79.41912351245958,-2.566833267621349],[-79.41903224155806,-2.566872909267885],[-79.41890926943253,-2.566926320283084],[-79.41872366418332,-2.566947625218845],[-79.41855230858673,-2.566990482645877],[-79.41836658067389,-2.567112285209359],[-79.41818082535056,-2.567255622487171],[-79.41808058093653,-2.567513921667876],[-79.41812300039788,-2.56784418250332],[-79.41824392521768,-2.568181719008548],[-79.41843638520022,-2.568390133048882],[-79.41852180700207,-2.56857687820045],[-79.41837130707765,-2.569072003050054],[-79.41822836912719,-2.56922257232246],[-79.4180569955323,-2.569279786292161],[-79.41794267781621,-2.569372962902165],[-79.41787818337045,-2.569581057087694],[-79.41784935887205,-2.569803552513924],[-79.41787767953518,-2.569990227488861],[-79.41794169670911,-2.570169768064448],[-79.41801286080482,-2.570342138682046],[-79.41813397107336,-2.570528928354204],[-79.4181406582633,-2.570895037262364],[-79.41807618040127,-2.571088774614804],[-79.41798317850774,-2.571260940708862],[-79.41789174022776,-2.571294530723766],[-79.41776895226991,-2.571339636758248],[-79.4175262276827,-2.571375225843338],[-79.41730490760168,-2.571418020424209],[-79.41707637070215,-2.571525412121819],[-79.41694795531573,-2.571475003557754],[-79.41706230782856,-2.571353112691013],[-79.41727659597169,-2.571224168427253],[-79.41753371076175,-2.57109527657466],[-79.41769087128124,-2.570987795775612],[-79.41770532342066,-2.570844245494076],[-79.41786250247947,-2.570722407838195],[-79.4178628031101,-2.570478342097212],[-79.4177845363349,-2.570277248066846],[-79.41767058189545,-2.570076110492427],[-79.41762808327341,-2.56981045576247],[-79.41769263966336,-2.569552112344878],[-79.4178213820002,-2.569336920233018],[-79.41792153935435,-2.569150405247108],[-79.4180643977858,-2.569064442123863],[-79.41823571833886,-2.569050298568649],[-79.41826438366746,-2.568957014382261],[-79.41837193422897,-2.568562334858965],[-79.41827932229461,-2.568418651264516],[-79.41812958205233,-2.568296431375462],[-79.41800139556061,-2.568059383657598],[-79.41791611516012,-2.567757783159351],[-79.41791656555988,-2.567391684068786],[-79.41792033871138,-2.567385112204392],[-79.41805247198114,-2.567154964981666],[-79.41834543220527,-2.566896905484165],[-79.418531821204,-2.566803468312992],[-79.41871681822579,-2.566710728443067],[-79.41888113367818,-2.566588899152627],[-79.41905980371203,-2.566402482337707],[-79.41925270481332,-2.566251974799487],[-79.41927465511628,-2.565814117971683],[-79.41939662082089,-2.565304600254211],[-79.41957545798702,-2.564981792949585],[-79.41979682105456,-2.564903104722558],[-79.42006804997762,-2.564903441451652],[-79.42032486368355,-2.565018615019644],[-79.4206314817136,-2.565263062935225],[-79.42095258646663,-2.565335245687896],[-79.42115964803602,-2.565278075196725],[-79.42129540394228,-2.565163388781273],[-79.42136697371647,-2.565005551247224],[-79.42139583224603,-2.564754341611174],[-79.42140611528622,-2.564622031630856],[-79.42141758878289,-2.564474409446679],[-79.42146069603623,-2.564244753199075],[-79.42155375812807,-2.564022336850704],[-79.42163252286679,-2.563870024810644],[-79.42165392213143,-2.563828642994489],[-79.42181118691244,-2.56363501988342],[-79.42201121659271,-2.563491698275848],[-79.4222398748818,-2.563283806650458],[-79.42253964630552,-2.563291356886161],[-79.42271087847234,-2.563348996436122],[-79.42287498230036,-2.563399449163258],[-79.4231105413069,-2.563385384002832],[-79.42331757626981,-2.563349747723789],[-79.42343190097685,-2.563249391169355],[-79.42358907855726,-2.563127551876843],[-79.42378189977737,-2.563041649292126],[-79.4239603140445,-2.563063404939045],[-79.4241315727118,-2.563099509490617],[-79.42416711191731,-2.563221587357892],[-79.42418831353228,-2.563393896099484],[-79.42420237797688,-2.563566196915978],[-79.4242306912871,-2.563760049325278],[-79.42428048814224,-2.563896501727057],[-79.42437309311595,-2.564047363989292],[-79.42451575757205,-2.564119324930336],[-79.42460133869217,-2.564176858348589],[-79.4247154966311,-2.564212892260915],[-79.42485112056958,-2.564205881182777],[-79.42497250440218,-2.564170139614177],[-79.42499776296171,-2.564166360750541],[-79.42499775461333,-2.563426865149674],[-79.42499773838637,-2.561947585430628],[-79.4243525208781,-2.562379038695552],[-79.42406128382092,-2.562573787259132],[-79.4237416256381,-2.56219230202654],[-79.42374112447658,-2.562183718935787],[-79.42322138119366,-2.561478250746851],[-79.42299060666686,-2.561165010802879],[-79.42238113998816,-2.560226035754392],[-79.421428641941,-2.558600329837706],[-79.42140454630665,-2.558559203689799],[-79.42176864183918,-2.558433438560654],[-79.42213255383743,-2.558307737266364],[-79.42304605931844,-2.558152042532054],[-79.42316158685075,-2.558132352466626],[-79.42336328743254,-2.557350263000991],[-79.42338586111707,-2.557114946716873],[-79.42013651232351,-2.556576843008751],[-79.41975090550704,-2.556512984991839],[-79.41860887174249,-2.554889423802211],[-79.41776447337519,-2.55547329975019],[-79.41581439185188,-2.556821735140313],[-79.41546829402714,-2.5573580832777],[-79.41399957220983,-2.558154174797273],[-79.41341403021296,-2.558471554743685],[-79.4133541652373,-2.558504003090431],[-79.4111456587749,-2.555276544171969],[-79.40935583655468,-2.552660933518353],[-79.4085588818723,-2.551345457866727],[-79.41102408189056,-2.549523308898443],[-79.41094886427288,-2.548776660832463],[-79.41073989671459,-2.548450980473083],[-79.41058826474541,-2.54793394718776],[-79.409972349372,-2.547858411015708],[-79.4099411080086,-2.547952285932256],[-79.40748374280575,-2.549633764434327],[-79.4073762658675,-2.549595463915381]],[[-79.41527784728373,-2.573318969787256],[-79.41550655296209,-2.573075189643905],[-79.41553568844242,-2.572601449370939],[-79.41555416220096,-2.572592734452046],[-79.41577851056812,-2.572486898030491],[-79.41604947478842,-2.572702589445579],[-79.41636014022752,-2.573002754842163],[-79.41639167463127,-2.573033223426318],[-79.41674827393932,-2.573263378544629],[-79.41721900482716,-2.573551103358543],[-79.41744712691991,-2.573781097219611],[-79.41761820015861,-2.573967949426319],[-79.41756084682092,-2.574087737253117],[-79.41744645384009,-2.574326656699395],[-79.41697460535292,-2.574943412954164],[-79.4165604799342,-2.575057750341459],[-79.41604693996491,-2.57475561473916],[-79.41557592553546,-2.574697598951421],[-79.4152761090877,-2.574725937870428],[-79.41510444990602,-2.575012860410212],[-79.4146328958284,-2.575040165051477],[-79.41464962788807,-2.57494411610129],[-79.41465001244973,-2.574633051824679],[-79.41445980824139,-2.574525138395109],[-79.41428123372003,-2.574632590665198],[-79.41413825904279,-2.574811872342934],[-79.41399531301646,-2.574967226312281],[-79.41379310938434,-2.574943044726965],[-79.41353145492542,-2.574894861926855],[-79.41338932297403,-2.574392195211178],[-79.4134969798428,-2.573913768730168],[-79.41359272583635,-2.573447291140249],[-79.41352167499363,-2.573183993986737],[-79.41331964829938,-2.573016244744443],[-79.41316684537051,-2.572807140757984],[-79.41330870886331,-2.572627381140211],[-79.41379394398687,-2.572728485418824],[-79.4141504358761,-2.573044780712729],[-79.41440710756574,-2.573274811319171],[-79.41470669294894,-2.573433110619568],[-79.41497783521984,-2.573505233494569],[-79.41527784728373,-2.573318969787256]]]]}},{"type":"Feature","properties":{"OBJECTID":2120,"fcode":"EA010","descr":"PRODUCTO AGRICOLA, RESULTADO DE UN CONJUNTO DE TECNICAS Y CONOCIMIENTOS PARA CULTIVAR LA TIERRA","DPA_DESPRO":"AZUAY","DPA_DESCAN":"CUENCA","niv1":"TIERRA AGROPECUARIA","niv2":"CULTIVO","niv3":"CULTIVO PERMANENTE","niv4":"FRUTALES","niv5":"CACAO","cbt":"CACAO","tmp":"CULTIVO PERMANENTE","nal":"NO APLICABLE","uso":"AGRICOLA","tap":"PEQUENA","rie":"SI","spr":"MERCANTIL","sce":1465.41187192,"usce":"HECTAREAS","txt":"EL CODIGO (fcode) Y LA DESCRIPCION (descr) CORRESPONDEN A LOS OBJETOS GEOGRAFICOS DEL ATRIBUTO niv2","simbologia":"CPuc: Cacao","label":"Cacao","SHAPE_Leng":59960.2144022,"SHAPE_Area":14654118.7192},"geometry":{"type":"MultiPolygon","coordinates":[[[[-79.39170250038319,-2.529293751203895],[-79.39177480413153,-2.529293841305996],[-79.39191753352979,-2.529308375815209],[-79.39212214260769,-2.529303844893535],[-79.39228879153065,-2.529213126691056],[-79.39238886799177,-2.529088827260934],[-79.39249843607763,-2.528983681244003],[-79.3927412233475,-2.528888271902334],[-79.3928889636717,-2.528697033366225],[-79.39235702133813,-2.527901967908184],[-79.39231912593398,-2.527763139074116],[-79.39234307067336,-2.52763874479338],[-79.39234317472113,-2.527554199339605],[-79.39234322968797,-2.527509534141017],[-79.39238619483034,-2.52739473433605],[-79.39257173521725,-2.527418892738738],[-79.39280000613962,-2.527519674374925],[-79.39313774492048,-2.527596662919344],[-79.39332800860282,-2.52764954135699],[-79.39358963361225,-2.527712079359439],[-79.39385121748866,-2.527808115570334],[-79.39398911779027,-2.527880070443582],[-79.39410806147569,-2.527889790089295],[-79.39422225843069,-2.527889932103581],[-79.39432701575474,-2.527827849811952],[-79.39435565323251,-2.527756102046467],[-79.39439747721339,-2.527612020265463],[-79.39449800086392,-2.527575023172018],[-79.39457694558216,-2.527727663824733],[-79.39474935069786,-2.527793679208024],[-79.39486816561916,-2.527907484766629],[-79.39496316866418,-2.528039205899087],[-79.3951177377028,-2.528099217677408],[-79.39529616276643,-2.528105420862518],[-79.39548654381173,-2.528063783875361],[-79.39562334198456,-2.528063953860674],[-79.39565415013841,-2.528115129970589],[-79.3950637587406,-2.528464049901748],[-79.39499813520456,-2.528625481185252],[-79.39520832704832,-2.528917661974727],[-79.39525355815708,-2.528894987174563],[-79.39570453844655,-2.529437278139556],[-79.39607902059929,-2.529936875198458],[-79.39624526480506,-2.530176360578022],[-79.39647083259314,-2.530541540521299],[-79.39665486075923,-2.530828903986466],[-79.39676766265073,-2.53099653863426],[-79.3968572958172,-2.531148180752429],[-79.39675231412896,-2.531205213840926],[-79.39608893046363,-2.531552017902772],[-79.39493090728074,-2.530090977987292],[-79.39418805849505,-2.530480086663948],[-79.3931989760433,-2.529177465515926],[-79.39249774662333,-2.529543591084582],[-79.39226918168593,-2.529682087989046],[-79.39195495627408,-2.52983004887341],[-79.3917502940579,-2.52987764871268],[-79.39154107973211,-2.52991245071676],[-79.39149329685863,-2.529920399222769],[-79.3913698550823,-2.529700108770043],[-79.3912892741424,-2.52965416921486],[-79.39095682566186,-2.529654170716781],[-79.38993171669323,-2.530636284578892],[-79.38925249033905,-2.529654176850053],[-79.38135968324782,-2.529654175013219],[-79.38138465686835,-2.529719723000255],[-79.3813841761307,-2.530107351032687],[-79.38142641213851,-2.530581172159151],[-79.38148302950258,-2.53096887185061],[-79.38156982800453,-2.531858038103938],[-79.38196749299934,-2.531672953374545],[-79.3819703009746,-2.531676002755523],[-79.38215281404047,-2.531874179055202],[-79.38228082217856,-2.53224761188908],[-79.38235173197806,-2.53262097309361],[-79.38236570372463,-2.532865052642628],[-79.38230817775677,-2.533209539464835],[-79.3822514144879,-2.533549459338896],[-79.38225065170204,-2.533554026263098],[-79.38209327376107,-2.533840960384107],[-79.38186448795643,-2.534156518813734],[-79.38179272265656,-2.534472274425044],[-79.38177791302061,-2.534902954255614],[-79.38167756264569,-2.535247386153637],[-79.38161980314723,-2.535778508939863],[-79.38157647961715,-2.536180438789529],[-79.38144172372975,-2.536450652377327],[-79.38115675112728,-2.53702208191555],[-79.381032686054,-2.537270857582032],[-79.38091809603193,-2.537586558991726],[-79.3806751047821,-2.537844671495388],[-79.38024668619556,-2.537987697787587],[-79.38018930165356,-2.538217331581679],[-79.38018903349077,-2.538432679830291],[-79.38030303482752,-2.538590746635147],[-79.38030297700995,-2.538637175041718],[-79.38030273088452,-2.538834807995903],[-79.38014515455768,-2.539279664114911],[-79.38004489219415,-2.53955231352798],[-79.37998752526813,-2.539767589787708],[-79.38016515774538,-2.5398124913252],[-79.38030560123842,-2.539711059961492],[-79.38057689115621,-2.539653975507367],[-79.38074825345136,-2.539601550924535],[-79.38091968039978,-2.539496485004757],[-79.38105298826136,-2.539434440770983],[-79.38118389129546,-2.539460092968519],[-79.38118121675011,-2.539630809449055],[-79.38115251160897,-2.539755196678904],[-79.38112381927164,-2.539870014073808],[-79.38107131228512,-2.540003942966633],[-79.38100934188485,-2.540094789289699],[-79.38093305508568,-2.540219117452797],[-79.38086153274936,-2.540338665778221],[-79.3807662613255,-2.540424685183834],[-79.3806108022963,-2.540455239017784],[-79.38052894336353,-2.54058659866005],[-79.38024309136274,-2.540873370679846],[-79.38012848242025,-2.54120342822279],[-79.3800566257736,-2.541590965018552],[-79.38011413286844,-2.542048050394507],[-79.37994354532157,-2.542099753068005],[-79.37987039255219,-2.542121924986174],[-79.37842809167803,-2.542565158643811],[-79.3778343350011,-2.542889575707229],[-79.37758074430164,-2.542870361549073],[-79.37738974488451,-2.543002071993781],[-79.37719975700445,-2.543133083697108],[-79.37717484354688,-2.544030338829177],[-79.37725778413846,-2.54429364745144],[-79.37786450342946,-2.544258522862636],[-79.37802254990613,-2.544244436659927],[-79.37842885470992,-2.544208222779204],[-79.378449143438,-2.544120977726132],[-79.37896283709016,-2.544048189964952],[-79.37892064111992,-2.544164390895871],[-79.37892333180947,-2.544164151025215],[-79.3789167702611,-2.544175050104792],[-79.37816042785468,-2.545431351515041],[-79.37799360575853,-2.545658453406629],[-79.37793387333186,-2.545861762526059],[-79.37792161786113,-2.546148879020811],[-79.37776655629855,-2.546483669374652],[-79.37776615213012,-2.546806691768871],[-79.37780580109411,-2.546793897470093],[-79.37713538524687,-2.54704516968726],[-79.3766118879227,-2.547116289409826],[-79.3761599898907,-2.54700804328554],[-79.3760946948758,-2.546884538609281],[-79.37593246780163,-2.546943150104807],[-79.37583717153699,-2.54704831093688],[-79.37567491156786,-2.547430946923593],[-79.37564595431567,-2.547756325685308],[-79.37570269324597,-2.5480435292928],[-79.37566198895264,-2.548241107753312],[-79.37556864634486,-2.548694190233192],[-79.37545418456217,-2.548904608192682],[-79.37527319081022,-2.549047943938313],[-79.3750634674725,-2.549334809417092],[-79.3747586876206,-2.549535414044362],[-79.37441582916705,-2.549745541810396],[-79.37395878490717,-2.549945952757386],[-79.3734062144672,-2.550433373402155],[-79.37312958671866,-2.550949858326641],[-79.37308149869627,-2.551351780630283],[-79.37289048271607,-2.551897086299719],[-79.37283298655662,-2.552212856541551],[-79.37294661864301,-2.55266283986896],[-79.37273673828251,-2.553074126883108],[-79.37255555087272,-2.553370598183093],[-79.37257414960239,-2.55371517912517],[-79.37237353190933,-2.554327469775418],[-79.37218253856997,-2.554853632552488],[-79.37224852690264,-2.55535141056003],[-79.37259065204503,-2.555725116748925],[-79.37288509803027,-2.55617532971038],[-79.3728084229652,-2.556605928402114],[-79.37278896861159,-2.557144100677594],[-79.37312747665389,-2.557258062118259],[-79.37355573948022,-2.557244251341672],[-79.37396938405044,-2.557503196659254],[-79.37463994014094,-2.557791182222626],[-79.3750104173827,-2.558322846567549],[-79.37505259104725,-2.558839736322605],[-79.37512340468588,-2.559284879920463],[-79.37505145184518,-2.559744198168009],[-79.37517967216861,-2.559945352994859],[-79.37527921623318,-2.560246967929077],[-79.37522452319539,-2.560587987742407],[-79.37508828170053,-2.560725276867518],[-79.37496669174692,-2.560926113303023],[-79.37481652489876,-2.561148448510777],[-79.37470212701332,-2.561306225356835],[-79.374559070773,-2.56155010388334],[-79.37445890239039,-2.561743789679268],[-79.37436595243102,-2.561872879837357],[-79.37426462855639,-2.561901855196763],[-79.37428338910802,-2.562374081760973],[-79.37445434932155,-2.562642289016079],[-79.37504379879097,-2.563102450978738],[-79.37613985938981,-2.563565933254049],[-79.37635390487698,-2.563656444852795],[-79.37637532730587,-2.56373583783568],[-79.37694516565315,-2.564655384968201],[-79.377334322265,-2.565216012554302],[-79.37734413997622,-2.565230156436867],[-79.37783900513361,-2.565230787361386],[-79.37846862129885,-2.564025637397326],[-79.37862156234664,-2.563489852884152],[-79.3793453314039,-2.563088789611613],[-79.37966843897232,-2.563452900638414],[-79.38016270122768,-2.563932082896013],[-79.38042854097924,-2.564430116982844],[-79.37966617458363,-2.565252257616049],[-79.38148735967192,-2.566809304268129],[-79.3816249176667,-2.56659470041487],[-79.38187235056931,-2.566595015235705],[-79.38221470977415,-2.5667868721375],[-79.38255752553802,-2.566615028274108],[-79.3826530535358,-2.566328018073136],[-79.38271051430037,-2.566040958537343],[-79.38292024179937,-2.565754093427673],[-79.38295000203856,-2.565751993365048],[-79.38324443333303,-2.565256808861661],[-79.38392963212232,-2.565257679229618],[-79.38440541727094,-2.565296568235708],[-79.38497639272343,-2.565316434559589],[-79.38554736925262,-2.565336301543851],[-79.38604254759957,-2.565088081519252],[-79.38649556239409,-2.564898919889159],[-79.38673953185932,-2.565236402029864],[-79.3872347971511,-2.565515882784299],[-79.38722199101618,-2.565587273424658],[-79.38675521982039,-2.568506313057915],[-79.3867995596369,-2.56853463491109],[-79.38663663524663,-2.569448067498184],[-79.38668423018757,-2.569434171955102],[-79.38717897912838,-2.569530510592132],[-79.38761650712259,-2.569722487851726],[-79.38795867654692,-2.570067481920101],[-79.38841545477524,-2.570087204035742],[-79.38841535872217,-2.570163772877546],[-79.38896708772658,-2.57035589483379],[-79.38927145533953,-2.570490276410256],[-79.38957601415329,-2.570471520182227],[-79.39001392481393,-2.570675461238862],[-79.3902801796155,-2.570529839486951],[-79.3909721329546,-2.570307591118774],[-79.39102248476593,-2.570530780195233],[-79.39147897622064,-2.570780207309024],[-79.39165025313315,-2.570799566759881],[-79.39201203337703,-2.57068517175276],[-79.39227850207502,-2.570685509149795],[-79.39258310925564,-2.570628468154569],[-79.39281576615588,-2.571030749878531],[-79.39324367835702,-2.571304067968943],[-79.39331371051112,-2.571371608026006],[-79.39357161122624,-2.571620330394601],[-79.3936424837385,-2.572022407486922],[-79.39367054886547,-2.572410073753952],[-79.39375576828944,-2.572754741496154],[-79.39376973792129,-2.572998823328475],[-79.39386930521796,-2.573286083525125],[-79.39418323205759,-2.573386977597393],[-79.39469699367767,-2.573502481205828],[-79.39505360335671,-2.573718282517155],[-79.39522429517056,-2.574206627131075],[-79.39559532307031,-2.574307593322571],[-79.395952346168,-2.574193191579062],[-79.39620962275484,-2.573935095867675],[-79.3964954665643,-2.573662679473053],[-79.39679503013417,-2.573835339243206],[-79.39718024470788,-2.574008106340342],[-79.3975657105372,-2.573979880072708],[-79.39766606697412,-2.57363544544026],[-79.39770939443633,-2.573233511977864],[-79.39780984027843,-2.572817293933235],[-79.39779601320339,-2.572458359228795],[-79.39728329044036,-2.571510168660084],[-79.3968981839148,-2.571251261180244],[-79.39682636020741,-2.571610088469937],[-79.39698297424069,-2.571940490896546],[-79.39706819563987,-2.572285158960933],[-79.39682530238026,-2.572457133243548],[-79.39655443362726,-2.57216965648371],[-79.3962552290618,-2.571709863789057],[-79.39608433925162,-2.571379443370768],[-79.3957135271573,-2.571106197994165],[-79.39528575745281,-2.5707180263426],[-79.39542884921013,-2.570445429460841],[-79.39581436741467,-2.570374133113137],[-79.39631399684225,-2.570374764114502],[-79.39699956197519,-2.570088495023783],[-79.39732814012926,-2.569887916048868],[-79.39727137997237,-2.569615066481838],[-79.39698630690081,-2.569270146363483],[-79.39657275906629,-2.568925063264727],[-79.39625906450755,-2.568637532897873],[-79.39588319349596,-2.568349371507478],[-79.39674079349943,-2.567728882903904],[-79.39716233521156,-2.567570506952933],[-79.39719781162235,-2.567557178028344],[-79.39719747982716,-2.567556443271194],[-79.39641958695736,-2.565833391332776],[-79.39550543297607,-2.566272511648249],[-79.39421381046373,-2.564146090675904],[-79.3936808991829,-2.564126275863327],[-79.39314805971671,-2.564049034293084],[-79.3925388248403,-2.564182260956851],[-79.39187251300194,-2.564296273549899],[-79.391719958773,-2.564525787204937],[-79.39166230871639,-2.564965985511634],[-79.39154760631544,-2.565367827580664],[-79.39114788114993,-2.565386464744638],[-79.39078655749651,-2.56513715908857],[-79.39052044915337,-2.564849688854515],[-79.3902164181723,-2.564447317574594],[-79.38949377293072,-2.563948706275897],[-79.38850554765474,-2.562741496518582],[-79.38883399344911,-2.562495799145329],[-79.38898145281345,-2.562684671995483],[-79.38936211919949,-2.562685153380305],[-79.3899522481913,-2.562609330393602],[-79.39052363060001,-2.562303777153296],[-79.39099970327285,-2.562112956281464],[-79.39175344266559,-2.5613673395498],[-79.39132436895005,-2.561232823156455],[-79.39082976574542,-2.561021634080679],[-79.3901638385559,-2.560829371050151],[-79.38982226656819,-2.560005824625526],[-79.39060365864671,-2.559183694852877],[-79.39022339906352,-2.558857797249049],[-79.38974737574173,-2.559010334530207],[-79.3894048491243,-2.558952475570553],[-79.38872137156578,-2.557573373375947],[-79.38853453923987,-2.557084392677726],[-79.38866503639329,-2.556960751261902],[-79.38956026687265,-2.556425898629023],[-79.38998408354809,-2.556031096027712],[-79.38989113313157,-2.55591151534159],[-79.38969147456649,-2.555758126468165],[-79.38940148060439,-2.555547196249792],[-79.38933914748738,-2.555410210985006],[-79.38933637456348,-2.555407140821286],[-79.39049487530669,-2.554838271999969],[-79.39097092069673,-2.554666591834606],[-79.39240310590833,-2.553930207356017],[-79.39243357706012,-2.553920312231293],[-79.39245646481156,-2.553902772087846],[-79.3913547522494,-2.552121157971191],[-79.39129945637747,-2.55215524865707],[-79.39525363578878,-2.549492503930178],[-79.39522654348147,-2.549446178622898],[-79.39539576308613,-2.549327202693285],[-79.39930319714847,-2.546579935043493],[-79.40179338266627,-2.549148115204126],[-79.4056040870305,-2.547114302948857],[-79.40607735077934,-2.54794748474463],[-79.40245853118734,-2.549972066317129],[-79.40348491103882,-2.55112188731828],[-79.40350469561879,-2.551106451044077],[-79.40399930549889,-2.550720539463885],[-79.40455131856126,-2.550682943419553],[-79.4050081176661,-2.550683512808555],[-79.40552225244431,-2.550492729855329],[-79.40632221693733,-2.550034309165622],[-79.40685566769824,-2.549613840402884],[-79.40716031793426,-2.549518508019812],[-79.4073762658675,-2.549595463915381],[-79.40748374280575,-2.549633764434327],[-79.4099411080086,-2.547952285932256],[-79.409972349372,-2.547858411015708],[-79.41005573123182,-2.547607865449818],[-79.40961810567825,-2.547492467218088],[-79.40914218003333,-2.547568446203087],[-79.40895224666518,-2.547242789583372],[-79.40902936568092,-2.546438904187399],[-79.40904863407853,-2.546247504146136],[-79.40909156340787,-2.545985681716405],[-79.40920118233235,-2.546017985044839],[-79.40969628172988,-2.545827175228304],[-79.41028689976079,-2.545349346986975],[-79.41064869655891,-2.545215798446799],[-79.41126064184915,-2.544706135011456],[-79.4113153761062,-2.54479549072926],[-79.41166547516154,-2.544912273537797],[-79.41163884885269,-2.544872461173027],[-79.4143245995862,-2.543191248575407],[-79.41299519480405,-2.540796800034339],[-79.41299303901897,-2.540774289522288],[-79.41288931566342,-2.540637183485624],[-79.41236669336134,-2.53994636151192],[-79.41231808480077,-2.539945024499368],[-79.41130009002775,-2.538310307312897],[-79.41127894892381,-2.538276359376247],[-79.41220112387725,-2.537643562680524],[-79.4130799534958,-2.537040508329404],[-79.41513082923733,-2.535633187573954],[-79.41521589489619,-2.535798679234309],[-79.41565291227423,-2.536411775522894],[-79.4158716074545,-2.536565184786858],[-79.4160571466796,-2.536594126816567],[-79.41634264987246,-2.536589692283505],[-79.41660921367804,-2.536508665232805],[-79.41673305205484,-2.53640831978709],[-79.41684742561375,-2.536264891279269],[-79.41688184330228,-2.536241483371223],[-79.41694185196728,-2.536200670736154],[-79.41694192063626,-2.536156029441435],[-79.41748463419631,-2.535936557492595],[-79.41784657857723,-2.535678579347497],[-79.41813225129543,-2.535535362015259],[-79.41844639235715,-2.535459177843525],[-79.4189795768941,-2.535249265047364],[-79.41916055520184,-2.535115489724474],[-79.41938917476175,-2.534933916369248],[-79.41957795110751,-2.53466657075762],[-79.41958932490783,-2.534685309664705],[-79.41974613044442,-2.534653252299989],[-79.4200081601778,-2.534599682464085],[-79.42036015828266,-2.534695826315202],[-79.42102022030275,-2.534382304191705],[-79.42102039429776,-2.534238734903415],[-79.42122334664484,-2.533640780522604],[-79.4215708201348,-2.532796047770456],[-79.42171728893632,-2.532810959323941],[-79.42171815639527,-2.532815642306834],[-79.4219251015409,-2.532872678368544],[-79.4222637599581,-2.532948803217848],[-79.4224517483076,-2.533119381342219],[-79.4225644817852,-2.533270939790039],[-79.42263962217767,-2.533384597110892],[-79.4227523098777,-2.53357401062828],[-79.42288404612486,-2.533574171890443],[-79.42245867022808,-2.532484181294851],[-79.42091481940984,-2.530376233179389],[-79.4209131104317,-2.530373667201025],[-79.42090926433592,-2.530368633296484],[-79.42090900308179,-2.530368291125173],[-79.42090938550533,-2.530368074544693],[-79.42100363320733,-2.529921099636537],[-79.42106120144376,-2.529533534840341],[-79.4212136187064,-2.528986565253515],[-79.42095318186989,-2.528957493157829],[-79.42075323602303,-2.529038604675634],[-79.42047246262996,-2.529066974820501],[-79.42024882905429,-2.529061915203918],[-79.42003949348167,-2.529037731182892],[-79.41982542922776,-2.528989612653202],[-79.4196256620895,-2.528922369737638],[-79.41945754350238,-2.52883192599932],[-79.41973084457888,-2.528509139651369],[-79.41976888753564,-2.528419610312857],[-79.41979944038654,-2.528347708799998],[-79.41988298274464,-2.528198870568101],[-79.41994990206675,-2.527698736169755],[-79.42004606339505,-2.526875726296038],[-79.42000834386175,-2.526588542173014],[-79.41983712745258,-2.526521334428099],[-79.41953256373627,-2.526549675600979],[-79.41926607740932,-2.526568491446498],[-79.41891396559859,-2.526568060588381],[-79.418514189886,-2.526634570498413],[-79.4181905350495,-2.526710744389863],[-79.41788601694606,-2.52670079967107],[-79.41786288787853,-2.524600904263016],[-79.41876607625635,-2.52473450450023],[-79.41965831311911,-2.524866484676491],[-79.42111397247574,-2.525174543253492],[-79.42228346675613,-2.525405613242637],[-79.42414627007506,-2.525773665571319],[-79.4274351850399,-2.526423481946774],[-79.42759910136475,-2.526324399472922],[-79.42764001250356,-2.526299670367198],[-79.4282870533826,-2.525908555948689],[-79.42828729369735,-2.519595114226202],[-79.42828734210516,-2.518269328649818],[-79.42828735049198,-2.518038777885926],[-79.42802662375824,-2.518263595303714],[-79.42682703850726,-2.519297962268459],[-79.42609965612408,-2.519839520947538],[-79.42565036259857,-2.520109020264578],[-79.42462676789378,-2.520588810594313],[-79.42432878563706,-2.520653562765267],[-79.42392911268205,-2.520636435989012],[-79.42354175181862,-2.520550411059802],[-79.42285502555448,-2.520632596104659],[-79.42271809398069,-2.520619135093902],[-79.42228593347606,-2.520474994734616],[-79.42217115632843,-2.520507864402405],[-79.42213694024498,-2.520548786144636],[-79.4221215090725,-2.52058615398999],[-79.42206678279096,-2.520655778042769],[-79.42202748858304,-2.520688032440868],[-79.42192511986582,-2.520742943114726],[-79.42184350037431,-2.520773759524229],[-79.42177138860039,-2.520775796002852],[-79.42162863171376,-2.52078280089267],[-79.42148227222485,-2.52081851420121],[-79.42128236973916,-2.520864930536844],[-79.42120740770505,-2.520880991178602],[-79.42106816999375,-2.520929275703486],[-79.42100389521222,-2.520961500492392],[-79.42090576085269,-2.520990257328228],[-79.42075162404662,-2.521030584177121],[-79.42065642684437,-2.521056788822523],[-79.42054101917608,-2.521073397866567],[-79.42044347967617,-2.521069689437212],[-79.4203400150905,-2.521046831898099],[-79.42033763581942,-2.521046828995369],[-79.42028652026501,-2.521016856438074],[-79.4202427070005,-2.520963846755501],[-79.42022504459324,-2.520933601196466],[-79.42021901031738,-2.520900605168578],[-79.42023377366897,-2.520860062232987],[-79.42024300538203,-2.520849904771144],[-79.42027673615978,-2.520833405917818],[-79.42032125309181,-2.520821884302594],[-79.4203938495358,-2.520794455625817],[-79.4204569427804,-2.520756247029016],[-79.42047480949351,-2.520737126946913],[-79.4204974634235,-2.520693485309947],[-79.42050225153855,-2.520668964661007],[-79.42049275537381,-2.520651605471162],[-79.42045824507501,-2.520628517342097],[-79.4204332291418,-2.520622789304655],[-79.42038870077366,-2.520625157795878],[-79.42035717119745,-2.520630503045471],[-79.42028818605455,-2.520622044439364],[-79.4202560684269,-2.520621406568271],[-79.42018948005112,-2.520599191812421],[-79.42015500840587,-2.520577614022756],[-79.42007776255855,-2.520515307346641],[-79.41997910040826,-2.52045536659837],[-79.41988281410922,-2.520399018186667],[-79.4198355921871,-2.520346617516612],[-79.4197307656124,-2.520219969336211],[-79.41969613181833,-2.520182997183106],[-79.41966318237102,-2.520159318592228],[-79.419646090506,-2.520152568330826],[-79.41958511962265,-2.520143632933858],[-79.4195194072708,-2.520154833847457],[-79.41947026302483,-2.520170156286095],[-79.4194215084317,-2.520195664196808],[-79.41936327691678,-2.520222908683689],[-79.41928911716965,-2.52023887253005],[-79.41924599449872,-2.520240314822353],[-79.41916917667385,-2.520262287657911],[-79.41912602283283,-2.520288072793718],[-79.41908867127832,-2.520330435752554],[-79.41905994607237,-2.520388142805632],[-79.4190465155328,-2.520428505557405],[-79.41902863040849,-2.520462880473474],[-79.4189882173138,-2.520505796777705],[-79.41891707635737,-2.520532770438111],[-79.4188679566516,-2.520531477814903],[-79.41883525208463,-2.520523960568194],[-79.41874311543646,-2.520478982362333],[-79.41861822639436,-2.520466865983422],[-79.41846355408295,-2.520490604883696],[-79.41830886461928,-2.520529299276403],[-79.4181393196308,-2.520556011614485],[-79.41799354385373,-2.520600698336187],[-79.4178685889299,-2.52064241972792],[-79.41778229575091,-2.520684189244696],[-79.4177421259597,-2.520702085535749],[-79.41767962004012,-2.520746874849678],[-79.41765728301307,-2.520773766968076],[-79.41761625247472,-2.520802261391226],[-79.41758133109636,-2.520819568108715],[-79.41754791370866,-2.520823033505136],[-79.41749366813094,-2.520815441064431],[-79.41743914018673,-2.520819029879315],[-79.4174067989554,-2.520827111575501],[-79.41739254018096,-2.520834003518087],[-79.41735679969,-2.520872102447888],[-79.41734637164137,-2.520888541054947],[-79.41733408030126,-2.520896924894513],[-79.41730140452904,-2.520905783029363],[-79.41721400927531,-2.520907820459983],[-79.41709801590174,-2.520916651804753],[-79.41705042602905,-2.520922575114678],[-79.41696706044048,-2.520919848723944],[-79.41686607706602,-2.520895431239119],[-79.4167932289471,-2.52088487321413],[-79.41667092558504,-2.520849370141794],[-79.41662146944287,-2.520824424191637],[-79.41653615123175,-2.520748467862845],[-79.41649458185537,-2.520694579140488],[-79.41643817506196,-2.520613752878655],[-79.41640937287413,-2.520576628652188],[-79.41633537684521,-2.520510015624923],[-79.41629018300647,-2.520480525919071],[-79.41622332422905,-2.520463471899035],[-79.41605232651952,-2.520478087159547],[-79.41595596300134,-2.520485147260572],[-79.41580968192403,-2.520456254679769],[-79.41562412833291,-2.52044167086816],[-79.41547064437883,-2.520466608213569],[-79.41529928301324,-2.520520236403134],[-79.41515293686062,-2.520545181530904],[-79.41498874713034,-2.520570105704121],[-79.41482056019488,-2.520587099090991],[-79.41469789531484,-2.520573338221054],[-79.41456409199718,-2.520555229076597],[-79.41444273069033,-2.520576615269646],[-79.41437489921367,-2.520598067896129],[-79.41428561706302,-2.520651796409136],[-79.41423028585696,-2.52066608547061],[-79.41409646646026,-2.520660537903621],[-79.414017980073,-2.520640701277245],[-79.41394483916525,-2.520626254886436],[-79.41381866852626,-2.520619062576106],[-79.41368966592944,-2.520636709721803],[-79.41356307150942,-2.520660930021775],[-79.41348264355479,-2.520668759162798],[-79.41336130836615,-2.520668610506628],[-79.41313098010488,-2.520628423141431],[-79.4116775003701,-2.520628333335843],[-79.40904882894351,-2.519938370529876],[-79.40899460392271,-2.520993598174606],[-79.40899203720048,-2.521043546662995],[-79.40896487272916,-2.521227759362654],[-79.40898467560315,-2.521227783697955],[-79.4090915876878,-2.521349948152063],[-79.40907661530684,-2.521924201828525],[-79.40907624893504,-2.522225694645383],[-79.40906878836094,-2.522491286339201],[-79.40904262324932,-2.522788265402798],[-79.40902632058575,-2.522785548543728],[-79.40729595077796,-2.522424499663062],[-79.40635791664567,-2.522239061910098],[-79.40638617881814,-2.521640934836794],[-79.40537283540965,-2.521510476153958],[-79.40521593689553,-2.5214097847064],[-79.40547317734605,-2.521166036746979],[-79.40572297501483,-2.521173522287786],[-79.40607996392919,-2.521073464512697],[-79.40630855105645,-2.520915821531469],[-79.40635877381625,-2.520700531032721],[-79.40635182034663,-2.520549776038596],[-79.40621640309823,-2.520391685035711],[-79.40615240264127,-2.520197789574764],[-79.40626686154879,-2.519982579018459],[-79.40643810548745,-2.520025859982959],[-79.40658056359422,-2.520262922262103],[-79.4067446174593,-2.520349264659779],[-79.40691597407181,-2.520299226318968],[-79.40712300897245,-2.520256410661005],[-79.40720167695468,-2.520127296509021],[-79.40720191256531,-2.519933479998682],[-79.40713069651751,-2.519804181533833],[-79.40703798956446,-2.519739461640615],[-79.40696668627446,-2.519681946900874],[-79.40698115286658,-2.519524040274424],[-79.40704368016182,-2.519412063844391],[-79.40105011027413,-2.517838866597922],[-79.40101977212997,-2.518990934767074],[-79.40101975797916,-2.51899147827028],[-79.39819357381236,-2.518837242029381],[-79.39786656117909,-2.518816280800229],[-79.39785101008705,-2.518815283962403],[-79.39778032389452,-2.518425612235225],[-79.39756359476324,-2.517230848828172],[-79.39756388603219,-2.517230903449655],[-79.39756181020844,-2.517221013527263],[-79.39749566454311,-2.516905880243083],[-79.39749210132022,-2.516904945254852],[-79.39473123365158,-2.520576469102244],[-79.39436819650845,-2.521059248941641],[-79.39170249975825,-2.524604166388953],[-79.39170250038319,-2.529293751203895]],[[-79.41079842155582,-2.533701153887891],[-79.41071347924017,-2.53374847760437],[-79.41033492517897,-2.53397054118754],[-79.40998498195188,-2.534142391605852],[-79.4097422656873,-2.534177983482345],[-79.40942093334948,-2.5342996198074],[-79.40916388095245,-2.534385443015231],[-79.40914218190699,-2.534399045882505],[-79.40887816588506,-2.534564550232189],[-79.40880664285181,-2.534686494905506],[-79.40881303760489,-2.534696363989013],[-79.40858576013855,-2.534377550898629],[-79.40814277586628,-2.534757458343601],[-79.40764965360526,-2.535280872036807],[-79.40742835873846,-2.535309311863818],[-79.40727820080639,-2.535531656413605],[-79.40719227106341,-2.53576125831479],[-79.40717157580102,-2.53593632372047],[-79.40716342289885,-2.536005288495163],[-79.4072630742614,-2.536227942095477],[-79.40752706198207,-2.536307231415398],[-79.4077770120064,-2.536192685620565],[-79.40809811750702,-2.536257688729482],[-79.40820494991267,-2.536444458874646],[-79.4084116103857,-2.536710316101465],[-79.40854699338537,-2.536897121583806],[-79.40856104876362,-2.537076599076652],[-79.40828245227476,-2.537270071304107],[-79.40798986192695,-2.537233816900492],[-79.40771888541227,-2.537032486826366],[-79.40756924533915,-2.536831306009518],[-79.4074409301375,-2.536701936323148],[-79.40714127247196,-2.536608246024618],[-79.40694855336922,-2.536615186299261],[-79.40683419678827,-2.536744255573211],[-79.40672696834832,-2.536880512480751],[-79.40664115254206,-2.537016795881722],[-79.40650535685795,-2.537167374122375],[-79.4065265234046,-2.537368394953623],[-79.40674747578872,-2.537619912360382],[-79.40678177223556,-2.53765958944427],[-79.40638345003059,-2.537633818191669],[-79.4060478939034,-2.537712365041856],[-79.40579791717487,-2.537848444860821],[-79.40548365143529,-2.538027514245861],[-79.40516925273022,-2.538314260304617],[-79.4049119355354,-2.538615433754046],[-79.40491588034754,-2.538622755840474],[-79.40483339810886,-2.538636870993686],[-79.40461216450286,-2.538615061855793],[-79.40445514950588,-2.538607688209965],[-79.4042196587589,-2.538571504578939],[-79.40396270344472,-2.538578363587416],[-79.4038413231089,-2.538614105223195],[-79.4036699285472,-2.538692854062446],[-79.40351995454246,-2.538764452450669],[-79.40331289013007,-2.538828800190501],[-79.40312015340253,-2.538850096381321],[-79.40288459228496,-2.538871338439355],[-79.40272744605069,-2.538971641247435],[-79.40245595939899,-2.539186654874343],[-79.40227034289101,-2.539222316471197],[-79.40212752342609,-2.539279565869381],[-79.40197062413706,-2.539178873755035],[-79.40181364548035,-2.539142786347967],[-79.40159025786704,-2.539169110386952],[-79.40141749001779,-2.53889615040159],[-79.40141425916842,-2.538891046695947],[-79.40141442112991,-2.538890960983073],[-79.40122150929649,-2.538564718191657],[-79.40121482594475,-2.538553415325366],[-79.40121427244596,-2.538553814364457],[-79.400942604742,-2.538144496821498],[-79.40097284434262,-2.537992004112863],[-79.40103011402002,-2.537853293990445],[-79.4011539225492,-2.537776878418122],[-79.40125392333232,-2.537714789955578],[-79.40130641088014,-2.537595215542744],[-79.40140172363674,-2.537475694339565],[-79.4014969943236,-2.53738967238756],[-79.40155423450256,-2.537274889722534],[-79.4015544696203,-2.53708346673358],[-79.4014688856494,-2.537030718484838],[-79.40135938725966,-2.537078438481677],[-79.40123558968091,-2.537145283292046],[-79.4011071285121,-2.53713555190567],[-79.4010406416753,-2.537030186364886],[-79.40110742247279,-2.536896272995242],[-79.4012979411006,-2.536743371657966],[-79.40158358336431,-2.536624086838757],[-79.40171391851045,-2.536624248722545],[-79.40174550538272,-2.536509434153776],[-79.40178840606502,-2.536447274654994],[-79.4018884302065,-2.536366043483966],[-79.40195038182031,-2.536289550901582],[-79.40165748060136,-2.535809527891024],[-79.40227093498609,-2.534863845039766],[-79.40241372947199,-2.534825736982902],[-79.40251382880976,-2.53468229385383],[-79.4025712279942,-2.53443829971897],[-79.40262428584373,-2.534339489018325],[-79.40263799574882,-2.534313957821419],[-79.40278543139227,-2.534371567587684],[-79.4028423719913,-2.534500848794573],[-79.40284698386371,-2.534620494257405],[-79.4028325741582,-2.534730545275962],[-79.40283242746537,-2.534850184836476],[-79.40358255506551,-2.536219792781654],[-79.4037682151816,-2.536148239357164],[-79.40398727140129,-2.536004943599762],[-79.40444907008003,-2.535804520797989],[-79.40444911406209,-2.535804585062204],[-79.4047129482882,-2.536188453761278],[-79.4047150626679,-2.536188894093149],[-79.4048931197151,-2.536497786193379],[-79.40508541642606,-2.536835408563155],[-79.40527776597752,-2.537129960782644],[-79.40549148336612,-2.537460431841733],[-79.40558414689896,-2.537561043954119],[-79.40569114682167,-2.537611425656642],[-79.40584829282453,-2.537511122234549],[-79.40567019150649,-2.537238123221859],[-79.40587030343688,-2.537023018981153],[-79.40611320363753,-2.536836682083494],[-79.40634895804185,-2.536657514172303],[-79.40627780375857,-2.536477966140938],[-79.40637795582472,-2.536291452317852],[-79.40667796468203,-2.536098007053525],[-79.40695644665476,-2.535997853518894],[-79.40702678071027,-2.535977737095666],[-79.40674537676462,-2.535555779375492],[-79.40665856443367,-2.535425606476986],[-79.40643410035122,-2.53512742525804],[-79.40642726680807,-2.535131524416192],[-79.40608515584752,-2.534629883341164],[-79.40585690515972,-2.534295196528838],[-79.40543317072068,-2.53359359952665],[-79.40540129786736,-2.533542768380589],[-79.40540005168076,-2.533541949294751],[-79.40534353603202,-2.533550852429781],[-79.40528418947174,-2.533443102896117],[-79.40530216489088,-2.533335449062919],[-79.40542410978462,-2.533323636169235],[-79.40552520809318,-2.533335725085211],[-79.40571549461163,-2.533371852875341],[-79.40579699596896,-2.533430116882198],[-79.40591152148347,-2.533475748010814],[-79.4060649319666,-2.533511830144377],[-79.406336055947,-2.533591128145142],[-79.40654293959219,-2.533673935169358],[-79.4067177048193,-2.53375670336014],[-79.406824752894,-2.533767603088989],[-79.40691760079427,-2.53371746878714],[-79.40700689732063,-2.533652974224936],[-79.40713186277505,-2.533602879608367],[-79.40723181689194,-2.533577879069375],[-79.40734253039923,-2.533509820621747],[-79.40744611483345,-2.533434575415107],[-79.40752824718057,-2.533391606629784],[-79.40764952619845,-2.533438416232987],[-79.40772234289075,-2.533459437709482],[-79.40772819576318,-2.533309302546643],[-79.40770691030956,-2.533205189454376],[-79.40764994714633,-2.533093853442447],[-79.40762973123708,-2.533063024944847],[-79.40775584942931,-2.53306886018142],[-79.40784623907918,-2.533083328630237],[-79.40794140977344,-2.533078660320587],[-79.4080889394387,-2.53305970081915],[-79.40818878778045,-2.533122037134259],[-79.40828378901746,-2.533256150412844],[-79.40860753237875,-2.533108196650729],[-79.40911792522056,-2.532918353341669],[-79.4092355499173,-2.532874601615109],[-79.4092359070636,-2.532874467305725],[-79.40947276160327,-2.532770683615214],[-79.40959179340128,-2.532708618394083],[-79.4097203257005,-2.532660920754088],[-79.4098203133741,-2.532608401982972],[-79.40990125692795,-2.53256543149644],[-79.41003778023908,-2.532466258205213],[-79.41003936873435,-2.532465104387038],[-79.41003235989996,-2.532455902878119],[-79.40970976778841,-2.532032374615708],[-79.40978294359357,-2.532037673113896],[-79.40987572917713,-2.532037787562047],[-79.40995076825016,-2.53195891735548],[-79.41004003832818,-2.531915957100764],[-79.41015779669394,-2.531923281165011],[-79.41024352848021,-2.531855191474518],[-79.410364868898,-2.531851751666067],[-79.41050416675391,-2.53175501532047],[-79.41063279720265,-2.531625962798056],[-79.41070051468847,-2.531697830210692],[-79.41082897546185,-2.531708755914623],[-79.4109789432692,-2.531640746217524],[-79.41109683721778,-2.53153680453954],[-79.41116837377348,-2.531404092137204],[-79.41117214289672,-2.531238993222087],[-79.41098316805157,-2.531102370420736],[-79.41117617080556,-2.530862131264392],[-79.41122268641803,-2.530761691017395],[-79.41113357378302,-2.530675440497617],[-79.4109294406645,-2.530472796722491],[-79.41090188834289,-2.530445445540465],[-79.41085921266509,-2.530323360707021],[-79.41074856946892,-2.53033399177363],[-79.41063786597272,-2.530394871966806],[-79.41052003775695,-2.530444975096131],[-79.41042717702743,-2.530505877243936],[-79.41033788083382,-2.530570373194935],[-79.41027954088506,-2.530591712126336],[-79.41029739646889,-2.530602626297411],[-79.41021152048452,-2.530789158669655],[-79.40986868906323,-2.5309825530832],[-79.40966864896947,-2.531140231029337],[-79.40942580294839,-2.531283500240925],[-79.40920636844805,-2.53137146474446],[-79.40910446275913,-2.531412314852191],[-79.40881173337242,-2.531490916387613],[-79.40875466279357,-2.531497732691834],[-79.40863327214076,-2.531512230864422],[-79.4085692367125,-2.531347048483955],[-79.40851942349725,-2.531224954886137],[-79.40834813518798,-2.531217564651194],[-79.40814829738758,-2.531210139154347],[-79.40801282695,-2.531095117767205],[-79.40784889464658,-2.530908277401186],[-79.40769190746772,-2.530879370062334],[-79.40743495238077,-2.530886230739929],[-79.4071493076045,-2.531007910948988],[-79.40656387508668,-2.531476774555541],[-79.40634612864633,-2.531189968080674],[-79.40581036142127,-2.531552823434786],[-79.40565726082596,-2.531278846556705],[-79.406607304842,-2.53064832152771],[-79.40737172316233,-2.530060637288665],[-79.40737907121502,-2.529888365170591],[-79.40700827771498,-2.529600771269907],[-79.4069587274495,-2.529263325720441],[-79.40687349080709,-2.528925835233989],[-79.40670942744383,-2.528846670993887],[-79.40701681599458,-2.528452238026782],[-79.40702868125788,-2.528460041946384],[-79.40729047182549,-2.528632216555729],[-79.40737770581634,-2.528550166400183],[-79.40761566947678,-2.528508586117689],[-79.40781191109653,-2.528538738171785],[-79.40815686914004,-2.528551127399176],[-79.40832940741555,-2.528509466294791],[-79.40851997796875,-2.528312294917625],[-79.40875216842217,-2.528127139501525],[-79.40892483693413,-2.527977802151085],[-79.40908560267242,-2.527834431551284],[-79.40924048666186,-2.527637216872048],[-79.40944892971002,-2.527416139533936],[-79.40954999141775,-2.527458137859676],[-79.41005286388071,-2.527763685191859],[-79.40986485241137,-2.528253534142299],[-79.40962637864145,-2.528713854808232],[-79.40943313589585,-2.528929270478499],[-79.40956413443166,-2.529051186444865],[-79.40989932899984,-2.529266952092539],[-79.41004901318374,-2.529432239978752],[-79.41004886353211,-2.529555104025249],[-79.41024396847854,-2.529522185874967],[-79.41055335731893,-2.529438819202747],[-79.41077360884603,-2.529289540187895],[-79.41096409207307,-2.529164152136699],[-79.41120857212222,-2.528655982999001],[-79.41142853963795,-2.52874000152247],[-79.41158910169204,-2.528764126795319],[-79.41169032373472,-2.52867452114513],[-79.41173947418584,-2.528677991075083],[-79.41173978251902,-2.528424485247515],[-79.41170041398816,-2.528209202438842],[-79.41169279778444,-2.527954100610422],[-79.41190705403244,-2.527747100813003],[-79.41210527417392,-2.527691543416124],[-79.41221610385088,-2.527803282892763],[-79.41235850266523,-2.528026664399805],[-79.41253511179819,-2.528272744148472],[-79.41261866444665,-2.528280850512183],[-79.41272573281377,-2.528275000672548],[-79.41283888660126,-2.528155499442366],[-79.4129402539203,-2.527946253445308],[-79.41307134669248,-2.527749007802252],[-79.41320837126968,-2.527563734167841],[-79.41326209842867,-2.527402284968037],[-79.41331593363275,-2.527151106520195],[-79.41335775709776,-2.526995625959258],[-79.413482908726,-2.526792391398308],[-79.41359607679681,-2.526660925229734],[-79.4136438047973,-2.52654134435479],[-79.41372131546431,-2.526385906654453],[-79.41381667611188,-2.526224509372278],[-79.41392975061615,-2.526170810353247],[-79.41401313591156,-2.526075200013354],[-79.4142451659595,-2.526021646942731],[-79.41431665576246,-2.525926021965599],[-79.41448336186298,-2.525788639825826],[-79.41462031431116,-2.525663185912713],[-79.41463229682546,-2.525591416525342],[-79.41459672559803,-2.525495660176703],[-79.41447789249143,-2.525393820220936],[-79.41433529750347,-2.525268022489044],[-79.41410933822408,-2.525219889844369],[-79.41401402128781,-2.525345394788945],[-79.41385346663765,-2.525315287681933],[-79.41358583658898,-2.525297013010062],[-79.41343716292393,-2.525278885203472],[-79.41327063112615,-2.525272698412795],[-79.41312188489151,-2.525314389759727],[-79.4130148612186,-2.525284348279438],[-79.41291381297573,-2.525230386422608],[-79.41278897474474,-2.525176394448561],[-79.41267605376304,-2.525104471775954],[-79.41252582443356,-2.525158315905856],[-79.4125162980113,-2.524416344648101],[-79.4124262126672,-2.524397353610142],[-79.41245642720266,-2.524249372300107],[-79.41249230317321,-2.524093884465735],[-79.4125400446274,-2.523962338892235],[-79.41255801888947,-2.523854684479313],[-79.41255815679742,-2.523741026699365],[-79.41257023368068,-2.523591491111291],[-79.41262387334466,-2.523501826690524],[-79.41374783473768,-2.523646773597389],[-79.41400351738406,-2.523706907337079],[-79.41425913572758,-2.523820879696466],[-79.41432529861606,-2.523844582862168],[-79.41444343765296,-2.523886907344211],[-79.41453433088886,-2.523893757204783],[-79.41453385842405,-2.523894818351772],[-79.41472405147678,-2.524008710463015],[-79.41525548748223,-2.523997483825575],[-79.41525924352257,-2.523997404321975],[-79.41524858588036,-2.524060798222359],[-79.41519851518717,-2.524150467224651],[-79.4151841274008,-2.524243769383185],[-79.41521608486238,-2.524376609372816],[-79.41517315630527,-2.524462697686811],[-79.41522657759114,-2.524552493522338],[-79.41522648191169,-2.524631456375547],[-79.41521566735764,-2.524721173480092],[-79.4152012751919,-2.524818064156537],[-79.41518688736849,-2.524911366309643],[-79.4151404072619,-2.524983093434872],[-79.41511890860892,-2.525054851182191],[-79.4151438195683,-2.525112309005678],[-79.41519373374156,-2.525151852135526],[-79.41524366877054,-2.525173448133573],[-79.41525426239586,-2.525266780913124],[-79.4152387391317,-2.525362830043812],[-79.41523628389037,-2.525378024011665],[-79.41523666503335,-2.52537812034184],[-79.41520924998194,-2.52558015932701],[-79.41522095691005,-2.52573570666546],[-79.41522065232223,-2.525986951115294],[-79.41511936539337,-2.526130395102221],[-79.41508347497287,-2.526297847920382],[-79.41516660726684,-2.526411607977527],[-79.41521393527736,-2.526621036863515],[-79.41527320318866,-2.526794588802473],[-79.41545753549534,-2.526836688901498],[-79.41604032795604,-2.526915169230489],[-79.41601602934074,-2.527333881263383],[-79.41599199901219,-2.527531258831768],[-79.41599775771566,-2.527686798028491],[-79.41583705751908,-2.527776331290506],[-79.4155516120419,-2.527734107098381],[-79.41534944409027,-2.527686002659801],[-79.41522456915278,-2.527661921689159],[-79.41510553265265,-2.527727578225841],[-79.41508155206448,-2.527883080858798],[-79.41508133430037,-2.528062541291283],[-79.41508099310562,-2.528343695786948],[-79.4150688580263,-2.528541087837917],[-79.41506440312173,-2.528624284998937],[-79.41506277187716,-2.528654738445292],[-79.41506352436787,-2.528654853319359],[-79.41504410848897,-2.529330684325483],[-79.41482997135878,-2.529342385187646],[-79.41462172432607,-2.529401949603358],[-79.4145382442311,-2.529575325312944],[-79.41447214180172,-2.530131571363085],[-79.41456116321267,-2.530293196069642],[-79.41456098877951,-2.53043676401226],[-79.41460063171569,-2.530501994034641],[-79.4144709870317,-2.530592784097772],[-79.41431621186105,-2.530700270400706],[-79.41424719295671,-2.5307053268731],[-79.41415560570333,-2.530712036811268],[-79.41412003551407,-2.530616280391615],[-79.41414403010086,-2.530448814044085],[-79.41413827908875,-2.530287291700076],[-79.41381736412357,-2.530065562627164],[-79.41366276445089,-2.530029480978635],[-79.41354967497298,-2.530095143591007],[-79.41339489350618,-2.530208612145621],[-79.41326394666166,-2.530286216607291],[-79.41308551875548,-2.53028001566205],[-79.41291308999261,-2.53023194723204],[-79.41281201240238,-2.530201912799623],[-79.41268108738954,-2.530261571882404],[-79.41260957525687,-2.530375141833778],[-79.41260941515804,-2.530506745806761],[-79.41262713513596,-2.53060846260761],[-79.41271030992225,-2.530686330447627],[-79.41282329031274,-2.530710398082647],[-79.41290058241175,-2.530734420893733],[-79.41304932936356,-2.530692729971829],[-79.41327539843097,-2.530651134144695],[-79.41338839251061,-2.530663236991812],[-79.4134477181694,-2.530788932710632],[-79.41337024416602,-2.530914459248883],[-79.41324520087149,-2.531027963392964],[-79.4130845219757,-2.531099550625902],[-79.41291797492765,-2.531105327155189],[-79.41271546477795,-2.531338376195922],[-79.4126915718521,-2.531422095554257],[-79.41269734443954,-2.531565670684988],[-79.41268531060688,-2.531679313814641],[-79.4125424316462,-2.531786814373941],[-79.4125065548935,-2.531942302965961],[-79.41257981207887,-2.532200679942046],[-79.41221398116612,-2.532400786873751],[-79.41197097651843,-2.532673266666337],[-79.41172079108114,-2.532981629938522],[-79.41144210840451,-2.533246887573869],[-79.4111207149859,-2.533418773716605],[-79.41097060159863,-2.533605226868161],[-79.41079842155582,-2.533701153887891]],[[-79.41562757040731,-2.530359132244227],[-79.41585360706482,-2.530332494064876],[-79.41606181440585,-2.530305830331948],[-79.41615396311359,-2.530341835987429],[-79.41621637531875,-2.530374813485803],[-79.4162371309848,-2.53042568610205],[-79.41623703659586,-2.530503452511016],[-79.4162012547474,-2.530581175102653],[-79.4161387445077,-2.530628953835688],[-79.41607622700069,-2.530682715845926],[-79.41607018438408,-2.530760474039706],[-79.4161444712303,-2.530811413298705],[-79.41621578716175,-2.530859356358324],[-79.41629013847826,-2.530856456913331],[-79.41636751517983,-2.530811687171718],[-79.41647163842751,-2.530781904874663],[-79.4165192686086,-2.530743080082081],[-79.41650745294824,-2.530677262915351],[-79.41647181630512,-2.530635345157322],[-79.41646298245878,-2.530563550168194],[-79.41650168260469,-2.530530695893442],[-79.416561168365,-2.530524787429739],[-79.41664439888496,-2.530557790474241],[-79.41670382658009,-2.530599737431954],[-79.41673348598707,-2.530665576505161],[-79.41674529440192,-2.530737375153367],[-79.41678090928175,-2.530797239149257],[-79.4168046495172,-2.530839142305183],[-79.41682838975363,-2.530881045461626],[-79.41686406634066,-2.530890062386145],[-79.41690571927703,-2.530875158893838],[-79.41699196341436,-2.530875264748292],[-79.41708412946619,-2.530896314875442],[-79.41714361162983,-2.530893397132536],[-79.41721501109605,-2.530872546838451],[-79.41726859584762,-2.530827747826733],[-79.4172954086283,-2.530788897446556],[-79.41734300252192,-2.53077998271187],[-79.41737726552286,-2.530770508997549],[-79.41738696290625,-2.530824303635854],[-79.41740525836231,-2.531569692276401],[-79.41730035016833,-2.531618610980105],[-79.41719090346554,-2.531623261641425],[-79.4170956512074,-2.53156820529306],[-79.41709908065305,-2.531554220747503],[-79.41704349542599,-2.531541725597611],[-79.41696259927745,-2.531546412196682],[-79.4169006659201,-2.531608548494384],[-79.41690055555212,-2.531699475261072],[-79.41676247789022,-2.53177108987309],[-79.41662439530847,-2.531847490365993],[-79.41649107620195,-2.531919110773456],[-79.416494288184,-2.532556611272811],[-79.41569045770363,-2.532927892508921],[-79.41568054681396,-2.532935188513032],[-79.41563378959111,-2.532969608205352],[-79.41562757040731,-2.530359132244227]],[[-79.39251309928864,-2.523799538212288],[-79.3930609606937,-2.523255861243355],[-79.39356573353832,-2.52389655779954],[-79.39414917161066,-2.523442652830364],[-79.3945294751384,-2.523730259333355],[-79.39540989904424,-2.524793320461245],[-79.39520621134926,-2.524966938588882],[-79.39515253542665,-2.524915461021592],[-79.3950514236479,-2.524915335500787],[-79.39483721665019,-2.52498685295061],[-79.39452780104007,-2.525094144255351],[-79.3942361985999,-2.525225385070482],[-79.39402786622739,-2.525356729243889],[-79.39382545810143,-2.525506026783997],[-79.39366464088708,-2.525691267179395],[-79.3934326712064,-2.525696961165683],[-79.39341509238143,-2.525481589284273],[-79.39340937302714,-2.525296141043087],[-79.39339404348489,-2.525116266167985],[-79.39338591954822,-2.525020942262033],[-79.3933802662987,-2.524781656824675],[-79.39336875953472,-2.524464598449806],[-79.39321422132612,-2.524380659346725],[-79.39302398891707,-2.524302657297372],[-79.39291112805505,-2.524182877859364],[-79.3927685734506,-2.524027170312943],[-79.39257240038827,-2.52394317854435],[-79.39251309928864,-2.523799538212288]],[[-79.39200151946618,-2.533688397759825],[-79.39197692345024,-2.53370401604295],[-79.3913207148751,-2.534120703652419],[-79.39045281961361,-2.534754407512541],[-79.39044559977303,-2.534759679021449],[-79.38960005192077,-2.535536275214111],[-79.39004673868735,-2.536189424924369],[-79.39043619161936,-2.536596424389452],[-79.39044236616603,-2.536665685856654],[-79.39045027102767,-2.536754365099245],[-79.39032882918393,-2.536840353962296],[-79.39012178358377,-2.536890342737371],[-79.38983628093445,-2.536897164271488],[-79.38970056438116,-2.536983134272418],[-79.38948623887053,-2.537147967816573],[-79.38932914623676,-2.537205197712516],[-79.39062119605792,-2.539010818790576],[-79.39064015608805,-2.539037314823958],[-79.390638442601,-2.53903846030636],[-79.39139052083988,-2.540243871695815],[-79.39176904227787,-2.540879862774164],[-79.39067905801747,-2.541561008723662],[-79.39062549359366,-2.54159448234727],[-79.39062898945537,-2.541599014836501],[-79.39050447822608,-2.541693525846513],[-79.39035749918352,-2.541548181729554],[-79.39025649753358,-2.541458325899037],[-79.39009606214437,-2.541332504425295],[-79.39001884404878,-2.541248659812443],[-79.38994761861714,-2.54112893156211],[-79.3899120647519,-2.541021212646047],[-79.38996749289561,-2.540987241275856],[-79.3900192072316,-2.540955545127047],[-79.3902036410107,-2.540913902785619],[-79.39029884355685,-2.540884112327865],[-79.39040602306798,-2.540788535052162],[-79.39047158932506,-2.540674960499307],[-79.39058716985299,-2.540579505853005],[-79.39043867485164,-2.540357875718214],[-79.39001843139462,-2.53966105076891],[-79.38953376581675,-2.539114890424107],[-79.38908460021061,-2.538719519750659],[-79.38862125891919,-2.538245169401072],[-79.3878982814222,-2.537703033396554],[-79.38789629463672,-2.537705586612285],[-79.38786805702074,-2.537680369472414],[-79.38664863738902,-2.536591382147064],[-79.38731726317161,-2.53438662685313],[-79.38865352404814,-2.536205068573547],[-79.38876666505061,-2.536097535011441],[-79.38892746999144,-2.535924260219879],[-79.38953826110117,-2.535441798607307],[-79.38882737724953,-2.534354876584504],[-79.3896814951105,-2.533792959127312],[-79.38971312922885,-2.533772146947805],[-79.38932175585232,-2.533129002121829],[-79.3907811465959,-2.53201239501414],[-79.39082070521543,-2.532013451844596],[-79.3908415288676,-2.532026423690732],[-79.39123936440362,-2.532566491569473],[-79.39264904995177,-2.531553711358792],[-79.39217853009202,-2.530846624292153],[-79.39216460762343,-2.53082570183274],[-79.39226946551354,-2.53068226504328],[-79.39242196475423,-2.530491032671292],[-79.39260294247478,-2.530357262383875],[-79.39279336556041,-2.530280931371577],[-79.39337880465442,-2.531027232399711],[-79.39337738002753,-2.531028211852332],[-79.39435948998246,-2.532372982681494],[-79.39437970726956,-2.53240306056618],[-79.39307543846691,-2.533056909476091],[-79.39201834396209,-2.533677713892486],[-79.39201179900257,-2.533681870284718],[-79.39200151946618,-2.533688397759825]],[[-79.3910331464446,-2.538686067450941],[-79.39044175794035,-2.53786699671882],[-79.39052051698998,-2.537666102234087],[-79.39060645818947,-2.53742932464553],[-79.39074958778505,-2.53712083532629],[-79.39073550836365,-2.536962893690448],[-79.39072138455496,-2.536840844975627],[-79.39064608184461,-2.536723481182431],[-79.39093574455966,-2.536647297837614],[-79.39113556454657,-2.536669082199971],[-79.39120118741285,-2.536809785263522],[-79.39124946044126,-2.536913288566123],[-79.39132055887343,-2.537135906008153],[-79.39144169908,-2.537293980644484],[-79.39158432190207,-2.537394655534344],[-79.39161277371343,-2.537473653152627],[-79.39171954166756,-2.537710671884561],[-79.3918976122217,-2.538005206404135],[-79.39208301494074,-2.538141826893744],[-79.3923040960847,-2.538285669861511],[-79.39244663037839,-2.538458128855909],[-79.39262486971357,-2.538616274927382],[-79.39283161419993,-2.538810348739013],[-79.39290274834076,-2.539004253046843],[-79.39286684017195,-2.539183666887328],[-79.39278093446264,-2.539391731531849],[-79.39253096641234,-2.53952062890558],[-79.39228855242804,-2.539312153736143],[-79.39219604137112,-2.539089509393847],[-79.39201777637003,-2.538952897755588],[-79.39176800285021,-2.538923872033514],[-79.39164655274311,-2.539017038808853],[-79.39156788150045,-2.539146150263443],[-79.3913547923648,-2.539298247730592],[-79.39132507709543,-2.539253521794843],[-79.39133243691302,-2.53907407241304],[-79.3910331464446,-2.538686067450941]],[[-79.39892503520907,-2.534302464722162],[-79.39889670923489,-2.534120577306532],[-79.39870670866986,-2.533852348713477],[-79.39849749848717,-2.533727663290772],[-79.39847875928272,-2.533488361920617],[-79.39863116459122,-2.533373696815446],[-79.39891668233987,-2.533354909957735],[-79.39913582109516,-2.53314461659376],[-79.39907896820289,-2.532943551161982],[-79.39888893233824,-2.532704036044335],[-79.39879385350514,-2.532547123715251],[-79.39878446246047,-2.532531625799044],[-79.39879412057992,-2.532416784156617],[-79.39912723252704,-2.532388484496702],[-79.39933664245396,-2.532350459395659],[-79.39957467228567,-2.532255043848471],[-79.39974436387298,-2.532153995157327],[-79.39995953891513,-2.532454209484101],[-79.39985963871472,-2.53268609989323],[-79.39974518165026,-2.532896523494529],[-79.39964028861431,-2.533068673773791],[-79.39959238953314,-2.533327035981705],[-79.39972537373897,-2.53352819510684],[-79.39975367637437,-2.533729224221434],[-79.39962018673502,-2.533939624096444],[-79.39952485672706,-2.534073501922653],[-79.39941978710527,-2.534389219877892],[-79.39914370291444,-2.534475017001788],[-79.39892503520907,-2.534302464722162]],[[-79.38410416010105,-2.543620148979985],[-79.38431939845339,-2.542723131077049],[-79.38441535516762,-2.542471669918894],[-79.38458137118198,-2.542452721000864],[-79.38534813389673,-2.54343009403178],[-79.38573348982733,-2.543921296329672],[-79.38718520349856,-2.54356420538232],[-79.38741783991156,-2.543704985525026],[-79.38754180546863,-2.54378000373891],[-79.38758915046031,-2.543971485180872],[-79.38716062464336,-2.54419826053427],[-79.38679175548174,-2.544281543580321],[-79.38636322955735,-2.544508318511303],[-79.38597042062888,-2.544711209853931],[-79.38583922540926,-2.544986213304065],[-79.38583882348722,-2.545309237904514],[-79.3858384661817,-2.545596369675482],[-79.38570730141562,-2.545847445689866],[-79.38562737580851,-2.545837600653545],[-79.38531480477467,-2.545799096721346],[-79.38504153292527,-2.545535546928237],[-79.3845178856338,-2.545726309013859],[-79.38425583884774,-2.546001148058963],[-79.38385098391767,-2.546323661673171],[-79.38314885772843,-2.546550089777527],[-79.38345947177949,-2.545485698845789],[-79.383331788411,-2.54513579137616],[-79.38329349917542,-2.5450308626603],[-79.38357920338578,-2.544863728540673],[-79.38410416010105,-2.543620148979985]],[[-79.37798750456858,-2.55403812367795],[-79.37804157236492,-2.554436069149585],[-79.37804099583221,-2.554895479043626],[-79.37837899633392,-2.555287040355185],[-79.37637133452822,-2.555566944704318],[-79.37638950178898,-2.556256083611017],[-79.3761071031297,-2.556923198264256],[-79.37603999428175,-2.556902857293753],[-79.37581201172483,-2.556572366005815],[-79.37565544026293,-2.556213252514533],[-79.37542729536432,-2.556011970807778],[-79.37521355262547,-2.555710210788417],[-79.37507122000581,-2.555379828570075],[-79.37441436139345,-2.555551272092924],[-79.37427190258725,-2.555321385454178],[-79.37438703991076,-2.554574990726598],[-79.37444487920986,-2.553986445743642],[-79.37474481265882,-2.553857618399226],[-79.3750306337045,-2.553599563308029],[-79.37498811522258,-2.553355448209531],[-79.37477424638544,-2.553154184008484],[-79.3745320256778,-2.552794962855209],[-79.37404722459078,-2.552363649819989],[-79.37417620337767,-2.551961830134823],[-79.37447613531714,-2.551833001659105],[-79.3751900546662,-2.551690343323659],[-79.37528629690853,-2.55165511456951],[-79.37538042569902,-2.551870096507625],[-79.37563292406628,-2.552184605123693],[-79.37561393140174,-2.552445821141256],[-79.3760236077404,-2.553583355864049],[-79.37626636657274,-2.553594762412645],[-79.37647575969554,-2.553571101099146],[-79.37676132823309,-2.553514037570017],[-79.37714696438262,-2.553342247710088],[-79.37749444975304,-2.553237407090454],[-79.37767537230086,-2.553151497372708],[-79.37786113052906,-2.553003381718379],[-79.3779994027443,-2.552778637186033],[-79.37811855155402,-2.552625652032362],[-79.37841373822222,-2.552487245725517],[-79.37874210103014,-2.552454163102005],[-79.37906081482657,-2.552526350810563],[-79.37936533186588,-2.552536307489342],[-79.37969850732838,-2.552460161013063],[-79.37997936528625,-2.552364805762635],[-79.38019375675194,-2.552149728769751],[-79.38019876695284,-2.551948743139318],[-79.38006572106846,-2.551800223141763],[-79.37982792728735,-2.551704210939254],[-79.37962813431768,-2.551660888191072],[-79.37930940170133,-2.551603058183428],[-79.3789526162937,-2.551535608255068],[-79.37861000891579,-2.551544745736837],[-79.37822449332509,-2.551620825689632],[-79.37792937291131,-2.551706590852789],[-79.37782970751343,-2.551500686915705],[-79.37776822183098,-2.551203906264756],[-79.37772192364625,-2.550902066957738],[-79.37793187488991,-2.550846784318792],[-79.37843172613351,-2.55066078255998],[-79.37917417726914,-2.550532514013244],[-79.37963113232867,-2.550403882630472],[-79.37983146409617,-2.550016508009227],[-79.37967496269492,-2.549599968593229],[-79.3807760844444,-2.549102493539439],[-79.38077587906234,-2.549099188780655],[-79.38086834889083,-2.54921226459042],[-79.38107747337087,-2.549403950320336],[-79.38129637730604,-2.549385085576836],[-79.38148196121305,-2.549375748521476],[-79.38171028661948,-2.549433463438171],[-79.38191968038554,-2.54940980073654],[-79.38209584976205,-2.549319098021337],[-79.3822078013042,-2.549332532538036],[-79.38176894033,-2.550400629439588],[-79.38166118278282,-2.550724395734517],[-79.3812244029692,-2.552036738957713],[-79.38107638737289,-2.552481461686425],[-79.38100468395308,-2.552744575096967],[-79.38047682336136,-2.5533023343456],[-79.38035571393894,-2.553146910202681],[-79.37984192824814,-2.553060119839544],[-79.37919954370273,-2.553073662243808],[-79.37869983521786,-2.553144811480661],[-79.3785424516357,-2.553431743952575],[-79.37848493838239,-2.553761872723692],[-79.37798499558915,-2.554019656383392],[-79.37798750456858,-2.55403812367795]],[[-79.38021290320106,-2.558060298725783],[-79.38066965139922,-2.558099163203904],[-79.38082153290094,-2.55840562978654],[-79.38051656896394,-2.558749801341213],[-79.38135268519291,-2.559822821673549],[-79.38156226597008,-2.559650808746199],[-79.38215186343658,-2.559996115716266],[-79.38220836356673,-2.560474741348346],[-79.38298718087425,-2.560858899716672],[-79.38285414877922,-2.561547520640751],[-79.38156075254753,-2.56085676206177],[-79.3800586188435,-2.559668042030412],[-79.37924076916475,-2.559207592027648],[-79.37911882441445,-2.558934129758301],[-79.37906995183101,-2.55882453275624],[-79.37928022955342,-2.558097399279635],[-79.37937515544058,-2.558288940975348],[-79.37977482812268,-2.558308590022501],[-79.38021290320106,-2.558060298725783]]]]}}]}