{"type":"FeatureCollection","name":"InventarioVial_GADPA_Opt","crs":{"type":"name","properties":{"name":"urn:ogc:def:crs:OGC:1.3:CRS84"}},"features":[{"type":"Feature","properties":{"provincia":"AZUAY","canton":"CUENCA","parroquia":"MOLLETURO","desde":"INICIO VIA PUNTI PIEDRA","hasta":"FIN DE TRAMO","estado_sup":"MALO","Suelo":"RURAL","ancho_via":5.0,"ancho_supe":3.6,"long_km":2.10096860918,"cod__via":"P019-2921","categoria":"VECINAL","cod__tramo":"P019-2921-1","identidad":null,"conexion":"OTROS","limituso":"Actualizado abril 2021","name":"2 jul. 2020 10:10:28","importanci":"CONDUCE A PROYECTOS PRODUCTIVOS","cond__clim":"LLUVIOSO","tipo_terre":"MONTANOSO","uso_derech":"AGRICOLA","f__carrile":"1 CARRIL BIDIRECCIONAL","puentes":0.0,"alcantaril":4.0,"reservas":"NO","curvas":15.0,"anio":"2020:GPA-GAD PARROQUIALES","levan_orig":"GPA-Planificacion (Jorge Cardenas)","responsabl":"GPA-Planificacion (Jorge Cardenas)","ninguna2":null,"conservaci":"NINGUNA","dist_merc":0.0,"destino":null,"riesgos_po":null,"alt_i":0.0,"alt_f":0.0,"velocidad":0.0,"visibilida":0.0,"intersecci":0.0,"shi_contin":0.0,"shi_cont_1":0.0,"shi_segmen":0.0,"shi_segm_1":0.0,"ninguna":null,"shc_contin":0.0,"shc_cont_1":0.0,"shc_segmen":0.0,"shc_segm_1":0.0,"ninguna1":null,"shd_contin":0.0,"shd_cont_1":0.0,"shd_segmen":0.0,"shd_segm_1":0.0,"sv_regulat":0.0,"sv_informa":0.0,"ES_SEGMENT":0,"sv_prevent":0.0,"long_i":676144.7494,"long_f":677743.0344,"lat_f":9696090.2975,"lat_i":9696403.4901,"sectproduc":null,"producto":null,"lado":null,"estado":null,"tipo":null,"situacvia":null,"calzada_m":0.0,"derecho_m":0.0,"observacio":null,"begin_":null,"end_":null,"Shape__Len":2100.96860918,"id":699.0,"id_FID_ini":960,"id_0":955,"solic_dere":null,"tipo_via":"9","tipo_sup":"TIERRA"},"geometry":{"type":"LineString","coordinates":[[-79.41542693792385,-2.745655945653009,0.0],[-79.41534981137443,-2.745717733014428,0.0],[-79.41529998328538,-2.745865946551747,0.0]]}},{"type":"Feature","properties":{"provincia":"AZUAY","canton":"CUENCA","parroquia":"MOLLETURO","desde":"ENTRADA A OSO LOMA","hasta":"RAMAL","estado_sup":"MALO","Suelo":"RURAL","ancho_via":5.0,"ancho_supe":2.5,"long_km":1.22159460683,"cod__via":"P019-2920","categoria":"VECINAL","cod__tramo":"P019-2920-1","identidad":null,"conexion":"OTROS","limituso":"Actualizado abril 2021","name":"30 jul. 2020 12:44:23","importanci":"CONDUCE A PROYECTOS PRODUCTIVOS","cond__clim":"SECO","tipo_terre":"MONTANOSO","uso_derech":"AGRICOLA","f__carrile":"1 CARRIL BIDIRECCIONAL","puentes":0.0,"alcantaril":4.0,"reservas":"SI","curvas":7.0,"anio":"2020:GPA-GAD PARROQUIALES","levan_orig":"GPA-Planificacion (Rene Chacho)","responsabl":"GPA-Planificacion (Rene Chacho)","ninguna2":null,"conservaci":"MANTENIMIENTO PERIODICO","dist_merc":0.0,"destino":null,"riesgos_po":null,"alt_i":0.0,"alt_f":0.0,"velocidad":0.0,"visibilida":0.0,"intersecci":0.0,"shi_contin":0.0,"shi_cont_1":0.0,"shi_segmen":0.0,"shi_segm_1":0.0,"ninguna":null,"shc_contin":0.0,"shc_cont_1":0.0,"shc_segmen":0.0,"shc_segm_1":0.0,"ninguna1":null,"shd_contin":0.0,"shd_cont_1":0.0,"shd_segmen":0.0,"shd_segm_1":0.0,"sv_regulat":0.0,"sv_informa":0.0,"ES_SEGMENT":0,"sv_prevent":0.0,"long_i":675571.7331,"long_f":674989.0559,"lat_f":9696626.2075,"lat_i":9695920.7373,"sectproduc":null,"producto":null,"lado":null,"estado":null,"tipo":null,"situacvia":null,"calzada_m":0.0,"derecho_m":0.0,"observacio":null,"begin_":null,"end_":null,"Shape__Len":1221.59460683,"id":690.0,"id_FID_ini":951,"id_0":946,"solic_dere":null,"tipo_via":"9","tipo_sup":"LASTRE"},"geometry":{"type":"MultiLineString","coordinates":[[[-79.42270161425776,-2.745862759034589,0.0],[-79.42277600034345,-2.745799000380063,0.0],[-79.4230749998646,-2.745772000036238,0.0],[-79.4232510002724,-2.745683999738,0.0],[-79.42335400034301,-2.745697000026103,0.0],[-79.42344559369292,-2.745862438639365,0.0]],[[-79.42451541233942,-2.745861977921274,0.0],[-79.4245579999247,-2.745611999824665,0.0],[-79.42472699956181,-2.745232999641088,0.0],[-79.42486399968301,-2.744532000195665,0.0],[-79.42497099987716,-2.744233999766134,0.0],[-79.42522599995588,-2.743916999959882,0.0],[-79.42582337964141,-2.743655567883725,0.0]]]}},{"type":"Feature","properties":{"provincia":"AZUAY","canton":"CUENCA","parroquia":"MOLLETURO","desde":"ENTRADA A SUICILOMA","hasta":"SUICILOMA","estado_sup":"BUENO","Suelo":"RURAL","ancho_via":5.6,"ancho_supe":2.4,"long_km":2.13925367736,"cod__via":"P019-2909","categoria":"VECINAL","cod__tramo":"P019-2909-1","identidad":null,"conexion":"OTROS","limituso":"Actualizado abril 2021","name":"29 jul. 2020 4:31:57 PM","importanci":"CONDUCE A PROYECTOS PRODUCTIVOS","cond__clim":"LLUVIOSO","tipo_terre":"MONTANOSO","uso_derech":"PASTOS","f__carrile":"1 CARRIL BIDIRECCIONAL","puentes":0.0,"alcantaril":1.0,"reservas":"NO","curvas":20.0,"anio":"2020:GPA-GAD PARROQUIALES","levan_orig":"GPA-Planificacion (Silvia Culcay - Mateo Calderon)","responsabl":"GPA-Planificacion (Silvia Culcay - Mateo Calderon)","ninguna2":null,"conservaci":"NINGUNA","dist_merc":0.0,"destino":null,"riesgos_po":null,"alt_i":0.0,"alt_f":0.0,"velocidad":0.0,"visibilida":0.0,"intersecci":0.0,"shi_contin":0.0,"shi_cont_1":0.0,"shi_segmen":0.0,"shi_segm_1":0.0,"ninguna":null,"shc_contin":0.0,"shc_cont_1":0.0,"shc_segmen":0.0,"shc_segm_1":0.0,"ninguna1":null,"shd_contin":0.0,"shd_cont_1":0.0,"shd_segmen":0.0,"shd_segm_1":0.0,"sv_regulat":0.0,"sv_informa":0.0,"ES_SEGMENT":1,"sv_prevent":0.0,"long_i":677472.0516,"long_f":678417.0759,"lat_f":9698255.6936,"lat_i":9698576.0925,"sectproduc":null,"producto":null,"lado":null,"estado":null,"tipo":null,"situacvia":null,"calzada_m":0.0,"derecho_m":0.0,"observacio":null,"begin_":null,"end_":null,"Shape__Len":2139.25367736,"id":696.0,"id_FID_ini":956,"id_0":951,"solic_dere":null,"tipo_via":"9","tipo_sup":"LASTRE"},"geometry":{"type":"LineString","coordinates":[[-79.40351581636698,-2.725991894789316,0.0],[-79.40298921165072,-2.725795059956873,0.0],[-79.40231299989455,-2.726031999898923,0.0],[-79.40188140613843,-2.725885448020549,0.0],[-79.40159567051374,-2.726074017878954,0.0],[-79.40142851965471,-2.726083190163591,0.0],[-79.40102064456931,-2.725999131865772,0.0],[-79.40115199968497,-2.726306999597651,0.0],[-79.4013100004371,-2.727223000402636,0.0],[-79.40155200044549,-2.727583000278087,0.0],[-79.40158200032191,-2.727702999808735,0.0],[-79.40149680740153,-2.727828731970015,0.0],[-79.40149700028202,-2.727967999734636,0.0],[-79.40187199991837,-2.728065000058072,0.0],[-79.40206100026154,-2.72818199963876,0.0],[-79.40213699991996,-2.728365000330394,0.0],[-79.40292200004775,-2.729141000342894,0.0],[-79.40309299959964,-2.729259999840308,0.0],[-79.40320299988694,-2.729258999947375,0.0],[-79.40363800002152,-2.729474999696328,0.0],[-79.40385799974035,-2.729669999952919,0.0],[-79.40389299961731,-2.729756999870018,0.0],[-79.40387800041651,-2.729956000324643,0.0],[-79.4037890031267,-2.730192118187608,0.0],[-79.40366900028064,-2.730327999807021,0.0],[-79.40367400026761,-2.730660000242192,0.0],[-79.40353898777462,-2.730845284981251,0.0],[-79.40371399984201,-2.73105600005289,0.0],[-79.40367800003176,-2.731145999900435,0.0],[-79.4035309998663,-2.73132400026531,0.0],[-79.40314299968715,-2.731493999738023,0.0],[-79.40280399960108,-2.732092999914876,0.0],[-79.40243000014804,-2.732450000070518,0.0],[-79.4024362138128,-2.732622668465027,0.0],[-79.40254793505645,-2.732923469964369,0.0],[-79.40248138965858,-2.733002719432704,0.0],[-79.40226542428897,-2.733027484957263,0.0],[-79.40208286099218,-2.732914497162301,0.0],[-79.40199168199469,-2.732780751773617,0.0],[-79.40196700421187,-2.732601162988647,0.0],[-79.40198385710339,-2.732417453423703,0.0],[-79.40214597205852,-2.732292398524983,0.0],[-79.40227925686568,-2.731987749232437,0.0],[-79.40231845283064,-2.731393805562127,0.0],[-79.4022707651203,-2.731343633140926,0.0],[-79.40137184533268,-2.731263092897104,0.0],[-79.40079102891121,-2.730855184181141,0.0],[-79.40047996976088,-2.730566643397737,0.0],[-79.40012084475413,-2.730513966144646,0.0],[-79.39980062366776,-2.730088658893492,0.0],[-79.39903757595934,-2.730103296589377,0.0],[-79.39897227309153,-2.73002804626385,0.0],[-79.39868902960431,-2.729902395559697,0.0],[-79.39852290234846,-2.729529490474911,0.0],[-79.39825969067488,-2.729563587697093,0.0],[-79.3979579722819,-2.729416280888404,0.0]]}},{"type":"Feature","properties":{"provincia":"AZUAY","canton":"CUENCA","parroquia":"MOLLETURO","desde":"ENTRADA A SUICILOMA","hasta":"SUICILOMA","estado_sup":"MALO","Suelo":"RURAL","ancho_via":5.6,"ancho_supe":2.4,"long_km":0.364137447518,"cod__via":"P019-2909","categoria":"VECINAL","cod__tramo":"P019-2909-1","identidad":null,"conexion":"OTROS","limituso":"Actualizado abril 2021","name":"29 jul. 2020 4:31:57 PM","importanci":"CONDUCE A PROYECTOS PRODUCTIVOS","cond__clim":"LLUVIOSO","tipo_terre":"MONTANOSO","uso_derech":"PASTOS","f__carrile":"1 CARRIL BIDIRECCIONAL","puentes":0.0,"alcantaril":1.0,"reservas":"NO","curvas":20.0,"anio":"2020:GPA-GAD PARROQUIALES","levan_orig":"GPA-Planificacion (Silvia Culcay - Mateo Calderon)","responsabl":"GPA-Planificacion (Silvia Culcay - Mateo Calderon)","ninguna2":null,"conservaci":"NINGUNA","dist_merc":0.0,"destino":null,"riesgos_po":null,"alt_i":0.0,"alt_f":0.0,"velocidad":0.0,"visibilida":0.0,"intersecci":0.0,"shi_contin":0.0,"shi_cont_1":0.0,"shi_segmen":0.0,"shi_segm_1":0.0,"ninguna":null,"shc_contin":0.0,"shc_cont_1":0.0,"shc_segmen":0.0,"shc_segm_1":0.0,"ninguna1":null,"shd_contin":0.0,"shd_cont_1":0.0,"shd_segmen":0.0,"shd_segm_1":0.0,"sv_regulat":0.0,"sv_informa":0.0,"ES_SEGMENT":1,"sv_prevent":0.0,"long_i":677472.0516,"long_f":678417.0759,"lat_f":9698255.6936,"lat_i":9698576.0925,"sectproduc":null,"producto":null,"lado":null,"estado":null,"tipo":null,"situacvia":null,"calzada_m":0.0,"derecho_m":0.0,"observacio":null,"begin_":null,"end_":null,"Shape__Len":364.137447518,"id":696.0,"id_FID_ini":956,"id_0":951,"solic_dere":null,"tipo_via":"9","tipo_sup":"LASTRE"},"geometry":{"type":"LineString","coordinates":[[-79.3979579722819,-2.729416280888404,0.0],[-79.39784823246679,-2.729245944001225,0.0],[-79.39746535795581,-2.729097454081535,0.0],[-79.39726481607032,-2.728843511749218,0.0],[-79.39665542919536,-2.72865009010357,0.0],[-79.39609238178825,-2.728740940384792,0.0],[-79.3959779717439,-2.728707903742736,0.0],[-79.39501306312485,-2.728878074637214,0.0]]}},{"type":"Feature","properties":{"provincia":"AZUAY","canton":"CUENCA","parroquia":"MOLLETURO","desde":"E-582","hasta":"GUAYLLO","estado_sup":"REGULAR","Suelo":"RURAL","ancho_via":6.3,"ancho_supe":5.0,"long_km":1.96319009282,"cod__via":"P018-0226","categoria":"VECINAL","cod__tramo":"P018-0226-1","identidad":"010157022681","conexion":"VIA ESTATAL CON ASENTAMIENTOS HUMANOS","limituso":"Referencial","name":null,"importanci":"NORMAL","cond__clim":"LLUVIOSO","tipo_terre":"MONTANOSO","uso_derech":"-","f__carrile":"1 CARRIL BIDIRECCIONAL","puentes":0.0,"alcantaril":0.0,"reservas":"NO","curvas":25.0,"anio":"2017:CONGOPE","levan_orig":"CONGOPE","responsabl":"CONGOPE","ninguna2":"-","conservaci":"MANTENIMIENTO RUTINARIO","dist_merc":8.7,"destino":"PARROQUIA","riesgos_po":"NO","alt_i":2532.0,"alt_f":2344.0,"velocidad":0.0,"visibilida":30.0,"intersecci":0.0,"shi_contin":0.0,"shi_cont_1":0.0,"shi_segmen":0.0,"shi_segm_1":0.0,"ninguna":null,"shc_contin":0.0,"shc_cont_1":0.0,"shc_segmen":0.0,"shc_segm_1":0.0,"ninguna1":null,"shd_contin":0.0,"shd_cont_1":0.0,"shd_segmen":0.0,"shd_segm_1":0.0,"sv_regulat":0.0,"sv_informa":0.0,"ES_SEGMENT":0,"sv_prevent":0.0,"long_i":676189.4685,"long_f":676445.0294,"lat_f":9699194.5278,"lat_i":9698672.8864,"sectproduc":null,"producto":null,"lado":null,"estado":null,"tipo":null,"situacvia":null,"calzada_m":0.0,"derecho_m":0.0,"observacio":null,"begin_":null,"end_":null,"Shape__Len":1963.19009282,"id":32.0,"id_FID_ini":272,"id_0":275,"solic_dere":null,"tipo_via":"8","tipo_sup":"LASTRE"},"geometry":{"type":"LineString","coordinates":[[-79.41505170604339,-2.72513184687248,0.0],[-79.41483154716323,-2.725314257902969,0.0],[-79.41476168972963,-2.725807188445003,0.0],[-79.41464043954849,-2.725955029810409,0.0],[-79.41381867199091,-2.726097477842,0.0],[-79.41352579079204,-2.726066015994394,0.0],[-79.4131182297561,-2.726157807009735,0.0],[-79.41150170207952,-2.725548194751427,0.0],[-79.41069506853974,-2.725045852330986,0.0],[-79.41036254031339,-2.72499212256838,0.0],[-79.40963206417415,-2.725063022804921,0.0],[-79.40949903090589,-2.724981191409551,0.0],[-79.40922203493805,-2.724646844821765,0.0],[-79.40901468921481,-2.724522765196437,0.0],[-79.40794516250878,-2.72435910876683,0.0],[-79.40730196347305,-2.724199498158848,0.0],[-79.40715429520252,-2.724132396417393,0.0],[-79.4070082654525,-2.723980520289309,0.0],[-79.40702332784078,-2.723727781512244,0.0],[-79.40720742788717,-2.723613037615405,0.0],[-79.40741241804729,-2.723660934504413,0.0],[-79.40783999530302,-2.723965913049497,0.0],[-79.40804714867276,-2.723997251192027,0.0],[-79.40855702149646,-2.723873805634936,0.0],[-79.40910302476867,-2.723600615666869,0.0],[-79.40939469520177,-2.723602495813899,0.0],[-79.40975903633802,-2.723766358456716,0.0],[-79.40992664689891,-2.723786775203245,0.0],[-79.41008054677381,-2.723729950290782,0.0],[-79.41044034335364,-2.723388703444665,0.0],[-79.41084183903229,-2.723442163514436,0.0],[-79.4110443091032,-2.723396538220682,0.0],[-79.41114529969668,-2.723289874121373,0.0],[-79.41143057160372,-2.722767310022405,0.0],[-79.41222987357523,-2.721980960804106,0.0],[-79.4128828574449,-2.721057421264569,0.0],[-79.41291480952455,-2.720761414850975,0.0],[-79.41275952403072,-2.72041128067051,0.0]]}},{"type":"Feature","properties":{"provincia":"AZUAY","canton":"CUENCA","parroquia":"MOLLETURO","desde":"ENTRADA A SAN CRISTOBAL","hasta":"SAN CRISTOBAL","estado_sup":"REGULAR","Suelo":"RURAL","ancho_via":5.0,"ancho_supe":3.0,"long_km":5.03163013183,"cod__via":"P019-2913","categoria":"VECINAL","cod__tramo":"P019-2913-1","identidad":null,"conexion":"OTROS","limituso":"Actualizado abril 2021","name":"29 jul. 2020 15:06:31","importanci":"CONDUCE A PROYECTOS PRODUCTIVOS","cond__clim":"SECO","tipo_terre":"ONDULADO","uso_derech":"AGRICOLA","f__carrile":"1 CARRIL BIDIRECCIONAL","puentes":0.0,"alcantaril":10.0,"reservas":"SI","curvas":62.0,"anio":"2020:GPA-GAD PARROQUIALES","levan_orig":"GPA-Planificacion (Rene Chacho)","responsabl":"GPA-Planificacion (Rene Chacho)","ninguna2":null,"conservaci":"MANTENIMIENTO PERIODICO","dist_merc":0.0,"destino":null,"riesgos_po":null,"alt_i":0.0,"alt_f":0.0,"velocidad":0.0,"visibilida":0.0,"intersecci":0.0,"shi_contin":0.0,"shi_cont_1":0.0,"shi_segmen":0.0,"shi_segm_1":0.0,"ninguna":null,"shc_contin":0.0,"shc_cont_1":0.0,"shc_segmen":0.0,"shc_segm_1":0.0,"ninguna1":null,"shd_contin":0.0,"shd_cont_1":0.0,"shd_segmen":0.0,"shd_segm_1":0.0,"sv_regulat":0.0,"sv_informa":0.0,"ES_SEGMENT":0,"sv_prevent":0.0,"long_i":668604.9234,"long_f":669339.4381,"lat_f":9700461.1443,"lat_i":9697651.3315,"sectproduc":null,"producto":null,"lado":null,"estado":null,"tipo":null,"situacvia":null,"calzada_m":0.0,"derecho_m":0.0,"observacio":null,"begin_":null,"end_":null,"Shape__Len":5031.63013183,"id":2743.0,"id_FID_ini":2978,"id_0":2981,"solic_dere":null,"tipo_via":"9","tipo_sup":"LASTRE"},"geometry":{"type":"LineString","coordinates":[[-79.48325199990808,-2.734459000046115,0.0],[-79.48368899964093,-2.734259999804877,0.0],[-79.48362600027964,-2.733833000097386,0.0],[-79.48370599984663,-2.733651000282169,0.0],[-79.48346899964501,-2.733277999879955,0.0],[-79.48335299992483,-2.732965000430016,0.0],[-79.48310400038294,-2.732778999760772,0.0],[-79.4829460002067,-2.732588999635468,0.0],[-79.48290000025767,-2.732492000259433,0.0],[-79.48289600025323,-2.732256000182775,0.0],[-79.48284099974155,-2.732163000369548,0.0],[-79.48251899971996,-2.732099000060866,0.0],[-79.48245400003829,-2.732016000085297,0.0],[-79.4823900000823,-2.731610999593999,0.0],[-79.4824980001919,-2.731328999637182,0.0],[-79.48221899976674,-2.731190999582549,0.0],[-79.4821330000263,-2.73108199971465,0.0],[-79.4820350002572,-2.731058000227298,0.0],[-79.48183700025419,-2.731142000203525,0.0],[-79.4812979995851,-2.731083999739627,0.0],[-79.48120200033603,-2.731023999784746,0.0],[-79.48116800037339,-2.730935999927573,0.0],[-79.48138199956566,-2.730715000436313,0.0],[-79.4813990002847,-2.730617000373403,0.0],[-79.48134100020765,-2.73042399993989,0.0],[-79.4813909999278,-2.730313000445795,0.0],[-79.48152499983902,-2.730169999867729,0.0],[-79.48169999976076,-2.730074000127366,0.0],[-79.4817619999175,-2.72986400022452,0.0],[-79.4816099996075,-2.729743000339981,0.0],[-79.48158299987551,-2.72963599995887,0.0],[-79.4816310000921,-2.729542999815538,0.0],[-79.48172199982825,-2.729498999962433,0.0],[-79.4817380003482,-2.729401000407162,0.0],[-79.48148100011825,-2.728933999601899,0.0],[-79.48138999997566,-2.728905999878224,0.0],[-79.480887000339,-2.72898200043263,0.0],[-79.48069500019534,-2.728923000092197,0.0],[-79.48065299976813,-2.728611999599138,0.0],[-79.48026500010134,-2.728140999730485,0.0],[-79.4802079995549,-2.727960000142808,0.0],[-79.48001100035648,-2.727942999737563,0.0],[-79.47984400021207,-2.727810999686266,0.0],[-79.47987999958397,-2.727621000150526,0.0],[-79.48005800020374,-2.727365999586354,0.0],[-79.48065800029406,-2.727235000348948,0.0],[-79.48082700019026,-2.727108000304861,0.0],[-79.48083700041948,-2.727013999624592,0.0],[-79.48067499974577,-2.726705000248221,0.0],[-79.48050499957216,-2.726599999871534,0.0],[-79.48020299964912,-2.726563999859793,0.0],[-79.48000200004063,-2.726486999866116,0.0],[-79.47975999996464,-2.726294000270748,0.0],[-79.47971099983688,-2.72619999981208,0.0],[-79.47950599957278,-2.726065999951003,0.0],[-79.47923000035773,-2.7257329998877,0.0],[-79.4789150001814,-2.725712999958892,0.0],[-79.47857299973428,-2.725620999635657,0.0],[-79.47849600016916,-2.725561000393938,0.0],[-79.47866799957298,-2.725172999861103,0.0],[-79.47867999984044,-2.724965999944168,0.0],[-79.47863400044511,-2.724865999977725,0.0],[-79.47833699970082,-2.72487100035541,0.0],[-79.4778050000565,-2.724597999882105,0.0],[-79.47742199993691,-2.724759999770725,0.0],[-79.47710800041827,-2.724749999738931,0.0],[-79.47691200001582,-2.724666000448571,0.0],[-79.47686400022964,-2.724473999742217,0.0],[-79.47690200006237,-2.724389000060041,0.0],[-79.47689115366096,-2.723992572927025,0.0],[-79.47673915025683,-2.723762664590895,0.0],[-79.47626399997033,-2.723477999865366,0.0],[-79.47579800014117,-2.723364999940592,0.0],[-79.47559900030821,-2.72313900033738,0.0],[-79.47520199958254,-2.722843999974064,0.0],[-79.47491699980704,-2.72269900030002,0.0],[-79.47491599975945,-2.722605999731983,0.0],[-79.4751699999181,-2.722164000143179,0.0],[-79.475461000009,-2.722037999655035,0.0],[-79.4755050003107,-2.721957999885313,0.0],[-79.47537200023423,-2.721797999826405,0.0],[-79.47522499997343,-2.721473999821526,0.0],[-79.47526800041216,-2.721275000073372,0.0],[-79.47496300018847,-2.721157000168778,0.0],[-79.47433500001576,-2.721135000204598,0.0],[-79.47365499959392,-2.720927999754823,0.0],[-79.47341399963906,-2.720759000196602,0.0],[-79.47331700018526,-2.720575000034782,0.0],[-79.47331699990268,-2.720483000154356,0.0],[-79.47344600043577,-2.720355999902729,0.0],[-79.47364600044942,-2.720300999705602,0.0],[-79.47398000025976,-2.720293000024842,0.0],[-79.47408699993744,-2.720228000131379,0.0],[-79.4740910002844,-2.719601999549255,0.0],[-79.47423799955821,-2.719475000282079,0.0],[-79.47454200025308,-2.719380999960338,0.0],[-79.47471700015821,-2.719433000408083,0.0],[-79.47493299956179,-2.719211999568208,0.0],[-79.47541500019217,-2.719095000286077,0.0],[-79.47584199993993,-2.719055000361686,0.0],[-79.47588899988214,-2.718966000197899,0.0],[-79.4758540003821,-2.718755999795921,0.0],[-79.4757310000373,-2.718473000204634,0.0],[-79.47557300017456,-2.718366999605456,0.0],[-79.47531200007758,-2.718063999757263,0.0],[-79.47490299977684,-2.717926999997433,0.0],[-79.47474199963797,-2.717818999572025,0.0],[-79.47467399959247,-2.717734000089395,0.0],[-79.47471400010522,-2.717639000425479,0.0],[-79.47497899984445,-2.717533999844033,0.0],[-79.47516400012248,-2.717544000255105,0.0],[-79.47524300024557,-2.71748500044556,0.0],[-79.47537700040613,-2.717303000129179,0.0],[-79.47548700031501,-2.716988999831305,0.0],[-79.47558399974966,-2.716953999992551,0.0],[-79.47568399994576,-2.716947999599832,0.0],[-79.47615800027928,-2.717129000390098,0.0],[-79.47625500043688,-2.717125000280856,0.0],[-79.47648199996323,-2.716922000132853,0.0],[-79.47657300034693,-2.716925999854775,0.0],[-79.47681200035689,-2.717207000321106,0.0],[-79.47698199972935,-2.717145000061393,0.0],[-79.47713300042095,-2.716893999635877,0.0],[-79.4774429996565,-2.716631000360339,0.0],[-79.47751699986327,-2.716420000231722,0.0],[-79.47753800030543,-2.716092999993682,0.0],[-79.47767399974975,-2.71590200026475,0.0],[-79.47767100034793,-2.715688000385573,0.0],[-79.4774790003655,-2.715334000246984,0.0],[-79.47744399975495,-2.715044000079782,0.0],[-79.4775890003086,-2.714900000229723,0.0],[-79.47804899987406,-2.714707000257303,0.0],[-79.47823200021752,-2.714109999907693,0.0],[-79.47846800002668,-2.713897999804066,0.0],[-79.47871399979277,-2.71375500013236,0.0],[-79.4787180004112,-2.713662000291095,0.0],[-79.47861300001507,-2.713490999957498,0.0],[-79.47813099978562,-2.713316000282915,0.0],[-79.47791400033583,-2.712748999996621,0.0],[-79.47759900000982,-2.712682999784459,0.0],[-79.47715500017196,-2.712275000105019,0.0],[-79.47693799977264,-2.711798999786097,0.0],[-79.4764349999332,-2.711662000285756,0.0],[-79.47588899971863,-2.711666999693031,0.0],[-79.47568299987432,-2.711601999954112,0.0],[-79.47567800002108,-2.711505999843482,0.0],[-79.47577699994392,-2.711340999792911,0.0],[-79.47578900013542,-2.711231000434476,0.0],[-79.47548699965671,-2.710912999969961,0.0],[-79.47549800038504,-2.71071700000201,0.0],[-79.47527299956342,-2.710124999943059,0.0],[-79.47531799978967,-2.710042999778803,0.0],[-79.47561899988759,-2.710087999663286,0.0],[-79.4757250001518,-2.710055999893996,0.0],[-79.4760770000087,-2.709876000329136,0.0],[-79.47631999956722,-2.709653000088772,0.0],[-79.47647700032144,-2.709423999823292,0.0],[-79.47665299966854,-2.7093109998566,0.0],[-79.47681500003667,-2.709124999633258,0.0],[-79.47667788042081,-2.709038952625245,0.0]]}},{"type":"Feature","properties":{"provincia":"AZUAY","canton":"CUENCA","parroquia":"MOLLETURO","desde":"SAN VICENTE DE ARQUILLO","hasta":"CENTRO DE ARQUILLO","estado_sup":"REGULAR","Suelo":"RURAL","ancho_via":4.1,"ancho_supe":2.6,"long_km":0.970831179506,"cod__via":"P015-2905","categoria":"VECINAL","cod__tramo":"P015-2905-1","identidad":null,"conexion":"ASENTAMIENTO HUMANO A ASENTAMIENTO HUMANO","limituso":"Actualizado abril 2021","name":"3 jul. 2020 10:16:42","importanci":"VIA ALTERNA","cond__clim":"LLUVIOSO","tipo_terre":"ONDULADO","uso_derech":"-","f__carrile":"1 CARRIL BIDIRECCIONAL","puentes":0.0,"alcantaril":0.0,"reservas":"SI","curvas":9.0,"anio":"2020:GPA-GAD PARROQUIALES","levan_orig":"GPA-Planificacion (Michelle Castro - Silvia Culcay)","responsabl":"GPA-Planificacion (Michelle Castro - Silvia Culcay)","ninguna2":null,"conservaci":"MEJORAMIENTO","dist_merc":0.0,"destino":null,"riesgos_po":null,"alt_i":0.0,"alt_f":0.0,"velocidad":0.0,"visibilida":0.0,"intersecci":0.0,"shi_contin":0.0,"shi_cont_1":0.0,"shi_segmen":0.0,"shi_segm_1":0.0,"ninguna":null,"shc_contin":0.0,"shc_cont_1":0.0,"shc_segmen":0.0,"shc_segm_1":0.0,"ninguna1":null,"shd_contin":0.0,"shd_cont_1":0.0,"shd_segmen":0.0,"shd_segm_1":0.0,"sv_regulat":0.0,"sv_informa":0.0,"ES_SEGMENT":0,"sv_prevent":0.0,"long_i":681208.6155,"long_f":680756.5473,"lat_f":9700229.5869,"lat_i":9700049.4032,"sectproduc":null,"producto":null,"lado":null,"estado":null,"tipo":null,"situacvia":null,"calzada_m":0.0,"derecho_m":0.0,"observacio":null,"begin_":null,"end_":null,"Shape__Len":970.831179506,"id":700.0,"id_FID_ini":961,"id_0":956,"solic_dere":null,"tipo_via":"5","tipo_sup":"LASTRE"},"geometry":{"type":"LineString","coordinates":[[-79.36992977763126,-2.712622858641859,0.0],[-79.37035891936561,-2.712704605577881,0.0],[-79.37036635563324,-2.712630829292232,0.0],[-79.37015781173379,-2.712198893475233,0.0],[-79.37020570328815,-2.712051383809822,0.0],[-79.37034150880172,-2.712007296390802,0.0],[-79.37046618824654,-2.712051736436061,0.0],[-79.37059830483392,-2.7120224010809,0.0],[-79.37057015474635,-2.71112585201856,0.0],[-79.37048313013292,-2.710358350141222,0.0],[-79.37060842629161,-2.709941624083978,0.0],[-79.37050996142234,-2.709498769114436,0.0],[-79.37053222044915,-2.709314331948106,0.0],[-79.37063146078368,-2.709177960768328,0.0],[-79.3708995242928,-2.708997544694534,0.0],[-79.37109770401939,-2.708949851551132,0.0],[-79.37171580247585,-2.70902078437121,0.0],[-79.37210999982825,-2.709759000250846,0.0],[-79.37283099955135,-2.710247000377235,0.0],[-79.3731139998085,-2.710563000111226,0.0],[-79.37399745082023,-2.710998876873708,0.0]]}},{"type":"Feature","properties":{"provincia":"AZUAY","canton":"CUENCA","parroquia":"MOLLETURO","desde":"SAN VICENTE DE ARQUILLO","hasta":"SAN VICENTE","estado_sup":"BUENO","Suelo":"RURAL","ancho_via":5.2,"ancho_supe":2.8,"long_km":0.155375715729,"cod__via":"P015-2906","categoria":"VECINAL","cod__tramo":"P015-2906-1","identidad":null,"conexion":"ASENTAMIENTO HUMANO A ASENTAMIENTO HUMANO","limituso":"Actualizado abril 2021","name":"3 jul. 2020 10:06:17","importanci":"VIA ALTERNA","cond__clim":"LLUVIOSO","tipo_terre":"LLANO","uso_derech":"-","f__carrile":"1 CARRIL BIDIRECCIONAL","puentes":0.0,"alcantaril":0.0,"reservas":"SI","curvas":0.0,"anio":"2020:GPA-GAD PARROQUIALES","levan_orig":"GPA-Planificacion (Michelle Castro - Silvia Culcay)","responsabl":"GPA-Planificacion (Michelle Castro - Silvia Culcay)","ninguna2":null,"conservaci":"MEJORAMIENTO","dist_merc":0.0,"destino":null,"riesgos_po":null,"alt_i":0.0,"alt_f":0.0,"velocidad":0.0,"visibilida":0.0,"intersecci":0.0,"shi_contin":0.0,"shi_cont_1":0.0,"shi_segmen":0.0,"shi_segm_1":0.0,"ninguna":null,"shc_contin":0.0,"shc_cont_1":0.0,"shc_segmen":0.0,"shc_segm_1":0.0,"ninguna1":null,"shd_contin":0.0,"shd_cont_1":0.0,"shd_segmen":0.0,"shd_segm_1":0.0,"sv_regulat":0.0,"sv_informa":0.0,"ES_SEGMENT":0,"sv_prevent":0.0,"long_i":680889.641,"long_f":680914.5206,"lat_f":9700333.6899,"lat_i":9700484.498,"sectproduc":null,"producto":null,"lado":null,"estado":null,"tipo":null,"situacvia":null,"calzada_m":0.0,"derecho_m":0.0,"observacio":null,"begin_":null,"end_":null,"Shape__Len":155.375715729,"id":683.0,"id_FID_ini":944,"id_0":939,"solic_dere":null,"tipo_via":"5","tipo_sup":"LASTRE"},"geometry":{"type":"LineString","coordinates":[[-79.3728036048037,-2.708691987535855,0.0],[-79.37282699999778,-2.708992000451115,0.0],[-79.37257803914675,-2.710055509001577,0.0]]}},{"type":"Feature","properties":{"provincia":"AZUAY","canton":"CUENCA","parroquia":"MOLLETURO","desde":"SAN FRANCISCO DE JAVIER","hasta":"VIA A NARANJITO","estado_sup":"MALO","Suelo":"RURAL","ancho_via":4.0,"ancho_supe":3.5,"long_km":0.436194596433,"cod__via":"P015-1727","categoria":"VECINAL","cod__tramo":"P015-1727-1","identidad":"010157172751","conexion":"ASENTAMIENTO HUMANO A ASENTAMIENTO HUMANO","limituso":"Referencial","name":null,"importanci":"NORMAL","cond__clim":"SECO - NUBLADO","tipo_terre":"MONTANOSO","uso_derech":"PASTOS","f__carrile":"1 CARRIL BIDIRECCIONAL","puentes":0.0,"alcantaril":0.0,"reservas":"SI","curvas":9.0,"anio":"2017:CONGOPE","levan_orig":"CONGOPE","responsabl":"CONGOPE","ninguna2":"-","conservaci":"MANTENIMIENTO RUTINARIO","dist_merc":15.4,"destino":"PARROQUIA","riesgos_po":"NO","alt_i":1752.0,"alt_f":1827.0,"velocidad":0.0,"visibilida":20.0,"intersecci":0.0,"shi_contin":0.0,"shi_cont_1":0.0,"shi_segmen":0.0,"shi_segm_1":0.0,"ninguna":null,"shc_contin":0.0,"shc_cont_1":0.0,"shc_segmen":0.0,"shc_segm_1":0.0,"ninguna1":null,"shd_contin":0.0,"shd_cont_1":0.0,"shd_segmen":0.0,"shd_segm_1":0.0,"sv_regulat":0.0,"sv_informa":0.0,"ES_SEGMENT":0,"sv_prevent":0.0,"long_i":680760.4883,"long_f":681071.7912,"lat_f":9700736.6562,"lat_i":9700803.8844,"sectproduc":null,"producto":null,"lado":null,"estado":null,"tipo":null,"situacvia":null,"calzada_m":0.0,"derecho_m":0.0,"observacio":null,"begin_":null,"end_":null,"Shape__Len":436.194596433,"id":706.0,"id_FID_ini":967,"id_0":962,"solic_dere":null,"tipo_via":"5","tipo_sup":"LASTRE"},"geometry":{"type":"LineString","coordinates":[[-79.37396893688457,-2.70580520211474,0.0],[-79.3738458136978,-2.705701831323046,0.0],[-79.37360580880977,-2.705625149413479,0.0],[-79.37315016078988,-2.705586947878211,0.0],[-79.37293738257661,-2.70576992752383,0.0],[-79.37285800374364,-2.706195172153239,0.0],[-79.37270274359585,-2.706328706384988,0.0],[-79.37258252118104,-2.706574939434526,0.0],[-79.37234163405714,-2.70645385358009,0.0],[-79.37171554475309,-2.70594875312081,0.0],[-79.37145986408423,-2.706050174872688,0.0],[-79.37116856027505,-2.706409399742293,0.0]]}},{"type":"Feature","properties":{"provincia":"AZUAY","canton":"CUENCA","parroquia":"MOLLETURO","desde":"VIA A SAN FRANCISCO DE JAVIER","hasta":"VIA A NARANJITO","estado_sup":"MALO","Suelo":"RURAL","ancho_via":4.0,"ancho_supe":3.5,"long_km":0.488234982782,"cod__via":"P015-1742","categoria":"VECINAL","cod__tramo":"P015-1742-1","identidad":"010157174251","conexion":"ASENTAMIENTO HUMANO A ASENTAMIENTO HUMANO","limituso":"Referencial","name":null,"importanci":"NORMAL","cond__clim":"LLUVIOSO - NUBLADO","tipo_terre":"MONTANOSO","uso_derech":"PASTOS","f__carrile":"1 CARRIL BIDIRECCIONAL","puentes":0.0,"alcantaril":0.0,"reservas":"SI","curvas":10.0,"anio":"2017:CONGOPE","levan_orig":"CONGOPE","responsabl":"CONGOPE","ninguna2":"-","conservaci":"MEJORAMIENTO","dist_merc":16.5,"destino":"PARROQUIA","riesgos_po":"NO","alt_i":1832.0,"alt_f":1827.0,"velocidad":0.0,"visibilida":25.0,"intersecci":0.0,"shi_contin":0.0,"shi_cont_1":0.0,"shi_segmen":0.0,"shi_segm_1":0.0,"ninguna":null,"shc_contin":0.0,"shc_cont_1":0.0,"shc_segmen":0.0,"shc_segm_1":0.0,"ninguna1":null,"shd_contin":0.0,"shd_cont_1":0.0,"shd_segmen":0.0,"shd_segm_1":0.0,"sv_regulat":0.0,"sv_informa":0.0,"ES_SEGMENT":0,"sv_prevent":0.0,"long_i":681057.5232,"long_f":680841.5055,"lat_f":9701010.554,"lat_i":9700657.6394,"sectproduc":null,"producto":null,"lado":null,"estado":null,"tipo":null,"situacvia":null,"calzada_m":0.0,"derecho_m":0.0,"observacio":null,"begin_":null,"end_":null,"Shape__Len":488.234982782,"id":711.0,"id_FID_ini":969,"id_0":964,"solic_dere":null,"tipo_via":"5","tipo_sup":"TIERRA"},"geometry":{"type":"LineString","coordinates":[[-79.3712959190148,-2.707124156009171,0.0],[-79.37118531580248,-2.706460186853616,0.0],[-79.37105122030435,-2.706078830831873,0.0],[-79.37106173314643,-2.705917213308151,0.0],[-79.37128260669274,-2.705413776964126,0.0],[-79.37165488448004,-2.704927180157246,0.0],[-79.37180419822973,-2.70456841900436,0.0],[-79.37198306769163,-2.70438555025598,0.0],[-79.37280070880837,-2.704032009904979,0.0],[-79.37324283511347,-2.703935215783458,0.0]]}},{"type":"Feature","properties":{"provincia":"AZUAY","canton":"CUENCA","parroquia":"MOLLETURO","desde":"ARQUILLO","hasta":"EL NARANJO 3 LUCES","estado_sup":"MALO","Suelo":"RURAL","ancho_via":3.0,"ancho_supe":2.3,"long_km":2.21792222893,"cod__via":"P019-2904","categoria":"VECINAL","cod__tramo":"P019-2904-1","identidad":null,"conexion":"OTROS","limituso":"Actualizado abril 2021","name":"2020/07/03 15:16:47.000","importanci":"CONDUCE A PROYECTOS PRODUCTIVOS","cond__clim":"NUBLADO","tipo_terre":"MONTANOSO","uso_derech":"AGRICOLA","f__carrile":"1 CARRIL BIDIRECCIONAL","puentes":0.0,"alcantaril":0.0,"reservas":"SI","curvas":10.0,"anio":"2020:GPA-GAD PARROQUIALES","levan_orig":"GPA-Planificacion (Rene Chacho)","responsabl":"GPA-Planificacion (Rene Chacho)","ninguna2":null,"conservaci":"NINGUNA","dist_merc":0.0,"destino":null,"riesgos_po":null,"alt_i":0.0,"alt_f":0.0,"velocidad":0.0,"visibilida":0.0,"intersecci":0.0,"shi_contin":0.0,"shi_cont_1":0.0,"shi_segmen":0.0,"shi_segm_1":0.0,"ninguna":null,"shc_contin":0.0,"shc_cont_1":0.0,"shc_segmen":0.0,"shc_segm_1":0.0,"ninguna1":null,"shd_contin":0.0,"shd_cont_1":0.0,"shd_segmen":0.0,"shd_segm_1":0.0,"sv_regulat":0.0,"sv_informa":0.0,"ES_SEGMENT":0,"sv_prevent":0.0,"long_i":680841.5055,"long_f":681821.0562,"lat_f":9701343.7369,"lat_i":9701010.554,"sectproduc":null,"producto":null,"lado":null,"estado":null,"tipo":null,"situacvia":null,"calzada_m":0.0,"derecho_m":0.0,"observacio":null,"begin_":null,"end_":null,"Shape__Len":2217.92222893,"id":664.0,"id_FID_ini":923,"id_0":918,"solic_dere":null,"tipo_via":"9","tipo_sup":"TIERRA"},"geometry":{"type":"LineString","coordinates":[[-79.37324283511347,-2.703935215783458,0.0],[-79.37363680577666,-2.703804364948428,0.0],[-79.37388276245001,-2.703638266694643,0.0],[-79.37357368111844,-2.703242975966772,0.0],[-79.3724852502946,-2.702257685958113,0.0],[-79.3724251659352,-2.701303642749263,0.0],[-79.37226042195732,-2.699892371813252,0.0],[-79.37090481542145,-2.697156804439207,0.0],[-79.37049400068332,-2.696619035537983,0.0],[-79.37006095502397,-2.695749920279283,0.0],[-79.36995694709167,-2.695882670078589,0.0],[-79.36975338527287,-2.696347512065402,0.0],[-79.36973412173577,-2.696636996557965,0.0],[-79.36979526777546,-2.696793699560118,0.0],[-79.36970507057133,-2.69718750229437,0.0],[-79.36972278537115,-2.698060804323614,0.0],[-79.36960423589507,-2.698480671756686,0.0],[-79.36934911247641,-2.698679663439329,0.0],[-79.36935593554706,-2.698871888244735,0.0],[-79.36954184379996,-2.699258943985827,0.0],[-79.36954613308781,-2.699581683046133,0.0],[-79.36943278674632,-2.699638483104713,0.0],[-79.3688475376955,-2.699651931860598,0.0],[-79.36871054851596,-2.699741922812632,0.0],[-79.36875287318962,-2.699855885616567,0.0],[-79.36892252555519,-2.700045957930624,0.0],[-79.36886579537955,-2.70011707225146,0.0],[-79.3686061029911,-2.700202150721003,0.0],[-79.36847380881663,-2.700311131912962,0.0],[-79.36836499190372,-2.700510320473282,0.0],[-79.36820914348793,-2.700586046945205,0.0],[-79.36761438466024,-2.700651689716041,0.0],[-79.36761361251548,-2.700788137785549,0.0],[-79.36713402786319,-2.700753673972481,0.0],[-79.36443774304757,-2.7009102086676,0.0]]}},{"type":"Feature","properties":{"provincia":"AZUAY","canton":"CUENCA","parroquia":"MOLLETURO","desde":"RIO QUITAHUAICO","hasta":"SANTA TERESITA DEL AZUAY","estado_sup":"MALO","Suelo":"RURAL","ancho_via":5.2,"ancho_supe":2.6,"long_km":11.0941327813,"cod__via":"P019-2898","categoria":"VECINAL","cod__tramo":"P019-2898-1","identidad":null,"conexion":"OTROS","limituso":"Actualizado abril 2021","name":"3 jul. 2020 10:54:50","importanci":"CONDUCE A VIVIENDAS","cond__clim":"LLUVIOSO","tipo_terre":"MONTANOSO","uso_derech":"INFRAESTRUCTURA FISICA","f__carrile":"1 CARRIL BIDIRECCIONAL","puentes":1.0,"alcantaril":7.0,"reservas":"SI","curvas":50.0,"anio":"2020:GPA-GAD PARROQUIALES","levan_orig":"GPA-Planificacion (Michelle Castro - Silvia Culcay)","responsabl":"GPA-Planificacion (Michelle Castro - Silvia Culcay)","ninguna2":null,"conservaci":"NINGUNA","dist_merc":0.0,"destino":null,"riesgos_po":null,"alt_i":0.0,"alt_f":0.0,"velocidad":0.0,"visibilida":0.0,"intersecci":0.0,"shi_contin":0.0,"shi_cont_1":0.0,"shi_segmen":0.0,"shi_segm_1":0.0,"ninguna":null,"shc_contin":0.0,"shc_cont_1":0.0,"shc_segmen":0.0,"shc_segm_1":0.0,"ninguna1":null,"shd_contin":0.0,"shd_cont_1":0.0,"shd_segmen":0.0,"shd_segm_1":0.0,"sv_regulat":0.0,"sv_informa":0.0,"ES_SEGMENT":0,"sv_prevent":0.0,"long_i":680520.4637,"long_f":680337.8189,"lat_f":9708609.8734,"lat_i":9703240.4396,"sectproduc":null,"producto":null,"lado":null,"estado":null,"tipo":null,"situacvia":null,"calzada_m":0.0,"derecho_m":0.0,"observacio":null,"begin_":null,"end_":null,"Shape__Len":11094.1327813,"id":702.0,"id_FID_ini":963,"id_0":958,"solic_dere":null,"tipo_via":"9","tipo_sup":"TIERRA"},"geometry":{"type":"LineString","coordinates":[[-79.37615670026342,-2.683773231309086,0.0],[-79.37623499968392,-2.683678000436077,0.0],[-79.376604999942,-2.683560999606329,0.0],[-79.37677100039502,-2.683453999849568,0.0],[-79.3770380000558,-2.683065000009163,0.0],[-79.37714500004107,-2.682703999590308,0.0],[-79.37719099977274,-2.68223200044188,0.0],[-79.37727899975118,-2.682208999922057,0.0],[-79.37750899990036,-2.682350999760219,0.0],[-79.37768000016851,-2.682287000002173,0.0],[-79.37796599961193,-2.682032999803032,0.0],[-79.37802200006574,-2.681752000307089,0.0],[-79.37811899973369,-2.681588000290323,0.0],[-79.37818699976671,-2.681518999576316,0.0],[-79.37845299998082,-2.68141900015456,0.0],[-79.37892899956073,-2.680994999851369,0.0],[-79.37940500014798,-2.681305999585422,0.0],[-79.37949199998049,-2.681266000272455,0.0],[-79.37990400009815,-2.680232999704686,0.0],[-79.37988600024019,-2.680123999900632,0.0],[-79.3799609998451,-2.679952000216929,0.0],[-79.38011500008407,-2.679836999971371,0.0],[-79.38056799957697,-2.679749999715964,0.0],[-79.38092600042421,-2.679800000426535,0.0],[-79.38101499995852,-2.679766999614176,0.0],[-79.38143700010312,-2.679988000094954,0.0],[-79.3815750002602,-2.680106999626168,0.0],[-79.38193099974124,-2.6802499999108,0.0],[-79.38196700006118,-2.68005500025177,0.0],[-79.38157300038722,-2.67930999985329,0.0],[-79.38149599999603,-2.679262999809792,0.0],[-79.38102200015533,-2.679205000003181,0.0],[-79.38089300002986,-2.679067000320825,0.0],[-79.3808309996107,-2.678781999937836,0.0],[-79.38087999998167,-2.678406999659778,0.0],[-79.38082399971591,-2.678125999967823,0.0],[-79.38086799963835,-2.678034000155063,0.0],[-79.38082700036172,-2.677714000429141,0.0],[-79.38085200044755,-2.677444999610363,0.0],[-79.38093400023497,-2.677401999960942,0.0],[-79.38099299974935,-2.677295999906562,0.0],[-79.38095700036553,-2.677087000344296,0.0],[-79.38086699987532,-2.676975000162952,0.0],[-79.38082299979322,-2.676600000265609,0.0],[-79.38077999957241,-2.676519000289462,0.0],[-79.38062099977297,-2.676418999682025,0.0],[-79.37998199963893,-2.676311000305239,0.0],[-79.37984700003237,-2.676054999662293,0.0],[-79.3798729995599,-2.67565899984278,0.0],[-79.3797810004084,-2.675605000186026,0.0],[-79.37959400012615,-2.675630000381955,0.0],[-79.37957199959213,-2.67582199971062,0.0],[-79.37966400020574,-2.676093999940806,0.0],[-79.37964000000217,-2.676183000313388,0.0],[-79.37952700043304,-2.676466000046763,0.0],[-79.37932500039493,-2.676685000087006,0.0],[-79.37919899955709,-2.676940000079541,0.0],[-79.37928800005633,-2.677304999574708,0.0],[-79.3795749996738,-2.677676999657089,0.0],[-79.37960200025391,-2.677957999564533,0.0],[-79.37950599989728,-2.678238000351164,0.0],[-79.3794470000747,-2.678314000262324,0.0],[-79.37934799970455,-2.678308000321906,0.0],[-79.37927500033297,-2.678244000172498,0.0],[-79.37919200014306,-2.678080000123046,0.0],[-79.37914099998436,-2.677801999733098,0.0],[-79.37903399986284,-2.677803999878133,0.0],[-79.37881899999306,-2.678109999679582,0.0],[-79.37874000032032,-2.678157000322878,0.0],[-79.37865500003112,-2.678121000011948,0.0],[-79.37881800025627,-2.67777400030545,0.0],[-79.37879200004419,-2.677683000025256,0.0],[-79.37854000013853,-2.677546999992371,0.0],[-79.37829000022316,-2.677275000369181,0.0],[-79.3783819999341,-2.676989999761518,0.0],[-79.37835599995175,-2.676891999844665,0.0],[-79.37825299984667,-2.676612999847428,0.0],[-79.37803600005803,-2.676424000057338,0.0],[-79.37800499981297,-2.676239999940463,0.0],[-79.37782199980822,-2.675810000425404,0.0],[-79.37787699995405,-2.67561799994774,0.0],[-79.37816100000856,-2.675217999869548,0.0],[-79.37815899991864,-2.674931999775095,0.0],[-79.37806700022874,-2.674767000361058,0.0],[-79.37808299978842,-2.674583999618894,0.0],[-79.37834199978245,-2.674314999843821,0.0],[-79.3785769997513,-2.674153999733368,0.0],[-79.37868700020083,-2.673580999553273,0.0],[-79.3786219996137,-2.673513999595756,0.0],[-79.37817000018441,-2.673370999773129,0.0],[-79.37782499988141,-2.673192999909678,0.0],[-79.37773100043067,-2.673021000070637,0.0],[-79.37765500017521,-2.672558000405131,0.0],[-79.37750999958382,-2.672310000181942,0.0],[-79.37723200032534,-2.672255000192698,0.0],[-79.3771427542462,-2.672122977985624,0.0],[-79.37691670829457,-2.671970281544912,0.0],[-79.37676037685934,-2.671959878249155,0.0],[-79.37667652603612,-2.672017183883076,0.0],[-79.37620400043028,-2.671963999835119,0.0],[-79.37583000001112,-2.671760000181703,0.0],[-79.37587600017599,-2.67168199987126,0.0],[-79.37580699971667,-2.67161100009826,0.0],[-79.3758590002337,-2.671503999916243,0.0],[-79.37607900038661,-2.671318999636415,0.0],[-79.37610700044024,-2.671227999802928,0.0],[-79.3760669996372,-2.671131999914826,0.0],[-79.37578699976673,-2.670891000031736,0.0],[-79.37564099988492,-2.670648999850319,0.0],[-79.37539000016763,-2.670507999628078,0.0],[-79.3753299996896,-2.670576000044296,0.0],[-79.3752810001568,-2.670386000333764,0.0],[-79.37534499973037,-2.670317999803914,0.0],[-79.37544199967577,-2.670323000417521,0.0],[-79.37548800009175,-2.670242000383013,0.0],[-79.37566100035421,-2.670136000183729,0.0],[-79.37564399983208,-2.670032999578158,0.0],[-79.37572100042432,-2.669955999933451,0.0],[-79.3759020004275,-2.669907000450723,0.0],[-79.37613099989763,-2.669727000311539,0.0],[-79.37626900027288,-2.669729000391965,0.0],[-79.37670600037518,-2.669370000157014,0.0],[-79.37670600032257,-2.669270000098517,0.0],[-79.3766309999975,-2.669215999622562,0.0],[-79.37672200040092,-2.669221999565142,0.0],[-79.37681300038308,-2.669056999997375,0.0],[-79.3768149999713,-2.66895999959513,0.0],[-79.37665500006547,-2.66852999963534,0.0],[-79.37689100023012,-2.668233999580667,0.0],[-79.37698599991056,-2.667968999744335,0.0],[-79.37682599992242,-2.667637000396604,0.0],[-79.37685300024197,-2.667452999618223,0.0],[-79.37681699981496,-2.667178999602628,0.0],[-79.37643700029275,-2.667075000274413,0.0],[-79.37604199956951,-2.666644999880115,0.0],[-79.37531700017496,-2.666357000003061,0.0],[-79.37526999956111,-2.666277999888957,0.0],[-79.37509100027124,-2.666193999926861,0.0],[-79.37470900039357,-2.665888000049407,0.0],[-79.37442000040829,-2.665850000156838,0.0],[-79.37393900022592,-2.665894000127878,0.0],[-79.37377499992259,-2.665663000373671,0.0],[-79.37319099992642,-2.665332000052033,0.0],[-79.37309800028954,-2.665359999888287,0.0],[-79.37302432770103,-2.665911207706159,0.0],[-79.37291846149394,-2.666074462490228,0.0],[-79.37276899967904,-2.666071000100867,0.0],[-79.37252400041574,-2.665945000271457,0.0],[-79.37225600004774,-2.665887000166908,0.0],[-79.37175600024996,-2.666138999670474,0.0],[-79.37166300018303,-2.666128999645697,0.0],[-79.37152399971227,-2.666010000083403,0.0],[-79.37150799982135,-2.665918999846315,0.0],[-79.37150600022927,-2.665825000426866,0.0],[-79.37167300015142,-2.665497000229735,0.0],[-79.3715659996569,-2.665143999550958,0.0],[-79.37139099980297,-2.665062999809903,0.0],[-79.37100000019825,-2.664513999968144,0.0],[-79.37080699986788,-2.664320000067605,0.0],[-79.37055600006545,-2.664197000050728,0.0],[-79.37035499992265,-2.663858000411063,0.0],[-79.37021300022322,-2.663738000354243,0.0],[-79.37039800043937,-2.663734999752377,0.0],[-79.37071900016713,-2.663555999929929,0.0],[-79.37118899990162,-2.663518000012912,0.0],[-79.37138100022266,-2.663555999807518,0.0],[-79.37156000031926,-2.663520999817115,0.0],[-79.37160999966775,-2.663446000140191,0.0],[-79.3714200004471,-2.663439999692065,0.0],[-79.37135299993935,-2.663376999882046,0.0],[-79.37094699973008,-2.662753999555278,0.0],[-79.37077199992162,-2.662832000111289,0.0],[-79.37068999985746,-2.662790000066223,0.0],[-79.37070400015985,-2.662697999747007,0.0],[-79.37083299957138,-2.662549999631892,0.0],[-79.37110399996202,-2.662544999622272,0.0],[-79.37136399984799,-2.66263700040333,0.0],[-79.3714279996477,-2.662465000230416,0.0],[-79.37143999958357,-2.662099999733615,0.0],[-79.37161399981485,-2.661861999947371,0.0],[-79.37178500026944,-2.661793000221551,0.0],[-79.37183699992802,-2.661705999757765,0.0],[-79.37203899975711,-2.66097599965877,0.0],[-79.37194099955792,-2.660585999854028,0.0],[-79.37182599955501,-2.660429000268739,0.0],[-79.37186599967242,-2.660343000328644,0.0],[-79.372052000316,-2.660300999674016,0.0],[-79.37258499960204,-2.66054200039633,0.0],[-79.37303999977236,-2.660581999794026,0.0],[-79.37296999996292,-2.660514999831828,0.0],[-79.37304399962208,-2.660459999751509,0.0],[-79.37295399970255,-2.660422000074594,0.0],[-79.37267300006187,-2.660438999952448,0.0],[-79.37220200034555,-2.660138999705449,0.0],[-79.37127100007324,-2.659861000438869,0.0],[-79.3712070003983,-2.659929000056611,0.0],[-79.37112000022105,-2.660483999801762,0.0],[-79.3706140004051,-2.66074100035844,0.0],[-79.37057800016511,-2.660827000081607,0.0],[-79.37064700024487,-2.661196999614664,0.0],[-79.37058199971375,-2.661370999709944,0.0],[-79.37001752226077,-2.661641080256837,0.0],[-79.37012103919034,-2.661401066322277,0.0],[-79.37029600001891,-2.661243000430277,0.0],[-79.37032599972369,-2.66115199987574,0.0],[-79.37031399972739,-2.660959000336519,0.0],[-79.37020099984179,-2.660695999667944,0.0],[-79.37022999966294,-2.660609000413751,0.0],[-79.37046400030127,-2.660465999635782,0.0],[-79.37052099957697,-2.660370999721119,0.0],[-79.37044400027719,-2.660009999596761,0.0],[-79.37058400014591,-2.659889999816985,0.0],[-79.37061800008642,-2.659698000032828,0.0],[-79.37055200032601,-2.659664000383485,0.0],[-79.3705730001937,-2.659380999895073,0.0],[-79.37068599978323,-2.659126999948539,0.0],[-79.37086100039743,-2.659028000185828,0.0],[-79.37185300022036,-2.659221000289083,0.0],[-79.3721289995815,-2.65918200011546,0.0],[-79.37218000039775,-2.659096000242136,0.0],[-79.37222499987409,-2.658808000428727,0.0],[-79.37218900028203,-2.658715999723144,0.0],[-79.37231099996464,-2.658242000233437,0.0],[-79.3724970000309,-2.658018999882313,0.0],[-79.37280500031395,-2.65778599984961,0.0],[-79.37299499995257,-2.657752000320965,0.0],[-79.37311299977848,-2.657488999984987,0.0],[-79.37336700002457,-2.657180000130412,0.0],[-79.37340999989505,-2.656994999748895,0.0],[-79.37367599998507,-2.657026000161721,0.0],[-79.37381199985069,-2.656786000180916,0.0],[-79.37369700029565,-2.656635999571897,0.0],[-79.37336100035537,-2.65644399982277,0.0],[-79.37298999995521,-2.656476000065227,0.0],[-79.37255100040365,-2.656316999974544,0.0],[-79.37211399984162,-2.656472000362363,0.0],[-79.37177599993844,-2.656254999784786,0.0],[-79.37094599985572,-2.656048000397602,0.0],[-79.3708300002227,-2.65588199967669,0.0],[-79.3708420003877,-2.655690999772462,0.0],[-79.37075200040296,-2.655651999980393,0.0],[-79.37086499955224,-2.655512999934696,0.0],[-79.37065099969159,-2.655333000333412,0.0],[-79.370512000027,-2.655086999735753,0.0],[-79.3703800002759,-2.654956999731717,0.0],[-79.36983999994278,-2.654732000112676,0.0],[-79.36968699976057,-2.654461999588143,0.0],[-79.36969200019004,-2.654368999782626,0.0],[-79.37016799957388,-2.654260999824658,0.0],[-79.37032800035945,-2.654161999752369,0.0],[-79.37029200015667,-2.653808999745991,0.0],[-79.36997599976837,-2.65356000017129,0.0],[-79.37000100002943,-2.653460000084467,0.0],[-79.37014500037019,-2.653335999868825,0.0],[-79.37043300023842,-2.653251999607295,0.0],[-79.3704330000717,-2.653145000204903,0.0],[-79.37051499956594,-2.65309300042853,0.0],[-79.37056800035838,-2.653165999722097,0.0],[-79.37075899998771,-2.653166999624687,0.0],[-79.37122300008782,-2.65303700019648,0.0],[-79.37160799998608,-2.653031000256423,0.0],[-79.37202900024147,-2.653276000175903,0.0],[-79.37219200032243,-2.653175999833573,0.0],[-79.37222899991974,-2.653090000264833,0.0],[-79.37218399985771,-2.652865000063176,0.0],[-79.37201500032462,-2.6525130004403,0.0],[-79.37201900023877,-2.652315000111731,0.0],[-79.37191700000066,-2.652154000166892,0.0],[-79.37190600013385,-2.652055000448218,0.0],[-79.37197900026815,-2.651886999904361,0.0],[-79.37191099969301,-2.651511999854184,0.0],[-79.371814999713,-2.651348000028047,0.0],[-79.3716049997309,-2.651153000420952,0.0],[-79.37161399993762,-2.65086799964063,0.0],[-79.37157000009616,-2.650693000313459,0.0],[-79.37134700035443,-2.650506999890994,0.0],[-79.37125100030939,-2.650502000334794,0.0],[-79.37121400011797,-2.650418000108545,0.0],[-79.37114700015192,-2.650024000320208,0.0],[-79.37121499965555,-2.64984399976455,0.0],[-79.37137000037613,-2.64972799988303,0.0],[-79.37183500024138,-2.649583999623666,0.0],[-79.37211800040143,-2.649336000369348,0.0],[-79.37221900032682,-2.649299000442789,0.0],[-79.37231500020353,-2.649280000333487,0.0],[-79.37294699978439,-2.649556999721512,0.0],[-79.37304600035245,-2.649553999601319,0.0],[-79.3732139997701,-2.649456000355073,0.0],[-79.3732860002919,-2.64927700044665,0.0],[-79.37290999969426,-2.648577999615227,0.0],[-79.37287900021309,-2.648290000365855,0.0],[-79.37267899960524,-2.647870000349991,0.0],[-79.37272599978697,-2.647789999707951,0.0],[-79.3727119998648,-2.647602000207074,0.0],[-79.37255000007785,-2.647521999557511,0.0],[-79.3724699997395,-2.647349000173719,0.0],[-79.37238200044543,-2.647308999654276,0.0],[-79.37236299985277,-2.6472159996608,0.0],[-79.37240899997981,-2.64712499995465,0.0],[-79.37227699980112,-2.646985000279891,0.0],[-79.37220599960129,-2.646817999570307,0.0],[-79.37217900043444,-2.646610999834601,0.0],[-79.37222500028784,-2.646422999974325,0.0],[-79.37204600030796,-2.646204999974595,0.0],[-79.37203899981209,-2.645915999755815,0.0],[-79.37189799957824,-2.645554999594998,0.0],[-79.37195299999412,-2.644529999677991,0.0],[-79.37214899977056,-2.644193999692173,0.0],[-79.3723250001925,-2.64372799971923,0.0],[-79.37228999978696,-2.643644000423805,0.0],[-79.37219300017571,-2.643628000387369,0.0],[-79.37170900010202,-2.643610999968852,0.0],[-79.37144200003043,-2.643693999621111,0.0],[-79.3713749996568,-2.643634000165976,0.0],[-79.3713569999149,-2.643540999744418,0.0],[-79.37157700015653,-2.643330999626932,0.0],[-79.37170900021643,-2.643077000033522,0.0],[-79.37171800005686,-2.642504999586798,0.0],[-79.37193199983312,-2.64206399968435,0.0],[-79.37206399964897,-2.641918999840241,0.0],[-79.37215600002637,-2.64166099987674,0.0],[-79.3725649997151,-2.641398000301505,0.0],[-79.37284600031231,-2.641438999849417,0.0],[-79.37309300014036,-2.641124000195004,0.0],[-79.37307899992581,-2.640933000069781,0.0],[-79.3728270000625,-2.640522000175516,0.0],[-79.37283700041685,-2.640316999821812,0.0],[-79.37323499963959,-2.639473999694382,0.0],[-79.37349199974219,-2.639194000165012,0.0],[-79.37366099969121,-2.638843000315715,0.0],[-79.37409600010773,-2.638460999864474,0.0],[-79.37440600009121,-2.638383999594162,0.0],[-79.37473802196357,-2.638086167554845,0.0],[-79.37484602176312,-2.638062167840966,0.0],[-79.37530600026894,-2.638124999978777,0.0],[-79.37558900038877,-2.637844000010173,0.0],[-79.3758390003343,-2.63767799957742,0.0],[-79.37614999982321,-2.637149999883499,0.0],[-79.3763009998777,-2.636996000288074,0.0],[-79.37713599998727,-2.636566999735874,0.0],[-79.37780699956424,-2.635835000277859,0.0],[-79.37790599985081,-2.635510000298637,0.0],[-79.37786265981427,-2.635217119955448,0.0]]}},{"type":"Feature","properties":{"provincia":"AZUAY","canton":"CUENCA","parroquia":"MOLLETURO","desde":"CHACANSEO","hasta":"CHACANSEO","estado_sup":"MALO","Suelo":"RURAL","ancho_via":5.7,"ancho_supe":2.6,"long_km":4.40904850764,"cod__via":"P019-2847","categoria":"VECINAL","cod__tramo":"P019-2847-1","identidad":null,"conexion":"OTROS","limituso":"Actualizado abril 2021","name":"9 jul. 2020 12:57:59 p. m.","importanci":"CONDUCE A PROYECTOS PRODUCTIVOS","cond__clim":"SECO - NUBLADO","tipo_terre":"MONTANOSO","uso_derech":"AGRICOLA","f__carrile":"1 CARRIL BIDIRECCIONAL","puentes":0.0,"alcantaril":0.0,"reservas":"SI","curvas":30.0,"anio":"2020:GPA-GAD PARROQUIALES","levan_orig":"GPA-Planificacion (Michelle Castro - Silvia Culcay)","responsabl":"GPA-Planificacion (Michelle Castro - Silvia Culcay)","ninguna2":null,"conservaci":"NINGUNA","dist_merc":0.0,"destino":null,"riesgos_po":null,"alt_i":0.0,"alt_f":0.0,"velocidad":0.0,"visibilida":0.0,"intersecci":0.0,"shi_contin":0.0,"shi_cont_1":0.0,"shi_segmen":0.0,"shi_segm_1":0.0,"ninguna":null,"shc_contin":0.0,"shc_cont_1":0.0,"shc_segmen":0.0,"shc_segm_1":0.0,"ninguna1":null,"shd_contin":0.0,"shd_cont_1":0.0,"shd_segmen":0.0,"shd_segm_1":0.0,"sv_regulat":0.0,"sv_informa":0.0,"ES_SEGMENT":0,"sv_prevent":0.0,"long_i":686862.8694,"long_f":688972.531,"lat_f":9706436.7111,"lat_i":9708451.4446,"sectproduc":null,"producto":null,"lado":null,"estado":null,"tipo":null,"situacvia":null,"calzada_m":0.0,"derecho_m":0.0,"observacio":null,"begin_":null,"end_":null,"Shape__Len":4409.04850764,"id":703.0,"id_FID_ini":964,"id_0":959,"solic_dere":null,"tipo_via":"9","tipo_sup":"TIERRA"},"geometry":{"type":"LineString","coordinates":[[-79.3191846454037,-2.63657160349269,0.0],[-79.31901478336363,-2.636766298561199,0.0],[-79.3187578237681,-2.636868286314051,0.0],[-79.31853811135929,-2.636897226452563,0.0],[-79.31824433038328,-2.63675388131229,0.0],[-79.3181812920377,-2.636786283430474,0.0],[-79.31811158632676,-2.63697299260481,0.0],[-79.31802585644932,-2.637063841818552,0.0],[-79.31772844958768,-2.637214505466186,0.0],[-79.31721803236174,-2.637215435861975,0.0],[-79.31727916878569,-2.637395825208658,0.0],[-79.3175340209107,-2.63766094602108,0.0],[-79.31776487785746,-2.637752225498254,0.0],[-79.31777449027919,-2.637810715592924,0.0],[-79.3175140680685,-2.638084882726143,0.0],[-79.3172815502408,-2.638027712809405,0.0],[-79.31705210304311,-2.638089127021561,0.0],[-79.31672385526971,-2.638351830664687,0.0],[-79.31668819361603,-2.638445996092517,0.0],[-79.31643589298862,-2.638686061026062,0.0],[-79.31641100003135,-2.639102000156688,0.0],[-79.31618899955106,-2.639404999842483,0.0],[-79.31597899983099,-2.639593999949419,0.0],[-79.31577611246273,-2.640462422782856,0.0],[-79.31551595737419,-2.640893915597151,0.0],[-79.31533628131614,-2.641054807917801,0.0],[-79.315271989628,-2.641202966380033,0.0],[-79.3151396886504,-2.641879561924521,0.0],[-79.31512001279226,-2.642211477491685,0.0],[-79.31519001472861,-2.642582187695559,0.0],[-79.31508090608321,-2.642694834710906,0.0],[-79.31494294045679,-2.642743434488631,0.0]]}},{"type":"Feature","properties":{"provincia":"AZUAY","canton":"CUENCA","parroquia":"MOLLETURO","desde":"ENTRADA FAMILIA GUTAMA","hasta":"RAMAL","estado_sup":"MALO","Suelo":"RURAL","ancho_via":5.0,"ancho_supe":3.0,"long_km":0.174924504525,"cod__via":"P015-2908","categoria":"VECINAL","cod__tramo":"P015-2908-1","identidad":null,"conexion":"ASENTAMIENTO HUMANO A ASENTAMIENTO HUMANO","limituso":"Actualizado abril 2021","name":"2020-07-09 23:31:44","importanci":"CONDUCE A VIVIENDAS","cond__clim":"NUBLADO","tipo_terre":"LLANO","uso_derech":"INFRAESTRUCTURA FISICA","f__carrile":"1 CARRIL BIDIRECCIONAL","puentes":0.0,"alcantaril":0.0,"reservas":"NO","curvas":1.0,"anio":"2020:GPA-GAD PARROQUIALES","levan_orig":"GPA-Planificacion (Rene Chacho)","responsabl":"GPA-Planificacion (Rene Chacho)","ninguna2":null,"conservaci":"MEJORAMIENTO","dist_merc":0.0,"destino":null,"riesgos_po":null,"alt_i":0.0,"alt_f":0.0,"velocidad":0.0,"visibilida":0.0,"intersecci":0.0,"shi_contin":0.0,"shi_cont_1":0.0,"shi_segmen":0.0,"shi_segm_1":0.0,"ninguna":null,"shc_contin":0.0,"shc_cont_1":0.0,"shc_segmen":0.0,"shc_segm_1":0.0,"ninguna1":null,"shd_contin":0.0,"shd_cont_1":0.0,"shd_segmen":0.0,"shd_segm_1":0.0,"sv_regulat":0.0,"sv_informa":0.0,"ES_SEGMENT":0,"sv_prevent":0.0,"long_i":673613.9908,"long_f":673616.5088,"lat_f":9698990.6804,"lat_i":9699158.8766,"sectproduc":null,"producto":null,"lado":null,"estado":null,"tipo":null,"situacvia":null,"calzada_m":0.0,"derecho_m":0.0,"observacio":null,"begin_":null,"end_":null,"Shape__Len":174.924504525,"id":8.0,"id_FID_ini":82,"id_0":84,"solic_dere":null,"tipo_via":"5","tipo_sup":"LASTRE"},"geometry":{"type":"LineString","coordinates":[[-79.43821976970835,-2.720767102636624,0.0],[-79.43830798498503,-2.72082571959526,0.0],[-79.43832185265761,-2.720995727419369,0.0],[-79.43820657271611,-2.721634809765304,0.0],[-79.43819516586444,-2.722288193407285,0.0]]}},{"type":"Feature","properties":{"provincia":"AZUAY","canton":"CUENCA","parroquia":"MOLLETURO","desde":"ENTRADA A LA IGLESIA","hasta":"RAMAL CENTRO","estado_sup":"REGULAR","Suelo":"RURAL","ancho_via":6.0,"ancho_supe":3.0,"long_km":0.0722372855521,"cod__via":"P015-2909","categoria":"VECINAL","cod__tramo":"P015-2909-1","identidad":null,"conexion":"ASENTAMIENTO HUMANO A ASENTAMIENTO HUMANO","limituso":"Actualizado abril 2021","name":"29 jul. 2020 17:20:01","importanci":"CONDUCE A VIVIENDAS","cond__clim":"NUBLADO","tipo_terre":"LLANO","uso_derech":"INFRAESTRUCTURA FISICA","f__carrile":"1 CARRIL BIDIRECCIONAL","puentes":0.0,"alcantaril":0.0,"reservas":"NO","curvas":0.0,"anio":"2020:GPA-GAD PARROQUIALES","levan_orig":"GPA-Planificacion (Rene Chacho)","responsabl":"GPA-Planificacion (Rene Chacho)","ninguna2":null,"conservaci":"MANTENIMIENTO PERIODICO","dist_merc":0.0,"destino":null,"riesgos_po":null,"alt_i":0.0,"alt_f":0.0,"velocidad":0.0,"visibilida":0.0,"intersecci":0.0,"shi_contin":0.0,"shi_cont_1":0.0,"shi_segmen":0.0,"shi_segm_1":0.0,"ninguna":null,"shc_contin":0.0,"shc_cont_1":0.0,"shc_segmen":0.0,"shc_segm_1":0.0,"ninguna1":null,"shd_contin":0.0,"shd_cont_1":0.0,"shd_segmen":0.0,"shd_segm_1":0.0,"sv_regulat":0.0,"sv_informa":0.0,"ES_SEGMENT":0,"sv_prevent":0.0,"long_i":673686.1966,"long_f":673665.2688,"lat_f":9699080.42,"lat_i":9699148.9262,"sectproduc":null,"producto":null,"lado":null,"estado":null,"tipo":null,"situacvia":null,"calzada_m":0.0,"derecho_m":0.0,"observacio":null,"begin_":null,"end_":null,"Shape__Len":72.2372855521,"id":693.0,"id_FID_ini":343,"id_0":346,"solic_dere":null,"tipo_via":"5","tipo_sup":"LASTRE"},"geometry":{"type":"LineString","coordinates":[[-79.43757027418489,-2.720856245973696,0.0],[-79.43775768967781,-2.721476042155772,0.0]]}},{"type":"Feature","properties":{"provincia":"AZUAY","canton":"CUENCA","parroquia":"MOLLETURO","desde":"HIERBA BUENA","hasta":"RAMAL","estado_sup":"MALO","Suelo":"RURAL","ancho_via":5.0,"ancho_supe":2.0,"long_km":0.171928657769,"cod__via":"P015-2912","categoria":"VECINAL","cod__tramo":"P015-2912-1","identidad":null,"conexion":"ASENTAMIENTO HUMANO A ASENTAMIENTO HUMANO","limituso":"Actualizado abril 2021","name":"29 jul. 2020 16:44:32","importanci":"CONDUCE A VIVIENDAS","cond__clim":"NUBLADO","tipo_terre":"LLANO","uso_derech":"INFRAESTRUCTURA FISICA","f__carrile":"1 CARRIL BIDIRECCIONAL","puentes":0.0,"alcantaril":0.0,"reservas":"NO","curvas":4.0,"anio":"2020:GPA-GAD PARROQUIALES","levan_orig":"GPA-Planificacion (Rene Chacho)","responsabl":"GPA-Planificacion (Rene Chacho)","ninguna2":null,"conservaci":"MANTENIMIENTO PERIODICO","dist_merc":0.0,"destino":null,"riesgos_po":null,"alt_i":0.0,"alt_f":0.0,"velocidad":0.0,"visibilida":0.0,"intersecci":0.0,"shi_contin":0.0,"shi_cont_1":0.0,"shi_segmen":0.0,"shi_segm_1":0.0,"ninguna":null,"shc_contin":0.0,"shc_cont_1":0.0,"shc_segmen":0.0,"shc_segm_1":0.0,"ninguna1":null,"shd_contin":0.0,"shd_cont_1":0.0,"shd_segmen":0.0,"shd_segm_1":0.0,"sv_regulat":0.0,"sv_informa":0.0,"ES_SEGMENT":1,"sv_prevent":0.0,"long_i":673783.2754,"long_f":673552.0858,"lat_f":9699613.609,"lat_i":9699131.6887,"sectproduc":null,"producto":null,"lado":null,"estado":null,"tipo":null,"situacvia":null,"calzada_m":0.0,"derecho_m":0.0,"observacio":null,"begin_":null,"end_":null,"Shape__Len":171.928657769,"id":670.0,"id_FID_ini":931,"id_0":926,"solic_dere":null,"tipo_via":"5","tipo_sup":"LASTRE"},"geometry":{"type":"LineString","coordinates":[[-79.43669699971858,-2.721010999975304,0.0],[-79.43821976970835,-2.720767102636624,0.0]]}},{"type":"Feature","properties":{"provincia":"AZUAY","canton":"CUENCA","parroquia":"MOLLETURO","desde":"ENTRADA ESTADIO","hasta":"ESTADIO","estado_sup":"MALO","Suelo":"RURAL","ancho_via":5.0,"ancho_supe":3.0,"long_km":0.10349046432,"cod__via":"P015-2911","categoria":"VECINAL","cod__tramo":"P015-2911-1","identidad":null,"conexion":"ASENTAMIENTO HUMANO A ASENTAMIENTO HUMANO","limituso":"Actualizado abril 2021","name":"2020-07-29 22:21:46","importanci":"VIA ALTERNA","cond__clim":"NUBLADO","tipo_terre":"LLANO","uso_derech":"-","f__carrile":"1 CARRIL BIDIRECCIONAL","puentes":0.0,"alcantaril":0.0,"reservas":"NO","curvas":1.0,"anio":"2020:GPA-GAD PARROQUIALES","levan_orig":"GPA-Planificacion (Rene Chacho)","responsabl":"GPA-Planificacion (Rene Chacho)","ninguna2":null,"conservaci":"MANTENIMIENTO PERIODICO","dist_merc":0.0,"destino":null,"riesgos_po":null,"alt_i":0.0,"alt_f":0.0,"velocidad":0.0,"visibilida":0.0,"intersecci":0.0,"shi_contin":0.0,"shi_cont_1":0.0,"shi_segmen":0.0,"shi_segm_1":0.0,"ninguna":null,"shc_contin":0.0,"shc_cont_1":0.0,"shc_segmen":0.0,"shc_segm_1":0.0,"ninguna1":null,"shd_contin":0.0,"shd_cont_1":0.0,"shd_segmen":0.0,"shd_segm_1":0.0,"sv_regulat":0.0,"sv_informa":0.0,"ES_SEGMENT":0,"sv_prevent":0.0,"long_i":673674.5451,"long_f":673597.5374,"lat_f":9699305.434,"lat_i":9699355.5855,"sectproduc":null,"producto":null,"lado":null,"estado":null,"tipo":null,"situacvia":null,"calzada_m":0.0,"derecho_m":0.0,"observacio":null,"begin_":null,"end_":null,"Shape__Len":103.49046432,"id":681.0,"id_FID_ini":935,"id_0":930,"solic_dere":null,"tipo_via":"5","tipo_sup":"LASTRE"},"geometry":{"type":"LineString","coordinates":[[-79.43767746695282,-2.718987412866114,0.0],[-79.43790613746096,-2.718996367028371,0.0],[-79.43820537957014,-2.719102587031094,0.0],[-79.43836944795417,-2.719441870190145,0.0]]}},{"type":"Feature","properties":{"provincia":"AZUAY","canton":"CUENCA","parroquia":"MOLLETURO","desde":"HIERBA BUENA","hasta":"RAMAL","estado_sup":"MALO","Suelo":"RURAL","ancho_via":5.0,"ancho_supe":2.0,"long_km":0.775841235192,"cod__via":"P015-2912","categoria":"VECINAL","cod__tramo":"P015-2912-1","identidad":null,"conexion":"ASENTAMIENTO HUMANO A ASENTAMIENTO HUMANO","limituso":"Actualizado abril 2021","name":"29 jul. 2020 16:44:32","importanci":"CONDUCE A VIVIENDAS","cond__clim":"NUBLADO","tipo_terre":"LLANO","uso_derech":"INFRAESTRUCTURA FISICA","f__carrile":"1 CARRIL BIDIRECCIONAL","puentes":0.0,"alcantaril":0.0,"reservas":"NO","curvas":4.0,"anio":"2020:GPA-GAD PARROQUIALES","levan_orig":"GPA-Planificacion (Rene Chacho)","responsabl":"GPA-Planificacion (Rene Chacho)","ninguna2":null,"conservaci":"MANTENIMIENTO PERIODICO","dist_merc":0.0,"destino":null,"riesgos_po":null,"alt_i":0.0,"alt_f":0.0,"velocidad":0.0,"visibilida":0.0,"intersecci":0.0,"shi_contin":0.0,"shi_cont_1":0.0,"shi_segmen":0.0,"shi_segm_1":0.0,"ninguna":null,"shc_contin":0.0,"shc_cont_1":0.0,"shc_segmen":0.0,"shc_segm_1":0.0,"ninguna1":null,"shd_contin":0.0,"shd_cont_1":0.0,"shd_segmen":0.0,"shd_segm_1":0.0,"sv_regulat":0.0,"sv_informa":0.0,"ES_SEGMENT":1,"sv_prevent":0.0,"long_i":673783.2754,"long_f":673552.0858,"lat_f":9699613.609,"lat_i":9699131.6887,"sectproduc":null,"producto":null,"lado":null,"estado":null,"tipo":null,"situacvia":null,"calzada_m":0.0,"derecho_m":0.0,"observacio":null,"begin_":null,"end_":null,"Shape__Len":775.841235192,"id":670.0,"id_FID_ini":931,"id_0":926,"solic_dere":null,"tipo_via":"5","tipo_sup":"LASTRE"},"geometry":{"type":"LineString","coordinates":[[-79.43821976970835,-2.720767102636624,0.0],[-79.43848499981458,-2.7207649996547,0.0],[-79.43952099958858,-2.7209929998594,0.0],[-79.43960900033132,-2.720943000186617,0.0],[-79.44002599965171,-2.72034799977815,0.0],[-79.44016100029532,-2.719658999947252,0.0],[-79.44012600042204,-2.719476999664383,0.0],[-79.43941000008995,-2.719376000127603,0.0],[-79.43918745186308,-2.71930216077018,0.0],[-79.43919800018546,-2.718048999885388,0.0],[-79.43905599988717,-2.717671000269492,0.0],[-79.43863080887283,-2.717473975143173,0.0],[-79.43875361314466,-2.717047327008332,0.0],[-79.43878179675558,-2.716655350797286,0.0]]}},{"type":"Feature","properties":{"provincia":"AZUAY","canton":"CUENCA","parroquia":"MOLLETURO","desde":"CRUZPAMBA","hasta":"SAN FRANCISCO DE JAVIER","estado_sup":"MALO","Suelo":"RURAL","ancho_via":6.0,"ancho_supe":4.5,"long_km":17.5641751066,"cod__via":"P015-0228","categoria":"VECINAL","cod__tramo":"P015-0228-1","identidad":"010157022851","conexion":"ASENTAMIENTO HUMANO A ASENTAMIENTO HUMANO","limituso":"Referencial","name":null,"importanci":"NORMAL","cond__clim":"LLUVIOSO","tipo_terre":"MONTANOSO","uso_derech":"-","f__carrile":"1 CARRIL BIDIRECCIONAL","puentes":0.0,"alcantaril":0.0,"reservas":"SI","curvas":190.0,"anio":"2017:CONGOPE","levan_orig":"CONGOPE","responsabl":"CONGOPE","ninguna2":"-","conservaci":"MANTENIMIENTO RUTINARIO","dist_merc":9.6,"destino":"PARROQUIA","riesgos_po":"NO","alt_i":2300.0,"alt_f":1312.0,"velocidad":0.0,"visibilida":40.0,"intersecci":0.0,"shi_contin":0.0,"shi_cont_1":0.0,"shi_segmen":0.0,"shi_segm_1":0.0,"ninguna":null,"shc_contin":0.0,"shc_cont_1":0.0,"shc_segmen":0.0,"shc_segm_1":0.0,"ninguna1":null,"shd_contin":0.0,"shd_cont_1":0.0,"shd_segmen":0.0,"shd_segm_1":0.0,"sv_regulat":0.0,"sv_informa":0.0,"ES_SEGMENT":0,"sv_prevent":0.0,"long_i":678507.4682,"long_f":680281.9693,"lat_f":9702598.365,"lat_i":9696158.9741,"sectproduc":null,"producto":null,"lado":null,"estado":null,"tipo":null,"situacvia":null,"calzada_m":0.0,"derecho_m":0.0,"observacio":null,"begin_":null,"end_":null,"Shape__Len":17564.1751066,"id":75.0,"id_FID_ini":299,"id_0":302,"solic_dere":null,"tipo_via":"5","tipo_sup":"LASTRE"},"geometry":{"type":"MultiLineString","coordinates":[[[-79.39750309996533,-2.745873610791042,0.0],[-79.39773601766754,-2.745639038756466,0.0],[-79.3983938811737,-2.745452588462661,0.0],[-79.39845942160593,-2.745366508748287,0.0],[-79.39850558252054,-2.745076731922421,0.0],[-79.39858015942575,-2.744931989706217,0.0],[-79.39921614336535,-2.744634645914831,0.0],[-79.39922288767973,-2.744093872282501,0.0],[-79.39948087012662,-2.743573899441522,0.0],[-79.39917876622432,-2.742961746427774,0.0],[-79.39918704486942,-2.74266543603763,0.0],[-79.40015167961255,-2.741493262469193,0.0],[-79.40100280030883,-2.74097638045613,0.0],[-79.40096043718593,-2.740873651877946,0.0],[-79.400644537972,-2.7407540289624,0.0],[-79.40021479857474,-2.740412446867294,0.0],[-79.40000977652392,-2.740308237409691,0.0],[-79.39996611807793,-2.740202395226507,0.0],[-79.39999500764661,-2.740067694758174,0.0],[-79.40005816267362,-2.74001800916779,0.0],[-79.40014560322605,-2.74003228066441,0.0],[-79.4003498358136,-2.740277255845452,0.0],[-79.40048063957862,-2.740339363650302,0.0],[-79.40083175092408,-2.740349770234031,0.0],[-79.40091585064971,-2.740308345968938,0.0],[-79.40091526069521,-2.740251415871163,0.0],[-79.40052423697858,-2.740130838486463,0.0],[-79.40031132667819,-2.739757740429859,0.0],[-79.4001873315326,-2.739647147441617,0.0],[-79.3998151571919,-2.739533613093919,0.0],[-79.39961302948014,-2.739538387096054,0.0],[-79.39922333279151,-2.740022439804225,0.0],[-79.39835714356023,-2.740665142337098,0.0],[-79.39747760570508,-2.741087339216142,0.0],[-79.39720489412429,-2.741385156501131,0.0],[-79.39705142264891,-2.741716297780669,0.0],[-79.39631317892315,-2.742260149973544,0.0],[-79.39584415490317,-2.742493276786959,0.0],[-79.39564875635114,-2.742750130698458,0.0],[-79.39550093132044,-2.742766762413621,0.0],[-79.3950719118777,-2.742617342633964,0.0],[-79.39458665091266,-2.742717662244437,0.0],[-79.39444961299081,-2.742705747042355,0.0],[-79.3943251429084,-2.742565436758967,0.0],[-79.39432050407866,-2.742363164367202,0.0],[-79.3946990482972,-2.742153838306537,0.0],[-79.3949961884236,-2.74180475094145,0.0],[-79.39540432631811,-2.741612910278532,0.0],[-79.39593752251388,-2.741583067697686,0.0],[-79.39607612582341,-2.741479790696879,0.0],[-79.39625890545942,-2.741110670945376,0.0],[-79.39634926945003,-2.740765047556322,0.0],[-79.39636248246202,-2.74044560628323,0.0],[-79.39630431278002,-2.740270045038929,0.0],[-79.39611882911129,-2.740127101652912,0.0],[-79.39590093664937,-2.740097734219929,0.0],[-79.3947746601474,-2.740344518936718,0.0],[-79.39384589061362,-2.739912336961122,0.0],[-79.39359205314042,-2.739976394771244,0.0],[-79.39291048693478,-2.740318172559455,0.0],[-79.39265714714072,-2.740289598699075,0.0],[-79.39243428133422,-2.74017898223834,0.0],[-79.39232786700094,-2.740021056973012,0.0],[-79.39229256268814,-2.739804508871329,0.0],[-79.39239119624533,-2.738871312679049,0.0],[-79.39236481026546,-2.738453361658467,0.0],[-79.39240478472651,-2.737862719702374,0.0],[-79.39236691889286,-2.737542292288901,0.0],[-79.39226585141255,-2.73731807257178,0.0],[-79.39192009568396,-2.736823060718086,0.0],[-79.3916030403355,-2.736112480709157,0.0],[-79.39136397250257,-2.73583073906362,0.0],[-79.39121701600266,-2.735747220185478,0.0],[-79.3910652651605,-2.735760838652368,0.0],[-79.39046217587496,-2.736013479403989,0.0],[-79.39020895670488,-2.736382764931176,0.0],[-79.3896141985083,-2.736917056911472,0.0],[-79.38921072324419,-2.737424729275131,0.0],[-79.38900084645398,-2.73759441339819,0.0],[-79.38869550377575,-2.737748749124437,0.0],[-79.38867521588281,-2.73788247629744,0.0],[-79.38888548179914,-2.738131071092003,0.0],[-79.38904655193204,-2.738448485753475,0.0],[-79.38901341476601,-2.738540108838581,0.0],[-79.38890036370641,-2.738527736467283,0.0],[-79.3886285718856,-2.738190557686345,0.0],[-79.3880387705697,-2.737813737323862,0.0],[-79.38799216902163,-2.737670174496862,0.0],[-79.38841341737292,-2.736926937785089,0.0],[-79.38872697371053,-2.736650513821246,0.0],[-79.38911205890375,-2.735908464697335,0.0],[-79.38934232677379,-2.735639089462935,0.0],[-79.38936798186782,-2.735524074172573,0.0],[-79.38930581291555,-2.735472553422796,0.0],[-79.38906654315376,-2.735563071796311,0.0],[-79.38886473653183,-2.735837881643514,0.0],[-79.38844888543522,-2.736143266076449,0.0],[-79.38794837047647,-2.736163331319819,0.0],[-79.38769751118225,-2.736074573924913,0.0],[-79.38759748390565,-2.736101096345488,0.0],[-79.387335286387,-2.736465458872184,0.0],[-79.38722248899009,-2.73670958259985,0.0],[-79.38700556597503,-2.736952598749274,0.0],[-79.38687577612824,-2.73736365079317,0.0],[-79.3867420779061,-2.737554638972644,0.0],[-79.386672674434,-2.73776222754531,0.0],[-79.38658932886426,-2.737819645997104,0.0],[-79.38628869776208,-2.737876562427344,0.0],[-79.38613147629397,-2.738005074986254,0.0],[-79.38589680440933,-2.73849861976223,0.0],[-79.38581885567405,-2.738815301096971,0.0],[-79.38587270802286,-2.739243094895661,0.0],[-79.38581261361693,-2.739516182630374,0.0],[-79.38584350704636,-2.739899358132887,0.0],[-79.38579660681685,-2.74024083715813,0.0],[-79.38569278587345,-2.74056730006576,0.0],[-79.38552544930145,-2.740796240295193,0.0],[-79.38469427729078,-2.741433473622345,0.0],[-79.38463576796957,-2.741387962420343,0.0],[-79.38463464856977,-2.741304614171482,0.0],[-79.38483189863837,-2.740974809168653,0.0],[-79.38490807368598,-2.740676229932438,0.0],[-79.38506502348488,-2.740450903119875,0.0],[-79.38506928968208,-2.740359857991178,0.0],[-79.38495931453299,-2.740363532514631,0.0],[-79.38478854672738,-2.740459162158596,0.0],[-79.38453700997329,-2.740748778414714,0.0],[-79.38410025911844,-2.741106512162387,0.0],[-79.38403440265641,-2.740954785024395,0.0],[-79.38406109214414,-2.740648554049134,0.0],[-79.38413946144036,-2.740519115819011,0.0],[-79.38437280699162,-2.740363818035509,0.0],[-79.3845119171902,-2.740034086131416,0.0],[-79.38396783274138,-2.740297779399745,0.0],[-79.38383763245803,-2.740478426662949,0.0],[-79.38364724648896,-2.74097282875833,0.0],[-79.38352348172637,-2.74147508499552,0.0],[-79.38353166817112,-2.742371581662078,0.0],[-79.38358906851062,-2.742707806414627,0.0],[-79.38353346685116,-2.743015170949155,0.0],[-79.38356889013119,-2.743426243316696,0.0],[-79.3836929803668,-2.743783661686598,0.0],[-79.38377120964078,-2.744232118375822,0.0],[-79.38389830755213,-2.744548506918462,0.0],[-79.38428413533443,-2.74490702430933,0.0],[-79.38440239638788,-2.745096926642984,0.0],[-79.38448517343294,-2.745650026592557,0.0],[-79.38441167134445,-2.745879248623231,0.0]],[[-79.38332491749756,-2.745879716634477,0.0],[-79.38230925033687,-2.745141723615964,0.0],[-79.38217906136272,-2.744844485027832,0.0],[-79.3823248991491,-2.744564443639771,0.0],[-79.38229378308283,-2.744445244277406,0.0],[-79.3818585720196,-2.744319909213113,0.0],[-79.3816012587076,-2.744004665836039,0.0],[-79.3812466096033,-2.744003241073253,0.0],[-79.38111401669259,-2.743758358397706,0.0],[-79.38027397685357,-2.742750944199108,0.0],[-79.3802881120496,-2.742623734284255,0.0],[-79.3805361578736,-2.742072666085035,0.0],[-79.38063805509915,-2.741127356252323,0.0],[-79.38043404128167,-2.73986976959567,0.0],[-79.38050603984014,-2.739289932290888,0.0],[-79.38058224640204,-2.73910218727627,0.0],[-79.38095871024632,-2.738615333419849,0.0],[-79.38129085962254,-2.738426098181353,0.0],[-79.3813817209385,-2.738310470307491,0.0],[-79.38172946695731,-2.737502328592617,0.0],[-79.38174925719846,-2.736841786341177,0.0],[-79.38164211216365,-2.736596517195815,0.0],[-79.38150062712782,-2.736444322296981,0.0],[-79.38079346050681,-2.736052028548169,0.0],[-79.38050433709967,-2.736072353920235,0.0],[-79.37996396646814,-2.73629335396408,0.0],[-79.37923525322933,-2.736440473936871,0.0],[-79.37889925202434,-2.736369895241323,0.0],[-79.37855423416048,-2.73609723949908,0.0],[-79.37862977596014,-2.73596697500031,0.0],[-79.37909232161928,-2.735865184154624,0.0],[-79.37964814167019,-2.735519523887769,0.0],[-79.37979543426361,-2.735281101622426,0.0],[-79.38002273806676,-2.735051106985386,0.0],[-79.38001858424636,-2.734720571989316,0.0],[-79.38023616437572,-2.734300794652898,0.0],[-79.38025079371452,-2.734093703334932,0.0],[-79.38017553840467,-2.733936914759003,0.0],[-79.37993076641338,-2.733747877800532,0.0],[-79.37927584522018,-2.733007505679178,0.0],[-79.3791228713776,-2.732938782021696,0.0],[-79.37844010120337,-2.732815819181565,0.0],[-79.37830984052643,-2.732739383265707,0.0],[-79.37831518454814,-2.732593842107244,0.0],[-79.37854837447966,-2.732354606832478,0.0],[-79.37877127369472,-2.732212933908503,0.0],[-79.37877315846468,-2.732105851739456,0.0],[-79.37771863095057,-2.731932283568488,0.0],[-79.37752514179743,-2.731845435985244,0.0],[-79.37745162906404,-2.731739443457953,0.0],[-79.37750348572786,-2.731686844673396,0.0],[-79.37773081800462,-2.731654732403732,0.0],[-79.37813745254279,-2.731333508368436,0.0],[-79.37842787398692,-2.730986027869832,0.0],[-79.3785169911553,-2.730804995239601,0.0],[-79.37878642405879,-2.730519699751928,0.0],[-79.37877374293863,-2.730306172369751,0.0],[-79.3784513547257,-2.729827091153612,0.0],[-79.37847680680251,-2.729688761368693,0.0],[-79.37855452279389,-2.729641366765488,0.0],[-79.37887256867225,-2.729645762529842,0.0],[-79.37925034338723,-2.729542840582403,0.0],[-79.37946982818345,-2.729407768799378,0.0],[-79.37968628952123,-2.729130269760052,0.0],[-79.37971371553472,-2.728981793026882,0.0],[-79.37965590299683,-2.728614595469157,0.0],[-79.37971629139096,-2.728242253968605,0.0],[-79.37955804937197,-2.727176895681362,0.0],[-79.37947888038818,-2.727056254281792,0.0],[-79.37907557718279,-2.726849669812008,0.0],[-79.37892427249096,-2.726694069958126,0.0],[-79.37891591438328,-2.726561570766469,0.0],[-79.37903224666783,-2.726222950450468,0.0],[-79.37886592493327,-2.725710016120424,0.0],[-79.3782439477788,-2.72556330922978,0.0],[-79.37747170502088,-2.725062485892964,0.0],[-79.37726394022631,-2.724994234678317,0.0],[-79.37716016747383,-2.724581807677255,0.0],[-79.37673588343289,-2.724254494251506,0.0],[-79.37637749583246,-2.724288922894404,0.0],[-79.37611226202716,-2.724205815809102,0.0],[-79.37614757814642,-2.723946936532148,0.0],[-79.3759919501037,-2.723691433137439,0.0],[-79.3760854691968,-2.723499157359289,0.0],[-79.37606786230471,-2.723235289454583,0.0],[-79.37593095733767,-2.72295421755794,0.0],[-79.37575240146113,-2.722757573323607,0.0],[-79.37575147341627,-2.722380866503533,0.0],[-79.3755213732993,-2.721981924346887,0.0],[-79.37563951255828,-2.721766362426146,0.0],[-79.37558696287954,-2.721518311313942,0.0],[-79.37569571401849,-2.721284623483569,0.0],[-79.37568564323296,-2.720985844494002,0.0],[-79.37585523758274,-2.720785867092634,0.0],[-79.37581300221109,-2.720076048852383,0.0],[-79.37602292290615,-2.719811394568514,0.0],[-79.3760931159857,-2.719434010666982,0.0],[-79.37588796672402,-2.718911780435683,0.0],[-79.37575625961401,-2.718846648500556,0.0],[-79.37551607233564,-2.718869518279817,0.0],[-79.37546212034457,-2.718763369970432,0.0],[-79.37551752723888,-2.718540920515111,0.0],[-79.37575790427947,-2.718279947337732,0.0],[-79.37585380135249,-2.718078788438201,0.0],[-79.37574099634523,-2.71734023235988,0.0],[-79.375754538885,-2.716973116677589,0.0],[-79.37615583823455,-2.716418044619234,0.0],[-79.37624273764251,-2.716203812821567,0.0],[-79.37617221583014,-2.716167532827064,0.0],[-79.37585660456142,-2.716299903402981,0.0],[-79.37558822055826,-2.716268326292969,0.0],[-79.37530709144859,-2.716330300110211,0.0],[-79.37522633545154,-2.716317581645808,0.0],[-79.37518833482108,-2.716257049397958,0.0],[-79.37548222529122,-2.715996500158235,0.0],[-79.375624030379,-2.715739404273549,0.0],[-79.37601288409842,-2.715336645211569,0.0],[-79.37605852898542,-2.715100216553007,0.0],[-79.37592916399618,-2.714591284391164,0.0],[-79.37605815789873,-2.714314680513311,0.0],[-79.3760563305179,-2.714173876672382,0.0],[-79.37586592170524,-2.713735686074626,0.0],[-79.37574438636649,-2.713608487515992,0.0],[-79.3754309751117,-2.713586376328911,0.0],[-79.37509470831182,-2.713458194158874,0.0],[-79.3746709798291,-2.71351509666957,0.0],[-79.37380045979158,-2.71322137810257,0.0],[-79.37377261243815,-2.713102355690261,0.0],[-79.37384035101638,-2.712986228841441,0.0],[-79.37424116049378,-2.712872530678331,0.0],[-79.37455196476456,-2.712701686328686,0.0],[-79.37460494599934,-2.712619542864716,0.0],[-79.37452229968842,-2.712520793311619,0.0],[-79.37378034168192,-2.712121293806417,0.0],[-79.37356456192101,-2.711916372363651,0.0],[-79.37351448598837,-2.711769270759113,0.0],[-79.37357456745636,-2.711419028279487,0.0],[-79.37353085369611,-2.711109315830332,0.0],[-79.37358822063497,-2.711048157344949,0.0],[-79.37383879474547,-2.711051021564338,0.0],[-79.37398210934839,-2.710998286422162,0.0],[-79.37419394550612,-2.711033582367511,0.0],[-79.37447836536735,-2.710925900557464,0.0],[-79.37455024271769,-2.710862011459847,0.0],[-79.37459514800378,-2.710542639799802,0.0],[-79.37451372795645,-2.710486001054545,0.0],[-79.37419647597544,-2.710445587227411,0.0],[-79.37383855606043,-2.710187090584653,0.0],[-79.37351265887726,-2.710061377025736,0.0],[-79.37344412108504,-2.709912147936111,0.0],[-79.37368444119423,-2.709605625115648,0.0],[-79.37373826633463,-2.709389631454686,0.0],[-79.37373505423669,-2.709122596399788,0.0],[-79.37357606668782,-2.708975227602854,0.0],[-79.37329421200735,-2.708894449971607,0.0],[-79.37304672260909,-2.708737630669247,0.0],[-79.3728256652292,-2.708707211225269,0.0],[-79.3727367237544,-2.708561525001391,0.0],[-79.37273661253683,-2.707987303497311,0.0],[-79.37277538319407,-2.707831918741491,0.0],[-79.37287637344488,-2.707703467958929,0.0],[-79.37342517225295,-2.7073165153998,0.0],[-79.37356328725286,-2.707160048190759,0.0],[-79.37377151605104,-2.706623067949407,0.0],[-79.37388693467581,-2.705996620323138,0.0],[-79.37396893688457,-2.70580520211474,0.0],[-79.37419446851615,-2.705683367750638,0.0],[-79.3746225037829,-2.70563162343796,0.0],[-79.3750330852587,-2.70547322576294,0.0],[-79.3759793242096,-2.705248797181545,0.0],[-79.37635791293059,-2.705259917280298,0.0],[-79.37669559970826,-2.705088225429564,0.0],[-79.37707352338822,-2.704983427845862,0.0],[-79.37716598066315,-2.704828357097674,0.0],[-79.37726486375503,-2.7042603798472,0.0],[-79.37783917329352,-2.703413935149156,0.0],[-79.3780061021607,-2.702997316497735,0.0],[-79.37833599345728,-2.702464853403571,0.0],[-79.37863996420501,-2.70226133721999,0.0],[-79.37971333814248,-2.701718247177868,0.0],[-79.3800321487427,-2.701667554481317,0.0],[-79.38031545305957,-2.701512921590651,0.0],[-79.38048370371718,-2.701301122454113,0.0],[-79.38076298797415,-2.700418035296485,0.0],[-79.380769066242,-2.700240916713802,0.0],[-79.38056561797097,-2.699929828515457,0.0],[-79.38072875061528,-2.699702147383737,0.0],[-79.3806870532569,-2.699469946946782,0.0],[-79.38060747613883,-2.699385877013659,0.0],[-79.3802763510761,-2.699283059509397,0.0],[-79.38011337187329,-2.699122636751063,0.0],[-79.38002049746804,-2.698900883607693,0.0],[-79.37991758090037,-2.698301245749148,0.0],[-79.37978639623063,-2.698097070725631,0.0],[-79.37826979353385,-2.697802683264223,0.0],[-79.3775009302206,-2.697980985734088,0.0],[-79.37705903482278,-2.697839288723539,0.0],[-79.37681247270098,-2.697818339818368,0.0],[-79.37597473672648,-2.698029740139939,0.0],[-79.37587204391895,-2.697967765780549,0.0],[-79.37562767743042,-2.697612572075587,0.0],[-79.37550868004958,-2.697310944730314,0.0],[-79.37546390718458,-2.696862495031028,0.0],[-79.37555938700109,-2.696515463394826,0.0],[-79.37555906696298,-2.696340494460248,0.0],[-79.37526864628886,-2.695592305019414,0.0],[-79.37525773715048,-2.695467350364219,0.0],[-79.375356323395,-2.695458254650485,0.0],[-79.37569619951009,-2.695812478338967,0.0],[-79.376139996169,-2.696168263952385,0.0],[-79.37640092637072,-2.696243893510842,0.0],[-79.37671543872719,-2.69616970381383,0.0],[-79.37687589867615,-2.69605152807259,0.0],[-79.37728940793106,-2.695333931664535,0.0],[-79.3773062602391,-2.695115112963804,0.0],[-79.3771532963234,-2.694963659537637,0.0],[-79.37692860305198,-2.694945423499618,0.0],[-79.37643570903603,-2.695032663778341,0.0],[-79.37630250924936,-2.694986372590259,0.0],[-79.37619142119668,-2.694585436028225,0.0],[-79.37589763777063,-2.694235246261761,0.0],[-79.37592235778865,-2.693553862038035,0.0],[-79.37599132534842,-2.693460002733262,0.0],[-79.37614076805575,-2.693468333029583,0.0],[-79.3762928694431,-2.693614899958644,0.0],[-79.37641119167006,-2.693858982622257,0.0],[-79.37647190618941,-2.693846719617115,0.0],[-79.37662617690793,-2.693242215415635,0.0],[-79.37664486754369,-2.692266486701972,0.0],[-79.3766035819725,-2.692018930549638,0.0],[-79.3766503675891,-2.691824247390525,0.0],[-79.37676419871995,-2.691675680709773,0.0],[-79.37726839354379,-2.691283991462214,0.0],[-79.37769417527625,-2.691214867377227,0.0],[-79.3782124146173,-2.690648612719132,0.0],[-79.37841791499478,-2.690256079205592,0.0],[-79.37837221538808,-2.690025318012745,0.0],[-79.37841993048742,-2.689870028308279,0.0],[-79.37831307201783,-2.689713667531098,0.0],[-79.37829379775968,-2.689582672270542,0.0]]]}},{"type":"Feature","properties":{"provincia":"AZUAY","canton":"CUENCA","parroquia":"MOLLETURO","desde":"ENTRADA HIERBA BUENA","hasta":"HIERBA BUENA","estado_sup":"BUENO","Suelo":"RURAL","ancho_via":84.0,"ancho_supe":62.0,"long_km":3.80392867099,"cod__via":"P018-2910","categoria":"VECINAL","cod__tramo":"P018-2910-1","identidad":null,"conexion":"VIA ESTATAL CON ASENTAMIENTOS HUMANOS","limituso":"Actualizado abril 2021","name":"9 jul. 2020 6:31:43 p. m.","importanci":"CONDUCE A PROYECTOS PRODUCTIVOS","cond__clim":"NUBLADO","tipo_terre":"MONTANOSO","uso_derech":"AGRICOLA","f__carrile":"2 CARRIL BIDIRECCIONAL","puentes":0.0,"alcantaril":0.0,"reservas":"NO","curvas":20.0,"anio":"2020:GPA-GAD PARROQUIALES","levan_orig":"GPA-Planificacion (Michelle Castro - Silvia Culcay)","responsabl":"GPA-Planificacion (Michelle Castro - Silvia Culcay)","ninguna2":null,"conservaci":"MANTENIMIENTO PERIODICO","dist_merc":0.0,"destino":null,"riesgos_po":null,"alt_i":0.0,"alt_f":0.0,"velocidad":0.0,"visibilida":0.0,"intersecci":0.0,"shi_contin":0.0,"shi_cont_1":0.0,"shi_segmen":0.0,"shi_segm_1":0.0,"ninguna":null,"shc_contin":0.0,"shc_cont_1":0.0,"shc_segmen":0.0,"shc_segm_1":0.0,"ninguna1":null,"shd_contin":0.0,"shd_cont_1":0.0,"shd_segmen":0.0,"shd_segm_1":0.0,"sv_regulat":0.0,"sv_informa":0.0,"ES_SEGMENT":0,"sv_prevent":0.0,"long_i":673613.9908,"long_f":674109.7055,"lat_f":9700950.2446,"lat_i":9699158.8766,"sectproduc":null,"producto":null,"lado":null,"estado":null,"tipo":null,"situacvia":null,"calzada_m":0.0,"derecho_m":0.0,"observacio":null,"begin_":null,"end_":null,"Shape__Len":3803.92867099,"id":3126.0,"id_FID_ini":1105,"id_0":1100,"solic_dere":null,"tipo_via":"8","tipo_sup":"PAVIMENTO FLEXIBLE"},"geometry":{"type":"LineString","coordinates":[[-79.43821976970835,-2.720767102636624,0.0],[-79.43767811275161,-2.718988058524911,0.0],[-79.43721606097647,-2.718564182361342,0.0],[-79.43700357124361,-2.718521997167909,0.0],[-79.43636570926562,-2.718699277774864,0.0],[-79.43597596354485,-2.71876163232486,0.0],[-79.43578846848942,-2.718727862106892,0.0],[-79.43563036678745,-2.718522304713539,0.0],[-79.43530688097186,-2.717293967448105,0.0],[-79.43529045902356,-2.717101167230803,0.0],[-79.43567959734915,-2.715890521236596,0.0],[-79.43580065570545,-2.715735617659881,0.0],[-79.43656388887061,-2.71528819044455,0.0],[-79.43680596032027,-2.715011909756222,0.0],[-79.43718180235976,-2.714417297742926,0.0],[-79.43721539218886,-2.714222467838602,0.0],[-79.43718859479787,-2.7139961270652,0.0],[-79.43673321458488,-2.713245374734248,0.0],[-79.4367188606019,-2.713065149712124,0.0],[-79.43678369879724,-2.712876645823108,0.0],[-79.43689218845377,-2.712772015956634,0.0],[-79.43753007918669,-2.712569588030404,0.0],[-79.43770301231386,-2.712584480549222,0.0],[-79.43829841833677,-2.713012720180587,0.0],[-79.4388236872242,-2.712887675574277,0.0],[-79.43911543489686,-2.712871290509161,0.0],[-79.43926534192299,-2.71296787498015,0.0],[-79.43961892570987,-2.713479617245071,0.0],[-79.43980217323184,-2.713576244048423,0.0],[-79.44065717561926,-2.713061877556728,0.0],[-79.44107855145384,-2.712706201767991,0.0],[-79.44240047726862,-2.71206671249255,0.0],[-79.44333894699038,-2.711460252340053,0.0],[-79.44341832233286,-2.71130948416047,0.0],[-79.44338523910339,-2.711108280041265,0.0],[-79.44325620682112,-2.710982387751373,0.0],[-79.44302282078492,-2.710986276929687,0.0],[-79.44118016100116,-2.711465841331975,0.0],[-79.44034199583628,-2.711850313696738,0.0],[-79.44008362617889,-2.71183740634245,0.0],[-79.43994617340734,-2.711778556918103,0.0],[-79.43986719957137,-2.711615011429688,0.0],[-79.43983835434976,-2.711359331687085,0.0],[-79.4400525296767,-2.710085590770152,0.0],[-79.4397530271292,-2.7096493548192,0.0],[-79.4393285104613,-2.709204575279059,0.0],[-79.43756556432957,-2.709273535688354,0.0],[-79.43734055728538,-2.709243907860032,0.0],[-79.43722446303839,-2.708778573654532,0.0],[-79.43719279986755,-2.707470988949962,0.0],[-79.43704303859874,-2.707261253263455,0.0],[-79.43643075543108,-2.706996435885878,0.0],[-79.43568040717659,-2.707150524023371,0.0],[-79.43548037358096,-2.707146073682318,0.0],[-79.43518883748634,-2.706999016108257,0.0],[-79.4349390456352,-2.706797532345372,0.0],[-79.43481844138879,-2.706600406169128,0.0],[-79.43457386660587,-2.705581714491056,0.0],[-79.43438668984875,-2.705300685664505,0.0],[-79.43397882981861,-2.704868500420327,0.0],[-79.43378243349518,-2.704560683927299,0.0]]}},{"type":"Feature","properties":{"provincia":"AZUAY","canton":"CUENCA","parroquia":"MOLLETURO","desde":"VACAILLE","hasta":"CORONA DE ORO","estado_sup":"REGULAR","Suelo":"RURAL","ancho_via":6.0,"ancho_supe":4.5,"long_km":20.7296257782,"cod__via":"P014-0229","categoria":"TERCIARIA","cod__tramo":"P014-0229-1","identidad":"010157022941","conexion":"CABECERA PARROQUIAL RURAL A ASENTAMIENTOS HUMANOS","limituso":"Referencial","name":null,"importanci":"NORMAL","cond__clim":"LLUVIOSO","tipo_terre":"MONTANOSO","uso_derech":"PASTOS","f__carrile":"1 CARRIL BIDIRECCIONAL","puentes":0.0,"alcantaril":0.0,"reservas":"NO","curvas":215.0,"anio":"2017:CONGOPE","levan_orig":"CONGOPE","responsabl":"CONGOPE","ninguna2":"-","conservaci":"MANTENIMIENTO RUTINARIO","dist_merc":11.5,"destino":"PARROQUIA","riesgos_po":"NO","alt_i":1157.0,"alt_f":2300.0,"velocidad":0.0,"visibilida":40.0,"intersecci":2.0,"shi_contin":0.0,"shi_cont_1":0.0,"shi_segmen":0.0,"shi_segm_1":0.0,"ninguna":null,"shc_contin":0.0,"shc_cont_1":0.0,"shc_segmen":0.0,"shc_segm_1":0.0,"ninguna1":null,"shd_contin":0.0,"shd_cont_1":0.0,"shd_segmen":0.0,"shd_segm_1":0.0,"sv_regulat":1.0,"sv_informa":1.0,"ES_SEGMENT":0,"sv_prevent":1.0,"long_i":678703.8363,"long_f":673612.1537,"lat_f":9706735.8197,"lat_i":9694959.8344,"sectproduc":null,"producto":null,"lado":null,"estado":null,"tipo":null,"situacvia":null,"calzada_m":0.0,"derecho_m":0.0,"observacio":null,"begin_":null,"end_":null,"Shape__Len":20729.6257782,"id":2389.0,"id_FID_ini":102,"id_0":105,"solic_dere":null,"tipo_via":"4","tipo_sup":"LASTRE"},"geometry":{"type":"LineString","coordinates":[[-79.40633479268428,-2.745869807416869,0.0],[-79.40697507319055,-2.745484571716262,0.0],[-79.40842319728972,-2.745357247659972,0.0],[-79.408663022543,-2.745391026318987,0.0],[-79.40894861927698,-2.745705696486447,0.0],[-79.40908773511121,-2.745744221191405,0.0],[-79.40928401020462,-2.745629150594444,0.0],[-79.40949042967986,-2.745308270843278,0.0],[-79.40978064829898,-2.745170833353489,0.0],[-79.40980504156049,-2.745067363617788,0.0],[-79.40972671961312,-2.744646983196791,0.0],[-79.40972228267569,-2.744322121628026,0.0],[-79.40982116947343,-2.743120062686268,0.0],[-79.4099255293312,-2.742676870556795,0.0],[-79.41001316930635,-2.741907375073375,0.0],[-79.41029295833708,-2.741435196162641,0.0],[-79.41029024474804,-2.740901186889936,0.0],[-79.4103638826913,-2.740731454176317,0.0],[-79.41055872931545,-2.74055375204409,0.0],[-79.41060862080035,-2.740446013253842,0.0],[-79.41056374261491,-2.740031317982011,0.0],[-79.41060141970873,-2.739666049483373,0.0],[-79.41042860376602,-2.739500805535215,0.0],[-79.41000121834568,-2.739389290177109,0.0],[-79.40943455591626,-2.738818084697418,0.0],[-79.40929430095889,-2.738383092430922,0.0],[-79.40926790291614,-2.737687354725377,0.0],[-79.40889984334042,-2.737261931601996,0.0],[-79.40871063399946,-2.736723569929953,0.0],[-79.40857605657052,-2.735968890217311,0.0],[-79.40810517224853,-2.735255379906457,0.0],[-79.40775490406486,-2.734924963998207,0.0],[-79.40754370464823,-2.734604563085921,0.0],[-79.40692788771784,-2.734554177199725,0.0],[-79.40676569775952,-2.734492527597461,0.0],[-79.40599434499477,-2.733862450691781,0.0],[-79.40569905272764,-2.733563540042574,0.0],[-79.40570173338368,-2.733447932082009,0.0],[-79.40577702016549,-2.733342229711674,0.0],[-79.4067127511198,-2.732611296449963,0.0],[-79.40687962253196,-2.732398317838823,0.0],[-79.40704911693238,-2.73204231626921,0.0],[-79.40709723397073,-2.731341196352317,0.0],[-79.40695410965,-2.730784618740596,0.0],[-79.40704432999739,-2.730185072967257,0.0],[-79.40668990136484,-2.729287573139876,0.0],[-79.40622308352718,-2.728839938797887,0.0],[-79.40543887338117,-2.728391498138637,0.0],[-79.405076791142,-2.728310627991663,0.0],[-79.40474577324406,-2.728151156985671,0.0],[-79.40438165565119,-2.728158567531574,0.0],[-79.40419993614643,-2.728081629248963,0.0],[-79.40391043855944,-2.727773954666762,0.0],[-79.40355267129604,-2.727128214772434,0.0],[-79.4034028374171,-2.727066735611261,0.0],[-79.4029250531529,-2.727048299676944,0.0],[-79.40260637241956,-2.72689966736022,0.0],[-79.40247602941788,-2.72665594973908,0.0],[-79.40245053729447,-2.726369302850008,0.0],[-79.40256235653307,-2.726156350799239,0.0],[-79.40279300457011,-2.726011871522153,0.0],[-79.40300197960623,-2.725966873469835,0.0],[-79.40351849981242,-2.72599134399422,0.0],[-79.40422190962398,-2.725704422963642,0.0],[-79.40443098268828,-2.725714067021185,0.0],[-79.40465324534793,-2.725794112187918,0.0],[-79.40481977229629,-2.725918753937691,0.0],[-79.40505233615046,-2.726226127175758,0.0],[-79.40528090422646,-2.726305503337187,0.0],[-79.40606156901964,-2.726137701340977,0.0],[-79.40660730477221,-2.725818586067698,0.0],[-79.40670304559438,-2.725689314844941,0.0],[-79.40666846195532,-2.725555710206843,0.0],[-79.40586207428474,-2.725248119034962,0.0],[-79.40570626118749,-2.72495383648296,0.0],[-79.40546229186792,-2.724653907394528,0.0],[-79.40512923523195,-2.724401238266993,0.0],[-79.40507890324571,-2.7243094990653,0.0],[-79.40515387120551,-2.724132306364578,0.0],[-79.40540382168305,-2.723931355596912,0.0],[-79.40555318128689,-2.723888448885682,0.0],[-79.40581447881709,-2.723900665260654,0.0],[-79.4059184182691,-2.723850329358891,0.0],[-79.40615992829383,-2.723304002841679,0.0],[-79.40642689115488,-2.723129770082136,0.0],[-79.40760244263379,-2.722705551703092,0.0],[-79.40774721716996,-2.722736736389661,0.0],[-79.40806783276325,-2.722962271067672,0.0],[-79.408251609521,-2.723032691653619,0.0],[-79.40880086881656,-2.723067176887027,0.0],[-79.40937747381103,-2.723019174275163,0.0],[-79.40995664495736,-2.723154093680868,0.0],[-79.4100909324403,-2.723126421942518,0.0],[-79.41034734895266,-2.722947857448775,0.0],[-79.41067902930627,-2.722943410864776,0.0],[-79.41080094460544,-2.722882124667275,0.0],[-79.4114984310237,-2.72220849037332,0.0],[-79.41193390031087,-2.721101395561309,0.0],[-79.41275952403072,-2.72041128067051,0.0],[-79.41304658313568,-2.720055645972544,0.0],[-79.41337977717887,-2.71950312888644,0.0],[-79.41360093780987,-2.718256739920145,0.0],[-79.41323874062621,-2.717248791772902,0.0],[-79.41322706847235,-2.716923504024938,0.0],[-79.41385143841036,-2.716334782759443,0.0],[-79.41400306100489,-2.716288316770101,0.0],[-79.41437302258649,-2.716288957710901,0.0],[-79.41449000835458,-2.71619484566736,0.0],[-79.41433829945501,-2.715804182876233,0.0],[-79.41429546375082,-2.715443230978787,0.0],[-79.41435067189268,-2.715283324549113,0.0],[-79.4146394003563,-2.715128555306043,0.0],[-79.4146924668078,-2.715046145468451,0.0],[-79.41466476650588,-2.714941943409913,0.0],[-79.41443237718978,-2.714706006847347,0.0],[-79.41439162793131,-2.714550497508094,0.0],[-79.41448118358943,-2.713914939123062,0.0],[-79.41465242123222,-2.713614455646002,0.0],[-79.41466116428978,-2.713504211636897,0.0],[-79.41452986840268,-2.713404648140239,0.0],[-79.41417482798865,-2.713396791615653,0.0],[-79.41391285544414,-2.713275391825794,0.0],[-79.41335686107372,-2.712805011182154,0.0],[-79.41327475023613,-2.71263337143007,0.0],[-79.41348335799515,-2.71183020361438,0.0],[-79.4134466372146,-2.711416980512156,0.0],[-79.41358340005905,-2.710646526337115,0.0],[-79.41353407017185,-2.709923442650171,0.0],[-79.41298562783416,-2.709209105378796,0.0],[-79.41292203377263,-2.709052269254355,0.0],[-79.4130511570959,-2.708506862232139,0.0],[-79.41304927882655,-2.707335400886363,0.0],[-79.41320294691323,-2.706626737748527,0.0],[-79.41332510567553,-2.706431282816195,0.0],[-79.41409581692872,-2.706100854174985,0.0],[-79.41427943084669,-2.706092293343955,0.0],[-79.41460170420963,-2.706191361280983,0.0],[-79.4147557373038,-2.706170526369203,0.0],[-79.41535633640937,-2.705624051057745,0.0],[-79.41558251095145,-2.705526845804947,0.0],[-79.41577535413722,-2.705551959967489,0.0],[-79.41626432271434,-2.705972282204723,0.0],[-79.41648169406068,-2.706085568801501,0.0],[-79.41659641865455,-2.706085453487915,0.0],[-79.41717107952202,-2.705280654230348,0.0],[-79.41734846797927,-2.704827872236743,0.0],[-79.41783551284767,-2.704073422558119,0.0],[-79.41789931351114,-2.703869540995158,0.0],[-79.41780764029515,-2.70373730484198,0.0],[-79.41762096644287,-2.703750418617457,0.0],[-79.41741796493686,-2.703934544524096,0.0],[-79.4171925239438,-2.70433537296122,0.0],[-79.41698775402962,-2.704437786090237,0.0],[-79.41678999443207,-2.704456916342085,0.0],[-79.41670810312417,-2.704407370023802,0.0],[-79.41663979974818,-2.704258655301072,0.0],[-79.41652763392138,-2.703742132121588,0.0],[-79.41629159181177,-2.703402199227562,0.0],[-79.41605463902616,-2.703383844591508,0.0],[-79.41572083272331,-2.703594863453202,0.0],[-79.41562207212681,-2.703612461236172,0.0],[-79.41477971042706,-2.703170693482171,0.0],[-79.41426660622953,-2.702573780035439,0.0],[-79.41427568222589,-2.702167728025645,0.0],[-79.41400760575478,-2.701621006577481,0.0],[-79.41407699153764,-2.701135599851518,0.0],[-79.41403967956903,-2.700872891982925,0.0],[-79.41388076785748,-2.700242569830053,0.0],[-79.41354895352553,-2.699696873771044,0.0],[-79.41353917806431,-2.699519273772722,0.0],[-79.41367399218036,-2.698991173786074,0.0],[-79.4138896997255,-2.698784387175671,0.0],[-79.41423226976829,-2.698696989071237,0.0],[-79.41436937703433,-2.698747986803589,0.0],[-79.41454368709616,-2.698948423379644,0.0],[-79.41469604303751,-2.698892064120223,0.0],[-79.414771259862,-2.698736354304565,0.0],[-79.41498412032223,-2.697841306231289,0.0],[-79.41509253348595,-2.697685670557301,0.0],[-79.41523765191326,-2.697579697254624,0.0],[-79.41553241489709,-2.69750745457183,0.0],[-79.41636855095597,-2.69765540961427,0.0],[-79.41679095867386,-2.697536955958549,0.0],[-79.41709591854222,-2.697586892348462,0.0],[-79.41736826273048,-2.697386504725994,0.0],[-79.4178006502391,-2.697220023756058,0.0],[-79.41818926734891,-2.697205572547816,0.0],[-79.41849342607136,-2.69725345099547,0.0],[-79.41856239828215,-2.697167397547644,0.0],[-79.41858634568909,-2.696952767643798,0.0],[-79.41852028071179,-2.696739698658138,0.0],[-79.41802378646709,-2.695921015995084,0.0],[-79.41803384082107,-2.695768579305966,0.0],[-79.41824070657425,-2.695547405598914,0.0],[-79.41826562926327,-2.695394321787668,0.0],[-79.41807652206703,-2.694506345851108,0.0],[-79.41807974173436,-2.694182333912591,0.0],[-79.4178159347834,-2.693755909416165,0.0],[-79.41773849186913,-2.693264669991163,0.0],[-79.41763648341022,-2.693180145067028,0.0],[-79.41720398598692,-2.693107145310424,0.0],[-79.41713235473372,-2.693001038467062,0.0],[-79.41709232443444,-2.692756445828398,0.0],[-79.41699459565159,-2.692641482840823,0.0],[-79.41666088160152,-2.692547399197947,0.0],[-79.41622169234603,-2.692261697456682,0.0],[-79.4159788740515,-2.692196337484988,0.0],[-79.41564561116867,-2.692182101529552,0.0],[-79.41549568090878,-2.6920866181711,0.0],[-79.41526905023329,-2.691814018801805,0.0],[-79.41496722869826,-2.691022920545366,0.0],[-79.41452046550089,-2.690751916519642,0.0],[-79.4143785367124,-2.690608420087728,0.0],[-79.41426727502838,-2.690118668255615,0.0],[-79.41451767559575,-2.68974620833991,0.0],[-79.41491059473023,-2.688792808814533,0.0],[-79.41522107044591,-2.68824415176393,0.0],[-79.41546320651402,-2.688013068828233,0.0],[-79.41603072684067,-2.687718338598587,0.0],[-79.41623042856875,-2.687296830292619,0.0],[-79.41645325519961,-2.687132676431285,0.0],[-79.41668797418613,-2.687080971383411,0.0],[-79.41707279445518,-2.687192211427719,0.0],[-79.41764985641986,-2.68717164180342,0.0],[-79.41841418642056,-2.687356323684841,0.0],[-79.41906964901167,-2.687405115462893,0.0],[-79.41961744692735,-2.687560077852268,0.0],[-79.41991529498637,-2.687506620219025,0.0],[-79.42009379864612,-2.687302062166666,0.0],[-79.42013300473013,-2.687071606359762,0.0],[-79.4200411468477,-2.686690494425018,0.0],[-79.41969226281306,-2.686257970618358,0.0],[-79.4195150741081,-2.685713520526287,0.0],[-79.41956135692267,-2.685190497848672,0.0],[-79.41946980403071,-2.684684738523226,0.0],[-79.41956228187733,-2.68393046513182,0.0],[-79.41938628019034,-2.683390115365494,0.0],[-79.41939450823507,-2.682929253689666,0.0],[-79.41934040389654,-2.68259524702103,0.0],[-79.41936912515311,-2.682299055483835,0.0],[-79.41952053060871,-2.68176865665168,0.0],[-79.41943825292623,-2.681377578644419,0.0],[-79.41950675562514,-2.681281941277299,0.0],[-79.4196407785965,-2.681263963692171,0.0],[-79.4201884607663,-2.681642799202677,0.0],[-79.42094549914748,-2.681690887090419,0.0],[-79.42126632830438,-2.68140126716461,0.0],[-79.42144772102867,-2.681104594027424,0.0],[-79.4217425104444,-2.681053505870387,0.0],[-79.42180520511752,-2.68099166236891,0.0],[-79.42147992060369,-2.680123106870371,0.0],[-79.42149348705466,-2.680001406548426,0.0],[-79.42178927104658,-2.679509944078388,0.0],[-79.42177235562477,-2.679404160004843,0.0],[-79.42160341365602,-2.679117981995403,0.0],[-79.42159237601518,-2.678978577545348,0.0],[-79.42182984887691,-2.678532320156031,0.0],[-79.42190413865589,-2.678112499480698,0.0],[-79.42219474113791,-2.677724730054357,0.0],[-79.4221900463441,-2.677538100464911,0.0],[-79.4220394410269,-2.677147989264707,0.0],[-79.42164641354063,-2.67676796554285,0.0],[-79.42151880160094,-2.676458892896324,0.0],[-79.42141685085028,-2.676425059713205,0.0],[-79.420906360155,-2.676519788916448,0.0],[-79.42066145831106,-2.676477512835848,0.0],[-79.42046452066553,-2.676299275700046,0.0],[-79.42041319082095,-2.675994521674746,0.0],[-79.42046982160878,-2.675673748193822,0.0],[-79.42067728974806,-2.675070856350355,0.0],[-79.42096628866473,-2.674655618390588,0.0],[-79.4211021710522,-2.674166243870346,0.0],[-79.42121976444128,-2.674048642794523,0.0],[-79.42151180739766,-2.6739369747015,0.0],[-79.42166664494805,-2.673624890425712,0.0],[-79.42199797497803,-2.673241452537775,0.0],[-79.42231728179442,-2.672396924143388,0.0],[-79.42242119816856,-2.672322343081011,0.0],[-79.4225319117731,-2.6723207840201,0.0],[-79.42318086178754,-2.672620340028053,0.0],[-79.4235622949999,-2.672691497867857,0.0],[-79.42371449213385,-2.672607267862999,0.0],[-79.4240068947903,-2.672223258646464,0.0],[-79.42417294993452,-2.67219207858517,0.0],[-79.4242809615965,-2.672248740938239,0.0],[-79.42460253069814,-2.672708625653006,0.0],[-79.42474664024908,-2.672769778627643,0.0],[-79.42483454814175,-2.672693045049709,0.0],[-79.42495273699683,-2.672410702419851,0.0],[-79.42516399484879,-2.672215202376172,0.0],[-79.42524462653962,-2.671926659718503,0.0],[-79.42531365294369,-2.671834765290558,0.0],[-79.42541872864086,-2.671818594015701,0.0],[-79.42561138189883,-2.671948166157992,0.0],[-79.42569663316502,-2.671951173601286,0.0],[-79.42596246860548,-2.671556738927675,0.0],[-79.42634372914846,-2.671388770303509,0.0],[-79.42653742246651,-2.671427676073705,0.0],[-79.4267257638269,-2.671577663192032,0.0],[-79.42680595866865,-2.671568385405606,0.0],[-79.42686796963226,-2.671342134924456,0.0],[-79.42682451856807,-2.670740965170724,0.0],[-79.42687379886772,-2.670586775650611,0.0],[-79.42716853128682,-2.670472703243962,0.0],[-79.4275137023363,-2.670252406794851,0.0],[-79.42779683035165,-2.670213776266384,0.0],[-79.42801633628834,-2.670239376354374,0.0],[-79.42812582063252,-2.670143739767958,0.0],[-79.42815275310507,-2.669527431480413,0.0],[-79.42831123042977,-2.669298875543301,0.0],[-79.42837804815835,-2.668864066800063,0.0],[-79.42880558760308,-2.667748613494576,0.0],[-79.42884759313411,-2.6673313916628,0.0],[-79.42892760442278,-2.667050623024753,0.0],[-79.42894056680464,-2.666301649708512,0.0],[-79.42905546048786,-2.665606469772019,0.0],[-79.4291623196428,-2.665565732881845,0.0],[-79.42945554169033,-2.665623287774567,0.0],[-79.42978677951668,-2.66559187771475,0.0],[-79.43081276066516,-2.665228943393854,0.0],[-79.43183882836041,-2.664280186473035,0.0],[-79.43218321942452,-2.664105821947714,0.0],[-79.4328117683739,-2.663658540098962,0.0],[-79.43335354960071,-2.663372735573774,0.0],[-79.43343064129166,-2.663258997078204,0.0],[-79.43344120766712,-2.663104903647099,0.0],[-79.43318740675025,-2.662701154011566,0.0],[-79.43316260725136,-2.662579005780616,0.0],[-79.43329394611553,-2.662234991040282,0.0],[-79.43352281036363,-2.661917476840273,0.0],[-79.4336603555475,-2.661816639481146,0.0],[-79.43401021875636,-2.661799118147237,0.0],[-79.43417516391618,-2.661714614293589,0.0],[-79.43448647880474,-2.661348451102503,0.0],[-79.43450929198268,-2.661051502114268,0.0],[-79.43460787225004,-2.660933411834807,0.0],[-79.43482188682069,-2.660867402438983,0.0],[-79.4353421207253,-2.660818631102444,0.0],[-79.43584417280725,-2.660596346684792,0.0],[-79.43599445483054,-2.660473887046943,0.0],[-79.43600963118784,-2.660393459613455,0.0],[-79.43596482833723,-2.660327513445333,0.0],[-79.43549904394365,-2.660178431505456,0.0],[-79.43538656031625,-2.659973594880455,0.0],[-79.43550886563345,-2.659754999057484,0.0],[-79.43586496975,-2.659419083677488,0.0],[-79.43609236710485,-2.65900566388436,0.0],[-79.43707544547749,-2.658957731277941,0.0],[-79.43762060962493,-2.658625764451223,0.0],[-79.4388147782322,-2.658598996185498,0.0],[-79.43916546569581,-2.65844143132518,0.0],[-79.43927096473007,-2.658343286933702,0.0],[-79.43932789572179,-2.658173119654855,0.0],[-79.4392707956428,-2.657881666388682,0.0],[-79.43926903120068,-2.657374859410123,0.0],[-79.43918017178783,-2.657237700192678,0.0],[-79.43893408397145,-2.657097719444438,0.0],[-79.43869094535539,-2.656843677205882,0.0],[-79.43851654391993,-2.656890985936543,0.0],[-79.4382649344266,-2.657261328778725,0.0],[-79.43816899371375,-2.65732263648753,0.0],[-79.43771380172484,-2.657345699000532,0.0],[-79.4373498712437,-2.657437061833414,0.0],[-79.4372626987065,-2.657398973549626,0.0],[-79.43721934557882,-2.657292885012625,0.0],[-79.43733048957938,-2.656892126182118,0.0],[-79.43737856213806,-2.656383924272946,0.0],[-79.43746502519953,-2.656165100477998,0.0],[-79.43745077390192,-2.655833926596821,0.0],[-79.43751645266538,-2.655598319190597,0.0],[-79.43775875637947,-2.65524677650119,0.0],[-79.4382322884744,-2.654934680478095,0.0],[-79.4384330873794,-2.654588161005394,0.0],[-79.43830476049817,-2.654081463937668,0.0],[-79.43840518062372,-2.6536215168341,0.0],[-79.43830441387604,-2.653282203070239,0.0],[-79.43828391987888,-2.652712395465233,0.0],[-79.4381349899534,-2.65256260566673,0.0],[-79.43761227936781,-2.652509948823964,0.0],[-79.43753025635775,-2.652430374581348,0.0],[-79.43752257728497,-2.65231429014752,0.0],[-79.43758851448726,-2.652199755199243,0.0],[-79.43768937137209,-2.652151856387358,0.0],[-79.43779148576759,-2.652165351739567,0.0],[-79.43805154007504,-2.652332946796162,0.0],[-79.43832336885995,-2.652243289205638,0.0]]}},{"type":"Feature","properties":{"provincia":"AZUAY","canton":"CUENCA","parroquia":"MOLLETURO","desde":"ENTRADA SAN BALAD","hasta":"RAMAL","estado_sup":"MALO","Suelo":"RURAL","ancho_via":4.0,"ancho_supe":2.5,"long_km":1.54464141202,"cod__via":"P019-2900","categoria":"VECINAL","cod__tramo":"P019-2900-1","identidad":null,"conexion":"OTROS","limituso":"Actualizado abril 2021","name":"29 jul. 2020 16:11:44","importanci":"CONDUCE A PROYECTOS PRODUCTIVOS","cond__clim":"SECO","tipo_terre":"ONDULADO","uso_derech":"AGRICOLA","f__carrile":"1 CARRIL BIDIRECCIONAL","puentes":0.0,"alcantaril":0.0,"reservas":"NO","curvas":2.0,"anio":"2020:GPA-GAD PARROQUIALES","levan_orig":"GPA-Planificacion (Rene Chacho)","responsabl":"GPA-Planificacion (Rene Chacho)","ninguna2":null,"conservaci":"MANTENIMIENTO PERIODICO","dist_merc":0.0,"destino":null,"riesgos_po":null,"alt_i":0.0,"alt_f":0.0,"velocidad":0.0,"visibilida":0.0,"intersecci":0.0,"shi_contin":0.0,"shi_cont_1":0.0,"shi_segmen":0.0,"shi_segm_1":0.0,"ninguna":null,"shc_contin":0.0,"shc_cont_1":0.0,"shc_segmen":0.0,"shc_segm_1":0.0,"ninguna1":null,"shd_contin":0.0,"shd_cont_1":0.0,"shd_segmen":0.0,"shd_segm_1":0.0,"sv_regulat":0.0,"sv_informa":0.0,"ES_SEGMENT":0,"sv_prevent":0.0,"long_i":669821.4993,"long_f":668831.9203,"lat_f":9702382.684,"lat_i":9701816.0832,"sectproduc":null,"producto":null,"lado":null,"estado":null,"tipo":null,"situacvia":null,"calzada_m":0.0,"derecho_m":0.0,"observacio":null,"begin_":null,"end_":null,"Shape__Len":1544.64141202,"id":2719.0,"id_FID_ini":2951,"id_0":2954,"solic_dere":null,"tipo_via":"9","tipo_sup":"LASTRE"},"geometry":{"type":"LineString","coordinates":[[-79.4723577760768,-2.696779567666646,0.0],[-79.47268899984792,-2.696536000374247,0.0],[-79.47283899984286,-2.696176000309199,0.0],[-79.47286100006589,-2.696066000065108,0.0],[-79.47277800034088,-2.695544000444681,0.0],[-79.47288600043295,-2.695133000375245,0.0],[-79.47280899968578,-2.694853000277941,0.0],[-79.4728219997026,-2.694668999691054,0.0],[-79.47289699971647,-2.694378000269666,0.0],[-79.47314799986306,-2.694045999607986,0.0],[-79.47324000039929,-2.693842000257555,0.0],[-79.47325199999558,-2.693616999675636,0.0],[-79.47315499997704,-2.693319999928024,0.0],[-79.47316361077483,-2.693137632519649,0.0],[-79.47344054139258,-2.692982401859775,0.0],[-79.47352828150623,-2.692833323335276,0.0],[-79.47360162679097,-2.692525255788057,0.0],[-79.47367223273433,-2.692464201598427,0.0],[-79.47406379458654,-2.692464694401179,0.0],[-79.47447764410887,-2.692144825941284,0.0],[-79.47484537783467,-2.691749082397612,0.0],[-79.47496705630418,-2.691688092287824,0.0],[-79.4751275601349,-2.691698076865672,0.0],[-79.47560635113351,-2.691960370383899,0.0],[-79.47578879880712,-2.69192636036707,0.0],[-79.47603707592623,-2.691760363066825,0.0],[-79.47663786176186,-2.691707311940105,0.0],[-79.47729713299938,-2.691561396866225,0.0],[-79.4777056802953,-2.691593703525889,0.0],[-79.47808736271064,-2.691716468857951,0.0],[-79.47878293009501,-2.691719786881525,0.0],[-79.47917682742707,-2.691798544188932,0.0],[-79.47943225527543,-2.691749949487928,0.0],[-79.47972427226156,-2.691613355293548,0.0],[-79.479892024344,-2.691662480487873,0.0],[-79.48019555370803,-2.692049285073316,0.0],[-79.48032683102943,-2.692093472683864,0.0],[-79.48060661631533,-2.692015559823658,0.0],[-79.4810537682606,-2.692297377916319,0.0],[-79.48121674084351,-2.692278016403764,0.0],[-79.48128250632047,-2.692197389850266,0.0],[-79.48126385031354,-2.691666476164992,0.0]]}},{"type":"Feature","properties":{"provincia":"AZUAY","canton":"CUENCA","parroquia":"MOLLETURO","desde":"LUZ MARIA","hasta":"LOMA ALTA","estado_sup":"MALO","Suelo":"RURAL","ancho_via":4.0,"ancho_supe":2.3,"long_km":0.960061151555,"cod__via":"P019-2902","categoria":"VECINAL","cod__tramo":"P019-2902-1","identidad":null,"conexion":"OTROS","limituso":"Actualizado abril 2021","name":"30 jul. 2020 12:10:56 p. m.","importanci":"CONDUCE A PROYECTOS PRODUCTIVOS","cond__clim":"LLUVIOSO","tipo_terre":"MONTANOSO","uso_derech":"AGRICOLA","f__carrile":"1 CARRIL BIDIRECCIONAL","puentes":0.0,"alcantaril":0.0,"reservas":"NO","curvas":10.0,"anio":"2020:GPA-GAD PARROQUIALES","levan_orig":"GPA-Planificacion (Michelle Castro - Mateo Calderon)","responsabl":"GPA-Planificacion (Michelle Castro - Mateo Calderon)","ninguna2":null,"conservaci":"NINGUNA","dist_merc":0.0,"destino":null,"riesgos_po":null,"alt_i":0.0,"alt_f":0.0,"velocidad":0.0,"visibilida":0.0,"intersecci":0.0,"shi_contin":0.0,"shi_cont_1":0.0,"shi_segmen":0.0,"shi_segm_1":0.0,"ninguna":null,"shc_contin":0.0,"shc_cont_1":0.0,"shc_segmen":0.0,"shc_segm_1":0.0,"ninguna1":null,"shd_contin":0.0,"shd_cont_1":0.0,"shd_segmen":0.0,"shd_segm_1":0.0,"sv_regulat":0.0,"sv_informa":0.0,"ES_SEGMENT":0,"sv_prevent":0.0,"long_i":675866.9628,"long_f":675290.4914,"lat_f":9702127.2964,"lat_i":9702111.5814,"sectproduc":null,"producto":null,"lado":null,"estado":null,"tipo":null,"situacvia":null,"calzada_m":0.0,"derecho_m":0.0,"observacio":null,"begin_":null,"end_":null,"Shape__Len":960.061151555,"id":689.0,"id_FID_ini":950,"id_0":945,"solic_dere":null,"tipo_via":"9","tipo_sup":"TIERRA"},"geometry":{"type":"LineString","coordinates":[[-79.41799250429438,-2.694037364162607,0.0],[-79.41822599973872,-2.693826999657178,0.0],[-79.41859099966638,-2.693692000147725,0.0],[-79.41890000000265,-2.693460000191693,0.0],[-79.4191760002219,-2.693342000343085,0.0],[-79.41922400011643,-2.69325300005021,0.0],[-79.4192430002063,-2.692938999934455,0.0],[-79.41930299984506,-2.692868000402711,0.0],[-79.41966099987592,-2.693029000277002,0.0],[-79.42004500008915,-2.692747000176856,0.0],[-79.42006800012311,-2.692656999549818,0.0],[-79.4205270002425,-2.692294999832475,0.0],[-79.42062500013115,-2.692298999970802,0.0],[-79.42067999990572,-2.692375000434487,0.0],[-79.42071900008605,-2.692674999875786,0.0],[-79.42061000016857,-2.692834000231648,0.0],[-79.42067300004899,-2.693017000441778,0.0],[-79.42076399960331,-2.69301200026814,0.0],[-79.42076499972517,-2.69310199964172,0.0],[-79.42062499969893,-2.693364000435712,0.0],[-79.42070800020767,-2.693743999630396,0.0],[-79.42084899961601,-2.693930000001598,0.0],[-79.42086599969747,-2.694335999696474,0.0],[-79.42096000043124,-2.694615000022204,0.0],[-79.42104799981652,-2.694554999621437,0.0],[-79.42123500037276,-2.694597999962416,0.0],[-79.42173700012907,-2.694485000324109,0.0],[-79.42217200033421,-2.694208000193483,0.0],[-79.42229299956753,-2.694063999740175,0.0],[-79.42239000009864,-2.694038999974951,0.0],[-79.4227580002561,-2.69413200031952,0.0],[-79.42311800002258,-2.69397699983544,0.0],[-79.42317700024066,-2.693901999594853,0.0]]}},{"type":"Feature","properties":{"provincia":"AZUAY","canton":"CUENCA","parroquia":"MOLLETURO","desde":"FLOR Y SELVA","hasta":"RAMAL SAN JOSc DE GUARUMALES","estado_sup":"MALO","Suelo":"RURAL","ancho_via":4.3,"ancho_supe":2.4,"long_km":1.42121186386,"cod__via":"P019-2895","categoria":"VECINAL","cod__tramo":"P019-2895-1","identidad":null,"conexion":"OTROS","limituso":"Actualizado abril 2021","name":"9 jul. 2020 14:53:41","importanci":"CONDUCE A PROYECTOS PRODUCTIVOS","cond__clim":"LLUVIOSO - NUBLADO","tipo_terre":"MONTANOSO","uso_derech":"AGRICOLA","f__carrile":"1 CARRIL BIDIRECCIONAL","puentes":4.0,"alcantaril":1.0,"reservas":"NO","curvas":12.0,"anio":"2020:GPA-GAD PARROQUIALES","levan_orig":"GPA-Planificacion (Rene Chacho - Mateo Calderon)","responsabl":"GPA-Planificacion (Rene Chacho - Mateo Calderon)","ninguna2":null,"conservaci":"NINGUNA","dist_merc":0.0,"destino":null,"riesgos_po":null,"alt_i":0.0,"alt_f":0.0,"velocidad":0.0,"visibilida":0.0,"intersecci":0.0,"shi_contin":0.0,"shi_cont_1":0.0,"shi_segmen":0.0,"shi_segm_1":0.0,"ninguna":null,"shc_contin":0.0,"shc_cont_1":0.0,"shc_segmen":0.0,"shc_segm_1":0.0,"ninguna1":null,"shd_contin":0.0,"shd_cont_1":0.0,"shd_segmen":0.0,"shd_segm_1":0.0,"sv_regulat":0.0,"sv_informa":0.0,"ES_SEGMENT":0,"sv_prevent":0.0,"long_i":663199.5491,"long_f":663783.3556,"lat_f":9705415.9834,"lat_i":9706447.9963,"sectproduc":null,"producto":null,"lado":null,"estado":null,"tipo":null,"situacvia":null,"calzada_m":0.0,"derecho_m":0.0,"observacio":"VIAS FUERA DEL LIMITE PDOT (AREA DE INTERES)","begin_":null,"end_":null,"Shape__Len":1421.21186386,"id":2773.0,"id_FID_ini":3006,"id_0":3009,"solic_dere":null,"tipo_via":"9","tipo_sup":"LASTRE"},"geometry":{"type":"LineString","coordinates":[[-79.53196245626678,-2.654961644112818,0.0],[-79.53211299957677,-2.655183000141687,0.0],[-79.53256399983512,-2.655615000221925,0.0],[-79.53264499970352,-2.655807000086922,0.0],[-79.53214700030063,-2.656255999836505,0.0],[-79.53206000027676,-2.656434000419194,0.0],[-79.5320459996565,-2.656733000221253,0.0],[-79.53198999958403,-2.656816000151667,0.0],[-79.53143999999877,-2.657005999782595,0.0],[-79.5310129997151,-2.65741099957953,0.0],[-79.53088099986242,-2.657958000291881,0.0],[-79.53073400031056,-2.658191999774534,0.0],[-79.53066900034749,-2.658496999727734,0.0],[-79.5302080001969,-2.659171999697104,0.0],[-79.53018400040523,-2.65927000033729,0.0],[-79.53031799984196,-2.659530999931286,0.0],[-79.53026099983296,-2.659602999875467,0.0],[-79.53007399975337,-2.659729999799296,0.0],[-79.52930799990148,-2.659808999839427,0.0],[-79.52922200022002,-2.659853999873624,0.0],[-79.52880799957201,-2.660190999859844,0.0],[-79.52809500034573,-2.660594000441124,0.0],[-79.52771500030246,-2.660953999947301,0.0],[-79.52768599960176,-2.66126900001784,0.0],[-79.5276179995652,-2.661441000041494,0.0],[-79.52765800003027,-2.66177400022952,0.0],[-79.52757700001963,-2.662076999604779,0.0],[-79.52726799964371,-2.662342999685062,0.0],[-79.52662899997966,-2.663337999596131,0.0],[-79.52660999999122,-2.663432999701917,0.0],[-79.52681899977739,-2.663675999600108,0.0],[-79.52678699985242,-2.664091000318864,0.0],[-79.52670099957233,-2.664289000228548,0.0]]}},{"type":"Feature","properties":{"provincia":"AZUAY","canton":"CUENCA","parroquia":"MOLLETURO","desde":"FLOR Y SELVA MONTE","hasta":"PUEBLO FLOR Y SELVA","estado_sup":"MALO","Suelo":"RURAL","ancho_via":4.5,"ancho_supe":2.7,"long_km":1.57219525029,"cod__via":"P019-2892","categoria":"VECINAL","cod__tramo":"P019-2892-1","identidad":null,"conexion":"OTROS","limituso":"Actualizado abril 2021","name":"9 jul. 2020 14:41:41","importanci":"CONDUCE A PROYECTOS PRODUCTIVOS","cond__clim":"LLUVIOSO - NUBLADO","tipo_terre":"MONTANOSO","uso_derech":"AGRICOLA","f__carrile":"1 CARRIL BIDIRECCIONAL","puentes":0.0,"alcantaril":4.0,"reservas":"NO","curvas":9.0,"anio":"2020:GPA-GAD PARROQUIALES","levan_orig":"GPA-Planificacion (Rene Chacho - Mateo Calderon)","responsabl":"GPA-Planificacion (Rene Chacho - Mateo Calderon)","ninguna2":null,"conservaci":"NINGUNA","dist_merc":0.0,"destino":null,"riesgos_po":null,"alt_i":0.0,"alt_f":0.0,"velocidad":0.0,"visibilida":0.0,"intersecci":0.0,"shi_contin":0.0,"shi_cont_1":0.0,"shi_segmen":0.0,"shi_segm_1":0.0,"ninguna":null,"shc_contin":0.0,"shc_cont_1":0.0,"shc_segmen":0.0,"shc_segm_1":0.0,"ninguna1":null,"shd_contin":0.0,"shd_cont_1":0.0,"shd_segmen":0.0,"shd_segm_1":0.0,"sv_regulat":0.0,"sv_informa":0.0,"ES_SEGMENT":0,"sv_prevent":0.0,"long_i":663716.3373,"long_f":663100.811,"lat_f":9707155.164,"lat_i":9706093.8528,"sectproduc":null,"producto":null,"lado":null,"estado":null,"tipo":null,"situacvia":null,"calzada_m":0.0,"derecho_m":0.0,"observacio":"VIAS FUERA DEL LIMITE PDOT (AREA DE INTERES)","begin_":null,"end_":null,"Shape__Len":1572.19525029,"id":2772.0,"id_FID_ini":3005,"id_0":3008,"solic_dere":null,"tipo_via":"9","tipo_sup":"LASTRE"},"geometry":{"type":"LineString","coordinates":[[-79.52731100003976,-2.658158999707943,0.0],[-79.52739100012043,-2.658073000098701,0.0],[-79.527697000071,-2.65809800041483,0.0],[-79.52785699955439,-2.657988000384872,0.0],[-79.52778699975453,-2.657789000008365,0.0],[-79.52759900000675,-2.657575999906109,0.0],[-79.5276490000153,-2.657477000444107,0.0],[-79.52800499982375,-2.657317999907634,0.0],[-79.52820099961639,-2.657410000042427,0.0],[-79.52839299984863,-2.657423999722299,0.0],[-79.52852700036023,-2.657221999548582,0.0],[-79.52846699986151,-2.657023999670333,0.0],[-79.52849599961715,-2.656924000016196,0.0],[-79.52856999993152,-2.656870000222769,0.0],[-79.52877500037486,-2.6568070000862,0.0],[-79.52897799994845,-2.656831999603839,0.0],[-79.52906200003713,-2.656780999916737,0.0],[-79.52917200028543,-2.656596000038417,0.0],[-79.52997500025253,-2.656545999839475,0.0],[-79.53071899976955,-2.656134999654105,0.0],[-79.53141800016553,-2.655869000325553,0.0],[-79.53158799956866,-2.655479000296955,0.0],[-79.53197700044721,-2.65494100013308,0.0],[-79.53201799980235,-2.654814999961403,0.0],[-79.53232499957488,-2.65443700012045,0.0],[-79.53257300044888,-2.653979999658194,0.0],[-79.53254200001078,-2.653675999832121,0.0],[-79.53269999995013,-2.653413000034345,0.0],[-79.53281399986716,-2.653081999954437,0.0],[-79.53261200039925,-2.653021999910621,0.0],[-79.53243800015971,-2.652893999563765,0.0],[-79.53257499959282,-2.652724000055842,0.0],[-79.53284999969284,-2.652579000242386,0.0],[-79.53303199960371,-2.652301000230383,0.0],[-79.5331909997181,-2.651535999664037,0.0],[-79.53324399974082,-2.65000900004219,0.0],[-79.53305000004988,-2.648933000306873,0.0],[-79.53295499961065,-2.648668000446984,0.0],[-79.53285798055325,-2.648566984855799,0.0]]}},{"type":"Feature","properties":{"provincia":"AZUAY","canton":"CUENCA","parroquia":"MOLLETURO","desde":"ENTRADA A CARACOL","hasta":"CARACOL","estado_sup":"REGULAR","Suelo":"RURAL","ancho_via":4.7,"ancho_supe":3.1,"long_km":1.48392310329,"cod__via":"P019-2892","categoria":"VECINAL","cod__tramo":"P019-2892-2","identidad":null,"conexion":"OTROS","limituso":null,"name":"20 ago. 2022 14:15:13","importanci":"CONDUCE A PROYECTOS PRODUCTIVOS","cond__clim":"LLUVIOSO - NUBLADO","tipo_terre":"ONDULADO","uso_derech":"AGRICOLA","f__carrile":"1 CARRIL BIDIRECCIONAL","puentes":0.0,"alcantaril":0.0,"reservas":null,"curvas":18.0,"anio":"2022:GPA-GAD PARROQUIALES","levan_orig":"GPA-Planificacion (Michelle Castro-Monica Oropeza)","responsabl":"GPA-Planificacion (Michelle Castro-Monica Oropeza)","ninguna2":null,"conservaci":null,"dist_merc":0.0,"destino":null,"riesgos_po":null,"alt_i":0.0,"alt_f":0.0,"velocidad":40.0,"visibilida":0.0,"intersecci":0.0,"shi_contin":0.0,"shi_cont_1":0.0,"shi_segmen":0.0,"shi_segm_1":0.0,"ninguna":null,"shc_contin":0.0,"shc_cont_1":0.0,"shc_segmen":0.0,"shc_segm_1":0.0,"ninguna1":null,"shd_contin":0.0,"shd_cont_1":0.0,"shd_segmen":0.0,"shd_segm_1":0.0,"sv_regulat":0.0,"sv_informa":0.0,"ES_SEGMENT":0,"sv_prevent":0.0,"long_i":663080.9723,"long_f":662483.5934,"lat_f":9706416.1839,"lat_i":9706742.3215,"sectproduc":"AGRICULTURA","producto":"CACAO","lado":"AMBOS","estado":"REGULAR","tipo":"SUELO NATURAL","situacvia":"TRANSITABLE","calzada_m":0.0,"derecho_m":0.0,"observacio":"A LA VIA SOLO SE PUEDE ACCEDER DESDE MOLLETURO","begin_":null,"end_":null,"Shape__Len":1483.92310329,"id":2874.0,"id_FID_ini":3100,"id_0":3103,"solic_dere":null,"tipo_via":"9","tipo_sup":"LASTRE"},"geometry":{"type":"LineString","coordinates":[[-79.53303199960371,-2.652301000230383,0.0],[-79.53309763980306,-2.652634990171715,120.44999999999709],[-79.53305218026962,-2.652998080189085,122.32000000000698],[-79.53312855021458,-2.653068239848128,118.22000000000116],[-79.53310596973918,-2.653262729922067,115.0],[-79.53335550989941,-2.653503720192075,116.50999999999476],[-79.5334457898226,-2.653513700397042,115.88999999999942],[-79.53373677002152,-2.653321770389754,116.89999999999418],[-79.53393938035781,-2.653301600067766,114.58999999999651],[-79.53442077014579,-2.65296676029061,119.41999999999825],[-79.53532153001905,-2.652983300009135,129.0899999999965],[-79.53563001023205,-2.652512339912555,130.6999999999971],[-79.53560485956925,-2.65242042044857,131.11999999999534],[-79.53528330973327,-2.652232980291903,135.02999999999884],[-79.53525130038884,-2.652086330107941,136.99000000000524],[-79.53527473013264,-2.651966900061459,140.47000000000116],[-79.5353473302515,-2.651892550318659,141.10000000000582],[-79.53571372033034,-2.651808340072668,145.72999999999593],[-79.53621634021276,-2.651887090154209,149.7899999999936],[-79.53622917009528,-2.651652290079419,155.57000000000698],[-79.53631917958901,-2.651577890389137,157.6600000000035],[-79.53673143992478,-2.651526959814722,163.4499999999971],[-79.53731859977546,-2.651536600323741,173.97000000000116],[-79.53738646965148,-2.651624260112965,178.3000000000029],[-79.5373135596786,-2.651979279944202,183.5],[-79.53741896006045,-2.651949620021569,191.44000000000233],[-79.53757001975346,-2.651770719578263,192.13999999999942],[-79.53777150007835,-2.651629940439741,195.72999999999593],[-79.5379443298048,-2.651130960130807,208.47000000000116],[-79.5380108197206,-2.651068829669421,209.8000000000029],[-79.53812237980802,-2.651076530262715,211.22000000000116],[-79.53823050005207,-2.651188339607436,211.2100000000064],[-79.53840204962357,-2.651627409702585,208.1999999999971],[-79.53846564982365,-2.652252649801249,214.66999999999825],[-79.53830604974381,-2.652590289819326,218.52999999999884],[-79.53850348997858,-2.653257879932335,228.14999999999418],[-79.53840237983427,-2.653653059632624,233.17999999999302],[-79.5385011996789,-2.654068430081551,233.74000000000524],[-79.53842249963327,-2.654425640010963,232.86999999999534],[-79.53849072997089,-2.65482661018916,238.41999999999825],[-79.53840097984185,-2.655257030344203,243.80999999999767]]}},{"type":"Feature","properties":{"provincia":"AZUAY","canton":"CUENCA","parroquia":"MOLLETURO","desde":"FLOR Y SELVA CLAUDIO GALARZA","hasta":"RAMAL ELIGIO CARPIO","estado_sup":"BUENO","Suelo":"RURAL","ancho_via":9.0,"ancho_supe":4.3,"long_km":0.0458787285332,"cod__via":"P015-2894","categoria":"VECINAL","cod__tramo":"P015-2894-1","identidad":null,"conexion":"ASENTAMIENTO HUMANO A ASENTAMIENTO HUMANO","limituso":"Actualizado abril 2021","name":"9 jul. 2020 16:07:47","importanci":"CONDUCE A VIVIENDAS","cond__clim":"NUBLADO","tipo_terre":"LLANO","uso_derech":"INFRAESTRUCTURA FISICA","f__carrile":"2 CARRIL BIDIRECCIONAL","puentes":0.0,"alcantaril":0.0,"reservas":"NO","curvas":1.0,"anio":"2020:GPA-GAD PARROQUIALES","levan_orig":"GPA-Planificacion (Rene Chacho - Mateo Calderon)","responsabl":"GPA-Planificacion (Rene Chacho - Mateo Calderon)","ninguna2":null,"conservaci":"MANTENIMIENTO PERIODICO","dist_merc":0.0,"destino":null,"riesgos_po":null,"alt_i":0.0,"alt_f":0.0,"velocidad":0.0,"visibilida":0.0,"intersecci":0.0,"shi_contin":0.0,"shi_cont_1":0.0,"shi_segmen":0.0,"shi_segm_1":0.0,"ninguna":null,"shc_contin":0.0,"shc_cont_1":0.0,"shc_segmen":0.0,"shc_segm_1":0.0,"ninguna1":null,"shd_contin":0.0,"shd_cont_1":0.0,"shd_segmen":0.0,"shd_segm_1":0.0,"sv_regulat":0.0,"sv_informa":0.0,"ES_SEGMENT":1,"sv_prevent":0.0,"long_i":663147.8102,"long_f":663062.9085,"lat_f":9707032.6681,"lat_i":9707140.1105,"sectproduc":null,"producto":null,"lado":null,"estado":null,"tipo":null,"situacvia":null,"calzada_m":0.0,"derecho_m":0.0,"observacio":"VIAS FUERA DEL LIMITE PDOT (AREA DE INTERES)","begin_":null,"end_":null,"Shape__Len":45.8787285332,"id":2778.0,"id_FID_ini":3010,"id_0":3013,"solic_dere":null,"tipo_via":"5","tipo_sup":"LASTRE"},"geometry":{"type":"LineString","coordinates":[[-79.53280899960998,-2.649801999695877,107.69000000000233],[-79.53319754625748,-2.649675259999606,0.0]]}},{"type":"Feature","properties":{"provincia":"AZUAY","canton":"CUENCA","parroquia":"MOLLETURO","desde":"FLOR Y SELVA CLAUDIO GALARZA","hasta":"RAMAL ELIGIO CARPIO","estado_sup":"BUENO","Suelo":"RURAL","ancho_via":9.0,"ancho_supe":4.3,"long_km":0.129170680383,"cod__via":"P015-2894","categoria":"VECINAL","cod__tramo":"P015-2894-1","identidad":null,"conexion":"ASENTAMIENTO HUMANO A ASENTAMIENTO HUMANO","limituso":"Actualizado abril 2021","name":"9 jul. 2020 16:07:47","importanci":"CONDUCE A VIVIENDAS","cond__clim":"NUBLADO","tipo_terre":"LLANO","uso_derech":"INFRAESTRUCTURA FISICA","f__carrile":"2 CARRIL BIDIRECCIONAL","puentes":0.0,"alcantaril":0.0,"reservas":"NO","curvas":1.0,"anio":"2020:GPA-GAD PARROQUIALES","levan_orig":"GPA-Planificacion (Rene Chacho - Mateo Calderon)","responsabl":"GPA-Planificacion (Rene Chacho - Mateo Calderon)","ninguna2":null,"conservaci":"MANTENIMIENTO PERIODICO","dist_merc":0.0,"destino":null,"riesgos_po":null,"alt_i":0.0,"alt_f":0.0,"velocidad":0.0,"visibilida":0.0,"intersecci":0.0,"shi_contin":0.0,"shi_cont_1":0.0,"shi_segmen":0.0,"shi_segm_1":0.0,"ninguna":null,"shc_contin":0.0,"shc_cont_1":0.0,"shc_segmen":0.0,"shc_segm_1":0.0,"ninguna1":null,"shd_contin":0.0,"shd_cont_1":0.0,"shd_segmen":0.0,"shd_segm_1":0.0,"sv_regulat":0.0,"sv_informa":0.0,"ES_SEGMENT":1,"sv_prevent":0.0,"long_i":663147.8102,"long_f":663062.9085,"lat_f":9707032.6681,"lat_i":9707140.1105,"sectproduc":null,"producto":null,"lado":null,"estado":null,"tipo":null,"situacvia":null,"calzada_m":0.0,"derecho_m":0.0,"observacio":"VIAS FUERA DEL LIMITE PDOT (AREA DE INTERES)","begin_":null,"end_":null,"Shape__Len":129.170680383,"id":2778.0,"id_FID_ini":3010,"id_0":3013,"solic_dere":null,"tipo_via":"5","tipo_sup":"LASTRE"},"geometry":{"type":"LineString","coordinates":[[-79.532435141259,-2.648702627546544,0.0],[-79.53280899960998,-2.649801999695877,107.66000000000349]]}},{"type":"Feature","properties":{"provincia":"AZUAY","canton":"CUENCA","parroquia":"MOLLETURO","desde":"30 DE AGOSTO","hasta":"RAMAL ESCUELA MANUELA GARAICOA","estado_sup":"BUENO","Suelo":"RURAL","ancho_via":5.0,"ancho_supe":2.5,"long_km":0.145014620608,"cod__via":"P015-2893","categoria":"VECINAL","cod__tramo":"P015-2893-1","identidad":null,"conexion":"ASENTAMIENTO HUMANO A ASENTAMIENTO HUMANO","limituso":"Actualizado abril 2021","name":"9 jul. 2020 16:20:14","importanci":"CONDUCE A VIVIENDAS","cond__clim":"NUBLADO","tipo_terre":"LLANO","uso_derech":"INFRAESTRUCTURA FISICA","f__carrile":"2 CARRIL BIDIRECCIONAL","puentes":0.0,"alcantaril":0.0,"reservas":"NO","curvas":0.0,"anio":"2020:GPA-GAD PARROQUIALES","levan_orig":"GPA-Planificacion (Rene Chacho - Mateo Calderon)","responsabl":"GPA-Planificacion (Rene Chacho - Mateo Calderon)","ninguna2":null,"conservaci":"MANTENIMIENTO PERIODICO","dist_merc":0.0,"destino":null,"riesgos_po":null,"alt_i":0.0,"alt_f":0.0,"velocidad":0.0,"visibilida":0.0,"intersecci":0.0,"shi_contin":0.0,"shi_cont_1":0.0,"shi_segmen":0.0,"shi_segm_1":0.0,"ninguna":null,"shc_contin":0.0,"shc_cont_1":0.0,"shc_segmen":0.0,"shc_segm_1":0.0,"ninguna1":null,"shd_contin":0.0,"shd_cont_1":0.0,"shd_segmen":0.0,"shd_segm_1":0.0,"sv_regulat":0.0,"sv_informa":0.0,"ES_SEGMENT":0,"sv_prevent":0.0,"long_i":663023.5144,"long_f":663161.7282,"lat_f":9707060.695,"lat_i":9707101.8489,"sectproduc":null,"producto":null,"lado":null,"estado":null,"tipo":null,"situacvia":null,"calzada_m":0.0,"derecho_m":0.0,"observacio":"VIAS FUERA DEL LIMITE PDOT (AREA DE INTERES)","begin_":null,"end_":null,"Shape__Len":145.014620608,"id":2780.0,"id_FID_ini":3015,"id_0":3018,"solic_dere":null,"tipo_via":"5","tipo_sup":"LASTRE"},"geometry":{"type":"LineString","coordinates":[[-79.53355256680506,-2.649050001096747,0.0],[-79.53280699963086,-2.649326000280674,0.0],[-79.53230912641874,-2.649420722743884,0.0]]}},{"type":"Feature","properties":{"provincia":"AZUAY","canton":"CUENCA","parroquia":"MOLLETURO","desde":"FLOR Y SELVA CENTRO","hasta":"IGNACIO ESPEJO BELLAVISTA","estado_sup":"REGULAR","Suelo":"RURAL","ancho_via":5.0,"ancho_supe":3.0,"long_km":0.163039494523,"cod__via":"P015-2891","categoria":"VECINAL","cod__tramo":"P015-2891-1","identidad":null,"conexion":"ASENTAMIENTO HUMANO A ASENTAMIENTO HUMANO","limituso":"Actualizado abril 2021","name":"9 jul. 2020 16:03:23","importanci":"CONDUCE A VIVIENDAS","cond__clim":"LLUVIOSO - NUBLADO","tipo_terre":"LLANO","uso_derech":"INFRAESTRUCTURA FISICA","f__carrile":"1 CARRIL BIDIRECCIONAL","puentes":0.0,"alcantaril":0.0,"reservas":"NO","curvas":1.0,"anio":"2020:GPA-GAD PARROQUIALES","levan_orig":"GPA-Planificacion (Rene Chacho - Mateo Calderon)","responsabl":"GPA-Planificacion (Rene Chacho - Mateo Calderon)","ninguna2":null,"conservaci":"MANTENIMIENTO PERIODICO","dist_merc":0.0,"destino":null,"riesgos_po":null,"alt_i":0.0,"alt_f":0.0,"velocidad":0.0,"visibilida":0.0,"intersecci":0.0,"shi_contin":0.0,"shi_cont_1":0.0,"shi_segmen":0.0,"shi_segm_1":0.0,"ninguna":null,"shc_contin":0.0,"shc_cont_1":0.0,"shc_segmen":0.0,"shc_segm_1":0.0,"ninguna1":null,"shd_contin":0.0,"shd_cont_1":0.0,"shd_segmen":0.0,"shd_segm_1":0.0,"sv_regulat":0.0,"sv_informa":0.0,"ES_SEGMENT":0,"sv_prevent":0.0,"long_i":663030.9823,"long_f":663182.1651,"lat_f":9707123.5539,"lat_i":9707167.6015,"sectproduc":null,"producto":null,"lado":null,"estado":null,"tipo":null,"situacvia":null,"calzada_m":0.0,"derecho_m":0.0,"observacio":"VIAS FUERA DEL LIMITE PDOT (AREA DE INTERES)","begin_":null,"end_":null,"Shape__Len":163.039494523,"id":2776.0,"id_FID_ini":118,"id_0":122,"solic_dere":null,"tipo_via":"5","tipo_sup":"LASTRE"},"geometry":{"type":"LineString","coordinates":[[-79.53348610512407,-2.64845524569665,136.58000000000175],[-79.53326399972997,-2.648393000090327,101.67999999999302],[-79.53298110823755,-2.648460837346764,98.41999999999825],[-79.53212600021362,-2.648851999704974,100.4600000000064]]}},{"type":"Feature","properties":{"provincia":"AZUAY","canton":"CUENCA","parroquia":"MOLLETURO","desde":"SAN JOSE","hasta":"RAMAL ESCUELA 19 DE MARZO","estado_sup":"REGULAR","Suelo":"RURAL","ancho_via":5.8,"ancho_supe":2.8,"long_km":0.132418531798,"cod__via":"P018-2901","categoria":"VECINAL","cod__tramo":"P018-2901-1","identidad":null,"conexion":"VIA ESTATAL CON ASENTAMIENTOS HUMANOS","limituso":"Actualizado abril 2021","name":"29 jul. 2020 14:58:25","importanci":"CONDUCE A VIVIENDAS","cond__clim":"NUBLADO","tipo_terre":"ONDULADO","uso_derech":"INFRAESTRUCTURA FISICA","f__carrile":"1 CARRIL BIDIRECCIONAL","puentes":0.0,"alcantaril":0.0,"reservas":"NO","curvas":1.0,"anio":"2020:GPA-GAD PARROQUIALES","levan_orig":"GPA-Planificacion (Rene Chacho)","responsabl":"GPA-Planificacion (Rene Chacho)","ninguna2":null,"conservaci":"MANTENIMIENTO PERIODICO","dist_merc":0.0,"destino":null,"riesgos_po":null,"alt_i":0.0,"alt_f":0.0,"velocidad":0.0,"visibilida":0.0,"intersecci":0.0,"shi_contin":0.0,"shi_cont_1":0.0,"shi_segmen":0.0,"shi_segm_1":0.0,"ninguna":null,"shc_contin":0.0,"shc_cont_1":0.0,"shc_segmen":0.0,"shc_segm_1":0.0,"ninguna1":null,"shd_contin":0.0,"shd_cont_1":0.0,"shd_segmen":0.0,"shd_segm_1":0.0,"sv_regulat":0.0,"sv_informa":0.0,"ES_SEGMENT":0,"sv_prevent":0.0,"long_i":668872.596,"long_f":668928.0154,"lat_f":9702149.2868,"lat_i":9702245.5992,"sectproduc":null,"producto":null,"lado":null,"estado":null,"tipo":null,"situacvia":null,"calzada_m":0.0,"derecho_m":0.0,"observacio":null,"begin_":null,"end_":null,"Shape__Len":132.418531798,"id":2728.0,"id_FID_ini":2960,"id_0":2963,"solic_dere":null,"tipo_via":"8","tipo_sup":"LASTRE"},"geometry":{"type":"LineString","coordinates":[[-79.48089650071722,-2.692905800979281,0.0],[-79.480832999718,-2.693104000444555,0.0],[-79.4804379995797,-2.693203999679999,0.0],[-79.48039701035604,-2.693776217061405,0.0]]}},{"type":"Feature","properties":{"provincia":"AZUAY","canton":"CUENCA","parroquia":"MOLLETURO","desde":"INICIO VIA LUZ MARIA","hasta":"FIN VIA LUZ MARIA","estado_sup":"REGULAR","Suelo":"RURAL","ancho_via":4.0,"ancho_supe":3.0,"long_km":0.273380973369,"cod__via":"P015-2903","categoria":"VECINAL","cod__tramo":"P015-2903-1","identidad":null,"conexion":"ASENTAMIENTO HUMANO A ASENTAMIENTO HUMANO","limituso":"Actualizado abril 2021","name":"2 jul. 2020 11:20:00","importanci":"CONDUCE A PROYECTOS PRODUCTIVOS","cond__clim":"LLUVIOSO","tipo_terre":"ONDULADO","uso_derech":"AGRICOLA","f__carrile":"1 CARRIL BIDIRECCIONAL","puentes":0.0,"alcantaril":0.0,"reservas":"NO","curvas":1.0,"anio":"2020:GPA-GAD PARROQUIALES","levan_orig":"GPA-Planificacion (Jorge Cardenas)","responsabl":"GPA-Planificacion (Jorge Cardenas)","ninguna2":null,"conservaci":"NINGUNA","dist_merc":0.0,"destino":null,"riesgos_po":null,"alt_i":0.0,"alt_f":0.0,"velocidad":0.0,"visibilida":0.0,"intersecci":0.0,"shi_contin":0.0,"shi_cont_1":0.0,"shi_segmen":0.0,"shi_segm_1":0.0,"ninguna":null,"shc_contin":0.0,"shc_cont_1":0.0,"shc_segmen":0.0,"shc_segm_1":0.0,"ninguna1":null,"shd_contin":0.0,"shd_cont_1":0.0,"shd_segmen":0.0,"shd_segm_1":0.0,"sv_regulat":0.0,"sv_informa":0.0,"ES_SEGMENT":0,"sv_prevent":0.0,"long_i":676282.5094,"long_f":676220.729,"lat_f":9702280.3419,"lat_i":9702535.9585,"sectproduc":null,"producto":null,"lado":null,"estado":null,"tipo":null,"situacvia":null,"calzada_m":0.0,"derecho_m":0.0,"observacio":null,"begin_":null,"end_":null,"Shape__Len":273.380973369,"id":103.0,"id_FID_ini":359,"id_0":362,"solic_dere":null,"tipo_via":"5","tipo_sup":"LASTRE"},"geometry":{"type":"LineString","coordinates":[[-79.41426038803168,-2.690194572482661,0.0],[-79.4141929997874,-2.690301000426863,0.0],[-79.41415699970511,-2.690608999669598,0.0],[-79.41443099992246,-2.691103999707859,0.0],[-79.41459399991153,-2.691915999888311,0.0],[-79.41481299997122,-2.69250699972135,0.0]]}},{"type":"Feature","properties":{"provincia":"AZUAY","canton":"CUENCA","parroquia":"MOLLETURO","desde":"SAN FRANCISCO DE JAVIER","hasta":"RIO QUITAHUAYCO","estado_sup":"REGULAR","Suelo":"RURAL","ancho_via":5.5,"ancho_supe":4.8,"long_km":2.94944094672,"cod__via":"P015-1726","categoria":"VECINAL","cod__tramo":"P015-1726-1","identidad":"010157172651","conexion":"ASENTAMIENTO HUMANO A ASENTAMIENTO HUMANO","limituso":"Referencial","name":null,"importanci":"NORMAL","cond__clim":"SECO - NUBLADO","tipo_terre":"MONTANOSO","uso_derech":"PASTOS","f__carrile":"1 CARRIL BIDIRECCIONAL","puentes":0.0,"alcantaril":0.0,"reservas":"SI","curvas":31.0,"anio":"2017:CONGOPE","levan_orig":"CONGOPE","responsabl":"CONGOPE","ninguna2":"-","conservaci":"MEJORAMIENTO","dist_merc":22.5,"destino":"PARROQUIA","riesgos_po":"NO","alt_i":1464.0,"alt_f":1100.0,"velocidad":0.0,"visibilida":30.0,"intersecci":0.0,"shi_contin":0.0,"shi_cont_1":0.0,"shi_segmen":0.0,"shi_segm_1":0.0,"ninguna":null,"shc_contin":0.0,"shc_cont_1":0.0,"shc_segmen":0.0,"shc_segm_1":0.0,"ninguna1":null,"shd_contin":0.0,"shd_cont_1":0.0,"shd_segmen":0.0,"shd_segm_1":0.0,"sv_regulat":0.0,"sv_informa":0.0,"ES_SEGMENT":0,"sv_prevent":0.0,"long_i":680484.6936,"long_f":680520.4637,"lat_f":9703240.4396,"lat_i":9702125.3755,"sectproduc":null,"producto":null,"lado":null,"estado":null,"tipo":null,"situacvia":null,"calzada_m":0.0,"derecho_m":0.0,"observacio":null,"begin_":null,"end_":null,"Shape__Len":2949.44094672,"id":705.0,"id_FID_ini":966,"id_0":961,"solic_dere":null,"tipo_via":"5","tipo_sup":"TIERRA"},"geometry":{"type":"LineString","coordinates":[[-79.37646504437699,-2.693857695531436,0.0],[-79.37700890186454,-2.693717685789576,0.0],[-79.37711356069272,-2.693744146065213,0.0],[-79.3775414536324,-2.694046206789029,0.0],[-79.37769371025435,-2.69406555204988,0.0],[-79.3778491926196,-2.694006136527641,0.0],[-79.37796438345666,-2.693857132984948,0.0],[-79.37788005816088,-2.693626515403638,0.0],[-79.37795554637773,-2.693236418320953,0.0],[-79.37786448383658,-2.692465153567784,0.0],[-79.37771076900184,-2.692100940673242,0.0],[-79.37741098447421,-2.691755880027336,0.0],[-79.37715345564048,-2.691564303940333,0.0],[-79.3771828619611,-2.691403089960109,0.0],[-79.37725877990006,-2.69138471298524,0.0],[-79.37757082710674,-2.691489143945022,0.0],[-79.37806451337936,-2.69152534413755,0.0],[-79.37872619017627,-2.69197427904561,0.0],[-79.3790009907931,-2.691873792529334,0.0],[-79.37950844197101,-2.691544030689118,0.0],[-79.37964538490039,-2.691398170353262,0.0],[-79.37967391902367,-2.691259097925103,0.0],[-79.37957121711953,-2.691029018327339,0.0],[-79.37940732253867,-2.690877137430143,0.0],[-79.37917890729533,-2.690803911071651,0.0],[-79.37893201068829,-2.690830001765804,0.0],[-79.37880519209864,-2.690736998245805,0.0],[-79.37885234005378,-2.690622341029614,0.0],[-79.3794352374167,-2.690103089341487,0.0],[-79.37945940114474,-2.689988313638332,0.0],[-79.3793965000781,-2.68986678557353,0.0],[-79.37879132693847,-2.689510043946985,0.0],[-79.37851351884056,-2.689206775909728,0.0],[-79.37819766136188,-2.689040532730631,0.0],[-79.37795187335323,-2.688812568229961,0.0],[-79.3776549990963,-2.688747951146285,0.0],[-79.37710424085964,-2.688530197944799,0.0],[-79.37666103305877,-2.6885718955396,0.0],[-79.37628271779995,-2.688401276587845,0.0],[-79.3761001998091,-2.688222053183158,0.0],[-79.37583270964478,-2.687824190632425,0.0],[-79.37578823017469,-2.687521760002178,0.0],[-79.37588048574958,-2.687507128924208,0.0],[-79.37601929517201,-2.687746899575219,0.0],[-79.37613417574379,-2.687797883803759,0.0],[-79.37639346894848,-2.687731773552648,0.0],[-79.37664481017019,-2.687770771236348,0.0],[-79.37722214908446,-2.687600710497176,0.0],[-79.37746508404008,-2.687598667424567,0.0],[-79.37820554603299,-2.68746426535957,0.0],[-79.37878287232991,-2.687498712990295,0.0],[-79.37929913325972,-2.687588831086673,0.0],[-79.37933353644775,-2.687487503119195,0.0],[-79.37915576439954,-2.687047784184413,0.0],[-79.37909907256247,-2.686702964553814,0.0],[-79.3791797924223,-2.686554380131106,0.0],[-79.37953736786608,-2.68617995921878,0.0],[-79.37955780641181,-2.68597445150542,0.0],[-79.37940875981987,-2.685726831124911,0.0],[-79.37894609382839,-2.685505187835993,0.0],[-79.37889118700909,-2.685426336823707,0.0],[-79.37904473301687,-2.685364011281689,0.0],[-79.37991067640456,-2.685475838838444,0.0],[-79.37999544202887,-2.685411831644816,0.0],[-79.37939806024444,-2.68494409852723,0.0],[-79.37901341829031,-2.684812425439451,0.0],[-79.3784496103674,-2.68440631498273,0.0],[-79.3781787770407,-2.684408423626319,0.0],[-79.37790242346652,-2.684317431257343,0.0],[-79.37750765303171,-2.684430069354526,0.0],[-79.3772146646799,-2.684439102656262,0.0],[-79.37646063749595,-2.684133276059386,0.0],[-79.37622230768426,-2.683773599232287,0.0],[-79.37615670026342,-2.683773231309086,0.0]]}},{"type":"Feature","properties":{"provincia":"AZUAY","canton":"CUENCA","parroquia":"MOLLETURO","desde":"INICIO SECTOR VILLA NUEVA","hasta":"FIN DE VIA IGLESIA","estado_sup":"BUENO","Suelo":"RURAL","ancho_via":5.0,"ancho_supe":3.6,"long_km":0.176808528951,"cod__via":"P015-2899","categoria":"VECINAL","cod__tramo":"P015-2899-1","identidad":null,"conexion":"ASENTAMIENTO HUMANO A ASENTAMIENTO HUMANO","limituso":"Actualizado abril 2021","name":"2 jul. 2020 11:32:10","importanci":"CONDUCE A VIVIENDAS","cond__clim":"LLUVIOSO","tipo_terre":"MONTANOSO","uso_derech":"INFRAESTRUCTURA FISICA","f__carrile":"1 CARRIL BIDIRECCIONAL","puentes":0.0,"alcantaril":0.0,"reservas":"NO","curvas":3.0,"anio":"2020:GPA-GAD PARROQUIALES","levan_orig":"GPA-Planificacion (Jorge Cardenas)","responsabl":"GPA-Planificacion (Jorge Cardenas)","ninguna2":null,"conservaci":"NINGUNA","dist_merc":0.0,"destino":null,"riesgos_po":null,"alt_i":0.0,"alt_f":0.0,"velocidad":0.0,"visibilida":0.0,"intersecci":0.0,"shi_contin":0.0,"shi_cont_1":0.0,"shi_segmen":0.0,"shi_segm_1":0.0,"ninguna":null,"shc_contin":0.0,"shc_cont_1":0.0,"shc_segmen":0.0,"shc_segm_1":0.0,"ninguna1":null,"shd_contin":0.0,"shd_cont_1":0.0,"shd_segmen":0.0,"shd_segm_1":0.0,"sv_regulat":0.0,"sv_informa":0.0,"ES_SEGMENT":0,"sv_prevent":0.0,"long_i":675596.6441,"long_f":675502.7875,"lat_f":9704170.664,"lat_i":9704077.5936,"sectproduc":null,"producto":null,"lado":null,"estado":null,"tipo":null,"situacvia":null,"calzada_m":0.0,"derecho_m":0.0,"observacio":null,"begin_":null,"end_":null,"Shape__Len":176.808528951,"id":374.0,"id_FID_ini":619,"id_0":616,"solic_dere":null,"tipo_via":"5","tipo_sup":"LASTRE"},"geometry":{"type":"LineString","coordinates":[[-79.42044636911154,-2.676260602265354,0.0],[-79.42098699979184,-2.676128000245062,0.0],[-79.42105099973254,-2.676047999550947,0.0],[-79.42099899980028,-2.675849999726846,0.0],[-79.42108399984491,-2.675802000102836,0.0],[-79.42130700011985,-2.675815999774812,0.0],[-79.42133300038519,-2.675699000138982,0.0],[-79.42129150358998,-2.675419997955226,0.0]]}},{"type":"Feature","properties":{"provincia":"AZUAY","canton":"CUENCA","parroquia":"MOLLETURO","desde":"CORONA DE ORO","hasta":"CHURUCU  CONTINUA  3 KM MAS","estado_sup":"MALO","Suelo":"RURAL","ancho_via":4.0,"ancho_supe":3.0,"long_km":2.22262589684,"cod__via":"P019-2897","categoria":"VECINAL","cod__tramo":"P019-2897-1","identidad":null,"conexion":"OTROS","limituso":"Actualizado abril 2021","name":"2 jul. 2020 14:30:30","importanci":"CONDUCE A PROYECTOS PRODUCTIVOS","cond__clim":"LLUVIOSO","tipo_terre":"ONDULADO","uso_derech":"AGRICOLA","f__carrile":"1 CARRIL BIDIRECCIONAL","puentes":0.0,"alcantaril":0.0,"reservas":"SI","curvas":1.0,"anio":"2020:GPA-GAD PARROQUIALES","levan_orig":"GPA-Planificacion (Jorge Cardenas)","responsabl":"GPA-Planificacion (Jorge Cardenas)","ninguna2":null,"conservaci":"NINGUNA","dist_merc":0.0,"destino":null,"riesgos_po":null,"alt_i":0.0,"alt_f":0.0,"velocidad":0.0,"visibilida":0.0,"intersecci":0.0,"shi_contin":0.0,"shi_cont_1":0.0,"shi_segmen":0.0,"shi_segm_1":0.0,"ninguna":null,"shc_contin":0.0,"shc_cont_1":0.0,"shc_segmen":0.0,"shc_segm_1":0.0,"ninguna1":null,"shd_contin":0.0,"shd_cont_1":0.0,"shd_segmen":0.0,"shd_segm_1":0.0,"sv_regulat":0.0,"sv_informa":0.0,"ES_SEGMENT":0,"sv_prevent":0.0,"long_i":673697.4819,"long_f":674955.7356,"lat_f":9707266.8312,"lat_i":9706710.9754,"sectproduc":null,"producto":null,"lado":null,"estado":null,"tipo":null,"situacvia":null,"calzada_m":0.0,"derecho_m":0.0,"observacio":null,"begin_":null,"end_":null,"Shape__Len":2222.62589684,"id":704.0,"id_FID_ini":965,"id_0":960,"solic_dere":null,"tipo_via":"9","tipo_sup":"LASTRE"},"geometry":{"type":"LineString","coordinates":[[-79.4375557342274,-2.652467000638144,0.0],[-79.43739633749146,-2.652570131228518,0.0],[-79.43734039856469,-2.652667520138768,0.0],[-79.4373442777561,-2.653146262104806,0.0],[-79.43730373355771,-2.653321936028397,0.0],[-79.43705716611116,-2.653434266313409,0.0],[-79.43690688130869,-2.65358501910791,0.0],[-79.43641515853966,-2.654469775729517,0.0],[-79.43635441412749,-2.654674711085425,0.0],[-79.43608303475952,-2.654922182586464,0.0],[-79.43597993903282,-2.65495809800424,0.0],[-79.4358523358938,-2.654885843528838,0.0],[-79.43571591476719,-2.654700933540794,0.0],[-79.43546285046658,-2.654635277846849,0.0],[-79.4354002171877,-2.654560853215266,0.0],[-79.43533116670494,-2.654245362313626,0.0],[-79.4349624786021,-2.653490179025384,0.0],[-79.43490206852792,-2.653429274014455,0.0],[-79.4347900180671,-2.65346067240655,0.0],[-79.4346127787638,-2.653667711222999,0.0],[-79.43449853349777,-2.653663060264037,0.0],[-79.43443156176556,-2.653475985900769,0.0],[-79.43414742699272,-2.653178244692629,0.0],[-79.43406742546374,-2.652664486935206,0.0],[-79.43382582135818,-2.652393833439995,0.0],[-79.4332572350643,-2.652050672652736,0.0],[-79.43280975158967,-2.651604033882267,0.0],[-79.43255907399373,-2.651423484172526,0.0],[-79.4325323153167,-2.651324323639982,0.0],[-79.43232652176708,-2.65108075109011,0.0],[-79.43222344351807,-2.651103148687123,0.0],[-79.43203044986126,-2.651368742318445,0.0],[-79.43191803565635,-2.651688507301541,0.0],[-79.43182837548832,-2.651728945155514,0.0],[-79.43159987906213,-2.651724148508605,0.0],[-79.43136226226989,-2.651845501006368,0.0],[-79.43106661495021,-2.651795561067224,0.0],[-79.43090964666963,-2.651917016217518,0.0],[-79.43066335804843,-2.651808563837001,0.0],[-79.4305692412282,-2.651830972664688,0.0],[-79.4304929253181,-2.65194802496855,0.0],[-79.43033597972087,-2.652051456807596,0.0],[-79.43013848256686,-2.652335067287316,0.0],[-79.42998152463292,-2.65244751107956,0.0],[-79.42986505576249,-2.652429339291157,0.0],[-79.4293413727749,-2.652009637082173,0.0],[-79.4293011744995,-2.651910459478687,0.0],[-79.42918474551658,-2.65186074686562,0.0],[-79.42909146343443,-2.651220812434048,0.0],[-79.42891245587329,-2.651053871403338,0.0],[-79.42859895064183,-2.650954345117635,0.0],[-79.42840625225575,-2.650985639153209,0.0],[-79.42801237835336,-2.650665228904588,0.0],[-79.42762288167239,-2.650425927274922,0.0],[-79.42744842958187,-2.650200417769167,0.0],[-79.42711265350057,-2.649997230182801,0.0],[-79.42692006630925,-2.649940662824998,0.0],[-79.42695825553868,-2.649857354883707,0.0],[-79.42728984418959,-2.649828491080596,0.0],[-79.42741315530859,-2.64974979823827,0.0],[-79.4273975588039,-2.649682192020737,0.0],[-79.42704168902208,-2.649424910179521,0.0],[-79.42691869929196,-2.649249029530524,0.0],[-79.42675138011928,-2.648696862583426,0.0],[-79.4265323230392,-2.64831359492265,0.0],[-79.42655335216031,-2.647626496795411,0.0],[-79.42645724209926,-2.64745290332597,0.0],[-79.42624669647758,-2.647425600313313,0.0]]}},{"type":"Feature","properties":{"provincia":"AZUAY","canton":"CUENCA","parroquia":"MOLLETURO","desde":"VIA CORONA EMPALME","hasta":"VIA PRINCIPAL MOLLETURO CUENCA","estado_sup":"BUENO","Suelo":"RURAL","ancho_via":7.5,"ancho_supe":5.4,"long_km":6.97368065783,"cod__via":"P019-2896","categoria":"VECINAL","cod__tramo":"P019-2896-1","identidad":null,"conexion":"OTROS","limituso":"Actualizado abril 2021","name":"2 jul. 2020 11:53:39","importanci":"CONDUCE A PROYECTOS PRODUCTIVOS","cond__clim":"LLUVIOSO","tipo_terre":"ONDULADO","uso_derech":"AGRICOLA","f__carrile":"1 CARRIL BIDIRECCIONAL","puentes":0.0,"alcantaril":3.0,"reservas":"NO","curvas":36.0,"anio":"2020:GPA-GAD PARROQUIALES","levan_orig":"GPA-Planificacion (Jorge Cardenas)","responsabl":"GPA-Planificacion (Jorge Cardenas)","ninguna2":null,"conservaci":"MANTENIMIENTO RUTINARIO","dist_merc":0.0,"destino":null,"riesgos_po":null,"alt_i":0.0,"alt_f":0.0,"velocidad":0.0,"visibilida":0.0,"intersecci":0.0,"shi_contin":0.0,"shi_cont_1":0.0,"shi_segmen":0.0,"shi_segm_1":0.0,"ninguna":null,"shc_contin":0.0,"shc_cont_1":0.0,"shc_segmen":0.0,"shc_segm_1":0.0,"ninguna1":null,"shd_contin":0.0,"shd_cont_1":0.0,"shd_segmen":0.0,"shd_segm_1":0.0,"sv_regulat":0.0,"sv_informa":0.0,"ES_SEGMENT":0,"sv_prevent":0.0,"long_i":673612.1537,"long_f":672078.2829,"lat_f":9709106.6946,"lat_i":9706735.8197,"sectproduc":null,"producto":null,"lado":null,"estado":null,"tipo":null,"situacvia":null,"calzada_m":0.0,"derecho_m":0.0,"observacio":null,"begin_":null,"end_":null,"Shape__Len":6973.68065783,"id":345.0,"id_FID_ini":568,"id_0":565,"solic_dere":null,"tipo_via":"9","tipo_sup":"LASTRE"},"geometry":{"type":"LineString","coordinates":[[-79.43832336885995,-2.652243289205638,0.0],[-79.43853899979696,-2.652592999750808,0.0],[-79.43877199960693,-2.652811000161059,0.0],[-79.4392640004002,-2.652853000299954,0.0],[-79.43931599974982,-2.65295399997565,0.0],[-79.43916700015419,-2.653302000056166,0.0],[-79.43922200035524,-2.653382999668191,0.0],[-79.43931300027481,-2.653368000272216,0.0],[-79.43951699989223,-2.653028000370934,0.0],[-79.43972600010983,-2.652808000174358,0.0],[-79.4397600002552,-2.652712999727676,0.0],[-79.43965100044186,-2.652506000082607,0.0],[-79.43923400007196,-2.652302000450117,0.0],[-79.439079999933,-2.652136999938816,0.0],[-79.43904799978097,-2.651640999903736,0.0],[-79.43889999984721,-2.651448000343232,0.0],[-79.43860200024,-2.651371000203684,0.0],[-79.43853599986316,-2.651279999674255,0.0],[-79.43846100014112,-2.650724999879393,0.0],[-79.43839600005504,-2.65054699975019,0.0],[-79.43800100030023,-2.650317000184984,0.0],[-79.43782000006345,-2.650151999884593,0.0],[-79.43758500031475,-2.649607999881237,0.0],[-79.43756200003678,-2.649486000403723,0.0],[-79.43766499957937,-2.648775999616712,0.0],[-79.43800399979855,-2.648251000082149,0.0],[-79.43825199960796,-2.647459999649211,0.0],[-79.43819300014427,-2.647027999913676,0.0],[-79.43826799974383,-2.646947999807751,0.0],[-79.43837099962204,-2.646954999857634,0.0],[-79.43867599976407,-2.647272999878816,0.0],[-79.43881000002548,-2.647640000436616,0.0],[-79.43879300013916,-2.64831699970441,0.0],[-79.43888100029723,-2.64837900026741,0.0],[-79.43899100044018,-2.64833499971704,0.0],[-79.43929400001043,-2.647971999850493,0.0],[-79.4396559996487,-2.647735999974819,0.0],[-79.43970700004337,-2.647616999832273,0.0],[-79.43966600039654,-2.647488999590443,0.0],[-79.43938499975982,-2.647184999893303,0.0],[-79.43937200007997,-2.647089000253807,0.0],[-79.43948399999123,-2.646735999566376,0.0],[-79.43977400021366,-2.646389000212282,0.0],[-79.43999100014018,-2.645901000303118,0.0],[-79.44076299976139,-2.645543000264874,0.0],[-79.44142499955906,-2.645586000382645,0.0],[-79.44185700009278,-2.645483999561685,0.0],[-79.4420630003233,-2.645376000317917,0.0],[-79.44221599967409,-2.645178000175437,0.0],[-79.44232199985103,-2.645119999711495,0.0],[-79.4432689998396,-2.644855000109567,0.0],[-79.44382700001388,-2.64456499969704,0.0],[-79.4440050003544,-2.644384999696928,0.0],[-79.44438100024345,-2.644186000350561,0.0],[-79.44446700011086,-2.644093999631264,0.0],[-79.44452299971734,-2.64386900037994,0.0],[-79.44452499981982,-2.643648000085285,0.0],[-79.44435899964388,-2.643251999997582,0.0],[-79.4442919997528,-2.642840999817889,0.0],[-79.44395200010294,-2.64243700030619,0.0],[-79.44369199990155,-2.641695000056209,0.0],[-79.44380199967799,-2.641273000451518,0.0],[-79.44378100012973,-2.641080999978606,0.0],[-79.44369899999892,-2.640911999715815,0.0],[-79.44309299995616,-2.64062400009461,0.0],[-79.44247300016056,-2.64054899966634,0.0],[-79.44250700008766,-2.640449000311619,0.0],[-79.44296100009691,-2.639938000299639,0.0],[-79.442861999565,-2.639325000027533,0.0],[-79.44323599969553,-2.638962999961868,0.0],[-79.44325800000497,-2.638389000338251,0.0],[-79.44324299967855,-2.638292999896168,0.0],[-79.44301300000213,-2.638097999901647,0.0],[-79.4430020000674,-2.638000999739278,0.0],[-79.44324099978658,-2.6377679999856,0.0],[-79.44332600010792,-2.637529000362452,0.0],[-79.44326199975858,-2.637450000283146,0.0],[-79.44278900037281,-2.637251000343537,0.0],[-79.44244599960498,-2.637018000125876,0.0],[-79.44226299958994,-2.636826000360767,0.0],[-79.44222900001785,-2.636703999638049,0.0],[-79.44225899996766,-2.636269000406094,0.0],[-79.44204199970048,-2.635952000168237,0.0],[-79.44216000012261,-2.635389000314219,0.0],[-79.44211699973833,-2.635290000167293,0.0],[-79.44199900014533,-2.635331000014583,0.0],[-79.44185800036861,-2.635641000408185,0.0],[-79.44105099979163,-2.6361510002018,0.0],[-79.4409599996817,-2.636185999868622,0.0],[-79.44075100036463,-2.636166999870597,0.0],[-79.44064200026624,-2.636120999897071,0.0],[-79.44065399997179,-2.635992000303087,0.0],[-79.4407310002414,-2.635938000170907,0.0],[-79.44108300028627,-2.635908000160672,0.0],[-79.44127399957766,-2.635785999591606,0.0],[-79.44153700004946,-2.63552099999196,0.0],[-79.44164200032507,-2.635315999555399,0.0],[-79.4415959997388,-2.634954000183817,0.0],[-79.44177300020611,-2.634522000338711,0.0],[-79.44184500031625,-2.634434000050085,0.0],[-79.44207799958787,-2.634338000364669,0.0],[-79.44231299999463,-2.634167999766099,0.0],[-79.44242200027767,-2.634113999843386,0.0],[-79.44254099996671,-2.634130000407743,0.0],[-79.4426269999892,-2.634210000251085,0.0],[-79.4428689998826,-2.634681000136565,0.0],[-79.4430050003786,-2.634668999924712,0.0],[-79.44315699970736,-2.63440899972678,0.0],[-79.44324799987237,-2.634013999688353,0.0],[-79.44333299982652,-2.633908000361829,0.0],[-79.4435270000917,-2.633865999614061,0.0],[-79.44359600016102,-2.633507000425745,0.0],[-79.44366999996284,-2.633451000213618,0.0],[-79.44401099978728,-2.633510000291332,0.0],[-79.44427300012114,-2.633868999958229,0.0],[-79.44437800038696,-2.633935999637524,0.0],[-79.44477399971647,-2.633942999968435,0.0],[-79.44530899973232,-2.633710999933999,0.0],[-79.44572100037509,-2.633727999808655,0.0],[-79.44659099986795,-2.634031000095695,0.0],[-79.44712200043027,-2.634435999831319,0.0],[-79.44731599961918,-2.634458999810236,0.0],[-79.4473820003172,-2.634395000003346,0.0],[-79.44739200037912,-2.634304999670006,0.0],[-79.44732699960288,-2.634212999847405,0.0],[-79.44709900037329,-2.634011999905955,0.0],[-79.44687200043622,-2.633905999899426,0.0],[-79.44678800027316,-2.633804000072201,0.0],[-79.44678900001337,-2.633495000358888,0.0],[-79.4467019997963,-2.633318999599212,0.0],[-79.44636300015222,-2.633033000033662,0.0],[-79.44587300001434,-2.632381000039147,0.0],[-79.44565799956919,-2.632196000437116,0.0],[-79.44534200009488,-2.632094000184505,0.0],[-79.44524700006998,-2.632000000305509,0.0],[-79.44512099983046,-2.631966999866261,0.0],[-79.44474300026047,-2.632092000290335,0.0],[-79.44446299973488,-2.632055000149959,0.0],[-79.44412600007793,-2.632114999853845,0.0],[-79.44405399981392,-2.632033000035804,0.0],[-79.44431499980088,-2.631765000297993,0.0],[-79.4443480001667,-2.631672000186049,0.0],[-79.44420800020008,-2.631442999828714,0.0],[-79.44412200041322,-2.631172000067028,0.0],[-79.44410700039143,-2.630678000133365,0.0],[-79.4440600004467,-2.630568999853649,0.0],[-79.44336500042351,-2.62974900011994,0.0],[-79.44331600019302,-2.629574999749515,0.0],[-79.44338200044858,-2.629477000045136,0.0],[-79.44350099955749,-2.629462000007222,0.0],[-79.4438470004486,-2.62981900002752,0.0],[-79.4443830004109,-2.629914000247448,0.0],[-79.44449500028561,-2.629978999875255,0.0],[-79.4445600001698,-2.630070000259077,0.0],[-79.44457400042756,-2.630297000414388,0.0],[-79.44467999983492,-2.630464000049594,0.0],[-79.44477100021123,-2.630456000006262,0.0],[-79.44509800033612,-2.630122999827544,0.0],[-79.44522899997277,-2.630106999968528,0.0],[-79.44533000039193,-2.630151999921345,0.0],[-79.44539500034854,-2.630251000434023,0.0],[-79.4454370001117,-2.630572999998168,0.0],[-79.44560299997423,-2.630671000177841,0.0],[-79.4458590001125,-2.630483000238558,0.0],[-79.44594600008918,-2.630240000446462,0.0],[-79.4462629995712,-2.629947999893408,0.0],[-79.4464910002388,-2.62991700007493,0.0],[-79.44665900030863,-2.630043999716978,0.0],[-79.44675400004967,-2.63006199997674,0.0],[-79.44713499984219,-2.629591000306083,0.0],[-79.44732700001961,-2.62946499995465,0.0],[-79.44790299976276,-2.629395999731544,0.0],[-79.4480250003373,-2.629419999820581,0.0],[-79.44838500017664,-2.629617999754287,0.0],[-79.44888299960401,-2.629753000246938,0.0],[-79.44896599969375,-2.629836999659177,0.0],[-79.44892400037017,-2.630058999584657,0.0],[-79.4489529998384,-2.630274999939607,0.0],[-79.44910699989644,-2.630454000058243,0.0],[-79.44926200038638,-2.630802999561022,0.0],[-79.44937599980553,-2.630846999928741,0.0],[-79.44948400029789,-2.630762000150095,0.0],[-79.44948699977259,-2.630396999685892,0.0],[-79.44974300033314,-2.630099999941747,0.0],[-79.44986200038804,-2.629790999712141,0.0],[-79.45004900006992,-2.629704000286806,0.0],[-79.45047800000333,-2.629693000444761,0.0],[-79.45099100040227,-2.629875999985686,0.0],[-79.45160399994097,-2.630822999661468,0.0],[-79.45169499998445,-2.630875999603406,0.0],[-79.45214399997785,-2.630819000405062,0.0]]}},{"type":"Feature","properties":{"provincia":"AZUAY","canton":"CUENCA","parroquia":"MOLLETURO","desde":"SAN JACINTO","hasta":"CENTRO","estado_sup":"MALO","Suelo":"RURAL","ancho_via":5.0,"ancho_supe":2.6,"long_km":2.39282731851,"cod__via":"P019-2877","categoria":"VECINAL","cod__tramo":"P019-2877-1","identidad":null,"conexion":"OTROS","limituso":"Actualizado abril 2021","name":"2020/07/29 17:35:13.000","importanci":"CONDUCE A PROYECTOS PRODUCTIVOS","cond__clim":"NUBLADO","tipo_terre":"LLANO","uso_derech":"AGRICOLA","f__carrile":"1 CARRIL BIDIRECCIONAL","puentes":0.0,"alcantaril":0.0,"reservas":"NO","curvas":12.0,"anio":"2020:GPA-GAD PARROQUIALES","levan_orig":"GPA-Planificacion (Rene Chacho)","responsabl":"GPA-Planificacion (Rene Chacho)","ninguna2":null,"conservaci":"MANTENIMIENTO PERIODICO","dist_merc":0.0,"destino":null,"riesgos_po":null,"alt_i":0.0,"alt_f":0.0,"velocidad":0.0,"visibilida":0.0,"intersecci":0.0,"shi_contin":0.0,"shi_cont_1":0.0,"shi_segmen":0.0,"shi_segm_1":0.0,"ninguna":null,"shc_contin":0.0,"shc_cont_1":0.0,"shc_segmen":0.0,"shc_segm_1":0.0,"ninguna1":null,"shd_contin":0.0,"shd_cont_1":0.0,"shd_segmen":0.0,"shd_segm_1":0.0,"sv_regulat":0.0,"sv_informa":0.0,"ES_SEGMENT":0,"sv_prevent":0.0,"long_i":668936.4964,"long_f":667517.7052,"lat_f":9709756.9131,"lat_i":9708209.619,"sectproduc":null,"producto":null,"lado":null,"estado":null,"tipo":null,"situacvia":null,"calzada_m":0.0,"derecho_m":0.0,"observacio":"VIAS FUERA DEL LIMITE PDOT (AREA DE INTERES)","begin_":null,"end_":null,"Shape__Len":2392.82731851,"id":2767.0,"id_FID_ini":2998,"id_0":3001,"solic_dere":null,"tipo_via":"9","tipo_sup":"LASTRE"},"geometry":{"type":"LineString","coordinates":[[-79.48038800019361,-2.63896699959808,0.0],[-79.48061900023993,-2.638653000343072,0.0],[-79.48062899977278,-2.638463999859911,0.0],[-79.48052199982095,-2.638069000444764,0.0],[-79.48056800027493,-2.637656999992726,0.0],[-79.48055100018641,-2.637243999711347,0.0],[-79.480282000042,-2.636423999927798,0.0],[-79.48028799982656,-2.636198999705051,0.0],[-79.48048400037136,-2.635527999559237,0.0],[-79.48062700034019,-2.635373000069178,0.0],[-79.48093299957382,-2.635413999783851,0.0],[-79.48102999984971,-2.635372000219764,0.0],[-79.48139199986302,-2.635004000409642,0.0],[-79.48176399977874,-2.634742999690952,0.0],[-79.481932000139,-2.634391999549766,0.0],[-79.48225700028951,-2.633963999757811,0.0],[-79.4823820000741,-2.633569999801459,0.0],[-79.48261300007967,-2.633289999978186,0.0],[-79.48317000023403,-2.632984999890452,0.0],[-79.48340200024367,-2.632768000191711,0.0],[-79.48401899989474,-2.631650999608396,0.0],[-79.48452700026965,-2.631184000156243,0.0],[-79.48472700039737,-2.630935999731054,0.0],[-79.48511700013668,-2.630784999654197,0.0],[-79.48563599996548,-2.630374000230807,0.0],[-79.4857109998863,-2.630210000029237,0.0],[-79.48568099986029,-2.629908999605228,0.0],[-79.48573900031276,-2.629732999926629,0.0],[-79.48610900024094,-2.629469999817321,0.0],[-79.48644500040366,-2.629411999968448,0.0],[-79.48702400039879,-2.629410999963031,0.0],[-79.48711500034904,-2.629365000214566,0.0],[-79.48718900010205,-2.629177000404266,0.0],[-79.48780299982131,-2.62917099969828,0.0],[-79.48835300028597,-2.628975000199867,0.0],[-79.4892210002244,-2.62831599955629,0.0],[-79.48991599998729,-2.627638999828191,0.0],[-79.4902959996906,-2.62764200027258,0.0],[-79.49052000012897,-2.627743999977581,0.0],[-79.49061899975372,-2.62773200042441,0.0],[-79.49111800032037,-2.626974999766102,0.0],[-79.49123100027305,-2.626687999688399,0.0],[-79.49175199967483,-2.626037999923823,0.0],[-79.49196600002455,-2.625885000219055,0.0],[-79.49300000004827,-2.62547899968547,0.0],[-79.49316409178616,-2.624988921312593,0.0]]}},{"type":"Feature","properties":{"provincia":"AZUAY","canton":"CUENCA","parroquia":"MOLLETURO","desde":"AGUAS CALIENTES","hasta":"TANQUE DE AGUA GALARZA","estado_sup":"REGULAR","Suelo":"RURAL","ancho_via":7.4,"ancho_supe":4.0,"long_km":1.34762962001,"cod__via":"P019-2878","categoria":"VECINAL","cod__tramo":"P019-2878-1","identidad":null,"conexion":"OTROS","limituso":"Actualizado abril 2021","name":"29 jul. 2020 11:24:24","importanci":"CONDUCE A PROYECTOS PRODUCTIVOS","cond__clim":"SECO","tipo_terre":"LLANO","uso_derech":"AGRICOLA","f__carrile":"1 CARRIL BIDIRECCIONAL","puentes":0.0,"alcantaril":1.0,"reservas":"NO","curvas":9.0,"anio":"2020:GPA-GAD PARROQUIALES","levan_orig":"GPA-Planificacion (Rene Chacho)","responsabl":"GPA-Planificacion (Rene Chacho)","ninguna2":null,"conservaci":"MANTENIMIENTO PERIODICO","dist_merc":0.0,"destino":null,"riesgos_po":null,"alt_i":0.0,"alt_f":0.0,"velocidad":0.0,"visibilida":0.0,"intersecci":0.0,"shi_contin":0.0,"shi_cont_1":0.0,"shi_segmen":0.0,"shi_segm_1":0.0,"ninguna":null,"shc_contin":0.0,"shc_cont_1":0.0,"shc_segmen":0.0,"shc_segm_1":0.0,"ninguna1":null,"shd_contin":0.0,"shd_cont_1":0.0,"shd_segmen":0.0,"shd_segm_1":0.0,"sv_regulat":0.0,"sv_informa":0.0,"ES_SEGMENT":0,"sv_prevent":0.0,"long_i":667513.5755,"long_f":668171.3986,"lat_f":9709624.5356,"lat_i":9709760.9987,"sectproduc":null,"producto":null,"lado":null,"estado":null,"tipo":null,"situacvia":null,"calzada_m":0.0,"derecho_m":0.0,"observacio":"VIAS FUERA DEL LIMITE PDOT (AREA DE INTERES)","begin_":null,"end_":null,"Shape__Len":1347.62962001,"id":2762.0,"id_FID_ini":2992,"id_0":2995,"solic_dere":null,"tipo_via":"9","tipo_sup":"LASTRE"},"geometry":{"type":"LineString","coordinates":[[-79.49320127441048,-2.624952016249109,0.0],[-79.49302500025281,-2.624773000354395,0.0],[-79.49260700015965,-2.624477999997482,0.0],[-79.4922180000608,-2.624245999873023,0.0],[-79.49202699961454,-2.624234000335819,0.0],[-79.49109100021145,-2.624946000271301,0.0],[-79.49105000030936,-2.625307999955819,0.0],[-79.49095900007634,-2.625403999878695,0.0],[-79.49085299987176,-2.62543000019178,0.0],[-79.49078899979558,-2.625327000252196,0.0],[-79.49075699994184,-2.625073000219587,0.0],[-79.4902459999348,-2.6245890003456,0.0],[-79.4899540004083,-2.624462999784083,0.0],[-79.48987199990546,-2.624249999686147,0.0],[-79.489797000282,-2.624180999900581,0.0],[-79.48931900015278,-2.623925999994188,0.0],[-79.48910899972977,-2.623875000185712,0.0],[-79.48895800002492,-2.623362999593594,0.0],[-79.48890599975938,-2.623283000426759,0.0],[-79.48881499959244,-2.62325099999057,0.0],[-79.48869499982484,-2.623546999918023,0.0],[-79.48856800013242,-2.623692999805081,0.0],[-79.48848099989998,-2.623729999713684,0.0],[-79.48808000019088,-2.623689000082385,0.0],[-79.48775400024014,-2.623739999870756,0.0],[-79.48755800015964,-2.623853000207488,0.0],[-79.487317000328,-2.62409000000645,0.0],[-79.4872060002172,-2.6244009999413,0.0],[-79.48723300031214,-2.624698999671428,0.0],[-79.48717100031566,-2.625113000243503,0.0],[-79.4872590003264,-2.625088999703764,0.0],[-79.48755099971582,-2.62465000001766,0.0],[-79.48775500022901,-2.624599000430628,0.0],[-79.48787500034528,-2.624739999735167,0.0],[-79.4877140002714,-2.624999999742131,0.0],[-79.48767500037934,-2.625952000435958,0.0],[-79.48728399989288,-2.626179000286505,0.0]]}},{"type":"Feature","properties":{"provincia":"AZUAY","canton":"CUENCA","parroquia":"MOLLETURO","desde":"CHILCAPLAYA BAJA","hasta":"CHILCAPLAYA ALTA","estado_sup":"MALO","Suelo":"RURAL","ancho_via":4.9,"ancho_supe":2.5,"long_km":6.0702276359,"cod__via":"P019-2870","categoria":"VECINAL","cod__tramo":"P019-2870-1","identidad":null,"conexion":"OTROS","limituso":"Actualizado abril 2021","name":"28 jul. 2020 4:55:20 p. m.","importanci":"CONDUCE A PROYECTOS PRODUCTIVOS","cond__clim":"SECO - NUBLADO","tipo_terre":"MONTANOSO","uso_derech":"AGRICOLA","f__carrile":"1 CARRIL BIDIRECCIONAL","puentes":0.0,"alcantaril":2.0,"reservas":"NO","curvas":21.0,"anio":"2020:GPA-GAD PARROQUIALES","levan_orig":"GPA-Planificacion (Michelle Castro)","responsabl":"GPA-Planificacion (Michelle Castro)","ninguna2":null,"conservaci":"NINGUNA","dist_merc":0.0,"destino":null,"riesgos_po":null,"alt_i":0.0,"alt_f":0.0,"velocidad":0.0,"visibilida":0.0,"intersecci":0.0,"shi_contin":0.0,"shi_cont_1":0.0,"shi_segmen":0.0,"shi_segm_1":0.0,"ninguna":null,"shc_contin":0.0,"shc_cont_1":0.0,"shc_segmen":0.0,"shc_segm_1":0.0,"ninguna1":null,"shd_contin":0.0,"shd_cont_1":0.0,"shd_segmen":0.0,"shd_segm_1":0.0,"sv_regulat":0.0,"sv_informa":0.0,"ES_SEGMENT":0,"sv_prevent":0.0,"long_i":673733.5158,"long_f":677043.956,"lat_f":9708247.9105,"lat_i":9712352.3419,"sectproduc":null,"producto":null,"lado":null,"estado":null,"tipo":null,"situacvia":null,"calzada_m":0.0,"derecho_m":0.0,"observacio":"VIAS FUERA DEL LIMITE PDOT (AREA DE INTERES)","begin_":null,"end_":null,"Shape__Len":6070.2276359,"id":29.0,"id_FID_ini":442,"id_0":437,"solic_dere":null,"tipo_via":"9","tipo_sup":"TIERRA"},"geometry":{"type":"LineString","coordinates":[[-79.43729511804628,-2.601447563874984,0.0],[-79.4369140003533,-2.601464000125449,0.0],[-79.43675100001859,-2.601578999994312,0.0],[-79.43632100036092,-2.601666999819796,0.0],[-79.43623300009114,-2.601735999765152,0.0],[-79.43618200023226,-2.601865999772474,0.0],[-79.4361599998109,-2.602449000175369,0.0],[-79.43610500033444,-2.602647999869111,0.0],[-79.43614299980767,-2.603073000296012,0.0],[-79.4360280001403,-2.60366399961898,0.0],[-79.43609399969178,-2.604228999628308,0.0],[-79.43591999968521,-2.604782999611035,0.0],[-79.4359990001501,-2.605545000414051,0.0],[-79.43600900040609,-2.606413000065231,0.0],[-79.43588999986669,-2.607086000105339,0.0],[-79.43585799959185,-2.607615999616258,0.0],[-79.43595299959088,-2.60785700029713,0.0],[-79.4359599997307,-2.608211999601179,0.0],[-79.4358560002321,-2.608609000416929,0.0],[-79.43587399994608,-2.609250000210353,0.0],[-79.43592300016583,-2.609358999718536,0.0],[-79.43558699987263,-2.609689000059459,0.0],[-79.43511599962228,-2.609875999865916,0.0],[-79.43443099994732,-2.610358999948999,0.0],[-79.43412499969547,-2.610759999650362,0.0],[-79.43382500032585,-2.610955999632992,0.0],[-79.43339499957267,-2.611111999848393,0.0],[-79.43299699957873,-2.611353999740609,0.0],[-79.43258899962197,-2.61150099965976,0.0],[-79.43142299958832,-2.611581000292477,0.0],[-79.43100199961297,-2.612422999770681,0.0],[-79.43073100024375,-2.612713000074235,0.0],[-79.430626999989,-2.612731999639949,0.0],[-79.43036300009473,-2.612910000263329,0.0],[-79.43027400014586,-2.613102999928753,0.0],[-79.43022099964611,-2.613541999647963,0.0],[-79.43010300032628,-2.613763000153325,0.0],[-79.42982200010785,-2.613900000214999,0.0],[-79.42956699963027,-2.614268999711931,0.0],[-79.42916700002104,-2.614446000336033,0.0],[-79.42879400006596,-2.614705999967318,0.0],[-79.42847600036693,-2.615357999636134,0.0],[-79.42838000029111,-2.616386999889714,0.0],[-79.42840000006028,-2.616617999688534,0.0],[-79.4283250003842,-2.616841000024146,0.0],[-79.42815899981844,-2.617103999960089,0.0],[-79.4280339998101,-2.617505999981897,0.0],[-79.42782200009081,-2.617729000252952,0.0],[-79.42774500042117,-2.617928000443573,0.0],[-79.4276669995876,-2.617974999924372,0.0],[-79.4274400004426,-2.618361999625497,0.0],[-79.4272049998644,-2.618615999583602,0.0],[-79.42684299994227,-2.619331999648002,0.0],[-79.42669399972638,-2.619474999640057,0.0],[-79.42638700041357,-2.619642000140292,0.0],[-79.4259810003921,-2.620022999570423,0.0],[-79.42587299959574,-2.620253000002833,0.0],[-79.42587100031292,-2.620454000061515,0.0],[-79.42556899960005,-2.620936999657881,0.0],[-79.4252790001375,-2.62108199965892,0.0],[-79.42432200027122,-2.621925000096207,0.0],[-79.42361400004506,-2.622417999784167,0.0],[-79.42306999964141,-2.622962999726692,0.0],[-79.42262800042278,-2.62332200033274,0.0],[-79.42167800016175,-2.623847999993343,0.0],[-79.4207030003246,-2.624245999564663,0.0],[-79.42017700007388,-2.624330999713027,0.0],[-79.41999399960345,-2.624295999788756,0.0],[-79.41948300014982,-2.624647999625963,0.0],[-79.41935900006978,-2.624849000450148,0.0],[-79.4193510002455,-2.624956999761705,0.0],[-79.41936500016753,-2.625157999599265,0.0],[-79.41951199972792,-2.625616999977823,0.0],[-79.41944800023877,-2.625843999808334,0.0],[-79.41914600023269,-2.626276000075745,0.0],[-79.41898300013584,-2.626387000068402,0.0],[-79.41863700013097,-2.626832000401548,0.0],[-79.41831399986404,-2.627603999929035,0.0],[-79.41822999971755,-2.627642000287171,0.0],[-79.418111000134,-2.627846999822277,0.0],[-79.41801899969565,-2.627895999723773,0.0],[-79.41780600041679,-2.627892999990012,0.0],[-79.41744800027467,-2.628144000328457,0.0],[-79.41721299982366,-2.62849900017022,0.0],[-79.41713899989563,-2.628805000353677,0.0],[-79.41719400030338,-2.628729999921397,0.0],[-79.41697400042368,-2.629147000360454,0.0],[-79.41642300004551,-2.629767999559845,0.0],[-79.41599700016752,-2.630080000318928,0.0],[-79.41575799997416,-2.630179000065766,0.0],[-79.41534900019862,-2.630450000102713,0.0],[-79.41512099983804,-2.630736999584251,0.0],[-79.41511500010445,-2.630869999634113,0.0],[-79.41504199970761,-2.630972000185338,0.0],[-79.41449500019576,-2.631555999557651,0.0],[-79.41421700042049,-2.632290000248039,0.0],[-79.41394100037863,-2.632786999983361,0.0],[-79.41343000030494,-2.633170999612235,0.0],[-79.41315500001495,-2.633613000314799,0.0],[-79.41288700009999,-2.633807999889181,0.0],[-79.41269400034017,-2.633834000110751,0.0],[-79.4125319998464,-2.633996000288637,0.0],[-79.4123660000741,-2.634412999721254,0.0],[-79.41209399968506,-2.634704000183461,0.0],[-79.41195099999591,-2.635239000436812,0.0],[-79.41156400021991,-2.635864000164775,0.0],[-79.41123999990779,-2.63621999966991,0.0],[-79.41111199973349,-2.636485999553588,0.0],[-79.41097200034554,-2.636637999839802,0.0],[-79.41078099978048,-2.637008000126452,0.0],[-79.4107719998704,-2.637109999846432,0.0],[-79.41064100012835,-2.637293999811479,0.0],[-79.41037300013534,-2.63745199971548,0.0],[-79.41003200001546,-2.637790999904128,0.0],[-79.40945300032789,-2.6386479996294,0.0],[-79.4092470003807,-2.638868999753425,0.0],[-79.40909700042434,-2.63901399955754,0.0],[-79.40882199955892,-2.639148999978536,0.0],[-79.40843499981348,-2.63914299997413,0.0],[-79.40814900023784,-2.639253000316445,0.0],[-79.40805600007796,-2.639230999590128,0.0],[-79.40770399995934,-2.638956000338738,0.0],[-79.40768799964412,-2.638855999823556,0.0],[-79.40806899969995,-2.638757000371615,0.0],[-79.40802700034439,-2.63865000009058,0.0],[-79.40794599973074,-2.638604999715302,0.0],[-79.40764700024336,-2.63863599991321,0.0],[-79.40747900007844,-2.638529000257847,0.0]]}},{"type":"Feature","properties":{"provincia":"AZUAY","canton":"CUENCA","parroquia":"MOLLETURO","desde":"EL TAMARINDO","hasta":"JESUS DEL GRAN PODER","estado_sup":"REGULAR","Suelo":"RURAL","ancho_via":75.0,"ancho_supe":65.0,"long_km":1.22606323434,"cod__via":"P018-1743","categoria":"VECINAL","cod__tramo":"P018-1743-1","identidad":"010157174381","conexion":"VIA ESTATAL CON ASENTAMIENTOS HUMANOS","limituso":"Referencial","name":null,"importanci":"NORMAL","cond__clim":"SECO - NUBLADO","tipo_terre":"LLANO","uso_derech":"AGRICOLA","f__carrile":"2 CARRIL BIDIRECCIONAL","puentes":0.0,"alcantaril":0.0,"reservas":"NO","curvas":6.0,"anio":"2023:GPA PLANIFICACION","levan_orig":"CONGOPE","responsabl":"CONGOPE","ninguna2":"-","conservaci":"MANTENIMIENTO RUTINARIO","dist_merc":132.0,"destino":"PARROQUIA","riesgos_po":"NO","alt_i":337.58,"alt_f":285.6,"velocidad":0.0,"visibilida":100.0,"intersecci":0.0,"shi_contin":0.0,"shi_cont_1":65.0,"shi_segmen":0.0,"shi_segm_1":0.0,"ninguna":null,"shc_contin":0.0,"shc_cont_1":0.0,"shc_segmen":0.0,"shc_segm_1":0.0,"ninguna1":null,"shd_contin":0.0,"shd_cont_1":65.0,"shd_segmen":0.0,"shd_segm_1":0.0,"sv_regulat":1.0,"sv_informa":0.0,"ES_SEGMENT":0,"sv_prevent":3.0,"long_i":670917.932,"long_f":671193.6129,"lat_f":9710674.7505,"lat_i":9710029.6796,"sectproduc":null,"producto":null,"lado":null,"estado":null,"tipo":null,"situacvia":null,"calzada_m":0.0,"derecho_m":0.0,"observacio":null,"begin_":null,"end_":null,"Shape__Len":1226.06323434,"id":3128.0,"id_FID_ini":3224,"id_0":3227,"solic_dere":null,"tipo_via":"8","tipo_sup":"PAVIMENTO FLEXIBLE"},"geometry":{"type":"LineString","coordinates":[[-79.46258910982537,-2.622484639833659,0.0],[-79.46285264072628,-2.622275749140735,0.0],[-79.4630186454224,-2.622074533758661,0.0],[-79.46327461325085,-2.621496351880066,0.0],[-79.46351706891225,-2.621179210562843,0.0],[-79.4636723910653,-2.620857494895638,0.0],[-79.46365172718023,-2.620731482968099,0.0],[-79.4635643516318,-2.620622430117024,0.0],[-79.46282905417627,-2.620418135661323,0.0],[-79.46269761102799,-2.620288504298743,0.0],[-79.46269332958363,-2.620183054852287,0.0],[-79.46283447032413,-2.620010662194962,0.0],[-79.46302070255388,-2.619887984954648,0.0],[-79.46363533907993,-2.619829786878675,0.0],[-79.46394293798802,-2.619699580819204,0.0],[-79.46402554168166,-2.619619958251647,0.0],[-79.4639232184704,-2.619330624719394,0.0],[-79.46388346480722,-2.619042726702749,0.0],[-79.4638049895992,-2.617298326330499,0.0],[-79.46376484183072,-2.617242356863107,0.0],[-79.4636481183683,-2.617218124770199,0.0],[-79.46312711987466,-2.617260982122339,0.0],[-79.46131343660326,-2.617189775892371,0.0],[-79.46011708276745,-2.616647661003725,0.0]]}},{"type":"Feature","properties":{"provincia":"AZUAY","canton":"CUENCA","parroquia":"MOLLETURO","desde":"CANCHA USO PRIVADO","hasta":"PARQUE Y CANCHA DE USO MULTIPLE","estado_sup":"REGULAR","Suelo":"RURAL","ancho_via":5.5,"ancho_supe":3.5,"long_km":0.161012780706,"cod__via":"P019-2890","categoria":"VECINAL","cod__tramo":"P019-2890-2","identidad":null,"conexion":"OTROS","limituso":null,"name":"20 ago. 2022 14:01:57","importanci":"CONDUCE A PROYECTOS PRODUCTIVOS","cond__clim":"NUBLADO","tipo_terre":"ONDULADO","uso_derech":"AGRICOLA","f__carrile":"1 CARRIL BIDIRECCIONAL","puentes":0.0,"alcantaril":0.0,"reservas":null,"curvas":1.0,"anio":"2022:GPA-GAD PARROQUIALES","levan_orig":"GPA-Planificacion (Michelle Castro-Monica Oropeza)","responsabl":"GPA-Planificacion (Michelle Castro-Monica Oropeza)","ninguna2":null,"conservaci":null,"dist_merc":0.0,"destino":null,"riesgos_po":null,"alt_i":0.0,"alt_f":0.0,"velocidad":30.0,"visibilida":0.0,"intersecci":0.0,"shi_contin":0.0,"shi_cont_1":0.0,"shi_segmen":0.0,"shi_segm_1":0.0,"ninguna":null,"shc_contin":0.0,"shc_cont_1":0.0,"shc_segmen":0.0,"shc_segm_1":0.0,"ninguna1":null,"shd_contin":0.0,"shd_cont_1":0.0,"shd_segmen":0.0,"shd_segm_1":0.0,"sv_regulat":0.0,"sv_informa":0.0,"ES_SEGMENT":0,"sv_prevent":0.0,"long_i":663131.4382,"long_f":663090.1301,"lat_f":9707304.8819,"lat_i":9707198.3585,"sectproduc":"AGRICULTURA","producto":"CACAO","lado":null,"estado":null,"tipo":null,"situacvia":"TRANSITABLE","calzada_m":0.0,"derecho_m":0.0,"observacio":null,"begin_":null,"end_":null,"Shape__Len":161.012780706,"id":2862.0,"id_FID_ini":3086,"id_0":3089,"solic_dere":null,"tipo_via":"9","tipo_sup":"LASTRE"},"geometry":{"type":"LineString","coordinates":[[-79.53258300003206,-2.648176000196159,97.39999999999418],[-79.53316156018836,-2.647779930073442,90.61999999999534],[-79.53328861037143,-2.647609779893272,93.16000000000349],[-79.53305937021548,-2.647404990087529,90.25],[-79.53295563042242,-2.647213030371747,91.82000000000698]]}},{"type":"Feature","properties":{"provincia":"AZUAY","canton":"CUENCA","parroquia":"MOLLETURO","desde":"SECTOR MOISES ZUMBA","hasta":"RIO OCHOA","estado_sup":"MALO","Suelo":"RURAL","ancho_via":3.6,"ancho_supe":2.3,"long_km":0.779900507084,"cod__via":"P019-2889","categoria":"VECINAL","cod__tramo":"P019-2889-2","identidad":null,"conexion":"OTROS","limituso":null,"name":"20 ago. 2022 14:47:37","importanci":"CONDUCE A PROYECTOS PRODUCTIVOS","cond__clim":"NUBLADO","tipo_terre":"ONDULADO","uso_derech":"AGRICOLA","f__carrile":"1 CARRIL BIDIRECCIONAL","puentes":0.0,"alcantaril":0.0,"reservas":null,"curvas":7.0,"anio":"2022:GPA-GAD PARROQUIALES","levan_orig":"GPA-Planificacion (Michelle Castro-Monica Oropeza)","responsabl":"GPA-Planificacion (Michelle Castro-Monica Oropeza)","ninguna2":null,"conservaci":null,"dist_merc":0.0,"destino":null,"riesgos_po":null,"alt_i":0.0,"alt_f":0.0,"velocidad":20.0,"visibilida":0.0,"intersecci":0.0,"shi_contin":0.0,"shi_cont_1":0.0,"shi_segmen":0.0,"shi_segm_1":0.0,"ninguna":null,"shc_contin":0.0,"shc_cont_1":0.0,"shc_segmen":0.0,"shc_segm_1":0.0,"ninguna1":null,"shd_contin":0.0,"shd_cont_1":0.0,"shd_segmen":0.0,"shd_segm_1":0.0,"sv_regulat":0.0,"sv_informa":0.0,"ES_SEGMENT":0,"sv_prevent":0.0,"long_i":664250.3708,"long_f":664729.9243,"lat_f":9707249.628,"lat_i":9707749.1027,"sectproduc":"AGRICULTURA","producto":"CACAO","lado":null,"estado":null,"tipo":null,"situacvia":"TRANSITABLE","calzada_m":0.0,"derecho_m":0.0,"observacio":null,"begin_":null,"end_":null,"Shape__Len":779.900507084,"id":2875.0,"id_FID_ini":3101,"id_0":3104,"solic_dere":null,"tipo_via":"9","tipo_sup":"LASTRE"},"geometry":{"type":"LineString","coordinates":[[-79.52252600025093,-2.643183000331314,0.0],[-79.5224005897846,-2.643399260364008,123.17999999999302],[-79.52202409967958,-2.643709340070989,124.89999999999418],[-79.5216703100746,-2.643945829555609,128.27000000000407],[-79.52136250001051,-2.644032859572136,128.14999999999418],[-79.5212033301561,-2.644249279666978,128.44000000000233],[-79.5210187597894,-2.644349439947114,128.25],[-79.52095247007772,-2.644634470319846,127.91999999999825],[-79.52070465984059,-2.644877389979074,127.25],[-79.52063606985557,-2.645035389555005,127.0],[-79.52039125957086,-2.645199449955252,120.80000000000291],[-79.52031671967313,-2.64539757009639,122.22000000000116],[-79.52028809031118,-2.645699640225229,120.36999999999534],[-79.51986051968629,-2.646031190397084,120.69000000000233],[-79.51968173004985,-2.646347219808715,122.33000000000175],[-79.51952136967131,-2.646525009695661,126.63000000000466],[-79.51949931012811,-2.646819000335849,135.88999999999942],[-79.51938003012502,-2.647101239939313,139.25999999999476],[-79.51933680977712,-2.647388760323319,139.52999999999884],[-79.51915585971945,-2.647629609676533,141.86000000000058],[-79.51888467024519,-2.647831009680484,140.1999999999971],[-79.51864701984786,-2.647846499789681,139.50999999999476],[-79.5185492895649,-2.647822590086709,137.24000000000524],[-79.51840560185971,-2.647684387474358,0.0],[-79.51820789990532,-2.647695120387468,146.97000000000116]]}},{"type":"Feature","properties":{"provincia":"AZUAY","canton":"CUENCA","parroquia":"MOLLETURO","desde":"JOSE GALARZA","hasta":"PRINCIPAL LIMITE CON TRIPOLI","estado_sup":"REGULAR","Suelo":"RURAL","ancho_via":7.7,"ancho_supe":4.0,"long_km":1.08240531135,"cod__via":"P015-2890","categoria":"VECINAL","cod__tramo":"P015-2890-1","identidad":null,"conexion":"ASENTAMIENTO HUMANO A ASENTAMIENTO HUMANO","limituso":"Actualizado abril 2021","name":"9 jul. 2020 16:25:09","importanci":"CONDUCE A PROYECTOS PRODUCTIVOS","cond__clim":"NUBLADO","tipo_terre":"LLANO","uso_derech":"AGRICOLA","f__carrile":"2 CARRIL BIDIRECCIONAL","puentes":0.0,"alcantaril":0.0,"reservas":"NO","curvas":1.0,"anio":"2020:GPA-GAD PARROQUIALES","levan_orig":"GPA-Planificacion (Rene Chacho - Mateo Calderon)","responsabl":"GPA-Planificacion (Rene Chacho - Mateo Calderon)","ninguna2":null,"conservaci":"MANTENIMIENTO PERIODICO","dist_merc":0.0,"destino":null,"riesgos_po":null,"alt_i":0.0,"alt_f":0.0,"velocidad":0.0,"visibilida":0.0,"intersecci":0.0,"shi_contin":0.0,"shi_cont_1":0.0,"shi_segmen":0.0,"shi_segm_1":0.0,"ninguna":null,"shc_contin":0.0,"shc_cont_1":0.0,"shc_segmen":0.0,"shc_segm_1":0.0,"ninguna1":null,"shd_contin":0.0,"shd_cont_1":0.0,"shd_segmen":0.0,"shd_segm_1":0.0,"sv_regulat":0.0,"sv_informa":0.0,"ES_SEGMENT":0,"sv_prevent":0.0,"long_i":663100.811,"long_f":663291.8308,"lat_f":9708181.9008,"lat_i":9707155.164,"sectproduc":null,"producto":null,"lado":null,"estado":null,"tipo":null,"situacvia":null,"calzada_m":0.0,"derecho_m":0.0,"observacio":"VIAS FUERA DEL LIMITE PDOT (AREA DE INTERES)","begin_":null,"end_":null,"Shape__Len":1082.40531135,"id":2771.0,"id_FID_ini":3001,"id_0":3004,"solic_dere":null,"tipo_via":"5","tipo_sup":"LASTRE"},"geometry":{"type":"LineString","coordinates":[[-79.53285798055325,-2.648566984855799,98.02000000000407],[-79.53277299968651,-2.648372999822058,97.2100000000064],[-79.53261199998825,-2.648272999711935,96.27000000000407],[-79.53199099966912,-2.647007000131093,89.2899999999936],[-79.53155199973187,-2.646504999794895,85.25],[-79.53132800031621,-2.645858000201301,83.41000000000349],[-79.53135599979962,-2.645294999580372,81.61000000000058],[-79.53119499994695,-2.644344000224315,77.08999999999651],[-79.53130600036846,-2.641823000183043,73.33000000000175],[-79.5311399997024,-2.640079999699203,68.72999999999593],[-79.53115100018172,-2.639279000341927,0.0]]}},{"type":"Feature","properties":{"provincia":"AZUAY","canton":"CUENCA","parroquia":"MOLLETURO","desde":"Y DE FLOR Y SELVA","hasta":"PORVENIR","estado_sup":"REGULAR","Suelo":"RURAL","ancho_via":6.8,"ancho_supe":4.0,"long_km":1.45239268203,"cod__via":"P019-2889","categoria":"VECINAL","cod__tramo":"P019-2889-1","identidad":null,"conexion":"OTROS","limituso":"Actualizado abril 2021","name":"9 jul. 2020 16:37:11","importanci":"CONDUCE A PROYECTOS PRODUCTIVOS","cond__clim":"NUBLADO","tipo_terre":"LLANO","uso_derech":"AGRICOLA","f__carrile":"2 CARRIL BIDIRECCIONAL","puentes":2.0,"alcantaril":0.0,"reservas":"NO","curvas":2.0,"anio":"2020:GPA-GAD PARROQUIALES","levan_orig":"GPA-Planificacion (Rene Chacho - Mateo Calderon)","responsabl":"GPA-Planificacion (Rene Chacho - Mateo Calderon)","ninguna2":null,"conservaci":"MANTENIMIENTO PERIODICO","dist_merc":0.0,"destino":null,"riesgos_po":null,"alt_i":0.0,"alt_f":0.0,"velocidad":0.0,"visibilida":0.0,"intersecci":0.0,"shi_contin":0.0,"shi_cont_1":0.0,"shi_segmen":0.0,"shi_segm_1":0.0,"ninguna":null,"shc_contin":0.0,"shc_cont_1":0.0,"shc_segmen":0.0,"shc_segm_1":0.0,"ninguna1":null,"shd_contin":0.0,"shd_cont_1":0.0,"shd_segmen":0.0,"shd_segm_1":0.0,"sv_regulat":0.0,"sv_informa":0.0,"ES_SEGMENT":0,"sv_prevent":0.0,"long_i":663291.8308,"long_f":664250.3708,"lat_f":9707749.1027,"lat_i":9708181.9008,"sectproduc":null,"producto":null,"lado":null,"estado":null,"tipo":null,"situacvia":null,"calzada_m":0.0,"derecho_m":0.0,"observacio":"VIAS FUERA DEL LIMITE PDOT (AREA DE INTERES)","begin_":null,"end_":null,"Shape__Len":1452.39268203,"id":2781.0,"id_FID_ini":3012,"id_0":3015,"solic_dere":null,"tipo_via":"9","tipo_sup":"LASTRE"},"geometry":{"type":"LineString","coordinates":[[-79.53115100018172,-2.639279000341927,0.0],[-79.53048699991807,-2.639089000193512,0.0],[-79.53014499955978,-2.638907000281192,0.0],[-79.52912200001376,-2.638094999650916,0.0],[-79.5279990000224,-2.637083999621658,0.0],[-79.52726300027979,-2.636882000133692,0.0],[-79.52673299967883,-2.636871999870914,0.0],[-79.52642099997574,-2.637057999892406,0.0],[-79.52626199975911,-2.637209999677485,0.0],[-79.52534700029312,-2.638419000331229,0.0],[-79.5247139998836,-2.639087999577517,0.0],[-79.52444800006501,-2.639716000418084,0.0],[-79.52425300012744,-2.639973999787214,0.0],[-79.52376600043566,-2.640478000331718,0.0],[-79.52317699989341,-2.640899000208286,0.0],[-79.52265199968969,-2.64187600008738,0.0],[-79.52262999964712,-2.642686000081256,0.0],[-79.52252600025093,-2.643183000331314,0.0]]}},{"type":"Feature","properties":{"provincia":"AZUAY","canton":"CUENCA","parroquia":"MOLLETURO","desde":"CONEXION A SAN VICENTE","hasta":"AGUAS CALIENTES ALTO","estado_sup":"BUENO","Suelo":"RURAL","ancho_via":6.0,"ancho_supe":3.0,"long_km":1.04205921733,"cod__via":"P019-2886","categoria":"VECINAL","cod__tramo":"P019-2886-1","identidad":null,"conexion":"OTROS","limituso":"Actualizado abril 2021","name":"2020/07/29 18:53:41.000","importanci":"CONDUCE A PROYECTOS PRODUCTIVOS","cond__clim":"NUBLADO","tipo_terre":"ONDULADO","uso_derech":"AGRICOLA","f__carrile":"1 CARRIL BIDIRECCIONAL","puentes":0.0,"alcantaril":0.0,"reservas":"NO","curvas":5.0,"anio":"2020:GPA-GAD PARROQUIALES","levan_orig":"GPA-Planificacion (Rene Chacho)","responsabl":"GPA-Planificacion (Rene Chacho)","ninguna2":null,"conservaci":"MANTENIMIENTO PERIODICO","dist_merc":0.0,"destino":null,"riesgos_po":null,"alt_i":0.0,"alt_f":0.0,"velocidad":0.0,"visibilida":0.0,"intersecci":0.0,"shi_contin":0.0,"shi_cont_1":0.0,"shi_segmen":0.0,"shi_segm_1":0.0,"ninguna":null,"shc_contin":0.0,"shc_cont_1":0.0,"shc_segmen":0.0,"shc_segm_1":0.0,"ninguna1":null,"shd_contin":0.0,"shd_cont_1":0.0,"shd_segmen":0.0,"shd_segm_1":0.0,"sv_regulat":0.0,"sv_informa":0.0,"ES_SEGMENT":0,"sv_prevent":0.0,"long_i":666475.8187,"long_f":666706.4818,"lat_f":9707776.1241,"lat_i":9708720.931,"sectproduc":null,"producto":null,"lado":null,"estado":null,"tipo":null,"situacvia":null,"calzada_m":0.0,"derecho_m":0.0,"observacio":"VIAS FUERA DEL LIMITE PDOT (AREA DE INTERES)","begin_":null,"end_":null,"Shape__Len":1042.05921733,"id":2769.0,"id_FID_ini":3003,"id_0":3006,"solic_dere":null,"tipo_via":"9","tipo_sup":"TIERRA"},"geometry":{"type":"LineString","coordinates":[[-79.50252261499479,-2.634369672676931,0.0],[-79.50263999961237,-2.63501000032517,0.0],[-79.50235700007657,-2.635495000369235,0.0],[-79.50213099982477,-2.636064000397155,0.0],[-79.50193699990358,-2.636361999599184,0.0],[-79.50152799966443,-2.637406000410743,0.0],[-79.50124099959372,-2.637585999726884,0.0],[-79.50143900013818,-2.638248000302895,0.0],[-79.50147600042459,-2.63870400025201,0.0],[-79.50165700035002,-2.63939000037131,0.0],[-79.50151599980538,-2.640217000098335,0.0],[-79.50136700041841,-2.640709999813671,0.0],[-79.50133899977428,-2.64104199982736,0.0],[-79.50137599980526,-2.641376999861814,0.0],[-79.50129499995994,-2.64156999957765,0.0],[-79.50091600001245,-2.641934000236108,0.0],[-79.50084500041572,-2.642138999835305,0.0],[-79.5006679995647,-2.642369999854253,0.0],[-79.5005179997236,-2.642861000075726,0.0],[-79.5004380000716,-2.642911999838434,0.0]]}},{"type":"Feature","properties":{"provincia":"AZUAY","canton":"CUENCA","parroquia":"MOLLETURO","desde":"RIO OCHOA","hasta":"Y DE FLOR Y SELVA","estado_sup":"BUENO","Suelo":"RURAL","ancho_via":10.5,"ancho_supe":4.7,"long_km":0.557307014898,"cod__via":"P015-2890","categoria":"VECINAL","cod__tramo":"P015-2890-2","identidad":null,"conexion":"ASENTAMIENTO HUMANO A ASENTAMIENTO HUMANO","limituso":null,"name":"20 ago. 2022 13:50:34","importanci":"CONDUCE A PROYECTOS PRODUCTIVOS","cond__clim":"NUBLADO","tipo_terre":"LLANO","uso_derech":"AGRICOLA","f__carrile":"1 CARRIL BIDIRECCIONAL","puentes":0.0,"alcantaril":0.0,"reservas":null,"curvas":0.0,"anio":"2022:GPA-GAD PARROQUIALES","levan_orig":"GPA-Planificacion (Michelle Castro-Monica Oropeza)","responsabl":"GPA-Planificacion (Michelle Castro-Monica Oropeza)","ninguna2":null,"conservaci":null,"dist_merc":0.0,"destino":null,"riesgos_po":null,"alt_i":0.0,"alt_f":0.0,"velocidad":40.0,"visibilida":0.0,"intersecci":0.0,"shi_contin":0.0,"shi_cont_1":0.0,"shi_segmen":0.0,"shi_segm_1":0.0,"ninguna":null,"shc_contin":0.0,"shc_cont_1":0.0,"shc_segmen":0.0,"shc_segm_1":0.0,"ninguna1":null,"shd_contin":0.0,"shd_cont_1":0.0,"shd_segmen":0.0,"shd_segm_1":0.0,"sv_regulat":0.0,"sv_informa":0.0,"ES_SEGMENT":0,"sv_prevent":0.0,"long_i":663037.5323,"long_f":663291.8308,"lat_f":9708181.9008,"lat_i":9708661.6419,"sectproduc":"AGRICULTURA","producto":"CACAO","lado":"AMBOS","estado":"REGULAR","tipo":"SUELO NATURAL","situacvia":"TRANSITABLE","calzada_m":0.0,"derecho_m":0.0,"observacio":null,"begin_":null,"end_":null,"Shape__Len":557.307014898,"id":2865.0,"id_FID_ini":3089,"id_0":3092,"solic_dere":null,"tipo_via":"5","tipo_sup":"LASTRE"},"geometry":{"type":"LineString","coordinates":[[-79.53344305370418,-2.634942869177565,64.75],[-79.5334064167965,-2.63507293224994,65.47000000000116],[-79.53259914988529,-2.636016879969985,67.99000000000524],[-79.53182515015295,-2.637299239901029,68.61000000000058],[-79.53150602013575,-2.637645780209916,68.16000000000349],[-79.53115100018172,-2.639279000341927,0.0]]}},{"type":"Feature","properties":{"provincia":"AZUAY","canton":"CUENCA","parroquia":"MOLLETURO","desde":"PORVENIR","hasta":"SAN VICENTE","estado_sup":"MALO","Suelo":"RURAL","ancho_via":4.5,"ancho_supe":2.4,"long_km":1.42078483918,"cod__via":"P019-2888","categoria":"VECINAL","cod__tramo":"P019-2888-1","identidad":null,"conexion":"OTROS","limituso":"Actualizado abril 2021","name":"9 jul. 2020 16:48:17","importanci":"CONDUCE A PROYECTOS PRODUCTIVOS","cond__clim":"NUBLADO","tipo_terre":"LLANO","uso_derech":"AGRICOLA","f__carrile":"2 CARRIL BIDIRECCIONAL","puentes":0.0,"alcantaril":3.0,"reservas":"NO","curvas":6.0,"anio":"2020:GPA-GAD PARROQUIALES","levan_orig":"GPA-Planificacion (Rene Chacho - Mateo Calderon)","responsabl":"GPA-Planificacion (Rene Chacho - Mateo Calderon)","ninguna2":null,"conservaci":"MANTENIMIENTO PERIODICO","dist_merc":0.0,"destino":null,"riesgos_po":null,"alt_i":0.0,"alt_f":0.0,"velocidad":0.0,"visibilida":0.0,"intersecci":0.0,"shi_contin":0.0,"shi_cont_1":0.0,"shi_segmen":0.0,"shi_segm_1":0.0,"ninguna":null,"shc_contin":0.0,"shc_cont_1":0.0,"shc_segmen":0.0,"shc_segm_1":0.0,"ninguna1":null,"shd_contin":0.0,"shd_cont_1":0.0,"shd_segmen":0.0,"shd_segm_1":0.0,"sv_regulat":0.0,"sv_informa":0.0,"ES_SEGMENT":0,"sv_prevent":0.0,"long_i":663979.7468,"long_f":664335.7473,"lat_f":9709136.3159,"lat_i":9708231.732,"sectproduc":null,"producto":null,"lado":null,"estado":null,"tipo":null,"situacvia":null,"calzada_m":0.0,"derecho_m":0.0,"observacio":"VIAS FUERA DEL LIMITE PDOT (AREA DE INTERES)","begin_":null,"end_":null,"Shape__Len":1420.78483918,"id":2782.0,"id_FID_ini":3017,"id_0":3020,"solic_dere":null,"tipo_via":"9","tipo_sup":"LASTRE"},"geometry":{"type":"LineString","coordinates":[[-79.52496493911087,-2.638820960174702,0.0],[-79.52433500040625,-2.638257000390647,0.0],[-79.52339699971488,-2.637271999930946,0.0],[-79.52260000031539,-2.636572999552387,0.0],[-79.52156999995208,-2.635505000236719,0.0],[-79.52146700035787,-2.635493999962786,0.0],[-79.52140799971363,-2.635563999623368,0.0],[-79.52121299989304,-2.635545999712202,0.0],[-79.52092900037785,-2.63537899959046,0.0],[-79.5206660000559,-2.634293999650924,0.0],[-79.52022000031353,-2.633721000268177,0.0],[-79.52002299969507,-2.633594999684775,0.0],[-79.51999399974406,-2.633500999615479,0.0],[-79.52043000037759,-2.63343799973953,0.0],[-79.52093399976859,-2.633534000121277,0.0],[-79.52106600025469,-2.633368999665169,0.0],[-79.52126199960394,-2.632774000443963,0.0],[-79.52135099955343,-2.632723000161911,0.0],[-79.5216399999054,-2.632757999927199,0.0],[-79.52172599966784,-2.63270399972066,0.0],[-79.52181200012947,-2.6325090001175,0.0],[-79.52183700040595,-2.631921999737904,0.0],[-79.52190200040063,-2.631708999905281,0.0],[-79.52202699962245,-2.631559000416204,0.0],[-79.52239400014426,-2.631307000293817,0.0],[-79.52247100003017,-2.631101999689311,0.0],[-79.52242100023713,-2.63088699972361,0.0],[-79.52228699990364,-2.630732999917839,0.0],[-79.52177300008807,-2.630636000229134,0.0]]}},{"type":"Feature","properties":{"provincia":"AZUAY","canton":"CUENCA","parroquia":"MOLLETURO","desde":"Y DE SAN VICENTE","hasta":"AGUAS CALIENTES \"Y\"","estado_sup":"REGULAR","Suelo":"RURAL","ancho_via":4.0,"ancho_supe":2.8,"long_km":0.835710356619,"cod__via":"P019-2887","categoria":"VECINAL","cod__tramo":"P019-2887-1","identidad":null,"conexion":"OTROS","limituso":"Actualizado abril 2021","name":"9 jul. 2020 17:07:44","importanci":"CONDUCE A PROYECTOS PRODUCTIVOS","cond__clim":"NUBLADO","tipo_terre":"ONDULADO","uso_derech":"AGRICOLA","f__carrile":"2 CARRIL BIDIRECCIONAL","puentes":0.0,"alcantaril":3.0,"reservas":"NO","curvas":4.0,"anio":"2020:GPA-GAD PARROQUIALES","levan_orig":"GPA-Planificacion (Rene Chacho - Mateo Calderon)","responsabl":"GPA-Planificacion (Rene Chacho - Mateo Calderon)","ninguna2":null,"conservaci":"MANTENIMIENTO PERIODICO","dist_merc":0.0,"destino":null,"riesgos_po":null,"alt_i":0.0,"alt_f":0.0,"velocidad":0.0,"visibilida":0.0,"intersecci":0.0,"shi_contin":0.0,"shi_cont_1":0.0,"shi_segmen":0.0,"shi_segm_1":0.0,"ninguna":null,"shc_contin":0.0,"shc_cont_1":0.0,"shc_segmen":0.0,"shc_segm_1":0.0,"ninguna1":null,"shd_contin":0.0,"shd_cont_1":0.0,"shd_segmen":0.0,"shd_segm_1":0.0,"sv_regulat":0.0,"sv_informa":0.0,"ES_SEGMENT":0,"sv_prevent":0.0,"long_i":664431.4271,"long_f":664974.7944,"lat_f":9709046.4384,"lat_i":9708625.3318,"sectproduc":null,"producto":null,"lado":null,"estado":null,"tipo":null,"situacvia":null,"calzada_m":0.0,"derecho_m":0.0,"observacio":"VIAS FUERA DEL LIMITE PDOT (AREA DE INTERES)","begin_":null,"end_":null,"Shape__Len":835.710356619,"id":2785.0,"id_FID_ini":3024,"id_0":3027,"solic_dere":null,"tipo_via":"9","tipo_sup":"LASTRE"},"geometry":{"type":"LineString","coordinates":[[-79.52090708665207,-2.63525635985306,0.0],[-79.520612000181,-2.635165000366587,0.0],[-79.52046900025158,-2.635011999720844,0.0],[-79.52033400034817,-2.63474199971611,0.0],[-79.52002299956561,-2.634531999715724,0.0],[-79.51868899975588,-2.63436599961741,0.0],[-79.51828899999076,-2.634220999603952,0.0],[-79.51724900019136,-2.634057999622743,0.0],[-79.51714199982851,-2.633895000311307,0.0],[-79.5171409996894,-2.633778000315192,0.0],[-79.51729300032136,-2.633644999846788,0.0],[-79.51759199968456,-2.633069999794405,0.0],[-79.51757699977523,-2.632969000113456,0.0],[-79.51737099994949,-2.632716999931077,0.0],[-79.51693700028186,-2.632465000259955,0.0],[-79.51634000016786,-2.631732999854417,0.0],[-79.51612800033469,-2.631595999785324,0.0],[-79.51602499960254,-2.631441999695032,0.0]]}},{"type":"Feature","properties":{"provincia":"AZUAY","canton":"CUENCA","parroquia":"MOLLETURO","desde":"AGUAS CALIENTES","hasta":"CONEXION A SAN VICENTE","estado_sup":"BUENO","Suelo":"RURAL","ancho_via":6.0,"ancho_supe":3.0,"long_km":2.41667622278,"cod__via":"P019-2885","categoria":"VECINAL","cod__tramo":"P019-2885-1","identidad":null,"conexion":"OTROS","limituso":"Actualizado abril 2021","name":"29 jul. 2020 13:23:19","importanci":"CONDUCE A PROYECTOS PRODUCTIVOS","cond__clim":"NUBLADO","tipo_terre":"ONDULADO","uso_derech":"AGRICOLA","f__carrile":"2 CARRIL BIDIRECCIONAL","puentes":0.0,"alcantaril":0.0,"reservas":"NO","curvas":12.0,"anio":"2020:GPA-GAD PARROQUIALES","levan_orig":"GPA-Planificacion (Rene Chacho)","responsabl":"GPA-Planificacion (Rene Chacho)","ninguna2":null,"conservaci":"MANTENIMIENTO PERIODICO","dist_merc":0.0,"destino":null,"riesgos_po":null,"alt_i":0.0,"alt_f":0.0,"velocidad":0.0,"visibilida":0.0,"intersecci":0.0,"shi_contin":0.0,"shi_cont_1":0.0,"shi_segmen":0.0,"shi_segm_1":0.0,"ninguna":null,"shc_contin":0.0,"shc_cont_1":0.0,"shc_segmen":0.0,"shc_segm_1":0.0,"ninguna1":null,"shd_contin":0.0,"shd_cont_1":0.0,"shd_segmen":0.0,"shd_segm_1":0.0,"sv_regulat":0.0,"sv_informa":0.0,"ES_SEGMENT":0,"sv_prevent":0.0,"long_i":667292.7318,"long_f":666475.8187,"lat_f":9708720.931,"lat_i":9710016.3848,"sectproduc":null,"producto":null,"lado":null,"estado":null,"tipo":null,"situacvia":null,"calzada_m":0.0,"derecho_m":0.0,"observacio":"VIAS FUERA DEL LIMITE PDOT (AREA DE INTERES)","begin_":null,"end_":null,"Shape__Len":2416.67622278,"id":2768.0,"id_FID_ini":3002,"id_0":3005,"solic_dere":null,"tipo_via":"9","tipo_sup":"LASTRE"},"geometry":{"type":"LineString","coordinates":[[-79.4951900829805,-2.622644713483491,0.0],[-79.49529799955592,-2.622815000388766,0.0],[-79.49533799996225,-2.623092999682413,0.0],[-79.49564799990313,-2.623346999760556,0.0],[-79.49573400022808,-2.623641000177087,0.0],[-79.495822999986,-2.623685000096355,0.0],[-79.49600500026845,-2.623634000310997,0.0],[-79.49620200035429,-2.623527000084479,0.0],[-79.49638500015278,-2.623295000232888,0.0],[-79.49656799998542,-2.623345999771119,0.0],[-79.49704099964477,-2.623858999797459,0.0],[-79.49719800028961,-2.624113000353699,0.0],[-79.49754999995133,-2.624377000362903,0.0],[-79.49774999964875,-2.624748000016448,0.0],[-79.49795099975798,-2.624998999606074,0.0],[-79.49889900032093,-2.62526600010558,0.0],[-79.50031400013467,-2.625517999591793,0.0],[-79.50082899974306,-2.625734000295135,0.0],[-79.5011620000456,-2.625762999863777,0.0],[-79.50173800016887,-2.6262549997528,0.0],[-79.5022060004154,-2.626817999827278,0.0],[-79.5027019999538,-2.628218000418416,0.0],[-79.50304399997191,-2.628775000138461,0.0],[-79.5032550002771,-2.628980000395863,0.0],[-79.50352299961327,-2.629419000399239,0.0],[-79.50352200026433,-2.629511999850233,0.0],[-79.50345999979096,-2.629583999697196,0.0],[-79.50246099988803,-2.629237999796758,0.0],[-79.50215299959363,-2.629219999684727,0.0],[-79.50143900020018,-2.629032999586368,0.0],[-79.50137700032717,-2.629109000349995,0.0],[-79.50158199985846,-2.629333000438877,0.0],[-79.50204000034864,-2.629644000010259,0.0],[-79.50214999970167,-2.629831999703232,0.0],[-79.50251699999694,-2.63080600007802,0.0],[-79.50278800031577,-2.631145999879627,0.0],[-79.50295900042418,-2.63126199959122,0.0],[-79.5029719999476,-2.631362999972199,0.0],[-79.5026510000932,-2.631334000026902,0.0],[-79.50194799955207,-2.631389000055295,0.0],[-79.50176499959856,-2.631464000015257,0.0],[-79.50179199957397,-2.631650000315994,0.0],[-79.5023919999426,-2.632625999781326,0.0],[-79.502437999963,-2.632872000334334,0.0],[-79.5024220004326,-2.633328999964943,0.0],[-79.50251300022538,-2.633729999830812,0.0],[-79.50252261499479,-2.634369672676931,0.0]]}},{"type":"Feature","properties":{"provincia":"AZUAY","canton":"CUENCA","parroquia":"MOLLETURO","desde":"ESCUELA SANTA ANA DE 4 RIOS","hasta":"RAMAL","estado_sup":"REGULAR","Suelo":"RURAL","ancho_via":4.5,"ancho_supe":2.5,"long_km":0.218938727725,"cod__via":"P015-2879","categoria":"VECINAL","cod__tramo":"P015-2879-1","identidad":null,"conexion":"ASENTAMIENTO HUMANO A ASENTAMIENTO HUMANO","limituso":"Actualizado abril 2021","name":"29 jul. 2020 11:44:33","importanci":"CONDUCE A VIVIENDAS","cond__clim":"SECO","tipo_terre":"LLANO","uso_derech":"INFRAESTRUCTURA FISICA","f__carrile":"1 CARRIL BIDIRECCIONAL","puentes":0.0,"alcantaril":0.0,"reservas":"NO","curvas":0.0,"anio":"2020:GPA-GAD PARROQUIALES","levan_orig":"GPA-Planificacion (Rene Chacho)","responsabl":"GPA-Planificacion (Rene Chacho)","ninguna2":null,"conservaci":"MANTENIMIENTO PERIODICO","dist_merc":0.0,"destino":null,"riesgos_po":null,"alt_i":0.0,"alt_f":0.0,"velocidad":0.0,"visibilida":0.0,"intersecci":0.0,"shi_contin":0.0,"shi_cont_1":0.0,"shi_segmen":0.0,"shi_segm_1":0.0,"ninguna":null,"shc_contin":0.0,"shc_cont_1":0.0,"shc_segmen":0.0,"shc_segm_1":0.0,"ninguna1":null,"shd_contin":0.0,"shd_cont_1":0.0,"shd_segmen":0.0,"shd_segm_1":0.0,"sv_regulat":0.0,"sv_informa":0.0,"ES_SEGMENT":0,"sv_prevent":0.0,"long_i":667614.8637,"long_f":667514.7321,"lat_f":9709951.9904,"lat_i":9709758.3599,"sectproduc":null,"producto":null,"lado":null,"estado":null,"tipo":null,"situacvia":null,"calzada_m":0.0,"derecho_m":0.0,"observacio":"VIAS FUERA DEL LIMITE PDOT (AREA DE INTERES)","begin_":null,"end_":null,"Shape__Len":218.938727725,"id":2751.0,"id_FID_ini":138,"id_0":140,"solic_dere":null,"tipo_via":"5","tipo_sup":"LASTRE"},"geometry":{"type":"LineString","coordinates":[[-79.49319294163637,-2.62322467970861,0.0],[-79.49230999969951,-2.624866999814154,0.0],[-79.49229036199719,-2.624974777574169,0.0]]}},{"type":"Feature","properties":{"provincia":"AZUAY","canton":"CUENCA","parroquia":"MOLLETURO","desde":"CALLE LUIS LOPEZ","hasta":"RAMAL","estado_sup":"REGULAR","Suelo":"RURAL","ancho_via":6.0,"ancho_supe":2.5,"long_km":0.160715853992,"cod__via":"P015-2880","categoria":"VECINAL","cod__tramo":"P015-2880-1","identidad":null,"conexion":"ASENTAMIENTO HUMANO A ASENTAMIENTO HUMANO","limituso":"Actualizado abril 2021","name":"29 jul. 2020 12:05:10","importanci":"CONDUCE A VIVIENDAS","cond__clim":"SECO","tipo_terre":"LLANO","uso_derech":"INFRAESTRUCTURA FISICA","f__carrile":"1 CARRIL BIDIRECCIONAL","puentes":0.0,"alcantaril":0.0,"reservas":"NO","curvas":0.0,"anio":"2020:GPA-GAD PARROQUIALES","levan_orig":"GPA-Planificacion (Rene Chacho)","responsabl":"GPA-Planificacion (Rene Chacho)","ninguna2":null,"conservaci":"MANTENIMIENTO PERIODICO","dist_merc":0.0,"destino":null,"riesgos_po":null,"alt_i":0.0,"alt_f":0.0,"velocidad":0.0,"visibilida":0.0,"intersecci":0.0,"shi_contin":0.0,"shi_cont_1":0.0,"shi_segmen":0.0,"shi_segm_1":0.0,"ninguna":null,"shc_contin":0.0,"shc_cont_1":0.0,"shc_segmen":0.0,"shc_segm_1":0.0,"ninguna1":null,"shd_contin":0.0,"shd_cont_1":0.0,"shd_segmen":0.0,"shd_segm_1":0.0,"sv_regulat":0.0,"sv_informa":0.0,"ES_SEGMENT":0,"sv_prevent":0.0,"long_i":667599.437,"long_f":667466.4545,"lat_f":9709812.8798,"lat_i":9709902.1236,"sectproduc":null,"producto":null,"lado":null,"estado":null,"tipo":null,"situacvia":null,"calzada_m":0.0,"derecho_m":0.0,"observacio":"VIAS FUERA DEL LIMITE PDOT (AREA DE INTERES)","begin_":null,"end_":null,"Shape__Len":160.715853992,"id":2761.0,"id_FID_ini":2991,"id_0":2994,"solic_dere":null,"tipo_via":"5","tipo_sup":"LASTRE"},"geometry":{"type":"LineString","coordinates":[[-79.49243065208897,-2.623674751069341,0.0],[-79.49362559510836,-2.624483318175849,0.0]]}},{"type":"Feature","properties":{"provincia":"AZUAY","canton":"CUENCA","parroquia":"MOLLETURO","desde":"CALLE DON LUCAS","hasta":"RAMAL","estado_sup":"REGULAR","Suelo":"RURAL","ancho_via":6.0,"ancho_supe":3.0,"long_km":0.246884172636,"cod__via":"P015-2881","categoria":"VECINAL","cod__tramo":"P015-2881-1","identidad":null,"conexion":"ASENTAMIENTO HUMANO A ASENTAMIENTO HUMANO","limituso":"Actualizado abril 2021","name":"29 jul. 2020 11:59:55","importanci":"CONDUCE A VIVIENDAS","cond__clim":"SECO","tipo_terre":"LLANO","uso_derech":"INFRAESTRUCTURA FISICA","f__carrile":"1 CARRIL BIDIRECCIONAL","puentes":0.0,"alcantaril":0.0,"reservas":"NO","curvas":0.0,"anio":"2020:GPA-GAD PARROQUIALES","levan_orig":"GPA-Planificacion (Rene Chacho)","responsabl":"GPA-Planificacion (Rene Chacho)","ninguna2":null,"conservaci":"MANTENIMIENTO PERIODICO","dist_merc":0.0,"destino":null,"riesgos_po":null,"alt_i":0.0,"alt_f":0.0,"velocidad":0.0,"visibilida":0.0,"intersecci":0.0,"shi_contin":0.0,"shi_cont_1":0.0,"shi_segmen":0.0,"shi_segm_1":0.0,"ninguna":null,"shc_contin":0.0,"shc_cont_1":0.0,"shc_segmen":0.0,"shc_segm_1":0.0,"ninguna1":null,"shd_contin":0.0,"shd_cont_1":0.0,"shd_segmen":0.0,"shd_segm_1":0.0,"sv_regulat":0.0,"sv_informa":0.0,"ES_SEGMENT":0,"sv_prevent":0.0,"long_i":667429.7245,"long_f":667548.565,"lat_f":9709790.1469,"lat_i":9710006.237,"sectproduc":null,"producto":null,"lado":null,"estado":null,"tipo":null,"situacvia":null,"calzada_m":0.0,"derecho_m":0.0,"observacio":"VIAS FUERA DEL LIMITE PDOT (AREA DE INTERES)","begin_":null,"end_":null,"Shape__Len":246.884172636,"id":2757.0,"id_FID_ini":2987,"id_0":2990,"solic_dere":null,"tipo_via":"5","tipo_sup":"LASTRE"},"geometry":{"type":"LineString","coordinates":[[-79.49395800037586,-2.622735000043256,0.0],[-79.49288692996979,-2.624688019468692,0.0]]}},{"type":"Feature","properties":{"provincia":"AZUAY","canton":"CUENCA","parroquia":"MOLLETURO","desde":"ROMEO MOROCHO","hasta":"RAMAL","estado_sup":"REGULAR","Suelo":"RURAL","ancho_via":6.0,"ancho_supe":2.8,"long_km":0.193947078702,"cod__via":"P015-2883","categoria":"VECINAL","cod__tramo":"P015-2883-1","identidad":null,"conexion":"ASENTAMIENTO HUMANO A ASENTAMIENTO HUMANO","limituso":"Actualizado abril 2021","name":"29 jul. 2020 11:51:20","importanci":"CONDUCE A VIVIENDAS","cond__clim":"SECO","tipo_terre":"LLANO","uso_derech":"INFRAESTRUCTURA FISICA","f__carrile":"1 CARRIL BIDIRECCIONAL","puentes":0.0,"alcantaril":0.0,"reservas":"NO","curvas":0.0,"anio":"2020:GPA-GAD PARROQUIALES","levan_orig":"GPA-Planificacion (Rene Chacho)","responsabl":"GPA-Planificacion (Rene Chacho)","ninguna2":null,"conservaci":"MANTENIMIENTO PERIODICO","dist_merc":0.0,"destino":null,"riesgos_po":null,"alt_i":0.0,"alt_f":0.0,"velocidad":0.0,"visibilida":0.0,"intersecci":0.0,"shi_contin":0.0,"shi_cont_1":0.0,"shi_segmen":0.0,"shi_segm_1":0.0,"ninguna":null,"shc_contin":0.0,"shc_cont_1":0.0,"shc_segmen":0.0,"shc_segm_1":0.0,"ninguna1":null,"shd_contin":0.0,"shd_cont_1":0.0,"shd_segmen":0.0,"shd_segm_1":0.0,"sv_regulat":0.0,"sv_informa":0.0,"ES_SEGMENT":0,"sv_prevent":0.0,"long_i":667564.2313,"long_f":667402.6226,"lat_f":9709873.3753,"lat_i":9709970.803,"sectproduc":null,"producto":null,"lado":null,"estado":null,"tipo":null,"situacvia":null,"calzada_m":0.0,"derecho_m":0.0,"observacio":"VIAS FUERA DEL LIMITE PDOT (AREA DE INTERES)","begin_":null,"end_":null,"Shape__Len":193.947078702,"id":2765.0,"id_FID_ini":2996,"id_0":2999,"solic_dere":null,"tipo_via":"5","tipo_sup":"LASTRE"},"geometry":{"type":"LineString","coordinates":[[-79.49274800010662,-2.623054000040033,0.0],[-79.4929520001433,-2.623079999823435,0.0],[-79.49355699999352,-2.623443000071825,0.0],[-79.49376099966783,-2.623506999898378,0.0],[-79.49420028965065,-2.623936893220711,0.0]]}},{"type":"Feature","properties":{"provincia":"AZUAY","canton":"CUENCA","parroquia":"MOLLETURO","desde":"REINALDO CALLE","hasta":"RAMAL","estado_sup":"BUENO","Suelo":"RURAL","ancho_via":7.4,"ancho_supe":3.3,"long_km":0.111730174485,"cod__via":"P015-2884","categoria":"VECINAL","cod__tramo":"P015-2884-1","identidad":null,"conexion":"ASENTAMIENTO HUMANO A ASENTAMIENTO HUMANO","limituso":"Actualizado abril 2021","name":"29 jul. 2020 11:56:49","importanci":"CONDUCE A VIVIENDAS","cond__clim":"SECO","tipo_terre":"LLANO","uso_derech":"INFRAESTRUCTURA FISICA","f__carrile":"1 CARRIL BIDIRECCIONAL","puentes":0.0,"alcantaril":0.0,"reservas":"NO","curvas":0.0,"anio":"2020:GPA-GAD PARROQUIALES","levan_orig":"GPA-Planificacion (Rene Chacho)","responsabl":"GPA-Planificacion (Rene Chacho)","ninguna2":null,"conservaci":"MANTENIMIENTO PERIODICO","dist_merc":0.0,"destino":null,"riesgos_po":null,"alt_i":0.0,"alt_f":0.0,"velocidad":0.0,"visibilida":0.0,"intersecci":0.0,"shi_contin":0.0,"shi_cont_1":0.0,"shi_segmen":0.0,"shi_segm_1":0.0,"ninguna":null,"shc_contin":0.0,"shc_cont_1":0.0,"shc_segmen":0.0,"shc_segm_1":0.0,"ninguna1":null,"shd_contin":0.0,"shd_cont_1":0.0,"shd_segmen":0.0,"shd_segm_1":0.0,"sv_regulat":0.0,"sv_informa":0.0,"ES_SEGMENT":0,"sv_prevent":0.0,"long_i":667356.9216,"long_f":667435.2443,"lat_f":9709997.9307,"lat_i":9709918.3954,"sectproduc":null,"producto":null,"lado":null,"estado":null,"tipo":null,"situacvia":null,"calzada_m":0.0,"derecho_m":0.0,"observacio":"VIAS FUERA DEL LIMITE PDOT (AREA DE INTERES)","begin_":null,"end_":null,"Shape__Len":111.730174485,"id":2766.0,"id_FID_ini":2997,"id_0":3000,"solic_dere":null,"tipo_via":"5","tipo_sup":"LASTRE"},"geometry":{"type":"LineString","coordinates":[[-79.49461176534908,-2.623530229682448,0.0],[-79.49390827105495,-2.622810061969457,0.0]]}},{"type":"Feature","properties":{"provincia":"AZUAY","canton":"CUENCA","parroquia":"MOLLETURO","desde":"CENTRO","hasta":"PUENTE LIMITE GUAYAS","estado_sup":"BUENO","Suelo":"RURAL","ancho_via":5.0,"ancho_supe":26.0,"long_km":0.704003656272,"cod__via":"P015-2882","categoria":"VECINAL","cod__tramo":"P015-2882-1","identidad":null,"conexion":"ASENTAMIENTO HUMANO A ASENTAMIENTO HUMANO","limituso":"Actualizado abril 2021","name":"29 jul. 2020 12:24:11","importanci":"CONDUCE A PROYECTOS PRODUCTIVOS","cond__clim":"NUBLADO","tipo_terre":"LLANO","uso_derech":"AGRICOLA","f__carrile":"1 CARRIL BIDIRECCIONAL","puentes":0.0,"alcantaril":0.0,"reservas":"NO","curvas":4.0,"anio":"2020:GPA-GAD PARROQUIALES","levan_orig":"GPA-Planificacion (Rene Chacho)","responsabl":"GPA-Planificacion (Rene Chacho)","ninguna2":null,"conservaci":"MANTENIMIENTO PERIODICO","dist_merc":0.0,"destino":null,"riesgos_po":null,"alt_i":0.0,"alt_f":0.0,"velocidad":0.0,"visibilida":0.0,"intersecci":0.0,"shi_contin":0.0,"shi_cont_1":0.0,"shi_segmen":0.0,"shi_segm_1":0.0,"ninguna":null,"shc_contin":0.0,"shc_cont_1":0.0,"shc_segmen":0.0,"shc_segm_1":0.0,"ninguna1":null,"shd_contin":0.0,"shd_cont_1":0.0,"shd_segmen":0.0,"shd_segm_1":0.0,"sv_regulat":0.0,"sv_informa":0.0,"ES_SEGMENT":0,"sv_prevent":0.0,"long_i":667517.7052,"long_f":667323.0087,"lat_f":9710361.9304,"lat_i":9709756.9131,"sectproduc":null,"producto":null,"lado":null,"estado":null,"tipo":null,"situacvia":null,"calzada_m":0.0,"derecho_m":0.0,"observacio":"VIAS FUERA DEL LIMITE PDOT (AREA DE INTERES)","begin_":null,"end_":null,"Shape__Len":704.003656272,"id":3129.0,"id_FID_ini":1137,"id_0":1132,"solic_dere":null,"tipo_via":"5","tipo_sup":"PAVIMENTO FLEXIBLE"},"geometry":{"type":"LineString","coordinates":[[-79.49316409178616,-2.624988921312593,0.0],[-79.49383600018233,-2.624260000105013,0.0],[-79.49464200000519,-2.623499999631204,0.0],[-79.49494999997948,-2.623094999554529,0.0],[-79.49524399956121,-2.62249200025024,0.0],[-79.49543199981578,-2.621816999989066,0.0],[-79.49545500009704,-2.621436999942977,0.0],[-79.49492153714468,-2.619519276288873,0.0]]}},{"type":"Feature","properties":{"provincia":"AZUAY","canton":"CUENCA","parroquia":"MOLLETURO","desde":"VIA 5 TAMARINDO","hasta":"FIN DE VIA 5","estado_sup":"REGULAR","Suelo":"RURAL","ancho_via":5.0,"ancho_supe":4.0,"long_km":0.104346896548,"cod__via":"P015-2876","categoria":"VECINAL","cod__tramo":"P015-2876-1","identidad":null,"conexion":"ASENTAMIENTO HUMANO A ASENTAMIENTO HUMANO","limituso":"Actualizado abril 2021","name":"2 jul. 2020 13:55:15","importanci":"CONDUCE A VIVIENDAS","cond__clim":"LLUVIOSO","tipo_terre":"LLANO","uso_derech":"INFRAESTRUCTURA FISICA","f__carrile":"1 CARRIL BIDIRECCIONAL","puentes":0.0,"alcantaril":0.0,"reservas":"NO","curvas":0.0,"anio":"2020:GPA-GAD PARROQUIALES","levan_orig":"GPA-Planificacion (Jorge Cardenas)","responsabl":"GPA-Planificacion (Jorge Cardenas)","ninguna2":null,"conservaci":"NINGUNA","dist_merc":0.0,"destino":null,"riesgos_po":null,"alt_i":0.0,"alt_f":0.0,"velocidad":0.0,"visibilida":0.0,"intersecci":0.0,"shi_contin":0.0,"shi_cont_1":0.0,"shi_segmen":0.0,"shi_segm_1":0.0,"ninguna":null,"shc_contin":0.0,"shc_cont_1":0.0,"shc_segmen":0.0,"shc_segm_1":0.0,"ninguna1":null,"shd_contin":0.0,"shd_cont_1":0.0,"shd_segmen":0.0,"shd_segm_1":0.0,"sv_regulat":0.0,"sv_informa":0.0,"ES_SEGMENT":0,"sv_prevent":0.0,"long_i":670879.1318,"long_f":670776.7314,"lat_f":9710491.3249,"lat_i":9710479.8284,"sectproduc":null,"producto":null,"lado":null,"estado":null,"tipo":null,"situacvia":null,"calzada_m":0.0,"derecho_m":0.0,"observacio":null,"begin_":null,"end_":null,"Shape__Len":104.346896548,"id":2727.0,"id_FID_ini":2958,"id_0":2961,"solic_dere":null,"tipo_via":"5","tipo_sup":"LASTRE"},"geometry":{"type":"LineString","coordinates":[[-79.46294300033358,-2.618413993991287,0.0],[-79.46332399978897,-2.618301000241976,0.0],[-79.46386399540961,-2.618311156273749,0.0]]}},{"type":"Feature","properties":{"provincia":"AZUAY","canton":"CUENCA","parroquia":"MOLLETURO","desde":"VIA 4 TAMARINDO","hasta":"FIN DE VIA 4","estado_sup":"REGULAR","Suelo":"RURAL","ancho_via":4.2,"ancho_supe":3.5,"long_km":0.287578586676,"cod__via":"P015-2875","categoria":"VECINAL","cod__tramo":"P015-2875-1","identidad":null,"conexion":"ASENTAMIENTO HUMANO A ASENTAMIENTO HUMANO","limituso":"Actualizado abril 2021","name":"2 jul. 2020 13:50:46","importanci":"CONDUCE A PROYECTOS PRODUCTIVOS","cond__clim":"LLUVIOSO","tipo_terre":"LLANO","uso_derech":"AGRICOLA","f__carrile":"1 CARRIL BIDIRECCIONAL","puentes":0.0,"alcantaril":0.0,"reservas":"NO","curvas":2.0,"anio":"2020:GPA-GAD PARROQUIALES","levan_orig":"GPA-Planificacion (Jorge Cardenas)","responsabl":"GPA-Planificacion (Jorge Cardenas)","ninguna2":null,"conservaci":"NINGUNA","dist_merc":0.0,"destino":null,"riesgos_po":null,"alt_i":0.0,"alt_f":0.0,"velocidad":0.0,"visibilida":0.0,"intersecci":0.0,"shi_contin":0.0,"shi_cont_1":0.0,"shi_segmen":0.0,"shi_segm_1":0.0,"ninguna":null,"shc_contin":0.0,"shc_cont_1":0.0,"shc_segmen":0.0,"shc_segm_1":0.0,"ninguna1":null,"shd_contin":0.0,"shd_cont_1":0.0,"shd_segmen":0.0,"shd_segm_1":0.0,"sv_regulat":0.0,"sv_informa":0.0,"ES_SEGMENT":1,"sv_prevent":0.0,"long_i":670886.2572,"long_f":670973.8846,"lat_f":9710614.5901,"lat_i":9710608.6462,"sectproduc":null,"producto":null,"lado":null,"estado":null,"tipo":null,"situacvia":null,"calzada_m":0.0,"derecho_m":0.0,"observacio":null,"begin_":null,"end_":null,"Shape__Len":287.578586676,"id":2725.0,"id_FID_ini":2956,"id_0":2959,"solic_dere":null,"tipo_via":"5","tipo_sup":"LASTRE"},"geometry":{"type":"LineString","coordinates":[[-79.46288034271761,-2.61724890655032,0.0],[-79.4628869999407,-2.617986999576948,0.0],[-79.46294300033358,-2.618413993991287,0.0],[-79.46234499995926,-2.618556000360799,0.0],[-79.46224900005369,-2.618523999644037,0.0],[-79.4622009999731,-2.617829999832527,0.0]]}},{"type":"Feature","properties":{"provincia":"AZUAY","canton":"CUENCA","parroquia":"MOLLETURO","desde":"VIA 4 TAMARINDO","hasta":"FIN DE VIA 4","estado_sup":"REGULAR","Suelo":"RURAL","ancho_via":4.2,"ancho_supe":3.5,"long_km":0.0713339610152,"cod__via":"P015-2875","categoria":"VECINAL","cod__tramo":"P015-2875-1","identidad":null,"conexion":"ASENTAMIENTO HUMANO A ASENTAMIENTO HUMANO","limituso":"Actualizado abril 2021","name":"2 jul. 2020 13:50:46","importanci":"CONDUCE A PROYECTOS PRODUCTIVOS","cond__clim":"LLUVIOSO","tipo_terre":"LLANO","uso_derech":"AGRICOLA","f__carrile":"1 CARRIL BIDIRECCIONAL","puentes":0.0,"alcantaril":0.0,"reservas":"NO","curvas":2.0,"anio":"2020:GPA-GAD PARROQUIALES","levan_orig":"GPA-Planificacion (Jorge Cardenas)","responsabl":"GPA-Planificacion (Jorge Cardenas)","ninguna2":null,"conservaci":"NINGUNA","dist_merc":0.0,"destino":null,"riesgos_po":null,"alt_i":0.0,"alt_f":0.0,"velocidad":0.0,"visibilida":0.0,"intersecci":0.0,"shi_contin":0.0,"shi_cont_1":0.0,"shi_segmen":0.0,"shi_segm_1":0.0,"ninguna":null,"shc_contin":0.0,"shc_cont_1":0.0,"shc_segmen":0.0,"shc_segm_1":0.0,"ninguna1":null,"shd_contin":0.0,"shd_cont_1":0.0,"shd_segmen":0.0,"shd_segm_1":0.0,"sv_regulat":0.0,"sv_informa":0.0,"ES_SEGMENT":1,"sv_prevent":0.0,"long_i":670886.2572,"long_f":670973.8846,"lat_f":9710614.5901,"lat_i":9710608.6462,"sectproduc":null,"producto":null,"lado":null,"estado":null,"tipo":null,"situacvia":null,"calzada_m":0.0,"derecho_m":0.0,"observacio":null,"begin_":null,"end_":null,"Shape__Len":71.3339610152,"id":2725.0,"id_FID_ini":2956,"id_0":2959,"solic_dere":null,"tipo_via":"5","tipo_sup":"LASTRE"},"geometry":{"type":"LineString","coordinates":[[-79.4622009999731,-2.617829999832527,0.0],[-79.46209239183689,-2.617194179518423,0.0]]}},{"type":"Feature","properties":{"provincia":"AZUAY","canton":"CUENCA","parroquia":"MOLLETURO","desde":"VIA 1 TAMARINDO","hasta":"FIN DE VIA 1","estado_sup":"REGULAR","Suelo":"RURAL","ancho_via":4.2,"ancho_supe":3.2,"long_km":1.88966066253,"cod__via":"P015-2874","categoria":"VECINAL","cod__tramo":"P015-2874-1","identidad":null,"conexion":"ASENTAMIENTO HUMANO A ASENTAMIENTO HUMANO","limituso":"Actualizado abril 2021","name":"2 jul. 2020 12:31:19","importanci":"CONDUCE A PROYECTOS PRODUCTIVOS","cond__clim":"LLUVIOSO","tipo_terre":"LLANO","uso_derech":"AGRICOLA","f__carrile":"1 CARRIL BIDIRECCIONAL","puentes":0.0,"alcantaril":0.0,"reservas":"NO","curvas":3.0,"anio":"2020:GPA-GAD PARROQUIALES","levan_orig":"GPA-Planificacion (Jorge Cardenas)","responsabl":"GPA-Planificacion (Jorge Cardenas)","ninguna2":null,"conservaci":"NINGUNA","dist_merc":0.0,"destino":null,"riesgos_po":null,"alt_i":0.0,"alt_f":0.0,"velocidad":0.0,"visibilida":0.0,"intersecci":0.0,"shi_contin":0.0,"shi_cont_1":0.0,"shi_segmen":0.0,"shi_segm_1":0.0,"ninguna":null,"shc_contin":0.0,"shc_cont_1":0.0,"shc_segmen":0.0,"shc_segm_1":0.0,"ninguna1":null,"shd_contin":0.0,"shd_cont_1":0.0,"shd_segmen":0.0,"shd_segm_1":0.0,"sv_regulat":0.0,"sv_informa":0.0,"ES_SEGMENT":0,"sv_prevent":0.0,"long_i":670787.8988,"long_f":671217.0627,"lat_f":9711836.3596,"lat_i":9710609.4887,"sectproduc":null,"producto":null,"lado":null,"estado":null,"tipo":null,"situacvia":null,"calzada_m":0.0,"derecho_m":0.0,"observacio":null,"begin_":null,"end_":null,"Shape__Len":1889.66066253,"id":2749.0,"id_FID_ini":2954,"id_0":2957,"solic_dere":null,"tipo_via":"5","tipo_sup":"LASTRE"},"geometry":{"type":"LineString","coordinates":[[-79.46376487058349,-2.617242376795019,0.0],[-79.46413600006441,-2.615367000378761,0.0],[-79.46407199993898,-2.615284999580869,0.0],[-79.46340400023745,-2.615004999754194,0.0],[-79.46334799971888,-2.61489900006123,0.0],[-79.4634099995886,-2.614553999638131,0.0],[-79.46347300025069,-2.612403999921166,0.0],[-79.46365100036836,-2.61116199967512,0.0],[-79.46363799974489,-2.610731000145652,0.0],[-79.46431599975352,-2.608698000118876,0.0],[-79.46453900020825,-2.607802000140433,0.0],[-79.46486300043661,-2.606854000297949,0.0],[-79.46502100018543,-2.606219000408271,0.0],[-79.46497300003485,-2.60613399974358,0.0],[-79.46395300005014,-2.605923999776719,0.0],[-79.46312999969598,-2.60591399989065,0.0],[-79.46251900041946,-2.605808000439405,0.0],[-79.46178300017422,-2.605749000148017,0.0],[-79.46027800034436,-2.605982999680006,0.0],[-79.45991899978011,-2.606141999636077,0.0]]}},{"type":"Feature","properties":{"provincia":"AZUAY","canton":"CUENCA","parroquia":"MOLLETURO","desde":"VIA 2 TAMARINDO","hasta":"FIN DE VIA 2","estado_sup":"MALO","Suelo":"RURAL","ancho_via":4.0,"ancho_supe":3.0,"long_km":1.08535581923,"cod__via":"P019-2872","categoria":"VECINAL","cod__tramo":"P019-2872-1","identidad":null,"conexion":"OTROS","limituso":"Actualizado abril 2021","name":"2 jul. 2020 12:48:33","importanci":"CONDUCE A PROYECTOS PRODUCTIVOS","cond__clim":"LLUVIOSO","tipo_terre":"LLANO","uso_derech":"AGRICOLA","f__carrile":"1 CARRIL BIDIRECCIONAL","puentes":0.0,"alcantaril":2.0,"reservas":"NO","curvas":1.0,"anio":"2020:GPA-GAD PARROQUIALES","levan_orig":"GPA-Planificacion (Jorge Cardenas)","responsabl":"GPA-Planificacion (Jorge Cardenas)","ninguna2":null,"conservaci":"NINGUNA","dist_merc":0.0,"destino":null,"riesgos_po":null,"alt_i":0.0,"alt_f":0.0,"velocidad":0.0,"visibilida":0.0,"intersecci":0.0,"shi_contin":0.0,"shi_cont_1":0.0,"shi_segmen":0.0,"shi_segm_1":0.0,"ninguna":null,"shc_contin":0.0,"shc_cont_1":0.0,"shc_segmen":0.0,"shc_segm_1":0.0,"ninguna1":null,"shd_contin":0.0,"shd_cont_1":0.0,"shd_segmen":0.0,"shd_segm_1":0.0,"sv_regulat":0.0,"sv_informa":0.0,"ES_SEGMENT":0,"sv_prevent":0.0,"long_i":670649.7212,"long_f":671484.5371,"lat_f":9711956.3354,"lat_i":9711828.5647,"sectproduc":null,"producto":null,"lado":null,"estado":null,"tipo":null,"situacvia":null,"calzada_m":0.0,"derecho_m":0.0,"observacio":null,"begin_":null,"end_":null,"Shape__Len":1085.35581923,"id":2750.0,"id_FID_ini":2976,"id_0":2979,"solic_dere":null,"tipo_via":"9","tipo_sup":"LASTRE"},"geometry":{"type":"LineString","coordinates":[[-79.46502086289017,-2.606218757864291,0.0],[-79.46520020217433,-2.60553989046778,0.0],[-79.4654970024109,-2.604690997231757,0.0],[-79.46531100021869,-2.604601000012779,0.0],[-79.46463599966174,-2.604470999748973,0.0],[-79.46220699987153,-2.604195999984048,0.0],[-79.46143100031047,-2.604185000085573,0.0],[-79.46064999980598,-2.604378000280362,0.0],[-79.45984800031323,-2.604502999567389,0.0],[-79.45818400028276,-2.604941000054394,0.0],[-79.45751499994265,-2.605053999864558,0.0]]}},{"type":"Feature","properties":{"provincia":"AZUAY","canton":"CUENCA","parroquia":"MOLLETURO","desde":"CHILCAPLAYA","hasta":"CHILCAPLAYA","estado_sup":"MALO","Suelo":"RURAL","ancho_via":4.0,"ancho_supe":2.8,"long_km":0.896648574129,"cod__via":"P015-2871","categoria":"VECINAL","cod__tramo":"P015-2871-1","identidad":null,"conexion":"ASENTAMIENTO HUMANO A ASENTAMIENTO HUMANO","limituso":"Actualizado abril 2021","name":"9 jul. 2020 5:51:03 p. m.","importanci":"CONDUCE A VIVIENDAS","cond__clim":"SECO - NUBLADO","tipo_terre":"ONDULADO","uso_derech":"INFRAESTRUCTURA FISICA","f__carrile":"1 CARRIL BIDIRECCIONAL","puentes":0.0,"alcantaril":0.0,"reservas":"NO","curvas":6.0,"anio":"2020:GPA-GAD PARROQUIALES","levan_orig":"GPA-Planificacion (Michelle Castro - Silvia Culcay)","responsabl":"GPA-Planificacion (Michelle Castro - Silvia Culcay)","ninguna2":null,"conservaci":"MEJORAMIENTO","dist_merc":0.0,"destino":null,"riesgos_po":null,"alt_i":0.0,"alt_f":0.0,"velocidad":0.0,"visibilida":0.0,"intersecci":0.0,"shi_contin":0.0,"shi_cont_1":0.0,"shi_segmen":0.0,"shi_segm_1":0.0,"ninguna":null,"shc_contin":0.0,"shc_cont_1":0.0,"shc_segmen":0.0,"shc_segm_1":0.0,"ninguna1":null,"shd_contin":0.0,"shd_cont_1":0.0,"shd_segmen":0.0,"shd_segm_1":0.0,"sv_regulat":0.0,"sv_informa":0.0,"ES_SEGMENT":0,"sv_prevent":0.0,"long_i":673230.8097,"long_f":673616.415,"lat_f":9712157.1444,"lat_i":9711905.5734,"sectproduc":null,"producto":null,"lado":null,"estado":null,"tipo":null,"situacvia":null,"calzada_m":0.0,"derecho_m":0.0,"observacio":null,"begin_":null,"end_":null,"Shape__Len":896.648574129,"id":669.0,"id_FID_ini":929,"id_0":924,"solic_dere":null,"tipo_via":"5","tipo_sup":"LASTRE"},"geometry":{"type":"LineString","coordinates":[[-79.44181078768541,-2.605493651609548,0.0],[-79.44071099495707,-2.606022712107056,0.0],[-79.43939844812725,-2.606755548626837,0.0],[-79.43915655535393,-2.606821570490858,0.0],[-79.43864386408092,-2.60662441685035,0.0],[-79.43859508608224,-2.606565402493892,0.0],[-79.43858557082301,-2.606359050964246,0.0],[-79.43850021169511,-2.606253317986015,0.0],[-79.43791448158841,-2.60586447310811,0.0],[-79.43745294869765,-2.605777923096893,0.0],[-79.4375501065281,-2.605229033263868,0.0],[-79.43746128988181,-2.604956259686833,0.0],[-79.4373552196389,-2.604809970437175,0.0],[-79.43740427762924,-2.604641767152738,0.0],[-79.43759627969078,-2.604428297181974,0.0],[-79.43778493437024,-2.603958127748531,0.0],[-79.43823639022861,-2.603301597085986,0.0],[-79.43834598479117,-2.603214190906818,0.0]]}},{"type":"Feature","properties":{"provincia":"AZUAY","canton":"CUENCA","parroquia":"MOLLETURO","desde":"VIA 3 TAMARINDO","hasta":"FIN DE VIA 3","estado_sup":"MALO","Suelo":"RURAL","ancho_via":4.0,"ancho_supe":3.0,"long_km":1.0481665555,"cod__via":"P019-2873","categoria":"VECINAL","cod__tramo":"P019-2873-1","identidad":null,"conexion":"OTROS","limituso":"Actualizado abril 2021","name":"2 jul. 2020 13:28:28","importanci":"CONDUCE A PROYECTOS PRODUCTIVOS","cond__clim":"LLUVIOSO","tipo_terre":"LLANO","uso_derech":"AGRICOLA","f__carrile":"1 CARRIL BIDIRECCIONAL","puentes":0.0,"alcantaril":0.0,"reservas":"NO","curvas":2.0,"anio":"2020:GPA-GAD PARROQUIALES","levan_orig":"GPA-Planificacion (Jorge Cardenas)","responsabl":"GPA-Planificacion (Jorge Cardenas)","ninguna2":null,"conservaci":"NINGUNA","dist_merc":0.0,"destino":null,"riesgos_po":null,"alt_i":0.0,"alt_f":0.0,"velocidad":0.0,"visibilida":0.0,"intersecci":0.0,"shi_contin":0.0,"shi_cont_1":0.0,"shi_segmen":0.0,"shi_segm_1":0.0,"ninguna":null,"shc_contin":0.0,"shc_cont_1":0.0,"shc_segmen":0.0,"shc_segm_1":0.0,"ninguna1":null,"shd_contin":0.0,"shd_cont_1":0.0,"shd_segmen":0.0,"shd_segm_1":0.0,"sv_regulat":0.0,"sv_informa":0.0,"ES_SEGMENT":1,"sv_prevent":0.0,"long_i":670596.9799,"long_f":669893.477,"lat_f":9712863.3857,"lat_i":9711997.5569,"sectproduc":null,"producto":null,"lado":null,"estado":null,"tipo":null,"situacvia":null,"calzada_m":0.0,"derecho_m":0.0,"observacio":null,"begin_":null,"end_":null,"Shape__Len":1048.1665555,"id":2571.0,"id_FID_ini":2797,"id_0":2800,"solic_dere":null,"tipo_via":"9","tipo_sup":"LASTRE"},"geometry":{"type":"LineString","coordinates":[[-79.4654970024109,-2.604690997231757,0.0],[-79.46578407285705,-2.603690352740504,0.0],[-79.46601800029416,-2.603168999971682,0.0],[-79.46610600010152,-2.602798999644764,0.0],[-79.46626000043105,-2.602553000080454,0.0],[-79.4669895944484,-2.600275479028187,0.0],[-79.46749224433643,-2.599813517109876,0.0],[-79.46846885747347,-2.599383912149324,0.0],[-79.46926997423823,-2.598904657372922,0.0],[-79.47017003917686,-2.597895855715343,0.0],[-79.47079474618258,-2.597542325965202,0.0]]}},{"type":"Feature","properties":{"provincia":"AZUAY","canton":"CUENCA","parroquia":"MOLLETURO","desde":"VIA 3 TAMARINDO","hasta":"FIN DE VIA 3","estado_sup":"MALO","Suelo":"RURAL","ancho_via":4.0,"ancho_supe":3.0,"long_km":0.223836606011,"cod__via":"P019-2873","categoria":"VECINAL","cod__tramo":"P019-2873-1","identidad":null,"conexion":"OTROS","limituso":"Actualizado abril 2021","name":"2 jul. 2020 13:28:28","importanci":"CONDUCE A PROYECTOS PRODUCTIVOS","cond__clim":"LLUVIOSO","tipo_terre":"LLANO","uso_derech":"AGRICOLA","f__carrile":"1 CARRIL BIDIRECCIONAL","puentes":0.0,"alcantaril":0.0,"reservas":"NO","curvas":2.0,"anio":"2020:GPA-GAD PARROQUIALES","levan_orig":"GPA-Planificacion (Jorge Cardenas)","responsabl":"GPA-Planificacion (Jorge Cardenas)","ninguna2":null,"conservaci":"NINGUNA","dist_merc":0.0,"destino":null,"riesgos_po":null,"alt_i":0.0,"alt_f":0.0,"velocidad":0.0,"visibilida":0.0,"intersecci":0.0,"shi_contin":0.0,"shi_cont_1":0.0,"shi_segmen":0.0,"shi_segm_1":0.0,"ninguna":null,"shc_contin":0.0,"shc_cont_1":0.0,"shc_segmen":0.0,"shc_segm_1":0.0,"ninguna1":null,"shd_contin":0.0,"shd_cont_1":0.0,"shd_segmen":0.0,"shd_segm_1":0.0,"sv_regulat":0.0,"sv_informa":0.0,"ES_SEGMENT":1,"sv_prevent":0.0,"long_i":670596.9799,"long_f":669893.477,"lat_f":9712863.3857,"lat_i":9711997.5569,"sectproduc":null,"producto":null,"lado":null,"estado":null,"tipo":null,"situacvia":null,"calzada_m":0.0,"derecho_m":0.0,"observacio":null,"begin_":null,"end_":null,"Shape__Len":223.836606011,"id":2571.0,"id_FID_ini":2797,"id_0":2800,"solic_dere":null,"tipo_via":"9","tipo_sup":"LASTRE"},"geometry":{"type":"LineString","coordinates":[[-79.47079474618258,-2.597542325965202,0.0],[-79.47108945601391,-2.597399853338179,0.0],[-79.4717113220533,-2.5973431808896,0.0],[-79.47205379168324,-2.597471217572813,0.0],[-79.47208569256004,-2.597324493721145,0.0],[-79.47202255805563,-2.597062795883863,0.0],[-79.47183285037238,-2.59686826881201,0.0]]}},{"type":"Feature","properties":{"provincia":"AZUAY","canton":"CUENCA","parroquia":"MOLLETURO","desde":"LA RINCONADA","hasta":"PALMA REAL","estado_sup":"BUENO","Suelo":"RURAL","ancho_via":3.8,"ancho_supe":2.9,"long_km":0.594864992742,"cod__via":"P019-2869","categoria":"VECINAL","cod__tramo":"P019-2869-1","identidad":null,"conexion":"OTROS","limituso":"Actualizado abril 2021","name":"28 jul. 2020 2:09:57 p. m.","importanci":"CONDUCE A PROYECTOS PRODUCTIVOS","cond__clim":"SECO - NUBLADO","tipo_terre":"MONTANOSO","uso_derech":"AGRICOLA","f__carrile":"1 CARRIL BIDIRECCIONAL","puentes":1.0,"alcantaril":0.0,"reservas":"NO","curvas":6.0,"anio":"2020:GPA-GAD PARROQUIALES","levan_orig":"GPA-Planificacion (Michelle Castro)","responsabl":"GPA-Planificacion (Michelle Castro)","ninguna2":null,"conservaci":"NINGUNA","dist_merc":0.0,"destino":null,"riesgos_po":null,"alt_i":0.0,"alt_f":0.0,"velocidad":0.0,"visibilida":0.0,"intersecci":0.0,"shi_contin":0.0,"shi_cont_1":0.0,"shi_segmen":0.0,"shi_segm_1":0.0,"ninguna":null,"shc_contin":0.0,"shc_cont_1":0.0,"shc_segmen":0.0,"shc_segm_1":0.0,"ninguna1":null,"shd_contin":0.0,"shd_cont_1":0.0,"shd_segmen":0.0,"shd_segm_1":0.0,"sv_regulat":0.0,"sv_informa":0.0,"ES_SEGMENT":0,"sv_prevent":0.0,"long_i":677869.4226,"long_f":678073.0968,"lat_f":9712841.5693,"lat_i":9713124.8547,"sectproduc":null,"producto":null,"lado":null,"estado":null,"tipo":null,"situacvia":null,"calzada_m":0.0,"derecho_m":0.0,"observacio":null,"begin_":null,"end_":null,"Shape__Len":594.864992742,"id":691.0,"id_FID_ini":953,"id_0":948,"solic_dere":null,"tipo_via":"9","tipo_sup":"TIERRA"},"geometry":{"type":"LineString","coordinates":[[-79.40011174024207,-2.594414419188324,0.0],[-79.40006699961776,-2.594817000165426,0.0],[-79.40011299979201,-2.594896000174066,0.0],[-79.40001999998216,-2.595068000427911,0.0],[-79.39983100039268,-2.595100999742238,0.0],[-79.39979900037883,-2.594927000155748,0.0],[-79.39963299983458,-2.594861999814159,0.0],[-79.39941099992645,-2.595170999969456,0.0],[-79.3993549997554,-2.595344000377906,0.0],[-79.39917399962259,-2.595384999746182,0.0],[-79.39867400029159,-2.596222000020749,0.0],[-79.39864799980346,-2.596403999799593,0.0],[-79.39874200013922,-2.596671000237779,0.0],[-79.39874000010413,-2.59695099974604,0.0],[-79.39879999959606,-2.597242000174569,0.0],[-79.3989330004403,-2.597368000246058,0.0],[-79.39895899959602,-2.597456999642799,0.0],[-79.39868600005705,-2.597412000042359,0.0],[-79.39854400018812,-2.597291999761449,0.0],[-79.39839000026974,-2.597053999791121,0.0],[-79.39820700042256,-2.59703400004794,0.0],[-79.39827700002485,-2.59697400006317,0.0]]}},{"type":"Feature","properties":{"provincia":"AZUAY","canton":"CUENCA","parroquia":"MOLLETURO","desde":"TAMARINDO","hasta":"JESUS DEL GRAN PODER","estado_sup":"BUENO","Suelo":"RURAL","ancho_via":6.0,"ancho_supe":5.2,"long_km":9.43781224836,"cod__via":"P015-1735","categoria":"VECINAL","cod__tramo":"P015-1735-1","identidad":"010157173551","conexion":"ASENTAMIENTO HUMANO A ASENTAMIENTO HUMANO","limituso":"Referencial","name":null,"importanci":"NORMAL","cond__clim":"SECO - NUBLADO","tipo_terre":"ONDULADO","uso_derech":"AGRICOLA","f__carrile":"1 CARRIL BIDIRECCIONAL","puentes":0.0,"alcantaril":0.0,"reservas":"NO","curvas":30.0,"anio":"2017:CONGOPE","levan_orig":"CONGOPE","responsabl":"CONGOPE","ninguna2":"-","conservaci":"MANTENIMIENTO RUTINARIO","dist_merc":15.5,"destino":"PARROQUIA","riesgos_po":"NO","alt_i":285.6,"alt_f":215.6,"velocidad":0.0,"visibilida":40.0,"intersecci":0.0,"shi_contin":0.0,"shi_cont_1":0.0,"shi_segmen":0.0,"shi_segm_1":0.0,"ninguna":null,"shc_contin":0.0,"shc_cont_1":0.0,"shc_segmen":0.0,"shc_segm_1":0.0,"ninguna1":null,"shd_contin":0.0,"shd_cont_1":0.0,"shd_segmen":0.0,"shd_segm_1":0.0,"sv_regulat":0.0,"sv_informa":0.0,"ES_SEGMENT":1,"sv_prevent":0.0,"long_i":671193.6129,"long_f":679704.8866,"lat_f":9718586.8776,"lat_i":9710674.7505,"sectproduc":null,"producto":null,"lado":null,"estado":null,"tipo":null,"situacvia":null,"calzada_m":0.0,"derecho_m":0.0,"observacio":"VIAS FUERA DEL LIMITE PDOT (AREA DE INTERES)","begin_":null,"end_":null,"Shape__Len":9437.81224836,"id":308.0,"id_FID_ini":550,"id_0":550,"solic_dere":null,"tipo_via":"5","tipo_sup":"LASTRE"},"geometry":{"type":"LineString","coordinates":[[-79.46011708276745,-2.616647661003725,0.0],[-79.4589449321885,-2.616182654334192,0.0],[-79.45872520959556,-2.616032956070268,0.0],[-79.45806428028922,-2.615796805314166,0.0],[-79.4561107348106,-2.615842175092887,0.0],[-79.4553733294588,-2.615947848689844,0.0],[-79.45490402471134,-2.615924554163605,0.0],[-79.4539808155144,-2.615748903016962,0.0],[-79.45360737437267,-2.615555842244454,0.0],[-79.45205921511217,-2.615081429100523,0.0],[-79.45127541201303,-2.614957110232031,0.0],[-79.44975150753747,-2.614907592359802,0.0],[-79.44918486290355,-2.614769751104104,0.0],[-79.44826593652097,-2.614448440794968,0.0],[-79.4478960847655,-2.614293406355578,0.0],[-79.44745466754088,-2.614009302095825,0.0],[-79.44592977057418,-2.6125042283466,0.0],[-79.44572009465948,-2.612243834765018,0.0],[-79.44515314247828,-2.61127012220657,0.0],[-79.44475307017194,-2.610790760744042,0.0],[-79.44437888814063,-2.61056362644964,0.0],[-79.44333329947887,-2.610284438974507,0.0],[-79.44318446392727,-2.610201329511328,0.0],[-79.44310436379114,-2.609996380117902,0.0],[-79.44318770065385,-2.609800677929536,0.0],[-79.4433416217753,-2.609710381060366,0.0],[-79.44401728712533,-2.609616279159405,0.0],[-79.44417391585722,-2.609448508333803,0.0],[-79.44419634990251,-2.609206427866792,0.0],[-79.4440677338622,-2.60893283191922,0.0],[-79.44169911027707,-2.605303821423252,0.0],[-79.4415752653909,-2.604832773622082,0.0],[-79.44149150905382,-2.603935735422961,0.0],[-79.44138073710472,-2.603691895236095,0.0],[-79.44124272593254,-2.603586056261113,0.0],[-79.44040670712826,-2.603214441122844,0.0],[-79.44016020875134,-2.603240493498307,0.0],[-79.43975453503847,-2.603450412786094,0.0],[-79.43930854676695,-2.603483935567894,0.0],[-79.43839413732202,-2.603240685773204,0.0],[-79.43830801442466,-2.603176157128843,0.0],[-79.43827027843281,-2.603072663121153,0.0],[-79.43838282497771,-2.602679397104769,0.0],[-79.43832371088398,-2.602534215515777,0.0],[-79.43782576821133,-2.602279404466401,0.0],[-79.43734681742642,-2.602176383833036,0.0],[-79.4372396325895,-2.602045809561492,0.0],[-79.43725817180517,-2.601522168618975,0.0],[-79.43734590028565,-2.601387577495641,0.0],[-79.43759869070118,-2.601260245988667,0.0],[-79.43771997992539,-2.601111438201014,0.0],[-79.43781538955439,-2.600571453946699,0.0],[-79.43792016325729,-2.600296586323533,0.0],[-79.43789253844703,-2.599437191667481,0.0],[-79.43815664914214,-2.597837191163978,0.0],[-79.43778774136891,-2.59554972594194,0.0],[-79.43742469579105,-2.594889036572567,0.0],[-79.43730802545721,-2.594558063901779,0.0],[-79.43719687449752,-2.593080925335872,0.0],[-79.43732501471194,-2.590210612119919,0.0],[-79.43728317421362,-2.589736782362835,0.0],[-79.43706397023124,-2.589245697948217,0.0],[-79.43657596879179,-2.588499816329316,0.0],[-79.43561614926652,-2.586840695541917,0.0],[-79.43505629952246,-2.585224245853908,0.0],[-79.43479801672075,-2.584722272848806,0.0],[-79.43465078688698,-2.584074672273762,0.0],[-79.43455189918613,-2.583834102827309,0.0],[-79.43363575366783,-2.582561358769502,0.0],[-79.43297672602401,-2.581455188390318,0.0],[-79.43259043200953,-2.580965946400226,0.0],[-79.43125337573214,-2.578964670389383,0.0],[-79.43100855122354,-2.578703894896163,0.0],[-79.43062046395882,-2.578460935237252,0.0],[-79.42938283328074,-2.578342987879557,0.0],[-79.42803670614853,-2.577648119156464,0.0],[-79.42781746696231,-2.577666542176094,0.0],[-79.4274138492184,-2.577896200841434,0.0],[-79.4271054870875,-2.577985859772334,0.0],[-79.42665991822187,-2.578060816691149,0.0],[-79.42615221705834,-2.578004318250626,0.0],[-79.42499202721322,-2.577074248412424,0.0],[-79.42454363072233,-2.576562821184838,0.0],[-79.42410023915691,-2.576165938688903,0.0],[-79.42372529305037,-2.575929365811472,0.0],[-79.422616233719,-2.575539832371037,0.0],[-79.42206300640231,-2.575282386149402,0.0],[-79.42055746480405,-2.574797937440989,0.0],[-79.4186657999569,-2.574371164261705,0.0],[-79.41792990436868,-2.574155575781979,0.0],[-79.41762545694056,-2.574037219436139,0.0],[-79.41624054956189,-2.573311768682546,0.0],[-79.4158335043877,-2.572980429661727,0.0],[-79.41555492500282,-2.572542996166298,0.0],[-79.41531635699839,-2.57227527810055,0.0],[-79.41276080601777,-2.570356802102736,0.0],[-79.41199076862205,-2.56968177126522,0.0],[-79.41053442066607,-2.568570956287385,0.0],[-79.4104468480013,-2.568380259273297,0.0],[-79.4104228132762,-2.56818262929009,0.0],[-79.41062007802068,-2.567322048831585,0.0],[-79.41065051459628,-2.56671251559442,0.0],[-79.4107458166237,-2.566368580179475,0.0],[-79.41057140981337,-2.566185572181622,0.0],[-79.40993368338998,-2.565917546532995,0.0]]}},{"type":"Feature","properties":{"provincia":"AZUAY","canton":"CUENCA","parroquia":"MOLLETURO","desde":"CHACANSEO","hasta":"PUENTE LA AURORA","estado_sup":"REGULAR","Suelo":"RURAL","ancho_via":6.7,"ancho_supe":4.2,"long_km":2.85454889321,"cod__via":"P015-3229","categoria":"VECINAL","cod__tramo":"P015-3229-1","identidad":null,"conexion":"ASENTAMIENTO HUMANO A ASENTAMIENTO HUMANO","limituso":"ACTUALIZADO AGOSTO 2024","name":"3 jul 2024 16:44:15","importanci":"CONDUCE A SITIOS ESTRATEGICOS","cond__clim":"LLUVIOSO - NUBLADO","tipo_terre":"MONTA?OSO","uso_derech":"AGRICOLA","f__carrile":"1 CARRIL BIDIRECCIONAL","puentes":0.0,"alcantaril":0.0,"reservas":null,"curvas":18.0,"anio":"2024:GPA","levan_orig":"GPA-Planificacion (Michelle Castro - Pablo Cardenas)","responsabl":"GPA 2024 (Michelle Castro - Pablo Cardenas)","ninguna2":null,"conservaci":null,"dist_merc":0.0,"destino":null,"riesgos_po":null,"alt_i":0.0,"alt_f":0.0,"velocidad":20.0,"visibilida":0.0,"intersecci":0.0,"shi_contin":0.0,"shi_cont_1":0.0,"shi_segmen":0.0,"shi_segm_1":0.0,"ninguna":null,"shc_contin":0.0,"shc_cont_1":0.0,"shc_segmen":0.0,"shc_segm_1":0.0,"ninguna1":null,"shd_contin":0.0,"shd_cont_1":0.0,"shd_segmen":0.0,"shd_segm_1":0.0,"sv_regulat":0.0,"sv_informa":0.0,"ES_SEGMENT":0,"sv_prevent":0.0,"long_i":686311.013226,"long_f":684844.927409,"lat_f":9711369.7207,"lat_i":9710337.42602,"sectproduc":"AGRICULTURA","producto":"CACAO","lado":"DERECHO","estado":"MALO","tipo":"SUELO NATURAL","situacvia":"TRANSITABLE POR EPOCAS","calzada_m":0.0,"derecho_m":0.0,"observacio":"TRAMITE GPA-2024-5034","begin_":null,"end_":null,"Shape__Len":2854.54889321,"id":3963.0,"id_FID_ini":3264,"id_0":3265,"solic_dere":null,"tipo_via":"5","tipo_sup":"TIERRA"},"geometry":{"type":"LineString","coordinates":[[-79.32416986513532,-2.619522972018621,1867.9199999999983],[-79.3242876299787,-2.619629210354153,1867.320000000007],[-79.32446142033251,-2.620176179690878,1861.6100000000006],[-79.32455110011347,-2.620184119987826,1858.5299999999988],[-79.32465967030876,-2.620114640220326,1858.5399999999936],[-79.3255061701522,-2.619413179999877,1841.7899999999936],[-79.32560104981188,-2.619209489778143,1841.0299999999988],[-79.32555883971969,-2.618981090078329,1839.2599999999948],[-79.32562147972416,-2.618783969850818,1840.5599999999977],[-79.32580619995238,-2.618649849694325,1839.1300000000047],[-79.32628372029043,-2.618467210361784,1830.3899999999994],[-79.32685249006823,-2.617729530368961,1820.9600000000064],[-79.3270508200673,-2.617599269676628,1820.6499999999942],[-79.32770817007625,-2.617346870356908,1803.9600000000064],[-79.32800313977134,-2.61706101038086,1795.979999999996],[-79.32837659163586,-2.616892611663251,1785.729999999996],[-79.32870518022024,-2.616462239792251,1777.550000000003],[-79.3290044596485,-2.616223789876365,1769.2200000000012],[-79.32989059974611,-2.615689620015762,1753.8699999999953],[-79.3301473898907,-2.615782050365414,1749.2599999999948],[-79.33077549984145,-2.616194750346245,1739.5399999999936],[-79.3308974998636,-2.616458100007512,1734.3999999999942],[-79.33082954016197,-2.617033809826616,1730.0899999999965],[-79.33091611991384,-2.617077489851857,1725.770000000004],[-79.33146925004351,-2.616530630402056,1714.5899999999965],[-79.33156960971941,-2.615850470374749,1705.8600000000006],[-79.33147674966736,-2.615557230045599,1701.0800000000017],[-79.33109400973032,-2.615267450111405,1697.7400000000052],[-79.33069557975287,-2.614865230427232,1694.9100000000035],[-79.33052367035955,-2.614605160143484,1687.979999999996],[-79.33047206962468,-2.614110480107054,1678.1199999999953],[-79.33065631983821,-2.613610639630013,1668.270000000004],[-79.33076791007514,-2.612918129905502,1654.7400000000052],[-79.3309228498708,-2.612630530106892,1651.4100000000035],[-79.33103900031034,-2.612582970212512,1649.75],[-79.33124661042982,-2.612657369822759,1646.0299999999988],[-79.33201963981563,-2.612645549699195,1637.9400000000023],[-79.3324989699596,-2.612448530425258,1627.679999999993],[-79.33261980990447,-2.612135779560889,1619.4199999999983],[-79.33272951036818,-2.612064919852379,1616.2200000000012],[-79.33351655011683,-2.611958759575686,1600.8500000000058],[-79.33397414020583,-2.61202053031659,1594.5],[-79.33414605007337,-2.61195896032788,1593.4100000000035],[-79.33435193990856,-2.611724600182503,1587.2599999999948],[-79.33502461990204,-2.611732890212812,1571.1000000000058],[-79.33510737001455,-2.611678199873231,1570.3899999999994],[-79.33513994011723,-2.611497040016099,1570.0],[-79.33501990030045,-2.610757429739404,1553.550000000003],[-79.33494523984086,-2.610546989599791,1551.1300000000047],[-79.33456476019963,-2.610224169987833,1542.4199999999983],[-79.33457744991867,-2.610133400355358,1539.9400000000023],[-79.33483947025421,-2.610020039749228,1531.6000000000058],[-79.33534641040617,-2.609932709708757,1519.1600000000035],[-79.33552894979454,-2.609706330294934,1515.2100000000064],[-79.33615428960005,-2.609888989560106,1496.2899999999936],[-79.33624057042836,-2.609849610423604,1499.449999999997],[-79.33642640016367,-2.609893200327813,1498.2799999999988],[-79.33656095038019,-2.610190210319011,1487.1199999999953],[-79.33653793020042,-2.610605989858898,1478.6000000000058],[-79.33657678041155,-2.610702219779715,1477.229999999996],[-79.3366633898621,-2.610730959761174,1473.2400000000052],[-79.33688918026186,-2.610750649845969,1468.770000000004],[-79.33697719998254,-2.610697130170633,1466.9199999999983],[-79.33706598022228,-2.610509049827324,1460.3300000000017],[-79.33736555617838,-2.6102052901177,1450.3227000000043]]}},{"type":"Feature","properties":{"provincia":"AZUAY","canton":"CUENCA","parroquia":"MOLLETURO","desde":"Y PUTUCAY","hasta":"SANTA TERESITA","estado_sup":"REGULAR","Suelo":"RURAL","ancho_via":4.5,"ancho_supe":3.8,"long_km":14.3365409056,"cod__via":"P015-1732","categoria":"VECINAL","cod__tramo":"P015-1732-1","identidad":"010157173251","conexion":"ASENTAMIENTO HUMANO A ASENTAMIENTO HUMANO","limituso":"Referencial","name":null,"importanci":"NORMAL","cond__clim":"SECO - NUBLADO","tipo_terre":"ONDULADO","uso_derech":"PASTOS","f__carrile":"1 CARRIL BIDIRECCIONAL","puentes":0.0,"alcantaril":0.0,"reservas":"SI","curvas":35.0,"anio":"2017:CONGOPE","levan_orig":"CONGOPE","responsabl":"CONGOPE","ninguna2":"-","conservaci":"MANTENIMIENTO RUTINARIO","dist_merc":24.5,"destino":"PARROQUIA","riesgos_po":"NO","alt_i":1600.0,"alt_f":298.0,"velocidad":0.0,"visibilida":20.0,"intersecci":0.0,"shi_contin":0.0,"shi_cont_1":0.0,"shi_segmen":0.0,"shi_segm_1":0.0,"ninguna":null,"shc_contin":0.0,"shc_cont_1":0.0,"shc_segmen":0.0,"shc_segm_1":0.0,"ninguna1":null,"shd_contin":0.0,"shd_cont_1":0.0,"shd_segmen":0.0,"shd_segm_1":0.0,"sv_regulat":0.0,"sv_informa":0.0,"ES_SEGMENT":0,"sv_prevent":0.0,"long_i":680337.8189,"long_f":680199.8646,"lat_f":9717050.9203,"lat_i":9708609.8734,"sectproduc":null,"producto":null,"lado":null,"estado":null,"tipo":null,"situacvia":null,"calzada_m":0.0,"derecho_m":0.0,"observacio":null,"begin_":null,"end_":null,"Shape__Len":14336.5409056,"id":33.0,"id_FID_ini":273,"id_0":276,"solic_dere":null,"tipo_via":"5","tipo_sup":"LASTRE"},"geometry":{"type":"LineString","coordinates":[[-79.37786265981427,-2.635217119955448,0.0],[-79.3780272082577,-2.634526293562524,0.0],[-79.37800929908983,-2.634364743480612,0.0],[-79.37785695588357,-2.634067320825568,0.0],[-79.3779329774275,-2.633767021894204,0.0],[-79.37812130611111,-2.633600965816414,0.0],[-79.37851808025049,-2.633398475719833,0.0],[-79.37878980234248,-2.633066895169271,0.0],[-79.37888136385784,-2.633016779198264,0.0],[-79.37896991944197,-2.633047130993407,0.0],[-79.37902474664291,-2.6331344823262,0.0],[-79.37907916105688,-2.63360511352582,0.0],[-79.37920070512148,-2.633650024180709,0.0],[-79.37928165190608,-2.633533091839057,0.0],[-79.37946434468668,-2.633001861696291,0.0],[-79.37934711196313,-2.63257541172302,0.0],[-79.37948812367938,-2.632083937370728,0.0],[-79.3794374328727,-2.631686222354766,0.0],[-79.37952907065329,-2.631121577611523,0.0],[-79.3794612960803,-2.630837024157185,0.0],[-79.37946111838143,-2.630564441235392,0.0],[-79.37966268700185,-2.629590814891319,0.0],[-79.37971412510356,-2.628122299638175,0.0],[-79.379862566584,-2.627295322569426,0.0],[-79.3800779329317,-2.626556751378354,0.0],[-79.38003265025407,-2.625927186223191,0.0],[-79.37974809635288,-2.625088813336334,0.0],[-79.37971124134299,-2.624823600047715,0.0],[-79.37977418386008,-2.624378622618699,0.0],[-79.37973863280136,-2.624171279468288,0.0],[-79.37965966520967,-2.624034296965207,0.0],[-79.3786744267572,-2.623809102841616,0.0],[-79.37822891552712,-2.624067327911987,0.0],[-79.37816769803679,-2.624192989695607,0.0],[-79.37817399617951,-2.624352202215603,0.0],[-79.37859517823821,-2.62492780339723,0.0],[-79.37869807987994,-2.62523031846407,0.0],[-79.37863838827798,-2.625326022972475,0.0],[-79.37852657113321,-2.625299991985575,0.0],[-79.3785098463917,-2.625035300648292,0.0],[-79.37842339186858,-2.624852940780031,0.0],[-79.37784090674849,-2.624302540572381,0.0],[-79.37780329572195,-2.624181089027211,0.0],[-79.37784236109074,-2.624049857454631,0.0],[-79.37799730565048,-2.623890705962623,0.0],[-79.37829572564168,-2.623417458436092,0.0],[-79.37829694115418,-2.623308102514879,0.0],[-79.378183150586,-2.623131833157586,0.0],[-79.37816006650102,-2.622985538189665,0.0],[-79.37835837788046,-2.622421610274793,0.0],[-79.37838606725163,-2.621982666242287,0.0],[-79.37835441689928,-2.621797912619802,0.0],[-79.37828387928157,-2.621661456668491,0.0],[-79.37799995256012,-2.621354709717596,0.0],[-79.37752459880495,-2.621233463050871,0.0],[-79.37769340392232,-2.620840315632784,0.0],[-79.37774777626277,-2.620412045233458,0.0],[-79.37772777957845,-2.620231933496372,0.0],[-79.37745570220312,-2.619919176451987,0.0],[-79.37700143817791,-2.619055591272846,0.0],[-79.37659281746998,-2.618444200769787,0.0],[-79.3761889296094,-2.618122089486685,0.0],[-79.37590196160264,-2.617429997998512,0.0],[-79.37586495285484,-2.616970655850113,0.0],[-79.37592573104915,-2.616739369280364,0.0],[-79.37611868124675,-2.616484130334973,0.0],[-79.37641150119357,-2.616647702873165,0.0],[-79.37658269939891,-2.616624597083288,0.0],[-79.37666905911698,-2.616549201786881,0.0],[-79.37678908893055,-2.616162937085882,0.0],[-79.37685518588324,-2.615570813156304,0.0],[-79.37701226334477,-2.615458715415648,0.0],[-79.37707902598056,-2.615199839285756,0.0],[-79.37698158094821,-2.614492783306681,0.0],[-79.37653794945217,-2.614036559682587,0.0],[-79.37612825404337,-2.613396209704335,0.0],[-79.3761347454959,-2.613220037544489,0.0],[-79.37625277187114,-2.613150077743276,0.0],[-79.37642504813289,-2.613141363975251,0.0],[-79.37703388230526,-2.613340438943673,0.0],[-79.37750460160183,-2.613437014501535,0.0],[-79.37790996949607,-2.613449551629218,0.0],[-79.37809890212681,-2.613525263083827,0.0],[-79.37821687462795,-2.613671720059116,0.0],[-79.378263556597,-2.613914407606585,0.0],[-79.37821848923093,-2.614083886514316,0.0],[-79.37793739634694,-2.614490146601646,0.0],[-79.37797002929192,-2.61460123129803,0.0],[-79.37856708315816,-2.613870612488963,0.0],[-79.37859914661655,-2.613442512538297,0.0],[-79.37852203744305,-2.613282748674328,0.0],[-79.37826233238123,-2.613123113152448,0.0],[-79.37810678493865,-2.612963420211329,0.0],[-79.37785558201551,-2.612835575442798,0.0],[-79.37768030992085,-2.612062796948771,0.0],[-79.37759693728935,-2.611991599663602,0.0],[-79.3773819145001,-2.611983697764955,0.0],[-79.37729594197224,-2.611879047950494,0.0],[-79.37725630960584,-2.611618526874151,0.0],[-79.37735451492622,-2.611246404501896,0.0],[-79.3773534719663,-2.611061985628689,0.0],[-79.3769187043895,-2.610188901232015,0.0],[-79.37691435898422,-2.609051457447134,0.0],[-79.37678304626418,-2.608192148721177,0.0],[-79.37684890579672,-2.607144014502999,0.0],[-79.3771012570798,-2.606107418047439,0.0],[-79.37701826561793,-2.60574235064971,0.0],[-79.37672621328356,-2.605015055966007,0.0],[-79.37615885424299,-2.604271981141742,0.0],[-79.37616565266383,-2.60414053296739,0.0],[-79.37628572711438,-2.603953401563368,0.0],[-79.37629997631895,-2.603808801140977,0.0],[-79.37601968409703,-2.603452584284683,0.0],[-79.37592540397377,-2.603083791041734,0.0],[-79.37544628388417,-2.602576060921826,0.0],[-79.37497607460922,-2.602564051626956,0.0],[-79.37452467466457,-2.602374516867926,0.0],[-79.37437447733515,-2.602092514867495,0.0],[-79.3743766439138,-2.601986974886115,0.0],[-79.37445931770641,-2.601912485988111,0.0],[-79.37473067812641,-2.601921807764316,0.0],[-79.37516955665265,-2.602127142292259,0.0],[-79.37523838056266,-2.602022368664233,0.0],[-79.37481819863613,-2.601585511900035,0.0],[-79.37446039115508,-2.601603081118192,0.0],[-79.37437569084435,-2.601519364454512,0.0],[-79.3744303033267,-2.601391366016206,0.0],[-79.37455645353243,-2.601313775418989,0.0],[-79.37513690900147,-2.601273179425847,0.0],[-79.37543264696326,-2.601451601305083,0.0],[-79.37587042040701,-2.601482028652513,0.0],[-79.37616106177256,-2.601351898274664,0.0],[-79.37661436788416,-2.601240959591487,0.0],[-79.37671756103869,-2.601263606834217,0.0],[-79.37677851760691,-2.601332342022179,0.0],[-79.37678697533703,-2.601645580454345,0.0],[-79.37685508135614,-2.601692809541245,0.0],[-79.37690991792695,-2.601652431671415,0.0],[-79.37701687704325,-2.601353784040198,0.0],[-79.37703300729945,-2.600956579645619,0.0],[-79.37699935801588,-2.600863711966719,0.0],[-79.37689460567489,-2.60078403632608,0.0],[-79.37679659108626,-2.60079103674965,0.0],[-79.37653269482877,-2.601028061627113,0.0],[-79.37641565383434,-2.601069843057402,0.0],[-79.37630905983518,-2.60101905893139,0.0],[-79.37630579623085,-2.600905392577283,0.0],[-79.37645139541631,-2.600699493458698,0.0],[-79.37668139107352,-2.600535858739891,0.0],[-79.37704454009669,-2.60038811005312,0.0],[-79.37740671459184,-2.600289408218516,0.0],[-79.37763508255689,-2.600296062738252,0.0],[-79.37771290211931,-2.600237714314337,0.0],[-79.37771020673038,-2.599685448346644,0.0],[-79.37764833211546,-2.599299102827678,0.0],[-79.37777586183205,-2.598597280101958,0.0],[-79.3779045660399,-2.598131104154592,0.0],[-79.37817258317386,-2.597462930686742,0.0],[-79.378590979497,-2.596741618739022,0.0],[-79.37853660607271,-2.596624963486502,0.0],[-79.37827249825321,-2.596597518569681,0.0],[-79.37822013672904,-2.596527879427391,0.0],[-79.37827381857963,-2.596473223778004,0.0],[-79.37855783791895,-2.596420373649988,0.0],[-79.37873565154509,-2.596029138943468,0.0],[-79.37908647333687,-2.595782593389066,0.0],[-79.37920543114022,-2.594789914379904,0.0],[-79.37918489514793,-2.593795956805915,0.0],[-79.37912330824227,-2.593219310165928,0.0],[-79.37918673731185,-2.592487978991106,0.0],[-79.37888948753462,-2.592056961275707,0.0],[-79.37875061079716,-2.591960848186982,0.0],[-79.37864098808318,-2.591977523449453,0.0],[-79.37831349564469,-2.592356073974504,0.0],[-79.37786391251645,-2.592546512472667,0.0],[-79.3775807666117,-2.592551953595406,0.0],[-79.37723640063197,-2.592690609561891,0.0],[-79.37717998953696,-2.592669316307632,0.0],[-79.37717478189472,-2.592586216204457,0.0],[-79.37741831933073,-2.592397371886232,0.0],[-79.3777218654644,-2.592435382100925,0.0],[-79.37789466788033,-2.59237426541531,0.0],[-79.37801810277563,-2.592166200689283,0.0],[-79.37804073382254,-2.592038237272517,0.0],[-79.37831007642568,-2.591822384005857,0.0],[-79.3782569211883,-2.591589351526875,0.0],[-79.37863815508082,-2.590723558548641,0.0],[-79.37865465596339,-2.590268974063156,0.0],[-79.37874650974163,-2.590120837662892,0.0],[-79.37963821789538,-2.590135142701155,0.0],[-79.37974546519722,-2.589820228502119,0.0],[-79.37993718738038,-2.589620099857965,0.0],[-79.38013152465126,-2.589540143673275,0.0],[-79.38021550254564,-2.589661179501785,0.0],[-79.38025614401722,-2.589941451923607,0.0],[-79.38010918061649,-2.590253533408847,0.0],[-79.38016385623858,-2.590373193163707,0.0],[-79.38025787507517,-2.59040140855708,0.0],[-79.3804836998374,-2.590144526836784,0.0],[-79.38074985813618,-2.58969531071264,0.0],[-79.38103838323866,-2.589491395712534,0.0],[-79.38174889267732,-2.589197141352923,0.0],[-79.38183505998755,-2.589076863825761,0.0],[-79.38176786677641,-2.589003365986594,0.0],[-79.38091956495761,-2.588663272986755,0.0],[-79.38067481646316,-2.588458361163879,0.0],[-79.37992006250167,-2.588025201034868,0.0],[-79.37979484061809,-2.588055822466415,0.0],[-79.37973007371781,-2.588322167159881,0.0],[-79.37959665417925,-2.588342396079529,0.0],[-79.3792965631464,-2.587964858564487,0.0],[-79.37894805444932,-2.587696283671856,0.0],[-79.3788592024434,-2.587686051628405,0.0],[-79.37876482010934,-2.587804698588272,0.0],[-79.37866247531622,-2.587831200148925,0.0],[-79.37828529802981,-2.58764168907561,0.0],[-79.37827795557698,-2.586925109246884,0.0],[-79.37777014227497,-2.586680955051691,0.0],[-79.37756726364859,-2.586407370976136,0.0],[-79.37743220750298,-2.585266657514271,0.0],[-79.37726588030421,-2.585197146214561,0.0],[-79.37703302428848,-2.585253501702013,0.0],[-79.37690278930455,-2.5852235559013,0.0],[-79.37650289644378,-2.584994858346668,0.0],[-79.37623764143666,-2.584707528595375,0.0],[-79.3761523570849,-2.584743191358526,0.0],[-79.37611327021123,-2.584992488094133,0.0],[-79.37603875059244,-2.584967899794687,0.0],[-79.37594315192057,-2.584589284394673,0.0],[-79.37608019271718,-2.584113609560807,0.0],[-79.376024464487,-2.583611165061139,0.0],[-79.3761843696235,-2.58339578471334,0.0],[-79.37629120378043,-2.583080448096515,0.0],[-79.37624905832305,-2.5829090524297,0.0],[-79.37612523654374,-2.582744850832423,0.0],[-79.37605341724044,-2.582732411486816,0.0],[-79.37597882726685,-2.582785232700104,0.0],[-79.37590155823497,-2.583068998464911,0.0],[-79.37583303658812,-2.583151921456063,0.0],[-79.3755372079781,-2.583266159231589,0.0],[-79.37542244251065,-2.583989612415778,0.0],[-79.37518953508399,-2.584417615800903,0.0],[-79.37511211063436,-2.584469011595143,0.0],[-79.37489137078978,-2.58439477816296,0.0],[-79.37461695384019,-2.58413038261073,0.0],[-79.37447831775995,-2.584061554274164,0.0],[-79.37403554112326,-2.584072589950992,0.0],[-79.37396037532366,-2.584119918097099,0.0],[-79.37386397717063,-2.584295801756034,0.0],[-79.37373191988007,-2.584298313136292,0.0],[-79.3736454910449,-2.58422577538333,0.0],[-79.37353452175329,-2.583844410270269,0.0],[-79.37334948340298,-2.583553749930309,0.0],[-79.37260202787652,-2.583269938444647,0.0],[-79.37230130102334,-2.583401395856291,0.0],[-79.37209601164776,-2.583289451803368,0.0],[-79.37180611551446,-2.583229217798037,0.0],[-79.37138632588402,-2.582989459120398,0.0],[-79.37105878647223,-2.583006458319828,0.0],[-79.37101672406108,-2.583090177320871,0.0],[-79.37102450021658,-2.583463630827075,0.0],[-79.37108724121084,-2.583712803962851,0.0],[-79.37092067987736,-2.583872895440071,0.0],[-79.37087764502003,-2.583994951107941,0.0],[-79.37102727004277,-2.584292972420095,0.0],[-79.37104572606374,-2.584568366960621,0.0],[-79.37084950639235,-2.58492524924525,0.0],[-79.3707894863614,-2.5849540240762,0.0],[-79.37058154888926,-2.584709566071859,0.0],[-79.37054471236607,-2.58438034651834,0.0],[-79.37042047577445,-2.584178413983621,0.0],[-79.37042373695591,-2.583811288063083,0.0],[-79.37021970376605,-2.583622047322443,0.0],[-79.36992139719594,-2.582838667226854,0.0],[-79.3698346880664,-2.582116721046935,0.0],[-79.36999452783495,-2.581648716534922,0.0],[-79.37007652919668,-2.581236635839565,0.0],[-79.37027603326796,-2.580909604700835,0.0],[-79.3703883944627,-2.580806134022795,0.0],[-79.37048588420046,-2.580546788251736,0.0],[-79.37048604680137,-2.580361213020922,0.0],[-79.37036908737058,-2.5801594347919,0.0],[-79.37047802932753,-2.579960873085816,0.0],[-79.3707397474127,-2.579762757665894,0.0],[-79.37082310765386,-2.579547099729368,0.0],[-79.37068847117459,-2.579242326307281,0.0],[-79.37052145155877,-2.57852329536294,0.0],[-79.37063233055316,-2.577840232544765,0.0],[-79.37071062835608,-2.576706432296747,0.0],[-79.37087212585435,-2.57603613589992,0.0],[-79.37055295735905,-2.574496557219254,0.0],[-79.37052408110378,-2.574185737917024,0.0],[-79.37057836010906,-2.573967802339955,0.0],[-79.37069507114522,-2.573756380469723,0.0],[-79.37101012927506,-2.573486892005225,0.0],[-79.37128883834457,-2.573119027106999,0.0],[-79.37145642367409,-2.572493874779308,0.0],[-79.37179858018723,-2.571973197563806,0.0],[-79.37223758066948,-2.571145883415548,0.0],[-79.37278374868303,-2.569897905126708,0.0],[-79.37334395446283,-2.569012215552564,0.0],[-79.37331788861813,-2.568440600171653,0.0],[-79.37342513160957,-2.567875058961017,0.0],[-79.37367854578936,-2.567560015433865,0.0],[-79.37376919086928,-2.567333597693357,0.0],[-79.37408123716975,-2.566878116788872,0.0],[-79.37425205335929,-2.566521018235596,0.0],[-79.3749570673125,-2.565464633824293,0.0],[-79.375437253801,-2.564522947464425,0.0],[-79.37595658942689,-2.563963780297538,0.0],[-79.37629325854805,-2.563687287209529,0.0],[-79.37631464077154,-2.563511836413362,0.0],[-79.37619878108896,-2.563126326615628,0.0],[-79.37616724324533,-2.562429279385942,0.0],[-79.37637210712744,-2.561878643649765,0.0],[-79.3772446937066,-2.561017311576709,0.0],[-79.37784538823735,-2.56062063802491,0.0],[-79.37810265556503,-2.560280938880385,0.0],[-79.37846817703115,-2.559618027832164,0.0],[-79.37900228592162,-2.558987610548839,0.0],[-79.37920054633992,-2.558882279572547,0.0]]}},{"type":"Feature","properties":{"provincia":"AZUAY","canton":"CUENCA","parroquia":"MOLLETURO","desde":"LA AURORA","hasta":"CHACANSEO","estado_sup":"REGULAR","Suelo":"RURAL","ancho_via":4.3,"ancho_supe":3.4,"long_km":25.0122598364,"cod__via":"P015-1730","categoria":"VECINAL","cod__tramo":"P015-1730-1","identidad":"010157173051","conexion":"ASENTAMIENTO HUMANO A ASENTAMIENTO HUMANO","limituso":"Referencial","name":null,"importanci":"NORMAL","cond__clim":"SECO - NUBLADO","tipo_terre":"MONTANOSO","uso_derech":"PASTOS","f__carrile":"1 CARRIL BIDIRECCIONAL","puentes":0.0,"alcantaril":0.0,"reservas":"SI","curvas":30.0,"anio":"2017:CONGOPE","levan_orig":"CONGOPE","responsabl":"CONGOPE","ninguna2":"-","conservaci":"MEJORAMIENTO","dist_merc":21.5,"destino":"PARROQUIA","riesgos_po":"NO","alt_i":350.0,"alt_f":1942.0,"velocidad":0.0,"visibilida":20.0,"intersecci":0.0,"shi_contin":0.0,"shi_cont_1":0.0,"shi_segmen":0.0,"shi_segm_1":0.0,"ninguna":null,"shc_contin":0.0,"shc_cont_1":0.0,"shc_segmen":0.0,"shc_segm_1":0.0,"ninguna1":null,"shd_contin":0.0,"shd_cont_1":0.0,"shd_segmen":0.0,"shd_segm_1":0.0,"sv_regulat":0.0,"sv_informa":0.0,"ES_SEGMENT":0,"sv_prevent":0.0,"long_i":680626.0731,"long_f":686862.8694,"lat_f":9708451.4446,"lat_i":9718413.3175,"sectproduc":null,"producto":null,"lado":null,"estado":null,"tipo":null,"situacvia":null,"calzada_m":0.0,"derecho_m":0.0,"observacio":null,"begin_":null,"end_":null,"Shape__Len":25012.2598364,"id":709.0,"id_FID_ini":971,"id_0":966,"solic_dere":null,"tipo_via":"5","tipo_sup":"LASTRE"},"geometry":{"type":"MultiLineString","coordinates":[[[-79.3753835440579,-2.546556603157096,0.0],[-79.37492048515034,-2.546247238131473,0.0],[-79.37395006640033,-2.54574997812588,0.0],[-79.37360316300523,-2.545491114398046,0.0],[-79.37228846080275,-2.544744088637535,0.0],[-79.3719883342242,-2.544631343522302,0.0],[-79.37154668764744,-2.54455867393461,0.0],[-79.36319773784594,-2.545367934294763,0.0],[-79.36292194103702,-2.545428173249828,0.0],[-79.36272951060413,-2.545620962325219,0.0],[-79.36269525317974,-2.545861835573004,0.0],[-79.36338290545598,-2.547611573361032,0.0],[-79.36357754132733,-2.548048871236235,0.0],[-79.36418717798614,-2.549121431841779,0.0],[-79.36436138695217,-2.550087825393637,0.0],[-79.36447368958578,-2.550408982899699,0.0],[-79.36691045027058,-2.554754200466377,0.0],[-79.36915698594547,-2.558622884159659,0.0],[-79.36924144481193,-2.558933350045409,0.0],[-79.36928864641494,-2.559541701441088,0.0],[-79.36911396172607,-2.560474396639577,0.0],[-79.36897298064567,-2.560857384840147,0.0],[-79.36874853160872,-2.561900682586844,0.0],[-79.36762028865657,-2.564306765168596,0.0],[-79.36716255380314,-2.565546535878791,0.0],[-79.3666202514067,-2.566379315427207,0.0],[-79.36648099789274,-2.567030794576747,0.0],[-79.36620522329767,-2.567310536541203,0.0],[-79.36593098092938,-2.567792573097454,0.0],[-79.3649764212113,-2.56920841268093,0.0],[-79.36465769945845,-2.570344519164236,0.0],[-79.36445729583497,-2.570706956205515,0.0],[-79.36432729416823,-2.571412772617289,0.0],[-79.36408483816759,-2.571879364527966,0.0],[-79.36342109506037,-2.572633077320333,0.0],[-79.36317365678015,-2.57317504557403,0.0],[-79.3629031866336,-2.573556451312781,0.0],[-79.36264162048265,-2.573797480037985,0.0],[-79.3621909631401,-2.574104916303551,0.0],[-79.36148116440891,-2.57431265103107,0.0],[-79.3610658817105,-2.574354745936632,0.0],[-79.36056633617213,-2.574484748612221,0.0],[-79.36005971107654,-2.574392627460975,0.0],[-79.35958089356345,-2.574034493968556,0.0],[-79.35874624160174,-2.574274445323744,0.0],[-79.358395434229,-2.574327826630943,0.0],[-79.35797133235735,-2.574511318957149,0.0],[-79.3572231934728,-2.574550860701493,0.0],[-79.35656971940908,-2.574977150785383,0.0],[-79.35597098879296,-2.575973383576478,0.0],[-79.35558559796154,-2.576268436131985,0.0],[-79.35450786034815,-2.576659449557376,0.0],[-79.35420972796743,-2.576923129225985,0.0],[-79.3537382503834,-2.577238356841129,0.0],[-79.35310984038526,-2.57748159911835,0.0],[-79.35280901992002,-2.577462760315076,0.0],[-79.35166392754705,-2.576849585575569,0.0],[-79.35111089482297,-2.576860841999978,0.0],[-79.35031296949059,-2.57666170993473,0.0],[-79.34913480192243,-2.577002159119794,0.0],[-79.34826168037007,-2.577094242596379,0.0],[-79.34801304436887,-2.577060689432078,0.0],[-79.34755952510399,-2.576899403749431,0.0],[-79.34692961237863,-2.57649673500769,0.0],[-79.34673088935251,-2.576208276679998,0.0],[-79.34616903543765,-2.575758760829694,0.0],[-79.34588169418848,-2.575460834283563,0.0],[-79.3454621573167,-2.575220512267293,0.0],[-79.34518079747846,-2.574876893900623,0.0],[-79.34503145840382,-2.574871180709116,0.0],[-79.34489301926705,-2.574800820904529,0.0],[-79.34454973857338,-2.574400378358441,0.0],[-79.34399324271159,-2.57397682754207,0.0],[-79.34327116325909,-2.573307561845975,0.0],[-79.34268466944728,-2.572888826320815,0.0],[-79.3422683937887,-2.572310997639878,0.0],[-79.341809874673,-2.571830926555525,0.0],[-79.34165232735405,-2.571502267832824,0.0],[-79.34146274585208,-2.5714168437366,0.0],[-79.3406718061242,-2.571227760487672,0.0],[-79.34005083955041,-2.571129527708121,0.0],[-79.33952663945948,-2.570910844825818,0.0],[-79.3393478543883,-2.570928815211342,0.0],[-79.33906059166789,-2.571086951676152,0.0],[-79.33823144985504,-2.571258807466129,0.0],[-79.33750183734715,-2.571652873155322,0.0],[-79.3369294295692,-2.571816088480713,0.0],[-79.3365128848467,-2.57180425296505,0.0],[-79.33613307388546,-2.571725291794503,0.0],[-79.33548415485342,-2.57185791562926,0.0],[-79.33454105292294,-2.571664753452133,0.0],[-79.33329332276345,-2.571854894135015,0.0],[-79.33252466973529,-2.571851700594088,0.0],[-79.33213335444825,-2.571781168789011,0.0],[-79.33198264470865,-2.571871573626606,0.0],[-79.33199728034538,-2.572204836174966,0.0],[-79.33195430671817,-2.572330309554622,0.0],[-79.33184420070884,-2.572461638828994,0.0],[-79.33168583039256,-2.572525943615424,0.0],[-79.33151608088532,-2.572534145148948,0.0],[-79.3308948342964,-2.572396340491286,0.0],[-79.32963373272811,-2.572519171762647,0.0],[-79.32933203505262,-2.572699385051739,0.0],[-79.32887707581354,-2.572869654036315,0.0],[-79.32874573584303,-2.572983200178613,0.0],[-79.32865958781025,-2.573471985837788,0.0],[-79.32828971656191,-2.573877927385202,0.0],[-79.32812894373528,-2.57415866630616,0.0],[-79.32816964128442,-2.574255170041914,0.0],[-79.32847199772021,-2.574526139667721,0.0],[-79.32870974234764,-2.574660824323959,0.0],[-79.32872228876549,-2.574832635890472,0.0],[-79.32862275082563,-2.574920901738244,0.0],[-79.32824626444511,-2.575013021966934,0.0],[-79.3280760294668,-2.575253485858048,0.0],[-79.32770313656252,-2.575352922056136,0.0],[-79.32762242154756,-2.575465850965736,0.0],[-79.32757349364353,-2.575784356252148,0.0],[-79.3274614459207,-2.575877497804501,0.0],[-79.32737852759657,-2.575849329827608,0.0],[-79.32737832259554,-2.575687378243594,0.0],[-79.32731584245057,-2.575546573538415,0.0],[-79.32715768825754,-2.575478759171319,0.0],[-79.32672899174716,-2.575547674481875,0.0],[-79.32591378264117,-2.575530612205656,0.0],[-79.32540982876903,-2.575586872853669,0.0],[-79.32377424164224,-2.575554132809798,0.0],[-79.32354252467074,-2.575627588484276,0.0],[-79.32313967381226,-2.5759084723001,0.0],[-79.32281744489035,-2.576005455179697,0.0],[-79.32239575784713,-2.575902813260083,0.0],[-79.32209958935435,-2.575964758925026,0.0],[-79.32140677952593,-2.575596343221694,0.0],[-79.32078763761504,-2.575376660500849,0.0],[-79.32052044181499,-2.575383320420435,0.0],[-79.32032149202328,-2.57555730179462,0.0],[-79.32018504920852,-2.57557015135615,0.0],[-79.32008868294388,-2.575373289035165,0.0],[-79.31986615568812,-2.575246597759743,0.0],[-79.31962105778997,-2.574901837966038,0.0],[-79.31950211497443,-2.574824908716904,0.0],[-79.31821006550494,-2.574682227826246,0.0],[-79.31777320033629,-2.574759684014361,0.0],[-79.3175341109139,-2.574602597111924,0.0],[-79.31714783479492,-2.574444557042407,0.0],[-79.31682413597653,-2.574435881781505,0.0],[-79.316579271183,-2.574248772716957,0.0],[-79.31513268352649,-2.573839501948927,0.0],[-79.31491520990507,-2.573858430376778,0.0]],[[-79.31491879016818,-2.582752102673129,0.0],[-79.31526024033529,-2.582810628366033,0.0],[-79.31516524523342,-2.583251243252262,0.0],[-79.31531537123655,-2.583498596999479,0.0],[-79.31529020573038,-2.583608253942074,0.0],[-79.31518460867927,-2.583648041610072,0.0],[-79.31507815831098,-2.583593701002055,0.0],[-79.31491900316134,-2.583281195434157,0.0]],[[-79.31492000001677,-2.585757467516583,0.0],[-79.31498544617575,-2.585873805596643,0.0],[-79.31492011808582,-2.58605076088154,0.0]],[[-79.31492216584624,-2.591137568623684,0.0],[-79.3150837272367,-2.591415156989499,0.0],[-79.31527085310617,-2.592024431080651,0.0],[-79.31559200564516,-2.59231752510336,0.0],[-79.31589338532903,-2.592236999613965,0.0],[-79.31605039819426,-2.59226826306565,0.0],[-79.31635699142777,-2.592671383518582,0.0],[-79.31644633958007,-2.592861116544418,0.0],[-79.31652339735507,-2.593384165054533,0.0],[-79.31647051114408,-2.593739566716266,0.0],[-79.31610121894097,-2.59419452492474,0.0],[-79.31605271843424,-2.594374842221541,0.0],[-79.31613821148797,-2.594574857709783,0.0],[-79.31611973629586,-2.594871270325935,0.0],[-79.31627259396745,-2.595681355062536,0.0],[-79.31644560761461,-2.596076080522209,0.0],[-79.31653517011311,-2.596563003778532,0.0],[-79.31679883874583,-2.597183918396163,0.0],[-79.3168268308275,-2.597988664414208,0.0],[-79.31694309509835,-2.598349264569006,0.0],[-79.3169138611328,-2.598706274087683,0.0],[-79.31698875330268,-2.599770336579588,0.0],[-79.31678570727725,-2.600908567825071,0.0],[-79.31658907628362,-2.601343028480694,0.0],[-79.31638178917024,-2.602116581552863,0.0],[-79.3164735113936,-2.602858240718075,0.0],[-79.3161620056787,-2.603323968330084,0.0],[-79.31612091826332,-2.603857533040611,0.0],[-79.31574856703101,-2.605307916923419,0.0],[-79.31565041204976,-2.605531209162228,0.0],[-79.315411053242,-2.605746454765636,0.0],[-79.31528756940278,-2.605998007231209,0.0],[-79.3150306980374,-2.606717776579392,0.0],[-79.31494377385297,-2.607259347502294,0.0],[-79.31493758864215,-2.607921838822541,0.0],[-79.31498438237854,-2.60826792371519,0.0],[-79.31529554235368,-2.60877269117346,0.0],[-79.3155385633811,-2.609645916494138,0.0],[-79.31582902514559,-2.609763324884863,0.0],[-79.31606539329097,-2.610646524290874,0.0],[-79.31641431178095,-2.611057437379076,0.0],[-79.31634264949004,-2.611103660193685,0.0],[-79.31609226939237,-2.610955488232657,0.0],[-79.31594457545904,-2.610818429404287,0.0],[-79.31578680636451,-2.610552040055509,0.0],[-79.31566227706153,-2.61055479056873,0.0],[-79.31564101834707,-2.6108035721856,0.0],[-79.31548215740764,-2.611224587965084,0.0],[-79.31547122886228,-2.61146719067994,0.0],[-79.31568205670015,-2.611915895712984,0.0],[-79.31563026140245,-2.612246320721343,0.0],[-79.31566126486564,-2.612428216860138,0.0],[-79.31549067702096,-2.61292725774441,0.0],[-79.31535825947685,-2.613139169471657,0.0],[-79.31533224095034,-2.613500443857715,0.0],[-79.31520151458595,-2.614093999976192,0.0],[-79.31547912749454,-2.614470091615869,0.0],[-79.31551267125748,-2.614626902637556,0.0],[-79.31529995543512,-2.615157410103727,0.0],[-79.31522464381584,-2.615619332964241,0.0],[-79.31527480995406,-2.615678108257765,0.0],[-79.31533786912662,-2.615676193927677,0.0],[-79.31550241139627,-2.615399144129966,0.0],[-79.31577824260525,-2.615251285546313,0.0],[-79.31609445684734,-2.614944174380017,0.0],[-79.31665540820482,-2.614905880514188,0.0],[-79.3170203418377,-2.614324091872136,0.0],[-79.3171924630573,-2.614190751071283,0.0],[-79.31739185822116,-2.61416010915184,0.0],[-79.31753024228897,-2.614303098814559,0.0],[-79.31770949355506,-2.614849345241874,0.0],[-79.31781482195784,-2.614990720495429,0.0],[-79.31841951455837,-2.615249352818278,0.0],[-79.31881657893705,-2.61530220269522,0.0],[-79.31912870942583,-2.615518642110508,0.0],[-79.31946849493858,-2.615667959258669,0.0],[-79.31969601841932,-2.616422549186277,0.0],[-79.32008384424014,-2.616791289886039,0.0],[-79.32048469693393,-2.616958335337394,0.0],[-79.32055102804128,-2.617098686919294,0.0],[-79.32039986160743,-2.617130109353875,0.0],[-79.31988253042215,-2.616935339604462,0.0],[-79.31931516921895,-2.616537047925179,0.0],[-79.31911911323347,-2.61654132982886,0.0],[-79.31908383002163,-2.616605894300364,0.0],[-79.31910805005649,-2.616689228566855,0.0],[-79.31974531921814,-2.61743177340524,0.0],[-79.3201069042565,-2.617693094254442,0.0],[-79.32051215811315,-2.617830981401561,0.0],[-79.32109388366072,-2.618290021401505,0.0],[-79.32136082656498,-2.618393144500304,0.0],[-79.32207766024054,-2.618491118042523,0.0],[-79.32235481162293,-2.61848117450391,0.0],[-79.32283255278126,-2.618616247745097,0.0],[-79.32348784336908,-2.618493243090524,0.0],[-79.32367943700689,-2.618571659659125,0.0],[-79.32387090622166,-2.618817422167105,0.0],[-79.32403901872557,-2.618882867174919,0.0],[-79.32448281265742,-2.618799773968992,0.0],[-79.32477974938296,-2.618396420990616,0.0],[-79.32490618372096,-2.618407183227473,0.0],[-79.324966880084,-2.618509579184137,0.0],[-79.3248455826783,-2.618775864649089,0.0],[-79.32403869797166,-2.619659752841967,0.0],[-79.32386054031709,-2.620210110170882,0.0],[-79.32361296371181,-2.620671572928561,0.0],[-79.32348409425293,-2.620706688028148,0.0],[-79.32300565356967,-2.620589141148632,0.0],[-79.32268650785356,-2.620649789492713,0.0],[-79.32259441323151,-2.620806332330832,0.0],[-79.32218535335367,-2.621181553138882,0.0],[-79.32188310744388,-2.621578386239029,0.0],[-79.32149906959022,-2.62234432232715,0.0],[-79.3214430899337,-2.622855747393741,0.0],[-79.321172981526,-2.623627976985051,0.0],[-79.32105465010797,-2.624247150128645,0.0],[-79.3209427159841,-2.624401094766896,0.0],[-79.3203833979337,-2.624908455028103,0.0],[-79.32030685406349,-2.625038450210746,0.0],[-79.32027374419394,-2.625372026364666,0.0],[-79.32039560314169,-2.626453429846053,0.0],[-79.32040737568899,-2.627236783566999,0.0],[-79.3203908429865,-2.627954207359176,0.0],[-79.3202446668492,-2.628893970668396,0.0],[-79.32037731055176,-2.629483929372582,0.0],[-79.32062420099487,-2.63022931673008,0.0],[-79.32109432658159,-2.631122881171848,0.0],[-79.32125615935678,-2.63160663348782,0.0],[-79.32123473214328,-2.631839411577709,0.0],[-79.32101170194157,-2.632237455770687,0.0],[-79.32106720611293,-2.63261492292069,0.0],[-79.32127490382513,-2.632931547130284,0.0],[-79.32138239307353,-2.632951950399023,0.0],[-79.3215716491081,-2.632896001124245,0.0],[-79.321652312253,-2.632950188836042,0.0],[-79.32175156097593,-2.633372345474181,0.0],[-79.32180886056221,-2.63392208332908,0.0],[-79.32143920414148,-2.634818528277087,0.0],[-79.32137973014386,-2.635320332472525,0.0],[-79.32112825701361,-2.635763845986723,0.0],[-79.32087423468242,-2.635949519002963,0.0],[-79.32042141113419,-2.636063165219301,0.0],[-79.31996955824931,-2.636282445515525,0.0],[-79.3191846454037,-2.63657160349269,0.0]]]}},{"type":"Feature","properties":{"provincia":"AZUAY","canton":"CUENCA","parroquia":"MOLLETURO","desde":"VIA LA AURORA CHACANCEO","hasta":"RAMAL","estado_sup":"REGULAR","Suelo":"RURAL","ancho_via":12.0,"ancho_supe":3.3,"long_km":0.275374424457,"cod__via":"P015-2848","categoria":"VECINAL","cod__tramo":"P015-2848-1","identidad":null,"conexion":"ASENTAMIENTO HUMANO A ASENTAMIENTO HUMANO","limituso":"Actualizado abril 2021","name":"28 jul. 2020 12:20:11 p. m.","importanci":"VIA ALTERNA","cond__clim":"SECO - NUBLADO","tipo_terre":"LLANO","uso_derech":"INFRAESTRUCTURA FISICA","f__carrile":"1 CARRIL BIDIRECCIONAL","puentes":0.0,"alcantaril":0.0,"reservas":"NO","curvas":1.0,"anio":"2020:GPA-GAD PARROQUIALES","levan_orig":"GPA-Planificacion (Michelle Castro)","responsabl":"GPA-Planificacion (Michelle Castro)","ninguna2":null,"conservaci":"MANTENIMIENTO PERIODICO","dist_merc":0.0,"destino":null,"riesgos_po":null,"alt_i":0.0,"alt_f":0.0,"velocidad":0.0,"visibilida":0.0,"intersecci":0.0,"shi_contin":0.0,"shi_cont_1":0.0,"shi_segmen":0.0,"shi_segm_1":0.0,"ninguna":null,"shc_contin":0.0,"shc_cont_1":0.0,"shc_segmen":0.0,"shc_segm_1":0.0,"ninguna1":null,"shd_contin":0.0,"shd_cont_1":0.0,"shd_segmen":0.0,"shd_segm_1":0.0,"sv_regulat":0.0,"sv_informa":0.0,"ES_SEGMENT":0,"sv_prevent":0.0,"long_i":681627.1299,"long_f":681590.5572,"lat_f":9717548.5117,"lat_i":9717615.7293,"sectproduc":null,"producto":null,"lado":null,"estado":null,"tipo":null,"situacvia":null,"calzada_m":0.0,"derecho_m":0.0,"observacio":null,"begin_":null,"end_":null,"Shape__Len":275.374424457,"id":2667.0,"id_FID_ini":2889,"id_0":2892,"solic_dere":null,"tipo_via":"5","tipo_sup":"LASTRE"},"geometry":{"type":"LineString","coordinates":[[-79.3663730293487,-2.553758097746877,0.0],[-79.3656049997806,-2.554183999897187,0.0],[-79.36556999984327,-2.554284000027288,0.0],[-79.36562300037927,-2.554387000274091,0.0],[-79.36584399997768,-2.554725000353288,0.0],[-79.3659339996988,-2.554773999790266,0.0],[-79.36670112093054,-2.554366395856901,0.0]]}},{"type":"Feature","properties":{"provincia":"AZUAY","canton":"CUENCA","parroquia":"MOLLETURO","desde":"PUENTE LA Y DE LA RINCONADA","hasta":"TANQUES DE AGUA","estado_sup":"BUENO","Suelo":"RURAL","ancho_via":6.1,"ancho_supe":2.4,"long_km":1.60723656364,"cod__via":"P019-2868","categoria":"VECINAL","cod__tramo":"P019-2868-1","identidad":null,"conexion":"OTROS","limituso":"Actualizado abril 2021","name":"28 jul. 2020 3:07:36 p. m.","importanci":"CONDUCE A PLANTA DE TRATAMIENTO DE AGUA","cond__clim":"SECO - NUBLADO","tipo_terre":"MONTANOSO","uso_derech":"AGRICOLA","f__carrile":"1 CARRIL BIDIRECCIONAL","puentes":0.0,"alcantaril":0.0,"reservas":"NO","curvas":14.0,"anio":"2020:GPA-GAD PARROQUIALES","levan_orig":"GPA-Planificacion (Michelle Castro)","responsabl":"GPA-Planificacion (Michelle Castro)","ninguna2":null,"conservaci":"NINGUNA","dist_merc":0.0,"destino":null,"riesgos_po":null,"alt_i":0.0,"alt_f":0.0,"velocidad":0.0,"visibilida":0.0,"intersecci":0.0,"shi_contin":0.0,"shi_cont_1":0.0,"shi_segmen":0.0,"shi_segm_1":0.0,"ninguna":null,"shc_contin":0.0,"shc_cont_1":0.0,"shc_segmen":0.0,"shc_segm_1":0.0,"ninguna1":null,"shd_contin":0.0,"shd_cont_1":0.0,"shd_segmen":0.0,"shd_segm_1":0.0,"sv_regulat":0.0,"sv_informa":0.0,"ES_SEGMENT":0,"sv_prevent":0.0,"long_i":676866.321,"long_f":676745.0867,"lat_f":9713637.1753,"lat_i":9714667.5354,"sectproduc":null,"producto":null,"lado":null,"estado":null,"tipo":null,"situacvia":null,"calzada_m":0.0,"derecho_m":0.0,"observacio":null,"begin_":null,"end_":null,"Shape__Len":1607.23656364,"id":2691.0,"id_FID_ini":2925,"id_0":2928,"solic_dere":null,"tipo_via":"9","tipo_sup":"TIERRA"},"geometry":{"type":"LineString","coordinates":[[-79.4091494203811,-2.580474441238506,0.0],[-79.40878099980739,-2.580881000083272,0.0],[-79.40867200026331,-2.58092500039523,0.0],[-79.40849499972038,-2.580830999768601,0.0],[-79.408042999761,-2.580774999857522,0.0],[-79.4078529996957,-2.580819999654197,0.0],[-79.40770099982815,-2.581235999636743,0.0],[-79.40738000004684,-2.581520999591723,0.0],[-79.40752699994587,-2.581907000270675,0.0],[-79.40728099996369,-2.58235699961084,0.0],[-79.40748300014536,-2.582673999851568,0.0],[-79.40747999993901,-2.582810000442558,0.0],[-79.4070520003354,-2.584115999715568,0.0],[-79.4068189999561,-2.585278000371239,0.0],[-79.40668399993214,-2.585633000185084,0.0],[-79.40644099999426,-2.586044000070912,0.0],[-79.40644399970427,-2.587138999995455,0.0],[-79.40650600024973,-2.587206000184233,0.0],[-79.40666300018306,-2.587053000409501,0.0],[-79.40672900015933,-2.587133999742299,0.0],[-79.40669399955594,-2.587343999985781,0.0],[-79.40676100014306,-2.587436000347875,0.0],[-79.40741399991268,-2.588000999559512,0.0],[-79.40755400007743,-2.588269999877888,0.0],[-79.4077330004392,-2.58838900033042,0.0],[-79.40782000023235,-2.588838999822393,0.0],[-79.40775699976595,-2.58890800000937,0.0],[-79.40785299971272,-2.589194000205019,0.0],[-79.4083599997149,-2.589574999986254,0.0],[-79.40860700022857,-2.589144000325978,0.0],[-79.40894599985806,-2.589525999755962,0.0],[-79.40905600009734,-2.58949800022714,0.0],[-79.40914900036219,-2.589547000229356,0.0],[-79.40946099960836,-2.589449000091294,0.0],[-79.40970699993423,-2.589633000214657,0.0],[-79.40997600019745,-2.589617999727797,0.0],[-79.41022799959237,-2.589794000146527,0.0]]}},{"type":"Feature","properties":{"provincia":"AZUAY","canton":"CUENCA","parroquia":"MOLLETURO","desde":"ESTERO PIEDRAS","hasta":"LA RINCONADA","estado_sup":"BUENO","Suelo":"RURAL","ancho_via":5.0,"ancho_supe":4.2,"long_km":2.86595799265,"cod__via":"P015-1733","categoria":"VECINAL","cod__tramo":"P015-1733-1","identidad":"010157173351","conexion":"ASENTAMIENTO HUMANO A ASENTAMIENTO HUMANO","limituso":"Referencial","name":null,"importanci":"NORMAL","cond__clim":"SECO - NUBLADO","tipo_terre":"MONTANOSO","uso_derech":"PASTOS","f__carrile":"1 CARRIL BIDIRECCIONAL","puentes":0.0,"alcantaril":0.0,"reservas":"SI","curvas":25.0,"anio":"2017:CONGOPE","levan_orig":"CONGOPE","responsabl":"CONGOPE","ninguna2":"-","conservaci":"MANTENIMIENTO RUTINARIO","dist_merc":10.5,"destino":"PARROQUIA","riesgos_po":"NO","alt_i":146.7,"alt_f":654.7,"velocidad":0.0,"visibilida":50.0,"intersecci":0.0,"shi_contin":0.0,"shi_cont_1":0.0,"shi_segmen":0.0,"shi_segm_1":0.0,"ninguna":null,"shc_contin":0.0,"shc_cont_1":0.0,"shc_segmen":0.0,"shc_segm_1":0.0,"ninguna1":null,"shd_contin":0.0,"shd_cont_1":0.0,"shd_segmen":0.0,"shd_segm_1":0.0,"sv_regulat":0.0,"sv_informa":0.0,"ES_SEGMENT":1,"sv_prevent":0.0,"long_i":676098.2689,"long_f":677869.4226,"lat_f":9713124.8547,"lat_i":9715475.6663,"sectproduc":null,"producto":null,"lado":null,"estado":null,"tipo":null,"situacvia":null,"calzada_m":0.0,"derecho_m":0.0,"observacio":null,"begin_":null,"end_":null,"Shape__Len":2865.95799265,"id":2697.0,"id_FID_ini":2929,"id_0":2932,"solic_dere":null,"tipo_via":"5","tipo_sup":"LASTRE"},"geometry":{"type":"LineString","coordinates":[[-79.41437685515452,-2.575468942829596,0.0],[-79.41381427671028,-2.575965393022835,0.0],[-79.41262573975055,-2.576832058941373,0.0],[-79.41252843390549,-2.57708748338553,0.0],[-79.41226519001047,-2.577379856524573,0.0],[-79.41159304569776,-2.57839183951645,0.0],[-79.41040770067254,-2.579183553123116,0.0],[-79.41000301280842,-2.579682950833421,0.0],[-79.40947698996992,-2.580113043532966,0.0],[-79.4092296410132,-2.580454159575297,0.0],[-79.40893085292542,-2.580428757380967,0.0],[-79.4085675262166,-2.580484918026063,0.0],[-79.40796878747713,-2.580415415913257,0.0],[-79.40720354862368,-2.580763670426375,0.0],[-79.40694200275296,-2.581035595720683,0.0],[-79.40657825660045,-2.581803848972879,0.0],[-79.40630569975993,-2.582081832829489,0.0],[-79.40627422469626,-2.582427494581089,0.0],[-79.40639350550748,-2.582702911975872,0.0],[-79.4063981933078,-2.58289688003785,0.0],[-79.40611232819647,-2.583446804811179,0.0],[-79.40602320591165,-2.583760509586635,0.0],[-79.40568497540126,-2.584192051213443,0.0],[-79.40575954592208,-2.585217601134978,0.0],[-79.40562463819009,-2.585795240152863,0.0],[-79.40525779473381,-2.586619838488941,0.0],[-79.40510201634899,-2.58770434451146,0.0],[-79.40473010681475,-2.588173746016685,0.0],[-79.40440490633767,-2.588698968341537,0.0],[-79.40418195813201,-2.588904119065836,0.0],[-79.40415970020425,-2.589443777369473,0.0],[-79.40392735604281,-2.590249072542818,0.0],[-79.40359314261941,-2.590994291047934,0.0],[-79.40329702725185,-2.591374513260493,0.0],[-79.40256135699296,-2.591806192181625,0.0],[-79.40239432363362,-2.592035517794003,0.0],[-79.40228026912855,-2.592293286670757,0.0],[-79.40205479997411,-2.592520802550629,0.0],[-79.40180444851158,-2.592704127764923,0.0],[-79.40109480459878,-2.593042870806244,0.0],[-79.40063412096497,-2.593443899882048,0.0],[-79.40041777460189,-2.593859258554916,0.0],[-79.4003031382907,-2.594234534072814,0.0],[-79.40011174024207,-2.594414419188324,0.0]]}},{"type":"Feature","properties":{"provincia":"AZUAY","canton":"CUENCA","parroquia":"MOLLETURO","desde":"LA RINCONADA","hasta":"TRUJILLO","estado_sup":"BUENO","Suelo":"RURAL","ancho_via":5.5,"ancho_supe":2.3,"long_km":0.886580443247,"cod__via":"P019-2861","categoria":"VECINAL","cod__tramo":"P019-2861-1","identidad":null,"conexion":"OTROS","limituso":"Actualizado abril 2021","name":"28 jul. 2020 2:52:28 p. m.","importanci":"CONDUCE A PROYECTOS PRODUCTIVOS","cond__clim":"SECO - NUBLADO","tipo_terre":"ONDULADO","uso_derech":"AGRICOLA","f__carrile":"1 CARRIL BIDIRECCIONAL","puentes":0.0,"alcantaril":0.0,"reservas":"NO","curvas":7.0,"anio":"2020:GPA-GAD PARROQUIALES","levan_orig":"GPA-Planificacion (Michelle Castro)","responsabl":"GPA-Planificacion (Michelle Castro)","ninguna2":null,"conservaci":"NINGUNA","dist_merc":0.0,"destino":null,"riesgos_po":null,"alt_i":0.0,"alt_f":0.0,"velocidad":0.0,"visibilida":0.0,"intersecci":0.0,"shi_contin":0.0,"shi_cont_1":0.0,"shi_segmen":0.0,"shi_segm_1":0.0,"ninguna":null,"shc_contin":0.0,"shc_cont_1":0.0,"shc_segmen":0.0,"shc_segm_1":0.0,"ninguna1":null,"shd_contin":0.0,"shd_cont_1":0.0,"shd_segmen":0.0,"shd_segm_1":0.0,"sv_regulat":0.0,"sv_informa":0.0,"ES_SEGMENT":0,"sv_prevent":0.0,"long_i":677186.0354,"long_f":677828.4711,"lat_f":9714448.3226,"lat_i":9714470.6812,"sectproduc":null,"producto":null,"lado":null,"estado":null,"tipo":null,"situacvia":null,"calzada_m":0.0,"derecho_m":0.0,"observacio":null,"begin_":null,"end_":null,"Shape__Len":886.580443247,"id":2690.0,"id_FID_ini":2923,"id_0":2926,"solic_dere":null,"tipo_via":"9","tipo_sup":"TIERRA"},"geometry":{"type":"LineString","coordinates":[[-79.40627223066012,-2.582251094445347,0.0],[-79.40580499965749,-2.58251599973413,0.0],[-79.40553400042012,-2.582802999864076,0.0],[-79.40511899969998,-2.582903999882305,0.0],[-79.40469900022953,-2.58314400007903,0.0],[-79.40427900000132,-2.583148999986313,0.0],[-79.40397500040243,-2.583212000040688,0.0],[-79.40370499974637,-2.583061999945096,0.0],[-79.40359100018063,-2.583073000384925,0.0],[-79.40328000032771,-2.582989000248883,0.0],[-79.40272100043542,-2.582697000283125,0.0],[-79.40247099992132,-2.582849999635619,0.0],[-79.40194299999509,-2.582734000003503,0.0],[-79.40172000029598,-2.582778000024118,0.0],[-79.4012520001815,-2.582525999724017,0.0],[-79.40113599976638,-2.582553000074096,0.0],[-79.401004999615,-2.582752999915698,0.0],[-79.40098299958314,-2.58295599992847,0.0],[-79.4008839999584,-2.58295500015354,0.0],[-79.40085499998793,-2.582737000128251,0.0],[-79.40043200030155,-2.582533999597098,0.0],[-79.40032100000526,-2.582352999909376,0.0],[-79.40013700008218,-2.582202999725861,0.0],[-79.40021400032971,-2.582138999794577,0.0],[-79.40030900019957,-2.582154999652331,0.0],[-79.40028699997949,-2.582246000108172,0.0],[-79.4004949999016,-2.582446000131042,0.0]]}},{"type":"Feature","properties":{"provincia":"AZUAY","canton":"CUENCA","parroquia":"MOLLETURO","desde":"LUZ DE AMERICA","hasta":"LUZ DE AMERICA","estado_sup":"REGULAR","Suelo":"RURAL","ancho_via":4.0,"ancho_supe":2.6,"long_km":0.0775890159157,"cod__via":"P015-2867","categoria":"VECINAL","cod__tramo":"P015-2867-1","identidad":null,"conexion":"ASENTAMIENTO HUMANO A ASENTAMIENTO HUMANO","limituso":"Actualizado abril 2021","name":"9 jul. 2020 5:44:26 p. m.","importanci":"CONDUCE A VIVIENDAS","cond__clim":"SECO - NUBLADO","tipo_terre":"LLANO","uso_derech":"INFRAESTRUCTURA FISICA","f__carrile":"1 CARRIL BIDIRECCIONAL","puentes":0.0,"alcantaril":0.0,"reservas":"NO","curvas":0.0,"anio":"2020:GPA-GAD PARROQUIALES","levan_orig":"GPA-Planificacion (Michelle Castro - Silvia Culcay)","responsabl":"GPA-Planificacion (Michelle Castro - Silvia Culcay)","ninguna2":null,"conservaci":"MEJORAMIENTO","dist_merc":0.0,"destino":null,"riesgos_po":null,"alt_i":0.0,"alt_f":0.0,"velocidad":0.0,"visibilida":0.0,"intersecci":0.0,"shi_contin":0.0,"shi_cont_1":0.0,"shi_segmen":0.0,"shi_segm_1":0.0,"ninguna":null,"shc_contin":0.0,"shc_cont_1":0.0,"shc_segmen":0.0,"shc_segm_1":0.0,"ninguna1":null,"shd_contin":0.0,"shd_cont_1":0.0,"shd_segmen":0.0,"shd_segm_1":0.0,"sv_regulat":0.0,"sv_informa":0.0,"ES_SEGMENT":0,"sv_prevent":0.0,"long_i":674197.7658,"long_f":674261.9387,"lat_f":9714620.0802,"lat_i":9714663.6486,"sectproduc":null,"producto":null,"lado":null,"estado":null,"tipo":null,"situacvia":null,"calzada_m":0.0,"derecho_m":0.0,"observacio":null,"begin_":null,"end_":null,"Shape__Len":77.5890159157,"id":2704.0,"id_FID_ini":2937,"id_0":2940,"solic_dere":null,"tipo_via":"5","tipo_sup":"LASTRE"},"geometry":{"type":"LineString","coordinates":[[-79.43314601427623,-2.580539541544546,0.0],[-79.43256846177525,-2.580932847138249,0.0]]}},{"type":"Feature","properties":{"provincia":"AZUAY","canton":"CUENCA","parroquia":"MOLLETURO","desde":"LUZ DE AMERICA","hasta":"CENTRO","estado_sup":"REGULAR","Suelo":"RURAL","ancho_via":4.0,"ancho_supe":2.5,"long_km":0.124539360664,"cod__via":"P015-2866","categoria":"VECINAL","cod__tramo":"P015-2866-1","identidad":null,"conexion":"ASENTAMIENTO HUMANO A ASENTAMIENTO HUMANO","limituso":"Actualizado abril 2021","name":"2020-07-09 22:44:10","importanci":"CONDUCE A VIVIENDAS","cond__clim":"SECO - NUBLADO","tipo_terre":"LLANO","uso_derech":"INFRAESTRUCTURA FISICA","f__carrile":"1 CARRIL BIDIRECCIONAL","puentes":0.0,"alcantaril":0.0,"reservas":"NO","curvas":0.0,"anio":"2020:GPA-GAD PARROQUIALES","levan_orig":"GPA-Planificacion (Rene Chacho)","responsabl":"GPA-Planificacion (Rene Chacho)","ninguna2":null,"conservaci":"MEJORAMIENTO","dist_merc":0.0,"destino":null,"riesgos_po":null,"alt_i":0.0,"alt_f":0.0,"velocidad":0.0,"visibilida":0.0,"intersecci":0.0,"shi_contin":0.0,"shi_cont_1":0.0,"shi_segmen":0.0,"shi_segm_1":0.0,"ninguna":null,"shc_contin":0.0,"shc_cont_1":0.0,"shc_segmen":0.0,"shc_segm_1":0.0,"ninguna1":null,"shd_contin":0.0,"shd_cont_1":0.0,"shd_segmen":0.0,"shd_segm_1":0.0,"sv_regulat":0.0,"sv_informa":0.0,"ES_SEGMENT":0,"sv_prevent":0.0,"long_i":674282.9252,"long_f":674180.6812,"lat_f":9714723.9745,"lat_i":9714653.0171,"sectproduc":null,"producto":null,"lado":null,"estado":null,"tipo":null,"situacvia":null,"calzada_m":0.0,"derecho_m":0.0,"observacio":null,"begin_":null,"end_":null,"Shape__Len":124.539360664,"id":2705.0,"id_FID_ini":2938,"id_0":2941,"solic_dere":null,"tipo_via":"5","tipo_sup":"LASTRE"},"geometry":{"type":"LineString","coordinates":[[-79.43238010727542,-2.580634741130421,0.0],[-79.43330031418894,-2.579994160983565,0.0]]}},{"type":"Feature","properties":{"provincia":"AZUAY","canton":"CUENCA","parroquia":"MOLLETURO","desde":"VIA PRINCIPAL","hasta":"VIRGEN DEL CISNE","estado_sup":"REGULAR","Suelo":"RURAL","ancho_via":5.7,"ancho_supe":2.5,"long_km":0.293097879908,"cod__via":"P019-2865","categoria":"VECINAL","cod__tramo":"P019-2865-1","identidad":null,"conexion":"OTROS","limituso":"Actualizado abril 2021","name":"28 jul. 2020 4:33:13 p. m.","importanci":"CONDUCE A PROYECTOS PRODUCTIVOS","cond__clim":"SECO - NUBLADO","tipo_terre":"ONDULADO","uso_derech":"AGRICOLA","f__carrile":"1 CARRIL BIDIRECCIONAL","puentes":0.0,"alcantaril":0.0,"reservas":"NO","curvas":1.0,"anio":"2020:GPA-GAD PARROQUIALES","levan_orig":"GPA-Planificacion (Michelle Castro)","responsabl":"GPA-Planificacion (Michelle Castro)","ninguna2":null,"conservaci":"NINGUNA","dist_merc":0.0,"destino":null,"riesgos_po":null,"alt_i":0.0,"alt_f":0.0,"velocidad":0.0,"visibilida":0.0,"intersecci":0.0,"shi_contin":0.0,"shi_cont_1":0.0,"shi_segmen":0.0,"shi_segm_1":0.0,"ninguna":null,"shc_contin":0.0,"shc_cont_1":0.0,"shc_segmen":0.0,"shc_segm_1":0.0,"ninguna1":null,"shd_contin":0.0,"shd_cont_1":0.0,"shd_segmen":0.0,"shd_segm_1":0.0,"sv_regulat":0.0,"sv_informa":0.0,"ES_SEGMENT":0,"sv_prevent":0.0,"long_i":674965.1768,"long_f":675203.8143,"lat_f":9714823.4622,"lat_i":9714940.1378,"sectproduc":null,"producto":null,"lado":null,"estado":null,"tipo":null,"situacvia":null,"calzada_m":0.0,"derecho_m":0.0,"observacio":null,"begin_":null,"end_":null,"Shape__Len":293.097879908,"id":2070.0,"id_FID_ini":2304,"id_0":2306,"solic_dere":null,"tipo_via":"9","tipo_sup":"LASTRE"},"geometry":{"type":"LineString","coordinates":[[-79.4262482155163,-2.578030491582858,0.0],[-79.42599300020032,-2.578087999828541,0.0],[-79.42557000033567,-2.577980999684218,0.0],[-79.42519300007612,-2.578075999837007,0.0],[-79.42451600041989,-2.578497000187115,0.0],[-79.42428300029734,-2.57872299985519,0.0],[-79.42420800020746,-2.578939999594389,0.0],[-79.42410100002887,-2.579083000102231,0.0]]}},{"type":"Feature","properties":{"provincia":"AZUAY","canton":"CUENCA","parroquia":"MOLLETURO","desde":"ESTERO PIEDRAS","hasta":"LA RINCONADA","estado_sup":"REGULAR","Suelo":"RURAL","ancho_via":5.0,"ancho_supe":4.2,"long_km":0.31746116159,"cod__via":"P015-1733","categoria":"VECINAL","cod__tramo":"P015-1733-1","identidad":"010157173351","conexion":"ASENTAMIENTO HUMANO A ASENTAMIENTO HUMANO","limituso":"Referencial","name":null,"importanci":"NORMAL","cond__clim":"SECO - NUBLADO","tipo_terre":"MONTANOSO","uso_derech":"PASTOS","f__carrile":"1 CARRIL BIDIRECCIONAL","puentes":0.0,"alcantaril":0.0,"reservas":"SI","curvas":25.0,"anio":"2017:CONGOPE","levan_orig":"CONGOPE","responsabl":"CONGOPE","ninguna2":"-","conservaci":"MANTENIMIENTO RUTINARIO","dist_merc":10.5,"destino":"PARROQUIA","riesgos_po":"NO","alt_i":146.7,"alt_f":654.7,"velocidad":0.0,"visibilida":50.0,"intersecci":0.0,"shi_contin":0.0,"shi_cont_1":0.0,"shi_segmen":0.0,"shi_segm_1":0.0,"ninguna":null,"shc_contin":0.0,"shc_cont_1":0.0,"shc_segmen":0.0,"shc_segm_1":0.0,"ninguna1":null,"shd_contin":0.0,"shd_cont_1":0.0,"shd_segmen":0.0,"shd_segm_1":0.0,"sv_regulat":0.0,"sv_informa":0.0,"ES_SEGMENT":1,"sv_prevent":0.0,"long_i":676098.2689,"long_f":677869.4226,"lat_f":9713124.8547,"lat_i":9715475.6663,"sectproduc":null,"producto":null,"lado":null,"estado":null,"tipo":null,"situacvia":null,"calzada_m":0.0,"derecho_m":0.0,"observacio":null,"begin_":null,"end_":null,"Shape__Len":317.46116159,"id":2697.0,"id_FID_ini":2929,"id_0":2932,"solic_dere":null,"tipo_via":"5","tipo_sup":"LASTRE"},"geometry":{"type":"LineString","coordinates":[[-79.41606503511629,-2.573174654693867,0.0],[-79.41514015464561,-2.574353765108575,0.0],[-79.41458931760451,-2.575255875947837,0.0],[-79.41437685515452,-2.575468942829596,0.0]]}},{"type":"Feature","properties":{"provincia":"AZUAY","canton":"CUENCA","parroquia":"MOLLETURO","desde":"ESTERO PIEDRAS","hasta":"INTERNA ESTERO PIEDRAS","estado_sup":"REGULAR","Suelo":"RURAL","ancho_via":5.2,"ancho_supe":4.6,"long_km":0.349977208791,"cod__via":"P015-1734","categoria":"VECINAL","cod__tramo":"P015-1734-1","identidad":"010157173451","conexion":"ASENTAMIENTO HUMANO A ASENTAMIENTO HUMANO","limituso":"Referencial","name":null,"importanci":"NORMAL","cond__clim":"SECO - NUBLADO","tipo_terre":"LLANO","uso_derech":"AGRICOLA","f__carrile":"1 CARRIL BIDIRECCIONAL","puentes":0.0,"alcantaril":0.0,"reservas":"NO","curvas":1.0,"anio":"2017:CONGOPE","levan_orig":"CONGOPE","responsabl":"CONGOPE","ninguna2":"-","conservaci":"MANTENIMIENTO RUTINARIO","dist_merc":10.5,"destino":"PARROQUIA","riesgos_po":"NO","alt_i":155.1,"alt_f":151.7,"velocidad":0.0,"visibilida":100.0,"intersecci":0.0,"shi_contin":0.0,"shi_cont_1":0.0,"shi_segmen":0.0,"shi_segm_1":0.0,"ninguna":null,"shc_contin":0.0,"shc_cont_1":0.0,"shc_segmen":0.0,"shc_segm_1":0.0,"ninguna1":null,"shd_contin":0.0,"shd_cont_1":0.0,"shd_segmen":0.0,"shd_segm_1":0.0,"sv_regulat":0.0,"sv_informa":0.0,"ES_SEGMENT":0,"sv_prevent":0.0,"long_i":676234.398,"long_f":675961.7176,"lat_f":9715401.5018,"lat_i":9715386.6698,"sectproduc":null,"producto":null,"lado":null,"estado":null,"tipo":null,"situacvia":null,"calzada_m":0.0,"derecho_m":0.0,"observacio":null,"begin_":null,"end_":null,"Shape__Len":349.977208791,"id":2698.0,"id_FID_ini":2924,"id_0":2927,"solic_dere":null,"tipo_via":"5","tipo_sup":"LASTRE"},"geometry":{"type":"LineString","coordinates":[[-79.41483992774752,-2.573977978511565,0.0],[-79.41535190334187,-2.574317821636065,0.0],[-79.41596335755976,-2.574570436257616,0.0],[-79.41665961670492,-2.574775211645562,0.0],[-79.41680861448882,-2.574652556671543,0.0],[-79.41729211793303,-2.573846905405274,0.0]]}},{"type":"Feature","properties":{"provincia":"AZUAY","canton":"CUENCA","parroquia":"MOLLETURO","desde":"ESTERO PIEDRAS","hasta":"VIA PRINCIPAL","estado_sup":"REGULAR","Suelo":"RURAL","ancho_via":6.0,"ancho_supe":4.2,"long_km":0.272163355814,"cod__via":"P015-2864","categoria":"VECINAL","cod__tramo":"P015-2864-1","identidad":null,"conexion":"ASENTAMIENTO HUMANO A ASENTAMIENTO HUMANO","limituso":"Actualizado abril 2021","name":"28 jul. 2020 4:29:21 p. m.","importanci":"VIA ALTERNA","cond__clim":"SECO - NUBLADO","tipo_terre":"LLANO","uso_derech":"INFRAESTRUCTURA FISICA","f__carrile":"1 CARRIL BIDIRECCIONAL","puentes":0.0,"alcantaril":0.0,"reservas":"NO","curvas":2.0,"anio":"2020:GPA-GAD PARROQUIALES","levan_orig":"GPA-Planificacion (Michelle Castro)","responsabl":"GPA-Planificacion (Michelle Castro)","ninguna2":null,"conservaci":"MANTENIMIENTO PERIODICO","dist_merc":0.0,"destino":null,"riesgos_po":null,"alt_i":0.0,"alt_f":0.0,"velocidad":0.0,"visibilida":0.0,"intersecci":0.0,"shi_contin":0.0,"shi_cont_1":0.0,"shi_segmen":0.0,"shi_segm_1":0.0,"ninguna":null,"shc_contin":0.0,"shc_cont_1":0.0,"shc_segmen":0.0,"shc_segm_1":0.0,"ninguna1":null,"shd_contin":0.0,"shd_cont_1":0.0,"shd_segmen":0.0,"shd_segm_1":0.0,"sv_regulat":0.0,"sv_informa":0.0,"ES_SEGMENT":0,"sv_prevent":0.0,"long_i":675768.58,"long_f":675709.4639,"lat_f":9715323.4635,"lat_i":9715336.4241,"sectproduc":null,"producto":null,"lado":null,"estado":null,"tipo":null,"situacvia":null,"calzada_m":0.0,"derecho_m":0.0,"observacio":null,"begin_":null,"end_":null,"Shape__Len":272.163355814,"id":1898.0,"id_FID_ini":2128,"id_0":2122,"solic_dere":null,"tipo_via":"5","tipo_sup":"LASTRE"},"geometry":{"type":"LineString","coordinates":[[-79.41902814587117,-2.574437612313055,0.0],[-79.41914500000833,-2.574388999918361,144.52000000000407],[-79.41951499997299,-2.573650000171939,143.91999999999825],[-79.41959000020287,-2.573586000160345,143.82000000000698],[-79.42000800035648,-2.573702999902825,143.47999999999593],[-79.41955959231774,-2.574555486327588,143.20990000000165]]}},{"type":"Feature","properties":{"provincia":"AZUAY","canton":"CUENCA","parroquia":"MOLLETURO","desde":"ESTERO PIEDRAS","hasta":"TRES RANCHOS ALTO","estado_sup":"MALO","Suelo":"RURAL","ancho_via":5.4,"ancho_supe":3.2,"long_km":0.241903366021,"cod__via":"P015-2862","categoria":"VECINAL","cod__tramo":"P015-2862-1","identidad":null,"conexion":"ASENTAMIENTO HUMANO A ASENTAMIENTO HUMANO","limituso":"Actualizado abril 2021","name":"9 jul. 2020 5:34:45 p. m.","importanci":"CONDUCE A PROYECTOS PRODUCTIVOS","cond__clim":"SECO - NUBLADO","tipo_terre":"LLANO","uso_derech":"AGRICOLA","f__carrile":"1 CARRIL BIDIRECCIONAL","puentes":0.0,"alcantaril":0.0,"reservas":"NO","curvas":1.0,"anio":"2020:GPA-GAD PARROQUIALES","levan_orig":"GPA-Planificacion (Michelle Castro - Silvia Culcay)","responsabl":"GPA-Planificacion (Michelle Castro - Silvia Culcay)","ninguna2":null,"conservaci":"MEJORAMIENTO","dist_merc":0.0,"destino":null,"riesgos_po":null,"alt_i":0.0,"alt_f":0.0,"velocidad":0.0,"visibilida":0.0,"intersecci":0.0,"shi_contin":0.0,"shi_cont_1":0.0,"shi_segmen":0.0,"shi_segm_1":0.0,"ninguna":null,"shc_contin":0.0,"shc_cont_1":0.0,"shc_segmen":0.0,"shc_segm_1":0.0,"ninguna1":null,"shd_contin":0.0,"shd_cont_1":0.0,"shd_segmen":0.0,"shd_segm_1":0.0,"sv_regulat":0.0,"sv_informa":0.0,"ES_SEGMENT":0,"sv_prevent":0.0,"long_i":676119.6775,"long_f":676304.3808,"lat_f":9715433.0849,"lat_i":9715492.6469,"sectproduc":null,"producto":null,"lado":null,"estado":null,"tipo":null,"situacvia":null,"calzada_m":0.0,"derecho_m":0.0,"observacio":null,"begin_":null,"end_":null,"Shape__Len":241.903366021,"id":2693.0,"id_FID_ini":137,"id_0":139,"solic_dere":null,"tipo_via":"5","tipo_sup":"LASTRE"},"geometry":{"type":"LineString","coordinates":[[-79.41587271221475,-2.573020847722708,0.0],[-79.41484004193627,-2.573977989506678,0.0],[-79.41464600028534,-2.573892999744745,0.0],[-79.41421114057944,-2.573557430230458,0.0]]}},{"type":"Feature","properties":{"provincia":"AZUAY","canton":"CUENCA","parroquia":"MOLLETURO","desde":"ARTEAGA","hasta":"TRES RANCHOS","estado_sup":"MALO","Suelo":"RURAL","ancho_via":5.5,"ancho_supe":2.8,"long_km":0.909876297837,"cod__via":"P019-2860","categoria":"VECINAL","cod__tramo":"P019-2860-1","identidad":null,"conexion":"OTROS","limituso":"Actualizado abril 2021","name":"9 jul. 2020 4:39:03 p. m.","importanci":"CONDUCE A PROYECTOS PRODUCTIVOS","cond__clim":"SECO - NUBLADO","tipo_terre":"LLANO","uso_derech":"AGRICOLA","f__carrile":"1 CARRIL BIDIRECCIONAL","puentes":0.0,"alcantaril":2.0,"reservas":"NO","curvas":1.0,"anio":"2020:GPA-GAD PARROQUIALES","levan_orig":"GPA-Planificacion (Michelle Castro - Silvia Culcay)","responsabl":"GPA-Planificacion (Michelle Castro - Silvia Culcay)","ninguna2":null,"conservaci":"MEJORAMIENTO","dist_merc":0.0,"destino":null,"riesgos_po":null,"alt_i":0.0,"alt_f":0.0,"velocidad":0.0,"visibilida":0.0,"intersecci":0.0,"shi_contin":0.0,"shi_cont_1":0.0,"shi_segmen":0.0,"shi_segm_1":0.0,"ninguna":null,"shc_contin":0.0,"shc_cont_1":0.0,"shc_segmen":0.0,"shc_segm_1":0.0,"ninguna1":null,"shd_contin":0.0,"shd_cont_1":0.0,"shd_segmen":0.0,"shd_segm_1":0.0,"sv_regulat":0.0,"sv_informa":0.0,"ES_SEGMENT":0,"sv_prevent":0.0,"long_i":678965.9012,"long_f":679246.5882,"lat_f":9715504.2425,"lat_i":9716174.2445,"sectproduc":null,"producto":null,"lado":null,"estado":null,"tipo":null,"situacvia":null,"calzada_m":0.0,"derecho_m":0.0,"observacio":null,"begin_":null,"end_":null,"Shape__Len":909.876297837,"id":2692.0,"id_FID_ini":2926,"id_0":2929,"solic_dere":null,"tipo_via":"9","tipo_sup":"LASTRE"},"geometry":{"type":"LineString","coordinates":[[-79.39028651205672,-2.566824579745056,0.0],[-79.39069499957253,-2.568865000377597,0.0],[-79.39105300034394,-2.570358000149081,0.0],[-79.39096899993858,-2.570424000299838,0.0],[-79.39085999960717,-2.570426000090292,0.0],[-79.39068800035606,-2.570327999633595,0.0],[-79.39034300029058,-2.570479999616234,0.0],[-79.38942500017681,-2.571086999800276,0.0],[-79.38879099981777,-2.571209999713048,0.0],[-79.38849099968189,-2.571703999602654,0.0],[-79.38804799971615,-2.572052999810672,0.0],[-79.38791400034383,-2.5726369998098,0.0],[-79.38775493377251,-2.572880562699662,0.0]]}},{"type":"Feature","properties":{"provincia":"AZUAY","canton":"CUENCA","parroquia":"MOLLETURO","desde":"ESTERO PIEDRAS","hasta":"ZONAS PRODUCTIVAS","estado_sup":"REGULAR","Suelo":"RURAL","ancho_via":6.0,"ancho_supe":4.2,"long_km":1.13644125079,"cod__via":"P015-2863","categoria":"VECINAL","cod__tramo":"P015-2863-1","identidad":null,"conexion":"ASENTAMIENTO HUMANO A ASENTAMIENTO HUMANO","limituso":"Actualizado abril 2021","name":"28 jul. 2020 4:25:55 p. m.","importanci":"CONDUCE A PROYECTOS PRODUCTIVOS","cond__clim":"SECO - NUBLADO","tipo_terre":"LLANO","uso_derech":"AGRICOLA","f__carrile":"1 CARRIL BIDIRECCIONAL","puentes":0.0,"alcantaril":0.0,"reservas":"NO","curvas":0.0,"anio":"2020:GPA-GAD PARROQUIALES","levan_orig":"GPA-Planificacion (Michelle Castro)","responsabl":"GPA-Planificacion (Michelle Castro)","ninguna2":null,"conservaci":"MANTENIMIENTO PERIODICO","dist_merc":0.0,"destino":null,"riesgos_po":null,"alt_i":0.0,"alt_f":0.0,"velocidad":0.0,"visibilida":0.0,"intersecci":0.0,"shi_contin":0.0,"shi_cont_1":0.0,"shi_segmen":0.0,"shi_segm_1":0.0,"ninguna":null,"shc_contin":0.0,"shc_cont_1":0.0,"shc_segmen":0.0,"shc_segm_1":0.0,"ninguna1":null,"shd_contin":0.0,"shd_cont_1":0.0,"shd_segmen":0.0,"shd_segm_1":0.0,"sv_regulat":0.0,"sv_informa":0.0,"ES_SEGMENT":0,"sv_prevent":0.0,"long_i":676083.6833,"long_f":675443.2112,"lat_f":9716351.2651,"lat_i":9715463.9777,"sectproduc":null,"producto":null,"lado":null,"estado":null,"tipo":null,"situacvia":null,"calzada_m":0.0,"derecho_m":0.0,"observacio":null,"begin_":null,"end_":null,"Shape__Len":1136.44125079,"id":1894.0,"id_FID_ini":2125,"id_0":2119,"solic_dere":null,"tipo_via":"5","tipo_sup":"LASTRE"},"geometry":{"type":"LineString","coordinates":[[-79.4161960626909,-2.573280526062713,0.0],[-79.41645382184014,-2.572890762870675,0.0],[-79.41691903878966,-2.572584092025877,0.0],[-79.41742266840618,-2.571946694715224,0.0],[-79.41790266305541,-2.571509202238082,0.0],[-79.41808188379316,-2.570789074379123,0.0],[-79.41811203830723,-2.57004229893148,0.0],[-79.41817381955818,-2.569727773581979,0.0],[-79.41861628450295,-2.568902125869498,0.0],[-79.41876891830692,-2.56840542002562,0.0],[-79.418883180859,-2.568205628171962,0.0],[-79.42043463188494,-2.56658161932351,0.0],[-79.42196524032686,-2.565263362843445,0.0]]}},{"type":"Feature","properties":{"provincia":"AZUAY","canton":"CUENCA","parroquia":"MOLLETURO","desde":"TRES RANCHOS","hasta":"TRES RANCHOS BAJO","estado_sup":"BUENO","Suelo":"RURAL","ancho_via":6.3,"ancho_supe":3.2,"long_km":0.587731911514,"cod__via":"P019-2859","categoria":"VECINAL","cod__tramo":"P019-2859-1","identidad":null,"conexion":"OTROS","limituso":"Actualizado abril 2021","name":"28 jul. 2020 1:48:44 p. m.","importanci":"CONDUCE A PROYECTOS PRODUCTIVOS","cond__clim":"SECO - NUBLADO","tipo_terre":"LLANO","uso_derech":"AGRICOLA","f__carrile":"1 CARRIL BIDIRECCIONAL","puentes":0.0,"alcantaril":0.0,"reservas":"NO","curvas":3.0,"anio":"2020:GPA-GAD PARROQUIALES","levan_orig":"GPA-Planificacion (Michelle Castro)","responsabl":"GPA-Planificacion (Michelle Castro)","ninguna2":null,"conservaci":"NINGUNA","dist_merc":0.0,"destino":null,"riesgos_po":null,"alt_i":0.0,"alt_f":0.0,"velocidad":0.0,"visibilida":0.0,"intersecci":0.0,"shi_contin":0.0,"shi_cont_1":0.0,"shi_segmen":0.0,"shi_segm_1":0.0,"ninguna":null,"shc_contin":0.0,"shc_cont_1":0.0,"shc_segmen":0.0,"shc_segm_1":0.0,"ninguna1":null,"shd_contin":0.0,"shd_cont_1":0.0,"shd_segmen":0.0,"shd_segm_1":0.0,"sv_regulat":0.0,"sv_informa":0.0,"ES_SEGMENT":0,"sv_prevent":0.0,"long_i":676781.1124,"long_f":676366.4342,"lat_f":9716518.1994,"lat_i":9716277.2727,"sectproduc":null,"producto":null,"lado":null,"estado":null,"tipo":null,"situacvia":null,"calzada_m":0.0,"derecho_m":0.0,"observacio":null,"begin_":null,"end_":null,"Shape__Len":587.731911514,"id":2689.0,"id_FID_ini":2922,"id_0":2925,"solic_dere":null,"tipo_via":"9","tipo_sup":"LASTRE"},"geometry":{"type":"LineString","coordinates":[[-79.40993368338998,-2.565917546532995,0.0],[-79.41009799994062,-2.565797000317444,0.0],[-79.41038500001288,-2.565704999854267,0.0],[-79.41067000004787,-2.565433999617596,0.0],[-79.41103399972575,-2.564816000134271,0.0],[-79.41119899964481,-2.564440999787696,0.0],[-79.41118700019491,-2.564000999761822,0.0],[-79.41130300009935,-2.563709999746467,0.0],[-79.4114010002467,-2.563660999649485,0.0],[-79.41222999961434,-2.563631999679649,0.0],[-79.41263599970625,-2.563914999672033,0.0],[-79.41275800037143,-2.563921999623265,0.0],[-79.41334700007198,-2.563720999696967,0.0],[-79.41366524905517,-2.563743346986441,0.0]]}},{"type":"Feature","properties":{"provincia":"AZUAY","canton":"CUENCA","parroquia":"MOLLETURO","desde":"RECINTO ESTERO DE PIEDRAS","hasta":"SAN CARLOS RURAL","estado_sup":"BUENO","Suelo":"RURAL","ancho_via":5.0,"ancho_supe":4.2,"long_km":2.97251920698,"cod__via":"P015-1745","categoria":"VECINAL","cod__tramo":"P015-1745-1","identidad":"010157174551","conexion":"ASENTAMIENTO HUMANO A ASENTAMIENTO HUMANO","limituso":"Referencial","name":null,"importanci":"NORMAL","cond__clim":"SECO - NUBLADO","tipo_terre":"LLANO","uso_derech":"AGRICOLA","f__carrile":"1 CARRIL BIDIRECCIONAL","puentes":0.0,"alcantaril":0.0,"reservas":"NO","curvas":10.0,"anio":"2017:CONGOPE","levan_orig":"CONGOPE","responsabl":"CONGOPE","ninguna2":"-","conservaci":"MANTENIMIENTO RUTINARIO","dist_merc":8.5,"destino":"PARROQUIA","riesgos_po":"NO","alt_i":97.85,"alt_f":154.1,"velocidad":0.0,"visibilida":100.0,"intersecci":0.0,"shi_contin":0.0,"shi_cont_1":0.0,"shi_segmen":0.0,"shi_segm_1":0.0,"ninguna":null,"shc_contin":0.0,"shc_cont_1":0.0,"shc_segmen":0.0,"shc_segm_1":0.0,"ninguna1":null,"shd_contin":0.0,"shd_cont_1":0.0,"shd_segmen":0.0,"shd_segm_1":0.0,"sv_regulat":0.0,"sv_informa":0.0,"ES_SEGMENT":0,"sv_prevent":0.0,"long_i":674953.0117,"long_f":676453.7957,"lat_f":9715779.0526,"lat_i":9718050.1723,"sectproduc":null,"producto":null,"lado":null,"estado":null,"tipo":null,"situacvia":null,"calzada_m":0.0,"derecho_m":0.0,"observacio":null,"begin_":null,"end_":null,"Shape__Len":2972.51920698,"id":2701.0,"id_FID_ini":2933,"id_0":2936,"solic_dere":null,"tipo_via":"5","tipo_sup":"LASTRE"},"geometry":{"type":"LineString","coordinates":[[-79.426391977907,-2.549904417968508,0.0],[-79.42485620759167,-2.551020091647322,0.0],[-79.42374182594857,-2.55174876403129,0.0],[-79.42226906348347,-2.552842782881346,0.0],[-79.42170208509414,-2.553161713484684,0.0],[-79.41947648003696,-2.554760125435914,0.0],[-79.41856436785528,-2.555295534756342,0.0],[-79.41802615410936,-2.555676186804662,0.0],[-79.41773142192748,-2.556271138758166,0.0],[-79.41767073110658,-2.557073858708903,0.0],[-79.41748246933835,-2.557622677570048,0.0],[-79.41710041207948,-2.558181411959834,0.0],[-79.41664880098988,-2.55849866337964,0.0],[-79.41645542355523,-2.558814456176872,0.0],[-79.41628391967683,-2.559653887190296,0.0],[-79.4162089836185,-2.559810871771345,0.0],[-79.41605021415539,-2.559969176582115,0.0],[-79.41594532475386,-2.560323259540184,0.0],[-79.41596986174083,-2.56086721225343,0.0],[-79.41587868476313,-2.560981646012404,0.0],[-79.41555675151183,-2.561149885790715,0.0],[-79.41510060236382,-2.561475138282639,0.0],[-79.41487225772896,-2.562028382392082,0.0],[-79.41454400585661,-2.562393518684046,0.0],[-79.41431731991463,-2.562774900629916,0.0],[-79.41417124611999,-2.563293878074581,0.0],[-79.41365414230155,-2.563762689284002,0.0],[-79.41313379381647,-2.565132409310027,0.0],[-79.41299118750163,-2.565861045827221,0.0],[-79.41279784179605,-2.566362444197595,0.0],[-79.4126279182717,-2.566626023675332,0.0],[-79.41251286703208,-2.567152737787574,0.0],[-79.41252919240738,-2.567783639554115,0.0],[-79.41268347686056,-2.568510702028005,0.0],[-79.41286755553134,-2.569812754622172,0.0],[-79.41287142687328,-2.57042694363278,0.0]]}},{"type":"Feature","properties":{"provincia":"AZUAY","canton":"CUENCA","parroquia":"MOLLETURO","desde":"TAMARINDO","hasta":"JESUS DEL GRAN PODER","estado_sup":"REGULAR","Suelo":"RURAL","ancho_via":6.0,"ancho_supe":5.2,"long_km":5.67665641058,"cod__via":"P015-1735","categoria":"VECINAL","cod__tramo":"P015-1735-1","identidad":"010157173551","conexion":"ASENTAMIENTO HUMANO A ASENTAMIENTO HUMANO","limituso":"Referencial","name":null,"importanci":"NORMAL","cond__clim":"SECO - NUBLADO","tipo_terre":"ONDULADO","uso_derech":"AGRICOLA","f__carrile":"1 CARRIL BIDIRECCIONAL","puentes":0.0,"alcantaril":0.0,"reservas":"NO","curvas":30.0,"anio":"2017:CONGOPE","levan_orig":"CONGOPE","responsabl":"CONGOPE","ninguna2":"-","conservaci":"MANTENIMIENTO RUTINARIO","dist_merc":15.5,"destino":"PARROQUIA","riesgos_po":"NO","alt_i":285.6,"alt_f":215.6,"velocidad":0.0,"visibilida":40.0,"intersecci":0.0,"shi_contin":0.0,"shi_cont_1":0.0,"shi_segmen":0.0,"shi_segm_1":0.0,"ninguna":null,"shc_contin":0.0,"shc_cont_1":0.0,"shc_segmen":0.0,"shc_segm_1":0.0,"ninguna1":null,"shd_contin":0.0,"shd_cont_1":0.0,"shd_segmen":0.0,"shd_segm_1":0.0,"sv_regulat":0.0,"sv_informa":0.0,"ES_SEGMENT":1,"sv_prevent":0.0,"long_i":671193.6129,"long_f":679704.8866,"lat_f":9718586.8776,"lat_i":9710674.7505,"sectproduc":null,"producto":null,"lado":null,"estado":null,"tipo":null,"situacvia":null,"calzada_m":0.0,"derecho_m":0.0,"observacio":"VIAS FUERA DEL LIMITE PDOT (AREA DE INTERES)","begin_":null,"end_":null,"Shape__Len":5676.65641058,"id":308.0,"id_FID_ini":550,"id_0":550,"solic_dere":null,"tipo_via":"5","tipo_sup":"LASTRE"},"geometry":{"type":"LineString","coordinates":[[-79.40993368338998,-2.565917546532995,0.0],[-79.40767851632943,-2.566712989829412,0.0],[-79.40615533774557,-2.567007522764261,0.0],[-79.40578286207128,-2.567220643565178,0.0],[-79.40506415533056,-2.5670514785585,0.0],[-79.40275412912776,-2.566333724546101,0.0],[-79.40213199061388,-2.566183386382615,0.0],[-79.40108370419269,-2.565992488208771,0.0],[-79.399953551663,-2.565976079332537,0.0],[-79.39974728979553,-2.566059168366908,0.0],[-79.39896436648755,-2.5666773752701,0.0],[-79.39857423739375,-2.566910154414914,0.0],[-79.39759282098031,-2.567421870251534,0.0],[-79.39690254419062,-2.567645128988,0.0],[-79.39593443785789,-2.568286210729897,0.0],[-79.39567133925908,-2.568425093656316,0.0],[-79.39549291526473,-2.568440305802064,0.0],[-79.39489486088601,-2.568191315459165,0.0],[-79.3941612214135,-2.567787205726818,0.0],[-79.39239839162067,-2.566564639647994,0.0],[-79.39201299578019,-2.566471799639258,0.0],[-79.39178296097991,-2.56647404823659,0.0],[-79.39035892247789,-2.566817947515298,0.0],[-79.39019284705873,-2.566809517621745,0.0],[-79.38958531558535,-2.566544579171784,0.0],[-79.38890252008937,-2.566084452475065,0.0],[-79.38833581826557,-2.565357853754752,0.0],[-79.38762953022439,-2.564936529354754,0.0],[-79.38735130460098,-2.564895774829648,0.0],[-79.38703009128912,-2.5651291459303,0.0],[-79.38691347974641,-2.565140502406272,0.0],[-79.38683061980056,-2.565004332846259,0.0],[-79.38692341905663,-2.564468548565973,0.0],[-79.38678332966907,-2.563721531387592,0.0],[-79.38603909969231,-2.562479423923986,0.0],[-79.38510321196115,-2.562186394137518,0.0],[-79.38407084564204,-2.561995645930953,0.0],[-79.3821358971054,-2.561125631513289,0.0],[-79.38173893023392,-2.560859823415905,0.0],[-79.3805523389119,-2.559900587158732,0.0],[-79.37948580302155,-2.559232289169072,0.0],[-79.3793308126117,-2.559078944130055,0.0],[-79.37913609479209,-2.558770003987066,0.0],[-79.37908989830287,-2.558521471439955,0.0],[-79.3793329220865,-2.557873192734015,0.0],[-79.37950679434792,-2.557066990652435,0.0],[-79.37999505954303,-2.555683179667681,0.0],[-79.3801497033897,-2.555075809429835,0.0],[-79.3805374899253,-2.554150783749349,0.0],[-79.38059814401501,-2.553289107247912,0.0],[-79.380735431258,-2.552989049243318,0.0],[-79.38106877881987,-2.552626201608029,0.0],[-79.38114325151759,-2.552265546550086,0.0],[-79.38134273018589,-2.551785525146552,0.0],[-79.38146965931877,-2.551280331462162,0.0],[-79.38209602600968,-2.549725767128692,0.0],[-79.3822083734865,-2.549322220937615,0.0],[-79.38238151448934,-2.54896931741017,0.0],[-79.38280692964574,-2.548358239594104,0.0],[-79.38282442677797,-2.547540730123217,0.0],[-79.38313148638602,-2.54657583647855,0.0],[-79.38350427483792,-2.545637502039313,0.0],[-79.38366876313354,-2.544997482087731,0.0]]}},{"type":"Feature","properties":{"provincia":"AZUAY","canton":"CUENCA","parroquia":"MOLLETURO","desde":"PUTUCAY","hasta":"PUTUCAY","estado_sup":"MALO","Suelo":"RURAL","ancho_via":5.0,"ancho_supe":2.5,"long_km":2.41554317129,"cod__via":"P015-1746","categoria":"VECINAL","cod__tramo":"P015-1746-2","identidad":null,"conexion":"ASENTAMIENTO HUMANO A ASENTAMIENTO HUMANO","limituso":null,"name":"19 ago. 2022 14:27:30","importanci":"CONDUCE A PROYECTOS PRODUCTIVOS","cond__clim":"SECO - NUBLADO","tipo_terre":"LLANO","uso_derech":"AGRICOLA","f__carrile":"1 CARRIL BIDIRECCIONAL","puentes":0.0,"alcantaril":0.0,"reservas":null,"curvas":2.0,"anio":"2022:GPA-GAD PARROQUIALES","levan_orig":"GPA-Planificacion (Diana Hernandez-David Cordova)","responsabl":"GPA-Planificacion (Diana Hernandez-David Cordova)","ninguna2":null,"conservaci":null,"dist_merc":0.0,"destino":null,"riesgos_po":null,"alt_i":0.0,"alt_f":0.0,"velocidad":15.0,"visibilida":0.0,"intersecci":0.0,"shi_contin":0.0,"shi_cont_1":0.0,"shi_segmen":0.0,"shi_segm_1":0.0,"ninguna":null,"shc_contin":0.0,"shc_cont_1":0.0,"shc_segmen":0.0,"shc_segm_1":0.0,"ninguna1":null,"shd_contin":0.0,"shd_cont_1":0.0,"shd_segmen":0.0,"shd_segm_1":0.0,"sv_regulat":0.0,"sv_informa":0.0,"ES_SEGMENT":0,"sv_prevent":0.0,"long_i":679541.2034,"long_f":678196.525,"lat_f":9716889.4077,"lat_i":9718570.5197,"sectproduc":"AGRICULTURA","producto":"CACAO","lado":null,"estado":null,"tipo":null,"situacvia":"TRANSITABLE","calzada_m":0.0,"derecho_m":0.0,"observacio":null,"begin_":null,"end_":null,"Shape__Len":2415.54317129,"id":2716.0,"id_FID_ini":2947,"id_0":2950,"solic_dere":null,"tipo_via":"5","tipo_sup":"TIERRA"},"geometry":{"type":"LineString","coordinates":[[-79.3851404119456,-2.545147268958058,0.0],[-79.38517593988584,-2.545313629662664,0.0],[-79.38623656032179,-2.546917899846304,0.0],[-79.38747313034004,-2.548959909802449,0.0],[-79.38766321040374,-2.549179820385831,0.0],[-79.38795551962191,-2.549734430102064,0.0],[-79.38857905968788,-2.550668059582021,0.0],[-79.3890222499253,-2.551467909823829,0.0],[-79.389942780317,-2.552848920194351,0.0],[-79.39001934977125,-2.552912959943731,0.0],[-79.39021748964605,-2.552838600096032,0.0],[-79.39136183015776,-2.552141920030346,0.0],[-79.39186847969748,-2.551759770348626,0.0],[-79.39207392030765,-2.551688119616697,0.0],[-79.39516580037746,-2.557232290446759,0.0],[-79.39620085986402,-2.559232300023101,0.0],[-79.39636910974316,-2.559642459736817,0.0],[-79.39685461979622,-2.560172259843486,0.0],[-79.39721291026851,-2.560365690394872,0.0]]}},{"type":"Feature","properties":{"provincia":"AZUAY","canton":"CUENCA","parroquia":"MOLLETURO","desde":"PUTUCAY","hasta":"PUTUCAY","estado_sup":"MALO","Suelo":"RURAL","ancho_via":6.7,"ancho_supe":3.7,"long_km":0.308705150128,"cod__via":"P015-2849","categoria":"VECINAL","cod__tramo":"P015-2849-1","identidad":null,"conexion":"ASENTAMIENTO HUMANO A ASENTAMIENTO HUMANO","limituso":"Actualizado abril 2021","name":"9 jul. 2020 4:29:48 p. m.","importanci":"CONDUCE A VIVIENDAS","cond__clim":"SECO - NUBLADO","tipo_terre":"LLANO","uso_derech":"INFRAESTRUCTURA FISICA","f__carrile":"1 CARRIL BIDIRECCIONAL","puentes":0.0,"alcantaril":0.0,"reservas":"NO","curvas":3.0,"anio":"2020:GPA-GAD PARROQUIALES","levan_orig":"GPA-Planificacion (Michelle Castro - Silvia Culcay)","responsabl":"GPA-Planificacion (Michelle Castro - Silvia Culcay)","ninguna2":null,"conservaci":"MEJORAMIENTO","dist_merc":0.0,"destino":null,"riesgos_po":null,"alt_i":0.0,"alt_f":0.0,"velocidad":0.0,"visibilida":0.0,"intersecci":0.0,"shi_contin":0.0,"shi_cont_1":0.0,"shi_segmen":0.0,"shi_segm_1":0.0,"ninguna":null,"shc_contin":0.0,"shc_cont_1":0.0,"shc_segmen":0.0,"shc_segm_1":0.0,"ninguna1":null,"shd_contin":0.0,"shd_cont_1":0.0,"shd_segmen":0.0,"shd_segm_1":0.0,"sv_regulat":0.0,"sv_informa":0.0,"ES_SEGMENT":0,"sv_prevent":0.0,"long_i":679566.0081,"long_f":679730.225,"lat_f":9718499.5453,"lat_i":9718628.6481,"sectproduc":null,"producto":null,"lado":null,"estado":null,"tipo":null,"situacvia":null,"calzada_m":0.0,"derecho_m":0.0,"observacio":null,"begin_":null,"end_":null,"Shape__Len":308.705150128,"id":2664.0,"id_FID_ini":2849,"id_0":2852,"solic_dere":null,"tipo_via":"5","tipo_sup":"LASTRE"},"geometry":{"type":"LineString","coordinates":[[-79.3849180233432,-2.54462130297268,0.0],[-79.38518054467409,-2.54511136964161,0.0],[-79.38511500019074,-2.545170000434599,0.0],[-79.38494500033235,-2.545271999971223,0.0],[-79.384163000367,-2.545554999786672,0.0],[-79.38403600044833,-2.545713000177838,0.0],[-79.3839440000937,-2.546020999876002,0.0],[-79.38383499992801,-2.54602700032143,0.0],[-79.38343993707574,-2.545786985441599,0.0]]}},{"type":"Feature","properties":{"provincia":"AZUAY","canton":"CUENCA","parroquia":"MOLLETURO","desde":"PUTUCAY","hasta":"PUTUCAY","estado_sup":"REGULAR","Suelo":"RURAL","ancho_via":4.9,"ancho_supe":2.3,"long_km":0.31116538768,"cod__via":"P019-2851","categoria":"VECINAL","cod__tramo":"P019-2851-1","identidad":null,"conexion":"OTROS","limituso":"Actualizado abril 2021","name":"9 jul. 2020 3:24:24 p. m.","importanci":"VIA ALTERNA","cond__clim":"SECO - NUBLADO","tipo_terre":"LLANO","uso_derech":"INFRAESTRUCTURA FISICA","f__carrile":"1 CARRIL BIDIRECCIONAL","puentes":0.0,"alcantaril":0.0,"reservas":"NO","curvas":1.0,"anio":"2020:GPA-GAD PARROQUIALES","levan_orig":"GPA-Planificacion (Michelle Castro - Silvia Culcay)","responsabl":"GPA-Planificacion (Michelle Castro - Silvia Culcay)","ninguna2":null,"conservaci":"MEJORAMIENTO","dist_merc":0.0,"destino":null,"riesgos_po":null,"alt_i":0.0,"alt_f":0.0,"velocidad":0.0,"visibilida":0.0,"intersecci":0.0,"shi_contin":0.0,"shi_cont_1":0.0,"shi_segmen":0.0,"shi_segm_1":0.0,"ninguna":null,"shc_contin":0.0,"shc_cont_1":0.0,"shc_segmen":0.0,"shc_segm_1":0.0,"ninguna1":null,"shd_contin":0.0,"shd_cont_1":0.0,"shd_segmen":0.0,"shd_segm_1":0.0,"sv_regulat":0.0,"sv_informa":0.0,"ES_SEGMENT":0,"sv_prevent":0.0,"long_i":679511.7003,"long_f":679692.5918,"lat_f":9718592.0291,"lat_i":9718729.6753,"sectproduc":null,"producto":null,"lado":null,"estado":null,"tipo":null,"situacvia":null,"calzada_m":0.0,"derecho_m":0.0,"observacio":null,"begin_":null,"end_":null,"Shape__Len":311.16538768,"id":2695.0,"id_FID_ini":2928,"id_0":2931,"solic_dere":null,"tipo_via":"9","tipo_sup":"LASTRE"},"geometry":{"type":"LineString","coordinates":[[-79.38540749366395,-2.543708276336265,0.0],[-79.3853009996892,-2.543715000053818,0.0],[-79.38437879708154,-2.543366635687757,0.0],[-79.3842999998079,-2.543438000260513,0.0],[-79.38401600037406,-2.544179000261092,0.0],[-79.38377937549487,-2.5449510337526,0.0]]}},{"type":"Feature","properties":{"provincia":"AZUAY","canton":"CUENCA","parroquia":"MOLLETURO","desde":"PUTUCAY","hasta":"PUTUCAY","estado_sup":"REGULAR","Suelo":"RURAL","ancho_via":5.2,"ancho_supe":2.6,"long_km":0.157048154622,"cod__via":"P019-2850","categoria":"VECINAL","cod__tramo":"P019-2850-1","identidad":null,"conexion":"OTROS","limituso":"Actualizado abril 2021","name":"9 jul. 2020 3:29:58 p. m.","importanci":"VIA ALTERNA","cond__clim":"SECO - NUBLADO","tipo_terre":"LLANO","uso_derech":"INFRAESTRUCTURA FISICA","f__carrile":"1 CARRIL BIDIRECCIONAL","puentes":0.0,"alcantaril":0.0,"reservas":"NO","curvas":0.0,"anio":"2020:GPA-GAD PARROQUIALES","levan_orig":"GPA-Planificacion (Michelle Castro - Silvia Culcay)","responsabl":"GPA-Planificacion (Michelle Castro - Silvia Culcay)","ninguna2":null,"conservaci":"MEJORAMIENTO","dist_merc":0.0,"destino":null,"riesgos_po":null,"alt_i":0.0,"alt_f":0.0,"velocidad":0.0,"visibilida":0.0,"intersecci":0.0,"shi_contin":0.0,"shi_cont_1":0.0,"shi_segmen":0.0,"shi_segm_1":0.0,"ninguna":null,"shc_contin":0.0,"shc_cont_1":0.0,"shc_segmen":0.0,"shc_segm_1":0.0,"ninguna1":null,"shd_contin":0.0,"shd_cont_1":0.0,"shd_segmen":0.0,"shd_segm_1":0.0,"sv_regulat":0.0,"sv_informa":0.0,"ES_SEGMENT":0,"sv_prevent":0.0,"long_i":679650.0753,"long_f":679507.8927,"lat_f":9718649.5859,"lat_i":9718714.2995,"sectproduc":null,"producto":null,"lado":null,"estado":null,"tipo":null,"situacvia":null,"calzada_m":0.0,"derecho_m":0.0,"observacio":null,"begin_":null,"end_":null,"Shape__Len":157.048154622,"id":2696.0,"id_FID_ini":136,"id_0":138,"solic_dere":null,"tipo_via":"9","tipo_sup":"LASTRE"},"geometry":{"type":"LineString","coordinates":[[-79.38416305896256,-2.543845761476247,0.0],[-79.38494100027312,-2.544149000051763,0.0],[-79.38544083040291,-2.544432609404499,0.0]]}},{"type":"Feature","properties":{"provincia":"AZUAY","canton":"CUENCA","parroquia":"MOLLETURO","desde":"PUTUNCAY 2","hasta":"PUTUNCAY 2","estado_sup":"REGULAR","Suelo":"RURAL","ancho_via":4.9,"ancho_supe":2.3,"long_km":0.0717836390573,"cod__via":"P019-2852","categoria":"VECINAL","cod__tramo":"P019-2852-1","identidad":null,"conexion":"OTROS","limituso":"Actualizado abril 2021","name":"2020-07-09 20:39:01","importanci":"VIA ALTERNA","cond__clim":"SECO - NUBLADO","tipo_terre":"LLANO","uso_derech":"INFRAESTRUCTURA FISICA","f__carrile":"1 CARRIL BIDIRECCIONAL","puentes":0.0,"alcantaril":0.0,"reservas":"NO","curvas":0.0,"anio":"2020:GPA-GAD PARROQUIALES","levan_orig":"GPA-Planificacion (Rene Chacho)","responsabl":"GPA-Planificacion (Rene Chacho)","ninguna2":null,"conservaci":"MEJORAMIENTO","dist_merc":0.0,"destino":null,"riesgos_po":null,"alt_i":0.0,"alt_f":0.0,"velocidad":0.0,"visibilida":0.0,"intersecci":0.0,"shi_contin":0.0,"shi_cont_1":0.0,"shi_segmen":0.0,"shi_segm_1":0.0,"ninguna":null,"shc_contin":0.0,"shc_cont_1":0.0,"shc_segmen":0.0,"shc_segm_1":0.0,"ninguna1":null,"shd_contin":0.0,"shd_cont_1":0.0,"shd_segmen":0.0,"shd_segm_1":0.0,"sv_regulat":0.0,"sv_informa":0.0,"ES_SEGMENT":0,"sv_prevent":0.0,"long_i":679599.9875,"long_f":679626.1454,"lat_f":9718767.3102,"lat_i":9718834.1582,"sectproduc":null,"producto":null,"lado":null,"estado":null,"tipo":null,"situacvia":null,"calzada_m":0.0,"derecho_m":0.0,"observacio":null,"begin_":null,"end_":null,"Shape__Len":71.7836390573,"id":2666.0,"id_FID_ini":2856,"id_0":2859,"solic_dere":null,"tipo_via":"9","tipo_sup":"LASTRE"},"geometry":{"type":"LineString","coordinates":[[-79.38461479484143,-2.542762384562206,0.0],[-79.38437883215802,-2.543366629401437,0.0]]}},{"type":"Feature","properties":{"provincia":"AZUAY","canton":"CUENCA","parroquia":"MOLLETURO","desde":"SAN CARLOS","hasta":"JESUS DEL GRAN PODER","estado_sup":"BUENO","Suelo":"RURAL","ancho_via":4.8,"ancho_supe":4.0,"long_km":3.20913283801,"cod__via":"P015-1736","categoria":"VECINAL","cod__tramo":"P015-1736-1","identidad":"010157173651","conexion":"ASENTAMIENTO HUMANO A ASENTAMIENTO HUMANO","limituso":"Referencial","name":null,"importanci":"NORMAL","cond__clim":"SECO - NUBLADO","tipo_terre":"ONDULADO","uso_derech":"AGRICOLA","f__carrile":"1 CARRIL BIDIRECCIONAL","puentes":0.0,"alcantaril":0.0,"reservas":"NO","curvas":8.0,"anio":"2017:CONGOPE","levan_orig":"CONGOPE","responsabl":"CONGOPE","ninguna2":"-","conservaci":"MANTENIMIENTO RUTINARIO","dist_merc":7.9,"destino":"PARROQUIA","riesgos_po":"NO","alt_i":97.85,"alt_f":93.32,"velocidad":0.0,"visibilida":100.0,"intersecci":0.0,"shi_contin":0.0,"shi_cont_1":0.0,"shi_segmen":0.0,"shi_segm_1":0.0,"ninguna":null,"shc_contin":0.0,"shc_cont_1":0.0,"shc_segmen":0.0,"shc_segm_1":0.0,"ninguna1":null,"shd_contin":0.0,"shd_cont_1":0.0,"shd_segmen":0.0,"shd_segm_1":0.0,"sv_regulat":0.0,"sv_informa":0.0,"ES_SEGMENT":0,"sv_prevent":0.0,"long_i":674953.0117,"long_f":676935.3703,"lat_f":9720290.3896,"lat_i":9718050.1723,"sectproduc":null,"producto":null,"lado":null,"estado":null,"tipo":null,"situacvia":null,"calzada_m":0.0,"derecho_m":0.0,"observacio":null,"begin_":null,"end_":null,"Shape__Len":3209.13283801,"id":2576.0,"id_FID_ini":159,"id_0":163,"solic_dere":null,"tipo_via":"5","tipo_sup":"LASTRE"},"geometry":{"type":"LineString","coordinates":[[-79.426391977907,-2.549904417968508,0.0],[-79.4247907587681,-2.546023388072689,0.0],[-79.42474893758093,-2.544846404170314,0.0],[-79.4246887076743,-2.544619420007289,0.0],[-79.42420604412581,-2.543646364977143,0.0],[-79.4234258362179,-2.542479690004292,0.0],[-79.42289324004967,-2.541373645445971,0.0],[-79.42259764947792,-2.540929108526428,0.0],[-79.42186539628918,-2.540586482393583,0.0],[-79.42118093271002,-2.540487005597962,0.0],[-79.420221167565,-2.540510112763593,0.0],[-79.41970967701567,-2.540290552460618,0.0],[-79.41874407481099,-2.539459962344334,0.0],[-79.41793276467165,-2.538510972373757,0.0],[-79.41655051122953,-2.53750831389107,0.0],[-79.41605454680314,-2.53698893132349,0.0],[-79.41542060813302,-2.536013455150726,0.0],[-79.41507716182214,-2.535626695979118,0.0],[-79.41472035123934,-2.534861336354159,0.0],[-79.414622522639,-2.534414829750028,0.0],[-79.4145992808495,-2.53359824789313,0.0],[-79.41447425093268,-2.53330427538327,0.0],[-79.41329975596386,-2.532658601998285,0.0],[-79.40859113022759,-2.529622703490637,0.0]]}},{"type":"Feature","properties":{"provincia":"AZUAY","canton":"CUENCA","parroquia":"MOLLETURO","desde":"PUTUCAY","hasta":"JESUS DEL GRAN PODER","estado_sup":"REGULAR","Suelo":"RURAL","ancho_via":7.2,"ancho_supe":6.0,"long_km":4.24112107896,"cod__via":"P015-1746","categoria":"VECINAL","cod__tramo":"P015-1746-1","identidad":"010157174651","conexion":"ASENTAMIENTO HUMANO A ASENTAMIENTO HUMANO","limituso":"Referencial","name":null,"importanci":"NORMAL","cond__clim":"SECO - NUBLADO","tipo_terre":"LLANO","uso_derech":"AGRICOLA","f__carrile":"2 CARRIL BIDIRECCIONAL","puentes":0.0,"alcantaril":0.0,"reservas":"NO","curvas":10.0,"anio":"2017:CONGOPE","levan_orig":"CONGOPE","responsabl":"CONGOPE","ninguna2":"-","conservaci":"MANTENIMIENTO RUTINARIO","dist_merc":11.5,"destino":"PARROQUIA","riesgos_po":"NO","alt_i":93.33,"alt_f":220.0,"velocidad":0.0,"visibilida":100.0,"intersecci":0.0,"shi_contin":0.0,"shi_cont_1":0.0,"shi_segmen":0.0,"shi_segm_1":0.0,"ninguna":null,"shc_contin":0.0,"shc_cont_1":0.0,"shc_segmen":0.0,"shc_segm_1":0.0,"ninguna1":null,"shd_contin":0.0,"shd_cont_1":0.0,"shd_segmen":0.0,"shd_segm_1":0.0,"sv_regulat":0.0,"sv_informa":0.0,"ES_SEGMENT":0,"sv_prevent":0.0,"long_i":676932.5907,"long_f":680626.0731,"lat_f":9718413.3175,"lat_i":9720286.9114,"sectproduc":null,"producto":null,"lado":null,"estado":null,"tipo":null,"situacvia":null,"calzada_m":0.0,"derecho_m":0.0,"observacio":null,"begin_":null,"end_":null,"Shape__Len":4241.12107896,"id":2586.0,"id_FID_ini":2814,"id_0":2817,"solic_dere":null,"tipo_via":"5","tipo_sup":"LASTRE"},"geometry":{"type":"LineString","coordinates":[[-79.40861608593424,-2.529654189846879,0.0],[-79.40535942079435,-2.531875144874276,0.0],[-79.40266996869482,-2.533614774434642,0.0],[-79.3999404443173,-2.535498421147555,0.0],[-79.39555437285614,-2.53838014675363,0.0],[-79.39148379201744,-2.54117294386463,0.0],[-79.38824055651871,-2.543239482481134,0.0],[-79.38520508961064,-2.544529416718793,0.0],[-79.3829091725572,-2.545234971561063,0.0],[-79.3809836936111,-2.545763459820586,0.0],[-79.37678756664958,-2.547107517276059,0.0],[-79.37652685853583,-2.547133969343537,0.0],[-79.37626698283107,-2.547093156916163,0.0],[-79.3753835440579,-2.546556603157096,0.0]]}},{"type":"Feature","properties":{"provincia":"AZUAY","canton":"CUENCA","parroquia":"MOLLETURO","desde":"ENTRADA A PUTUCAY","hasta":"TERESA DE PATUL","estado_sup":"REGULAR","Suelo":"RURAL","ancho_via":4.4,"ancho_supe":3.9,"long_km":3.47090668623,"cod__via":"P015-1747","categoria":"VECINAL","cod__tramo":"P015-1747-1","identidad":"010157174751","conexion":"ASENTAMIENTO HUMANO A ASENTAMIENTO HUMANO","limituso":"Referencial","name":null,"importanci":"NORMAL","cond__clim":"SECO - NUBLADO","tipo_terre":"LLANO","uso_derech":"AGRICOLA","f__carrile":"1 CARRIL BIDIRECCIONAL","puentes":0.0,"alcantaril":0.0,"reservas":"NO","curvas":15.0,"anio":"2017:CONGOPE","levan_orig":"CONGOPE","responsabl":"CONGOPE","ninguna2":"-","conservaci":"MANTENIMIENTO RUTINARIO","dist_merc":14.5,"destino":"PARROQUIA","riesgos_po":"NO","alt_i":205.1,"alt_f":104.7,"velocidad":0.0,"visibilida":30.0,"intersecci":0.0,"shi_contin":0.0,"shi_cont_1":0.0,"shi_segmen":0.0,"shi_segm_1":0.0,"ninguna":null,"shc_contin":0.0,"shc_cont_1":0.0,"shc_segmen":0.0,"shc_segm_1":0.0,"ninguna1":null,"shd_contin":0.0,"shd_cont_1":0.0,"shd_segmen":0.0,"shd_segm_1":0.0,"sv_regulat":0.0,"sv_informa":0.0,"ES_SEGMENT":0,"sv_prevent":0.0,"long_i":679475.045,"long_f":679378.599,"lat_f":9721525.318,"lat_i":9718663.6527,"sectproduc":null,"producto":null,"lado":null,"estado":null,"tipo":null,"situacvia":null,"calzada_m":0.0,"derecho_m":0.0,"observacio":null,"begin_":null,"end_":null,"Shape__Len":3470.90668623,"id":2587.0,"id_FID_ini":2815,"id_0":2818,"solic_dere":null,"tipo_via":"5","tipo_sup":"LASTRE"},"geometry":{"type":"LineString","coordinates":[[-79.38573635393124,-2.544305767703423,0.0],[-79.38573380699779,-2.544150670600319,0.0],[-79.38558215901483,-2.543914388405144,0.0],[-79.38460101429482,-2.542725093411114,0.0],[-79.38463231339031,-2.542331215641238,0.0],[-79.38501618002216,-2.54130135001463,0.0],[-79.38498592466205,-2.541088774520085,0.0],[-79.38442178965184,-2.540348743111785,0.0],[-79.38392270648419,-2.539982640384526,0.0],[-79.38364460305945,-2.539375732343449,0.0],[-79.38334880737402,-2.538888069060627,0.0],[-79.38289536676123,-2.53833207914658,0.0],[-79.38288952229601,-2.537635939432629,0.0],[-79.3830166354003,-2.536792325871011,0.0],[-79.38292908597404,-2.536228919240994,0.0],[-79.38298082829448,-2.535819710574343,0.0],[-79.38290394585859,-2.535500998933883,0.0],[-79.38298013571398,-2.535091367871789,0.0],[-79.38345224038486,-2.534497802862354,0.0],[-79.38375673190866,-2.534205897324811,0.0],[-79.38436993437887,-2.533149927477403,0.0],[-79.38468077073969,-2.532707212177296,0.0],[-79.38486434164878,-2.532550724160858,0.0],[-79.38525582681247,-2.532367218553562,0.0],[-79.38573594579219,-2.531843855534963,0.0],[-79.38594586077653,-2.531779757304274,0.0],[-79.38647837030712,-2.531443380170619,0.0],[-79.38752918453856,-2.53055944019859,0.0],[-79.38792222432498,-2.530165123711146,0.0],[-79.38799461687536,-2.529339706613885,0.0],[-79.38756278809427,-2.528846053427271,0.0],[-79.38727435708567,-2.528702212760988,0.0],[-79.38639497388591,-2.52811097043666,0.0],[-79.38525717608552,-2.526174606977392,0.0],[-79.38475800122265,-2.525128502830829,0.0],[-79.3847914439792,-2.524995765665306,0.0],[-79.38569864023357,-2.523534549906764,0.0],[-79.38661449470926,-2.522179892157278,0.0],[-79.38678561694843,-2.521851050778665,0.0],[-79.38674360892175,-2.521429952828984,0.0],[-79.38644828891096,-2.520379456104728,0.0],[-79.3863277778885,-2.519578542998398,0.0],[-79.38636223122117,-2.519274479689951,0.0],[-79.38655741712024,-2.518559407593334,0.0],[-79.38663560333951,-2.518427314572898,0.0]]}},{"type":"Feature","properties":{"provincia":"AZUAY","canton":"CUENCA","parroquia":"MOLLETURO","desde":"JESUS DEL GRAN PODER","hasta":"JESUS DEL GRAN PODER","estado_sup":"REGULAR","Suelo":"RURAL","ancho_via":4.6,"ancho_supe":2.3,"long_km":0.213064945346,"cod__via":"P015-2854","categoria":"VECINAL","cod__tramo":"P015-2854-1","identidad":null,"conexion":"ASENTAMIENTO HUMANO A ASENTAMIENTO HUMANO","limituso":"Actualizado abril 2021","name":"9 jul. 2020 3:58:42 p. m.","importanci":"CONDUCE A VIVIENDAS","cond__clim":"SECO - NUBLADO","tipo_terre":"LLANO","uso_derech":"INFRAESTRUCTURA FISICA","f__carrile":"1 CARRIL BIDIRECCIONAL","puentes":0.0,"alcantaril":0.0,"reservas":"NO","curvas":1.0,"anio":"2020:GPA-GAD PARROQUIALES","levan_orig":"GPA-Planificacion (Michelle Castro - Silvia Culcay)","responsabl":"GPA-Planificacion (Michelle Castro - Silvia Culcay)","ninguna2":null,"conservaci":"MEJORAMIENTO","dist_merc":0.0,"destino":null,"riesgos_po":null,"alt_i":0.0,"alt_f":0.0,"velocidad":0.0,"visibilida":0.0,"intersecci":0.0,"shi_contin":0.0,"shi_cont_1":0.0,"shi_segmen":0.0,"shi_segm_1":0.0,"ninguna":null,"shc_contin":0.0,"shc_cont_1":0.0,"shc_segmen":0.0,"shc_segm_1":0.0,"ninguna1":null,"shd_contin":0.0,"shd_cont_1":0.0,"shd_segmen":0.0,"shd_segm_1":0.0,"sv_regulat":0.0,"sv_informa":0.0,"ES_SEGMENT":0,"sv_prevent":0.0,"long_i":676995.0517,"long_f":676829.7405,"lat_f":9720221.4305,"lat_i":9720244.2611,"sectproduc":null,"producto":null,"lado":null,"estado":null,"tipo":null,"situacvia":null,"calzada_m":0.0,"derecho_m":0.0,"observacio":null,"begin_":null,"end_":null,"Shape__Len":213.064945346,"id":2642.0,"id_FID_ini":2875,"id_0":2878,"solic_dere":null,"tipo_via":"5","tipo_sup":"LASTRE"},"geometry":{"type":"LineString","coordinates":[[-79.40805396860337,-2.530039210235286,125.67999999999302],[-79.40839199957028,-2.530250000348427,124.22999999999593],[-79.40885000018898,-2.530711999773479,123.25],[-79.40896300028564,-2.530730000350375,123.22999999999593],[-79.40954018958395,-2.530247514950188,122.94999999999709]]}},{"type":"Feature","properties":{"provincia":"AZUAY","canton":"CUENCA","parroquia":"MOLLETURO","desde":"JESUS DEL GRAN PODER","hasta":"JESUS DEL GRAN PODER","estado_sup":"REGULAR","Suelo":"RURAL","ancho_via":4.5,"ancho_supe":2.3,"long_km":0.109010566514,"cod__via":"P015-2853","categoria":"VECINAL","cod__tramo":"P015-2853-1","identidad":null,"conexion":"ASENTAMIENTO HUMANO A ASENTAMIENTO HUMANO","limituso":"Actualizado abril 2021","name":"9 jul. 2020 3:54:32 p. m.","importanci":"CONDUCE A VIVIENDAS","cond__clim":"SECO - NUBLADO","tipo_terre":"LLANO","uso_derech":"INFRAESTRUCTURA FISICA","f__carrile":"1 CARRIL BIDIRECCIONAL","puentes":0.0,"alcantaril":0.0,"reservas":"NO","curvas":0.0,"anio":"2020:GPA-GAD PARROQUIALES","levan_orig":"GPA-Planificacion (Michelle Castro - Silvia Culcay)","responsabl":"GPA-Planificacion (Michelle Castro - Silvia Culcay)","ninguna2":null,"conservaci":"MEJORAMIENTO","dist_merc":0.0,"destino":null,"riesgos_po":null,"alt_i":0.0,"alt_f":0.0,"velocidad":0.0,"visibilida":0.0,"intersecci":0.0,"shi_contin":0.0,"shi_cont_1":0.0,"shi_segmen":0.0,"shi_segm_1":0.0,"ninguna":null,"shc_contin":0.0,"shc_cont_1":0.0,"shc_segmen":0.0,"shc_segm_1":0.0,"ninguna1":null,"shd_contin":0.0,"shd_cont_1":0.0,"shd_segmen":0.0,"shd_segm_1":0.0,"sv_regulat":0.0,"sv_informa":0.0,"ES_SEGMENT":0,"sv_prevent":0.0,"long_i":676995.0517,"long_f":677067.4298,"lat_f":9720321.4876,"lat_i":9720244.2611,"sectproduc":null,"producto":null,"lado":null,"estado":null,"tipo":null,"situacvia":null,"calzada_m":0.0,"derecho_m":0.0,"observacio":null,"begin_":null,"end_":null,"Shape__Len":109.010566514,"id":2694.0,"id_FID_ini":2927,"id_0":2930,"solic_dere":null,"tipo_via":"5","tipo_sup":"TIERRA"},"geometry":{"type":"LineString","coordinates":[[-79.40805396860337,-2.530039210235286,0.0],[-79.40784000040084,-2.529791999833672,0.0],[-79.40744400009568,-2.529487000284557,0.0],[-79.40740399972285,-2.529340000037488,0.0]]}},{"type":"Feature","properties":{"provincia":"AZUAY","canton":"CUENCA","parroquia":"MOLLETURO","desde":"JESUS DEL GRAN PODER","hasta":"JESUS DEL GRAN PODER","estado_sup":"BUENO","Suelo":"RURAL","ancho_via":5.0,"ancho_supe":2.6,"long_km":0.137157572468,"cod__via":"P015-2855","categoria":"VECINAL","cod__tramo":"P015-2855-1","identidad":null,"conexion":"ASENTAMIENTO HUMANO A ASENTAMIENTO HUMANO","limituso":"Actualizado abril 2021","name":"9 jul. 2020 4:05:20 p. m.","importanci":"CONDUCE A VIVIENDAS","cond__clim":"SECO - NUBLADO","tipo_terre":"LLANO","uso_derech":"INFRAESTRUCTURA FISICA","f__carrile":"1 CARRIL BIDIRECCIONAL","puentes":0.0,"alcantaril":0.0,"reservas":"NO","curvas":0.0,"anio":"2020:GPA-GAD PARROQUIALES","levan_orig":"GPA-Planificacion (Michelle Castro - Silvia Culcay)","responsabl":"GPA-Planificacion (Michelle Castro - Silvia Culcay)","ninguna2":null,"conservaci":"MEJORAMIENTO","dist_merc":0.0,"destino":null,"riesgos_po":null,"alt_i":0.0,"alt_f":0.0,"velocidad":0.0,"visibilida":0.0,"intersecci":0.0,"shi_contin":0.0,"shi_cont_1":0.0,"shi_segmen":0.0,"shi_segm_1":0.0,"ninguna":null,"shc_contin":0.0,"shc_cont_1":0.0,"shc_segmen":0.0,"shc_segm_1":0.0,"ninguna1":null,"shd_contin":0.0,"shd_cont_1":0.0,"shd_segmen":0.0,"shd_segm_1":0.0,"sv_regulat":0.0,"sv_informa":0.0,"ES_SEGMENT":0,"sv_prevent":0.0,"long_i":676828.4932,"long_f":676848.7701,"lat_f":9720233.5458,"lat_i":9720366.1212,"sectproduc":null,"producto":null,"lado":null,"estado":null,"tipo":null,"situacvia":null,"calzada_m":0.0,"derecho_m":0.0,"observacio":null,"begin_":null,"end_":null,"Shape__Len":137.157572468,"id":2580.0,"id_FID_ini":2802,"id_0":2805,"solic_dere":null,"tipo_via":"5","tipo_sup":"LASTRE"},"geometry":{"type":"LineString","coordinates":[[-79.40955299965212,-2.528938999915272,0.0],[-79.40950999985056,-2.529872000213965,0.0],[-79.40936920954307,-2.530137737730813,0.0]]}},{"type":"Feature","properties":{"provincia":"AZUAY","canton":"CUENCA","parroquia":"MOLLETURO","desde":"Y DE PECHICHE","hasta":"LA COMPUERTA","estado_sup":"REGULAR","Suelo":"RURAL","ancho_via":8.0,"ancho_supe":5.0,"long_km":2.0699623149,"cod__via":"P015-2858","categoria":"VECINAL","cod__tramo":"P015-2858-2","identidad":null,"conexion":"ASENTAMIENTO HUMANO A ASENTAMIENTO HUMANO","limituso":null,"name":"19 ago. 2022 12:03:57","importanci":"CONDUCE A PROYECTOS PRODUCTIVOS","cond__clim":"SECO - NUBLADO","tipo_terre":"LLANO","uso_derech":"AGRICOLA","f__carrile":"2 CARRIL BIDIRECCIONAL","puentes":0.0,"alcantaril":0.0,"reservas":null,"curvas":1.0,"anio":"2022:GPA-GAD PARROQUIALES","levan_orig":"GPA-Planificacion (Diana Hernandez-David Cordova)","responsabl":"GPA-Planificacion (Diana Hernandez-David Cordova)","ninguna2":null,"conservaci":null,"dist_merc":0.0,"destino":null,"riesgos_po":null,"alt_i":0.0,"alt_f":0.0,"velocidad":40.0,"visibilida":0.0,"intersecci":0.0,"shi_contin":0.0,"shi_cont_1":0.0,"shi_segmen":0.0,"shi_segm_1":0.0,"ninguna":null,"shc_contin":0.0,"shc_cont_1":0.0,"shc_segmen":0.0,"shc_segm_1":0.0,"ninguna1":null,"shd_contin":0.0,"shd_cont_1":0.0,"shd_segmen":0.0,"shd_segm_1":0.0,"sv_regulat":0.0,"sv_informa":0.0,"ES_SEGMENT":1,"sv_prevent":0.0,"long_i":676283.3572,"long_f":672559.5429,"lat_f":9721985.9704,"lat_i":9719886.4049,"sectproduc":"AGRICULTURA","producto":"CACAO","lado":"IZQUIERDO","estado":"MALO","tipo":"SUELO NATURAL","situacvia":"TRANSITABLE","calzada_m":0.0,"derecho_m":0.0,"observacio":null,"begin_":null,"end_":null,"Shape__Len":2069.9623149,"id":2718.0,"id_FID_ini":2950,"id_0":2953,"solic_dere":null,"tipo_via":"5","tipo_sup":"LASTRE"},"geometry":{"type":"LineString","coordinates":[[-79.41444957431155,-2.53328341655975,0.0],[-79.41668644008844,-2.533717109796053,0.0],[-79.41689633006528,-2.533702640103465,0.0],[-79.41714640027888,-2.533587330317232,0.0],[-79.41775464969746,-2.533142270277889,0.0],[-79.41853158995383,-2.532875429780684,0.0],[-79.41957994996379,-2.532178739575838,0.0],[-79.41996966957812,-2.532209879921716,0.0],[-79.42121842966178,-2.531329189571647,0.0],[-79.42190404021241,-2.530602509598313,0.0],[-79.42348737985067,-2.52918889010995,0.0],[-79.42550691980425,-2.527993949908871,0.0],[-79.42586090980045,-2.527831689623969,0.0],[-79.42694692961588,-2.527144039994682,0.0],[-79.4270730703752,-2.527008470002071,0.0],[-79.42753697027179,-2.526707559659502,0.0],[-79.42978835025576,-2.525437220214489,0.0],[-79.43026931957088,-2.525096079742461,0.0]]}},{"type":"Feature","properties":{"provincia":"AZUAY","canton":"CUENCA","parroquia":"MOLLETURO","desde":"TERESA DE PATUL","hasta":"JESUS DEL GRAN PODER","estado_sup":"MALO","Suelo":"RURAL","ancho_via":4.0,"ancho_supe":3.5,"long_km":2.82400112929,"cod__via":"P015-1744","categoria":"VECINAL","cod__tramo":"P015-1744-1","identidad":"010157174451","conexion":"ASENTAMIENTO HUMANO A ASENTAMIENTO HUMANO","limituso":"Referencial","name":null,"importanci":"NORMAL","cond__clim":"SECO - NUBLADO","tipo_terre":"ONDULADO","uso_derech":"AGRICOLA","f__carrile":"1 CARRIL BIDIRECCIONAL","puentes":0.0,"alcantaril":0.0,"reservas":"NO","curvas":15.0,"anio":"2017:CONGOPE","levan_orig":"CONGOPE","responsabl":"CONGOPE","ninguna2":"-","conservaci":"MANTENIMIENTO RUTINARIO","dist_merc":9.6,"destino":"PARROQUIA","riesgos_po":"NO","alt_i":93.32,"alt_f":104.7,"velocidad":0.0,"visibilida":100.0,"intersecci":0.0,"shi_contin":0.0,"shi_cont_1":0.0,"shi_segmen":0.0,"shi_segm_1":0.0,"ninguna":null,"shc_contin":0.0,"shc_cont_1":0.0,"shc_segmen":0.0,"shc_segm_1":0.0,"ninguna1":null,"shd_contin":0.0,"shd_cont_1":0.0,"shd_segmen":0.0,"shd_segm_1":0.0,"sv_regulat":0.0,"sv_informa":0.0,"ES_SEGMENT":0,"sv_prevent":0.0,"long_i":676935.3703,"long_f":679378.599,"lat_f":9721525.318,"lat_i":9720290.3896,"sectproduc":null,"producto":null,"lado":null,"estado":null,"tipo":null,"situacvia":null,"calzada_m":0.0,"derecho_m":0.0,"observacio":null,"begin_":null,"end_":null,"Shape__Len":2824.00112929,"id":2700.0,"id_FID_ini":2932,"id_0":2935,"solic_dere":null,"tipo_via":"5","tipo_sup":"LASTRE"},"geometry":{"type":"LineString","coordinates":[[-79.40859113022759,-2.529622703490637,0.0],[-79.40785592488776,-2.52899527350841,0.0],[-79.40590962075198,-2.527759126254031,0.0],[-79.40494095456467,-2.527017102892712,0.0],[-79.40440711567348,-2.52648539683983,0.0],[-79.40357366012519,-2.526045507741196,0.0],[-79.40205470365463,-2.52487202534853,0.0],[-79.40173512406278,-2.524698223650806,0.0],[-79.40153957903738,-2.524532471242629,0.0],[-79.40085934693789,-2.524220356523646,0.0],[-79.40051750052467,-2.524000734911517,0.0],[-79.39834844716033,-2.522085534041851,0.0],[-79.39769583033262,-2.521668098003613,0.0],[-79.39746508650266,-2.521418856823528,0.0],[-79.3969012907073,-2.521075265777605,0.0],[-79.39557214147352,-2.520659812298116,0.0],[-79.39494815616374,-2.520627543891783,0.0],[-79.39453948119072,-2.520529777259376,0.0],[-79.39418028616674,-2.520257851941186,0.0],[-79.39299769112834,-2.520028541486079,0.0],[-79.39234142067869,-2.519791955011917,0.0],[-79.39109947528702,-2.519226971227357,0.0],[-79.39044081195254,-2.519124816503539,0.0],[-79.38979972401403,-2.518961440391694,0.0],[-79.38934463133448,-2.518774563149566,0.0],[-79.38894980390117,-2.518684185807553,0.0],[-79.38855223798676,-2.518483834501983,0.0],[-79.38824941471373,-2.518454415511463,0.0],[-79.38696668315572,-2.518579444740594,0.0],[-79.38671289549103,-2.518530735055514,0.0],[-79.38663560333951,-2.518427314572898,0.0]]}},{"type":"Feature","properties":{"provincia":"AZUAY","canton":"CUENCA","parroquia":"MOLLETURO","desde":"JESUS DEL GRAN PODER","hasta":"LA SUYA","estado_sup":"BUENO","Suelo":"RURAL","ancho_via":9.7,"ancho_supe":4.5,"long_km":1.67224876339,"cod__via":"P019-2856","categoria":"VECINAL","cod__tramo":"P019-2856-1","identidad":null,"conexion":"OTROS","limituso":"Actualizado abril 2021","name":"28 jul. 2020 12:40:51 p. m.","importanci":"CONDUCE A PROYECTOS DE INTERES","cond__clim":"SECO - NUBLADO","tipo_terre":"LLANO","uso_derech":"-","f__carrile":"1 CARRIL BIDIRECCIONAL","puentes":0.0,"alcantaril":0.0,"reservas":"NO","curvas":1.0,"anio":"2020:GPA-GAD PARROQUIALES","levan_orig":"GPA-Planificacion (Michelle Castro)","responsabl":"GPA-Planificacion (Michelle Castro)","ninguna2":null,"conservaci":"MANTENIMIENTO PERIODICO","dist_merc":0.0,"destino":null,"riesgos_po":null,"alt_i":0.0,"alt_f":0.0,"velocidad":0.0,"visibilida":0.0,"intersecci":0.0,"shi_contin":0.0,"shi_cont_1":0.0,"shi_segmen":0.0,"shi_segm_1":0.0,"ninguna":null,"shc_contin":0.0,"shc_cont_1":0.0,"shc_segmen":0.0,"shc_segm_1":0.0,"ninguna1":null,"shd_contin":0.0,"shd_cont_1":0.0,"shd_segmen":0.0,"shd_segm_1":0.0,"sv_regulat":0.0,"sv_informa":0.0,"ES_SEGMENT":1,"sv_prevent":0.0,"long_i":676551.7117,"long_f":676006.5465,"lat_f":9722877.722,"lat_i":9721989.1882,"sectproduc":null,"producto":null,"lado":null,"estado":null,"tipo":null,"situacvia":null,"calzada_m":0.0,"derecho_m":0.0,"observacio":null,"begin_":null,"end_":null,"Shape__Len":1672.24876339,"id":2681.0,"id_FID_ini":2914,"id_0":2917,"solic_dere":null,"tipo_via":"9","tipo_sup":"LASTRE"},"geometry":{"type":"LineString","coordinates":[[-79.41205961011525,-2.514263630365013,102.05999999999767],[-79.4115674646523,-2.515177777474959,0.0],[-79.4113841695112,-2.518174256498088,0.0],[-79.41145082206752,-2.521620198070367,0.0],[-79.41140083282532,-2.523517960364153,0.0],[-79.41025107291313,-2.526497772801023,0.0],[-79.40955299965212,-2.528938999915272,0.0]]}},{"type":"Feature","properties":{"provincia":"AZUAY","canton":"CUENCA","parroquia":"MOLLETURO","desde":"Y DE PECHICHE","hasta":"LA COMPUERTA","estado_sup":"REGULAR","Suelo":"RURAL","ancho_via":8.0,"ancho_supe":5.0,"long_km":2.30707930443,"cod__via":"P015-2858","categoria":"VECINAL","cod__tramo":"P015-2858-2","identidad":null,"conexion":"ASENTAMIENTO HUMANO A ASENTAMIENTO HUMANO","limituso":null,"name":"19 ago. 2022 12:03:57","importanci":"CONDUCE A PROYECTOS PRODUCTIVOS","cond__clim":"SECO - NUBLADO","tipo_terre":"LLANO","uso_derech":"AGRICOLA","f__carrile":"2 CARRIL BIDIRECCIONAL","puentes":0.0,"alcantaril":0.0,"reservas":null,"curvas":1.0,"anio":"2022:GPA-GAD PARROQUIALES","levan_orig":"GPA-Planificacion (Diana Hernandez-David Cordova)","responsabl":"GPA-Planificacion (Diana Hernandez-David Cordova)","ninguna2":null,"conservaci":null,"dist_merc":0.0,"destino":null,"riesgos_po":null,"alt_i":0.0,"alt_f":0.0,"velocidad":40.0,"visibilida":0.0,"intersecci":0.0,"shi_contin":0.0,"shi_cont_1":0.0,"shi_segmen":0.0,"shi_segm_1":0.0,"ninguna":null,"shc_contin":0.0,"shc_cont_1":0.0,"shc_segmen":0.0,"shc_segm_1":0.0,"ninguna1":null,"shd_contin":0.0,"shd_cont_1":0.0,"shd_segmen":0.0,"shd_segm_1":0.0,"sv_regulat":0.0,"sv_informa":0.0,"ES_SEGMENT":1,"sv_prevent":0.0,"long_i":676283.3572,"long_f":672559.5429,"lat_f":9721985.9704,"lat_i":9719886.4049,"sectproduc":"AGRICULTURA","producto":"CACAO","lado":"IZQUIERDO","estado":"MALO","tipo":"SUELO NATURAL","situacvia":"TRANSITABLE","calzada_m":0.0,"derecho_m":0.0,"observacio":null,"begin_":null,"end_":null,"Shape__Len":2307.07930443,"id":2718.0,"id_FID_ini":2950,"id_0":2953,"solic_dere":null,"tipo_via":"5","tipo_sup":"LASTRE"},"geometry":{"type":"LineString","coordinates":[[-79.43026931957088,-2.525096079742461,67.92999999999302],[-79.43323410957153,-2.523326909658433,78.69000000000233],[-79.4349358697826,-2.522206449921852,74.91999999999825],[-79.43526396028855,-2.522081000076171,79.7100000000064],[-79.43738787032078,-2.520715390206433,71.35000000000582],[-79.44083069020955,-2.518668680437399,61.99000000000524],[-79.44094153043153,-2.518545559723785,60.419999999998254],[-79.44197653977245,-2.518011120188827,63.24000000000524],[-79.4434026297323,-2.517165910415956,68.38999999999942],[-79.44461692963966,-2.516337580180748,67.19000000000233],[-79.44585000965311,-2.515626550346298,62.38999999999942],[-79.44596315956794,-2.515510029867145,62.55000000000291],[-79.4473487902205,-2.514645499771874,61.55999999999767],[-79.44766568028787,-2.514525510189701,59.83999999999651],[-79.44795695667808,-2.514336141935342,0.0]]}},{"type":"Feature","properties":{"provincia":"AZUAY","canton":"CUENCA","parroquia":"MOLLETURO","desde":"Y ANTES DE LA SUYA","hasta":"JESUS DL GRAN PODER","estado_sup":"REGULAR","Suelo":"RURAL","ancho_via":5.0,"ancho_supe":2.6,"long_km":1.2867699592,"cod__via":"P019-2856","categoria":"VECINAL","cod__tramo":"P019-2856-4","identidad":null,"conexion":"OTROS","limituso":null,"name":"19 ago. 2022 11:27:40","importanci":"CONDUCE A PROYECTOS PRODUCTIVOS","cond__clim":"SECO - NUBLADO","tipo_terre":"LLANO","uso_derech":"AGRICOLA","f__carrile":"1 CARRIL BIDIRECCIONAL","puentes":0.0,"alcantaril":0.0,"reservas":null,"curvas":1.0,"anio":"2022:GPA-GAD PARROQUIALES","levan_orig":"GPA-Planificacion (Diana Hernandez-David Cordova)","responsabl":"GPA-Planificacion (Diana Hernandez-David Cordova)","ninguna2":null,"conservaci":null,"dist_merc":0.0,"destino":null,"riesgos_po":null,"alt_i":0.0,"alt_f":0.0,"velocidad":30.0,"visibilida":0.0,"intersecci":0.0,"shi_contin":0.0,"shi_cont_1":0.0,"shi_segmen":0.0,"shi_segm_1":0.0,"ninguna":null,"shc_contin":0.0,"shc_cont_1":0.0,"shc_segmen":0.0,"shc_segm_1":0.0,"ninguna1":null,"shd_contin":0.0,"shd_cont_1":0.0,"shd_segmen":0.0,"shd_segm_1":0.0,"sv_regulat":0.0,"sv_informa":0.0,"ES_SEGMENT":0,"sv_prevent":0.0,"long_i":678310.3583,"long_f":678342.626,"lat_f":9721269.402,"lat_i":9722266.664,"sectproduc":"AGRICULTURA","producto":"CACAO","lado":"IZQUIERDO","estado":"MALO","tipo":"SUELO NATURAL","situacvia":"TRANSITABLE","calzada_m":0.0,"derecho_m":0.0,"observacio":null,"begin_":null,"end_":null,"Shape__Len":1286.7699592,"id":2715.0,"id_FID_ini":2935,"id_0":2938,"solic_dere":null,"tipo_via":"9","tipo_sup":"TIERRA"},"geometry":{"type":"LineString","coordinates":[[-79.39624920996444,-2.511734820217303,0.0],[-79.39632835999727,-2.511794009582659,0.0],[-79.39635709992437,-2.511887339581604,0.0],[-79.39685877005974,-2.513873149966406,0.0],[-79.39759375004861,-2.517566270353685,0.0],[-79.39813548961352,-2.519666000114765,0.0],[-79.39832526006347,-2.52062007609575,0.0],[-79.39747094973573,-2.520831259576833,0.0],[-79.39693161993716,-2.520794889731741,0.0],[-79.39646921017108,-2.520685160224052,0.0],[-79.39594804132078,-2.520753270414346,0.0]]}},{"type":"Feature","properties":{"provincia":"AZUAY","canton":"CUENCA","parroquia":"MOLLETURO","desde":"SANTA TERESA DE PATUL","hasta":"Y ANTES DE LA SUYA","estado_sup":"REGULAR","Suelo":"RURAL","ancho_via":5.0,"ancho_supe":2.7,"long_km":1.53162435279,"cod__via":"P019-2856","categoria":"VECINAL","cod__tramo":"P019-2856-3","identidad":null,"conexion":"OTROS","limituso":null,"name":"19 ago. 2022 10:49:12","importanci":"CONDUCE A PROYECTOS PRODUCTIVOS","cond__clim":"SECO - NUBLADO","tipo_terre":"LLANO","uso_derech":"AGRICOLA","f__carrile":"1 CARRIL BIDIRECCIONAL","puentes":0.0,"alcantaril":0.0,"reservas":null,"curvas":3.0,"anio":"2022:GPA-GAD PARROQUIALES","levan_orig":"GPA-Planificacion (Diana Hernandez-David Cordova)","responsabl":"GPA-Planificacion (Diana Hernandez-David Cordova)","ninguna2":null,"conservaci":null,"dist_merc":0.0,"destino":null,"riesgos_po":null,"alt_i":0.0,"alt_f":0.0,"velocidad":30.0,"visibilida":0.0,"intersecci":0.0,"shi_contin":0.0,"shi_cont_1":0.0,"shi_segmen":0.0,"shi_segm_1":0.0,"ninguna":null,"shc_contin":0.0,"shc_cont_1":0.0,"shc_segmen":0.0,"shc_segm_1":0.0,"ninguna1":null,"shd_contin":0.0,"shd_cont_1":0.0,"shd_segmen":0.0,"shd_segm_1":0.0,"sv_regulat":0.0,"sv_informa":0.0,"ES_SEGMENT":0,"sv_prevent":0.0,"long_i":679378.2688,"long_f":678310.3583,"lat_f":9722266.664,"lat_i":9721782.5562,"sectproduc":"AGRICULTURA","producto":"CACAO","lado":null,"estado":null,"tipo":null,"situacvia":"TRANSITABLE","calzada_m":0.0,"derecho_m":0.0,"observacio":null,"begin_":null,"end_":null,"Shape__Len":1531.62435279,"id":2702.0,"id_FID_ini":2934,"id_0":2937,"solic_dere":null,"tipo_via":"9","tipo_sup":"TIERRA"},"geometry":{"type":"LineString","coordinates":[[-79.38664143379337,-2.516100977436885,0.0],[-79.38701635562794,-2.514780652179662,0.0],[-79.38706322107782,-2.514256267164148,0.0],[-79.38715695085095,-2.51396598273594,0.0],[-79.38750375351374,-2.513610150213614,0.0],[-79.38790448970457,-2.512901679722375,0.0],[-79.38814201981322,-2.512628320314736,0.0],[-79.38831760011502,-2.51251554985026,0.0],[-79.38843371983619,-2.512485470352301,0.0],[-79.38855027998882,-2.512525190416486,0.0],[-79.38884304962583,-2.512719299875559,0.0],[-79.38979873960365,-2.513141819582904,0.0],[-79.39133332002575,-2.5133213095726,0.0],[-79.3919688503548,-2.51335021033374,0.0],[-79.39560622006105,-2.513819719886946,0.0],[-79.39573232993223,-2.513672689583926,0.0],[-79.39593465040893,-2.512782079614209,0.0],[-79.39624920996444,-2.511734820217303,0.0]]}},{"type":"Feature","properties":{"provincia":"AZUAY","canton":"CUENCA","parroquia":"MOLLETURO","desde":"JESUS DEL GRAN PODER","hasta":"LA SUYA","estado_sup":"BUENO","Suelo":"RURAL","ancho_via":9.7,"ancho_supe":4.5,"long_km":0.26420093451,"cod__via":"P019-2856","categoria":"VECINAL","cod__tramo":"P019-2856-1","identidad":null,"conexion":"OTROS","limituso":"Actualizado abril 2021","name":"28 jul. 2020 12:40:51 p. m.","importanci":"CONDUCE A PROYECTOS DE INTERES","cond__clim":"SECO - NUBLADO","tipo_terre":"LLANO","uso_derech":"-","f__carrile":"1 CARRIL BIDIRECCIONAL","puentes":0.0,"alcantaril":0.0,"reservas":"NO","curvas":1.0,"anio":"2020:GPA-GAD PARROQUIALES","levan_orig":"GPA-Planificacion (Michelle Castro)","responsabl":"GPA-Planificacion (Michelle Castro)","ninguna2":null,"conservaci":"MANTENIMIENTO PERIODICO","dist_merc":0.0,"destino":null,"riesgos_po":null,"alt_i":0.0,"alt_f":0.0,"velocidad":0.0,"visibilida":0.0,"intersecci":0.0,"shi_contin":0.0,"shi_cont_1":0.0,"shi_segmen":0.0,"shi_segm_1":0.0,"ninguna":null,"shc_contin":0.0,"shc_cont_1":0.0,"shc_segmen":0.0,"shc_segm_1":0.0,"ninguna1":null,"shd_contin":0.0,"shd_cont_1":0.0,"shd_segmen":0.0,"shd_segm_1":0.0,"sv_regulat":0.0,"sv_informa":0.0,"ES_SEGMENT":1,"sv_prevent":0.0,"long_i":676551.7117,"long_f":676006.5465,"lat_f":9722877.722,"lat_i":9721989.1882,"sectproduc":null,"producto":null,"lado":null,"estado":null,"tipo":null,"situacvia":null,"calzada_m":0.0,"derecho_m":0.0,"observacio":null,"begin_":null,"end_":null,"Shape__Len":264.20093451,"id":2681.0,"id_FID_ini":2914,"id_0":2917,"solic_dere":null,"tipo_via":"9","tipo_sup":"LASTRE"},"geometry":{"type":"LineString","coordinates":[[-79.41265799957368,-2.511995000118852,0.0],[-79.41259104731267,-2.513072649138035,0.0],[-79.41230462929553,-2.51383799736131,0.0],[-79.41205961011525,-2.514263630365013,0.0]]}},{"type":"Feature","properties":{"provincia":"AZUAY","canton":"CUENCA","parroquia":"MOLLETURO","desde":"Y ANTES DE LA SUYA","hasta":"LOS LAURELES","estado_sup":"REGULAR","Suelo":"RURAL","ancho_via":5.0,"ancho_supe":2.6,"long_km":1.73758358326,"cod__via":"P019-2856","categoria":"VECINAL","cod__tramo":"P019-2856-2","identidad":null,"conexion":"OTROS","limituso":null,"name":"19 ago. 2022 10:57:20","importanci":"CONDUCE A PROYECTOS PRODUCTIVOS","cond__clim":"SECO - NUBLADO","tipo_terre":"LLANO","uso_derech":"AGRICOLA","f__carrile":"1 CARRIL BIDIRECCIONAL","puentes":0.0,"alcantaril":0.0,"reservas":null,"curvas":1.0,"anio":"2022:GPA-GAD PARROQUIALES","levan_orig":"GPA-Planificacion (Diana Hernandez-David Cordova)","responsabl":"GPA-Planificacion (Diana Hernandez-David Cordova)","ninguna2":null,"conservaci":null,"dist_merc":0.0,"destino":null,"riesgos_po":null,"alt_i":0.0,"alt_f":0.0,"velocidad":30.0,"visibilida":0.0,"intersecci":0.0,"shi_contin":0.0,"shi_cont_1":0.0,"shi_segmen":0.0,"shi_segm_1":0.0,"ninguna":null,"shc_contin":0.0,"shc_cont_1":0.0,"shc_segmen":0.0,"shc_segm_1":0.0,"ninguna1":null,"shd_contin":0.0,"shd_cont_1":0.0,"shd_segmen":0.0,"shd_segm_1":0.0,"sv_regulat":0.0,"sv_informa":0.0,"ES_SEGMENT":1,"sv_prevent":0.0,"long_i":678252.5627,"long_f":678252.5627,"lat_f":9722326.2294,"lat_i":9722326.2294,"sectproduc":"AGRICULTURA","producto":"CACAO","lado":null,"estado":null,"tipo":null,"situacvia":"TRANSITABLE","calzada_m":0.0,"derecho_m":0.0,"observacio":null,"begin_":null,"end_":null,"Shape__Len":1737.58358326,"id":2707.0,"id_FID_ini":2940,"id_0":2943,"solic_dere":null,"tipo_via":"9","tipo_sup":"LASTRE"},"geometry":{"type":"LineString","coordinates":[[-79.39676955251097,-2.511196777341461,112.37360000000626],[-79.3988968201341,-2.511596379805904,111.52000000000407],[-79.40898274993079,-2.51366793987792,98.63999999999942],[-79.40936566027538,-2.513732020136235,97.66000000000349],[-79.40952520018878,-2.513712079879784,99.89999999999418],[-79.41028174989341,-2.513922580134296,101.80999999999767],[-79.41205961011525,-2.514263630365013,102.05999999999767]]}},{"type":"Feature","properties":{"provincia":"AZUAY","canton":"CUENCA","parroquia":"MOLLETURO","desde":"Y ANTES DE LA SUYA","hasta":"LOS LAURELES","estado_sup":"REGULAR","Suelo":"RURAL","ancho_via":5.0,"ancho_supe":2.6,"long_km":0.133129215574,"cod__via":"P019-2856","categoria":"VECINAL","cod__tramo":"P019-2856-2","identidad":null,"conexion":"OTROS","limituso":null,"name":"19 ago. 2022 10:57:20","importanci":"CONDUCE A PROYECTOS PRODUCTIVOS","cond__clim":"SECO - NUBLADO","tipo_terre":"LLANO","uso_derech":"AGRICOLA","f__carrile":"1 CARRIL BIDIRECCIONAL","puentes":0.0,"alcantaril":0.0,"reservas":null,"curvas":1.0,"anio":"2022:GPA-GAD PARROQUIALES","levan_orig":"GPA-Planificacion (Diana Hernandez-David Cordova)","responsabl":"GPA-Planificacion (Diana Hernandez-David Cordova)","ninguna2":null,"conservaci":null,"dist_merc":0.0,"destino":null,"riesgos_po":null,"alt_i":0.0,"alt_f":0.0,"velocidad":30.0,"visibilida":0.0,"intersecci":0.0,"shi_contin":0.0,"shi_cont_1":0.0,"shi_segmen":0.0,"shi_segm_1":0.0,"ninguna":null,"shc_contin":0.0,"shc_cont_1":0.0,"shc_segmen":0.0,"shc_segm_1":0.0,"ninguna1":null,"shd_contin":0.0,"shd_cont_1":0.0,"shd_segmen":0.0,"shd_segm_1":0.0,"sv_regulat":0.0,"sv_informa":0.0,"ES_SEGMENT":1,"sv_prevent":0.0,"long_i":678252.5627,"long_f":678252.5627,"lat_f":9722326.2294,"lat_i":9722326.2294,"sectproduc":"AGRICULTURA","producto":"CACAO","lado":null,"estado":null,"tipo":null,"situacvia":"TRANSITABLE","calzada_m":0.0,"derecho_m":0.0,"observacio":null,"begin_":null,"end_":null,"Shape__Len":133.129215574,"id":2707.0,"id_FID_ini":2940,"id_0":2943,"solic_dere":null,"tipo_via":"9","tipo_sup":"LASTRE"},"geometry":{"type":"LineString","coordinates":[[-79.39624920996444,-2.511734820217303,0.0],[-79.39612226109308,-2.511252756247188,0.0],[-79.39624411081208,-2.511131024388181,0.0],[-79.39676955251097,-2.511196777341461,112.37360000000626]]}},{"type":"Feature","properties":{"provincia":"AZUAY","canton":"CUENCA","parroquia":"MOLLETURO","desde":"LA SUYA","hasta":"LA COMPUERTA","estado_sup":"REGULAR","Suelo":"RURAL","ancho_via":9.5,"ancho_supe":4.5,"long_km":3.6689523425,"cod__via":"P015-2858","categoria":"VECINAL","cod__tramo":"P015-2858-1","identidad":null,"conexion":"ASENTAMIENTO HUMANO A ASENTAMIENTO HUMANO","limituso":"Actualizado abril 2021","name":"28 jul. 2020 12:50:40 p. m.","importanci":"CONDUCE A PROYECTOS DE INTERES","cond__clim":"SECO - NUBLADO","tipo_terre":"LLANO","uso_derech":"-","f__carrile":"2 CARRIL BIDIRECCIONAL","puentes":0.0,"alcantaril":0.0,"reservas":"NO","curvas":3.0,"anio":"2020:GPA-GAD PARROQUIALES","levan_orig":"GPA-Planificacion (Michelle Castro)","responsabl":"GPA-Planificacion (Michelle Castro)","ninguna2":null,"conservaci":"MANTENIMIENTO PERIODICO","dist_merc":0.0,"destino":null,"riesgos_po":null,"alt_i":0.0,"alt_f":0.0,"velocidad":0.0,"visibilida":0.0,"intersecci":0.0,"shi_contin":0.0,"shi_cont_1":0.0,"shi_segmen":0.0,"shi_segm_1":0.0,"ninguna":null,"shc_contin":0.0,"shc_cont_1":0.0,"shc_segmen":0.0,"shc_segm_1":0.0,"ninguna1":null,"shd_contin":0.0,"shd_cont_1":0.0,"shd_segmen":0.0,"shd_segm_1":0.0,"sv_regulat":0.0,"sv_informa":0.0,"ES_SEGMENT":0,"sv_prevent":0.0,"long_i":676006.5465,"long_f":672559.5429,"lat_f":9721985.9704,"lat_i":9722877.722,"sectproduc":null,"producto":null,"lado":null,"estado":null,"tipo":null,"situacvia":null,"calzada_m":0.0,"derecho_m":0.0,"observacio":"VIAS FUERA DEL LIMITE PDOT (AREA DE INTERES)","begin_":null,"end_":null,"Shape__Len":3668.9523425,"id":2703.0,"id_FID_ini":2936,"id_0":2939,"solic_dere":null,"tipo_via":"5","tipo_sup":"LASTRE"},"geometry":{"type":"LineString","coordinates":[[-79.41697134214225,-2.506234016376572,0.0],[-79.41867899992336,-2.506517000324317,0.0],[-79.42584300011292,-2.507956999591809,0.0],[-79.4287910000373,-2.508500000237592,0.0],[-79.43029699983202,-2.508856999623255,0.0],[-79.43193900013662,-2.509109000181244,0.0],[-79.43389400041674,-2.509552000100195,0.0],[-79.43859399958458,-2.510495000302682,0.0],[-79.43940900009159,-2.510585000240067,0.0],[-79.44115900031326,-2.510623999996451,0.0],[-79.44151800025881,-2.51075200016701,0.0],[-79.44198900024482,-2.511061999603108,0.0],[-79.44227099978885,-2.51115699977121,0.0],[-79.44464999999192,-2.511656000194855,0.0],[-79.44620700026213,-2.51190300032634,0.0],[-79.4465649997373,-2.512095999869282,0.0],[-79.44675499998695,-2.512309999949469,0.0],[-79.44695700020479,-2.512632000143799,0.0],[-79.44761899992548,-2.514152000231425,0.0],[-79.4477879997139,-2.514283000190907,0.0],[-79.44795695667808,-2.514336141935342,0.0]]}},{"type":"Feature","properties":{"provincia":"AZUAY","canton":"CUENCA","parroquia":"MOLLETURO","desde":"JESUS DEL GRAN PODER","hasta":"LA SUYA","estado_sup":"BUENO","Suelo":"RURAL","ancho_via":9.7,"ancho_supe":4.5,"long_km":1.07241330862,"cod__via":"P019-2856","categoria":"VECINAL","cod__tramo":"P019-2856-1","identidad":null,"conexion":"OTROS","limituso":"Actualizado abril 2021","name":"28 jul. 2020 12:40:51 p. m.","importanci":"CONDUCE A PROYECTOS DE INTERES","cond__clim":"SECO - NUBLADO","tipo_terre":"LLANO","uso_derech":"-","f__carrile":"1 CARRIL BIDIRECCIONAL","puentes":0.0,"alcantaril":0.0,"reservas":"NO","curvas":1.0,"anio":"2020:GPA-GAD PARROQUIALES","levan_orig":"GPA-Planificacion (Michelle Castro)","responsabl":"GPA-Planificacion (Michelle Castro)","ninguna2":null,"conservaci":"MANTENIMIENTO PERIODICO","dist_merc":0.0,"destino":null,"riesgos_po":null,"alt_i":0.0,"alt_f":0.0,"velocidad":0.0,"visibilida":0.0,"intersecci":0.0,"shi_contin":0.0,"shi_cont_1":0.0,"shi_segmen":0.0,"shi_segm_1":0.0,"ninguna":null,"shc_contin":0.0,"shc_cont_1":0.0,"shc_segmen":0.0,"shc_segm_1":0.0,"ninguna1":null,"shd_contin":0.0,"shd_cont_1":0.0,"shd_segmen":0.0,"shd_segm_1":0.0,"sv_regulat":0.0,"sv_informa":0.0,"ES_SEGMENT":1,"sv_prevent":0.0,"long_i":676551.7117,"long_f":676006.5465,"lat_f":9722877.722,"lat_i":9721989.1882,"sectproduc":null,"producto":null,"lado":null,"estado":null,"tipo":null,"situacvia":null,"calzada_m":0.0,"derecho_m":0.0,"observacio":null,"begin_":null,"end_":null,"Shape__Len":1072.41330862,"id":2681.0,"id_FID_ini":2914,"id_0":2917,"solic_dere":null,"tipo_via":"9","tipo_sup":"LASTRE"},"geometry":{"type":"LineString","coordinates":[[-79.41265799957368,-2.511995000118852,0.0],[-79.41259300041756,-2.507749999745003,0.0],[-79.4126510000582,-2.507313999758256,0.0],[-79.41286999992636,-2.506925999873409,0.0],[-79.4131999999202,-2.506594999853017,0.0],[-79.41391100039067,-2.506018000334376,0.0],[-79.41416600025913,-2.505875000385684,0.0],[-79.41447467075331,-2.505789390763101,0.0],[-79.4152062520994,-2.505853741332813,0.0],[-79.41697134214225,-2.506234016376572,0.0]]}},{"type":"Feature","properties":{"provincia":"AZUAY","canton":"CUENCA","parroquia":"MOLLETURO","desde":"LA SUYA","hasta":"VIAS INTERNAS","estado_sup":"REGULAR","Suelo":"RURAL","ancho_via":6.0,"ancho_supe":3.6,"long_km":0.117843919635,"cod__via":"P019-2857","categoria":"VECINAL","cod__tramo":"P019-2857-3","identidad":null,"conexion":"OTROS","limituso":null,"name":null,"importanci":"VIA ALTERNA","cond__clim":"SECO - NUBLADO","tipo_terre":"LLANO","uso_derech":"INFRAESTRUCTURA FISICA","f__carrile":"1 CARRIL BIDIRECCIONAL","puentes":0.0,"alcantaril":0.0,"reservas":null,"curvas":0.0,"anio":"2022:GPA-GAD PARROQUIALES","levan_orig":"GPA-Planificacion (Diana Hernandez-David Cordova)","responsabl":"GPA-Planificacion (Diana Hernandez-David Cordova)","ninguna2":null,"conservaci":null,"dist_merc":0.0,"destino":null,"riesgos_po":null,"alt_i":0.0,"alt_f":0.0,"velocidad":30.0,"visibilida":0.0,"intersecci":0.0,"shi_contin":0.0,"shi_cont_1":0.0,"shi_segmen":0.0,"shi_segm_1":0.0,"ninguna":null,"shc_contin":0.0,"shc_cont_1":0.0,"shc_segmen":0.0,"shc_segm_1":0.0,"ninguna1":null,"shd_contin":0.0,"shd_cont_1":0.0,"shd_segmen":0.0,"shd_segm_1":0.0,"sv_regulat":0.0,"sv_informa":0.0,"ES_SEGMENT":0,"sv_prevent":0.0,"long_i":676100.9091,"long_f":676103.6215,"lat_f":9722895.48,"lat_i":9723013.2927,"sectproduc":"OTRO","producto":null,"lado":null,"estado":null,"tipo":null,"situacvia":"TRANSITABLE","calzada_m":0.0,"derecho_m":0.0,"observacio":null,"begin_":null,"end_":null,"Shape__Len":117.843919635,"id":2709.0,"id_FID_ini":2942,"id_0":2945,"solic_dere":null,"tipo_via":"9","tipo_sup":"TIERRA"},"geometry":{"type":"LineString","coordinates":[[-79.41612432269443,-2.505006929454478,0.0],[-79.41609865270952,-2.506072357828169,0.0]]}},{"type":"Feature","properties":{"provincia":"AZUAY","canton":"CUENCA","parroquia":"MOLLETURO","desde":"LA SUYA","hasta":"VIAS INTERNAS","estado_sup":"REGULAR","Suelo":"RURAL","ancho_via":11.8,"ancho_supe":3.5,"long_km":0.883857473868,"cod__via":"P015-2857","categoria":"VECINAL","cod__tramo":"P015-2857-1","identidad":null,"conexion":"ASENTAMIENTO HUMANO A ASENTAMIENTO HUMANO","limituso":"Actualizado abril 2021","name":"28 jul. 2020 12:47:20 p. m.","importanci":"VIA ALTERNA","cond__clim":"SECO - NUBLADO","tipo_terre":"LLANO","uso_derech":"INFRAESTRUCTURA FISICA","f__carrile":"1 CARRIL BIDIRECCIONAL","puentes":0.0,"alcantaril":0.0,"reservas":"NO","curvas":3.0,"anio":"2020:GPA-GAD PARROQUIALES","levan_orig":"GPA-Planificacion (Michelle Castro)","responsabl":"GPA-Planificacion (Michelle Castro)","ninguna2":null,"conservaci":"MANTENIMIENTO PERIODICO","dist_merc":0.0,"destino":null,"riesgos_po":null,"alt_i":0.0,"alt_f":0.0,"velocidad":0.0,"visibilida":0.0,"intersecci":0.0,"shi_contin":0.0,"shi_cont_1":0.0,"shi_segmen":0.0,"shi_segm_1":0.0,"ninguna":null,"shc_contin":0.0,"shc_cont_1":0.0,"shc_segmen":0.0,"shc_segm_1":0.0,"ninguna1":null,"shd_contin":0.0,"shd_cont_1":0.0,"shd_segmen":0.0,"shd_segm_1":0.0,"sv_regulat":0.0,"sv_informa":0.0,"ES_SEGMENT":1,"sv_prevent":0.0,"long_i":676260.1153,"long_f":676388.0071,"lat_f":9723160.7533,"lat_i":9722923.9614,"sectproduc":null,"producto":null,"lado":null,"estado":null,"tipo":null,"situacvia":null,"calzada_m":0.0,"derecho_m":0.0,"observacio":null,"begin_":null,"end_":null,"Shape__Len":883.857473868,"id":2688.0,"id_FID_ini":2921,"id_0":2924,"solic_dere":null,"tipo_via":"5","tipo_sup":"LASTRE"},"geometry":{"type":"LineString","coordinates":[[-79.41469179694687,-2.505813069978271,0.0],[-79.4143820000757,-2.505668999923715,87.85000000000582],[-79.41342000033686,-2.505486999742233,95.83000000000175],[-79.41336700026949,-2.50539100003696,95.83999999999651],[-79.41359100024735,-2.504268000188292,94.08999999999651],[-79.41437599956085,-2.504316999841291,92.63999999999942],[-79.41694699979888,-2.50428500021569,91.41000000000349],[-79.4170350001702,-2.504315000062998,91.38000000000466],[-79.41704500038782,-2.504436000336172,91.36000000000058],[-79.41702199961327,-2.505975000105204,92.94000000000233],[-79.41697232025756,-2.506234181255965,0.0]]}},{"type":"Feature","properties":{"provincia":"AZUAY","canton":"CUENCA","parroquia":"MOLLETURO","desde":"LA SUYA","hasta":"VIAS INTERNAS","estado_sup":"REGULAR","Suelo":"RURAL","ancho_via":6.0,"ancho_supe":3.6,"long_km":0.39461593321,"cod__via":"P019-2857","categoria":"VECINAL","cod__tramo":"P019-2857-2","identidad":null,"conexion":"OTROS","limituso":null,"name":null,"importanci":"VIA ALTERNA","cond__clim":"SECO - NUBLADO","tipo_terre":"LLANO","uso_derech":"INFRAESTRUCTURA FISICA","f__carrile":"1 CARRIL BIDIRECCIONAL","puentes":0.0,"alcantaril":0.0,"reservas":null,"curvas":0.0,"anio":"2022:GPA-GAD PARROQUIALES","levan_orig":"GPA-Planificacion (Diana Hernandez-David Cordova)","responsabl":"GPA-Planificacion (Diana Hernandez-David Cordova)","ninguna2":null,"conservaci":null,"dist_merc":0.0,"destino":null,"riesgos_po":null,"alt_i":0.0,"alt_f":0.0,"velocidad":30.0,"visibilida":0.0,"intersecci":0.0,"shi_contin":0.0,"shi_cont_1":0.0,"shi_segmen":0.0,"shi_segm_1":0.0,"ninguna":null,"shc_contin":0.0,"shc_cont_1":0.0,"shc_segmen":0.0,"shc_segm_1":0.0,"ninguna1":null,"shd_contin":0.0,"shd_cont_1":0.0,"shd_segmen":0.0,"shd_segm_1":0.0,"sv_regulat":0.0,"sv_informa":0.0,"ES_SEGMENT":0,"sv_prevent":0.0,"long_i":676395.6649,"long_f":676001.624,"lat_f":9723019.7596,"lat_i":9723019.5629,"sectproduc":"OTRO","producto":null,"lado":null,"estado":null,"tipo":null,"situacvia":"TRANSITABLE","calzada_m":0.0,"derecho_m":0.0,"observacio":null,"begin_":null,"end_":null,"Shape__Len":394.61593321,"id":2708.0,"id_FID_ini":2941,"id_0":2944,"solic_dere":null,"tipo_via":"9","tipo_sup":"TIERRA"},"geometry":{"type":"LineString","coordinates":[[-79.41347399977768,-2.504946999718472,0.0],[-79.41612432269443,-2.505006929454478,0.0],[-79.41660234741336,-2.504941381241787,0.0],[-79.41701714747109,-2.504949529821165,0.0]]}},{"type":"Feature","properties":{"provincia":"AZUAY","canton":"CUENCA","parroquia":"MOLLETURO","desde":"LA SUYA","hasta":"VIAS INTERNAS","estado_sup":"REGULAR","Suelo":"RURAL","ancho_via":6.0,"ancho_supe":3.6,"long_km":0.147854510258,"cod__via":"P019-2857","categoria":"VECINAL","cod__tramo":"P019-2857-6","identidad":null,"conexion":"OTROS","limituso":null,"name":null,"importanci":"VIA ALTERNA","cond__clim":"SECO - NUBLADO","tipo_terre":"LLANO","uso_derech":"INFRAESTRUCTURA FISICA","f__carrile":"1 CARRIL BIDIRECCIONAL","puentes":0.0,"alcantaril":0.0,"reservas":null,"curvas":0.0,"anio":"2022:GPA-GAD PARROQUIALES","levan_orig":"GPA-Planificacion (Diana Hernandez-David Cordova)","responsabl":"GPA-Planificacion (Diana Hernandez-David Cordova)","ninguna2":null,"conservaci":null,"dist_merc":0.0,"destino":null,"riesgos_po":null,"alt_i":0.0,"alt_f":0.0,"velocidad":30.0,"visibilida":0.0,"intersecci":0.0,"shi_contin":0.0,"shi_cont_1":0.0,"shi_segmen":0.0,"shi_segm_1":0.0,"ninguna":null,"shc_contin":0.0,"shc_cont_1":0.0,"shc_segmen":0.0,"shc_segm_1":0.0,"ninguna1":null,"shd_contin":0.0,"shd_cont_1":0.0,"shd_segmen":0.0,"shd_segm_1":0.0,"sv_regulat":0.0,"sv_informa":0.0,"ES_SEGMENT":1,"sv_prevent":0.0,"long_i":676318.504,"long_f":676295.2351,"lat_f":9723161.901,"lat_i":9722944.576,"sectproduc":"OTRO","producto":null,"lado":null,"estado":null,"tipo":null,"situacvia":"TRANSITABLE","calzada_m":0.0,"derecho_m":0.0,"observacio":null,"begin_":null,"end_":null,"Shape__Len":147.854510258,"id":2712.0,"id_FID_ini":2945,"id_0":2948,"solic_dere":null,"tipo_via":"9","tipo_sup":"LASTRE"},"geometry":{"type":"LineString","coordinates":[[-79.41416700038354,-2.505625999665368,0.0],[-79.41432235653546,-2.505177824632209,0.0],[-79.41437599956085,-2.504316999841291,0.0]]}},{"type":"Feature","properties":{"provincia":"AZUAY","canton":"CUENCA","parroquia":"MOLLETURO","desde":"LA SUYA","hasta":"VIAS INTERNAS","estado_sup":"REGULAR","Suelo":"RURAL","ancho_via":6.0,"ancho_supe":3.6,"long_km":0.14541140627,"cod__via":"P019-2857","categoria":"VECINAL","cod__tramo":"P019-2857-5","identidad":null,"conexion":"OTROS","limituso":null,"name":null,"importanci":"VIA ALTERNA","cond__clim":"SECO - NUBLADO","tipo_terre":"LLANO","uso_derech":"INFRAESTRUCTURA FISICA","f__carrile":"1 CARRIL BIDIRECCIONAL","puentes":0.0,"alcantaril":0.0,"reservas":null,"curvas":0.0,"anio":"2022:GPA-GAD PARROQUIALES","levan_orig":"GPA-Planificacion (Diana Hernandez-David Cordova)","responsabl":"GPA-Planificacion (Diana Hernandez-David Cordova)","ninguna2":null,"conservaci":null,"dist_merc":0.0,"destino":null,"riesgos_po":null,"alt_i":0.0,"alt_f":0.0,"velocidad":30.0,"visibilida":0.0,"intersecci":0.0,"shi_contin":0.0,"shi_cont_1":0.0,"shi_segmen":0.0,"shi_segm_1":0.0,"ninguna":null,"shc_contin":0.0,"shc_cont_1":0.0,"shc_segmen":0.0,"shc_segm_1":0.0,"ninguna1":null,"shd_contin":0.0,"shd_cont_1":0.0,"shd_segmen":0.0,"shd_segm_1":0.0,"sv_regulat":0.0,"sv_informa":0.0,"ES_SEGMENT":0,"sv_prevent":0.0,"long_i":676207.6726,"long_f":676207.4968,"lat_f":9723015.5601,"lat_i":9723160.9714,"sectproduc":"OTRO","producto":null,"lado":null,"estado":null,"tipo":null,"situacvia":"TRANSITABLE","calzada_m":0.0,"derecho_m":0.0,"observacio":null,"begin_":null,"end_":null,"Shape__Len":145.41140627,"id":2711.0,"id_FID_ini":2944,"id_0":2947,"solic_dere":null,"tipo_via":"9","tipo_sup":"TIERRA"},"geometry":{"type":"LineString","coordinates":[[-79.41516592945666,-2.503670206829523,0.0],[-79.41516592951594,-2.504985258557582,0.0]]}},{"type":"Feature","properties":{"provincia":"AZUAY","canton":"CUENCA","parroquia":"MOLLETURO","desde":"LA SUYA","hasta":"VIAS INTERNAS","estado_sup":"REGULAR","Suelo":"RURAL","ancho_via":6.0,"ancho_supe":3.6,"long_km":0.0725549778634,"cod__via":"P019-2857","categoria":"VECINAL","cod__tramo":"P019-2857-6","identidad":null,"conexion":"OTROS","limituso":null,"name":null,"importanci":"VIA ALTERNA","cond__clim":"SECO - NUBLADO","tipo_terre":"LLANO","uso_derech":"INFRAESTRUCTURA FISICA","f__carrile":"1 CARRIL BIDIRECCIONAL","puentes":0.0,"alcantaril":0.0,"reservas":null,"curvas":0.0,"anio":"2022:GPA-GAD PARROQUIALES","levan_orig":"GPA-Planificacion (Diana Hernandez-David Cordova)","responsabl":"GPA-Planificacion (Diana Hernandez-David Cordova)","ninguna2":null,"conservaci":null,"dist_merc":0.0,"destino":null,"riesgos_po":null,"alt_i":0.0,"alt_f":0.0,"velocidad":30.0,"visibilida":0.0,"intersecci":0.0,"shi_contin":0.0,"shi_cont_1":0.0,"shi_segmen":0.0,"shi_segm_1":0.0,"ninguna":null,"shc_contin":0.0,"shc_cont_1":0.0,"shc_segmen":0.0,"shc_segm_1":0.0,"ninguna1":null,"shd_contin":0.0,"shd_cont_1":0.0,"shd_segmen":0.0,"shd_segm_1":0.0,"sv_regulat":0.0,"sv_informa":0.0,"ES_SEGMENT":1,"sv_prevent":0.0,"long_i":676318.504,"long_f":676295.2351,"lat_f":9723161.901,"lat_i":9722944.576,"sectproduc":"OTRO","producto":null,"lado":null,"estado":null,"tipo":null,"situacvia":"TRANSITABLE","calzada_m":0.0,"derecho_m":0.0,"observacio":null,"begin_":null,"end_":null,"Shape__Len":72.5549778634,"id":2712.0,"id_FID_ini":2945,"id_0":2948,"solic_dere":null,"tipo_via":"9","tipo_sup":"LASTRE"},"geometry":{"type":"LineString","coordinates":[[-79.41437599956085,-2.504316999841291,0.0],[-79.41437859411226,-2.503660842522605,0.0]]}},{"type":"Feature","properties":{"provincia":"AZUAY","canton":"CUENCA","parroquia":"MOLLETURO","desde":"LA SUYA","hasta":"VIAS INTERNAS","estado_sup":"REGULAR","Suelo":"RURAL","ancho_via":6.0,"ancho_supe":3.6,"long_km":0.358368103175,"cod__via":"P019-2857","categoria":"VECINAL","cod__tramo":"P019-2857-4","identidad":null,"conexion":"OTROS","limituso":null,"name":null,"importanci":"VIA ALTERNA","cond__clim":"SECO - NUBLADO","tipo_terre":"LLANO","uso_derech":"INFRAESTRUCTURA FISICA","f__carrile":"1 CARRIL BIDIRECCIONAL","puentes":0.0,"alcantaril":0.0,"reservas":null,"curvas":0.0,"anio":"2022:GPA-GAD PARROQUIALES","levan_orig":"GPA-Planificacion (Diana Hernandez-David Cordova)","responsabl":"GPA-Planificacion (Diana Hernandez-David Cordova)","ninguna2":null,"conservaci":null,"dist_merc":0.0,"destino":null,"riesgos_po":null,"alt_i":0.0,"alt_f":0.0,"velocidad":30.0,"visibilida":0.0,"intersecci":0.0,"shi_contin":0.0,"shi_cont_1":0.0,"shi_segmen":0.0,"shi_segm_1":0.0,"ninguna":null,"shc_contin":0.0,"shc_cont_1":0.0,"shc_segmen":0.0,"shc_segm_1":0.0,"ninguna1":null,"shd_contin":0.0,"shd_cont_1":0.0,"shd_segmen":0.0,"shd_segm_1":0.0,"sv_regulat":0.0,"sv_informa":0.0,"ES_SEGMENT":0,"sv_prevent":0.0,"long_i":676388.0071,"long_f":676098.9278,"lat_f":9723092.5694,"lat_i":9723160.7533,"sectproduc":"OTRO","producto":null,"lado":null,"estado":null,"tipo":null,"situacvia":"TRANSITABLE","calzada_m":0.0,"derecho_m":0.0,"observacio":null,"begin_":null,"end_":null,"Shape__Len":358.368103175,"id":2710.0,"id_FID_ini":2943,"id_0":2946,"solic_dere":null,"tipo_via":"9","tipo_sup":"TIERRA"},"geometry":{"type":"LineString","coordinates":[[-79.41354439367007,-2.503670207120861,0.0],[-79.41615947114938,-2.503679570680229,0.0],[-79.41614299956103,-2.504289999552243,0.0]]}},{"type":"Feature","properties":{"provincia":"AZUAY","canton":"CUENCA","parroquia":"MOLLETURO","desde":"LA SUYA","hasta":"VIAS INTERNAS","estado_sup":"REGULAR","Suelo":"RURAL","ancho_via":11.8,"ancho_supe":3.5,"long_km":0.0663037269273,"cod__via":"P015-2857","categoria":"VECINAL","cod__tramo":"P015-2857-1","identidad":null,"conexion":"ASENTAMIENTO HUMANO A ASENTAMIENTO HUMANO","limituso":"Actualizado abril 2021","name":"28 jul. 2020 12:47:20 p. m.","importanci":"VIA ALTERNA","cond__clim":"SECO - NUBLADO","tipo_terre":"LLANO","uso_derech":"INFRAESTRUCTURA FISICA","f__carrile":"1 CARRIL BIDIRECCIONAL","puentes":0.0,"alcantaril":0.0,"reservas":"NO","curvas":3.0,"anio":"2020:GPA-GAD PARROQUIALES","levan_orig":"GPA-Planificacion (Michelle Castro)","responsabl":"GPA-Planificacion (Michelle Castro)","ninguna2":null,"conservaci":"MANTENIMIENTO PERIODICO","dist_merc":0.0,"destino":null,"riesgos_po":null,"alt_i":0.0,"alt_f":0.0,"velocidad":0.0,"visibilida":0.0,"intersecci":0.0,"shi_contin":0.0,"shi_cont_1":0.0,"shi_segmen":0.0,"shi_segm_1":0.0,"ninguna":null,"shc_contin":0.0,"shc_cont_1":0.0,"shc_segmen":0.0,"shc_segm_1":0.0,"ninguna1":null,"shd_contin":0.0,"shd_cont_1":0.0,"shd_segmen":0.0,"shd_segm_1":0.0,"sv_regulat":0.0,"sv_informa":0.0,"ES_SEGMENT":1,"sv_prevent":0.0,"long_i":676260.1153,"long_f":676388.0071,"lat_f":9723160.7533,"lat_i":9722923.9614,"sectproduc":null,"producto":null,"lado":null,"estado":null,"tipo":null,"situacvia":null,"calzada_m":0.0,"derecho_m":0.0,"observacio":null,"begin_":null,"end_":null,"Shape__Len":66.3037269273,"id":2688.0,"id_FID_ini":2921,"id_0":2924,"solic_dere":null,"tipo_via":"5","tipo_sup":"LASTRE"},"geometry":{"type":"LineString","coordinates":[[-79.41359100024735,-2.504268000188292,0.0],[-79.41354439367007,-2.503670207120861,0.0]]}}]}