{"type":"FeatureCollection","name":"Red_Vial_Estatal_Opt","crs":{"type":"name","properties":{"name":"urn:ogc:def:crs:OGC:1.3:CRS84"}},"features":[{"type":"Feature","properties":{"fcode":"AP030","descripcio":"SISTEMA DE TRANSPORTE O COMUNICACIÓN","acc":7,"acc_desc":"PRECISA","rst":8,"rst_desc":"TEMPORAL","typ":1,"typ_desc":"VÍA","hct":4,"hct_desc":"RUTA LOCAL","wtc":2,"wtc_desc":"ÉPOCA SECA","loc":44,"loc_desc":"EN CONTACTO CON LA SUPERFICIE DE LA TIERRA","ltn":-32767,"mes":0,"mes_desc":"NO EXISTE","tuc":45,"tuc_desc":"GENERAL","txt":null,"SHAPE_Leng":444.383303273,"Shape_Le_1":444.383303273},"geometry":{"type":"LineString","coordinates":[[-79.35308787789846,-2.528384198783689],[-79.35207455397854,-2.527566468960365],[-79.35091063852046,-2.526449482380998],[-79.3505735246156,-2.525962789617572],[-79.35036646811304,-2.525507729359136]]}},{"type":"Feature","properties":{"fcode":"AP030","descripcio":"SISTEMA DE TRANSPORTE O COMUNICACIÓN","acc":7,"acc_desc":"PRECISA","rst":2,"rst_desc":"SUELTO/NO PAVIMENTO","typ":1,"typ_desc":"VÍA","hct":15,"hct_desc":"RUTA SECUNDARIA","wtc":2,"wtc_desc":"ÉPOCA SECA","loc":44,"loc_desc":"EN CONTACTO CON LA SUPERFICIE DE LA TIERRA","ltn":-32767,"mes":0,"mes_desc":"NO EXISTE","tuc":45,"tuc_desc":"GENERAL","txt":null,"SHAPE_Leng":49.0559470997,"Shape_Le_1":49.0559470997},"geometry":{"type":"LineString","coordinates":[[-79.46442618754809,-2.61938802280265],[-79.46464973894986,-2.619765970126946]]}},{"type":"Feature","properties":{"fcode":"AP030","descripcio":"SISTEMA DE TRANSPORTE O COMUNICACIÓN","acc":7,"acc_desc":"PRECISA","rst":8,"rst_desc":"TEMPORAL","typ":1,"typ_desc":"VÍA","hct":4,"hct_desc":"RUTA LOCAL","wtc":2,"wtc_desc":"ÉPOCA SECA","loc":44,"loc_desc":"EN CONTACTO CON LA SUPERFICIE DE LA TIERRA","ltn":-32767,"mes":0,"mes_desc":"NO EXISTE","tuc":45,"tuc_desc":"GENERAL","txt":null,"SHAPE_Leng":1065.75765503,"Shape_Le_1":1065.75765503},"geometry":{"type":"LineString","coordinates":[[-79.45960191404994,-2.595417048591719],[-79.4603673238457,-2.595380001550837],[-79.46082560459111,-2.595293379663694],[-79.46160694707113,-2.594946146968307],[-79.46323553886545,-2.59448237839647],[-79.46554510903208,-2.593451934344562],[-79.46614373594609,-2.593091089718703],[-79.46643082634941,-2.592979476251091],[-79.46706932438687,-2.593113379774915],[-79.46764120188477,-2.593085497318682],[-79.46809909533224,-2.59302193342501],[-79.4686403475757,-2.59281159798897]]}},{"type":"Feature","properties":{"fcode":"AP030","descripcio":"SISTEMA DE TRANSPORTE O COMUNICACIÓN","acc":7,"acc_desc":"PRECISA","rst":8,"rst_desc":"TEMPORAL","typ":1,"typ_desc":"VÍA","hct":4,"hct_desc":"RUTA LOCAL","wtc":2,"wtc_desc":"ÉPOCA SECA","loc":44,"loc_desc":"EN CONTACTO CON LA SUPERFICIE DE LA TIERRA","ltn":-32767,"mes":0,"mes_desc":"NO EXISTE","tuc":45,"tuc_desc":"GENERAL","txt":null,"SHAPE_Leng":134.680714559,"Shape_Le_1":134.680714559},"geometry":{"type":"LineString","coordinates":[[-79.4638323443126,-2.586545691251855],[-79.46309438555205,-2.585579877503463]]}},{"type":"Feature","properties":{"fcode":"AP030","descripcio":"SISTEMA DE TRANSPORTE O COMUNICACIÓN","acc":7,"acc_desc":"PRECISA","rst":8,"rst_desc":"TEMPORAL","typ":1,"typ_desc":"VÍA","hct":4,"hct_desc":"RUTA LOCAL","wtc":2,"wtc_desc":"ÉPOCA SECA","loc":44,"loc_desc":"EN CONTACTO CON LA SUPERFICIE DE LA TIERRA","ltn":-32767,"mes":0,"mes_desc":"NO EXISTE","tuc":45,"tuc_desc":"GENERAL","txt":null,"SHAPE_Leng":1970.02389992,"Shape_Le_1":1970.02389992},"geometry":{"type":"LineString","coordinates":[[-79.43183444908325,-2.664134946849872],[-79.43148734242166,-2.664186865754066],[-79.43133166015838,-2.664268150380146],[-79.43070473411797,-2.66499572854866],[-79.42949847647377,-2.665510307299911],[-79.42883978359204,-2.666111773457013],[-79.42860262131796,-2.666833066490175],[-79.42858103780965,-2.667683328062031],[-79.4284947539766,-2.668211007946765],[-79.42825880091439,-2.668828932539714],[-79.42802495507318,-2.669274486657137],[-79.42773431772616,-2.66968478760889],[-79.42692618781902,-2.670544437161121],[-79.42654744393397,-2.671428694635402],[-79.42632112366339,-2.671613075501485],[-79.4252435645604,-2.672115692297648],[-79.42488826578669,-2.672666718500681],[-79.42478529758364,-2.672735408199011],[-79.42423701937197,-2.672642455431236],[-79.42403105353337,-2.67280289602284],[-79.42373390897824,-2.672813817212479],[-79.42264909938132,-2.672443977306579],[-79.42212313227428,-2.672626794297587],[-79.42176824726681,-2.672993870837514],[-79.4213211336407,-2.67375151464133],[-79.42039019199899,-2.675072043020717]]}},{"type":"Feature","properties":{"fcode":"AP030","descripcio":"SISTEMA DE TRANSPORTE O COMUNICACIÓN","acc":7,"acc_desc":"PRECISA","rst":8,"rst_desc":"TEMPORAL","typ":1,"typ_desc":"VÍA","hct":4,"hct_desc":"RUTA LOCAL","wtc":2,"wtc_desc":"ÉPOCA SECA","loc":44,"loc_desc":"EN CONTACTO CON LA SUPERFICIE DE LA TIERRA","ltn":-32767,"mes":0,"mes_desc":"NO EXISTE","tuc":45,"tuc_desc":"GENERAL","txt":null,"SHAPE_Leng":4187.0787234,"Shape_Le_1":4187.0787234},"geometry":{"type":"LineString","coordinates":[[-79.44192740507748,-2.572307967705935],[-79.43136200025084,-2.579559328981892],[-79.43099669988499,-2.578555112678095],[-79.4307941578412,-2.578288433419079],[-79.43049836271877,-2.578170046151428],[-79.4298817286803,-2.578116828053955],[-79.42959704189445,-2.578033091883326],[-79.4293020511088,-2.577845701841949],[-79.42897521161356,-2.577451171084992],[-79.42863315548833,-2.576412708713344],[-79.42827317251928,-2.574960293400449],[-79.42822921788427,-2.573844877249868],[-79.42841838305684,-2.571375995671931],[-79.42851605613849,-2.570848415577502],[-79.42882899748552,-2.569518742865399],[-79.4290501777955,-2.569176530648498],[-79.4293745266588,-2.568812560025124],[-79.43016005724027,-2.568109114801605],[-79.43074775357044,-2.567702149158023],[-79.4317237949676,-2.567322793243663],[-79.43206878054563,-2.567142886622406],[-79.43265647607151,-2.566736009881753],[-79.43281964700563,-2.566473580799475],[-79.4328260600421,-2.565933406210916],[-79.4326838317276,-2.5653916015432],[-79.43196844573076,-2.56402692498983],[-79.43193579209134,-2.563888696505593],[-79.43199427529606,-2.563639884942175],[-79.4320114085709,-2.56315733233175],[-79.43185928490716,-2.561657965143403],[-79.43186580086862,-2.561106395776413],[-79.4319287176897,-2.560612866117209],[-79.43232118569325,-2.559318647413129],[-79.4324612170949,-2.559078889155104],[-79.43281105328863,-2.558678771795285]]}},{"type":"Feature","properties":{"fcode":"AP030","descripcio":"SISTEMA DE TRANSPORTE O COMUNICACIÓN","acc":7,"acc_desc":"PRECISA","rst":8,"rst_desc":"TEMPORAL","typ":1,"typ_desc":"VÍA","hct":4,"hct_desc":"RUTA LOCAL","wtc":2,"wtc_desc":"ÉPOCA SECA","loc":44,"loc_desc":"EN CONTACTO CON LA SUPERFICIE DE LA TIERRA","ltn":-32767,"mes":0,"mes_desc":"NO EXISTE","tuc":45,"tuc_desc":"GENERAL","txt":null,"SHAPE_Leng":8499.79374916,"Shape_Le_1":8499.79374916},"geometry":{"type":"LineString","coordinates":[[-79.43183444908325,-2.664134946849872],[-79.43244496270803,-2.663797764002873],[-79.43271114145726,-2.663525074367615],[-79.4329228440267,-2.663021790394532],[-79.43315119534793,-2.66208198685615],[-79.4333731082535,-2.661682356706699],[-79.43366082846536,-2.661513335113161],[-79.434245957873,-2.661336282374008],[-79.43452386998835,-2.66102915013794],[-79.43515559390065,-2.660772209579701],[-79.4352826139417,-2.660670267785262],[-79.43546866483675,-2.660396570224723],[-79.43550996162382,-2.659810860003059],[-79.43569550459426,-2.659583194278882],[-79.43651356234025,-2.659041069358331],[-79.43689263487923,-2.658884643067533],[-79.4379353789942,-2.658666930496304],[-79.43838287285963,-2.658522799663139],[-79.43906138426189,-2.658174392563716],[-79.43919132952003,-2.657819590380384],[-79.43919485247766,-2.657520789236919],[-79.43913906112007,-2.657405229621139],[-79.43887951349834,-2.657126352267215],[-79.43865242237437,-2.65699728068992],[-79.43787787100263,-2.656769840771742],[-79.43759388421483,-2.65661709259398],[-79.43730270158329,-2.656107921225487],[-79.4372255765007,-2.655865631667348],[-79.43725253878708,-2.655521189678],[-79.43745080054998,-2.655190169248276],[-79.43846863758571,-2.654179104835098],[-79.43846335141609,-2.653661886005476],[-79.43834427345479,-2.653097314386945],[-79.43828430050525,-2.6523724721195],[-79.43832007077266,-2.65224644762093],[-79.43842375471306,-2.652178751028071],[-79.43854937031897,-2.652191662065924],[-79.43865135247297,-2.652261880503497],[-79.43918054022663,-2.652946169018528],[-79.43930585724938,-2.652982141225453],[-79.43940964571502,-2.652902868680643],[-79.43948118613984,-2.652650819497163],[-79.43930470428815,-2.652108603487206],[-79.43856335481469,-2.651008033578647],[-79.43814916818022,-2.650267548723794],[-79.4375169849943,-2.649605016016284],[-79.43745159342009,-2.64932837530161],[-79.43750279935713,-2.648869198732919],[-79.43759788256605,-2.648560023091629],[-79.43793599836312,-2.648000824400776],[-79.43826067853071,-2.647613801434906],[-79.43837578283565,-2.647546209515697],[-79.43850120375929,-2.647570605600018],[-79.43877185837532,-2.647884133479518],[-79.43887413900407,-2.647931290507494],[-79.43910273617344,-2.64793402174914],[-79.43932192690568,-2.647764186186854],[-79.43941509962389,-2.647615805644685],[-79.43945689779021,-2.646984152175908],[-79.43958885410159,-2.646456977669842],[-79.43964776392825,-2.646308282379845],[-79.44010007214649,-2.645761887823672],[-79.44050238452803,-2.645571120806016],[-79.44145406315883,-2.645317922014685],[-79.44319933346014,-2.64466020072639],[-79.44375271259538,-2.644264419388704],[-79.44405586070393,-2.643762238813418],[-79.44422156991317,-2.643281409089303],[-79.44422489530731,-2.642994182912642],[-79.44377918883302,-2.641057982193692],[-79.44364476308867,-2.640826563622993],[-79.4434528306762,-2.640628896382991],[-79.44298693142304,-2.640393533394901],[-79.44276134783016,-2.640138034075118],[-79.44274041510508,-2.63997693814704],[-79.44283307948666,-2.639874588900275],[-79.44296664258397,-2.639209497177032],[-79.4431200202494,-2.638808960644128],[-79.44314617267332,-2.638533429784522],[-79.44309500352848,-2.638027094983971],[-79.44315863900844,-2.637476137926815],[-79.44310465149431,-2.637211177905355],[-79.44234665827774,-2.636547135152785],[-79.44218310008102,-2.635878594832739],[-79.44202613157191,-2.635623905737548],[-79.44188979751685,-2.635553373734597],[-79.4417299210508,-2.63553996872153],[-79.44108448008768,-2.635992158775779],[-79.44080909804657,-2.636080893187205],[-79.44058160645183,-2.6359862803149],[-79.44046962037663,-2.635789618355855],[-79.44094175097483,-2.635496290400062],[-79.4411618479706,-2.635245964662625],[-79.44147681567732,-2.634709522965486],[-79.44167778405087,-2.634148609953901],[-79.44185109398092,-2.633989747971338],[-79.44211424967024,-2.633969820725206],[-79.44222814457369,-2.634005686768384],[-79.44267049950203,-2.634298175616248],[-79.44279602367558,-2.634311175504232],[-79.44317659328922,-2.634028221769761],[-79.4435591752236,-2.63357298641496],[-79.44375511817711,-2.633437304458238],[-79.4444153631599,-2.633663413662976],[-79.44580077055177,-2.633472790153029],[-79.44609708578919,-2.633545150153143],[-79.44656158308435,-2.63389545562076],[-79.44683425209824,-2.634036518694336],[-79.44695977653917,-2.634049518170579],[-79.44705203763546,-2.633981624469543],[-79.44706496401632,-2.633855298909565],[-79.44670665267037,-2.633230466732185],[-79.44610853388062,-2.632579830710875],[-79.44556550727512,-2.632102271402615],[-79.44542917316923,-2.632031649457405],[-79.4449268066443,-2.63197983192059],[-79.44438876224233,-2.632054039746633],[-79.44418542374103,-2.6318446925462],[-79.44402845469635,-2.631590003747507],[-79.44411743387647,-2.630832518029907],[-79.4440970071191,-2.63062538989353],[-79.44395156304468,-2.630359320469922],[-79.4433077641284,-2.629708084852373],[-79.44325267270477,-2.629535098794122],[-79.44333401930865,-2.629421068347889],[-79.44343729817795,-2.6293878262999],[-79.44353957810917,-2.629434982157834],[-79.44371998494044,-2.629644029114984],[-79.44399335329273,-2.629727664967886],[-79.44409523087845,-2.62980927710048],[-79.44439874728502,-2.630238061322744],[-79.44452395871662,-2.630285517215669],[-79.44465037749592,-2.63022951376206],[-79.4448240888578,-2.630036194501901],[-79.44507622561993,-2.629981705047519],[-79.44518821268319,-2.63017836672978],[-79.44518490339061,-2.63045419796912],[-79.44526313478967,-2.630604513215582],[-79.44549323503459,-2.63048081117623],[-79.44566714058439,-2.63027591594019],[-79.44632138949757,-2.630042229662699],[-79.44675915070898,-2.629759978205014],[-79.44759681784492,-2.629482386713885],[-79.44798589955937,-2.629441000377561],[-79.4481342510297,-2.629465694500525],[-79.44840662147134,-2.629629818078956],[-79.4489591626333,-2.630268458121488],[-79.44907265565482,-2.63033868939071],[-79.4495073168601,-2.630309297478447],[-79.45023329491396,-2.62981207140718],[-79.45035931147879,-2.629790523587336],[-79.45047320675555,-2.629826388789655],[-79.45090244465447,-2.630256686236896],[-79.45135592531057,-2.630572248017843],[-79.4517314718331,-2.630714613986064],[-79.45246183910014,-2.630815097388172],[-79.4536739527397,-2.630771751055692],[-79.45420047335013,-2.630709009842595],[-79.45455589033143,-2.630621184795082],[-79.45488967215272,-2.630429690450375],[-79.45512068087392,-2.630225497123422],[-79.45519071016922,-2.630099875103132],[-79.4550905439521,-2.629868861571364],[-79.4548429200313,-2.629544060950507],[-79.4547549647978,-2.629255724804249],[-79.4549079483777,-2.628878245054263],[-79.45510200183872,-2.627938019032192],[-79.4550488625222,-2.627711676428955],[-79.45484416344478,-2.62750974456887]]}},{"type":"Feature","properties":{"fcode":"AP030","descripcio":"SISTEMA DE TRANSPORTE O COMUNICACIÓN","acc":7,"acc_desc":"PRECISA","rst":8,"rst_desc":"TEMPORAL","typ":1,"typ_desc":"VÍA","hct":4,"hct_desc":"RUTA LOCAL","wtc":2,"wtc_desc":"ÉPOCA SECA","loc":44,"loc_desc":"EN CONTACTO CON LA SUPERFICIE DE LA TIERRA","ltn":-32767,"mes":0,"mes_desc":"NO EXISTE","tuc":45,"tuc_desc":"GENERAL","txt":null,"SHAPE_Leng":3737.10632055,"Shape_Le_1":3737.10632055},"geometry":{"type":"LineString","coordinates":[[-79.45484416344478,-2.62750974456887],[-79.45469581169031,-2.627484960867927],[-79.4545810078935,-2.627529585007647],[-79.4535188379391,-2.628425229384376],[-79.45335785887086,-2.628503800596935],[-79.45306003869516,-2.628557783036432],[-79.45269470639586,-2.628519072610021],[-79.45199989910911,-2.628315534979673],[-79.45074110729607,-2.628438770085],[-79.45047926273408,-2.628343754797753],[-79.45025276899865,-2.628168655471152],[-79.45009530614199,-2.627948423246408],[-79.44973059289626,-2.626898253952005],[-79.44973440702728,-2.626576480195599],[-79.44992515485781,-2.625912088940893],[-79.44995201848411,-2.625567553495621],[-79.44964601724314,-2.624380172852608],[-79.44961857827265,-2.623805133662931],[-79.4497148600627,-2.623392494442625],[-79.4499600888015,-2.622958606863555],[-79.45006327737217,-2.622925273289494],[-79.45028865395734,-2.623203831835468],[-79.45055731483787,-2.62367815227937],[-79.45074632874824,-2.624128678823399],[-79.45096257407714,-2.625177125515868],[-79.45115260075333,-2.625535587491313],[-79.45170634989381,-2.626070856846842],[-79.45205795167833,-2.626304805952915],[-79.45229696890667,-2.626388035347307],[-79.4528977175853,-2.625854836268043],[-79.45312011925778,-2.625409162349208],[-79.4531692130902,-2.62512244395228],[-79.45312954771244,-2.624616212128621],[-79.45299753221398,-2.624177965431771],[-79.45298091633373,-2.6236489718918],[-79.45359358965702,-2.623070024597244],[-79.45378202591893,-2.622600974848612],[-79.45399029514175,-2.622384995749167],[-79.4543330825012,-2.622400524583485],[-79.45524105587046,-2.622939849747524],[-79.45551452930972,-2.623011997128783],[-79.4559858492515,-2.622787571419895],[-79.45624109714963,-2.622468731204749],[-79.45644886008472,-2.62229878390851],[-79.45672413546174,-2.622221529086543],[-79.45686097625027,-2.622246117058193],[-79.45707645230866,-2.622386563564515],[-79.45735183175147,-2.622297823049179],[-79.45788135682051,-2.621982216051423],[-79.458156930125,-2.621881989834788],[-79.45845314147873,-2.621965831245028],[-79.45864467460156,-2.622197952467409],[-79.45912679250894,-2.622996668466435],[-79.45940948390239,-2.623252868785965],[-79.45958078120451,-2.623266375279703],[-79.45968416393245,-2.623221555326615],[-79.45980146863259,-2.62297010069604],[-79.4600142597864,-2.621409395907201],[-79.46016893719123,-2.620893997370124],[-79.46034294327546,-2.620677612276668],[-79.46071068596598,-2.620509489359089],[-79.46178745601392,-2.620315200742988],[-79.46270716228872,-2.61986613258261],[-79.46442618754809,-2.61938802280265]]}},{"type":"Feature","properties":{"fcode":"AP030","descripcio":"SISTEMA DE TRANSPORTE O COMUNICACIÓN","acc":7,"acc_desc":"PRECISA","rst":8,"rst_desc":"TEMPORAL","typ":1,"typ_desc":"VÍA","hct":4,"hct_desc":"RUTA LOCAL","wtc":2,"wtc_desc":"ÉPOCA SECA","loc":44,"loc_desc":"EN CONTACTO CON LA SUPERFICIE DE LA TIERRA","ltn":-32767,"mes":0,"mes_desc":"NO EXISTE","tuc":45,"tuc_desc":"GENERAL","txt":null,"SHAPE_Leng":2803.21607519,"Shape_Le_1":2803.21607519},"geometry":{"type":"LineString","coordinates":[[-79.43661527251925,-2.603537197062219],[-79.43701178641506,-2.603440290181594],[-79.43768663922656,-2.603402243038505],[-79.43877239258578,-2.603414900019957],[-79.43928607716606,-2.603466908042628],[-79.44007874025789,-2.603131375906561],[-79.44145420708132,-2.602802626677299],[-79.44186050823922,-2.602278592682746],[-79.44285031267106,-2.601704004402604],[-79.44431103760044,-2.600927960492532],[-79.44503407459284,-2.600683588965262],[-79.44597730179943,-2.600177400393473],[-79.44687133389051,-2.599969414151078],[-79.44711335310778,-2.599799871015846],[-79.44782998527555,-2.599130068953866],[-79.44863467613281,-2.598737205545482],[-79.44929331120736,-2.598135701351814],[-79.45067237705247,-2.597508134209449],[-79.45214430886313,-2.596755241328022],[-79.45237350783985,-2.59670044665042],[-79.45303573602426,-2.596765653702572],[-79.45375868166909,-2.596521184145803],[-79.45428307506437,-2.596642292725382],[-79.45543675902795,-2.596701681584739],[-79.45598699886978,-2.596570227069662],[-79.45702017429093,-2.596191473390349],[-79.45754877774706,-2.595956258559291],[-79.45804372877886,-2.595663211973527],[-79.45872139381937,-2.595383773847711],[-79.45911046616513,-2.595342287086949],[-79.45960191404994,-2.595417048591719]]}},{"type":"Feature","properties":{"fcode":"AP030","descripcio":"SISTEMA DE TRANSPORTE O COMUNICACIÓN","acc":7,"acc_desc":"PRECISA","rst":8,"rst_desc":"TEMPORAL","typ":1,"typ_desc":"VÍA","hct":4,"hct_desc":"RUTA LOCAL","wtc":2,"wtc_desc":"ÉPOCA SECA","loc":44,"loc_desc":"EN CONTACTO CON LA SUPERFICIE DE LA TIERRA","ltn":-32767,"mes":0,"mes_desc":"NO EXISTE","tuc":45,"tuc_desc":"GENERAL","txt":null,"SHAPE_Leng":1013.68646918,"Shape_Le_1":1013.68646918},"geometry":{"type":"LineString","coordinates":[[-79.45471458189098,-2.574612777099725],[-79.44916034495635,-2.567343546609397]]}},{"type":"Feature","properties":{"fcode":"AP030","descripcio":"SISTEMA DE TRANSPORTE O COMUNICACIÓN","acc":7,"acc_desc":"PRECISA","rst":8,"rst_desc":"TEMPORAL","typ":1,"typ_desc":"VÍA","hct":4,"hct_desc":"RUTA LOCAL","wtc":2,"wtc_desc":"ÉPOCA SECA","loc":44,"loc_desc":"EN CONTACTO CON LA SUPERFICIE DE LA TIERRA","ltn":-32767,"mes":0,"mes_desc":"NO EXISTE","tuc":45,"tuc_desc":"GENERAL","txt":null,"SHAPE_Leng":973.800018998,"Shape_Le_1":973.800018998},"geometry":{"type":"LineString","coordinates":[[-79.44916034495635,-2.567343546609397],[-79.44192740507748,-2.572307967705935]]}},{"type":"Feature","properties":{"fcode":"AP030","descripcio":"SISTEMA DE TRANSPORTE O COMUNICACIÓN","acc":7,"acc_desc":"PRECISA","rst":8,"rst_desc":"TEMPORAL","typ":1,"typ_desc":"VÍA","hct":4,"hct_desc":"RUTA LOCAL","wtc":2,"wtc_desc":"ÉPOCA SECA","loc":44,"loc_desc":"EN CONTACTO CON LA SUPERFICIE DE LA TIERRA","ltn":-32767,"mes":0,"mes_desc":"NO EXISTE","tuc":45,"tuc_desc":"GENERAL","txt":null,"SHAPE_Leng":1922.57826829,"Shape_Le_1":1922.57826829},"geometry":{"type":"LineString","coordinates":[[-79.43862617685559,-2.553556640188026],[-79.44916034495635,-2.567343546609397]]}},{"type":"Feature","properties":{"fcode":"AP030","descripcio":"SISTEMA DE TRANSPORTE O COMUNICACIÓN","acc":7,"acc_desc":"PRECISA","rst":8,"rst_desc":"TEMPORAL","typ":1,"typ_desc":"VÍA","hct":4,"hct_desc":"RUTA LOCAL","wtc":2,"wtc_desc":"ÉPOCA SECA","loc":44,"loc_desc":"EN CONTACTO CON LA SUPERFICIE DE LA TIERRA","ltn":-32767,"mes":0,"mes_desc":"NO EXISTE","tuc":45,"tuc_desc":"GENERAL","txt":null,"SHAPE_Leng":906.428360041,"Shape_Le_1":906.428360041},"geometry":{"type":"LineString","coordinates":[[-79.44568125416448,-2.54973925994014],[-79.44479727162974,-2.550073801559383],[-79.44381944592409,-2.550602579191542],[-79.44183442346109,-2.551257556341483],[-79.44061708753676,-2.551749139867636],[-79.44021381728096,-2.552020232707666],[-79.43927645307718,-2.552997805903852],[-79.43862617685559,-2.553556640188026]]}},{"type":"Feature","properties":{"fcode":"AP030","descripcio":"SISTEMA DE TRANSPORTE O COMUNICACIÓN","acc":7,"acc_desc":"PRECISA","rst":2,"rst_desc":"SUELTO/NO PAVIMENTO","typ":1,"typ_desc":"VÍA","hct":15,"hct_desc":"RUTA SECUNDARIA","wtc":1,"wtc_desc":"TODO EL AÑO","loc":44,"loc_desc":"EN CONTACTO CON LA SUPERFICIE DE LA TIERRA","ltn":1,"mes":0,"mes_desc":"NO EXISTE","tuc":45,"tuc_desc":"GENERAL","txt":null,"SHAPE_Leng":2701.84572968,"Shape_Le_1":2701.84572968},"geometry":{"type":"LineString","coordinates":[[-79.45398794378478,-2.53421550984486],[-79.43237261652902,-2.545371909801065]]}},{"type":"Feature","properties":{"fcode":"AP030","descripcio":"SISTEMA DE TRANSPORTE O COMUNICACIÓN","acc":7,"acc_desc":"PRECISA","rst":8,"rst_desc":"TEMPORAL","typ":1,"typ_desc":"VÍA","hct":4,"hct_desc":"RUTA LOCAL","wtc":2,"wtc_desc":"ÉPOCA SECA","loc":44,"loc_desc":"EN CONTACTO CON LA SUPERFICIE DE LA TIERRA","ltn":-32767,"mes":0,"mes_desc":"NO EXISTE","tuc":45,"tuc_desc":"GENERAL","txt":null,"SHAPE_Leng":1017.11513763,"Shape_Le_1":1017.11513763},"geometry":{"type":"LineString","coordinates":[[-79.45822866306727,-2.542176584261004],[-79.45679377673049,-2.539863532482942],[-79.45670006401087,-2.539536237181875],[-79.45670501321095,-2.538628604700458],[-79.4566122760129,-2.538407467269122],[-79.45518839224773,-2.536583087752468],[-79.45415080733103,-2.534695677866867],[-79.45398794378478,-2.53421550984486]]}},{"type":"Feature","properties":{"fcode":"AP030","descripcio":"SISTEMA DE TRANSPORTE O COMUNICACIÓN","acc":7,"acc_desc":"PRECISA","rst":8,"rst_desc":"TEMPORAL","typ":1,"typ_desc":"VÍA","hct":4,"hct_desc":"RUTA LOCAL","wtc":2,"wtc_desc":"ÉPOCA SECA","loc":44,"loc_desc":"EN CONTACTO CON LA SUPERFICIE DE LA TIERRA","ltn":-32767,"mes":0,"mes_desc":"NO EXISTE","tuc":45,"tuc_desc":"GENERAL","txt":null,"SHAPE_Leng":1245.07996682,"Shape_Le_1":1245.07996682},"geometry":{"type":"LineString","coordinates":[[-79.45667314737902,-2.517043112309481],[-79.45622266744489,-2.516472480167367],[-79.45603054570503,-2.516286310060858],[-79.45589352170009,-2.51627321427312],[-79.45562978265856,-2.516350586932423],[-79.45492494050545,-2.516997557854818],[-79.45469596445808,-2.517029390666726],[-79.45445696291011,-2.516946173867134],[-79.45394741290822,-2.516537960861455],[-79.45260315904451,-2.515189008148306],[-79.45158754811828,-2.514085264028955],[-79.45081826553663,-2.51340967721263],[-79.45057976897597,-2.513280518243875],[-79.44996284691554,-2.513261875370134],[-79.4495847317729,-2.513337934756169],[-79.44902210607584,-2.513561187853976],[-79.44800955340004,-2.514135616713257],[-79.44778269827005,-2.514123769446148]]}},{"type":"Feature","properties":{"fcode":"AP030","descripcio":"SISTEMA DE TRANSPORTE O COMUNICACIÓN","acc":7,"acc_desc":"PRECISA","rst":8,"rst_desc":"TEMPORAL","typ":1,"typ_desc":"VÍA","hct":4,"hct_desc":"RUTA LOCAL","wtc":2,"wtc_desc":"ÉPOCA SECA","loc":44,"loc_desc":"EN CONTACTO CON LA SUPERFICIE DE LA TIERRA","ltn":-32767,"mes":0,"mes_desc":"NO EXISTE","tuc":45,"tuc_desc":"GENERAL","txt":null,"SHAPE_Leng":900.664975623,"Shape_Le_1":900.664975623},"geometry":{"type":"LineString","coordinates":[[-79.44190150944267,-2.497278281978493],[-79.44242349354936,-2.497503551805623],[-79.44503981227962,-2.497933805821897],[-79.44528065956636,-2.498049491292617],[-79.4454984146023,-2.498303700315904],[-79.44562441656193,-2.498511676799359],[-79.44582430848968,-2.502565707911378]]}},{"type":"Feature","properties":{"fcode":"AP030","descripcio":"SISTEMA DE TRANSPORTE O COMUNICACIÓN","acc":7,"acc_desc":"PRECISA","rst":8,"rst_desc":"TEMPORAL","typ":1,"typ_desc":"VÍA","hct":4,"hct_desc":"RUTA LOCAL","wtc":2,"wtc_desc":"ÉPOCA SECA","loc":44,"loc_desc":"EN CONTACTO CON LA SUPERFICIE DE LA TIERRA","ltn":-32767,"mes":0,"mes_desc":"NO EXISTE","tuc":45,"tuc_desc":"GENERAL","txt":null,"SHAPE_Leng":809.148982302,"Shape_Le_1":809.148982302},"geometry":{"type":"LineString","coordinates":[[-79.44555484865698,-2.491979888614676],[-79.44518190745627,-2.492327361018111],[-79.4449538532763,-2.492727549731515],[-79.44488245887075,-2.492956363520073],[-79.44483777670432,-2.494787318097806],[-79.44490836465562,-2.495245108697455],[-79.44489388847245,-2.495473990055324],[-79.44476562546689,-2.495659778066372],[-79.4432715017222,-2.496373274145726],[-79.44255957559677,-2.497016163293054],[-79.44213264096722,-2.497244552833066],[-79.44190150944267,-2.497278281978493]]}},{"type":"Feature","properties":{"fcode":"AP030","descripcio":"SISTEMA DE TRANSPORTE O COMUNICACIÓN","acc":7,"acc_desc":"PRECISA","rst":8,"rst_desc":"TEMPORAL","typ":1,"typ_desc":"VÍA","hct":4,"hct_desc":"RUTA LOCAL","wtc":2,"wtc_desc":"ÉPOCA SECA","loc":44,"loc_desc":"EN CONTACTO CON LA SUPERFICIE DE LA TIERRA","ltn":-32767,"mes":0,"mes_desc":"NO EXISTE","tuc":45,"tuc_desc":"GENERAL","txt":null,"SHAPE_Leng":1816.28957521,"Shape_Le_1":1816.28957521},"geometry":{"type":"LineString","coordinates":[[-79.43281105328863,-2.558678771795285],[-79.44192740507748,-2.572307967705935]]}},{"type":"Feature","properties":{"fcode":"AP030","descripcio":"SISTEMA DE TRANSPORTE O COMUNICACIÓN","acc":7,"acc_desc":"PRECISA","rst":8,"rst_desc":"TEMPORAL","typ":1,"typ_desc":"VÍA","hct":4,"hct_desc":"RUTA LOCAL","wtc":2,"wtc_desc":"ÉPOCA SECA","loc":44,"loc_desc":"EN CONTACTO CON LA SUPERFICIE DE LA TIERRA","ltn":-32767,"mes":0,"mes_desc":"NO EXISTE","tuc":45,"tuc_desc":"GENERAL","txt":null,"SHAPE_Leng":861.150979887,"Shape_Le_1":861.150979887},"geometry":{"type":"LineString","coordinates":[[-79.43862617685559,-2.553556640188026],[-79.43737076130174,-2.554676622847581],[-79.43618256783324,-2.555605228941069],[-79.43474775492635,-2.557094242935669],[-79.43435499537642,-2.557445924781244],[-79.43281105328863,-2.558678771795285]]}},{"type":"Feature","properties":{"fcode":"AP030","descripcio":"SISTEMA DE TRANSPORTE O COMUNICACIÓN","acc":7,"acc_desc":"PRECISA","rst":8,"rst_desc":"TEMPORAL","typ":1,"typ_desc":"VÍA","hct":4,"hct_desc":"RUTA LOCAL","wtc":2,"wtc_desc":"ÉPOCA SECA","loc":44,"loc_desc":"EN CONTACTO CON LA SUPERFICIE DE LA TIERRA","ltn":-32767,"mes":0,"mes_desc":"NO EXISTE","tuc":45,"tuc_desc":"GENERAL","txt":null,"SHAPE_Leng":1141.35505453,"Shape_Le_1":1141.35505453},"geometry":{"type":"LineString","coordinates":[[-79.43237261652902,-2.545371909801065],[-79.43862617685559,-2.553556640188026]]}},{"type":"Feature","properties":{"fcode":"AP030","descripcio":"SISTEMA DE TRANSPORTE O COMUNICACIÓN","acc":7,"acc_desc":"PRECISA","rst":8,"rst_desc":"TEMPORAL","typ":1,"typ_desc":"VÍA","hct":4,"hct_desc":"RUTA LOCAL","wtc":2,"wtc_desc":"ÉPOCA SECA","loc":44,"loc_desc":"EN CONTACTO CON LA SUPERFICIE DE LA TIERRA","ltn":-32767,"mes":0,"mes_desc":"NO EXISTE","tuc":45,"tuc_desc":"GENERAL","txt":null,"SHAPE_Leng":837.288037655,"Shape_Le_1":837.288037655},"geometry":{"type":"LineString","coordinates":[[-79.43237261652902,-2.545371909801065],[-79.4261685619867,-2.549662063966535]]}},{"type":"Feature","properties":{"fcode":"AP030","descripcio":"SISTEMA DE TRANSPORTE O COMUNICACIÓN","acc":7,"acc_desc":"PRECISA","rst":8,"rst_desc":"TEMPORAL","typ":1,"typ_desc":"VÍA","hct":4,"hct_desc":"RUTA LOCAL","wtc":2,"wtc_desc":"ÉPOCA SECA","loc":44,"loc_desc":"EN CONTACTO CON LA SUPERFICIE DE LA TIERRA","ltn":-32767,"mes":0,"mes_desc":"NO EXISTE","tuc":45,"tuc_desc":"GENERAL","txt":null,"SHAPE_Leng":2092.26447862,"Shape_Le_1":2092.26447862},"geometry":{"type":"LineString","coordinates":[[-79.420909003981,-2.530368291126274],[-79.43237261652902,-2.545371909801065]]}},{"type":"Feature","properties":{"fcode":"AP030","descripcio":"SISTEMA DE TRANSPORTE O COMUNICACIÓN","acc":7,"acc_desc":"PRECISA","rst":8,"rst_desc":"TEMPORAL","typ":1,"typ_desc":"VÍA","hct":4,"hct_desc":"RUTA LOCAL","wtc":2,"wtc_desc":"ÉPOCA SECA","loc":44,"loc_desc":"EN CONTACTO CON LA SUPERFICIE DE LA TIERRA","ltn":-32767,"mes":0,"mes_desc":"NO EXISTE","tuc":45,"tuc_desc":"GENERAL","txt":null,"SHAPE_Leng":3486.86100076,"Shape_Le_1":3486.86100076},"geometry":{"type":"LineString","coordinates":[[-79.44778269827005,-2.514123769446148],[-79.420909003981,-2.530368291126274]]}},{"type":"Feature","properties":{"fcode":"AP030","descripcio":"SISTEMA DE TRANSPORTE O COMUNICACIÓN","acc":7,"acc_desc":"PRECISA","rst":8,"rst_desc":"TEMPORAL","typ":1,"typ_desc":"VÍA","hct":4,"hct_desc":"RUTA LOCAL","wtc":2,"wtc_desc":"ÉPOCA SECA","loc":44,"loc_desc":"EN CONTACTO CON LA SUPERFICIE DE LA TIERRA","ltn":-32767,"mes":0,"mes_desc":"NO EXISTE","tuc":45,"tuc_desc":"GENERAL","txt":null,"SHAPE_Leng":3643.40651091,"Shape_Le_1":3643.40651091},"geometry":{"type":"LineString","coordinates":[[-79.41714518870391,-2.506029768196882],[-79.42146444232462,-2.506918850325883],[-79.42388318527419,-2.50728036336786],[-79.42986977691785,-2.508441939299725],[-79.43275610276935,-2.50888937619416],[-79.43602637074119,-2.509732029681095],[-79.43961697850764,-2.510543861020728],[-79.4416819644676,-2.510866758837897],[-79.44415474118327,-2.511493199709022],[-79.44642548222131,-2.511806932367955],[-79.4468687179522,-2.512018996785237],[-79.4470603469939,-2.51223962338018],[-79.44711633425065,-2.512343694073549],[-79.44724236601111,-2.513287656439426],[-79.4473743005578,-2.513725986657235],[-79.44759927109799,-2.514038900092569],[-79.44778269827005,-2.514123769446148]]}},{"type":"Feature","properties":{"fcode":"AP030","descripcio":"SISTEMA DE TRANSPORTE O COMUNICACIÓN","acc":7,"acc_desc":"PRECISA","rst":8,"rst_desc":"TEMPORAL","typ":1,"typ_desc":"VÍA","hct":4,"hct_desc":"RUTA LOCAL","wtc":2,"wtc_desc":"ÉPOCA SECA","loc":44,"loc_desc":"EN CONTACTO CON LA SUPERFICIE DE LA TIERRA","ltn":-32767,"mes":0,"mes_desc":"NO EXISTE","tuc":45,"tuc_desc":"GENERAL","txt":null,"SHAPE_Leng":958.484215089,"Shape_Le_1":958.484215089},"geometry":{"type":"LineString","coordinates":[[-79.44190150944267,-2.497278281978493],[-79.44171937819671,-2.497240442711545],[-79.44061179937911,-2.496441641237656],[-79.44010002131826,-2.496255181127251],[-79.43958790617704,-2.496354684720711],[-79.43867692185755,-2.497054580085551],[-79.4383068666852,-2.497240077973218],[-79.43785180510713,-2.497225245048104],[-79.43716920494407,-2.497095645862827],[-79.43694181225857,-2.49700954864972],[-79.43540688375721,-2.496034965772425],[-79.43432001142155,-2.495449348039302]]}},{"type":"Feature","properties":{"fcode":"AP030","descripcio":"SISTEMA DE TRANSPORTE O COMUNICACIÓN","acc":7,"acc_desc":"PRECISA","rst":8,"rst_desc":"TEMPORAL","typ":1,"typ_desc":"VÍA","hct":4,"hct_desc":"RUTA LOCAL","wtc":2,"wtc_desc":"ÉPOCA SECA","loc":44,"loc_desc":"EN CONTACTO CON LA SUPERFICIE DE LA TIERRA","ltn":-32767,"mes":0,"mes_desc":"NO EXISTE","tuc":45,"tuc_desc":"GENERAL","txt":null,"SHAPE_Leng":194.828580939,"Shape_Le_1":194.828580939},"geometry":{"type":"LineString","coordinates":[[-79.43432001142155,-2.495449348039302],[-79.43279016371801,-2.494592520103976]]}},{"type":"Feature","properties":{"fcode":"AP030","descripcio":"SISTEMA DE TRANSPORTE O COMUNICACIÓN","acc":7,"acc_desc":"PRECISA","rst":8,"rst_desc":"TEMPORAL","typ":1,"typ_desc":"VÍA","hct":4,"hct_desc":"RUTA LOCAL","wtc":2,"wtc_desc":"ÉPOCA SECA","loc":44,"loc_desc":"EN CONTACTO CON LA SUPERFICIE DE LA TIERRA","ltn":-32767,"mes":0,"mes_desc":"NO EXISTE","tuc":45,"tuc_desc":"GENERAL","txt":null,"SHAPE_Leng":123.396861652,"Shape_Le_1":123.396861652},"geometry":{"type":"LineString","coordinates":[[-79.43441914481055,-2.494348660903264],[-79.4343116877422,-2.49480858810889],[-79.43432001142155,-2.495449348039302]]}},{"type":"Feature","properties":{"fcode":"AP030","descripcio":"SISTEMA DE TRANSPORTE O COMUNICACIÓN","acc":7,"acc_desc":"PRECISA","rst":2,"rst_desc":"SUELTO/NO PAVIMENTO","typ":1,"typ_desc":"VÍA","hct":15,"hct_desc":"RUTA SECUNDARIA","wtc":1,"wtc_desc":"TODO EL AÑO","loc":44,"loc_desc":"EN CONTACTO CON LA SUPERFICIE DE LA TIERRA","ltn":1,"mes":0,"mes_desc":"NO EXISTE","tuc":45,"tuc_desc":"GENERAL","txt":null,"SHAPE_Leng":1621.43247556,"Shape_Le_1":1621.43247556},"geometry":{"type":"LineString","coordinates":[[-79.44555484865698,-2.491979888614676],[-79.44644269899949,-2.491909857620777],[-79.44722944002447,-2.491951397170865],[-79.44759234838047,-2.492185157659307],[-79.44797508953336,-2.492682840097803],[-79.4481661493866,-2.493312063785372],[-79.4487798236707,-2.494712954718893],[-79.44908186604222,-2.495169844681665],[-79.44951527873297,-2.495474773396416],[-79.45019109349468,-2.495566826464046],[-79.45094780350736,-2.495456122044928],[-79.45095814759115,-2.495222803595152],[-79.45090796424702,-2.494999542560386],[-79.4504952816549,-2.494268493778757],[-79.4505460111625,-2.494025094101993],[-79.45117187269113,-2.493619947951753],[-79.45266518460427,-2.4933681249108],[-79.45430969580656,-2.493309202551516],[-79.45519425724113,-2.493364238365437],[-79.45599970338274,-2.493485019527995]]}},{"type":"Feature","properties":{"fcode":"AP030","descripcio":"SISTEMA DE TRANSPORTE O COMUNICACIÓN","acc":7,"acc_desc":"PRECISA","rst":8,"rst_desc":"TEMPORAL","typ":1,"typ_desc":"VÍA","hct":4,"hct_desc":"RUTA LOCAL","wtc":2,"wtc_desc":"ÉPOCA SECA","loc":44,"loc_desc":"EN CONTACTO CON LA SUPERFICIE DE LA TIERRA","ltn":-32767,"mes":0,"mes_desc":"NO EXISTE","tuc":45,"tuc_desc":"GENERAL","txt":null,"SHAPE_Leng":31.5142904091,"Shape_Le_1":31.5142904091},"geometry":{"type":"LineString","coordinates":[[-79.45600471142231,-2.49320005380338],[-79.45599970338274,-2.493485019527995]]}},{"type":"Feature","properties":{"fcode":"AP030","descripcio":"SISTEMA DE TRANSPORTE O COMUNICACIÓN","acc":7,"acc_desc":"PRECISA","rst":8,"rst_desc":"TEMPORAL","typ":1,"typ_desc":"VÍA","hct":4,"hct_desc":"RUTA LOCAL","wtc":2,"wtc_desc":"ÉPOCA SECA","loc":44,"loc_desc":"EN CONTACTO CON LA SUPERFICIE DE LA TIERRA","ltn":-32767,"mes":0,"mes_desc":"NO EXISTE","tuc":45,"tuc_desc":"GENERAL","txt":null,"SHAPE_Leng":424.857341234,"Shape_Le_1":424.857341234},"geometry":{"type":"LineString","coordinates":[[-79.45607195019878,-2.489358306490983],[-79.45600471142231,-2.49320005380338]]}},{"type":"Feature","properties":{"fcode":"AP030","descripcio":"SISTEMA DE TRANSPORTE O COMUNICACIÓN","acc":7,"acc_desc":"PRECISA","rst":2,"rst_desc":"SUELTO/NO PAVIMENTO","typ":1,"typ_desc":"VÍA","hct":15,"hct_desc":"RUTA SECUNDARIA","wtc":1,"wtc_desc":"TODO EL AÑO","loc":44,"loc_desc":"EN CONTACTO CON LA SUPERFICIE DE LA TIERRA","ltn":1,"mes":0,"mes_desc":"NO EXISTE","tuc":45,"tuc_desc":"GENERAL","txt":null,"SHAPE_Leng":266.609589576,"Shape_Le_1":266.609589576},"geometry":{"type":"LineString","coordinates":[[-79.44473330145077,-2.489722756767055],[-79.44495123718752,-2.490589140050406],[-79.44555484865698,-2.491979888614676]]}},{"type":"Feature","properties":{"fcode":"AP030","descripcio":"SISTEMA DE TRANSPORTE O COMUNICACIÓN","acc":7,"acc_desc":"PRECISA","rst":8,"rst_desc":"TEMPORAL","typ":1,"typ_desc":"VÍA","hct":4,"hct_desc":"RUTA LOCAL","wtc":2,"wtc_desc":"ÉPOCA SECA","loc":44,"loc_desc":"EN CONTACTO CON LA SUPERFICIE DE LA TIERRA","ltn":-32767,"mes":0,"mes_desc":"NO EXISTE","tuc":45,"tuc_desc":"GENERAL","txt":null,"SHAPE_Leng":357.478017585,"Shape_Le_1":357.478017585},"geometry":{"type":"LineString","coordinates":[[-79.44473330145077,-2.489722756767055],[-79.4435140825307,-2.489657370249186],[-79.4415295340046,-2.489468258571635]]}},{"type":"Feature","properties":{"fcode":"AP030","descripcio":"SISTEMA DE TRANSPORTE O COMUNICACIÓN","acc":7,"acc_desc":"PRECISA","rst":2,"rst_desc":"SUELTO/NO PAVIMENTO","typ":1,"typ_desc":"VÍA","hct":15,"hct_desc":"RUTA SECUNDARIA","wtc":1,"wtc_desc":"TODO EL AÑO","loc":44,"loc_desc":"EN CONTACTO CON LA SUPERFICIE DE LA TIERRA","ltn":1,"mes":0,"mes_desc":"NO EXISTE","tuc":45,"tuc_desc":"GENERAL","txt":null,"SHAPE_Leng":178.23179796,"Shape_Le_1":178.23179796},"geometry":{"type":"LineString","coordinates":[[-79.44439957191165,-2.488147925993583],[-79.44449943473553,-2.488792776816865],[-79.44473330145077,-2.489722756767055]]}},{"type":"Feature","properties":{"fcode":"AP030","descripcio":"SISTEMA DE TRANSPORTE O COMUNICACIÓN","acc":7,"acc_desc":"PRECISA","rst":8,"rst_desc":"TEMPORAL","typ":1,"typ_desc":"VÍA","hct":4,"hct_desc":"RUTA LOCAL","wtc":2,"wtc_desc":"ÉPOCA SECA","loc":44,"loc_desc":"EN CONTACTO CON LA SUPERFICIE DE LA TIERRA","ltn":-32767,"mes":0,"mes_desc":"NO EXISTE","tuc":45,"tuc_desc":"GENERAL","txt":null,"SHAPE_Leng":1232.45151372,"Shape_Le_1":1232.45151372},"geometry":{"type":"LineString","coordinates":[[-79.45607195019878,-2.489358306490983],[-79.44504952587731,-2.488204858538753]]}},{"type":"Feature","properties":{"fcode":"AP030","descripcio":"SISTEMA DE TRANSPORTE O COMUNICACIÓN","acc":7,"acc_desc":"PRECISA","rst":8,"rst_desc":"TEMPORAL","typ":1,"typ_desc":"VÍA","hct":4,"hct_desc":"RUTA LOCAL","wtc":2,"wtc_desc":"ÉPOCA SECA","loc":44,"loc_desc":"EN CONTACTO CON LA SUPERFICIE DE LA TIERRA","ltn":-32767,"mes":0,"mes_desc":"NO EXISTE","tuc":45,"tuc_desc":"GENERAL","txt":null,"SHAPE_Leng":142.129264052,"Shape_Le_1":142.129264052},"geometry":{"type":"LineString","coordinates":[[-79.45609448676305,-2.488073111735116],[-79.45607195019878,-2.489358306490983]]}},{"type":"Feature","properties":{"fcode":"AP030","descripcio":"SISTEMA DE TRANSPORTE O COMUNICACIÓN","acc":7,"acc_desc":"PRECISA","rst":2,"rst_desc":"SUELTO/NO PAVIMENTO","typ":1,"typ_desc":"VÍA","hct":15,"hct_desc":"RUTA SECUNDARIA","wtc":1,"wtc_desc":"TODO EL AÑO","loc":44,"loc_desc":"EN CONTACTO CON LA SUPERFICIE DE LA TIERRA","ltn":1,"mes":0,"mes_desc":"NO EXISTE","tuc":45,"tuc_desc":"GENERAL","txt":null,"SHAPE_Leng":72.5562416338,"Shape_Le_1":72.5562416338},"geometry":{"type":"LineString","coordinates":[[-79.44504952587731,-2.488204858538753],[-79.44439957191165,-2.488147925993583]]}},{"type":"Feature","properties":{"fcode":"AP030","descripcio":"SISTEMA DE TRANSPORTE O COMUNICACIÓN","acc":7,"acc_desc":"PRECISA","rst":2,"rst_desc":"SUELTO/NO PAVIMENTO","typ":1,"typ_desc":"VÍA","hct":15,"hct_desc":"RUTA SECUNDARIA","wtc":1,"wtc_desc":"TODO EL AÑO","loc":44,"loc_desc":"EN CONTACTO CON LA SUPERFICIE DE LA TIERRA","ltn":1,"mes":0,"mes_desc":"NO EXISTE","tuc":45,"tuc_desc":"GENERAL","txt":null,"SHAPE_Leng":1351.05015694,"Shape_Le_1":1351.05015694},"geometry":{"type":"LineString","coordinates":[[-79.45609448676305,-2.488073111735116],[-79.4557325356016,-2.488096651926826],[-79.44958031548914,-2.487767345208497],[-79.44850547414634,-2.487651037345866],[-79.44804819338275,-2.48753545925721],[-79.44664349349236,-2.486914115428716],[-79.44626463234306,-2.486790038163877],[-79.44595732772417,-2.486758744554267],[-79.445670299956,-2.486842512079062],[-79.44533003507934,-2.487238046770085],[-79.44523036165657,-2.487736061303921],[-79.44504952587731,-2.488204858538753]]}},{"type":"Feature","properties":{"fcode":"AP030","descripcio":"SISTEMA DE TRANSPORTE O COMUNICACIÓN","acc":7,"acc_desc":"PRECISA","rst":8,"rst_desc":"TEMPORAL","typ":1,"typ_desc":"VÍA","hct":4,"hct_desc":"RUTA LOCAL","wtc":2,"wtc_desc":"ÉPOCA SECA","loc":44,"loc_desc":"EN CONTACTO CON LA SUPERFICIE DE LA TIERRA","ltn":-32767,"mes":0,"mes_desc":"NO EXISTE","tuc":45,"tuc_desc":"GENERAL","txt":null,"SHAPE_Leng":184.257153409,"Shape_Le_1":184.257153409},"geometry":{"type":"LineString","coordinates":[[-79.43441914481055,-2.494348660903264],[-79.43418277724113,-2.494324954780629],[-79.43349855775078,-2.4944264207343],[-79.43279016371801,-2.494592520103976]]}},{"type":"Feature","properties":{"fcode":"AP030","descripcio":"SISTEMA DE TRANSPORTE O COMUNICACIÓN","acc":7,"acc_desc":"PRECISA","rst":8,"rst_desc":"TEMPORAL","typ":1,"typ_desc":"VÍA","hct":4,"hct_desc":"RUTA LOCAL","wtc":2,"wtc_desc":"ÉPOCA SECA","loc":44,"loc_desc":"EN CONTACTO CON LA SUPERFICIE DE LA TIERRA","ltn":-32767,"mes":0,"mes_desc":"NO EXISTE","tuc":45,"tuc_desc":"GENERAL","txt":null,"SHAPE_Leng":310.957806925,"Shape_Le_1":310.957806925},"geometry":{"type":"LineString","coordinates":[[-79.42553409566166,-2.493252664705123],[-79.42527942434056,-2.494028580460671],[-79.4253788017688,-2.494391443447605],[-79.42582326416438,-2.494847329348826],[-79.42656676313666,-2.495481012804513]]}},{"type":"Feature","properties":{"fcode":"AP030","descripcio":"SISTEMA DE TRANSPORTE O COMUNICACIÓN","acc":7,"acc_desc":"PRECISA","rst":8,"rst_desc":"TEMPORAL","typ":1,"typ_desc":"VÍA","hct":4,"hct_desc":"RUTA LOCAL","wtc":2,"wtc_desc":"ÉPOCA SECA","loc":44,"loc_desc":"EN CONTACTO CON LA SUPERFICIE DE LA TIERRA","ltn":-32767,"mes":0,"mes_desc":"NO EXISTE","tuc":45,"tuc_desc":"GENERAL","txt":null,"SHAPE_Leng":341.898029389,"Shape_Le_1":341.898029389},"geometry":{"type":"LineString","coordinates":[[-79.43279016371801,-2.494592520103976],[-79.43019420661199,-2.492936122874548]]}},{"type":"Feature","properties":{"fcode":"AP030","descripcio":"SISTEMA DE TRANSPORTE O COMUNICACIÓN","acc":7,"acc_desc":"PRECISA","rst":8,"rst_desc":"TEMPORAL","typ":1,"typ_desc":"VÍA","hct":4,"hct_desc":"RUTA LOCAL","wtc":2,"wtc_desc":"ÉPOCA SECA","loc":44,"loc_desc":"EN CONTACTO CON LA SUPERFICIE DE LA TIERRA","ltn":-32767,"mes":0,"mes_desc":"NO EXISTE","tuc":45,"tuc_desc":"GENERAL","txt":null,"SHAPE_Leng":216.743704631,"Shape_Le_1":216.743704631},"geometry":{"type":"LineString","coordinates":[[-79.42553409566166,-2.493252664705123],[-79.4247435564163,-2.493009342247105],[-79.42415277813352,-2.493024005650538],[-79.42363847206198,-2.493154610748769]]}},{"type":"Feature","properties":{"fcode":"AP030","descripcio":"SISTEMA DE TRANSPORTE O COMUNICACIÓN","acc":7,"acc_desc":"PRECISA","rst":8,"rst_desc":"TEMPORAL","typ":1,"typ_desc":"VÍA","hct":4,"hct_desc":"RUTA LOCAL","wtc":2,"wtc_desc":"ÉPOCA SECA","loc":44,"loc_desc":"EN CONTACTO CON LA SUPERFICIE DE LA TIERRA","ltn":-32767,"mes":0,"mes_desc":"NO EXISTE","tuc":45,"tuc_desc":"GENERAL","txt":null,"SHAPE_Leng":420.650303424,"Shape_Le_1":420.650303424},"geometry":{"type":"LineString","coordinates":[[-79.43572149626486,-2.490793307376847],[-79.43531351010385,-2.491806354361684],[-79.43512760590467,-2.49268021148984],[-79.43485866960287,-2.493433054126849],[-79.43441914481055,-2.494348660903264]]}},{"type":"Feature","properties":{"fcode":"AP030","descripcio":"SISTEMA DE TRANSPORTE O COMUNICACIÓN","acc":7,"acc_desc":"PRECISA","rst":8,"rst_desc":"TEMPORAL","typ":1,"typ_desc":"VÍA","hct":4,"hct_desc":"RUTA LOCAL","wtc":2,"wtc_desc":"ÉPOCA SECA","loc":44,"loc_desc":"EN CONTACTO CON LA SUPERFICIE DE LA TIERRA","ltn":-32767,"mes":0,"mes_desc":"NO EXISTE","tuc":45,"tuc_desc":"GENERAL","txt":null,"SHAPE_Leng":288.594363746,"Shape_Le_1":288.594363746},"geometry":{"type":"LineString","coordinates":[[-79.42755250800197,-2.491643227432925],[-79.42594837100977,-2.492779272036422],[-79.42553409566166,-2.493252664705123]]}},{"type":"Feature","properties":{"fcode":"AP030","descripcio":"SISTEMA DE TRANSPORTE O COMUNICACIÓN","acc":7,"acc_desc":"PRECISA","rst":8,"rst_desc":"TEMPORAL","typ":1,"typ_desc":"VÍA","hct":4,"hct_desc":"RUTA LOCAL","wtc":2,"wtc_desc":"ÉPOCA SECA","loc":44,"loc_desc":"EN CONTACTO CON LA SUPERFICIE DE LA TIERRA","ltn":-32767,"mes":0,"mes_desc":"NO EXISTE","tuc":45,"tuc_desc":"GENERAL","txt":null,"SHAPE_Leng":332.766695236,"Shape_Le_1":332.766695236},"geometry":{"type":"LineString","coordinates":[[-79.43019420661199,-2.492936122874548],[-79.42851382930239,-2.491863962705975],[-79.42814100423355,-2.491733376142571],[-79.42768478070187,-2.491716188185461],[-79.42755250800197,-2.491643227432925]]}},{"type":"Feature","properties":{"fcode":"AP030","descripcio":"SISTEMA DE TRANSPORTE O COMUNICACIÓN","acc":7,"acc_desc":"PRECISA","rst":2,"rst_desc":"SUELTO/NO PAVIMENTO","typ":1,"typ_desc":"VÍA","hct":15,"hct_desc":"RUTA SECUNDARIA","wtc":1,"wtc_desc":"TODO EL AÑO","loc":44,"loc_desc":"EN CONTACTO CON LA SUPERFICIE DE LA TIERRA","ltn":1,"mes":0,"mes_desc":"NO EXISTE","tuc":45,"tuc_desc":"GENERAL","txt":null,"SHAPE_Leng":1211.97693904,"Shape_Le_1":1211.97693904},"geometry":{"type":"LineString","coordinates":[[-79.44439957191165,-2.488147925993583],[-79.43885355673294,-2.487639589322116],[-79.438135707099,-2.487514654509257],[-79.43753163499197,-2.487287208086618],[-79.43707030564961,-2.486947336610722],[-79.4368645917707,-2.486855116531149],[-79.43370818658946,-2.486943328713795]]}},{"type":"Feature","properties":{"fcode":"AP030","descripcio":"SISTEMA DE TRANSPORTE O COMUNICACIÓN","acc":7,"acc_desc":"PRECISA","rst":8,"rst_desc":"TEMPORAL","typ":1,"typ_desc":"VÍA","hct":4,"hct_desc":"RUTA LOCAL","wtc":2,"wtc_desc":"ÉPOCA SECA","loc":44,"loc_desc":"EN CONTACTO CON LA SUPERFICIE DE LA TIERRA","ltn":-32767,"mes":0,"mes_desc":"NO EXISTE","tuc":45,"tuc_desc":"GENERAL","txt":null,"SHAPE_Leng":332.694267819,"Shape_Le_1":332.694267819},"geometry":{"type":"LineString","coordinates":[[-79.43468476389253,-2.479628908222828],[-79.4320754196094,-2.480113260755293],[-79.43173733072257,-2.480112857937371]]}},{"type":"Feature","properties":{"fcode":"AP030","descripcio":"SISTEMA DE TRANSPORTE O COMUNICACIÓN","acc":7,"acc_desc":"PRECISA","rst":8,"rst_desc":"TEMPORAL","typ":1,"typ_desc":"VÍA","hct":4,"hct_desc":"RUTA LOCAL","wtc":2,"wtc_desc":"ÉPOCA SECA","loc":44,"loc_desc":"EN CONTACTO CON LA SUPERFICIE DE LA TIERRA","ltn":-32767,"mes":0,"mes_desc":"NO EXISTE","tuc":45,"tuc_desc":"GENERAL","txt":null,"SHAPE_Leng":135.992506788,"Shape_Le_1":135.992506788},"geometry":{"type":"LineString","coordinates":[[-79.43588918821192,-2.479416726191041],[-79.43468476389253,-2.479628908222828]]}},{"type":"Feature","properties":{"fcode":"AP030","descripcio":"SISTEMA DE TRANSPORTE O COMUNICACIÓN","acc":7,"acc_desc":"PRECISA","rst":8,"rst_desc":"TEMPORAL","typ":1,"typ_desc":"VÍA","hct":4,"hct_desc":"RUTA LOCAL","wtc":2,"wtc_desc":"ÉPOCA SECA","loc":44,"loc_desc":"EN CONTACTO CON LA SUPERFICIE DE LA TIERRA","ltn":-32767,"mes":0,"mes_desc":"NO EXISTE","tuc":45,"tuc_desc":"GENERAL","txt":null,"SHAPE_Leng":756.208206898,"Shape_Le_1":756.208206898},"geometry":{"type":"LineString","coordinates":[[-79.46815090004829,-2.490681125443422],[-79.46649256883184,-2.490632610008419],[-79.46489905653144,-2.49036358810122],[-79.46139561729753,-2.489975387058471]]}},{"type":"Feature","properties":{"fcode":"AP030","descripcio":"SISTEMA DE TRANSPORTE O COMUNICACIÓN","acc":7,"acc_desc":"PRECISA","rst":8,"rst_desc":"TEMPORAL","typ":1,"typ_desc":"VÍA","hct":4,"hct_desc":"RUTA LOCAL","wtc":2,"wtc_desc":"ÉPOCA SECA","loc":44,"loc_desc":"EN CONTACTO CON LA SUPERFICIE DE LA TIERRA","ltn":-32767,"mes":0,"mes_desc":"NO EXISTE","tuc":45,"tuc_desc":"GENERAL","txt":null,"SHAPE_Leng":596.024730464,"Shape_Le_1":596.024730464},"geometry":{"type":"LineString","coordinates":[[-79.46139561729753,-2.489975387058471],[-79.45607195019878,-2.489358306490983]]}},{"type":"Feature","properties":{"fcode":"AP030","descripcio":"SISTEMA DE TRANSPORTE O COMUNICACIÓN","acc":7,"acc_desc":"PRECISA","rst":1,"rst_desc":"DURO/PAVIMENTO","typ":1,"typ_desc":"VÍA","hct":14,"hct_desc":"RUTA PRIMARIA","wtc":1,"wtc_desc":"TODO EL AÑO","loc":44,"loc_desc":"EN CONTACTO CON LA SUPERFICIE DE LA TIERRA","ltn":2,"mes":0,"mes_desc":"NO EXISTE","tuc":45,"tuc_desc":"GENERAL","txt":null,"SHAPE_Leng":798.709459566,"Shape_Le_1":798.709459566},"geometry":{"type":"LineString","coordinates":[[-79.46615088536461,-2.489379359946123],[-79.46020967522709,-2.485321649044136]]}},{"type":"Feature","properties":{"fcode":"AP030","descripcio":"SISTEMA DE TRANSPORTE O COMUNICACIÓN","acc":7,"acc_desc":"PRECISA","rst":2,"rst_desc":"SUELTO/NO PAVIMENTO","typ":1,"typ_desc":"VÍA","hct":15,"hct_desc":"RUTA SECUNDARIA","wtc":1,"wtc_desc":"TODO EL AÑO","loc":44,"loc_desc":"EN CONTACTO CON LA SUPERFICIE DE LA TIERRA","ltn":1,"mes":0,"mes_desc":"NO EXISTE","tuc":45,"tuc_desc":"GENERAL","txt":"Puente","SHAPE_Leng":78.1283264888,"Shape_Le_1":78.1283264888},"geometry":{"type":"LineString","coordinates":[[-79.45875958078052,-2.48630509584709],[-79.45817707690671,-2.486700080649405]]}},{"type":"Feature","properties":{"fcode":"AP030","descripcio":"SISTEMA DE TRANSPORTE O COMUNICACIÓN","acc":7,"acc_desc":"PRECISA","rst":2,"rst_desc":"SUELTO/NO PAVIMENTO","typ":1,"typ_desc":"VÍA","hct":15,"hct_desc":"RUTA SECUNDARIA","wtc":1,"wtc_desc":"TODO EL AÑO","loc":44,"loc_desc":"EN CONTACTO CON LA SUPERFICIE DE LA TIERRA","ltn":1,"mes":0,"mes_desc":"NO EXISTE","tuc":45,"tuc_desc":"GENERAL","txt":null,"SHAPE_Leng":194.504098928,"Shape_Le_1":194.504098928},"geometry":{"type":"LineString","coordinates":[[-79.46020967522709,-2.485321649044136],[-79.45875958078052,-2.48630509584709]]}},{"type":"Feature","properties":{"fcode":"AP030","descripcio":"SISTEMA DE TRANSPORTE O COMUNICACIÓN","acc":7,"acc_desc":"PRECISA","rst":1,"rst_desc":"DURO/PAVIMENTO","typ":1,"typ_desc":"VÍA","hct":14,"hct_desc":"RUTA PRIMARIA","wtc":1,"wtc_desc":"TODO EL AÑO","loc":44,"loc_desc":"EN CONTACTO CON LA SUPERFICIE DE LA TIERRA","ltn":2,"mes":0,"mes_desc":"NO EXISTE","tuc":45,"tuc_desc":"GENERAL","txt":null,"SHAPE_Leng":704.020923043,"Shape_Le_1":704.020923043},"geometry":{"type":"LineString","coordinates":[[-79.46020967522709,-2.485321649044136],[-79.45502272160347,-2.481672335367322]]}},{"type":"Feature","properties":{"fcode":"AP030","descripcio":"SISTEMA DE TRANSPORTE O COMUNICACIÓN","acc":7,"acc_desc":"PRECISA","rst":8,"rst_desc":"TEMPORAL","typ":1,"typ_desc":"VÍA","hct":4,"hct_desc":"RUTA LOCAL","wtc":2,"wtc_desc":"ÉPOCA SECA","loc":44,"loc_desc":"EN CONTACTO CON LA SUPERFICIE DE LA TIERRA","ltn":-32767,"mes":0,"mes_desc":"NO EXISTE","tuc":45,"tuc_desc":"GENERAL","txt":null,"SHAPE_Leng":661.616755078,"Shape_Le_1":661.616755078},"geometry":{"type":"LineString","coordinates":[[-79.46255740855736,-2.485521646349072],[-79.45818224744285,-2.481467129688633]]}},{"type":"Feature","properties":{"fcode":"AP030","descripcio":"SISTEMA DE TRANSPORTE O COMUNICACIÓN","acc":7,"acc_desc":"PRECISA","rst":8,"rst_desc":"TEMPORAL","typ":1,"typ_desc":"VÍA","hct":4,"hct_desc":"RUTA LOCAL","wtc":2,"wtc_desc":"ÉPOCA SECA","loc":44,"loc_desc":"EN CONTACTO CON LA SUPERFICIE DE LA TIERRA","ltn":-32767,"mes":0,"mes_desc":"NO EXISTE","tuc":45,"tuc_desc":"GENERAL","txt":null,"SHAPE_Leng":698.744985598,"Shape_Le_1":698.744985598},"geometry":{"type":"LineString","coordinates":[[-79.46280218315617,-2.481153106925778],[-79.46748146647613,-2.485370309201541]]}},{"type":"Feature","properties":{"fcode":"AP030","descripcio":"SISTEMA DE TRANSPORTE O COMUNICACIÓN","acc":7,"acc_desc":"PRECISA","rst":8,"rst_desc":"TEMPORAL","typ":1,"typ_desc":"VÍA","hct":4,"hct_desc":"RUTA LOCAL","wtc":2,"wtc_desc":"ÉPOCA SECA","loc":44,"loc_desc":"EN CONTACTO CON LA SUPERFICIE DE LA TIERRA","ltn":-32767,"mes":0,"mes_desc":"NO EXISTE","tuc":45,"tuc_desc":"GENERAL","txt":null,"SHAPE_Leng":628.093563173,"Shape_Le_1":628.093563173},"geometry":{"type":"LineString","coordinates":[[-79.4600937916519,-2.481342935605947],[-79.46434487811788,-2.485082667498379]]}},{"type":"Feature","properties":{"fcode":"AP030","descripcio":"SISTEMA DE TRANSPORTE O COMUNICACIÓN","acc":7,"acc_desc":"PRECISA","rst":2,"rst_desc":"SUELTO/NO PAVIMENTO","typ":1,"typ_desc":"VÍA","hct":14,"hct_desc":"RUTA PRIMARIA","wtc":1,"wtc_desc":"TODO EL AÑO","loc":44,"loc_desc":"EN CONTACTO CON LA SUPERFICIE DE LA TIERRA","ltn":2,"mes":0,"mes_desc":"NO EXISTE","tuc":45,"tuc_desc":"GENERAL","txt":null,"SHAPE_Leng":213.029212316,"Shape_Le_1":213.029212316},"geometry":{"type":"LineString","coordinates":[[-79.4600937916519,-2.481342935605947],[-79.45818224744285,-2.481467129688633]]}},{"type":"Feature","properties":{"fcode":"AP030","descripcio":"SISTEMA DE TRANSPORTE O COMUNICACIÓN","acc":7,"acc_desc":"PRECISA","rst":2,"rst_desc":"SUELTO/NO PAVIMENTO","typ":1,"typ_desc":"VÍA","hct":15,"hct_desc":"RUTA SECUNDARIA","wtc":1,"wtc_desc":"TODO EL AÑO","loc":44,"loc_desc":"EN CONTACTO CON LA SUPERFICIE DE LA TIERRA","ltn":1,"mes":0,"mes_desc":"NO EXISTE","tuc":45,"tuc_desc":"GENERAL","txt":null,"SHAPE_Leng":277.979432436,"Shape_Le_1":277.979432436},"geometry":{"type":"LineString","coordinates":[[-79.45817707690671,-2.486700080649405],[-79.45625873094839,-2.48802826664249],[-79.45609448676305,-2.488073111735116]]}},{"type":"Feature","properties":{"fcode":"AP030","descripcio":"SISTEMA DE TRANSPORTE O COMUNICACIÓN","acc":7,"acc_desc":"PRECISA","rst":8,"rst_desc":"TEMPORAL","typ":1,"typ_desc":"VÍA","hct":4,"hct_desc":"RUTA LOCAL","wtc":2,"wtc_desc":"ÉPOCA SECA","loc":44,"loc_desc":"EN CONTACTO CON LA SUPERFICIE DE LA TIERRA","ltn":-32767,"mes":0,"mes_desc":"NO EXISTE","tuc":45,"tuc_desc":"GENERAL","txt":null,"SHAPE_Leng":2157.88312837,"Shape_Le_1":2157.88312837},"geometry":{"type":"LineString","coordinates":[[-79.45502272160347,-2.481672335367322],[-79.44303868614699,-2.482214035644757],[-79.44199917641944,-2.482186667912633],[-79.44129765465732,-2.482861859565475],[-79.4411286530205,-2.482900909208562],[-79.44082979888695,-2.48279591822454],[-79.43993310465112,-2.482210445430895],[-79.43962184444776,-2.482180231660228],[-79.43616407110325,-2.482855853473628]]}},{"type":"Feature","properties":{"fcode":"AP030","descripcio":"SISTEMA DE TRANSPORTE O COMUNICACIÓN","acc":7,"acc_desc":"PRECISA","rst":2,"rst_desc":"SUELTO/NO PAVIMENTO","typ":1,"typ_desc":"VÍA","hct":14,"hct_desc":"RUTA PRIMARIA","wtc":1,"wtc_desc":"TODO EL AÑO","loc":44,"loc_desc":"EN CONTACTO CON LA SUPERFICIE DE LA TIERRA","ltn":2,"mes":0,"mes_desc":"NO EXISTE","tuc":45,"tuc_desc":"GENERAL","txt":null,"SHAPE_Leng":352.108552154,"Shape_Le_1":352.108552154},"geometry":{"type":"LineString","coordinates":[[-79.45818224744285,-2.481467129688633],[-79.45502272160347,-2.481672335367322]]}},{"type":"Feature","properties":{"fcode":"AP030","descripcio":"SISTEMA DE TRANSPORTE O COMUNICACIÓN","acc":7,"acc_desc":"PRECISA","rst":1,"rst_desc":"DURO/PAVIMENTO","typ":1,"typ_desc":"VÍA","hct":14,"hct_desc":"RUTA PRIMARIA","wtc":1,"wtc_desc":"TODO EL AÑO","loc":44,"loc_desc":"EN CONTACTO CON LA SUPERFICIE DE LA TIERRA","ltn":2,"mes":0,"mes_desc":"NO EXISTE","tuc":45,"tuc_desc":"GENERAL","txt":null,"SHAPE_Leng":765.072968878,"Shape_Le_1":765.072968878},"geometry":{"type":"LineString","coordinates":[[-79.45502272160347,-2.481672335367322],[-79.44935208367525,-2.477757194324171]]}},{"type":"Feature","properties":{"fcode":"AP030","descripcio":"SISTEMA DE TRANSPORTE O COMUNICACIÓN","acc":7,"acc_desc":"PRECISA","rst":8,"rst_desc":"TEMPORAL","typ":1,"typ_desc":"VÍA","hct":4,"hct_desc":"RUTA LOCAL","wtc":2,"wtc_desc":"ÉPOCA SECA","loc":44,"loc_desc":"EN CONTACTO CON LA SUPERFICIE DE LA TIERRA","ltn":-32767,"mes":0,"mes_desc":"NO EXISTE","tuc":45,"tuc_desc":"GENERAL","txt":null,"SHAPE_Leng":892.452303817,"Shape_Le_1":892.452303817},"geometry":{"type":"LineString","coordinates":[[-79.44046700673108,-2.478552054795155],[-79.44733905771791,-2.477399853666039],[-79.44836115392054,-2.47716845077863]]}},{"type":"Feature","properties":{"fcode":"AP030","descripcio":"SISTEMA DE TRANSPORTE O COMUNICACIÓN","acc":7,"acc_desc":"PRECISA","rst":1,"rst_desc":"DURO/PAVIMENTO","typ":1,"typ_desc":"VÍA","hct":14,"hct_desc":"RUTA PRIMARIA","wtc":1,"wtc_desc":"TODO EL AÑO","loc":44,"loc_desc":"EN CONTACTO CON LA SUPERFICIE DE LA TIERRA","ltn":2,"mes":0,"mes_desc":"NO EXISTE","tuc":45,"tuc_desc":"GENERAL","txt":null,"SHAPE_Leng":127.995231552,"Shape_Le_1":127.995231552},"geometry":{"type":"LineString","coordinates":[[-79.44935208367525,-2.477757194324171],[-79.44836115392054,-2.47716845077863]]}},{"type":"Feature","properties":{"fcode":"AP030","descripcio":"SISTEMA DE TRANSPORTE O COMUNICACIÓN","acc":7,"acc_desc":"PRECISA","rst":8,"rst_desc":"TEMPORAL","typ":1,"typ_desc":"VÍA","hct":4,"hct_desc":"RUTA LOCAL","wtc":2,"wtc_desc":"ÉPOCA SECA","loc":44,"loc_desc":"EN CONTACTO CON LA SUPERFICIE DE LA TIERRA","ltn":-32767,"mes":0,"mes_desc":"NO EXISTE","tuc":45,"tuc_desc":"GENERAL","txt":null,"SHAPE_Leng":594.186387059,"Shape_Le_1":594.186387059},"geometry":{"type":"LineString","coordinates":[[-79.44433051648956,-2.474840527095969],[-79.44046700673108,-2.478552054795155]]}},{"type":"Feature","properties":{"fcode":"AP030","descripcio":"SISTEMA DE TRANSPORTE O COMUNICACIÓN","acc":7,"acc_desc":"PRECISA","rst":1,"rst_desc":"DURO/PAVIMENTO","typ":1,"typ_desc":"VÍA","hct":14,"hct_desc":"RUTA PRIMARIA","wtc":1,"wtc_desc":"TODO EL AÑO","loc":44,"loc_desc":"EN CONTACTO CON LA SUPERFICIE DE LA TIERRA","ltn":2,"mes":0,"mes_desc":"NO EXISTE","tuc":45,"tuc_desc":"GENERAL","txt":null,"SHAPE_Leng":516.979164885,"Shape_Le_1":516.979164885},"geometry":{"type":"LineString","coordinates":[[-79.44836115392054,-2.47716845077863],[-79.4457782546467,-2.475633747808577],[-79.44433051648956,-2.474840527095969]]}},{"type":"Feature","properties":{"fcode":"AP030","descripcio":"SISTEMA DE TRANSPORTE O COMUNICACIÓN","acc":7,"acc_desc":"PRECISA","rst":8,"rst_desc":"TEMPORAL","typ":1,"typ_desc":"VÍA","hct":4,"hct_desc":"RUTA LOCAL","wtc":2,"wtc_desc":"ÉPOCA SECA","loc":44,"loc_desc":"EN CONTACTO CON LA SUPERFICIE DE LA TIERRA","ltn":-32767,"mes":0,"mes_desc":"NO EXISTE","tuc":45,"tuc_desc":"GENERAL","txt":null,"SHAPE_Leng":730.778657188,"Shape_Le_1":730.778657188},"geometry":{"type":"LineString","coordinates":[[-79.45301837772179,-2.472272528763422],[-79.44935208367525,-2.477757194324171]]}},{"type":"Feature","properties":{"fcode":"AP030","descripcio":"SISTEMA DE TRANSPORTE O COMUNICACIÓN","acc":7,"acc_desc":"PRECISA","rst":8,"rst_desc":"TEMPORAL","typ":1,"typ_desc":"VÍA","hct":4,"hct_desc":"RUTA LOCAL","wtc":2,"wtc_desc":"ÉPOCA SECA","loc":44,"loc_desc":"EN CONTACTO CON LA SUPERFICIE DE LA TIERRA","ltn":-32767,"mes":0,"mes_desc":"NO EXISTE","tuc":45,"tuc_desc":"GENERAL","txt":null,"SHAPE_Leng":1068.7350838,"Shape_Le_1":1068.7350838},"geometry":{"type":"LineString","coordinates":[[-79.44836115392054,-2.47716845077863],[-79.44982110383114,-2.474191947716867],[-79.45102370254456,-2.471600946763089],[-79.45100409412312,-2.471451338836121],[-79.45060747962995,-2.471440925402362],[-79.45040908436741,-2.471550394255795],[-79.45009146228031,-2.471888984096177],[-79.4498633157923,-2.471988469669778],[-79.44938742623515,-2.472027794164682],[-79.44893164276704,-2.471787959369676],[-79.44819994873357,-2.471121384389571]]}},{"type":"Feature","properties":{"fcode":"AP030","descripcio":"SISTEMA DE TRANSPORTE O COMUNICACIÓN","acc":7,"acc_desc":"PRECISA","rst":2,"rst_desc":"SUELTO/NO PAVIMENTO","typ":1,"typ_desc":"VÍA","hct":15,"hct_desc":"RUTA SECUNDARIA","wtc":2,"wtc_desc":"ÉPOCA SECA","loc":44,"loc_desc":"EN CONTACTO CON LA SUPERFICIE DE LA TIERRA","ltn":-32767,"mes":0,"mes_desc":"NO EXISTE","tuc":45,"tuc_desc":"GENERAL","txt":null,"SHAPE_Leng":3749.74095241,"Shape_Le_1":3749.74095241},"geometry":{"type":"LineString","coordinates":[[-79.46464973894986,-2.619765970126946],[-79.46471845947477,-2.619901170179978],[-79.46485798764132,-2.620672874496978],[-79.4649138863288,-2.620776947870263],[-79.46502738044111,-2.620847268151778],[-79.46514178199037,-2.62083709910959],[-79.4653722818836,-2.620678844055074],[-79.46568492933717,-2.620337732569899],[-79.46818830493497,-2.617424432126986],[-79.4698913788915,-2.6145248808044],[-79.47079735436046,-2.613305607559362],[-79.47151620854127,-2.612440443682712],[-79.47179549637971,-2.612018435183019],[-79.47209010079384,-2.611274753699169],[-79.47239313287125,-2.609807117900528],[-79.47242168299049,-2.609324660601861],[-79.47236808759928,-2.609025242017176],[-79.47201647800013,-2.607825772398766],[-79.47203390455243,-2.607320239632098],[-79.47210572905493,-2.607045211816449],[-79.4722574982811,-2.606771095455389],[-79.47255891234127,-2.606418298708721],[-79.47351867956031,-2.605475465763286],[-79.47478505967996,-2.603743199477864],[-79.47557201226816,-2.602924777748747],[-79.47588545358427,-2.602514655275945],[-79.47613087552732,-2.602057783366316],[-79.47622604449698,-2.601737020712945],[-79.47663624435299,-2.600879793346057],[-79.47669624509217,-2.600639116986909],[-79.47660057488703,-2.600028807557616],[-79.47563288550684,-2.596787740308925],[-79.47528867909216,-2.595933215493067],[-79.47494708650672,-2.594848797709452],[-79.47459236561035,-2.593913679255138],[-79.47425818370535,-2.593174115261003],[-79.47421640787698,-2.5928403442901],[-79.4742446437309,-2.592691244401832]]}},{"type":"Feature","properties":{"fcode":"AP030","descripcio":"SISTEMA DE TRANSPORTE O COMUNICACIÓN","acc":7,"acc_desc":"PRECISA","rst":8,"rst_desc":"TEMPORAL","typ":1,"typ_desc":"VÍA","hct":4,"hct_desc":"RUTA LOCAL","wtc":2,"wtc_desc":"ÉPOCA SECA","loc":44,"loc_desc":"EN CONTACTO CON LA SUPERFICIE DE LA TIERRA","ltn":-32767,"mes":0,"mes_desc":"NO EXISTE","tuc":45,"tuc_desc":"GENERAL","txt":null,"SHAPE_Leng":821.09105002,"Shape_Le_1":821.09105002},"geometry":{"type":"LineString","coordinates":[[-79.4686403475757,-2.59281159798897],[-79.46902198027318,-2.593274023981532],[-79.46962652360948,-2.594349987403676],[-79.46998745108326,-2.594756497132046],[-79.47035047447241,-2.594990632800599],[-79.47071700462439,-2.594925962362813],[-79.47131512764014,-2.59461105721702],[-79.47367898429195,-2.592857057208572],[-79.4742446437309,-2.592691244401832]]}},{"type":"Feature","properties":{"fcode":"AP030","descripcio":"SISTEMA DE TRANSPORTE O COMUNICACIÓN","acc":7,"acc_desc":"PRECISA","rst":8,"rst_desc":"TEMPORAL","typ":1,"typ_desc":"VÍA","hct":4,"hct_desc":"RUTA LOCAL","wtc":2,"wtc_desc":"ÉPOCA SECA","loc":44,"loc_desc":"EN CONTACTO CON LA SUPERFICIE DE LA TIERRA","ltn":-32767,"mes":0,"mes_desc":"NO EXISTE","tuc":45,"tuc_desc":"GENERAL","txt":null,"SHAPE_Leng":783.001524754,"Shape_Le_1":783.001524754},"geometry":{"type":"LineString","coordinates":[[-79.46441465842327,-2.587175568415273],[-79.46542218354354,-2.588370212153327],[-79.46647610018961,-2.590106562318439],[-79.46715195827574,-2.590953439634424],[-79.46792768984946,-2.59205439089517],[-79.4686403475757,-2.59281159798897]]}},{"type":"Feature","properties":{"fcode":"AP030","descripcio":"SISTEMA DE TRANSPORTE O COMUNICACIÓN","acc":7,"acc_desc":"PRECISA","rst":2,"rst_desc":"SUELTO/NO PAVIMENTO","typ":1,"typ_desc":"VÍA","hct":15,"hct_desc":"RUTA SECUNDARIA","wtc":1,"wtc_desc":"TODO EL AÑO","loc":44,"loc_desc":"EN CONTACTO CON LA SUPERFICIE DE LA TIERRA","ltn":1,"mes":0,"mes_desc":"NO EXISTE","tuc":45,"tuc_desc":"GENERAL","txt":null,"SHAPE_Leng":5326.70845645,"Shape_Le_1":5326.70845645},"geometry":{"type":"LineString","coordinates":[[-79.48769325812346,-2.539674613491686],[-79.45471458189098,-2.574612777099725]]}},{"type":"Feature","properties":{"fcode":"AP030","descripcio":"SISTEMA DE TRANSPORTE O COMUNICACIÓN","acc":7,"acc_desc":"PRECISA","rst":2,"rst_desc":"SUELTO/NO PAVIMENTO","typ":1,"typ_desc":"VÍA","hct":15,"hct_desc":"RUTA SECUNDARIA","wtc":1,"wtc_desc":"TODO EL AÑO","loc":44,"loc_desc":"EN CONTACTO CON LA SUPERFICIE DE LA TIERRA","ltn":1,"mes":0,"mes_desc":"NO EXISTE","tuc":45,"tuc_desc":"GENERAL","txt":null,"SHAPE_Leng":1097.82498294,"Shape_Le_1":1097.82498294},"geometry":{"type":"LineString","coordinates":[[-79.47601650535941,-2.522042618304055],[-79.47347987354443,-2.521443001800394],[-79.47073167842767,-2.520905353976846],[-79.46901983276314,-2.520678590256197],[-79.46631947334983,-2.520227632139583]]}},{"type":"Feature","properties":{"fcode":"AP030","descripcio":"SISTEMA DE TRANSPORTE O COMUNICACIÓN","acc":7,"acc_desc":"PRECISA","rst":8,"rst_desc":"TEMPORAL","typ":1,"typ_desc":"VÍA","hct":4,"hct_desc":"RUTA LOCAL","wtc":2,"wtc_desc":"ÉPOCA SECA","loc":44,"loc_desc":"EN CONTACTO CON LA SUPERFICIE DE LA TIERRA","ltn":-32767,"mes":0,"mes_desc":"NO EXISTE","tuc":45,"tuc_desc":"GENERAL","txt":null,"SHAPE_Leng":337.007135306,"Shape_Le_1":337.007135306},"geometry":{"type":"LineString","coordinates":[[-79.46809882843723,-2.500008941533096],[-79.46765755892558,-2.500655424058592],[-79.46753865860535,-2.501142388685757],[-79.46752681442176,-2.502127435855498],[-79.46763346651534,-2.502896111386387]]}},{"type":"Feature","properties":{"fcode":"AP030","descripcio":"SISTEMA DE TRANSPORTE O COMUNICACIÓN","acc":7,"acc_desc":"PRECISA","rst":8,"rst_desc":"TEMPORAL","typ":1,"typ_desc":"VÍA","hct":4,"hct_desc":"RUTA LOCAL","wtc":2,"wtc_desc":"ÉPOCA SECA","loc":44,"loc_desc":"EN CONTACTO CON LA SUPERFICIE DE LA TIERRA","ltn":-32767,"mes":0,"mes_desc":"NO EXISTE","tuc":45,"tuc_desc":"GENERAL","txt":null,"SHAPE_Leng":501.996527503,"Shape_Le_1":501.996527503},"geometry":{"type":"LineString","coordinates":[[-79.47142018581269,-2.498014310413217],[-79.47109253229064,-2.498311471756442],[-79.46930323592176,-2.500306361002134],[-79.46907394117873,-2.500459657596581],[-79.46883022581878,-2.500486593905943],[-79.4685936561907,-2.500399766284617],[-79.46809882843723,-2.500008941533096]]}},{"type":"Feature","properties":{"fcode":"AP030","descripcio":"SISTEMA DE TRANSPORTE O COMUNICACIÓN","acc":7,"acc_desc":"PRECISA","rst":8,"rst_desc":"TEMPORAL","typ":1,"typ_desc":"VÍA","hct":4,"hct_desc":"RUTA LOCAL","wtc":2,"wtc_desc":"ÉPOCA SECA","loc":44,"loc_desc":"EN CONTACTO CON LA SUPERFICIE DE LA TIERRA","ltn":-32767,"mes":0,"mes_desc":"NO EXISTE","tuc":45,"tuc_desc":"GENERAL","txt":null,"SHAPE_Leng":3304.95482,"Shape_Le_1":3304.95482},"geometry":{"type":"LineString","coordinates":[[-79.49203204156181,-2.626162028753427],[-79.4927829509953,-2.625492599236114],[-79.4945778822814,-2.623525082453658],[-79.49520207302393,-2.622934631444766],[-79.49534181357012,-2.62271783491748],[-79.49566085895009,-2.621836521221266],[-79.49567438807608,-2.621652763534841],[-79.49543314984555,-2.62078795644651],[-79.49525613119962,-2.620291589003958],[-79.49501039339776,-2.619805991416456],[-79.4948664348079,-2.619413579504286],[-79.494834978313,-2.619171795543979],[-79.49479700124915,-2.618516240973527],[-79.4950661373871,-2.61604809769184],[-79.49544398975182,-2.61501808023053],[-79.49537565299637,-2.61402876544328],[-79.49510496024104,-2.612749799086866],[-79.49477296198464,-2.611826369042625],[-79.49329946162278,-2.609797745311097],[-79.49234788097053,-2.608097053034137],[-79.49241698053685,-2.607086380390028],[-79.49259448343062,-2.606571267712959],[-79.49336829904578,-2.604925107320971],[-79.49422283520327,-2.602245494517978],[-79.49435505334665,-2.601695326126818],[-79.49458912910607,-2.600261229229281],[-79.49497365294955,-2.599207069674995]]}},{"type":"Feature","properties":{"fcode":"AP030","descripcio":"SISTEMA DE TRANSPORTE O COMUNICACIÓN","acc":1,"acc_desc":"EXACTA","rst":8,"rst_desc":"TEMPORAL","typ":1,"typ_desc":"VÍA","hct":4,"hct_desc":"RUTA LOCAL","wtc":2,"wtc_desc":"ÉPOCA SECA","loc":44,"loc_desc":"EN CONTACTO CON LA SUPERFICIE DE LA TIERRA","ltn":-32767,"mes":0,"mes_desc":"NO EXISTE","tuc":45,"tuc_desc":"GENERAL","txt":null,"SHAPE_Leng":2662.79129881,"Shape_Le_1":2662.79129881},"geometry":{"type":"LineString","coordinates":[[-79.49497365294955,-2.599207069674995],[-79.49516609502739,-2.598831250799674],[-79.49622399364316,-2.597326329393789],[-79.49660555272938,-2.596951459641183],[-79.4969388188964,-2.596805887903422],[-79.49753405072784,-2.596732348115191],[-79.49811916671801,-2.596543756098649],[-79.49868203506038,-2.596308922234915],[-79.49905126827291,-2.596014437711612],[-79.49931851563178,-2.595649740165996],[-79.49947287372146,-2.595157296733484],[-79.49988023759988,-2.593564316925675],[-79.49999241139544,-2.59277255627272],[-79.50009828331028,-2.592520896883662],[-79.50034230095731,-2.592178961765481],[-79.50072354679537,-2.591838546478158],[-79.50087459743743,-2.591633426941201],[-79.50101573856844,-2.591290193321878],[-79.50131874351467,-2.590799463247543],[-79.50219776996889,-2.589974245954458],[-79.50320726978764,-2.589847833828875],[-79.50401970484472,-2.58967271089313],[-79.50440818700852,-2.589371824500205],[-79.50501283511505,-2.588551614056453],[-79.50847882767519,-2.583019761171029],[-79.50946013469493,-2.581694878809025]]}},{"type":"Feature","properties":{"fcode":"AP030","descripcio":"SISTEMA DE TRANSPORTE O COMUNICACIÓN","acc":7,"acc_desc":"PRECISA","rst":2,"rst_desc":"SUELTO/NO PAVIMENTO","typ":1,"typ_desc":"VÍA","hct":15,"hct_desc":"RUTA SECUNDARIA","wtc":1,"wtc_desc":"TODO EL AÑO","loc":44,"loc_desc":"EN CONTACTO CON LA SUPERFICIE DE LA TIERRA","ltn":1,"mes":0,"mes_desc":"NO EXISTE","tuc":45,"tuc_desc":"GENERAL","txt":null,"SHAPE_Leng":4230.0206852,"Shape_Le_1":4230.0206852},"geometry":{"type":"LineString","coordinates":[[-79.4742446437309,-2.592691244401832],[-79.47427731350199,-2.592519178344706],[-79.47444139120509,-2.592176341530259],[-79.47470764559225,-2.591892052062172],[-79.47506495326523,-2.59164332484624],[-79.47585771473597,-2.591296274328807],[-79.47717797897232,-2.590805881433136],[-79.47804015500866,-2.590390721545995],[-79.47833997208258,-2.590164261840758],[-79.47883751869016,-2.589652885479474],[-79.47918331483567,-2.589404051907133],[-79.47949354319228,-2.589269671475758],[-79.48006472391658,-2.589299300782728],[-79.48142167213447,-2.589568003543],[-79.48254149112665,-2.589603990296269],[-79.48299917847663,-2.58956339117595],[-79.48359520502008,-2.589420942508244],[-79.48483412907703,-2.589044485132974],[-79.48995781246457,-2.586851316944456],[-79.49325686343093,-2.585269034370579],[-79.49477485018821,-2.584493603506018],[-79.4955824244007,-2.583859314890928],[-79.49616922419031,-2.583532801387368],[-79.4965240363483,-2.583490988098454],[-79.49804116482716,-2.583750004018367],[-79.49860092783439,-2.583779519714635],[-79.4991387536863,-2.583728246046438],[-79.50103000436224,-2.583279013449881],[-79.50230475555176,-2.583100186900178],[-79.50946013469493,-2.581694878809025]]}},{"type":"Feature","properties":{"fcode":"AP030","descripcio":"SISTEMA DE TRANSPORTE O COMUNICACIÓN","acc":1,"acc_desc":"EXACTA","rst":8,"rst_desc":"TEMPORAL","typ":1,"typ_desc":"VÍA","hct":4,"hct_desc":"RUTA LOCAL","wtc":2,"wtc_desc":"ÉPOCA SECA","loc":44,"loc_desc":"EN CONTACTO CON LA SUPERFICIE DE LA TIERRA","ltn":-32767,"mes":0,"mes_desc":"NO EXISTE","tuc":45,"tuc_desc":"GENERAL","txt":null,"SHAPE_Leng":1420.16560708,"Shape_Le_1":1420.16560708},"geometry":{"type":"LineString","coordinates":[[-79.51029964236089,-2.576256496811672],[-79.50996687390145,-2.574276812383984],[-79.5096573379917,-2.574127764270048],[-79.50900429291599,-2.573968182990049],[-79.50859069051636,-2.573450557483578],[-79.50361888348633,-2.568216163553052],[-79.50233613320975,-2.566804575111032]]}},{"type":"Feature","properties":{"fcode":"AP030","descripcio":"SISTEMA DE TRANSPORTE O COMUNICACIÓN","acc":1,"acc_desc":"EXACTA","rst":8,"rst_desc":"TEMPORAL","typ":1,"typ_desc":"VÍA","hct":4,"hct_desc":"RUTA LOCAL","wtc":2,"wtc_desc":"ÉPOCA SECA","loc":44,"loc_desc":"EN CONTACTO CON LA SUPERFICIE DE LA TIERRA","ltn":-32767,"mes":0,"mes_desc":"NO EXISTE","tuc":45,"tuc_desc":"GENERAL","txt":null,"SHAPE_Leng":981.497258909,"Shape_Le_1":981.497258909},"geometry":{"type":"LineString","coordinates":[[-79.50233613320975,-2.566804575111032],[-79.50217765573007,-2.566960872842045],[-79.50137615794974,-2.567410773421734],[-79.50110063940741,-2.567474480374128],[-79.50056332839854,-2.567475655648348],[-79.49977610863087,-2.567403007951946],[-79.49869918163307,-2.567531789827289],[-79.49826206540823,-2.567672902897431],[-79.49740836783016,-2.568081859295604],[-79.49691367323015,-2.568244790144939],[-79.49651291744429,-2.568283024537841],[-79.49633115794751,-2.568222124241128],[-79.49621915705589,-2.568104962292655],[-79.49608843756488,-2.567769094123912],[-79.4960039659606,-2.56741112287066],[-79.49601841825867,-2.566664105042503],[-79.4958554470249,-2.566224192761228],[-79.49564998737598,-2.56590986508034]]}},{"type":"Feature","properties":{"fcode":"AP030","descripcio":"SISTEMA DE TRANSPORTE O COMUNICACIÓN","acc":7,"acc_desc":"PRECISA","rst":8,"rst_desc":"TEMPORAL","typ":1,"typ_desc":"VÍA","hct":4,"hct_desc":"RUTA LOCAL","wtc":2,"wtc_desc":"ÉPOCA SECA","loc":44,"loc_desc":"EN CONTACTO CON LA SUPERFICIE DE LA TIERRA","ltn":-32767,"mes":0,"mes_desc":"NO EXISTE","tuc":45,"tuc_desc":"GENERAL","txt":null,"SHAPE_Leng":820.757112322,"Shape_Le_1":820.757112322},"geometry":{"type":"LineString","coordinates":[[-79.50233613320975,-2.566804575111032],[-79.5021388613926,-2.566566326485249],[-79.50165473642281,-2.566173756366191],[-79.50111817473524,-2.565579826110878],[-79.50097082994776,-2.565463112104048],[-79.50078127271182,-2.565409915207461],[-79.49980197812405,-2.565378199494256],[-79.49960672576918,-2.565302853266578],[-79.49909540089345,-2.565296472064706],[-79.49757795575616,-2.56588405170866],[-79.49674475339643,-2.565998630950171],[-79.49564998737598,-2.56590986508034]]}},{"type":"Feature","properties":{"fcode":"AP030","descripcio":"SISTEMA DE TRANSPORTE O COMUNICACIÓN","acc":7,"acc_desc":"PRECISA","rst":8,"rst_desc":"TEMPORAL","typ":1,"typ_desc":"VÍA","hct":4,"hct_desc":"RUTA LOCAL","wtc":2,"wtc_desc":"ÉPOCA SECA","loc":44,"loc_desc":"EN CONTACTO CON LA SUPERFICIE DE LA TIERRA","ltn":-32767,"mes":0,"mes_desc":"NO EXISTE","tuc":45,"tuc_desc":"GENERAL","txt":null,"SHAPE_Leng":739.085975626,"Shape_Le_1":739.085975626},"geometry":{"type":"LineString","coordinates":[[-79.49564998737598,-2.56590986508034],[-79.49501572550395,-2.565736569854852],[-79.49417692738781,-2.565724021885234],[-79.4932575814272,-2.565809604817306],[-79.49260844562184,-2.565739498323651],[-79.49213174331045,-2.565606036546004],[-79.49110976175253,-2.565027012890346],[-79.49071944851785,-2.564714530799686],[-79.49030034193885,-2.564459796559774],[-79.4899270424449,-2.564338012493372],[-79.48940422959966,-2.564331614926139]]}},{"type":"Feature","properties":{"fcode":"AP030","descripcio":"SISTEMA DE TRANSPORTE O COMUNICACIÓN","acc":7,"acc_desc":"PRECISA","rst":2,"rst_desc":"SUELTO/NO PAVIMENTO","typ":1,"typ_desc":"VÍA","hct":15,"hct_desc":"RUTA SECUNDARIA","wtc":1,"wtc_desc":"TODO EL AÑO","loc":44,"loc_desc":"EN CONTACTO CON LA SUPERFICIE DE LA TIERRA","ltn":1,"mes":0,"mes_desc":"NO EXISTE","tuc":45,"tuc_desc":"GENERAL","txt":null,"SHAPE_Leng":440.6699234,"Shape_Le_1":440.6699234},"geometry":{"type":"LineString","coordinates":[[-79.48769325812346,-2.539674613491686],[-79.48698964479495,-2.538944298639705],[-79.48625357846603,-2.538361091054322],[-79.4845704235379,-2.537249595430294]]}},{"type":"Feature","properties":{"fcode":"AP030","descripcio":"SISTEMA DE TRANSPORTE O COMUNICACIÓN","acc":7,"acc_desc":"PRECISA","rst":2,"rst_desc":"SUELTO/NO PAVIMENTO","typ":1,"typ_desc":"VÍA","hct":15,"hct_desc":"RUTA SECUNDARIA","wtc":1,"wtc_desc":"TODO EL AÑO","loc":44,"loc_desc":"EN CONTACTO CON LA SUPERFICIE DE LA TIERRA","ltn":1,"mes":0,"mes_desc":"NO EXISTE","tuc":45,"tuc_desc":"GENERAL","txt":null,"SHAPE_Leng":589.096091311,"Shape_Le_1":589.096091311},"geometry":{"type":"LineString","coordinates":[[-79.48769325812346,-2.539674613491686],[-79.49134037560155,-2.535810603705814]]}},{"type":"Feature","properties":{"fcode":"AP030","descripcio":"SISTEMA DE TRANSPORTE O COMUNICACIÓN","acc":7,"acc_desc":"PRECISA","rst":2,"rst_desc":"SUELTO/NO PAVIMENTO","typ":1,"typ_desc":"VÍA","hct":15,"hct_desc":"RUTA SECUNDARIA","wtc":1,"wtc_desc":"TODO EL AÑO","loc":44,"loc_desc":"EN CONTACTO CON LA SUPERFICIE DE LA TIERRA","ltn":1,"mes":0,"mes_desc":"NO EXISTE","tuc":45,"tuc_desc":"GENERAL","txt":null,"SHAPE_Leng":337.397243981,"Shape_Le_1":337.397243981},"geometry":{"type":"LineString","coordinates":[[-79.4845704235379,-2.537249595430294],[-79.4837814452048,-2.536700240181046],[-79.48295582729405,-2.535955040016288],[-79.48228563251998,-2.53525723252737]]}},{"type":"Feature","properties":{"fcode":"AP030","descripcio":"SISTEMA DE TRANSPORTE O COMUNICACIÓN","acc":7,"acc_desc":"PRECISA","rst":2,"rst_desc":"SUELTO/NO PAVIMENTO","typ":1,"typ_desc":"VÍA","hct":15,"hct_desc":"RUTA SECUNDARIA","wtc":1,"wtc_desc":"TODO EL AÑO","loc":44,"loc_desc":"EN CONTACTO CON LA SUPERFICIE DE LA TIERRA","ltn":1,"mes":0,"mes_desc":"NO EXISTE","tuc":45,"tuc_desc":"GENERAL","txt":null,"SHAPE_Leng":1691.73745672,"Shape_Le_1":1691.73745672},"geometry":{"type":"LineString","coordinates":[[-79.48228563251998,-2.53525723252737],[-79.48182638311734,-2.534803950913191],[-79.48156813287612,-2.534410234606244],[-79.48143569710209,-2.534006356555114],[-79.48130231409408,-2.532717526980636],[-79.48114754130229,-2.532267408149506],[-79.48096438920017,-2.531322823283602],[-79.48055825379454,-2.529892858632264],[-79.48037590116495,-2.528879269744015],[-79.48042886785676,-2.528259188704149],[-79.48090020115427,-2.527057802607429],[-79.48103250079129,-2.526496148072705],[-79.48102636762802,-2.526047741868313],[-79.48080317746764,-2.525585424191144],[-79.48029370114679,-2.525177214605038],[-79.47946589787885,-2.524615878487309],[-79.47900210236891,-2.524208265215538],[-79.47779432704104,-2.52291835459247],[-79.47740956966096,-2.522592048921807],[-79.47698533435933,-2.522345012083461]]}},{"type":"Feature","properties":{"fcode":"AP030","descripcio":"SISTEMA DE TRANSPORTE O COMUNICACIÓN","acc":7,"acc_desc":"PRECISA","rst":2,"rst_desc":"SUELTO/NO PAVIMENTO","typ":1,"typ_desc":"VÍA","hct":15,"hct_desc":"RUTA SECUNDARIA","wtc":1,"wtc_desc":"TODO EL AÑO","loc":44,"loc_desc":"EN CONTACTO CON LA SUPERFICIE DE LA TIERRA","ltn":1,"mes":0,"mes_desc":"NO EXISTE","tuc":45,"tuc_desc":"GENERAL","txt":null,"SHAPE_Leng":112.844311038,"Shape_Le_1":112.844311038},"geometry":{"type":"LineString","coordinates":[[-79.47698533435933,-2.522345012083461],[-79.47601650535941,-2.522042618304055]]}},{"type":"Feature","properties":{"fcode":"AP030","descripcio":"SISTEMA DE TRANSPORTE O COMUNICACIÓN","acc":7,"acc_desc":"PRECISA","rst":8,"rst_desc":"TEMPORAL","typ":1,"typ_desc":"VÍA","hct":4,"hct_desc":"RUTA LOCAL","wtc":2,"wtc_desc":"ÉPOCA SECA","loc":44,"loc_desc":"EN CONTACTO CON LA SUPERFICIE DE LA TIERRA","ltn":-32767,"mes":0,"mes_desc":"NO EXISTE","tuc":45,"tuc_desc":"GENERAL","txt":null,"SHAPE_Leng":1546.88082785,"Shape_Le_1":1546.88082785},"geometry":{"type":"LineString","coordinates":[[-79.48266995455468,-2.514572891677196],[-79.4828025989166,-2.514953706902844],[-79.48383290748141,-2.516758729094811],[-79.48415896880654,-2.517222342011205],[-79.48554746097797,-2.51869813126808],[-79.48575140921443,-2.518849946506894],[-79.48635353556136,-2.519155793545948],[-79.4871106318622,-2.519900182925968],[-79.48731308572671,-2.520178431180898],[-79.48744602760172,-2.520536275709829],[-79.48773734157507,-2.521033853811383],[-79.4884126184232,-2.521926740553525],[-79.48897769069775,-2.522473476015109],[-79.48984016045623,-2.523000752341586],[-79.49015909602528,-2.523096448196102],[-79.49090144890883,-2.523139549748645],[-79.49195569856475,-2.522910338050875],[-79.49244707823688,-2.522874553805722]]}},{"type":"Feature","properties":{"fcode":"AP030","descripcio":"SISTEMA DE TRANSPORTE O COMUNICACIÓN","acc":7,"acc_desc":"PRECISA","rst":8,"rst_desc":"TEMPORAL","typ":1,"typ_desc":"VÍA","hct":4,"hct_desc":"RUTA LOCAL","wtc":2,"wtc_desc":"ÉPOCA SECA","loc":44,"loc_desc":"EN CONTACTO CON LA SUPERFICIE DE LA TIERRA","ltn":-32767,"mes":0,"mes_desc":"NO EXISTE","tuc":45,"tuc_desc":"GENERAL","txt":null,"SHAPE_Leng":1354.17547911,"Shape_Le_1":1354.17547911},"geometry":{"type":"LineString","coordinates":[[-79.47601650535941,-2.522042618304055],[-79.47616835041457,-2.521221336993172],[-79.47616152139564,-2.520830540771608],[-79.47580668464872,-2.519906828564528],[-79.47567504931376,-2.519434038027284],[-79.47560389166175,-2.518686111969604],[-79.47572357095038,-2.518227816032972],[-79.4760482923046,-2.517829270115352],[-79.47637481891583,-2.51726983458842],[-79.47661620935152,-2.517157702116934],[-79.47692531986706,-2.517115287392898],[-79.4785247881772,-2.517168353607441],[-79.47915592481861,-2.516957375240264],[-79.47973126410108,-2.516630658986636],[-79.48096634502953,-2.515617917426979],[-79.48218587269271,-2.514912107175831],[-79.48266995455468,-2.514572891677196]]}},{"type":"Feature","properties":{"fcode":"AP030","descripcio":"SISTEMA DE TRANSPORTE O COMUNICACIÓN","acc":1,"acc_desc":"EXACTA","rst":2,"rst_desc":"SUELTO/NO PAVIMENTO","typ":1,"typ_desc":"VÍA","hct":15,"hct_desc":"RUTA SECUNDARIA","wtc":1,"wtc_desc":"TODO EL AÑO","loc":44,"loc_desc":"EN CONTACTO CON LA SUPERFICIE DE LA TIERRA","ltn":-32767,"mes":0,"mes_desc":"NO EXISTE","tuc":45,"tuc_desc":"GENERAL","txt":null,"SHAPE_Leng":1035.38840019,"Shape_Le_1":1035.38840019},"geometry":{"type":"LineString","coordinates":[[-79.5311256081906,-2.639158328587037],[-79.53128652215898,-2.642199973915693],[-79.53125117775451,-2.644265794541165],[-79.53135738738014,-2.645948492866721],[-79.53151446523454,-2.646513396012162],[-79.53213458987734,-2.647324037128211],[-79.5325003654051,-2.647921024258446],[-79.53255376163578,-2.648170796665238]]}},{"type":"Feature","properties":{"fcode":"AP030","descripcio":"SISTEMA DE TRANSPORTE O COMUNICACIÓN","acc":1,"acc_desc":"EXACTA","rst":2,"rst_desc":"SUELTO/NO PAVIMENTO","typ":1,"typ_desc":"VÍA","hct":15,"hct_desc":"RUTA SECUNDARIA","wtc":1,"wtc_desc":"TODO EL AÑO","loc":44,"loc_desc":"EN CONTACTO CON LA SUPERFICIE DE LA TIERRA","ltn":-32767,"mes":0,"mes_desc":"NO EXISTE","tuc":45,"tuc_desc":"GENERAL","txt":null,"SHAPE_Leng":513.176606435,"Shape_Le_1":513.176606435},"geometry":{"type":"LineString","coordinates":[[-79.52641828137308,-2.637009815905497],[-79.52622698478942,-2.637171658853076],[-79.52545481507077,-2.638326396760283],[-79.52454698850208,-2.639283809862225],[-79.52378730825203,-2.640521313599518],[-79.5236401648549,-2.640685469390463]]}},{"type":"Feature","properties":{"fcode":"AP030","descripcio":"SISTEMA DE TRANSPORTE O COMUNICACIÓN","acc":1,"acc_desc":"EXACTA","rst":2,"rst_desc":"SUELTO/NO PAVIMENTO","typ":1,"typ_desc":"VÍA","hct":15,"hct_desc":"RUTA SECUNDARIA","wtc":1,"wtc_desc":"TODO EL AÑO","loc":44,"loc_desc":"EN CONTACTO CON LA SUPERFICIE DE LA TIERRA","ltn":-32767,"mes":0,"mes_desc":"NO EXISTE","tuc":45,"tuc_desc":"GENERAL","txt":null,"SHAPE_Leng":615.401345305,"Shape_Le_1":615.401345305},"geometry":{"type":"LineString","coordinates":[[-79.5311256081906,-2.639158328587037],[-79.53101827327279,-2.639196910053371],[-79.53032441777641,-2.638988884707913],[-79.52912250693473,-2.63811514967697],[-79.52797947877778,-2.637033198152202],[-79.52753688865113,-2.636908405537956],[-79.5269803886172,-2.636831049396622],[-79.52661344882554,-2.636844721622234],[-79.52641828137308,-2.637009815905497]]}},{"type":"Feature","properties":{"fcode":"AP030","descripcio":"SISTEMA DE TRANSPORTE O COMUNICACIÓN","acc":1,"acc_desc":"EXACTA","rst":2,"rst_desc":"SUELTO/NO PAVIMENTO","typ":1,"typ_desc":"VÍA","hct":15,"hct_desc":"RUTA SECUNDARIA","wtc":1,"wtc_desc":"TODO EL AÑO","loc":44,"loc_desc":"EN CONTACTO CON LA SUPERFICIE DE LA TIERRA","ltn":-32767,"mes":0,"mes_desc":"NO EXISTE","tuc":45,"tuc_desc":"GENERAL","txt":null,"SHAPE_Leng":1472.30280053,"Shape_Le_1":1472.30280053},"geometry":{"type":"LineString","coordinates":[[-79.53960121462403,-2.629372616730159],[-79.53903496746057,-2.629942637977583],[-79.5381580072167,-2.630432432711785],[-79.53648283969329,-2.631588835013658],[-79.53277343411766,-2.63571392118428],[-79.5323882707632,-2.636236487873193],[-79.53209156877728,-2.63678620112965],[-79.53150175798048,-2.637658261496429],[-79.53116384564204,-2.639144626895444],[-79.5311256081906,-2.639158328587037]]}},{"type":"Feature","properties":{"fcode":"AP030","descripcio":"SISTEMA DE TRANSPORTE O COMUNICACIÓN","acc":1,"acc_desc":"EXACTA","rst":8,"rst_desc":"TEMPORAL","typ":1,"typ_desc":"VÍA","hct":4,"hct_desc":"RUTA LOCAL","wtc":2,"wtc_desc":"ÉPOCA SECA","loc":44,"loc_desc":"EN CONTACTO CON LA SUPERFICIE DE LA TIERRA","ltn":-32767,"mes":0,"mes_desc":"NO EXISTE","tuc":45,"tuc_desc":"GENERAL","txt":null,"SHAPE_Leng":1522.15821639,"Shape_Le_1":1522.15821639},"geometry":{"type":"LineString","coordinates":[[-79.52891615478812,-2.622423333531004],[-79.52980216802382,-2.623108207442259],[-79.5304128425501,-2.623844036366535],[-79.5313028201667,-2.625833532594755],[-79.53229110370836,-2.628585115243636],[-79.53584404811812,-2.627966437355795],[-79.53651409802924,-2.628226884837368],[-79.5372868001704,-2.627681165491859],[-79.53846995245142,-2.627212080010885]]}},{"type":"Feature","properties":{"fcode":"AP030","descripcio":"SISTEMA DE TRANSPORTE O COMUNICACIÓN","acc":1,"acc_desc":"EXACTA","rst":8,"rst_desc":"TEMPORAL","typ":1,"typ_desc":"VÍA","hct":4,"hct_desc":"RUTA LOCAL","wtc":2,"wtc_desc":"ÉPOCA SECA","loc":44,"loc_desc":"EN CONTACTO CON LA SUPERFICIE DE LA TIERRA","ltn":-32767,"mes":0,"mes_desc":"NO EXISTE","tuc":45,"tuc_desc":"GENERAL","txt":null,"SHAPE_Leng":395.962007093,"Shape_Le_1":395.962007093},"geometry":{"type":"LineString","coordinates":[[-79.52553182323973,-2.622532743033827],[-79.52840616541101,-2.622029039717245],[-79.52891615478812,-2.622423333531004]]}},{"type":"Feature","properties":{"fcode":"AP030","descripcio":"SISTEMA DE TRANSPORTE O COMUNICACIÓN","acc":1,"acc_desc":"EXACTA","rst":8,"rst_desc":"TEMPORAL","typ":1,"typ_desc":"VÍA","hct":4,"hct_desc":"RUTA LOCAL","wtc":2,"wtc_desc":"ÉPOCA SECA","loc":44,"loc_desc":"EN CONTACTO CON LA SUPERFICIE DE LA TIERRA","ltn":-32767,"mes":0,"mes_desc":"NO EXISTE","tuc":45,"tuc_desc":"GENERAL","txt":null,"SHAPE_Leng":372.016525101,"Shape_Le_1":372.016525101},"geometry":{"type":"LineString","coordinates":[[-79.50669702029084,-2.623410083726605],[-79.50693561782126,-2.622717686681802],[-79.50751843879794,-2.622278030996148],[-79.50796372016599,-2.621792537557889],[-79.50868386466033,-2.621352502734118],[-79.50896575527075,-2.621083508361769]]}},{"type":"Feature","properties":{"fcode":"AP030","descripcio":"SISTEMA DE TRANSPORTE O COMUNICACIÓN","acc":1,"acc_desc":"EXACTA","rst":8,"rst_desc":"TEMPORAL","typ":1,"typ_desc":"VÍA","hct":4,"hct_desc":"RUTA LOCAL","wtc":2,"wtc_desc":"ÉPOCA SECA","loc":44,"loc_desc":"EN CONTACTO CON LA SUPERFICIE DE LA TIERRA","ltn":-32767,"mes":0,"mes_desc":"NO EXISTE","tuc":45,"tuc_desc":"GENERAL","txt":null,"SHAPE_Leng":752.409521947,"Shape_Le_1":752.409521947},"geometry":{"type":"LineString","coordinates":[[-79.50896575527075,-2.621083508361769],[-79.50955156935544,-2.620393243685663],[-79.51063504604973,-2.618799257687417],[-79.51098937524463,-2.618567700785818],[-79.51175439189288,-2.617747051405044],[-79.51201654393844,-2.61728521245513],[-79.51209554285106,-2.616869912735755],[-79.51208338233835,-2.616581754286385],[-79.511674326857,-2.615482593446078]]}},{"type":"Feature","properties":{"fcode":"AP030","descripcio":"SISTEMA DE TRANSPORTE O COMUNICACIÓN","acc":1,"acc_desc":"EXACTA","rst":1,"rst_desc":"DURO/PAVIMENTO","typ":1,"typ_desc":"VÍA","hct":14,"hct_desc":"RUTA PRIMARIA","wtc":1,"wtc_desc":"TODO EL AÑO","loc":44,"loc_desc":"EN CONTACTO CON LA SUPERFICIE DE LA TIERRA","ltn":-32767,"mes":0,"mes_desc":"NO EXISTE","tuc":45,"tuc_desc":"GENERAL","txt":null,"SHAPE_Leng":193.700883059,"Shape_Le_1":193.700883059},"geometry":{"type":"LineString","coordinates":[[-79.51117586598657,-2.581462296985666],[-79.51074171451012,-2.581445596907916],[-79.50946013469493,-2.581694878809025]]}},{"type":"Feature","properties":{"fcode":"AP030","descripcio":"SISTEMA DE TRANSPORTE O COMUNICACIÓN","acc":1,"acc_desc":"EXACTA","rst":8,"rst_desc":"TEMPORAL","typ":1,"typ_desc":"VÍA","hct":4,"hct_desc":"RUTA LOCAL","wtc":2,"wtc_desc":"ÉPOCA SECA","loc":44,"loc_desc":"EN CONTACTO CON LA SUPERFICIE DE LA TIERRA","ltn":-32767,"mes":0,"mes_desc":"NO EXISTE","tuc":45,"tuc_desc":"GENERAL","txt":null,"SHAPE_Leng":234.462091748,"Shape_Le_1":234.462091748},"geometry":{"type":"LineString","coordinates":[[-79.50946013469493,-2.581694878809025],[-79.51057875029785,-2.580454537256494],[-79.51097197129542,-2.580250604239187]]}},{"type":"Feature","properties":{"fcode":"AP030","descripcio":"SISTEMA DE TRANSPORTE O COMUNICACIÓN","acc":1,"acc_desc":"EXACTA","rst":8,"rst_desc":"TEMPORAL","typ":1,"typ_desc":"VÍA","hct":4,"hct_desc":"RUTA LOCAL","wtc":2,"wtc_desc":"ÉPOCA SECA","loc":44,"loc_desc":"EN CONTACTO CON LA SUPERFICIE DE LA TIERRA","ltn":-32767,"mes":0,"mes_desc":"NO EXISTE","tuc":45,"tuc_desc":"GENERAL","txt":null,"SHAPE_Leng":135.881608028,"Shape_Le_1":135.881608028},"geometry":{"type":"LineString","coordinates":[[-79.51097197129542,-2.580250604239187],[-79.51117586598657,-2.581462296985666]]}},{"type":"Feature","properties":{"fcode":"AP030","descripcio":"SISTEMA DE TRANSPORTE O COMUNICACIÓN","acc":1,"acc_desc":"EXACTA","rst":1,"rst_desc":"DURO/PAVIMENTO","typ":1,"typ_desc":"VÍA","hct":14,"hct_desc":"RUTA PRIMARIA","wtc":1,"wtc_desc":"TODO EL AÑO","loc":44,"loc_desc":"EN CONTACTO CON LA SUPERFICIE DE LA TIERRA","ltn":-32767,"mes":0,"mes_desc":"NO EXISTE","tuc":45,"tuc_desc":"GENERAL","txt":null,"SHAPE_Leng":895.521736969,"Shape_Le_1":895.521736969},"geometry":{"type":"LineString","coordinates":[[-79.5185747603732,-2.579451348630097],[-79.51793896998582,-2.579684755876887],[-79.51251794506138,-2.582005616249714],[-79.51223131197243,-2.581879566405836],[-79.51181828827447,-2.58155792543739],[-79.51117586598657,-2.581462296985666]]}},{"type":"Feature","properties":{"fcode":"AP030","descripcio":"SISTEMA DE TRANSPORTE O COMUNICACIÓN","acc":1,"acc_desc":"EXACTA","rst":1,"rst_desc":"DURO/PAVIMENTO","typ":1,"typ_desc":"VÍA","hct":14,"hct_desc":"RUTA PRIMARIA","wtc":1,"wtc_desc":"TODO EL AÑO","loc":44,"loc_desc":"EN CONTACTO CON LA SUPERFICIE DE LA TIERRA","ltn":-32767,"mes":0,"mes_desc":"NO EXISTE","tuc":45,"tuc_desc":"GENERAL","txt":null,"SHAPE_Leng":58.0400861477,"Shape_Le_1":58.0400861477},"geometry":{"type":"LineString","coordinates":[[-79.51906507547251,-2.579271402235962],[-79.5185747603732,-2.579451348630097]]}},{"type":"Feature","properties":{"fcode":"AP030","descripcio":"SISTEMA DE TRANSPORTE O COMUNICACIÓN","acc":1,"acc_desc":"EXACTA","rst":8,"rst_desc":"TEMPORAL","typ":1,"typ_desc":"VÍA","hct":4,"hct_desc":"RUTA LOCAL","wtc":2,"wtc_desc":"ÉPOCA SECA","loc":44,"loc_desc":"EN CONTACTO CON LA SUPERFICIE DE LA TIERRA","ltn":-32767,"mes":0,"mes_desc":"NO EXISTE","tuc":45,"tuc_desc":"GENERAL","txt":null,"SHAPE_Leng":980.41121755,"Shape_Le_1":980.41121755},"geometry":{"type":"LineString","coordinates":[[-79.51906507547251,-2.579271402235962],[-79.51792388137231,-2.578347478303088],[-79.51768304761552,-2.578198330581161],[-79.51733942280512,-2.57813009756584],[-79.51630969656506,-2.578409619936126],[-79.51460554191733,-2.579129158593352],[-79.5124203026923,-2.579746201674171],[-79.51097197129542,-2.580250604239187]]}},{"type":"Feature","properties":{"fcode":"AP030","descripcio":"SISTEMA DE TRANSPORTE O COMUNICACIÓN","acc":1,"acc_desc":"EXACTA","rst":8,"rst_desc":"TEMPORAL","typ":1,"typ_desc":"VÍA","hct":4,"hct_desc":"RUTA LOCAL","wtc":2,"wtc_desc":"ÉPOCA SECA","loc":44,"loc_desc":"EN CONTACTO CON LA SUPERFICIE DE LA TIERRA","ltn":-32767,"mes":0,"mes_desc":"NO EXISTE","tuc":45,"tuc_desc":"GENERAL","txt":null,"SHAPE_Leng":293.922219072,"Shape_Le_1":293.922219072},"geometry":{"type":"LineString","coordinates":[[-79.51097197129542,-2.580250604239187],[-79.51053095161765,-2.577629618001649]]}},{"type":"Feature","properties":{"fcode":"AP030","descripcio":"SISTEMA DE TRANSPORTE O COMUNICACIÓN","acc":1,"acc_desc":"EXACTA","rst":8,"rst_desc":"TEMPORAL","typ":1,"typ_desc":"VÍA","hct":4,"hct_desc":"RUTA LOCAL","wtc":2,"wtc_desc":"ÉPOCA SECA","loc":44,"loc_desc":"EN CONTACTO CON LA SUPERFICIE DE LA TIERRA","ltn":-32767,"mes":0,"mes_desc":"NO EXISTE","tuc":45,"tuc_desc":"GENERAL","txt":null,"SHAPE_Leng":492.570211754,"Shape_Le_1":492.570211754},"geometry":{"type":"LineString","coordinates":[[-79.54798675853974,-2.693555613530565],[-79.54856451043955,-2.692944618123037]]}},{"type":"Feature","properties":{"fcode":"AP030","descripcio":"SISTEMA DE TRANSPORTE O COMUNICACIÓN","acc":1,"acc_desc":"EXACTA","rst":2,"rst_desc":"SUELTO/NO PAVIMENTO","typ":1,"typ_desc":"VÍA","hct":15,"hct_desc":"RUTA SECUNDARIA","wtc":1,"wtc_desc":"TODO EL AÑO","loc":44,"loc_desc":"EN CONTACTO CON LA SUPERFICIE DE LA TIERRA","ltn":-32767,"mes":0,"mes_desc":"NO EXISTE","tuc":45,"tuc_desc":"GENERAL","txt":null,"SHAPE_Leng":48.1107690652,"Shape_Le_1":48.1107690652},"geometry":{"type":"LineString","coordinates":[[-79.54744812829387,-2.629337685621178],[-79.54701694978547,-2.62937381016929]]}},{"type":"Feature","properties":{"fcode":"AP030","descripcio":"SISTEMA DE TRANSPORTE O COMUNICACIÓN","acc":1,"acc_desc":"EXACTA","rst":2,"rst_desc":"SUELTO/NO PAVIMENTO","typ":1,"typ_desc":"VÍA","hct":15,"hct_desc":"RUTA SECUNDARIA","wtc":1,"wtc_desc":"TODO EL AÑO","loc":44,"loc_desc":"EN CONTACTO CON LA SUPERFICIE DE LA TIERRA","ltn":-32767,"mes":0,"mes_desc":"NO EXISTE","tuc":45,"tuc_desc":"GENERAL","txt":null,"SHAPE_Leng":445.267051248,"Shape_Le_1":445.267051248},"geometry":{"type":"LineString","coordinates":[[-79.54701694978547,-2.62937381016929],[-79.54551043396803,-2.629499840865509],[-79.54525889348808,-2.629421585168221],[-79.54391962047333,-2.628567238247467],[-79.54361908025355,-2.628477800575163],[-79.5432891188013,-2.628477504077342]]}},{"type":"Feature","properties":{"fcode":"AP030","descripcio":"SISTEMA DE TRANSPORTE O COMUNICACIÓN","acc":1,"acc_desc":"EXACTA","rst":2,"rst_desc":"SUELTO/NO PAVIMENTO","typ":1,"typ_desc":"VÍA","hct":15,"hct_desc":"RUTA SECUNDARIA","wtc":1,"wtc_desc":"TODO EL AÑO","loc":44,"loc_desc":"EN CONTACTO CON LA SUPERFICIE DE LA TIERRA","ltn":-32767,"mes":0,"mes_desc":"NO EXISTE","tuc":45,"tuc_desc":"GENERAL","txt":null,"SHAPE_Leng":93.1652469573,"Shape_Le_1":93.1652469573},"geometry":{"type":"LineString","coordinates":[[-79.54744812829387,-2.629337685621178],[-79.54719886501486,-2.628534449291577]]}},{"type":"Feature","properties":{"fcode":"AP030","descripcio":"SISTEMA DE TRANSPORTE O COMUNICACIÓN","acc":1,"acc_desc":"EXACTA","rst":2,"rst_desc":"SUELTO/NO PAVIMENTO","typ":1,"typ_desc":"VÍA","hct":15,"hct_desc":"RUTA SECUNDARIA","wtc":1,"wtc_desc":"TODO EL AÑO","loc":44,"loc_desc":"EN CONTACTO CON LA SUPERFICIE DE LA TIERRA","ltn":-32767,"mes":0,"mes_desc":"NO EXISTE","tuc":45,"tuc_desc":"GENERAL","txt":null,"SHAPE_Leng":424.264975509,"Shape_Le_1":424.264975509},"geometry":{"type":"LineString","coordinates":[[-79.5432891188013,-2.628477504077342],[-79.54076721442966,-2.628961753835133],[-79.53978890668446,-2.629369672014406],[-79.53960121462403,-2.629372616730159]]}},{"type":"Feature","properties":{"fcode":"AP030","descripcio":"SISTEMA DE TRANSPORTE O COMUNICACIÓN","acc":1,"acc_desc":"EXACTA","rst":2,"rst_desc":"SUELTO/NO PAVIMENTO","typ":1,"typ_desc":"VÍA","hct":15,"hct_desc":"RUTA SECUNDARIA","wtc":1,"wtc_desc":"TODO EL AÑO","loc":44,"loc_desc":"EN CONTACTO CON LA SUPERFICIE DE LA TIERRA","ltn":-32767,"mes":0,"mes_desc":"NO EXISTE","tuc":45,"tuc_desc":"GENERAL","txt":null,"SHAPE_Leng":287.674509643,"Shape_Le_1":287.674509643},"geometry":{"type":"LineString","coordinates":[[-79.53846995245142,-2.627212080010885],[-79.53896664888214,-2.628912064399546],[-79.53917674753528,-2.629206699449901],[-79.53950093839921,-2.629374126734477],[-79.53960121462403,-2.629372616730159]]}},{"type":"Feature","properties":{"fcode":"AP030","descripcio":"SISTEMA DE TRANSPORTE O COMUNICACIÓN","acc":1,"acc_desc":"EXACTA","rst":2,"rst_desc":"SUELTO/NO PAVIMENTO","typ":1,"typ_desc":"VÍA","hct":15,"hct_desc":"RUTA SECUNDARIA","wtc":1,"wtc_desc":"TODO EL AÑO","loc":44,"loc_desc":"EN CONTACTO CON LA SUPERFICIE DE LA TIERRA","ltn":-32767,"mes":0,"mes_desc":"NO EXISTE","tuc":45,"tuc_desc":"GENERAL","txt":null,"SHAPE_Leng":435.093584532,"Shape_Le_1":435.093584532},"geometry":{"type":"LineString","coordinates":[[-79.54719886501486,-2.628534449291577],[-79.54570362798934,-2.624898015775928]]}},{"type":"Feature","properties":{"fcode":"AP030","descripcio":"SISTEMA DE TRANSPORTE O COMUNICACIÓN","acc":1,"acc_desc":"EXACTA","rst":2,"rst_desc":"SUELTO/NO PAVIMENTO","typ":1,"typ_desc":"VÍA","hct":15,"hct_desc":"RUTA SECUNDARIA","wtc":1,"wtc_desc":"TODO EL AÑO","loc":44,"loc_desc":"EN CONTACTO CON LA SUPERFICIE DE LA TIERRA","ltn":-32767,"mes":0,"mes_desc":"NO EXISTE","tuc":45,"tuc_desc":"GENERAL","txt":null,"SHAPE_Leng":618.237839364,"Shape_Le_1":618.237839364},"geometry":{"type":"LineString","coordinates":[[-79.5432891188013,-2.628477504077342],[-79.54280662626994,-2.62607787636164],[-79.54570362798934,-2.624898015775928]]}},{"type":"Feature","properties":{"fcode":"AP030","descripcio":"SISTEMA DE TRANSPORTE O COMUNICACIÓN","acc":1,"acc_desc":"EXACTA","rst":2,"rst_desc":"SUELTO/NO PAVIMENTO","typ":1,"typ_desc":"VÍA","hct":15,"hct_desc":"RUTA SECUNDARIA","wtc":1,"wtc_desc":"TODO EL AÑO","loc":44,"loc_desc":"EN CONTACTO CON LA SUPERFICIE DE LA TIERRA","ltn":-32767,"mes":0,"mes_desc":"NO EXISTE","tuc":45,"tuc_desc":"GENERAL","txt":null,"SHAPE_Leng":323.326246498,"Shape_Le_1":323.326246498},"geometry":{"type":"LineString","coordinates":[[-79.53736348087874,-2.624538497875399],[-79.53748142512445,-2.625274470101095],[-79.53846995245142,-2.627212080010885]]}},{"type":"Feature","properties":{"fcode":"AP030","descripcio":"SISTEMA DE TRANSPORTE O COMUNICACIÓN","acc":1,"acc_desc":"EXACTA","rst":8,"rst_desc":"TEMPORAL","typ":1,"typ_desc":"VÍA","hct":4,"hct_desc":"RUTA LOCAL","wtc":2,"wtc_desc":"ÉPOCA SECA","loc":44,"loc_desc":"EN CONTACTO CON LA SUPERFICIE DE LA TIERRA","ltn":-32767,"mes":0,"mes_desc":"NO EXISTE","tuc":45,"tuc_desc":"GENERAL","txt":null,"SHAPE_Leng":1019.91026482,"Shape_Le_1":1019.91026482},"geometry":{"type":"LineString","coordinates":[[-79.53704317964318,-2.618158275222746],[-79.53321964214956,-2.620338941026596],[-79.52891615478812,-2.622423333531004]]}},{"type":"Feature","properties":{"fcode":"AP030","descripcio":"SISTEMA DE TRANSPORTE O COMUNICACIÓN","acc":1,"acc_desc":"EXACTA","rst":2,"rst_desc":"SUELTO/NO PAVIMENTO","typ":1,"typ_desc":"VÍA","hct":15,"hct_desc":"RUTA SECUNDARIA","wtc":1,"wtc_desc":"TODO EL AÑO","loc":44,"loc_desc":"EN CONTACTO CON LA SUPERFICIE DE LA TIERRA","ltn":-32767,"mes":0,"mes_desc":"NO EXISTE","tuc":45,"tuc_desc":"GENERAL","txt":null,"SHAPE_Leng":594.446298668,"Shape_Le_1":594.446298668},"geometry":{"type":"LineString","coordinates":[[-79.53645348060321,-2.615926568504909],[-79.53186037672663,-2.618677467847808]]}},{"type":"Feature","properties":{"fcode":"AP030","descripcio":"SISTEMA DE TRANSPORTE O COMUNICACIÓN","acc":1,"acc_desc":"EXACTA","rst":2,"rst_desc":"SUELTO/NO PAVIMENTO","typ":1,"typ_desc":"VÍA","hct":15,"hct_desc":"RUTA SECUNDARIA","wtc":1,"wtc_desc":"TODO EL AÑO","loc":44,"loc_desc":"EN CONTACTO CON LA SUPERFICIE DE LA TIERRA","ltn":-32767,"mes":0,"mes_desc":"NO EXISTE","tuc":45,"tuc_desc":"GENERAL","txt":null,"SHAPE_Leng":305.352061061,"Shape_Le_1":305.352061061},"geometry":{"type":"LineString","coordinates":[[-79.53645348060321,-2.615926568504909],[-79.53583966158692,-2.615184679354064],[-79.53559060461673,-2.613821251081493],[-79.53543402433165,-2.613442388435253]]}},{"type":"Feature","properties":{"fcode":"AP030","descripcio":"SISTEMA DE TRANSPORTE O COMUNICACIÓN","acc":1,"acc_desc":"EXACTA","rst":2,"rst_desc":"SUELTO/NO PAVIMENTO","typ":1,"typ_desc":"VÍA","hct":15,"hct_desc":"RUTA SECUNDARIA","wtc":1,"wtc_desc":"TODO EL AÑO","loc":44,"loc_desc":"EN CONTACTO CON LA SUPERFICIE DE LA TIERRA","ltn":-32767,"mes":0,"mes_desc":"NO EXISTE","tuc":45,"tuc_desc":"GENERAL","txt":null,"SHAPE_Leng":1071.60703767,"Shape_Le_1":1071.60703767},"geometry":{"type":"LineString","coordinates":[[-79.53543402433165,-2.613442388435253],[-79.53507788720088,-2.613141252512031],[-79.53358674497808,-2.609495070629758],[-79.53356189438803,-2.609210331510126],[-79.53469509401496,-2.605104525358366],[-79.53467830900104,-2.604765711503596],[-79.53450002464587,-2.604413504376547]]}},{"type":"Feature","properties":{"fcode":"AP030","descripcio":"SISTEMA DE TRANSPORTE O COMUNICACIÓN","acc":1,"acc_desc":"EXACTA","rst":2,"rst_desc":"SUELTO/NO PAVIMENTO","typ":1,"typ_desc":"VÍA","hct":15,"hct_desc":"RUTA SECUNDARIA","wtc":1,"wtc_desc":"TODO EL AÑO","loc":44,"loc_desc":"EN CONTACTO CON LA SUPERFICIE DE LA TIERRA","ltn":-32767,"mes":0,"mes_desc":"NO EXISTE","tuc":45,"tuc_desc":"GENERAL","txt":null,"SHAPE_Leng":946.44351671,"Shape_Le_1":946.44351671},"geometry":{"type":"LineString","coordinates":[[-79.53450002464587,-2.604413504376547],[-79.52668471762556,-2.601023648032971]]}},{"type":"Feature","properties":{"fcode":"AP030","descripcio":"SISTEMA DE TRANSPORTE O COMUNICACIÓN","acc":1,"acc_desc":"EXACTA","rst":2,"rst_desc":"SUELTO/NO PAVIMENTO","typ":1,"typ_desc":"VÍA","hct":15,"hct_desc":"RUTA SECUNDARIA","wtc":1,"wtc_desc":"TODO EL AÑO","loc":44,"loc_desc":"EN CONTACTO CON LA SUPERFICIE DE LA TIERRA","ltn":-32767,"mes":0,"mes_desc":"NO EXISTE","tuc":45,"tuc_desc":"GENERAL","txt":null,"SHAPE_Leng":972.074810256,"Shape_Le_1":972.074810256},"geometry":{"type":"LineString","coordinates":[[-79.52668471762556,-2.601023648032971],[-79.52385935094254,-2.599825962316371],[-79.52344870315194,-2.599542036951954],[-79.52335732030585,-2.599322428844573],[-79.52331991236555,-2.599010634236869],[-79.52347122528634,-2.59857931737907],[-79.52500068873147,-2.59467414389681]]}},{"type":"Feature","properties":{"fcode":"AP030","descripcio":"SISTEMA DE TRANSPORTE O COMUNICACIÓN","acc":1,"acc_desc":"EXACTA","rst":2,"rst_desc":"SUELTO/NO PAVIMENTO","typ":1,"typ_desc":"VÍA","hct":15,"hct_desc":"RUTA SECUNDARIA","wtc":1,"wtc_desc":"TODO EL AÑO","loc":44,"loc_desc":"EN CONTACTO CON LA SUPERFICIE DE LA TIERRA","ltn":-32767,"mes":0,"mes_desc":"NO EXISTE","tuc":45,"tuc_desc":"GENERAL","txt":null,"SHAPE_Leng":245.771797609,"Shape_Le_1":245.771797609},"geometry":{"type":"LineString","coordinates":[[-79.52500068873147,-2.59467414389681],[-79.52709332354877,-2.595389453743455]]}},{"type":"Feature","properties":{"fcode":"AP030","descripcio":"SISTEMA DE TRANSPORTE O COMUNICACIÓN","acc":1,"acc_desc":"EXACTA","rst":2,"rst_desc":"SUELTO/NO PAVIMENTO","typ":1,"typ_desc":"VÍA","hct":15,"hct_desc":"RUTA SECUNDARIA","wtc":1,"wtc_desc":"TODO EL AÑO","loc":44,"loc_desc":"EN CONTACTO CON LA SUPERFICIE DE LA TIERRA","ltn":-32767,"mes":0,"mes_desc":"NO EXISTE","tuc":45,"tuc_desc":"GENERAL","txt":null,"SHAPE_Leng":741.79705374,"Shape_Le_1":741.79705374},"geometry":{"type":"LineString","coordinates":[[-79.52802397482874,-2.588748472845313],[-79.52750504945496,-2.589374411991266],[-79.52705181777469,-2.590377600212182],[-79.52658537219446,-2.590986086608288],[-79.52617628370065,-2.591764850151688],[-79.52500068873147,-2.59467414389681]]}},{"type":"Feature","properties":{"fcode":"AP030","descripcio":"SISTEMA DE TRANSPORTE O COMUNICACIÓN","acc":1,"acc_desc":"EXACTA","rst":8,"rst_desc":"TEMPORAL","typ":1,"typ_desc":"VÍA","hct":4,"hct_desc":"RUTA LOCAL","wtc":2,"wtc_desc":"ÉPOCA SECA","loc":44,"loc_desc":"EN CONTACTO CON LA SUPERFICIE DE LA TIERRA","ltn":-32767,"mes":0,"mes_desc":"NO EXISTE","tuc":45,"tuc_desc":"GENERAL","txt":null,"SHAPE_Leng":58.2391835447,"Shape_Le_1":58.2391835447},"geometry":{"type":"LineString","coordinates":[[-79.53623602677041,-2.589112892211367],[-79.53584209781793,-2.589460002164704]]}},{"type":"Feature","properties":{"fcode":"AP030","descripcio":"SISTEMA DE TRANSPORTE O COMUNICACIÓN","acc":1,"acc_desc":"EXACTA","rst":8,"rst_desc":"TEMPORAL","typ":1,"typ_desc":"VÍA","hct":4,"hct_desc":"RUTA LOCAL","wtc":2,"wtc_desc":"ÉPOCA SECA","loc":44,"loc_desc":"EN CONTACTO CON LA SUPERFICIE DE LA TIERRA","ltn":-32767,"mes":0,"mes_desc":"NO EXISTE","tuc":45,"tuc_desc":"GENERAL","txt":null,"SHAPE_Leng":212.308607928,"Shape_Le_1":212.308607928},"geometry":{"type":"LineString","coordinates":[[-79.53584209781793,-2.589460002164704],[-79.53428174826531,-2.588353444873919]]}},{"type":"Feature","properties":{"fcode":"AP030","descripcio":"SISTEMA DE TRANSPORTE O COMUNICACIÓN","acc":1,"acc_desc":"EXACTA","rst":8,"rst_desc":"TEMPORAL","typ":1,"typ_desc":"VÍA","hct":4,"hct_desc":"RUTA LOCAL","wtc":2,"wtc_desc":"ÉPOCA SECA","loc":44,"loc_desc":"EN CONTACTO CON LA SUPERFICIE DE LA TIERRA","ltn":-32767,"mes":0,"mes_desc":"NO EXISTE","tuc":45,"tuc_desc":"GENERAL","txt":null,"SHAPE_Leng":442.362930534,"Shape_Le_1":442.362930534},"geometry":{"type":"LineString","coordinates":[[-79.53890379014787,-2.623259291201014],[-79.53931139533589,-2.624701773093856],[-79.53927889616251,-2.625040620194383],[-79.53874923711417,-2.625161009033798],[-79.53803137630422,-2.625104543696892],[-79.53754361854043,-2.624612238765532],[-79.53736348087874,-2.624538497875399]]}},{"type":"Feature","properties":{"fcode":"AP030","descripcio":"SISTEMA DE TRANSPORTE O COMUNICACIÓN","acc":1,"acc_desc":"EXACTA","rst":2,"rst_desc":"SUELTO/NO PAVIMENTO","typ":1,"typ_desc":"VÍA","hct":15,"hct_desc":"RUTA SECUNDARIA","wtc":1,"wtc_desc":"TODO EL AÑO","loc":44,"loc_desc":"EN CONTACTO CON LA SUPERFICIE DE LA TIERRA","ltn":-32767,"mes":0,"mes_desc":"NO EXISTE","tuc":45,"tuc_desc":"GENERAL","txt":null,"SHAPE_Leng":835.340405696,"Shape_Le_1":835.340405696},"geometry":{"type":"LineString","coordinates":[[-79.53704317964318,-2.618158275222746],[-79.53705828842381,-2.618235530140949],[-79.5372335577532,-2.618396541078531],[-79.53745568321027,-2.618866103595838],[-79.53799356309747,-2.619641548689236],[-79.53856398341715,-2.6208178698523],[-79.53847761639435,-2.6213886367256],[-79.53738045513406,-2.622081669513118],[-79.53716017425121,-2.622346857044132],[-79.53706162348635,-2.622644113457141],[-79.53712966140202,-2.623530069604585],[-79.53736348087874,-2.624538497875399]]}},{"type":"Feature","properties":{"fcode":"AP030","descripcio":"SISTEMA DE TRANSPORTE O COMUNICACIÓN","acc":1,"acc_desc":"EXACTA","rst":2,"rst_desc":"SUELTO/NO PAVIMENTO","typ":1,"typ_desc":"VÍA","hct":15,"hct_desc":"RUTA SECUNDARIA","wtc":1,"wtc_desc":"TODO EL AÑO","loc":44,"loc_desc":"EN CONTACTO CON LA SUPERFICIE DE LA TIERRA","ltn":-32767,"mes":0,"mes_desc":"NO EXISTE","tuc":45,"tuc_desc":"GENERAL","txt":null,"SHAPE_Leng":1727.75270037,"Shape_Le_1":1727.75270037},"geometry":{"type":"LineString","coordinates":[[-79.54570362798934,-2.624898015775928],[-79.54231606447837,-2.616659316469877],[-79.54268198778713,-2.616276722465122],[-79.542937370733,-2.615828700111125],[-79.5432320002261,-2.61558268023151],[-79.5435652740812,-2.614891459617502],[-79.5440035429395,-2.612990157209304],[-79.54402987684458,-2.612379523746058],[-79.54419547508662,-2.611724555014105],[-79.54461358055171,-2.610695450259068],[-79.54470456176509,-2.610564415250228]]}},{"type":"Feature","properties":{"fcode":"AP030","descripcio":"SISTEMA DE TRANSPORTE O COMUNICACIÓN","acc":1,"acc_desc":"EXACTA","rst":2,"rst_desc":"SUELTO/NO PAVIMENTO","typ":1,"typ_desc":"VÍA","hct":15,"hct_desc":"RUTA SECUNDARIA","wtc":1,"wtc_desc":"TODO EL AÑO","loc":44,"loc_desc":"EN CONTACTO CON LA SUPERFICIE DE LA TIERRA","ltn":-32767,"mes":0,"mes_desc":"NO EXISTE","tuc":45,"tuc_desc":"GENERAL","txt":null,"SHAPE_Leng":263.497578886,"Shape_Le_1":263.497578886},"geometry":{"type":"LineString","coordinates":[[-79.53645348060321,-2.615926568504909],[-79.53680205168088,-2.616471436078323],[-79.53680630625337,-2.616757688949738],[-79.53691619568475,-2.617228657171996],[-79.53693707595313,-2.617912511151778],[-79.53700974354474,-2.617987391669495],[-79.53704317964318,-2.618158275222746]]}},{"type":"Feature","properties":{"fcode":"AP030","descripcio":"SISTEMA DE TRANSPORTE O COMUNICACIÓN","acc":1,"acc_desc":"EXACTA","rst":2,"rst_desc":"SUELTO/NO PAVIMENTO","typ":1,"typ_desc":"VÍA","hct":15,"hct_desc":"RUTA SECUNDARIA","wtc":1,"wtc_desc":"TODO EL AÑO","loc":44,"loc_desc":"EN CONTACTO CON LA SUPERFICIE DE LA TIERRA","ltn":-32767,"mes":0,"mes_desc":"NO EXISTE","tuc":45,"tuc_desc":"GENERAL","txt":null,"SHAPE_Leng":1357.53118476,"Shape_Le_1":1357.53118476},"geometry":{"type":"LineString","coordinates":[[-79.53450002464587,-2.604413504376547],[-79.53601391940077,-2.603316045526502],[-79.53646666226494,-2.603052846067849],[-79.53746114681033,-2.602241930029513],[-79.53755888682808,-2.601551883210798],[-79.53762861358419,-2.601447052070448],[-79.53824879987954,-2.601266891124723],[-79.5385635714319,-2.601253148792914],[-79.53897904158522,-2.601494026769765],[-79.53941373451771,-2.601598179079835],[-79.5403199269797,-2.601550485363248],[-79.54190391512739,-2.600963188353342],[-79.5425276464462,-2.600593733989106],[-79.54369819684587,-2.599481028292685],[-79.54371560511342,-2.598572920645421]]}},{"type":"Feature","properties":{"fcode":"AP030","descripcio":"SISTEMA DE TRANSPORTE O COMUNICACIÓN","acc":1,"acc_desc":"EXACTA","rst":8,"rst_desc":"TEMPORAL","typ":1,"typ_desc":"VÍA","hct":4,"hct_desc":"RUTA LOCAL","wtc":2,"wtc_desc":"ÉPOCA SECA","loc":44,"loc_desc":"EN CONTACTO CON LA SUPERFICIE DE LA TIERRA","ltn":-32767,"mes":0,"mes_desc":"NO EXISTE","tuc":45,"tuc_desc":"GENERAL","txt":null,"SHAPE_Leng":3166.57337837,"Shape_Le_1":3166.57337837},"geometry":{"type":"LineString","coordinates":[[-79.53584209781793,-2.589460002164704],[-79.53466533088258,-2.591140035076872],[-79.53475867704917,-2.591296878967457],[-79.5353610449924,-2.591591514748479],[-79.5360669665799,-2.592160489910022],[-79.53691848455722,-2.59265140214157],[-79.5373392548774,-2.593208198013178],[-79.53782082842056,-2.593599284875421],[-79.53821520321263,-2.594040194290097],[-79.5386714521253,-2.594322540721164],[-79.53909963686812,-2.595002074861934],[-79.53952774336646,-2.595280047394427],[-79.53999021849162,-2.595309706527134],[-79.54011983271886,-2.595366021338383],[-79.54033912106166,-2.595566875827015],[-79.54074105692965,-2.596159826813117],[-79.54084979595707,-2.596226246879044],[-79.54136334428914,-2.596419393461136],[-79.5419687219644,-2.596524917770612],[-79.54461900723562,-2.596563170317559],[-79.54525383909429,-2.596314194547652],[-79.54590337972515,-2.595942595885695],[-79.54700667547685,-2.594890401418272],[-79.54757222195,-2.594753853734438],[-79.54807337478006,-2.594541712225113],[-79.54850681499464,-2.59460736182655]]}},{"type":"Feature","properties":{"fcode":"AP030","descripcio":"SISTEMA DE TRANSPORTE O COMUNICACIÓN","acc":1,"acc_desc":"EXACTA","rst":8,"rst_desc":"TEMPORAL","typ":1,"typ_desc":"VÍA","hct":4,"hct_desc":"RUTA LOCAL","wtc":2,"wtc_desc":"ÉPOCA SECA","loc":44,"loc_desc":"EN CONTACTO CON LA SUPERFICIE DE LA TIERRA","ltn":-32767,"mes":0,"mes_desc":"NO EXISTE","tuc":45,"tuc_desc":"GENERAL","txt":null,"SHAPE_Leng":552.529924095,"Shape_Le_1":552.529924095},"geometry":{"type":"LineString","coordinates":[[-79.53623602677041,-2.589112892211367],[-79.5405584477658,-2.591576745413597]]}},{"type":"Feature","properties":{"fcode":"AP030","descripcio":"SISTEMA DE TRANSPORTE O COMUNICACIÓN","acc":1,"acc_desc":"EXACTA","rst":8,"rst_desc":"TEMPORAL","typ":1,"typ_desc":"VÍA","hct":4,"hct_desc":"RUTA LOCAL","wtc":2,"wtc_desc":"ÉPOCA SECA","loc":44,"loc_desc":"EN CONTACTO CON LA SUPERFICIE DE LA TIERRA","ltn":-32767,"mes":0,"mes_desc":"NO EXISTE","tuc":45,"tuc_desc":"GENERAL","txt":null,"SHAPE_Leng":310.437327577,"Shape_Le_1":310.437327577},"geometry":{"type":"LineString","coordinates":[[-79.53795333498532,-2.586899513899112],[-79.53623602677041,-2.589112892211367]]}},{"type":"Feature","properties":{"fcode":"AP030","descripcio":"SISTEMA DE TRANSPORTE O COMUNICACIÓN","acc":1,"acc_desc":"EXACTA","rst":8,"rst_desc":"TEMPORAL","typ":1,"typ_desc":"VÍA","hct":4,"hct_desc":"RUTA LOCAL","wtc":2,"wtc_desc":"ÉPOCA SECA","loc":44,"loc_desc":"EN CONTACTO CON LA SUPERFICIE DE LA TIERRA","ltn":-32767,"mes":0,"mes_desc":"NO EXISTE","tuc":45,"tuc_desc":"GENERAL","txt":null,"SHAPE_Leng":388.916508439,"Shape_Le_1":388.916508439},"geometry":{"type":"LineString","coordinates":[[-79.53795333498532,-2.586899513899112],[-79.53919995322566,-2.587432303151088],[-79.54034746372223,-2.585612132303221]]}},{"type":"Feature","properties":{"fcode":"AP030","descripcio":"SISTEMA DE TRANSPORTE O COMUNICACIÓN","acc":1,"acc_desc":"EXACTA","rst":8,"rst_desc":"TEMPORAL","typ":1,"typ_desc":"VÍA","hct":4,"hct_desc":"RUTA LOCAL","wtc":2,"wtc_desc":"ÉPOCA SECA","loc":44,"loc_desc":"EN CONTACTO CON LA SUPERFICIE DE LA TIERRA","ltn":-32767,"mes":0,"mes_desc":"NO EXISTE","tuc":45,"tuc_desc":"GENERAL","txt":null,"SHAPE_Leng":920.230486898,"Shape_Le_1":920.230486898},"geometry":{"type":"LineString","coordinates":[[-79.53888236164036,-2.574406145500428],[-79.53938875348352,-2.574717306122685],[-79.54372668338125,-2.576810059063732],[-79.54496463101312,-2.574205031929438]]}},{"type":"Feature","properties":{"fcode":"AP030","descripcio":"SISTEMA DE TRANSPORTE O COMUNICACIÓN","acc":1,"acc_desc":"EXACTA","rst":2,"rst_desc":"SUELTO/NO PAVIMENTO","typ":1,"typ_desc":"VÍA","hct":15,"hct_desc":"RUTA SECUNDARIA","wtc":1,"wtc_desc":"TODO EL AÑO","loc":44,"loc_desc":"EN CONTACTO CON LA SUPERFICIE DE LA TIERRA","ltn":-32767,"mes":0,"mes_desc":"NO EXISTE","tuc":45,"tuc_desc":"GENERAL","txt":null,"SHAPE_Leng":141.574217011,"Shape_Le_1":141.574217011},"geometry":{"type":"LineString","coordinates":[[-79.52906957484387,-2.588021607110631],[-79.52802397482874,-2.588748472845313]]}},{"type":"Feature","properties":{"fcode":"AP030","descripcio":"SISTEMA DE TRANSPORTE O COMUNICACIÓN","acc":1,"acc_desc":"EXACTA","rst":2,"rst_desc":"SUELTO/NO PAVIMENTO","typ":1,"typ_desc":"VÍA","hct":15,"hct_desc":"RUTA SECUNDARIA","wtc":1,"wtc_desc":"TODO EL AÑO","loc":44,"loc_desc":"EN CONTACTO CON LA SUPERFICIE DE LA TIERRA","ltn":-32767,"mes":0,"mes_desc":"NO EXISTE","tuc":45,"tuc_desc":"GENERAL","txt":null,"SHAPE_Leng":1066.75078801,"Shape_Le_1":1066.75078801},"geometry":{"type":"LineString","coordinates":[[-79.52906957484387,-2.588021607110631],[-79.52860245116563,-2.587504370739355],[-79.52828295233921,-2.58702058900594],[-79.52763129388845,-2.587206409308612],[-79.52733422636138,-2.587234822977085],[-79.52706997524146,-2.587191916679739],[-79.52679313524852,-2.587225961187947],[-79.52625481481003,-2.587076285333234],[-79.52464704315194,-2.584375098038662],[-79.52357099784543,-2.584808772415887],[-79.52299273307014,-2.584674786034263],[-79.52269157489458,-2.584353277340359],[-79.5224325974473,-2.584261448019336],[-79.52216782967406,-2.584044350944616],[-79.52186631085553,-2.584034954090625]]}},{"type":"Feature","properties":{"fcode":"AP030","descripcio":"SISTEMA DE TRANSPORTE O COMUNICACIÓN","acc":1,"acc_desc":"EXACTA","rst":2,"rst_desc":"SUELTO/NO PAVIMENTO","typ":1,"typ_desc":"VÍA","hct":15,"hct_desc":"RUTA SECUNDARIA","wtc":1,"wtc_desc":"TODO EL AÑO","loc":44,"loc_desc":"EN CONTACTO CON LA SUPERFICIE DE LA TIERRA","ltn":-32767,"mes":0,"mes_desc":"NO EXISTE","tuc":45,"tuc_desc":"GENERAL","txt":null,"SHAPE_Leng":585.887524107,"Shape_Le_1":585.887524107},"geometry":{"type":"LineString","coordinates":[[-79.52906957484387,-2.588021607110631],[-79.52945377101643,-2.587770266175624],[-79.53090303370287,-2.586626061293713],[-79.53116512160912,-2.586048354833736],[-79.53091603588571,-2.584938981214265],[-79.53098286437759,-2.584772646634985],[-79.53163782827563,-2.583979060543725]]}},{"type":"Feature","properties":{"fcode":"AP030","descripcio":"SISTEMA DE TRANSPORTE O COMUNICACIÓN","acc":1,"acc_desc":"EXACTA","rst":8,"rst_desc":"TEMPORAL","typ":1,"typ_desc":"VÍA","hct":4,"hct_desc":"RUTA LOCAL","wtc":2,"wtc_desc":"ÉPOCA SECA","loc":44,"loc_desc":"EN CONTACTO CON LA SUPERFICIE DE LA TIERRA","ltn":-32767,"mes":0,"mes_desc":"NO EXISTE","tuc":45,"tuc_desc":"GENERAL","txt":null,"SHAPE_Leng":772.984085888,"Shape_Le_1":772.984085888},"geometry":{"type":"LineString","coordinates":[[-79.53795333498532,-2.586899513899112],[-79.53163782827563,-2.583979060543725]]}},{"type":"Feature","properties":{"fcode":"AP030","descripcio":"SISTEMA DE TRANSPORTE O COMUNICACIÓN","acc":1,"acc_desc":"EXACTA","rst":2,"rst_desc":"SUELTO/NO PAVIMENTO","typ":1,"typ_desc":"VÍA","hct":15,"hct_desc":"RUTA SECUNDARIA","wtc":1,"wtc_desc":"TODO EL AÑO","loc":44,"loc_desc":"EN CONTACTO CON LA SUPERFICIE DE LA TIERRA","ltn":-32767,"mes":0,"mes_desc":"NO EXISTE","tuc":45,"tuc_desc":"GENERAL","txt":null,"SHAPE_Leng":1330.97626318,"Shape_Le_1":1330.97626318},"geometry":{"type":"LineString","coordinates":[[-79.53163782827563,-2.583979060543725],[-79.5343887030326,-2.58064577302933],[-79.53745009914789,-2.576512148939452],[-79.53888236164036,-2.574406145500428]]}},{"type":"Feature","properties":{"fcode":"AP030","descripcio":"SISTEMA DE TRANSPORTE O COMUNICACIÓN","acc":1,"acc_desc":"EXACTA","rst":1,"rst_desc":"DURO/PAVIMENTO","typ":1,"typ_desc":"VÍA","hct":14,"hct_desc":"RUTA PRIMARIA","wtc":1,"wtc_desc":"TODO EL AÑO","loc":44,"loc_desc":"EN CONTACTO CON LA SUPERFICIE DE LA TIERRA","ltn":-32767,"mes":0,"mes_desc":"NO EXISTE","tuc":45,"tuc_desc":"GENERAL","txt":null,"SHAPE_Leng":1830.76302112,"Shape_Le_1":1830.76302112},"geometry":{"type":"LineString","coordinates":[[-79.53361754101438,-2.571627671528743],[-79.52794750489879,-2.574996290585132],[-79.52376392537577,-2.577378621334181],[-79.52287438672519,-2.577744051826869],[-79.52227416467831,-2.578093268339179],[-79.51906507547251,-2.579271402235962]]}},{"type":"Feature","properties":{"fcode":"AP030","descripcio":"SISTEMA DE TRANSPORTE O COMUNICACIÓN","acc":1,"acc_desc":"EXACTA","rst":2,"rst_desc":"SUELTO/NO PAVIMENTO","typ":1,"typ_desc":"VÍA","hct":15,"hct_desc":"RUTA SECUNDARIA","wtc":1,"wtc_desc":"TODO EL AÑO","loc":44,"loc_desc":"EN CONTACTO CON LA SUPERFICIE DE LA TIERRA","ltn":-32767,"mes":0,"mes_desc":"NO EXISTE","tuc":45,"tuc_desc":"GENERAL","txt":null,"SHAPE_Leng":419.172840006,"Shape_Le_1":419.172840006},"geometry":{"type":"LineString","coordinates":[[-79.53361754101438,-2.571627671528743],[-79.5367926371381,-2.573671067515415]]}},{"type":"Feature","properties":{"fcode":"AP030","descripcio":"SISTEMA DE TRANSPORTE O COMUNICACIÓN","acc":1,"acc_desc":"EXACTA","rst":1,"rst_desc":"DURO/PAVIMENTO","typ":1,"typ_desc":"VÍA","hct":14,"hct_desc":"RUTA PRIMARIA","wtc":1,"wtc_desc":"TODO EL AÑO","loc":44,"loc_desc":"EN CONTACTO CON LA SUPERFICIE DE LA TIERRA","ltn":-32767,"mes":0,"mes_desc":"NO EXISTE","tuc":45,"tuc_desc":"GENERAL","txt":null,"SHAPE_Leng":539.609573627,"Shape_Le_1":539.609573627},"geometry":{"type":"LineString","coordinates":[[-79.53766170456655,-2.568931835985883],[-79.53361754101438,-2.571627671528743]]}},{"type":"Feature","properties":{"fcode":"AP030","descripcio":"SISTEMA DE TRANSPORTE O COMUNICACIÓN","acc":1,"acc_desc":"EXACTA","rst":2,"rst_desc":"SUELTO/NO PAVIMENTO","typ":1,"typ_desc":"VÍA","hct":15,"hct_desc":"RUTA SECUNDARIA","wtc":1,"wtc_desc":"TODO EL AÑO","loc":44,"loc_desc":"EN CONTACTO CON LA SUPERFICIE DE LA TIERRA","ltn":-32767,"mes":0,"mes_desc":"NO EXISTE","tuc":45,"tuc_desc":"GENERAL","txt":null,"SHAPE_Leng":1762.95768674,"Shape_Le_1":1762.95768674},"geometry":{"type":"LineString","coordinates":[[-79.5288277235112,-2.559347240006066],[-79.53530258600117,-2.561460174039854],[-79.54024639090875,-2.563244476203427],[-79.54087574649719,-2.564001110835755],[-79.54162566731785,-2.565497336957214],[-79.54205970797184,-2.56656532065597]]}},{"type":"Feature","properties":{"fcode":"AP030","descripcio":"SISTEMA DE TRANSPORTE O COMUNICACIÓN","acc":1,"acc_desc":"EXACTA","rst":2,"rst_desc":"SUELTO/NO PAVIMENTO","typ":1,"typ_desc":"VÍA","hct":15,"hct_desc":"RUTA SECUNDARIA","wtc":1,"wtc_desc":"TODO EL AÑO","loc":44,"loc_desc":"EN CONTACTO CON LA SUPERFICIE DE LA TIERRA","ltn":-32767,"mes":0,"mes_desc":"NO EXISTE","tuc":45,"tuc_desc":"GENERAL","txt":null,"SHAPE_Leng":939.29643071,"Shape_Le_1":939.29643071},"geometry":{"type":"LineString","coordinates":[[-79.5270630830586,-2.557619130265755],[-79.52700390681733,-2.559435214702535],[-79.5269081004307,-2.559701544253791],[-79.52653418421266,-2.560095617375721],[-79.52583118986455,-2.560678151226579],[-79.5256833876473,-2.560881292332411],[-79.52542681470231,-2.561756286284025],[-79.52523294465789,-2.562059854166626],[-79.52501851555273,-2.562254868647705],[-79.52476690689399,-2.562248879538182],[-79.52398361841394,-2.56203534502593],[-79.52387575657421,-2.562069859059462],[-79.52337740043508,-2.56283848398424],[-79.52267737641519,-2.563573139857251]]}},{"type":"Feature","properties":{"fcode":"AP030","descripcio":"SISTEMA DE TRANSPORTE O COMUNICACIÓN","acc":1,"acc_desc":"EXACTA","rst":2,"rst_desc":"SUELTO/NO PAVIMENTO","typ":1,"typ_desc":"VÍA","hct":15,"hct_desc":"RUTA SECUNDARIA","wtc":1,"wtc_desc":"TODO EL AÑO","loc":44,"loc_desc":"EN CONTACTO CON LA SUPERFICIE DE LA TIERRA","ltn":-32767,"mes":0,"mes_desc":"NO EXISTE","tuc":45,"tuc_desc":"GENERAL","txt":null,"SHAPE_Leng":1911.52964689,"Shape_Le_1":1911.52964689},"geometry":{"type":"LineString","coordinates":[[-79.54852742620187,-2.629737510700718],[-79.54835219655179,-2.629591890396711],[-79.54789982013403,-2.629371858409634],[-79.54744812829387,-2.629337685621178]]}},{"type":"Feature","properties":{"fcode":"AP030","descripcio":"SISTEMA DE TRANSPORTE O COMUNICACIÓN","acc":7,"acc_desc":"PRECISA","rst":8,"rst_desc":"TEMPORAL","typ":1,"typ_desc":"VÍA","hct":4,"hct_desc":"RUTA LOCAL","wtc":2,"wtc_desc":"ÉPOCA SECA","loc":44,"loc_desc":"EN CONTACTO CON LA SUPERFICIE DE LA TIERRA","ltn":-32767,"mes":0,"mes_desc":"NO EXISTE","tuc":45,"tuc_desc":"GENERAL","txt":null,"SHAPE_Leng":4914.70246193,"Shape_Le_1":4914.70246193},"geometry":{"type":"LineString","coordinates":[[-79.35308787789846,-2.528384198783689],[-79.35370360385296,-2.528976241062164],[-79.35399625161065,-2.529358968961623],[-79.35434348753778,-2.529949131566764],[-79.35486796893619,-2.531024155987424],[-79.35491867064371,-2.532530398439301],[-79.35482424946656,-2.533747609517141],[-79.3549145391715,-2.534805983097474],[-79.35511202385143,-2.535497874404837],[-79.35574249109631,-2.53630987278541],[-79.35898607783955,-2.539393566698678],[-79.35940353588295,-2.539846722555426],[-79.35997611855356,-2.540715350252764],[-79.36137595980077,-2.543145386454906],[-79.36191247867362,-2.544163095108771],[-79.36235774635843,-2.545168207623326],[-79.36299642981419,-2.546244558340881],[-79.36359531491654,-2.547791659781371],[-79.36424240241034,-2.549120967014495],[-79.36486986260923,-2.550185729067154],[-79.36533756825486,-2.551225598775511],[-79.36650186578566,-2.55327361775882],[-79.36709648809384,-2.554211550023263],[-79.36747425701577,-2.55512388380026],[-79.36850192609451,-2.557135828036775],[-79.36927869189992,-2.559098798899264],[-79.36939704981076,-2.559720778445853],[-79.36941566216218,-2.560077295398632],[-79.36932807664624,-2.56071990199056],[-79.36907691004315,-2.561659376760286],[-79.36883067238972,-2.562185209864221],[-79.36842316871557,-2.562812575092233],[-79.36769788938412,-2.564217812007538],[-79.36708719394436,-2.565601309382307],[-79.36626175224777,-2.567208264521995]]}},{"type":"Feature","properties":{"fcode":"AP030","descripcio":"SISTEMA DE TRANSPORTE O COMUNICACIÓN","acc":7,"acc_desc":"PRECISA","rst":8,"rst_desc":"TEMPORAL","typ":1,"typ_desc":"VÍA","hct":4,"hct_desc":"RUTA LOCAL","wtc":2,"wtc_desc":"ÉPOCA SECA","loc":44,"loc_desc":"EN CONTACTO CON LA SUPERFICIE DE LA TIERRA","ltn":-32767,"mes":0,"mes_desc":"NO EXISTE","tuc":45,"tuc_desc":"GENERAL","txt":null,"SHAPE_Leng":3479.98804115,"Shape_Le_1":3479.98804115},"geometry":{"type":"LineString","coordinates":[[-79.40629780364652,-2.745869823346222],[-79.40721977266288,-2.745394836049624],[-79.40742557425784,-2.745372321780063],[-79.40816810537622,-2.745488712295407],[-79.40853369124214,-2.745489472898437],[-79.40891100049745,-2.745398275563385],[-79.40930001906871,-2.745157693274947],[-79.40938021323466,-2.745042946655839],[-79.40958754478052,-2.744135426049417],[-79.40965754149745,-2.743434458713871],[-79.40978429958543,-2.742860087303238],[-79.4101861598289,-2.741883913581376],[-79.41035606993299,-2.741117241726102],[-79.41041489128018,-2.740432808857656],[-79.41030413892757,-2.73998780558849],[-79.41005367808623,-2.739504632796268],[-79.40947248762923,-2.738710461144502],[-79.40909676688916,-2.73800853730799],[-79.40882569894724,-2.736375894381101],[-79.40864352728909,-2.736007757382699],[-79.40813071675689,-2.735328712413238],[-79.40767456230087,-2.734856570381281],[-79.40708104733937,-2.734476128151133],[-79.40664708688826,-2.734360333646209],[-79.40651013350589,-2.734279572404798],[-79.40615647253149,-2.733968543202958],[-79.40604266479905,-2.733726927221076],[-79.40598605506489,-2.73348547802416],[-79.40605509829214,-2.733232801574974],[-79.40619259546503,-2.733037643287961],[-79.40644427832841,-2.732865788886464],[-79.40665042526479,-2.732647841731941],[-79.40682244365803,-2.732326390182675],[-79.40688032163378,-2.731947178653276],[-79.40679272302872,-2.729970220824542],[-79.4065769061961,-2.729268692432674],[-79.40638343383445,-2.72887757028433],[-79.4061781179073,-2.728670288790081],[-79.40576707832632,-2.728497098912665],[-79.4052303562659,-2.728358107142734],[-79.40437398322013,-2.728034561514156],[-79.40358703152447,-2.72723993715572],[-79.40338161032216,-2.727113143414288],[-79.40278785779685,-2.726916557811728],[-79.40265092063645,-2.726824311435919],[-79.40254824802976,-2.726732201205923],[-79.40250278936779,-2.726559679408613],[-79.40258310188393,-2.726421962320874],[-79.40288061959768,-2.72620422786378],[-79.40306386236463,-2.725963189326766]]}},{"type":"Feature","properties":{"fcode":"AP030","descripcio":"SISTEMA DE TRANSPORTE O COMUNICACIÓN","acc":7,"acc_desc":"PRECISA","rst":8,"rst_desc":"TEMPORAL","typ":1,"typ_desc":"VÍA","hct":4,"hct_desc":"RUTA LOCAL","wtc":2,"wtc_desc":"ÉPOCA SECA","loc":44,"loc_desc":"EN CONTACTO CON LA SUPERFICIE DE LA TIERRA","ltn":-32767,"mes":0,"mes_desc":"NO EXISTE","tuc":45,"tuc_desc":"GENERAL","txt":null,"SHAPE_Leng":3316.16973744,"Shape_Le_1":3316.16973744},"geometry":{"type":"LineString","coordinates":[[-79.41387291451244,-2.70646192951136],[-79.41373970017573,-2.706549658493677],[-79.41356790023595,-2.706779140908689],[-79.41334983070321,-2.70724993699697],[-79.41323479343791,-2.707674926875034],[-79.41326636312066,-2.709054213037175],[-79.41362659304598,-2.711916726513425],[-79.41353364821433,-2.712709549920046],[-79.4137044908768,-2.713008667249443],[-79.41438927013851,-2.713400797485547],[-79.41458294098251,-2.713711520811362],[-79.41460534954786,-2.713975895910753],[-79.41441006049877,-2.714492663324327],[-79.41438666304703,-2.714779948859602],[-79.41445442761209,-2.715159418826618],[-79.41421381174452,-2.715538210804405],[-79.4142930127668,-2.715906119999503],[-79.4142584334374,-2.716078446113093],[-79.41410947407017,-2.716308048406185],[-79.41350315969348,-2.716640144439732],[-79.41335420022541,-2.716869656076134],[-79.41329628256976,-2.717283325810876],[-79.41351212109844,-2.71790436584176],[-79.41352270241771,-2.718341096890179],[-79.41318943722504,-2.719351825154946],[-79.41278756684906,-2.720350976847898],[-79.41259277009611,-2.72062645947811],[-79.4118829526972,-2.721360586280949],[-79.41147024470668,-2.722049344943749],[-79.41100077433283,-2.722542595292941],[-79.4103829741241,-2.722920613748815],[-79.41000558223361,-2.723080818458473],[-79.40885115055937,-2.7232509347607],[-79.40861120829513,-2.723250435422603],[-79.40821160601041,-2.723065686609261],[-79.40767477993798,-2.722938272856861],[-79.40728623786109,-2.722960456264226],[-79.40686319026047,-2.723097537895226],[-79.4063941853869,-2.723372382724816],[-79.40571885504268,-2.723934267986169],[-79.40545555739348,-2.72418659585722],[-79.4054096301738,-2.724301388437777],[-79.4054319304418,-2.724577247827886],[-79.40568237401672,-2.725071994580738],[-79.4058078597111,-2.725187196134887],[-79.40609339758015,-2.725256669154825],[-79.406355805809,-2.725475602086839],[-79.40635539916583,-2.725647972585667],[-79.40628656818454,-2.725808766670688],[-79.40608054326897,-2.726003743851279],[-79.40573750592229,-2.72609498937223],[-79.40532612001269,-2.726117141115557],[-79.40425222676332,-2.725977072483629],[-79.4038868141838,-2.725849884878501],[-79.40356698171469,-2.725803336333147],[-79.40331558773998,-2.72582579108657],[-79.40306386236463,-2.725963189326766]]}},{"type":"Feature","properties":{"fcode":"AP030","descripcio":"SISTEMA DE TRANSPORTE O COMUNICACIÓN","acc":7,"acc_desc":"PRECISA","rst":8,"rst_desc":"TEMPORAL","typ":1,"typ_desc":"VÍA","hct":4,"hct_desc":"RUTA LOCAL","wtc":2,"wtc_desc":"ÉPOCA SECA","loc":44,"loc_desc":"EN CONTACTO CON LA SUPERFICIE DE LA TIERRA","ltn":-32767,"mes":0,"mes_desc":"NO EXISTE","tuc":45,"tuc_desc":"GENERAL","txt":null,"SHAPE_Leng":307.041439317,"Shape_Le_1":307.041439317},"geometry":{"type":"LineString","coordinates":[[-79.41642579978384,-2.706141159093583],[-79.41587779488619,-2.705898793462701],[-79.41534079322676,-2.70584020899445],[-79.4147001318884,-2.70624117638226],[-79.41418577897318,-2.706332112445672],[-79.41387291451244,-2.70646192951136]]}},{"type":"Feature","properties":{"fcode":"AP030","descripcio":"SISTEMA DE TRANSPORTE O COMUNICACIÓN","acc":7,"acc_desc":"PRECISA","rst":8,"rst_desc":"TEMPORAL","typ":1,"typ_desc":"VÍA","hct":4,"hct_desc":"RUTA LOCAL","wtc":2,"wtc_desc":"ÉPOCA SECA","loc":44,"loc_desc":"EN CONTACTO CON LA SUPERFICIE DE LA TIERRA","ltn":-32767,"mes":0,"mes_desc":"NO EXISTE","tuc":45,"tuc_desc":"GENERAL","txt":null,"SHAPE_Leng":1337.20841359,"Shape_Le_1":1337.20841359},"geometry":{"type":"LineString","coordinates":[[-79.41397798021782,-2.701527497176199],[-79.4141140956044,-2.702044971929049],[-79.41421522949773,-2.702907144327582],[-79.41419152007613,-2.703366801358726],[-79.41409970046891,-2.703573508797269],[-79.41385946244485,-2.703733989150467],[-79.41358521420476,-2.70369890132432],[-79.41336841687546,-2.703537639785487],[-79.41294651317942,-2.703077035773288],[-79.41253564248511,-2.702846335411082],[-79.41235284044504,-2.702823033901459],[-79.41218144487672,-2.702811232771792],[-79.41210098676979,-2.703063896457168],[-79.41216905159233,-2.703351302058666],[-79.41229435761804,-2.703535504675973],[-79.41247690545866,-2.703685235886337],[-79.41302498255921,-2.703870265543272],[-79.41341262231889,-2.704330734237046],[-79.41385759362309,-2.704687909541605],[-79.41404021649844,-2.704780213726234],[-79.41464549152141,-2.704965408666001],[-79.4158222117479,-2.705071136480168],[-79.41622175273001,-2.705301821656216],[-79.41649589701204,-2.705348304000067],[-79.41695321734089,-2.705199774176955],[-79.41722739151794,-2.705223285521197],[-79.41728431968725,-2.705361366308061],[-79.41686059117835,-2.705820227948489],[-79.4167917638917,-2.705981024170774],[-79.41666581411631,-2.706084227805],[-79.41642579978384,-2.706141159093583]]}},{"type":"Feature","properties":{"fcode":"AP030","descripcio":"SISTEMA DE TRANSPORTE O COMUNICACIÓN","acc":7,"acc_desc":"PRECISA","rst":8,"rst_desc":"TEMPORAL","typ":1,"typ_desc":"VÍA","hct":4,"hct_desc":"RUTA LOCAL","wtc":2,"wtc_desc":"ÉPOCA SECA","loc":44,"loc_desc":"EN CONTACTO CON LA SUPERFICIE DE LA TIERRA","ltn":-32767,"mes":0,"mes_desc":"NO EXISTE","tuc":45,"tuc_desc":"GENERAL","txt":null,"SHAPE_Leng":1844.65748061,"Shape_Le_1":1844.65748061},"geometry":{"type":"LineString","coordinates":[[-79.41454862277068,-2.689978068963919],[-79.41454793730296,-2.690299840854512],[-79.41461598887688,-2.69059882213872],[-79.41478663805218,-2.69097842591332],[-79.41503723617102,-2.691358224621724],[-79.41558483412678,-2.691841961125248],[-79.4169429446244,-2.692706679826502],[-79.41742198571397,-2.693144294563579],[-79.41761573155108,-2.693397588944718],[-79.41782076534427,-2.693754267063638],[-79.41829845237606,-2.694893034904261],[-79.41855967039966,-2.695755507923299],[-79.41859307092005,-2.696215331159628],[-79.41836301981317,-2.69698491729388],[-79.41820249469706,-2.697260448657108],[-79.41792781549076,-2.697489708097615],[-79.416704655045,-2.697763126049538],[-79.41582462791786,-2.697864891103367],[-79.41539018353544,-2.697990390718886],[-79.41508113495155,-2.698231179954341],[-79.41498936164562,-2.698472344134137],[-79.41496599660113,-2.698736659202817],[-79.41485130541757,-2.69896630787905],[-79.41455409609193,-2.69902316462696],[-79.41401702309889,-2.69902209883592],[-79.41378823757826,-2.69915953344992],[-79.4136159464311,-2.699630480974621],[-79.41361505049716,-2.700113138688948],[-79.41373949055028,-2.700757028037031],[-79.41397798021782,-2.701527497176199]]}},{"type":"Feature","properties":{"fcode":"AP030","descripcio":"SISTEMA DE TRANSPORTE O COMUNICACIÓN","acc":7,"acc_desc":"PRECISA","rst":8,"rst_desc":"TEMPORAL","typ":1,"typ_desc":"VÍA","hct":4,"hct_desc":"RUTA LOCAL","wtc":2,"wtc_desc":"ÉPOCA SECA","loc":44,"loc_desc":"EN CONTACTO CON LA SUPERFICIE DE LA TIERRA","ltn":-32767,"mes":0,"mes_desc":"NO EXISTE","tuc":45,"tuc_desc":"GENERAL","txt":null,"SHAPE_Leng":2483.56232348,"Shape_Le_1":2483.56232348},"geometry":{"type":"LineString","coordinates":[[-79.42039019199899,-2.675072043020717],[-79.41980847082276,-2.676024221167944],[-79.41979647235631,-2.676334493840508],[-79.41994438645926,-2.676702581833736],[-79.42009246255522,-2.676944239588817],[-79.42021797763056,-2.677036466726587],[-79.42040070329361,-2.677117282506982],[-79.42134882792183,-2.677199541529954],[-79.42166800144678,-2.67761397410745],[-79.42178171149483,-2.677935985703684],[-79.42181538331978,-2.678257803266804],[-79.42155068112247,-2.679268724194849],[-79.42153859264099,-2.67957899699471],[-79.421742769157,-2.680395453154949],[-79.42176504887007,-2.68069428504394],[-79.42175321217377,-2.680878127615011],[-79.42168441812684,-2.681015954494704],[-79.42139786343321,-2.681463606631947],[-79.42128348756601,-2.681520885654789],[-79.42003807960204,-2.681483909398943],[-79.41980949163137,-2.681540949589303],[-79.41952327699613,-2.681793258081578],[-79.4194643017313,-2.682758592719878],[-79.41924582886487,-2.683482163791509],[-79.41922190304392,-2.684045281625473],[-79.41990263905073,-2.686598107826355],[-79.41992478316836,-2.686931486150435],[-79.4198557062854,-2.687218623144718],[-79.4196382858156,-2.687402107617949],[-79.41934104947134,-2.68748202865061],[-79.41832416665791,-2.687434039836623],[-79.4170906222789,-2.687190244146741],[-79.41679344551217,-2.687224132374928],[-79.41646190137465,-2.687338373782696],[-79.41601560806316,-2.687659384137342],[-79.41515655624897,-2.688726499010907],[-79.41464085645642,-2.68951850109349],[-79.41454862277068,-2.689978068963919]]}},{"type":"Feature","properties":{"fcode":"AP030","descripcio":"SISTEMA DE TRANSPORTE O COMUNICACIÓN","acc":7,"acc_desc":"PRECISA","rst":8,"rst_desc":"TEMPORAL","typ":1,"typ_desc":"VÍA","hct":4,"hct_desc":"RUTA LOCAL","wtc":2,"wtc_desc":"ÉPOCA SECA","loc":44,"loc_desc":"EN CONTACTO CON LA SUPERFICIE DE LA TIERRA","ltn":-32767,"mes":0,"mes_desc":"NO EXISTE","tuc":45,"tuc_desc":"GENERAL","txt":null,"SHAPE_Leng":999.806606072,"Shape_Le_1":999.806606072},"geometry":{"type":"LineString","coordinates":[[-79.38905500508127,-2.737531444154428],[-79.38983375235838,-2.736648038861068],[-79.39047451269388,-2.73618967304263],[-79.39084065361591,-2.735972036885636],[-79.3909663215264,-2.735949235764186],[-79.39122895412794,-2.73606471402326],[-79.39159412240896,-2.736306849515176],[-79.39193635597609,-2.736617775378555],[-79.39228954023532,-2.737147207870341],[-79.39241405193461,-2.737722092519408],[-79.39242407387549,-2.73843464638218],[-79.39252520768956,-2.739342844416093],[-79.39270668921493,-2.740021264150021],[-79.39277499087378,-2.740124904801646],[-79.3928776168223,-2.740251471909295],[-79.39310606238901,-2.740309387376349],[-79.39355197431573,-2.740160951098389],[-79.3937919335924,-2.740149879727722],[-79.39429452674142,-2.740254377032559]]}},{"type":"Feature","properties":{"fcode":"AP030","descripcio":"SISTEMA DE TRANSPORTE O COMUNICACIÓN","acc":7,"acc_desc":"PRECISA","rst":8,"rst_desc":"TEMPORAL","typ":1,"typ_desc":"VÍA","hct":4,"hct_desc":"RUTA LOCAL","wtc":2,"wtc_desc":"ÉPOCA SECA","loc":44,"loc_desc":"EN CONTACTO CON LA SUPERFICIE DE LA TIERRA","ltn":-32767,"mes":0,"mes_desc":"NO EXISTE","tuc":45,"tuc_desc":"GENERAL","txt":null,"SHAPE_Leng":260.147304308,"Shape_Le_1":260.147304308},"geometry":{"type":"LineString","coordinates":[[-79.38905500508127,-2.737531444154428],[-79.38883743381798,-2.737749370446952],[-79.3887227157902,-2.737990496611758],[-79.3887224722585,-2.738105439440741],[-79.38883629092344,-2.738335479563035],[-79.38893897748748,-2.738416196101963],[-79.38907600567524,-2.738439442235439],[-79.3893047705567,-2.738324988985737],[-79.38932814671804,-2.738060678352948],[-79.38929415613063,-2.737922718698627],[-79.38905500508127,-2.737531444154428]]}},{"type":"Feature","properties":{"fcode":"AP030","descripcio":"SISTEMA DE TRANSPORTE O COMUNICACIÓN","acc":7,"acc_desc":"PRECISA","rst":8,"rst_desc":"TEMPORAL","typ":1,"typ_desc":"VÍA","hct":4,"hct_desc":"RUTA LOCAL","wtc":2,"wtc_desc":"ÉPOCA SECA","loc":44,"loc_desc":"EN CONTACTO CON LA SUPERFICIE DE LA TIERRA","ltn":-32767,"mes":0,"mes_desc":"NO EXISTE","tuc":45,"tuc_desc":"GENERAL","txt":null,"SHAPE_Leng":1362.77096386,"Shape_Le_1":1362.77096386},"geometry":{"type":"LineString","coordinates":[[-79.37798409494933,-2.558062570925932],[-79.37703166083956,-2.55877579593098],[-79.3768572594636,-2.559026621403241],[-79.37666731771075,-2.559622074496612],[-79.37638919589459,-2.560906076943718],[-79.37632525895363,-2.561479985807631],[-79.3763005652555,-2.562594564450173],[-79.37634019723976,-2.56311226432049],[-79.37617500442099,-2.563547045528473],[-79.3762129336926,-2.56420256598311],[-79.37596724532746,-2.565647854107878],[-79.37561310702445,-2.566597691543786],[-79.37548126122918,-2.567113363553092],[-79.3755793050393,-2.567516737834178],[-79.3758490197887,-2.567910745394966],[-79.37601809169139,-2.568108109427816],[-79.37658460272439,-2.568528451023],[-79.37681026618887,-2.568772461344217],[-79.37697842742033,-2.569050311327008]]}},{"type":"Feature","properties":{"fcode":"AP030","descripcio":"SISTEMA DE TRANSPORTE O COMUNICACIÓN","acc":7,"acc_desc":"PRECISA","rst":8,"rst_desc":"TEMPORAL","typ":1,"typ_desc":"VÍA","hct":4,"hct_desc":"RUTA LOCAL","wtc":2,"wtc_desc":"ÉPOCA SECA","loc":44,"loc_desc":"EN CONTACTO CON LA SUPERFICIE DE LA TIERRA","ltn":-32767,"mes":0,"mes_desc":"NO EXISTE","tuc":45,"tuc_desc":"GENERAL","txt":null,"SHAPE_Leng":1403.67732283,"Shape_Le_1":1403.67732283},"geometry":{"type":"LineString","coordinates":[[-79.38276801130844,-2.546652555355229],[-79.38263059858497,-2.547313463286445],[-79.38227355431667,-2.548516071837476],[-79.3816487676788,-2.550117883925616],[-79.3811263383933,-2.551766850483024],[-79.38030359185117,-2.553688097268155],[-79.38017266234893,-2.554123285840818],[-79.37977020266527,-2.556256319660044],[-79.37965279643592,-2.556519336699732],[-79.37936219842838,-2.556929723851561],[-79.37885302817246,-2.557463910083148],[-79.37798409494933,-2.558062570925932]]}},{"type":"Feature","properties":{"fcode":"AP030","descripcio":"SISTEMA DE TRANSPORTE O COMUNICACIÓN","acc":7,"acc_desc":"PRECISA","rst":8,"rst_desc":"TEMPORAL","typ":1,"typ_desc":"VÍA","hct":4,"hct_desc":"RUTA LOCAL","wtc":2,"wtc_desc":"ÉPOCA SECA","loc":44,"loc_desc":"EN CONTACTO CON LA SUPERFICIE DE LA TIERRA","ltn":-32767,"mes":0,"mes_desc":"NO EXISTE","tuc":45,"tuc_desc":"GENERAL","txt":null,"SHAPE_Leng":2476.19987341,"Shape_Le_1":2476.19987341},"geometry":{"type":"LineString","coordinates":[[-79.38276801130844,-2.546652555355229],[-79.38292012325505,-2.546029558207403],[-79.38346307138927,-2.544576315553047],[-79.38414373972113,-2.543078570214429],[-79.38489192392015,-2.541662209722564],[-79.3849773782511,-2.541203448412256],[-79.38494452116265,-2.541088102080041],[-79.38461821144723,-2.540647543197842],[-79.3842790663604,-2.540333215887503],[-79.38323089184135,-2.539091216487545],[-79.38252816816575,-2.538588778901086],[-79.38207614034053,-2.538158190907478],[-79.38207895814395,-2.537916913373984],[-79.38249695273025,-2.537370125240029],[-79.382800467352,-2.53683341204525],[-79.38277515364184,-2.536074628734845],[-79.38339953328719,-2.534495780591214],[-79.38387954237395,-2.533535960413676],[-79.38420479065054,-2.5330915171663],[-79.38457480783018,-2.532728069402106],[-79.38541650028066,-2.532105753292941],[-79.38663670751347,-2.531372945528505],[-79.38702916041917,-2.531044251566449],[-79.38765530923385,-2.530281488059294],[-79.38773044256271,-2.529730649202145],[-79.38806751015106,-2.529251852789214],[-79.38806920905397,-2.529113940826195],[-79.38780929989524,-2.528858136036931],[-79.38746862873454,-2.528614529599847]]}},{"type":"Feature","properties":{"fcode":"AP030","descripcio":"SISTEMA DE TRANSPORTE O COMUNICACIÓN","acc":7,"acc_desc":"PRECISA","rst":8,"rst_desc":"TEMPORAL","typ":1,"typ_desc":"VÍA","hct":4,"hct_desc":"RUTA LOCAL","wtc":2,"wtc_desc":"ÉPOCA SECA","loc":44,"loc_desc":"EN CONTACTO CON LA SUPERFICIE DE LA TIERRA","ltn":-32767,"mes":0,"mes_desc":"NO EXISTE","tuc":45,"tuc_desc":"GENERAL","txt":null,"SHAPE_Leng":211.977405732,"Shape_Le_1":211.977405732},"geometry":{"type":"LineString","coordinates":[[-79.3959512440294,-2.740361242459107],[-79.39605390106053,-2.740464838916795],[-79.39609583252307,-2.740650921270155],[-79.39577725994423,-2.74168254252114],[-79.39574197675755,-2.74217672511324]]}},{"type":"Feature","properties":{"fcode":"AP030","descripcio":"SISTEMA DE TRANSPORTE O COMUNICACIÓN","acc":7,"acc_desc":"PRECISA","rst":8,"rst_desc":"TEMPORAL","typ":1,"typ_desc":"VÍA","hct":4,"hct_desc":"RUTA LOCAL","wtc":2,"wtc_desc":"ÉPOCA SECA","loc":44,"loc_desc":"EN CONTACTO CON LA SUPERFICIE DE LA TIERRA","ltn":-32767,"mes":0,"mes_desc":"NO EXISTE","tuc":45,"tuc_desc":"GENERAL","txt":null,"SHAPE_Leng":197.402105949,"Shape_Le_1":197.402105949},"geometry":{"type":"LineString","coordinates":[[-79.39429452674142,-2.740254377032559],[-79.39480841930748,-2.74045077184935],[-79.39497972842396,-2.740462578386112],[-79.3953344341607,-2.740256411053492],[-79.3957114223604,-2.740268765764711],[-79.3959512440294,-2.740361242459107]]}},{"type":"Feature","properties":{"fcode":"AP030","descripcio":"SISTEMA DE TRANSPORTE O COMUNICACIÓN","acc":7,"acc_desc":"PRECISA","rst":8,"rst_desc":"TEMPORAL","typ":1,"typ_desc":"VÍA","hct":4,"hct_desc":"RUTA LOCAL","wtc":2,"wtc_desc":"ÉPOCA SECA","loc":44,"loc_desc":"EN CONTACTO CON LA SUPERFICIE DE LA TIERRA","ltn":-32767,"mes":0,"mes_desc":"NO EXISTE","tuc":45,"tuc_desc":"GENERAL","txt":null,"SHAPE_Leng":1466.74114186,"Shape_Le_1":1466.74114186},"geometry":{"type":"LineString","coordinates":[[-79.39574197675755,-2.74217672511324],[-79.39582151680192,-2.742418204694284],[-79.39593559554866,-2.742521816646142],[-79.39616404185227,-2.742579822301461],[-79.39626689802823,-2.742534019610228],[-79.39662171178011,-2.742247364627751],[-79.39704549515233,-2.741765551870593],[-79.39845329698855,-2.74057315295498],[-79.39964320489071,-2.739839961933786],[-79.39995174034395,-2.739794615772484],[-79.40013454619805,-2.739817922314567],[-79.40100205630608,-2.740290889996017],[-79.401424669844,-2.740418157601433],[-79.4015618806841,-2.74037249075373],[-79.40164210529512,-2.74023468380943],[-79.4016883223922,-2.73997049243888],[-79.40164342384386,-2.739579659188647],[-79.40129165885757,-2.7383147144238],[-79.40134981399231,-2.737728678143516],[-79.40179728564655,-2.736810088466331],[-79.4020837493862,-2.736385423895339],[-79.40242712313683,-2.736110325740419],[-79.40288468271764,-2.735858350915635],[-79.40310226759841,-2.735628935015299],[-79.40323985671782,-2.735364865513669],[-79.40314315108617,-2.735180789607765]]}},{"type":"Feature","properties":{"fcode":"AP030","descripcio":"SISTEMA DE TRANSPORTE O COMUNICACIÓN","acc":7,"acc_desc":"PRECISA","rst":8,"rst_desc":"TEMPORAL","typ":1,"typ_desc":"VÍA","hct":4,"hct_desc":"RUTA LOCAL","wtc":2,"wtc_desc":"ÉPOCA SECA","loc":44,"loc_desc":"EN CONTACTO CON LA SUPERFICIE DE LA TIERRA","ltn":-32767,"mes":0,"mes_desc":"NO EXISTE","tuc":45,"tuc_desc":"GENERAL","txt":null,"SHAPE_Leng":1498.61916721,"Shape_Le_1":1498.61916721},"geometry":{"type":"LineString","coordinates":[[-79.40314315108617,-2.735180789607765],[-79.40301190954521,-2.735065579629802],[-79.40220140194481,-2.734673179284058],[-79.4019504458791,-2.734431379805958],[-79.40188220396661,-2.734281798088211],[-79.40184875649936,-2.733868009528739],[-79.40188355100746,-2.733603712234522],[-79.40203295413846,-2.733178773382579],[-79.4031098171388,-2.731755758181785],[-79.40367164938424,-2.730791467370047],[-79.40380999244732,-2.730159686047888],[-79.40377657401334,-2.729722836080394],[-79.40354894432116,-2.729251180451285],[-79.40334377970471,-2.728997957497415],[-79.4030699656033,-2.728767523209403],[-79.4021679986758,-2.728374912791539],[-79.40181432512367,-2.728075459717671],[-79.40156356625185,-2.727752992518691],[-79.40137033766858,-2.727246927084238],[-79.40133728263336,-2.726603251430483],[-79.40122397437308,-2.72612035392969],[-79.40132722107757,-2.725913665099775],[-79.40144157285519,-2.725810449609887],[-79.40170458430832,-2.725707522902474],[-79.40210448726958,-2.725731298442594],[-79.40306386236463,-2.725963189326766]]}},{"type":"Feature","properties":{"fcode":"AP030","descripcio":"SISTEMA DE TRANSPORTE O COMUNICACIÓN","acc":7,"acc_desc":"PRECISA","rst":8,"rst_desc":"TEMPORAL","typ":1,"typ_desc":"VÍA","hct":4,"hct_desc":"RUTA LOCAL","wtc":2,"wtc_desc":"ÉPOCA SECA","loc":44,"loc_desc":"EN CONTACTO CON LA SUPERFICIE DE LA TIERRA","ltn":-32767,"mes":0,"mes_desc":"NO EXISTE","tuc":45,"tuc_desc":"GENERAL","txt":null,"SHAPE_Leng":4446.3750857,"Shape_Le_1":4446.3750857},"geometry":{"type":"LineString","coordinates":[[-79.37798409494933,-2.558062570925932],[-79.3790895606075,-2.558719448657619],[-79.38127311266892,-2.559641494109095],[-79.38288104986403,-2.559947667583022],[-79.38394240464221,-2.560075079850115],[-79.38421545042836,-2.560181687303087],[-79.38443848988678,-2.56065548896665],[-79.38452089472113,-2.561415068760214],[-79.3846753255913,-2.561888060112009],[-79.38497840797966,-2.562351382524865],[-79.3853403954207,-2.562665923169341],[-79.38573955250227,-2.562739591244684],[-79.38646115135198,-2.562610097752513],[-79.38695638262229,-2.562294110713842],[-79.38764885439974,-2.561727505124498],[-79.3880855835751,-2.56152575360306],[-79.38904798372144,-2.561330092535368],[-79.38970876872263,-2.561510261196341],[-79.39013957543548,-2.561802640893327],[-79.39058048973159,-2.562210067334951],[-79.39127981028012,-2.562999819990235],[-79.39159512145855,-2.563394246030372],[-79.39220057797223,-2.564389802243623],[-79.3925504476772,-2.564761663183166],[-79.3937736393464,-2.565706994103574],[-79.39496187245282,-2.566709255357509],[-79.39552990107958,-2.5670032552199],[-79.39594098877846,-2.567031085427186],[-79.39653637710197,-2.566946103177689],[-79.39683508514295,-2.566811639993021],[-79.39825287687898,-2.565805337814245],[-79.398631509607,-2.565683364257385],[-79.39915809437235,-2.565609055549387],[-79.39940910965431,-2.565646450072566],[-79.39969347532305,-2.565764736228412],[-79.40131855285999,-2.566553753373193],[-79.40207039263765,-2.566769483753241],[-79.40259577103808,-2.566798631114084],[-79.40606024678873,-2.566689661368524],[-79.40848540145353,-2.566511192733576],[-79.40903521666141,-2.566414118895798],[-79.40974701290858,-2.566146593842659],[-79.41024436151241,-2.565646740452644],[-79.41047876658365,-2.565155240117328],[-79.41096083409994,-2.563702890432369]]}},{"type":"Feature","properties":{"fcode":"AP030","descripcio":"SISTEMA DE TRANSPORTE O COMUNICACIÓN","acc":7,"acc_desc":"PRECISA","rst":8,"rst_desc":"TEMPORAL","typ":1,"typ_desc":"VÍA","hct":4,"hct_desc":"RUTA LOCAL","wtc":2,"wtc_desc":"ÉPOCA SECA","loc":44,"loc_desc":"EN CONTACTO CON LA SUPERFICIE DE LA TIERRA","ltn":-32767,"mes":0,"mes_desc":"NO EXISTE","tuc":45,"tuc_desc":"GENERAL","txt":null,"SHAPE_Leng":3750.41989692,"Shape_Le_1":3750.41989692},"geometry":{"type":"LineString","coordinates":[[-79.41165077429957,-2.531371261091037],[-79.40991140598263,-2.530966675372219],[-79.40814200452824,-2.530785157404441],[-79.40701084378108,-2.530760428298605],[-79.40664444576076,-2.530813604449913],[-79.40617357387526,-2.531003481449275],[-79.40533308921603,-2.531522450811633],[-79.40366182686961,-2.53270970871322],[-79.40272638031664,-2.53352636349118],[-79.40086290002702,-2.534539015501851],[-79.39981486275735,-2.535216345369913],[-79.39944605199145,-2.535476432968891],[-79.3986837886753,-2.536145615318694],[-79.39586131173112,-2.538032028080805],[-79.39359034155763,-2.539672048514336],[-79.38819088220073,-2.542976492587905],[-79.3855516802373,-2.5448305368585],[-79.38459679292305,-2.545359556767808],[-79.38276801130844,-2.546652555355229]]}},{"type":"Feature","properties":{"fcode":"AP030","descripcio":"SISTEMA DE TRANSPORTE O COMUNICACIÓN","acc":7,"acc_desc":"PRECISA","rst":8,"rst_desc":"TEMPORAL","typ":1,"typ_desc":"VÍA","hct":4,"hct_desc":"RUTA LOCAL","wtc":2,"wtc_desc":"ÉPOCA SECA","loc":44,"loc_desc":"EN CONTACTO CON LA SUPERFICIE DE LA TIERRA","ltn":-32767,"mes":0,"mes_desc":"NO EXISTE","tuc":45,"tuc_desc":"GENERAL","txt":null,"SHAPE_Leng":709.936414214,"Shape_Le_1":709.936414214},"geometry":{"type":"LineString","coordinates":[[-79.40069853370555,-2.523963855603854],[-79.39935244217084,-2.523085323112797],[-79.39632724774421,-2.520854684574414],[-79.39565736462717,-2.520479088760303],[-79.39540439879103,-2.520426051288076]]}},{"type":"Feature","properties":{"fcode":"AP030","descripcio":"SISTEMA DE TRANSPORTE O COMUNICACIÓN","acc":7,"acc_desc":"PRECISA","rst":8,"rst_desc":"TEMPORAL","typ":1,"typ_desc":"VÍA","hct":4,"hct_desc":"RUTA LOCAL","wtc":2,"wtc_desc":"ÉPOCA SECA","loc":44,"loc_desc":"EN CONTACTO CON LA SUPERFICIE DE LA TIERRA","ltn":-32767,"mes":0,"mes_desc":"NO EXISTE","tuc":45,"tuc_desc":"GENERAL","txt":null,"SHAPE_Leng":606.192296795,"Shape_Le_1":606.192296795},"geometry":{"type":"LineString","coordinates":[[-79.39540439879103,-2.520426051288076],[-79.39414181087608,-2.520093581964503],[-79.39212755243027,-2.519357469094838],[-79.39071766822212,-2.518743379269664],[-79.39027445266869,-2.518604010213553]]}},{"type":"Feature","properties":{"fcode":"AP030","descripcio":"SISTEMA DE TRANSPORTE O COMUNICACIÓN","acc":7,"acc_desc":"PRECISA","rst":8,"rst_desc":"TEMPORAL","typ":1,"typ_desc":"VÍA","hct":4,"hct_desc":"RUTA LOCAL","wtc":2,"wtc_desc":"ÉPOCA SECA","loc":44,"loc_desc":"EN CONTACTO CON LA SUPERFICIE DE LA TIERRA","ltn":-32767,"mes":0,"mes_desc":"NO EXISTE","tuc":45,"tuc_desc":"GENERAL","txt":null,"SHAPE_Leng":1900.76548963,"Shape_Le_1":1900.76548963},"geometry":{"type":"LineString","coordinates":[[-79.41153784696175,-2.57804041022617],[-79.41179408374173,-2.57764118339999],[-79.41224616151342,-2.577106185472667],[-79.41342427910028,-2.576062577168184],[-79.41419939791868,-2.575278558058614],[-79.41513880777485,-2.574128746305789],[-79.4153733191905,-2.573625759607142],[-79.41554761600293,-2.573386410734298],[-79.41673312542936,-2.572687639772234],[-79.41700058523386,-2.572300000089415],[-79.4172345891025,-2.571842953581599],[-79.41793848553706,-2.57127652152663],[-79.4180315445905,-2.571139716274195],[-79.41814214590188,-2.57048590602355],[-79.41852750013172,-2.569800784913981],[-79.41858720715534,-2.569583087529288],[-79.4185939391102,-2.56900846073545],[-79.41865474819583,-2.568698880934941],[-79.41918225044355,-2.567590149143245],[-79.41931026917489,-2.567396230953447],[-79.41956420620055,-2.567180854839057],[-79.42026678854575,-2.566729272381062],[-79.42082062618529,-2.566287452628243],[-79.42125216287121,-2.565556986986266],[-79.42148946868878,-2.564824109523817]]}},{"type":"Feature","properties":{"fcode":"AP030","descripcio":"SISTEMA DE TRANSPORTE O COMUNICACIÓN","acc":7,"acc_desc":"PRECISA","rst":8,"rst_desc":"TEMPORAL","typ":1,"typ_desc":"VÍA","hct":4,"hct_desc":"RUTA LOCAL","wtc":2,"wtc_desc":"ÉPOCA SECA","loc":44,"loc_desc":"EN CONTACTO CON LA SUPERFICIE DE LA TIERRA","ltn":-32767,"mes":0,"mes_desc":"NO EXISTE","tuc":45,"tuc_desc":"GENERAL","txt":null,"SHAPE_Leng":1777.18489758,"Shape_Le_1":1777.18489758},"geometry":{"type":"LineString","coordinates":[[-79.42148946868878,-2.564824109523817],[-79.42160697449125,-2.564549688831424],[-79.42179279245654,-2.564298956818929],[-79.4223105667175,-2.564006130784394],[-79.4225743008911,-2.563940257733722],[-79.42311991856698,-2.56418800739846],[-79.42459506339337,-2.565101710275576],[-79.42477736813701,-2.565149867570651],[-79.42506345105448,-2.565118749560481],[-79.4252709033403,-2.564971684313496],[-79.42542165711306,-2.564789549716548],[-79.42548146638315,-2.564560365743125],[-79.42545061487182,-2.564272737712269],[-79.42527507399491,-2.563914389831245],[-79.42457116013607,-2.563250977353899],[-79.42355116759643,-2.562515005097107],[-79.42238493387838,-2.56158188004526],[-79.41977700726315,-2.559815854299883],[-79.4170189715574,-2.557787555845061]]}},{"type":"Feature","properties":{"fcode":"AP030","descripcio":"SISTEMA DE TRANSPORTE O COMUNICACIÓN","acc":7,"acc_desc":"PRECISA","rst":8,"rst_desc":"TEMPORAL","typ":1,"typ_desc":"VÍA","hct":4,"hct_desc":"RUTA LOCAL","wtc":2,"wtc_desc":"ÉPOCA SECA","loc":44,"loc_desc":"EN CONTACTO CON LA SUPERFICIE DE LA TIERRA","ltn":-32767,"mes":0,"mes_desc":"NO EXISTE","tuc":45,"tuc_desc":"GENERAL","txt":null,"SHAPE_Leng":625.360024909,"Shape_Le_1":625.360024909},"geometry":{"type":"LineString","coordinates":[[-79.41096083409994,-2.563702890432369],[-79.41230553659908,-2.560487199144087],[-79.41318172593463,-2.558888286811976],[-79.41328831795849,-2.558567731418759]]}},{"type":"Feature","properties":{"fcode":"AP030","descripcio":"SISTEMA DE TRANSPORTE O COMUNICACIÓN","acc":7,"acc_desc":"PRECISA","rst":8,"rst_desc":"TEMPORAL","typ":1,"typ_desc":"VÍA","hct":4,"hct_desc":"RUTA LOCAL","wtc":2,"wtc_desc":"ÉPOCA SECA","loc":44,"loc_desc":"EN CONTACTO CON LA SUPERFICIE DE LA TIERRA","ltn":-32767,"mes":0,"mes_desc":"NO EXISTE","tuc":45,"tuc_desc":"GENERAL","txt":null,"SHAPE_Leng":340.864621954,"Shape_Le_1":340.864621954},"geometry":{"type":"LineString","coordinates":[[-79.41328831795849,-2.558567731418759],[-79.41581439185188,-2.556821735140313]]}},{"type":"Feature","properties":{"fcode":"AP030","descripcio":"SISTEMA DE TRANSPORTE O COMUNICACIÓN","acc":7,"acc_desc":"PRECISA","rst":8,"rst_desc":"TEMPORAL","typ":1,"typ_desc":"VÍA","hct":4,"hct_desc":"RUTA LOCAL","wtc":2,"wtc_desc":"ÉPOCA SECA","loc":44,"loc_desc":"EN CONTACTO CON LA SUPERFICIE DE LA TIERRA","ltn":-32767,"mes":0,"mes_desc":"NO EXISTE","tuc":45,"tuc_desc":"GENERAL","txt":null,"SHAPE_Leng":171.346427421,"Shape_Le_1":171.346427421},"geometry":{"type":"LineString","coordinates":[[-79.4170189715574,-2.557787555845061],[-79.41581439185188,-2.556821735140313]]}},{"type":"Feature","properties":{"fcode":"AP030","descripcio":"SISTEMA DE TRANSPORTE O COMUNICACIÓN","acc":7,"acc_desc":"PRECISA","rst":8,"rst_desc":"TEMPORAL","typ":1,"typ_desc":"VÍA","hct":4,"hct_desc":"RUTA LOCAL","wtc":2,"wtc_desc":"ÉPOCA SECA","loc":44,"loc_desc":"EN CONTACTO CON LA SUPERFICIE DE LA TIERRA","ltn":-32767,"mes":0,"mes_desc":"NO EXISTE","tuc":45,"tuc_desc":"GENERAL","txt":null,"SHAPE_Leng":2108.34033739,"Shape_Le_1":2108.34033739},"geometry":{"type":"LineString","coordinates":[[-79.39763492566769,-2.555247078579707],[-79.39810349752324,-2.555252549758885],[-79.39916757086142,-2.555150063149584],[-79.40137632955752,-2.554911545613716],[-79.40234985000392,-2.554739035631319],[-79.40316230034728,-2.554656578702727],[-79.40326396200234,-2.554761159445616],[-79.40341920641573,-2.55516524111631],[-79.40433789093348,-2.556727678615177],[-79.40467834293061,-2.556938458577186],[-79.40695793819957,-2.556505402330086],[-79.4086431470435,-2.556076845840193],[-79.40968669468668,-2.555778710877016],[-79.41084131820689,-2.555315937755728],[-79.41098683154284,-2.555299568894536],[-79.41133654189161,-2.55544171777245],[-79.41200823071168,-2.556633330199904],[-79.41295417799557,-2.557828268518209],[-79.41328831795849,-2.558567731418759]]}},{"type":"Feature","properties":{"fcode":"AP030","descripcio":"SISTEMA DE TRANSPORTE O COMUNICACIÓN","acc":7,"acc_desc":"PRECISA","rst":8,"rst_desc":"TEMPORAL","typ":1,"typ_desc":"VÍA","hct":4,"hct_desc":"RUTA LOCAL","wtc":2,"wtc_desc":"ÉPOCA SECA","loc":44,"loc_desc":"EN CONTACTO CON LA SUPERFICIE DE LA TIERRA","ltn":-32767,"mes":0,"mes_desc":"NO EXISTE","tuc":45,"tuc_desc":"GENERAL","txt":null,"SHAPE_Leng":263.176023414,"Shape_Le_1":263.176023414},"geometry":{"type":"LineString","coordinates":[[-79.41776447337519,-2.55547329975019],[-79.41581439185188,-2.556821735140313]]}},{"type":"Feature","properties":{"fcode":"AP030","descripcio":"SISTEMA DE TRANSPORTE O COMUNICACIÓN","acc":7,"acc_desc":"PRECISA","rst":8,"rst_desc":"TEMPORAL","typ":1,"typ_desc":"VÍA","hct":4,"hct_desc":"RUTA LOCAL","wtc":2,"wtc_desc":"ÉPOCA SECA","loc":44,"loc_desc":"EN CONTACTO CON LA SUPERFICIE DE LA TIERRA","ltn":-32767,"mes":0,"mes_desc":"NO EXISTE","tuc":45,"tuc_desc":"GENERAL","txt":null,"SHAPE_Leng":1134.18541452,"Shape_Le_1":1134.18541452},"geometry":{"type":"LineString","coordinates":[[-79.4261685619867,-2.549662063966535],[-79.41776447337519,-2.55547329975019]]}},{"type":"Feature","properties":{"fcode":"AP030","descripcio":"SISTEMA DE TRANSPORTE O COMUNICACIÓN","acc":7,"acc_desc":"PRECISA","rst":8,"rst_desc":"TEMPORAL","typ":1,"typ_desc":"VÍA","hct":4,"hct_desc":"RUTA LOCAL","wtc":2,"wtc_desc":"ÉPOCA SECA","loc":44,"loc_desc":"EN CONTACTO CON LA SUPERFICIE DE LA TIERRA","ltn":-32767,"mes":0,"mes_desc":"NO EXISTE","tuc":45,"tuc_desc":"GENERAL","txt":null,"SHAPE_Leng":338.297327453,"Shape_Le_1":338.297327453},"geometry":{"type":"LineString","coordinates":[[-79.414311347997,-2.532834725145879],[-79.41292564461946,-2.532197160011407],[-79.41165077429957,-2.531371261091037]]}},{"type":"Feature","properties":{"fcode":"AP030","descripcio":"SISTEMA DE TRANSPORTE O COMUNICACIÓN","acc":7,"acc_desc":"PRECISA","rst":8,"rst_desc":"TEMPORAL","typ":1,"typ_desc":"VÍA","hct":4,"hct_desc":"RUTA LOCAL","wtc":2,"wtc_desc":"ÉPOCA SECA","loc":44,"loc_desc":"EN CONTACTO CON LA SUPERFICIE DE LA TIERRA","ltn":-32767,"mes":0,"mes_desc":"NO EXISTE","tuc":45,"tuc_desc":"GENERAL","txt":null,"SHAPE_Leng":821.112359066,"Shape_Le_1":821.112359066},"geometry":{"type":"LineString","coordinates":[[-79.420909003981,-2.530368291126274],[-79.4205920768613,-2.530482124950129],[-79.42009716024285,-2.530775167433049],[-79.41930124006002,-2.531398116036515],[-79.41850702917284,-2.531871573721857],[-79.41658576620743,-2.532929495674803],[-79.41597785582243,-2.53311785174307],[-79.41577182341537,-2.53313839890471],[-79.4150182819681,-2.533072177026244],[-79.414311347997,-2.532834725145879]]}},{"type":"Feature","properties":{"fcode":"AP030","descripcio":"SISTEMA DE TRANSPORTE O COMUNICACIÓN","acc":7,"acc_desc":"PRECISA","rst":8,"rst_desc":"TEMPORAL","typ":1,"typ_desc":"VÍA","hct":4,"hct_desc":"RUTA LOCAL","wtc":2,"wtc_desc":"ÉPOCA SECA","loc":44,"loc_desc":"EN CONTACTO CON LA SUPERFICIE DE LA TIERRA","ltn":-32767,"mes":0,"mes_desc":"NO EXISTE","tuc":45,"tuc_desc":"GENERAL","txt":null,"SHAPE_Leng":342.622296088,"Shape_Le_1":342.622296088},"geometry":{"type":"LineString","coordinates":[[-79.38746862873454,-2.528614529599847],[-79.38647134264731,-2.527957445980234],[-79.38609793954949,-2.527642806818935],[-79.3859851595922,-2.527515061556976],[-79.38548372898458,-2.526386705946073]]}},{"type":"Feature","properties":{"fcode":"AP030","descripcio":"SISTEMA DE TRANSPORTE O COMUNICACIÓN","acc":7,"acc_desc":"PRECISA","rst":2,"rst_desc":"SUELTO/NO PAVIMENTO","typ":1,"typ_desc":"VÍA","hct":15,"hct_desc":"RUTA SECUNDARIA","wtc":1,"wtc_desc":"TODO EL AÑO","loc":44,"loc_desc":"EN CONTACTO CON LA SUPERFICIE DE LA TIERRA","ltn":1,"mes":0,"mes_desc":"NO EXISTE","tuc":45,"tuc_desc":"GENERAL","txt":null,"SHAPE_Leng":1253.93164188,"Shape_Le_1":1253.93164188},"geometry":{"type":"LineString","coordinates":[[-79.37135395093335,-2.528504407501616],[-79.37620353155528,-2.51826704098904]]}},{"type":"Feature","properties":{"fcode":"AP030","descripcio":"SISTEMA DE TRANSPORTE O COMUNICACIÓN","acc":7,"acc_desc":"PRECISA","rst":8,"rst_desc":"TEMPORAL","typ":1,"typ_desc":"VÍA","hct":4,"hct_desc":"RUTA LOCAL","wtc":2,"wtc_desc":"ÉPOCA SECA","loc":44,"loc_desc":"EN CONTACTO CON LA SUPERFICIE DE LA TIERRA","ltn":-32767,"mes":0,"mes_desc":"NO EXISTE","tuc":45,"tuc_desc":"GENERAL","txt":null,"SHAPE_Leng":1120.14695859,"Shape_Le_1":1120.14695859},"geometry":{"type":"LineString","coordinates":[[-79.39027445266869,-2.518604010213553],[-79.38943668912232,-2.518820286010792],[-79.38911415864692,-2.519034940811542],[-79.38888177750925,-2.519354070144357],[-79.38863325604557,-2.520075255529788],[-79.38834358332537,-2.520405165542633],[-79.38828487775336,-2.520542373555385],[-79.38847726285437,-2.521670976629412],[-79.38848497347996,-2.52198136084229],[-79.38830654149729,-2.52354241686916],[-79.3881764278595,-2.523908699296474],[-79.38801445441075,-2.524079239590517],[-79.38670018935879,-2.525040828274923],[-79.38618934225612,-2.525712939493021],[-79.38548372898458,-2.526386705946073]]}},{"type":"Feature","properties":{"fcode":"AP030","descripcio":"SISTEMA DE TRANSPORTE O COMUNICACIÓN","acc":7,"acc_desc":"PRECISA","rst":8,"rst_desc":"TEMPORAL","typ":1,"typ_desc":"VÍA","hct":4,"hct_desc":"RUTA LOCAL","wtc":2,"wtc_desc":"ÉPOCA SECA","loc":44,"loc_desc":"EN CONTACTO CON LA SUPERFICIE DE LA TIERRA","ltn":-32767,"mes":0,"mes_desc":"NO EXISTE","tuc":45,"tuc_desc":"GENERAL","txt":null,"SHAPE_Leng":961.24890002,"Shape_Le_1":961.24890002},"geometry":{"type":"LineString","coordinates":[[-79.38668030502403,-2.518263754457591],[-79.38654700831451,-2.518660147822842],[-79.38649330257957,-2.519337623040616],[-79.38651021370752,-2.519843539774652],[-79.38667735977212,-2.521167270246837],[-79.38668335736263,-2.521627051363884],[-79.38663316596043,-2.522005732310555],[-79.38644384012315,-2.522555253105586],[-79.38531496319229,-2.524266057451993],[-79.38510270717201,-2.524815277520049],[-79.38505961336885,-2.525561857828999],[-79.38509226285287,-2.525700083819521],[-79.38548372898458,-2.526386705946073]]}},{"type":"Feature","properties":{"fcode":"AP030","descripcio":"SISTEMA DE TRANSPORTE O COMUNICACIÓN","acc":7,"acc_desc":"PRECISA","rst":8,"rst_desc":"TEMPORAL","typ":1,"typ_desc":"VÍA","hct":4,"hct_desc":"RUTA LOCAL","wtc":2,"wtc_desc":"ÉPOCA SECA","loc":44,"loc_desc":"EN CONTACTO CON LA SUPERFICIE DE LA TIERRA","ltn":-32767,"mes":0,"mes_desc":"NO EXISTE","tuc":45,"tuc_desc":"GENERAL","txt":null,"SHAPE_Leng":406.426744149,"Shape_Le_1":406.426744149},"geometry":{"type":"LineString","coordinates":[[-79.39027445266869,-2.518604010213553],[-79.38920322338237,-2.518265897350211],[-79.38873547086538,-2.518191520614799],[-79.38826710852312,-2.51817447908604],[-79.38668030502403,-2.518263754457591]]}},{"type":"Feature","properties":{"fcode":"AP030","descripcio":"SISTEMA DE TRANSPORTE O COMUNICACIÓN","acc":7,"acc_desc":"PRECISA","rst":8,"rst_desc":"TEMPORAL","typ":1,"typ_desc":"VÍA","hct":4,"hct_desc":"RUTA LOCAL","wtc":2,"wtc_desc":"ÉPOCA SECA","loc":44,"loc_desc":"EN CONTACTO CON LA SUPERFICIE DE LA TIERRA","ltn":-32767,"mes":0,"mes_desc":"NO EXISTE","tuc":45,"tuc_desc":"GENERAL","txt":null,"SHAPE_Leng":1276.39161026,"Shape_Le_1":1276.39161026},"geometry":{"type":"LineString","coordinates":[[-79.39053197533936,-2.507890244161534],[-79.39037880991499,-2.508728573590245],[-79.3902361658998,-2.509198119560973],[-79.38994448822147,-2.50970039951627],[-79.38864817026557,-2.511076036606075],[-79.38705343978489,-2.513528476714047],[-79.38668399289801,-2.515776875449501],[-79.38664221382119,-2.516408514899854],[-79.38677470150498,-2.51776629625148],[-79.38668030502403,-2.518263754457591]]}},{"type":"Feature","properties":{"fcode":"AP030","descripcio":"SISTEMA DE TRANSPORTE O COMUNICACIÓN","acc":7,"acc_desc":"PRECISA","rst":2,"rst_desc":"SUELTO/NO PAVIMENTO","typ":1,"typ_desc":"VÍA","hct":15,"hct_desc":"RUTA SECUNDARIA","wtc":1,"wtc_desc":"TODO EL AÑO","loc":44,"loc_desc":"EN CONTACTO CON LA SUPERFICIE DE LA TIERRA","ltn":1,"mes":0,"mes_desc":"NO EXISTE","tuc":45,"tuc_desc":"GENERAL","txt":null,"SHAPE_Leng":1840.12237063,"Shape_Le_1":1840.12237063},"geometry":{"type":"LineString","coordinates":[[-79.37620353155528,-2.51826704098904],[-79.38326628391793,-2.503357214394241],[-79.38335469107464,-2.50326842612031]]}},{"type":"Feature","properties":{"fcode":"AP030","descripcio":"SISTEMA DE TRANSPORTE O COMUNICACIÓN","acc":7,"acc_desc":"PRECISA","rst":8,"rst_desc":"TEMPORAL","typ":1,"typ_desc":"VÍA","hct":4,"hct_desc":"RUTA LOCAL","wtc":2,"wtc_desc":"ÉPOCA SECA","loc":44,"loc_desc":"EN CONTACTO CON LA SUPERFICIE DE LA TIERRA","ltn":-32767,"mes":0,"mes_desc":"NO EXISTE","tuc":45,"tuc_desc":"GENERAL","txt":null,"SHAPE_Leng":516.35900978,"Shape_Le_1":516.35900978},"geometry":{"type":"LineString","coordinates":[[-79.37533315052964,-2.504564864814694],[-79.37465694525082,-2.503357182437191],[-79.37392683782649,-2.50232450074567],[-79.37296925468972,-2.500552864126711]]}},{"type":"Feature","properties":{"fcode":"AP030","descripcio":"SISTEMA DE TRANSPORTE O COMUNICACIÓN","acc":7,"acc_desc":"PRECISA","rst":8,"rst_desc":"TEMPORAL","typ":1,"typ_desc":"VÍA","hct":4,"hct_desc":"RUTA LOCAL","wtc":1,"wtc_desc":"TODO EL AÑO","loc":44,"loc_desc":"EN CONTACTO CON LA SUPERFICIE DE LA TIERRA","ltn":1,"mes":0,"mes_desc":"NO EXISTE","tuc":45,"tuc_desc":"GENERAL","txt":null,"SHAPE_Leng":295.789664744,"Shape_Le_1":295.789664744},"geometry":{"type":"LineString","coordinates":[[-79.38335469107464,-2.50326842612031],[-79.38280952201498,-2.503124500644897],[-79.38254584660646,-2.502936610906954],[-79.38245044208392,-2.502792248355616],[-79.38242351146093,-2.50246266891211],[-79.38246483326023,-2.502201814459825],[-79.38273162320479,-2.501755847222674],[-79.38272510081254,-2.501501806486056],[-79.38256373753214,-2.50132471512052]]}},{"type":"Feature","properties":{"fcode":"AP030","descripcio":"SISTEMA DE TRANSPORTE O COMUNICACIÓN","acc":7,"acc_desc":"PRECISA","rst":8,"rst_desc":"TEMPORAL","typ":1,"typ_desc":"VÍA","hct":4,"hct_desc":"RUTA LOCAL","wtc":1,"wtc_desc":"TODO EL AÑO","loc":44,"loc_desc":"EN CONTACTO CON LA SUPERFICIE DE LA TIERRA","ltn":1,"mes":0,"mes_desc":"NO EXISTE","tuc":45,"tuc_desc":"GENERAL","txt":null,"SHAPE_Leng":732.205200277,"Shape_Le_1":732.205200277},"geometry":{"type":"LineString","coordinates":[[-79.38134347127426,-2.500780862187953],[-79.38096028635002,-2.500638675003164],[-79.38054529955184,-2.500363327741825],[-79.38005422564324,-2.499736093342396],[-79.37941091003178,-2.498460159940536],[-79.37926973201476,-2.497734514338541],[-79.37906301871786,-2.496997664035583],[-79.37888857661234,-2.496634712544073],[-79.37789516573079,-2.495622145192472],[-79.37782437961714,-2.495493549194364]]}},{"type":"Feature","properties":{"fcode":"AP030","descripcio":"SISTEMA DE TRANSPORTE O COMUNICACIÓN","acc":7,"acc_desc":"PRECISA","rst":8,"rst_desc":"TEMPORAL","typ":1,"typ_desc":"VÍA","hct":4,"hct_desc":"RUTA LOCAL","wtc":2,"wtc_desc":"ÉPOCA SECA","loc":44,"loc_desc":"EN CONTACTO CON LA SUPERFICIE DE LA TIERRA","ltn":-32767,"mes":0,"mes_desc":"NO EXISTE","tuc":45,"tuc_desc":"GENERAL","txt":null,"SHAPE_Leng":655.023589183,"Shape_Le_1":655.023589183},"geometry":{"type":"LineString","coordinates":[[-79.41165077429957,-2.531371261091037],[-79.41115634966918,-2.531038659665148],[-79.40965729333622,-2.530228129568392],[-79.40914676837245,-2.529900391683055],[-79.40784574873297,-2.528770322261348],[-79.40679779551894,-2.528057657367112]]}},{"type":"Feature","properties":{"fcode":"AP030","descripcio":"SISTEMA DE TRANSPORTE O COMUNICACIÓN","acc":7,"acc_desc":"PRECISA","rst":8,"rst_desc":"TEMPORAL","typ":1,"typ_desc":"VÍA","hct":4,"hct_desc":"RUTA LOCAL","wtc":2,"wtc_desc":"ÉPOCA SECA","loc":44,"loc_desc":"EN CONTACTO CON LA SUPERFICIE DE LA TIERRA","ltn":-32767,"mes":0,"mes_desc":"NO EXISTE","tuc":45,"tuc_desc":"GENERAL","txt":null,"SHAPE_Leng":815.69349338,"Shape_Le_1":815.69349338},"geometry":{"type":"LineString","coordinates":[[-79.40679779551894,-2.528057657367112],[-79.40491968075692,-2.526851180430375],[-79.40069853370555,-2.523963855603854]]}},{"type":"Feature","properties":{"fcode":"AP030","descripcio":"SISTEMA DE TRANSPORTE O COMUNICACIÓN","acc":7,"acc_desc":"PRECISA","rst":8,"rst_desc":"TEMPORAL","typ":1,"typ_desc":"VÍA","hct":4,"hct_desc":"RUTA LOCAL","wtc":2,"wtc_desc":"ÉPOCA SECA","loc":44,"loc_desc":"EN CONTACTO CON LA SUPERFICIE DE LA TIERRA","ltn":-32767,"mes":0,"mes_desc":"NO EXISTE","tuc":45,"tuc_desc":"GENERAL","txt":null,"SHAPE_Leng":962.693457183,"Shape_Le_1":962.693457183},"geometry":{"type":"LineString","coordinates":[[-79.41169919738185,-2.513993762788427],[-79.41171184987036,-2.522700012077193]]}},{"type":"Feature","properties":{"fcode":"AP030","descripcio":"SISTEMA DE TRANSPORTE O COMUNICACIÓN","acc":7,"acc_desc":"PRECISA","rst":8,"rst_desc":"TEMPORAL","typ":1,"typ_desc":"VÍA","hct":4,"hct_desc":"RUTA LOCAL","wtc":2,"wtc_desc":"ÉPOCA SECA","loc":44,"loc_desc":"EN CONTACTO CON LA SUPERFICIE DE LA TIERRA","ltn":-32767,"mes":0,"mes_desc":"NO EXISTE","tuc":45,"tuc_desc":"GENERAL","txt":null,"SHAPE_Leng":119.172014332,"Shape_Le_1":119.172014332},"geometry":{"type":"LineString","coordinates":[[-79.41274946064267,-2.514207663499732],[-79.41169919738185,-2.513993762788427]]}},{"type":"Feature","properties":{"fcode":"AP030","descripcio":"SISTEMA DE TRANSPORTE O COMUNICACIÓN","acc":7,"acc_desc":"PRECISA","rst":8,"rst_desc":"TEMPORAL","typ":1,"typ_desc":"VÍA","hct":4,"hct_desc":"RUTA LOCAL","wtc":2,"wtc_desc":"ÉPOCA SECA","loc":44,"loc_desc":"EN CONTACTO CON LA SUPERFICIE DE LA TIERRA","ltn":-32767,"mes":0,"mes_desc":"NO EXISTE","tuc":45,"tuc_desc":"GENERAL","txt":null,"SHAPE_Leng":1100.80648131,"Shape_Le_1":1100.80648131},"geometry":{"type":"LineString","coordinates":[[-79.40199776439823,-2.51201822004149],[-79.41169919738185,-2.513993762788427]]}},{"type":"Feature","properties":{"fcode":"AP030","descripcio":"SISTEMA DE TRANSPORTE O COMUNICACIÓN","acc":7,"acc_desc":"PRECISA","rst":8,"rst_desc":"TEMPORAL","typ":1,"typ_desc":"VÍA","hct":4,"hct_desc":"RUTA LOCAL","wtc":2,"wtc_desc":"ÉPOCA SECA","loc":44,"loc_desc":"EN CONTACTO CON LA SUPERFICIE DE LA TIERRA","ltn":-32767,"mes":0,"mes_desc":"NO EXISTE","tuc":45,"tuc_desc":"GENERAL","txt":null,"SHAPE_Leng":551.594282326,"Shape_Le_1":551.594282326},"geometry":{"type":"LineString","coordinates":[[-79.41227931477201,-2.505084119679683],[-79.4128791672782,-2.505152225718681],[-79.41593423894005,-2.505820020292922],[-79.41714518870391,-2.506029768196882]]}},{"type":"Feature","properties":{"fcode":"AP030","descripcio":"SISTEMA DE TRANSPORTE O COMUNICACIÓN","acc":7,"acc_desc":"PRECISA","rst":8,"rst_desc":"TEMPORAL","typ":1,"typ_desc":"VÍA","hct":4,"hct_desc":"RUTA LOCAL","wtc":2,"wtc_desc":"ÉPOCA SECA","loc":44,"loc_desc":"EN CONTACTO CON LA SUPERFICIE DE LA TIERRA","ltn":-32767,"mes":0,"mes_desc":"NO EXISTE","tuc":45,"tuc_desc":"GENERAL","txt":null,"SHAPE_Leng":854.715304811,"Shape_Le_1":854.715304811},"geometry":{"type":"LineString","coordinates":[[-79.41631482543163,-2.498509214645829],[-79.4162139647117,-2.498711580254976],[-79.41612508680126,-2.499344167951763],[-79.4161112538718,-2.50038191278264],[-79.41618625364184,-2.500824962946282],[-79.41631162386234,-2.501179446249581],[-79.41662562464553,-2.501698662956314],[-79.41700719698233,-2.503081542523043],[-79.41704121546935,-2.50335678293211],[-79.41701518500172,-2.504292410213798],[-79.41714518870391,-2.506029768196882]]}},{"type":"Feature","properties":{"fcode":"AP030","descripcio":"SISTEMA DE TRANSPORTE O COMUNICACIÓN","acc":7,"acc_desc":"PRECISA","rst":8,"rst_desc":"TEMPORAL","typ":1,"typ_desc":"VÍA","hct":4,"hct_desc":"RUTA LOCAL","wtc":2,"wtc_desc":"ÉPOCA SECA","loc":44,"loc_desc":"EN CONTACTO CON LA SUPERFICIE DE LA TIERRA","ltn":-32767,"mes":0,"mes_desc":"NO EXISTE","tuc":45,"tuc_desc":"GENERAL","txt":null,"SHAPE_Leng":459.329175394,"Shape_Le_1":459.329175394},"geometry":{"type":"LineString","coordinates":[[-79.41830270587127,-2.492589275783392],[-79.41867789568379,-2.493598913839847],[-79.41911558835798,-2.49550359100989],[-79.41911424849849,-2.496624764300862]]}},{"type":"Feature","properties":{"fcode":"AP030","descripcio":"SISTEMA DE TRANSPORTE O COMUNICACIÓN","acc":7,"acc_desc":"PRECISA","rst":8,"rst_desc":"TEMPORAL","typ":1,"typ_desc":"VÍA","hct":4,"hct_desc":"RUTA LOCAL","wtc":2,"wtc_desc":"ÉPOCA SECA","loc":44,"loc_desc":"EN CONTACTO CON LA SUPERFICIE DE LA TIERRA","ltn":-32767,"mes":0,"mes_desc":"NO EXISTE","tuc":45,"tuc_desc":"GENERAL","txt":null,"SHAPE_Leng":227.545814182,"Shape_Le_1":227.545814182},"geometry":{"type":"LineString","coordinates":[[-79.41824604892471,-2.490562608084351],[-79.4181201530213,-2.491626988183928],[-79.41814636221169,-2.49204275798753],[-79.41830270587127,-2.492589275783392]]}},{"type":"Feature","properties":{"fcode":"AP030","descripcio":"SISTEMA DE TRANSPORTE O COMUNICACIÓN","acc":7,"acc_desc":"PRECISA","rst":8,"rst_desc":"TEMPORAL","typ":1,"typ_desc":"VÍA","hct":4,"hct_desc":"RUTA LOCAL","wtc":2,"wtc_desc":"ÉPOCA SECA","loc":44,"loc_desc":"EN CONTACTO CON LA SUPERFICIE DE LA TIERRA","ltn":-32767,"mes":0,"mes_desc":"NO EXISTE","tuc":45,"tuc_desc":"GENERAL","txt":null,"SHAPE_Leng":1082.07424816,"Shape_Le_1":1082.07424816},"geometry":{"type":"LineString","coordinates":[[-79.42755250800197,-2.491643227432925],[-79.42703172571798,-2.49124540192406],[-79.42681126546003,-2.491154066960533],[-79.42523642771592,-2.491243245416884],[-79.42435783946723,-2.490865970774315],[-79.42389037998406,-2.490846597715754],[-79.42360976987118,-2.49090269292866],[-79.4223189146109,-2.491277357463996],[-79.4211781302691,-2.491276073755751],[-79.41985052011049,-2.491105175410443],[-79.41936426888088,-2.491085778062002],[-79.41824604892471,-2.490562608084351]]}},{"type":"Feature","properties":{"fcode":"AP030","descripcio":"SISTEMA DE TRANSPORTE O COMUNICACIÓN","acc":7,"acc_desc":"PRECISA","rst":8,"rst_desc":"TEMPORAL","typ":1,"typ_desc":"VÍA","hct":4,"hct_desc":"RUTA LOCAL","wtc":2,"wtc_desc":"ÉPOCA SECA","loc":44,"loc_desc":"EN CONTACTO CON LA SUPERFICIE DE LA TIERRA","ltn":-32767,"mes":0,"mes_desc":"NO EXISTE","tuc":45,"tuc_desc":"GENERAL","txt":null,"SHAPE_Leng":1154.12727051,"Shape_Le_1":1154.12727051},"geometry":{"type":"LineString","coordinates":[[-79.39652481788414,-2.510903638708673],[-79.396139285247,-2.51161172798204],[-79.39561409413167,-2.514467495169037],[-79.3953256044986,-2.51567092961157],[-79.39532299971205,-2.515889238423774],[-79.3954775442709,-2.516350833067192],[-79.39560174490815,-2.51647868206023],[-79.39614842349374,-2.516645940941436],[-79.39636277443478,-2.516878354804899],[-79.39640684505443,-2.517016776150173],[-79.39540439879103,-2.520426051288076]]}},{"type":"Feature","properties":{"fcode":"AP030","descripcio":"SISTEMA DE TRANSPORTE O COMUNICACIÓN","acc":7,"acc_desc":"PRECISA","rst":8,"rst_desc":"TEMPORAL","typ":1,"typ_desc":"VÍA","hct":4,"hct_desc":"RUTA LOCAL","wtc":2,"wtc_desc":"ÉPOCA SECA","loc":44,"loc_desc":"EN CONTACTO CON LA SUPERFICIE DE LA TIERRA","ltn":-32767,"mes":0,"mes_desc":"NO EXISTE","tuc":45,"tuc_desc":"GENERAL","txt":null,"SHAPE_Leng":621.01196937,"Shape_Le_1":621.01196937},"geometry":{"type":"LineString","coordinates":[[-79.39652481788414,-2.510903638708673],[-79.40199776439823,-2.51201822004149]]}},{"type":"Feature","properties":{"fcode":"AP030","descripcio":"SISTEMA DE TRANSPORTE O COMUNICACIÓN","acc":7,"acc_desc":"PRECISA","rst":8,"rst_desc":"TEMPORAL","typ":1,"typ_desc":"VÍA","hct":4,"hct_desc":"RUTA LOCAL","wtc":2,"wtc_desc":"ÉPOCA SECA","loc":44,"loc_desc":"EN CONTACTO CON LA SUPERFICIE DE LA TIERRA","ltn":-32767,"mes":0,"mes_desc":"NO EXISTE","tuc":45,"tuc_desc":"GENERAL","txt":null,"SHAPE_Leng":1714.21652299,"Shape_Le_1":1714.21652299},"geometry":{"type":"LineString","coordinates":[[-79.3969458274577,-2.497950663441029],[-79.39697410178118,-2.499029327110481],[-79.39693209325354,-2.49948814729771],[-79.39698513201571,-2.499720632665099],[-79.39709762861277,-2.499786336792548],[-79.39780276562682,-2.499781233424252],[-79.39789745872548,-2.499846915666506],[-79.39800978200321,-2.500055598766784],[-79.39809584944331,-2.502487165225161],[-79.39800666802635,-2.502695600977067],[-79.39779329006409,-2.502772842464458],[-79.39756220260935,-2.502772558556946],[-79.39672037867582,-2.502564697103423],[-79.39654653546485,-2.502591795037652],[-79.39645949834406,-2.502737380225773],[-79.3964688979965,-2.502919620065509],[-79.39660270277535,-2.503357132487086],[-79.39652481788414,-2.510903638708673]]}},{"type":"Feature","properties":{"fcode":"AP030","descripcio":"SISTEMA DE TRANSPORTE O COMUNICACIÓN","acc":7,"acc_desc":"PRECISA","rst":8,"rst_desc":"TEMPORAL","typ":1,"typ_desc":"VÍA","hct":4,"hct_desc":"RUTA LOCAL","wtc":2,"wtc_desc":"ÉPOCA SECA","loc":44,"loc_desc":"EN CONTACTO CON LA SUPERFICIE DE LA TIERRA","ltn":-32767,"mes":0,"mes_desc":"NO EXISTE","tuc":45,"tuc_desc":"GENERAL","txt":null,"SHAPE_Leng":1420.54974818,"Shape_Le_1":1420.54974818},"geometry":{"type":"LineString","coordinates":[[-79.3969458274577,-2.497950663441029],[-79.39650751538711,-2.497848837472833],[-79.39626041725838,-2.497853869962326],[-79.39473568166653,-2.498530899405475],[-79.39461311792118,-2.498684580087982],[-79.39449015546622,-2.499166361294741],[-79.3943982408495,-2.499330298819995],[-79.39411255523657,-2.499493998058216],[-79.39393901112234,-2.499719331436166],[-79.39371418464933,-2.500190767785957],[-79.39294852024476,-2.501020387174381],[-79.39193488897665,-2.503747040261563],[-79.39167195189086,-2.504720979254882],[-79.39090949742027,-2.506378627370083],[-79.39069594158273,-2.507042703496466],[-79.39053197533936,-2.507890244161534]]}},{"type":"Feature","properties":{"fcode":"AP030","descripcio":"SISTEMA DE TRANSPORTE O COMUNICACIÓN","acc":7,"acc_desc":"PRECISA","rst":8,"rst_desc":"TEMPORAL","typ":1,"typ_desc":"VÍA","hct":4,"hct_desc":"RUTA LOCAL","wtc":2,"wtc_desc":"ÉPOCA SECA","loc":44,"loc_desc":"EN CONTACTO CON LA SUPERFICIE DE LA TIERRA","ltn":-32767,"mes":0,"mes_desc":"NO EXISTE","tuc":45,"tuc_desc":"GENERAL","txt":null,"SHAPE_Leng":274.216641395,"Shape_Le_1":274.216641395},"geometry":{"type":"LineString","coordinates":[[-79.3969458274577,-2.497950663441029],[-79.39743716183834,-2.497928024071674],[-79.39791178443572,-2.497820715975382],[-79.39838607218913,-2.497618720791838],[-79.3985487477162,-2.497457491932773],[-79.39870216854514,-2.497067900843609],[-79.39862531033478,-2.496753632111652]]}},{"type":"Feature","properties":{"fcode":"AP030","descripcio":"SISTEMA DE TRANSPORTE O COMUNICACIÓN","acc":7,"acc_desc":"PRECISA","rst":8,"rst_desc":"TEMPORAL","typ":1,"typ_desc":"VÍA","hct":4,"hct_desc":"RUTA LOCAL","wtc":2,"wtc_desc":"ÉPOCA SECA","loc":44,"loc_desc":"EN CONTACTO CON LA SUPERFICIE DE LA TIERRA","ltn":-32767,"mes":0,"mes_desc":"NO EXISTE","tuc":45,"tuc_desc":"GENERAL","txt":null,"SHAPE_Leng":1097.55625374,"Shape_Le_1":1097.55625374},"geometry":{"type":"LineString","coordinates":[[-79.39862531033478,-2.496753632111652],[-79.39854975392329,-2.496626657891145],[-79.39833590072512,-2.496503312580123],[-79.39785693538562,-2.496410390663792],[-79.3976328194457,-2.496297251987527],[-79.39769917168309,-2.496079925307513],[-79.39815293710254,-2.495523486164839],[-79.39822868181105,-2.495346324442856],[-79.39834297285859,-2.494523587538783],[-79.39849424748292,-2.494346518187077],[-79.39857005314249,-2.494118802732825],[-79.3985703441199,-2.493878243390718],[-79.39849538054314,-2.493409783759309],[-79.39724158203592,-2.489319189129015],[-79.39656707293948,-2.488166482500608]]}},{"type":"Feature","properties":{"fcode":"AP030","descripcio":"SISTEMA DE TRANSPORTE O COMUNICACIÓN","acc":7,"acc_desc":"PRECISA","rst":2,"rst_desc":"SUELTO/NO PAVIMENTO","typ":1,"typ_desc":"VÍA","hct":15,"hct_desc":"RUTA SECUNDARIA","wtc":1,"wtc_desc":"TODO EL AÑO","loc":44,"loc_desc":"EN CONTACTO CON LA SUPERFICIE DE LA TIERRA","ltn":1,"mes":0,"mes_desc":"NO EXISTE","tuc":45,"tuc_desc":"GENERAL","txt":null,"SHAPE_Leng":856.206628136,"Shape_Le_1":856.206628136},"geometry":{"type":"LineString","coordinates":[[-79.40453419518832,-2.488112348274581],[-79.39948250420007,-2.488332013617321],[-79.39684451366456,-2.488200644607424]]}},{"type":"Feature","properties":{"fcode":"AP030","descripcio":"SISTEMA DE TRANSPORTE O COMUNICACIÓN","acc":7,"acc_desc":"PRECISA","rst":2,"rst_desc":"SUELTO/NO PAVIMENTO","typ":1,"typ_desc":"VÍA","hct":15,"hct_desc":"RUTA SECUNDARIA","wtc":1,"wtc_desc":"TODO EL AÑO","loc":44,"loc_desc":"EN CONTACTO CON LA SUPERFICIE DE LA TIERRA","ltn":1,"mes":0,"mes_desc":"NO EXISTE","tuc":45,"tuc_desc":"GENERAL","txt":null,"SHAPE_Leng":31.1296250282,"Shape_Le_1":31.1296250282},"geometry":{"type":"LineString","coordinates":[[-79.39684451366456,-2.488200644607424],[-79.39656707293948,-2.488166482500608]]}},{"type":"Feature","properties":{"fcode":"AP030","descripcio":"SISTEMA DE TRANSPORTE O COMUNICACIÓN","acc":7,"acc_desc":"PRECISA","rst":2,"rst_desc":"SUELTO/NO PAVIMENTO","typ":1,"typ_desc":"VÍA","hct":15,"hct_desc":"RUTA SECUNDARIA","wtc":1,"wtc_desc":"TODO EL AÑO","loc":44,"loc_desc":"EN CONTACTO CON LA SUPERFICIE DE LA TIERRA","ltn":1,"mes":0,"mes_desc":"NO EXISTE","tuc":45,"tuc_desc":"GENERAL","txt":null,"SHAPE_Leng":552.149408959,"Shape_Le_1":552.149408959},"geometry":{"type":"LineString","coordinates":[[-79.39656707293948,-2.488166482500608],[-79.39561433316413,-2.487931721843006],[-79.39514970555679,-2.487584693900889],[-79.39408995840863,-2.485497948072768],[-79.39390584081988,-2.485323905341366],[-79.39309288005853,-2.485199737434062]]}},{"type":"Feature","properties":{"fcode":"AP030","descripcio":"SISTEMA DE TRANSPORTE O COMUNICACIÓN","acc":7,"acc_desc":"PRECISA","rst":2,"rst_desc":"SUELTO/NO PAVIMENTO","typ":1,"typ_desc":"VÍA","hct":15,"hct_desc":"RUTA SECUNDARIA","wtc":1,"wtc_desc":"TODO EL AÑO","loc":44,"loc_desc":"EN CONTACTO CON LA SUPERFICIE DE LA TIERRA","ltn":1,"mes":0,"mes_desc":"NO EXISTE","tuc":45,"tuc_desc":"GENERAL","txt":null,"SHAPE_Leng":650.613886727,"Shape_Le_1":650.613886727},"geometry":{"type":"LineString","coordinates":[[-79.39378120597206,-2.483026503313795],[-79.39400081194749,-2.48374501265088],[-79.39457887803457,-2.484492628326612],[-79.39539537198428,-2.485860834952306],[-79.39656707293948,-2.488166482500608]]}},{"type":"Feature","properties":{"fcode":"AP030","descripcio":"SISTEMA DE TRANSPORTE O COMUNICACIÓN","acc":7,"acc_desc":"PRECISA","rst":8,"rst_desc":"TEMPORAL","typ":1,"typ_desc":"VÍA","hct":4,"hct_desc":"RUTA LOCAL","wtc":2,"wtc_desc":"ÉPOCA SECA","loc":44,"loc_desc":"EN CONTACTO CON LA SUPERFICIE DE LA TIERRA","ltn":-32767,"mes":0,"mes_desc":"NO EXISTE","tuc":45,"tuc_desc":"GENERAL","txt":null,"SHAPE_Leng":770.987078236,"Shape_Le_1":770.987078236},"geometry":{"type":"LineString","coordinates":[[-79.37782437961714,-2.495493549194364],[-79.37683995739214,-2.496317185639753],[-79.37611043445133,-2.49700394736888],[-79.3744710090411,-2.498820645974549],[-79.37360690946456,-2.499190534176277],[-79.37314763371324,-2.499542838908463],[-79.37269281789777,-2.500070049806271]]}},{"type":"Feature","properties":{"fcode":"AP030","descripcio":"SISTEMA DE TRANSPORTE O COMUNICACIÓN","acc":7,"acc_desc":"PRECISA","rst":2,"rst_desc":"SUELTO/NO PAVIMENTO","typ":1,"typ_desc":"VÍA","hct":15,"hct_desc":"RUTA SECUNDARIA","wtc":1,"wtc_desc":"TODO EL AÑO","loc":44,"loc_desc":"EN CONTACTO CON LA SUPERFICIE DE LA TIERRA","ltn":1,"mes":0,"mes_desc":"NO EXISTE","tuc":45,"tuc_desc":"GENERAL","txt":null,"SHAPE_Leng":703.675117989,"Shape_Le_1":703.675117989},"geometry":{"type":"LineString","coordinates":[[-79.37548424956711,-2.48975516996007],[-79.37687765054845,-2.491608281447032],[-79.37715518638029,-2.49288403043765],[-79.37765665743517,-2.494049907435961],[-79.37782437961714,-2.495493549194364]]}},{"type":"Feature","properties":{"fcode":"AP030","descripcio":"SISTEMA DE TRANSPORTE O COMUNICACIÓN","acc":7,"acc_desc":"PRECISA","rst":2,"rst_desc":"SUELTO/NO PAVIMENTO","typ":1,"typ_desc":"VÍA","hct":15,"hct_desc":"RUTA SECUNDARIA","wtc":1,"wtc_desc":"TODO EL AÑO","loc":44,"loc_desc":"EN CONTACTO CON LA SUPERFICIE DE LA TIERRA","ltn":1,"mes":0,"mes_desc":"NO EXISTE","tuc":45,"tuc_desc":"GENERAL","txt":null,"SHAPE_Leng":907.882062773,"Shape_Le_1":907.882062773},"geometry":{"type":"LineString","coordinates":[[-79.37971971838788,-2.483572115212107],[-79.37917112457184,-2.484547505078553],[-79.37819605666454,-2.485379027957555],[-79.37602694364635,-2.486772482788022],[-79.37573423965326,-2.48709054213166],[-79.37564891005218,-2.487310916964448],[-79.37564862531734,-2.487543605772711],[-79.37580488252327,-2.489172623426189],[-79.37573148130922,-2.489417520828678],[-79.37548424956711,-2.48975516996007]]}},{"type":"Feature","properties":{"fcode":"AP030","descripcio":"SISTEMA DE TRANSPORTE O COMUNICACIÓN","acc":7,"acc_desc":"PRECISA","rst":2,"rst_desc":"SUELTO/NO PAVIMENTO","typ":1,"typ_desc":"VÍA","hct":15,"hct_desc":"RUTA SECUNDARIA","wtc":1,"wtc_desc":"TODO EL AÑO","loc":44,"loc_desc":"EN CONTACTO CON LA SUPERFICIE DE LA TIERRA","ltn":1,"mes":0,"mes_desc":"NO EXISTE","tuc":45,"tuc_desc":"GENERAL","txt":null,"SHAPE_Leng":359.280643728,"Shape_Le_1":359.280643728},"geometry":{"type":"LineString","coordinates":[[-79.38043584839173,-2.484052485229606],[-79.38027937462103,-2.484438631428439],[-79.37993801285315,-2.484768841480233],[-79.37919453554044,-2.485331335194183],[-79.37914563737499,-2.485539456499839],[-79.37953385069903,-2.486678966174497]]}},{"type":"Feature","properties":{"fcode":"AP030","descripcio":"SISTEMA DE TRANSPORTE O COMUNICACIÓN","acc":7,"acc_desc":"PRECISA","rst":2,"rst_desc":"SUELTO/NO PAVIMENTO","typ":1,"typ_desc":"VÍA","hct":15,"hct_desc":"RUTA SECUNDARIA","wtc":1,"wtc_desc":"TODO EL AÑO","loc":44,"loc_desc":"EN CONTACTO CON LA SUPERFICIE DE LA TIERRA","ltn":1,"mes":0,"mes_desc":"NO EXISTE","tuc":45,"tuc_desc":"GENERAL","txt":null,"SHAPE_Leng":520.901008102,"Shape_Le_1":520.901008102},"geometry":{"type":"LineString","coordinates":[[-79.39309288005853,-2.485199737434062],[-79.39229978745092,-2.485078668254776],[-79.38842944570153,-2.484783355853763]]}},{"type":"Feature","properties":{"fcode":"AP030","descripcio":"SISTEMA DE TRANSPORTE O COMUNICACIÓN","acc":7,"acc_desc":"PRECISA","rst":2,"rst_desc":"SUELTO/NO PAVIMENTO","typ":1,"typ_desc":"VÍA","hct":15,"hct_desc":"RUTA SECUNDARIA","wtc":1,"wtc_desc":"TODO EL AÑO","loc":44,"loc_desc":"EN CONTACTO CON LA SUPERFICIE DE LA TIERRA","ltn":1,"mes":0,"mes_desc":"NO EXISTE","tuc":45,"tuc_desc":"GENERAL","txt":null,"SHAPE_Leng":355.940536331,"Shape_Le_1":355.940536331},"geometry":{"type":"LineString","coordinates":[[-79.38842944570153,-2.484783355853763],[-79.38524028321132,-2.484513197688612]]}},{"type":"Feature","properties":{"fcode":"AP030","descripcio":"SISTEMA DE TRANSPORTE O COMUNICACIÓN","acc":7,"acc_desc":"PRECISA","rst":2,"rst_desc":"SUELTO/NO PAVIMENTO","typ":1,"typ_desc":"VÍA","hct":15,"hct_desc":"RUTA SECUNDARIA","wtc":1,"wtc_desc":"TODO EL AÑO","loc":44,"loc_desc":"EN CONTACTO CON LA SUPERFICIE DE LA TIERRA","ltn":1,"mes":0,"mes_desc":"NO EXISTE","tuc":45,"tuc_desc":"GENERAL","txt":null,"SHAPE_Leng":180.662701186,"Shape_Le_1":180.662701186},"geometry":{"type":"LineString","coordinates":[[-79.38524028321132,-2.484513197688612],[-79.38362197479087,-2.484371394612798]]}},{"type":"Feature","properties":{"fcode":"AP030","descripcio":"SISTEMA DE TRANSPORTE O COMUNICACIÓN","acc":7,"acc_desc":"PRECISA","rst":2,"rst_desc":"SUELTO/NO PAVIMENTO","typ":1,"typ_desc":"VÍA","hct":15,"hct_desc":"RUTA SECUNDARIA","wtc":1,"wtc_desc":"TODO EL AÑO","loc":44,"loc_desc":"EN CONTACTO CON LA SUPERFICIE DE LA TIERRA","ltn":1,"mes":0,"mes_desc":"NO EXISTE","tuc":45,"tuc_desc":"GENERAL","txt":null,"SHAPE_Leng":203.596374588,"Shape_Le_1":203.596374588},"geometry":{"type":"LineString","coordinates":[[-79.38362197479087,-2.484371394612798],[-79.38179704453712,-2.484227707476881]]}},{"type":"Feature","properties":{"fcode":"AP030","descripcio":"SISTEMA DE TRANSPORTE O COMUNICACIÓN","acc":7,"acc_desc":"PRECISA","rst":2,"rst_desc":"SUELTO/NO PAVIMENTO","typ":1,"typ_desc":"VÍA","hct":15,"hct_desc":"RUTA SECUNDARIA","wtc":1,"wtc_desc":"TODO EL AÑO","loc":44,"loc_desc":"EN CONTACTO CON LA SUPERFICIE DE LA TIERRA","ltn":1,"mes":0,"mes_desc":"NO EXISTE","tuc":45,"tuc_desc":"GENERAL","txt":null,"SHAPE_Leng":153.209532743,"Shape_Le_1":153.209532743},"geometry":{"type":"LineString","coordinates":[[-79.38179704453712,-2.484227707476881],[-79.38091513077147,-2.484172812083693],[-79.38043584839173,-2.484052485229606]]}},{"type":"Feature","properties":{"fcode":"AP030","descripcio":"SISTEMA DE TRANSPORTE O COMUNICACIÓN","acc":7,"acc_desc":"PRECISA","rst":2,"rst_desc":"SUELTO/NO PAVIMENTO","typ":1,"typ_desc":"VÍA","hct":15,"hct_desc":"RUTA SECUNDARIA","wtc":1,"wtc_desc":"TODO EL AÑO","loc":44,"loc_desc":"EN CONTACTO CON LA SUPERFICIE DE LA TIERRA","ltn":1,"mes":0,"mes_desc":"NO EXISTE","tuc":45,"tuc_desc":"GENERAL","txt":null,"SHAPE_Leng":95.925925404,"Shape_Le_1":95.925925404},"geometry":{"type":"LineString","coordinates":[[-79.38043584839173,-2.484052485229606],[-79.37971971838788,-2.483572115212107]]}},{"type":"Feature","properties":{"fcode":"AP030","descripcio":"SISTEMA DE TRANSPORTE O COMUNICACIÓN","acc":7,"acc_desc":"PRECISA","rst":8,"rst_desc":"TEMPORAL","typ":1,"typ_desc":"VÍA","hct":4,"hct_desc":"RUTA LOCAL","wtc":2,"wtc_desc":"ÉPOCA SECA","loc":44,"loc_desc":"EN CONTACTO CON LA SUPERFICIE DE LA TIERRA","ltn":-32767,"mes":0,"mes_desc":"NO EXISTE","tuc":45,"tuc_desc":"GENERAL","txt":null,"SHAPE_Leng":910.991578671,"Shape_Le_1":910.991578671},"geometry":{"type":"LineString","coordinates":[[-79.32785628379325,-2.511616100465493],[-79.32775947796371,-2.512650617006084],[-79.32787123241573,-2.512870331587353],[-79.3279955266764,-2.512986697680862],[-79.3284509437144,-2.513129986765249],[-79.32950119876308,-2.513234250549174],[-79.32995721438957,-2.51333150972089],[-79.3301049449305,-2.513402237309981],[-79.33030815688994,-2.513611488946014],[-79.33038626732763,-2.513773283348466],[-79.3304068935634,-2.513957431194386],[-79.33037251871507,-2.515887857419572],[-79.3304941832092,-2.516234100584478],[-79.33062989710521,-2.516350571919535],[-79.33090373131452,-2.516388273081365],[-79.33206410999823,-2.516230603690934]]}},{"type":"Feature","properties":{"fcode":"AP030","descripcio":"SISTEMA DE TRANSPORTE O COMUNICACIÓN","acc":7,"acc_desc":"PRECISA","rst":8,"rst_desc":"TEMPORAL","typ":1,"typ_desc":"VÍA","hct":4,"hct_desc":"RUTA LOCAL","wtc":2,"wtc_desc":"ÉPOCA SECA","loc":44,"loc_desc":"EN CONTACTO CON LA SUPERFICIE DE LA TIERRA","ltn":-32767,"mes":0,"mes_desc":"NO EXISTE","tuc":45,"tuc_desc":"GENERAL","txt":null,"SHAPE_Leng":276.240178687,"Shape_Le_1":276.240178687},"geometry":{"type":"LineString","coordinates":[[-79.35036646811304,-2.525507729359136],[-79.35026175829076,-2.525269578558885],[-79.34994421711502,-2.524093534456533],[-79.34974640065799,-2.523095164791402]]}},{"type":"Feature","properties":{"fcode":"AP030","descripcio":"SISTEMA DE TRANSPORTE O COMUNICACIÓN","acc":7,"acc_desc":"PRECISA","rst":2,"rst_desc":"SUELTO/NO PAVIMENTO","typ":1,"typ_desc":"VÍA","hct":15,"hct_desc":"RUTA SECUNDARIA","wtc":1,"wtc_desc":"TODO EL AÑO","loc":44,"loc_desc":"EN CONTACTO CON LA SUPERFICIE DE LA TIERRA","ltn":1,"mes":0,"mes_desc":"NO EXISTE","tuc":45,"tuc_desc":"GENERAL","txt":null,"SHAPE_Leng":1032.69803917,"Shape_Le_1":1032.69803917},"geometry":{"type":"LineString","coordinates":[[-79.34694636211272,-2.515709131682757],[-79.34689856825652,-2.517816988135911],[-79.34633645023902,-2.51992518269485],[-79.34627342540021,-2.520418688774964],[-79.3463164888505,-2.520637502623825],[-79.34664107604321,-2.521215968697876],[-79.34700293765411,-2.521542082236739],[-79.34743370357374,-2.521845946658519],[-79.34843247590031,-2.522432236977923],[-79.34974640065799,-2.523095164791402]]}},{"type":"Feature","properties":{"fcode":"AP030","descripcio":"SISTEMA DE TRANSPORTE O COMUNICACIÓN","acc":7,"acc_desc":"PRECISA","rst":2,"rst_desc":"SUELTO/NO PAVIMENTO","typ":1,"typ_desc":"VÍA","hct":15,"hct_desc":"RUTA SECUNDARIA","wtc":1,"wtc_desc":"TODO EL AÑO","loc":44,"loc_desc":"EN CONTACTO CON LA SUPERFICIE DE LA TIERRA","ltn":1,"mes":0,"mes_desc":"NO EXISTE","tuc":45,"tuc_desc":"GENERAL","txt":null,"SHAPE_Leng":1918.89584112,"Shape_Le_1":1918.89584112},"geometry":{"type":"LineString","coordinates":[[-79.34694636211272,-2.515709131682757],[-79.34633767408705,-2.515960032763608],[-79.34548939882553,-2.5161799708781],[-79.34466104994064,-2.516641481614413],[-79.34132446107813,-2.519475651072432],[-79.34093332533617,-2.519689477287629],[-79.34031543412503,-2.519751175242399],[-79.33961962560679,-2.519639593249769],[-79.33940348276843,-2.519556660192445],[-79.33850688055153,-2.519028917885524],[-79.3369876190004,-2.517999738615575],[-79.33663435750084,-2.517915092114262],[-79.33552387609598,-2.518074456834779],[-79.33497509967967,-2.518091024786689],[-79.334792811768,-2.518042951537953],[-79.33444067115235,-2.517854940986817],[-79.33357984057052,-2.517201179689293],[-79.33244396587719,-2.516613261736619],[-79.33219467336545,-2.516437953446988],[-79.33206410999823,-2.516230603690934]]}},{"type":"Feature","properties":{"fcode":"AP030","descripcio":"SISTEMA DE TRANSPORTE O COMUNICACIÓN","acc":7,"acc_desc":"PRECISA","rst":2,"rst_desc":"SUELTO/NO PAVIMENTO","typ":1,"typ_desc":"VÍA","hct":15,"hct_desc":"RUTA SECUNDARIA","wtc":1,"wtc_desc":"TODO EL AÑO","loc":44,"loc_desc":"EN CONTACTO CON LA SUPERFICIE DE LA TIERRA","ltn":1,"mes":0,"mes_desc":"NO EXISTE","tuc":45,"tuc_desc":"GENERAL","txt":null,"SHAPE_Leng":156.232779721,"Shape_Le_1":156.232779721},"geometry":{"type":"LineString","coordinates":[[-79.34678854914601,-2.514307084686312],[-79.34694636211272,-2.515709131682757]]}},{"type":"Feature","properties":{"fcode":"AP030","descripcio":"SISTEMA DE TRANSPORTE O COMUNICACIÓN","acc":7,"acc_desc":"PRECISA","rst":2,"rst_desc":"SUELTO/NO PAVIMENTO","typ":1,"typ_desc":"VÍA","hct":15,"hct_desc":"RUTA SECUNDARIA","wtc":1,"wtc_desc":"TODO EL AÑO","loc":44,"loc_desc":"EN CONTACTO CON LA SUPERFICIE DE LA TIERRA","ltn":-32767,"mes":0,"mes_desc":"NO EXISTE","tuc":45,"tuc_desc":"GENERAL","txt":null,"SHAPE_Leng":21.8186873736,"Shape_Le_1":21.8186873736},"geometry":{"type":"LineString","coordinates":[[-79.34678854914601,-2.514307084686312],[-79.34677519717489,-2.514110228053564]]}},{"type":"Feature","properties":{"fcode":"AP030","descripcio":"SISTEMA DE TRANSPORTE O COMUNICACIÓN","acc":7,"acc_desc":"PRECISA","rst":2,"rst_desc":"SUELTO/NO PAVIMENTO","typ":1,"typ_desc":"VÍA","hct":15,"hct_desc":"RUTA SECUNDARIA","wtc":1,"wtc_desc":"TODO EL AÑO","loc":44,"loc_desc":"EN CONTACTO CON LA SUPERFICIE DE LA TIERRA","ltn":1,"mes":0,"mes_desc":"NO EXISTE","tuc":45,"tuc_desc":"GENERAL","txt":null,"SHAPE_Leng":26.0230224984,"Shape_Le_1":26.0230224984},"geometry":{"type":"LineString","coordinates":[[-79.34675921793234,-2.51387544202545],[-79.34677519717489,-2.514110228053564]]}},{"type":"Feature","properties":{"fcode":"AP030","descripcio":"SISTEMA DE TRANSPORTE O COMUNICACIÓN","acc":7,"acc_desc":"PRECISA","rst":2,"rst_desc":"SUELTO/NO PAVIMENTO","typ":1,"typ_desc":"VÍA","hct":15,"hct_desc":"RUTA SECUNDARIA","wtc":1,"wtc_desc":"TODO EL AÑO","loc":44,"loc_desc":"EN CONTACTO CON LA SUPERFICIE DE LA TIERRA","ltn":1,"mes":0,"mes_desc":"NO EXISTE","tuc":45,"tuc_desc":"GENERAL","txt":null,"SHAPE_Leng":117.957024802,"Shape_Le_1":117.957024802},"geometry":{"type":"LineString","coordinates":[[-79.3466714491446,-2.512812373524251],[-79.34675921793234,-2.51387544202545]]}},{"type":"Feature","properties":{"fcode":"AP030","descripcio":"SISTEMA DE TRANSPORTE O COMUNICACIÓN","acc":7,"acc_desc":"PRECISA","rst":2,"rst_desc":"SUELTO/NO PAVIMENTO","typ":1,"typ_desc":"VÍA","hct":15,"hct_desc":"RUTA SECUNDARIA","wtc":1,"wtc_desc":"TODO EL AÑO","loc":44,"loc_desc":"EN CONTACTO CON LA SUPERFICIE DE LA TIERRA","ltn":1,"mes":0,"mes_desc":"NO EXISTE","tuc":45,"tuc_desc":"GENERAL","txt":null,"SHAPE_Leng":430.745256167,"Shape_Le_1":430.745256167},"geometry":{"type":"LineString","coordinates":[[-79.3466714491446,-2.512812373524251],[-79.3465672437853,-2.512020585028659],[-79.3465625124215,-2.510491889167072],[-79.34662145876803,-2.509377731493096],[-79.34677170347474,-2.508951708768373]]}},{"type":"Feature","properties":{"fcode":"AP030","descripcio":"SISTEMA DE TRANSPORTE O COMUNICACIÓN","acc":7,"acc_desc":"PRECISA","rst":2,"rst_desc":"SUELTO/NO PAVIMENTO","typ":1,"typ_desc":"VÍA","hct":15,"hct_desc":"RUTA SECUNDARIA","wtc":1,"wtc_desc":"TODO EL AÑO","loc":44,"loc_desc":"EN CONTACTO CON LA SUPERFICIE DE LA TIERRA","ltn":1,"mes":0,"mes_desc":"NO EXISTE","tuc":45,"tuc_desc":"GENERAL","txt":null,"SHAPE_Leng":341.319473292,"Shape_Le_1":341.319473292},"geometry":{"type":"LineString","coordinates":[[-79.34677170347474,-2.508951708768373],[-79.34736514745536,-2.507375118915704],[-79.34749657820215,-2.506893997801551],[-79.34762330859614,-2.506002301778392]]}},{"type":"Feature","properties":{"fcode":"AP030","descripcio":"SISTEMA DE TRANSPORTE O COMUNICACIÓN","acc":7,"acc_desc":"PRECISA","rst":2,"rst_desc":"SUELTO/NO PAVIMENTO","typ":1,"typ_desc":"VÍA","hct":15,"hct_desc":"RUTA SECUNDARIA","wtc":1,"wtc_desc":"TODO EL AÑO","loc":44,"loc_desc":"EN CONTACTO CON LA SUPERFICIE DE LA TIERRA","ltn":1,"mes":0,"mes_desc":"NO EXISTE","tuc":45,"tuc_desc":"GENERAL","txt":null,"SHAPE_Leng":1280.63630691,"Shape_Le_1":1280.63630691},"geometry":{"type":"LineString","coordinates":[[-79.34762330859614,-2.506002301778392],[-79.34759450927878,-2.50537800161925],[-79.34739093166245,-2.504237827096742],[-79.34730913401188,-2.503356718674272],[-79.34686502653864,-2.501072977552589],[-79.34673392807305,-2.500069450279799],[-79.34648796358482,-2.499101408550136],[-79.3449556731992,-2.496054027234782],[-79.34462230707545,-2.494946246493659]]}},{"type":"Feature","properties":{"fcode":"AP030","descripcio":"SISTEMA DE TRANSPORTE O COMUNICACIÓN","acc":7,"acc_desc":"PRECISA","rst":8,"rst_desc":"TEMPORAL","typ":1,"typ_desc":"VÍA","hct":4,"hct_desc":"RUTA LOCAL","wtc":2,"wtc_desc":"ÉPOCA SECA","loc":44,"loc_desc":"EN CONTACTO CON LA SUPERFICIE DE LA TIERRA","ltn":-32767,"mes":0,"mes_desc":"NO EXISTE","tuc":45,"tuc_desc":"GENERAL","txt":null,"SHAPE_Leng":4847.12254394,"Shape_Le_1":4847.12254394},"geometry":{"type":"LineString","coordinates":[[-79.34974640065799,-2.523095164791402],[-79.34971122490713,-2.522539223691928],[-79.34974533641585,-2.52158564332999],[-79.35007806741571,-2.51955528685026],[-79.35039185192944,-2.51814528118606],[-79.3507491777391,-2.516931209950246],[-79.35087880457246,-2.516599392290589],[-79.35118070499911,-2.516200691656939],[-79.35171027324664,-2.515873541948061],[-79.35264067883105,-2.51548215012938],[-79.35362737432742,-2.515160462810769],[-79.35421323229458,-2.514902926507737],[-79.35459305162493,-2.514677503994075],[-79.35656118408012,-2.513852796913105],[-79.3570498407977,-2.513524325649108],[-79.35844159413904,-2.512998583242774],[-79.36184477771576,-2.512256887119763],[-79.36247589475653,-2.512045885464424],[-79.36418777426901,-2.511284323031905],[-79.36449687010963,-2.511241936512294],[-79.36474736375109,-2.511325360926439],[-79.36483751003608,-2.511429835687824],[-79.36490481778505,-2.511534100850561],[-79.36482307877094,-2.511682581806108],[-79.36398890221669,-2.512638237541919],[-79.36367548176196,-2.513048324502167],[-79.36352333248487,-2.513345390637565],[-79.36335673707023,-2.51390659731414],[-79.36297332817294,-2.516361678076718],[-79.36239181111202,-2.518182291440044],[-79.36189782611945,-2.520325774159096],[-79.36168656428903,-2.520794499173682],[-79.36134980849673,-2.52123882883402],[-79.3608537936407,-2.521623812593861],[-79.35792919773547,-2.523451487324496],[-79.3567521570548,-2.524403167637097],[-79.35604678586739,-2.52509599048744],[-79.35588410894532,-2.525323948636405],[-79.35529588507565,-2.526742200117183],[-79.35509775496418,-2.527061722426433],[-79.3545314140444,-2.527595194490591],[-79.35308787789846,-2.528384198783689]]}},{"type":"Feature","properties":{"fcode":"AP030","descripcio":"SISTEMA DE TRANSPORTE O COMUNICACIÓN","acc":7,"acc_desc":"PRECISA","rst":2,"rst_desc":"SUELTO/NO PAVIMENTO","typ":1,"typ_desc":"VÍA","hct":15,"hct_desc":"RUTA SECUNDARIA","wtc":1,"wtc_desc":"TODO EL AÑO","loc":44,"loc_desc":"EN CONTACTO CON LA SUPERFICIE DE LA TIERRA","ltn":1,"mes":0,"mes_desc":"NO EXISTE","tuc":45,"tuc_desc":"GENERAL","txt":null,"SHAPE_Leng":641.254351608,"Shape_Le_1":641.254351608},"geometry":{"type":"LineString","coordinates":[[-79.37157313307621,-2.50677305638582],[-79.37054444039288,-2.506267122123873],[-79.36843309489429,-2.505047138490141],[-79.3666010066014,-2.503849479492442]]}},{"type":"Feature","properties":{"fcode":"AP030","descripcio":"SISTEMA DE TRANSPORTE O COMUNICACIÓN","acc":7,"acc_desc":"PRECISA","rst":2,"rst_desc":"SUELTO/NO PAVIMENTO","typ":1,"typ_desc":"VÍA","hct":15,"hct_desc":"RUTA SECUNDARIA","wtc":1,"wtc_desc":"TODO EL AÑO","loc":44,"loc_desc":"EN CONTACTO CON LA SUPERFICIE DE LA TIERRA","ltn":1,"mes":0,"mes_desc":"NO EXISTE","tuc":45,"tuc_desc":"GENERAL","txt":null,"SHAPE_Leng":655.700025191,"Shape_Le_1":655.700025191},"geometry":{"type":"LineString","coordinates":[[-79.3666010066014,-2.503849479492442],[-79.36646904380844,-2.503749383988013],[-79.36616030801457,-2.5033573252174],[-79.3647475159728,-2.500988070600761],[-79.3635602923377,-2.498790835235079]]}},{"type":"Feature","properties":{"fcode":"AP030","descripcio":"SISTEMA DE TRANSPORTE O COMUNICACIÓN","acc":7,"acc_desc":"PRECISA","rst":8,"rst_desc":"TEMPORAL","typ":1,"typ_desc":"VÍA","hct":4,"hct_desc":"RUTA LOCAL","wtc":2,"wtc_desc":"ÉPOCA SECA","loc":44,"loc_desc":"EN CONTACTO CON LA SUPERFICIE DE LA TIERRA","ltn":-32767,"mes":0,"mes_desc":"NO EXISTE","tuc":45,"tuc_desc":"GENERAL","txt":null,"SHAPE_Leng":61.6074557176,"Shape_Le_1":61.6074557176},"geometry":{"type":"LineString","coordinates":[[-79.37296925468972,-2.500552864126711],[-79.37269281789777,-2.500070049806271]]}},{"type":"Feature","properties":{"fcode":"AP030","descripcio":"SISTEMA DE TRANSPORTE O COMUNICACIÓN","acc":7,"acc_desc":"PRECISA","rst":2,"rst_desc":"SUELTO/NO PAVIMENTO","typ":1,"typ_desc":"VÍA","hct":15,"hct_desc":"RUTA SECUNDARIA","wtc":1,"wtc_desc":"TODO EL AÑO","loc":44,"loc_desc":"EN CONTACTO CON LA SUPERFICIE DE LA TIERRA","ltn":1,"mes":0,"mes_desc":"NO EXISTE","tuc":45,"tuc_desc":"GENERAL","txt":null,"SHAPE_Leng":185.137341992,"Shape_Le_1":185.137341992},"geometry":{"type":"LineString","coordinates":[[-79.3635602923377,-2.498790835235079],[-79.36272380205395,-2.497343289344417]]}},{"type":"Feature","properties":{"fcode":"AP030","descripcio":"SISTEMA DE TRANSPORTE O COMUNICACIÓN","acc":7,"acc_desc":"PRECISA","rst":8,"rst_desc":"TEMPORAL","typ":1,"typ_desc":"VÍA","hct":4,"hct_desc":"RUTA LOCAL","wtc":2,"wtc_desc":"ÉPOCA SECA","loc":44,"loc_desc":"EN CONTACTO CON LA SUPERFICIE DE LA TIERRA","ltn":-32767,"mes":0,"mes_desc":"NO EXISTE","tuc":45,"tuc_desc":"GENERAL","txt":null,"SHAPE_Leng":693.325159512,"Shape_Le_1":693.325159512},"geometry":{"type":"LineString","coordinates":[[-79.37269281789777,-2.500070049806271],[-79.3714032746714,-2.497124338329876],[-79.37050330703322,-2.495299419718483],[-79.37010306738398,-2.494370427967437]]}},{"type":"Feature","properties":{"fcode":"AP030","descripcio":"SISTEMA DE TRANSPORTE O COMUNICACIÓN","acc":7,"acc_desc":"PRECISA","rst":2,"rst_desc":"SUELTO/NO PAVIMENTO","typ":1,"typ_desc":"VÍA","hct":15,"hct_desc":"RUTA SECUNDARIA","wtc":1,"wtc_desc":"TODO EL AÑO","loc":44,"loc_desc":"EN CONTACTO CON LA SUPERFICIE DE LA TIERRA","ltn":1,"mes":0,"mes_desc":"NO EXISTE","tuc":45,"tuc_desc":"GENERAL","txt":null,"SHAPE_Leng":949.519767104,"Shape_Le_1":949.519767104},"geometry":{"type":"LineString","coordinates":[[-79.36272380205395,-2.497343289344417],[-79.36016247198896,-2.49233490402851],[-79.35949881765399,-2.490947987449781],[-79.35876588871184,-2.489739411388595]]}},{"type":"Feature","properties":{"fcode":"AP030","descripcio":"SISTEMA DE TRANSPORTE O COMUNICACIÓN","acc":7,"acc_desc":"PRECISA","rst":8,"rst_desc":"TEMPORAL","typ":1,"typ_desc":"VÍA","hct":4,"hct_desc":"RUTA LOCAL","wtc":2,"wtc_desc":"ÉPOCA SECA","loc":44,"loc_desc":"EN CONTACTO CON LA SUPERFICIE DE LA TIERRA","ltn":-32767,"mes":0,"mes_desc":"NO EXISTE","tuc":45,"tuc_desc":"GENERAL","txt":null,"SHAPE_Leng":334.927597545,"Shape_Le_1":334.927597545},"geometry":{"type":"LineString","coordinates":[[-79.36875381331167,-2.491799498427016],[-79.36961331499008,-2.492603085877515],[-79.36981834172855,-2.493025671149517],[-79.37010306738398,-2.494370427967437]]}},{"type":"Feature","properties":{"fcode":"AP030","descripcio":"SISTEMA DE TRANSPORTE O COMUNICACIÓN","acc":7,"acc_desc":"PRECISA","rst":8,"rst_desc":"TEMPORAL","typ":1,"typ_desc":"VÍA","hct":4,"hct_desc":"RUTA LOCAL","wtc":2,"wtc_desc":"ÉPOCA SECA","loc":44,"loc_desc":"EN CONTACTO CON LA SUPERFICIE DE LA TIERRA","ltn":-32767,"mes":0,"mes_desc":"NO EXISTE","tuc":45,"tuc_desc":"GENERAL","txt":null,"SHAPE_Leng":148.594804346,"Shape_Le_1":148.594804346},"geometry":{"type":"LineString","coordinates":[[-79.3682773623396,-2.490549188910225],[-79.368409385254,-2.491038423773678],[-79.36875381331167,-2.491799498427016]]}},{"type":"Feature","properties":{"fcode":"AP030","descripcio":"SISTEMA DE TRANSPORTE O COMUNICACIÓN","acc":7,"acc_desc":"PRECISA","rst":2,"rst_desc":"SUELTO/NO PAVIMENTO","typ":1,"typ_desc":"VÍA","hct":15,"hct_desc":"RUTA SECUNDARIA","wtc":1,"wtc_desc":"TODO EL AÑO","loc":44,"loc_desc":"EN CONTACTO CON LA SUPERFICIE DE LA TIERRA","ltn":1,"mes":0,"mes_desc":"NO EXISTE","tuc":45,"tuc_desc":"GENERAL","txt":null,"SHAPE_Leng":212.926490557,"Shape_Le_1":212.926490557},"geometry":{"type":"LineString","coordinates":[[-79.35876588871184,-2.489739411388595],[-79.35837643228267,-2.489114204450682],[-79.35767358052787,-2.488160419739792]]}},{"type":"Feature","properties":{"fcode":"AP030","descripcio":"SISTEMA DE TRANSPORTE O COMUNICACIÓN","acc":7,"acc_desc":"PRECISA","rst":2,"rst_desc":"SUELTO/NO PAVIMENTO","typ":1,"typ_desc":"VÍA","hct":15,"hct_desc":"RUTA SECUNDARIA","wtc":1,"wtc_desc":"TODO EL AÑO","loc":44,"loc_desc":"EN CONTACTO CON LA SUPERFICIE DE LA TIERRA","ltn":1,"mes":0,"mes_desc":"NO EXISTE","tuc":45,"tuc_desc":"GENERAL","txt":null,"SHAPE_Leng":548.036386876,"Shape_Le_1":548.036386876},"geometry":{"type":"LineString","coordinates":[[-79.33206410999823,-2.516230603690934],[-79.33190294717619,-2.515974742550493],[-79.33182654038609,-2.515675039998077],[-79.33167837401442,-2.514673395255977],[-79.33130717552322,-2.513209442295319],[-79.33096268522661,-2.511423944665335]]}},{"type":"Feature","properties":{"fcode":"AP030","descripcio":"SISTEMA DE TRANSPORTE O COMUNICACIÓN","acc":7,"acc_desc":"PRECISA","rst":8,"rst_desc":"TEMPORAL","typ":1,"typ_desc":"VÍA","hct":4,"hct_desc":"RUTA LOCAL","wtc":2,"wtc_desc":"ÉPOCA SECA","loc":44,"loc_desc":"EN CONTACTO CON LA SUPERFICIE DE LA TIERRA","ltn":-32767,"mes":0,"mes_desc":"NO EXISTE","tuc":45,"tuc_desc":"GENERAL","txt":null,"SHAPE_Leng":947.202391458,"Shape_Le_1":947.202391458},"geometry":{"type":"LineString","coordinates":[[-79.3201312084018,-2.510742237294688],[-79.32034538712206,-2.51045873712908],[-79.32134791208563,-2.509771117396872],[-79.32157908757706,-2.509555463026557],[-79.32178954778385,-2.509155661312406],[-79.32189674354788,-2.508789186310453],[-79.32197361388467,-2.508088976272089],[-79.32210384176673,-2.507711226785073],[-79.32232310417741,-2.50752992094452],[-79.32301698509673,-2.507167728411132],[-79.3231057677576,-2.507067914810755],[-79.32304179770448,-2.506676349955581],[-79.3227213494817,-2.505753163748147],[-79.32221731612226,-2.504885266953849],[-79.32161160021064,-2.504221526446888],[-79.32153068499656,-2.504003751291068]]}},{"type":"Feature","properties":{"fcode":"AP030","descripcio":"SISTEMA DE TRANSPORTE O COMUNICACIÓN","acc":7,"acc_desc":"PRECISA","rst":8,"rst_desc":"TEMPORAL","typ":1,"typ_desc":"VÍA","hct":4,"hct_desc":"RUTA LOCAL","wtc":2,"wtc_desc":"ÉPOCA SECA","loc":44,"loc_desc":"EN CONTACTO CON LA SUPERFICIE DE LA TIERRA","ltn":-32767,"mes":0,"mes_desc":"NO EXISTE","tuc":45,"tuc_desc":"GENERAL","txt":null,"SHAPE_Leng":1408.71211033,"Shape_Le_1":1408.71211033},"geometry":{"type":"LineString","coordinates":[[-79.32456754777883,-2.500098979567129],[-79.32514077951515,-2.500713210124203],[-79.32666689574381,-2.502695101319455],[-79.32749659577759,-2.503355962913362],[-79.32767079469518,-2.503753909615719],[-79.32774720148893,-2.504053611362197],[-79.32796210830516,-2.506170918163055],[-79.32803361708905,-2.507849713469277],[-79.32798742242585,-2.509814486819858],[-79.32785628379325,-2.511616100465493]]}},{"type":"Feature","properties":{"fcode":"AP030","descripcio":"SISTEMA DE TRANSPORTE O COMUNICACIÓN","acc":7,"acc_desc":"PRECISA","rst":2,"rst_desc":"SUELTO/NO PAVIMENTO","typ":1,"typ_desc":"VÍA","hct":15,"hct_desc":"RUTA SECUNDARIA","wtc":1,"wtc_desc":"TODO EL AÑO","loc":44,"loc_desc":"EN CONTACTO CON LA SUPERFICIE DE LA TIERRA","ltn":1,"mes":0,"mes_desc":"NO EXISTE","tuc":45,"tuc_desc":"GENERAL","txt":null,"SHAPE_Leng":2390.33048362,"Shape_Le_1":2390.33048362},"geometry":{"type":"LineString","coordinates":[[-79.33096268522661,-2.511423944665335],[-79.3309417148504,-2.511262766310494],[-79.33099070821088,-2.510987551471032],[-79.33113024707148,-2.510782267054008],[-79.3312802934745,-2.510657662238785],[-79.33172861024015,-2.510444544562623],[-79.33209530491666,-2.510356842879467],[-79.3327233981671,-2.510398704988526],[-79.33330692106014,-2.510348087153332],[-79.33366219681496,-2.510260279869495],[-79.33398391758799,-2.510114642753518],[-79.33426117209639,-2.509865040976092],[-79.33440241347124,-2.509521937978976],[-79.33450101052351,-2.508913992303027],[-79.3345421089344,-2.508339794934062],[-79.33448366206844,-2.507488564111942],[-79.3345186731409,-2.506466082196467],[-79.33468417010391,-2.505996855735852],[-79.33524320142865,-2.50511837972219],[-79.33538656164858,-2.504591428273349],[-79.33551723834587,-2.503356278777458],[-79.33442743096151,-2.501751147052573],[-79.33337120059076,-2.500829099656958],[-79.33291408843219,-2.50032055370442],[-79.33075529182359,-2.49765092873367],[-79.32977796187791,-2.496697241113232],[-79.32873735332413,-2.495870621379473],[-79.32823075788131,-2.49560247368245]]}},{"type":"Feature","properties":{"fcode":"AP030","descripcio":"SISTEMA DE TRANSPORTE O COMUNICACIÓN","acc":7,"acc_desc":"PRECISA","rst":8,"rst_desc":"TEMPORAL","typ":1,"typ_desc":"VÍA","hct":4,"hct_desc":"RUTA LOCAL","wtc":2,"wtc_desc":"ÉPOCA SECA","loc":44,"loc_desc":"EN CONTACTO CON LA SUPERFICIE DE LA TIERRA","ltn":-32767,"mes":0,"mes_desc":"NO EXISTE","tuc":45,"tuc_desc":"GENERAL","txt":null,"SHAPE_Leng":174.458437464,"Shape_Le_1":174.458437464},"geometry":{"type":"LineString","coordinates":[[-79.32153068499656,-2.504003751291068],[-79.32170159210231,-2.503807190265789],[-79.3222994085023,-2.503330023942747],[-79.32260128438506,-2.502878792305865]]}},{"type":"Feature","properties":{"fcode":"AP030","descripcio":"SISTEMA DE TRANSPORTE O COMUNICACIÓN","acc":7,"acc_desc":"PRECISA","rst":8,"rst_desc":"TEMPORAL","typ":1,"typ_desc":"VÍA","hct":4,"hct_desc":"RUTA LOCAL","wtc":2,"wtc_desc":"ÉPOCA SECA","loc":44,"loc_desc":"EN CONTACTO CON LA SUPERFICIE DE LA TIERRA","ltn":-32767,"mes":0,"mes_desc":"NO EXISTE","tuc":45,"tuc_desc":"GENERAL","txt":null,"SHAPE_Leng":807.400106114,"Shape_Le_1":807.400106114},"geometry":{"type":"LineString","coordinates":[[-79.32260128438506,-2.502878792305865],[-79.3203613155827,-2.501349138724069],[-79.3198624038776,-2.501050702562258],[-79.31947349600303,-2.500862916368797],[-79.3192704352371,-2.500820151679749],[-79.31897424898999,-2.500828270882346],[-79.31873716417454,-2.500955565548076],[-79.31742428539228,-2.502051721577385],[-79.31687389310257,-2.502357396073637],[-79.31644236520667,-2.502382341071643]]}},{"type":"Feature","properties":{"fcode":"AP030","descripcio":"SISTEMA DE TRANSPORTE O COMUNICACIÓN","acc":7,"acc_desc":"PRECISA","rst":8,"rst_desc":"TEMPORAL","typ":1,"typ_desc":"VÍA","hct":4,"hct_desc":"RUTA LOCAL","wtc":2,"wtc_desc":"ÉPOCA SECA","loc":44,"loc_desc":"EN CONTACTO CON LA SUPERFICIE DE LA TIERRA","ltn":-32767,"mes":0,"mes_desc":"NO EXISTE","tuc":45,"tuc_desc":"GENERAL","txt":null,"SHAPE_Leng":377.243769467,"Shape_Le_1":377.243769467},"geometry":{"type":"LineString","coordinates":[[-79.32456754777883,-2.500098979567129],[-79.32260128438506,-2.502878792305865]]}},{"type":"Feature","properties":{"fcode":"AP030","descripcio":"SISTEMA DE TRANSPORTE O COMUNICACIÓN","acc":7,"acc_desc":"PRECISA","rst":8,"rst_desc":"TEMPORAL","typ":1,"typ_desc":"VÍA","hct":4,"hct_desc":"RUTA LOCAL","wtc":2,"wtc_desc":"ÉPOCA SECA","loc":44,"loc_desc":"EN CONTACTO CON LA SUPERFICIE DE LA TIERRA","ltn":-32767,"mes":0,"mes_desc":"NO EXISTE","tuc":45,"tuc_desc":"GENERAL","txt":null,"SHAPE_Leng":664.096611252,"Shape_Le_1":664.096611252},"geometry":{"type":"LineString","coordinates":[[-79.32823075788131,-2.49560247368245],[-79.3269432454617,-2.496271476518112],[-79.32659221688793,-2.496559778988998],[-79.32624950631863,-2.497024797406648],[-79.32547880600728,-2.498554111880265],[-79.32480462957656,-2.499761337054558],[-79.32456754777883,-2.500098979567129]]}},{"type":"Feature","properties":{"fcode":"AP030","descripcio":"SISTEMA DE TRANSPORTE O COMUNICACIÓN","acc":7,"acc_desc":"PRECISA","rst":2,"rst_desc":"SUELTO/NO PAVIMENTO","typ":1,"typ_desc":"VÍA","hct":15,"hct_desc":"RUTA SECUNDARIA","wtc":1,"wtc_desc":"TODO EL AÑO","loc":44,"loc_desc":"EN CONTACTO CON LA SUPERFICIE DE LA TIERRA","ltn":1,"mes":0,"mes_desc":"NO EXISTE","tuc":45,"tuc_desc":"GENERAL","txt":null,"SHAPE_Leng":89.1286090884,"Shape_Le_1":89.1286090884},"geometry":{"type":"LineString","coordinates":[[-79.32747681560984,-2.495329849778955],[-79.32823075788131,-2.49560247368245]]}},{"type":"Feature","properties":{"fcode":"AP030","descripcio":"SISTEMA DE TRANSPORTE O COMUNICACIÓN","acc":7,"acc_desc":"PRECISA","rst":2,"rst_desc":"SUELTO/NO PAVIMENTO","typ":1,"typ_desc":"VÍA","hct":15,"hct_desc":"RUTA SECUNDARIA","wtc":1,"wtc_desc":"TODO EL AÑO","loc":44,"loc_desc":"EN CONTACTO CON LA SUPERFICIE DE LA TIERRA","ltn":1,"mes":0,"mes_desc":"NO EXISTE","tuc":45,"tuc_desc":"GENERAL","txt":null,"SHAPE_Leng":652.862401745,"Shape_Le_1":652.862401745},"geometry":{"type":"LineString","coordinates":[[-79.33362627390314,-2.493277181272162],[-79.32823075788131,-2.49560247368245]]}},{"type":"Feature","properties":{"fcode":"AP030","descripcio":"SISTEMA DE TRANSPORTE O COMUNICACIÓN","acc":7,"acc_desc":"PRECISA","rst":2,"rst_desc":"SUELTO/NO PAVIMENTO","typ":1,"typ_desc":"VÍA","hct":15,"hct_desc":"RUTA SECUNDARIA","wtc":1,"wtc_desc":"TODO EL AÑO","loc":44,"loc_desc":"EN CONTACTO CON LA SUPERFICIE DE LA TIERRA","ltn":1,"mes":0,"mes_desc":"NO EXISTE","tuc":45,"tuc_desc":"GENERAL","txt":null,"SHAPE_Leng":711.159691079,"Shape_Le_1":711.159691079},"geometry":{"type":"LineString","coordinates":[[-79.32146048735906,-2.493153391548231],[-79.32466734434777,-2.494357359311766],[-79.32747681560984,-2.495329849778955]]}},{"type":"Feature","properties":{"fcode":"AP030","descripcio":"SISTEMA DE TRANSPORTE O COMUNICACIÓN","acc":7,"acc_desc":"PRECISA","rst":2,"rst_desc":"SUELTO/NO PAVIMENTO","typ":1,"typ_desc":"VÍA","hct":15,"hct_desc":"RUTA SECUNDARIA","wtc":1,"wtc_desc":"TODO EL AÑO","loc":44,"loc_desc":"EN CONTACTO CON LA SUPERFICIE DE LA TIERRA","ltn":1,"mes":0,"mes_desc":"NO EXISTE","tuc":45,"tuc_desc":"GENERAL","txt":null,"SHAPE_Leng":396.409422779,"Shape_Le_1":396.409422779},"geometry":{"type":"LineString","coordinates":[[-79.31795511893775,-2.492665712699665],[-79.3209128466031,-2.492923804747434],[-79.32146048735906,-2.493153391548231]]}},{"type":"Feature","properties":{"fcode":"AP030","descripcio":"SISTEMA DE TRANSPORTE O COMUNICACIÓN","acc":7,"acc_desc":"PRECISA","rst":8,"rst_desc":"TEMPORAL","typ":1,"typ_desc":"VÍA","hct":4,"hct_desc":"RUTA LOCAL","wtc":2,"wtc_desc":"ÉPOCA SECA","loc":44,"loc_desc":"EN CONTACTO CON LA SUPERFICIE DE LA TIERRA","ltn":-32767,"mes":0,"mes_desc":"NO EXISTE","tuc":45,"tuc_desc":"GENERAL","txt":null,"SHAPE_Leng":342.628213229,"Shape_Le_1":342.628213229},"geometry":{"type":"LineString","coordinates":[[-79.32146048735906,-2.493153391548231],[-79.32132756057747,-2.490057807798963]]}},{"type":"Feature","properties":{"fcode":"AP030","descripcio":"SISTEMA DE TRANSPORTE O COMUNICACIÓN","acc":7,"acc_desc":"PRECISA","rst":2,"rst_desc":"SUELTO/NO PAVIMENTO","typ":1,"typ_desc":"VÍA","hct":15,"hct_desc":"RUTA SECUNDARIA","wtc":1,"wtc_desc":"TODO EL AÑO","loc":44,"loc_desc":"EN CONTACTO CON LA SUPERFICIE DE LA TIERRA","ltn":1,"mes":0,"mes_desc":"NO EXISTE","tuc":45,"tuc_desc":"GENERAL","txt":null,"SHAPE_Leng":1135.70354261,"Shape_Le_1":1135.70354261},"geometry":{"type":"LineString","coordinates":[[-79.31587021043555,-2.491680457634236],[-79.31617920683553,-2.491917726027864],[-79.31746785911729,-2.492611098622988],[-79.31795511893775,-2.492665712699665]]}},{"type":"Feature","properties":{"fcode":"AP030","descripcio":"SISTEMA DE TRANSPORTE O COMUNICACIÓN","acc":7,"acc_desc":"PRECISA","rst":8,"rst_desc":"TEMPORAL","typ":1,"typ_desc":"VÍA","hct":4,"hct_desc":"RUTA LOCAL","wtc":2,"wtc_desc":"ÉPOCA SECA","loc":44,"loc_desc":"EN CONTACTO CON LA SUPERFICIE DE LA TIERRA","ltn":-32767,"mes":0,"mes_desc":"NO EXISTE","tuc":45,"tuc_desc":"GENERAL","txt":null,"SHAPE_Leng":1171.99677877,"Shape_Le_1":1171.99677877},"geometry":{"type":"LineString","coordinates":[[-79.31669907081995,-2.488345802168287],[-79.31755498823046,-2.491121428807443],[-79.31795511893775,-2.492665712699665]]}},{"type":"Feature","properties":{"fcode":"AP030","descripcio":"SISTEMA DE TRANSPORTE O COMUNICACIÓN","acc":7,"acc_desc":"PRECISA","rst":2,"rst_desc":"SUELTO/NO PAVIMENTO","typ":1,"typ_desc":"VÍA","hct":15,"hct_desc":"RUTA SECUNDARIA","wtc":1,"wtc_desc":"TODO EL AÑO","loc":44,"loc_desc":"EN CONTACTO CON LA SUPERFICIE DE LA TIERRA","ltn":1,"mes":0,"mes_desc":"NO EXISTE","tuc":45,"tuc_desc":"GENERAL","txt":null,"SHAPE_Leng":540.523900934,"Shape_Le_1":540.523900934},"geometry":{"type":"LineString","coordinates":[[-79.34412125605219,-2.490092768436954],[-79.34441971911701,-2.49402013156742],[-79.34462230707545,-2.494946246493659]]}},{"type":"Feature","properties":{"fcode":"AP030","descripcio":"SISTEMA DE TRANSPORTE O COMUNICACIÓN","acc":7,"acc_desc":"PRECISA","rst":2,"rst_desc":"SUELTO/NO PAVIMENTO","typ":1,"typ_desc":"VÍA","hct":15,"hct_desc":"RUTA SECUNDARIA","wtc":1,"wtc_desc":"TODO EL AÑO","loc":44,"loc_desc":"EN CONTACTO CON LA SUPERFICIE DE LA TIERRA","ltn":1,"mes":0,"mes_desc":"NO EXISTE","tuc":45,"tuc_desc":"GENERAL","txt":null,"SHAPE_Leng":37.0307574866,"Shape_Le_1":37.0307574866},"geometry":{"type":"LineString","coordinates":[[-79.344079321323,-2.489760553109666],[-79.34412125605219,-2.490092768436954]]}},{"type":"Feature","properties":{"fcode":"AP030","descripcio":"SISTEMA DE TRANSPORTE O COMUNICACIÓN","acc":7,"acc_desc":"PRECISA","rst":2,"rst_desc":"SUELTO/NO PAVIMENTO","typ":1,"typ_desc":"VÍA","hct":15,"hct_desc":"RUTA SECUNDARIA","wtc":1,"wtc_desc":"TODO EL AÑO","loc":44,"loc_desc":"EN CONTACTO CON LA SUPERFICIE DE LA TIERRA","ltn":1,"mes":0,"mes_desc":"NO EXISTE","tuc":45,"tuc_desc":"GENERAL","txt":null,"SHAPE_Leng":1356.67636845,"Shape_Le_1":1356.67636845},"geometry":{"type":"LineString","coordinates":[[-79.34341739803695,-2.486067136130855],[-79.3422121272349,-2.487056041959162],[-79.34063019113862,-2.488559848873857],[-79.33729137820947,-2.491175470918852],[-79.33612115767869,-2.492027674429098],[-79.33463081368174,-2.492831177469407],[-79.33362627390314,-2.493277181272162]]}},{"type":"Feature","properties":{"fcode":"AP030","descripcio":"SISTEMA DE TRANSPORTE O COMUNICACIÓN","acc":7,"acc_desc":"PRECISA","rst":2,"rst_desc":"SUELTO/NO PAVIMENTO","typ":1,"typ_desc":"VÍA","hct":15,"hct_desc":"RUTA SECUNDARIA","wtc":1,"wtc_desc":"TODO EL AÑO","loc":44,"loc_desc":"EN CONTACTO CON LA SUPERFICIE DE LA TIERRA","ltn":1,"mes":0,"mes_desc":"NO EXISTE","tuc":45,"tuc_desc":"GENERAL","txt":null,"SHAPE_Leng":415.149414399,"Shape_Le_1":415.149414399},"geometry":{"type":"LineString","coordinates":[[-79.34341739803695,-2.486067136130855],[-79.344079321323,-2.489760553109666]]}},{"type":"Feature","properties":{"fcode":"AP030","descripcio":"SISTEMA DE TRANSPORTE O COMUNICACIÓN","acc":7,"acc_desc":"PRECISA","rst":2,"rst_desc":"SUELTO/NO PAVIMENTO","typ":1,"typ_desc":"VÍA","hct":15,"hct_desc":"RUTA SECUNDARIA","wtc":1,"wtc_desc":"TODO EL AÑO","loc":44,"loc_desc":"EN CONTACTO CON LA SUPERFICIE DE LA TIERRA","ltn":1,"mes":0,"mes_desc":"NO EXISTE","tuc":45,"tuc_desc":"GENERAL","txt":null,"SHAPE_Leng":61.1489010513,"Shape_Le_1":61.1489010513},"geometry":{"type":"LineString","coordinates":[[-79.34341739803695,-2.486067136130855],[-79.3433695316108,-2.48551624527453]]}},{"type":"Feature","properties":{"fcode":"AP030","descripcio":"SISTEMA DE TRANSPORTE O COMUNICACIÓN","acc":7,"acc_desc":"PRECISA","rst":2,"rst_desc":"SUELTO/NO PAVIMENTO","typ":1,"typ_desc":"VÍA","hct":15,"hct_desc":"RUTA SECUNDARIA","wtc":1,"wtc_desc":"TODO EL AÑO","loc":44,"loc_desc":"EN CONTACTO CON LA SUPERFICIE DE LA TIERRA","ltn":1,"mes":0,"mes_desc":"NO EXISTE","tuc":45,"tuc_desc":"GENERAL","txt":null,"SHAPE_Leng":519.260071615,"Shape_Le_1":519.260071615},"geometry":{"type":"LineString","coordinates":[[-79.3433695316108,-2.48551624527453],[-79.34322421611432,-2.482786959867678],[-79.34288305985,-2.480857131493212]]}},{"type":"Feature","properties":{"fcode":"AP030","descripcio":"SISTEMA DE TRANSPORTE O COMUNICACIÓN","acc":7,"acc_desc":"PRECISA","rst":2,"rst_desc":"SUELTO/NO PAVIMENTO","typ":1,"typ_desc":"VÍA","hct":15,"hct_desc":"RUTA SECUNDARIA","wtc":1,"wtc_desc":"TODO EL AÑO","loc":44,"loc_desc":"EN CONTACTO CON LA SUPERFICIE DE LA TIERRA","ltn":1,"mes":0,"mes_desc":"NO EXISTE","tuc":45,"tuc_desc":"GENERAL","txt":null,"SHAPE_Leng":2421.91195681,"Shape_Le_1":2421.91195681},"geometry":{"type":"LineString","coordinates":[[-79.35647850424434,-2.486652290977783],[-79.35587747813348,-2.485956462030165],[-79.35092720376106,-2.479609213250218],[-79.34970919266937,-2.478189684816813],[-79.34798477677028,-2.476419091573691],[-79.34420342813988,-2.472686223371086],[-79.34200519272252,-2.470330566441707]]}},{"type":"Feature","properties":{"fcode":"AP030","descripcio":"SISTEMA DE TRANSPORTE O COMUNICACIÓN","acc":7,"acc_desc":"PRECISA","rst":2,"rst_desc":"SUELTO/NO PAVIMENTO","typ":1,"typ_desc":"VÍA","hct":15,"hct_desc":"RUTA SECUNDARIA","wtc":1,"wtc_desc":"TODO EL AÑO","loc":44,"loc_desc":"EN CONTACTO CON LA SUPERFICIE DE LA TIERRA","ltn":1,"mes":0,"mes_desc":"NO EXISTE","tuc":45,"tuc_desc":"GENERAL","txt":null,"SHAPE_Leng":1187.60719083,"Shape_Le_1":1187.60719083},"geometry":{"type":"LineString","coordinates":[[-79.34288305985,-2.480857131493212],[-79.34243396497811,-2.479394347061292],[-79.3416948270009,-2.477484366394974],[-79.34134241080828,-2.476871326773312],[-79.3394654780034,-2.474196477070834],[-79.33777954022045,-2.471509661609872]]}},{"type":"Feature","properties":{"fcode":"AP030","descripcio":"SISTEMA DE TRANSPORTE O COMUNICACIÓN","acc":7,"acc_desc":"PRECISA","rst":2,"rst_desc":"SUELTO/NO PAVIMENTO","typ":1,"typ_desc":"VÍA","hct":15,"hct_desc":"RUTA SECUNDARIA","wtc":1,"wtc_desc":"TODO EL AÑO","loc":44,"loc_desc":"EN CONTACTO CON LA SUPERFICIE DE LA TIERRA","ltn":1,"mes":0,"mes_desc":"NO EXISTE","tuc":45,"tuc_desc":"GENERAL","txt":null,"SHAPE_Leng":616.580576019,"Shape_Le_1":616.580576019},"geometry":{"type":"LineString","coordinates":[[-79.33777954022045,-2.471509661609872],[-79.33709476711189,-2.471725296704123],[-79.33257704884531,-2.473433124857134]]}},{"type":"Feature","properties":{"fcode":"AP030","descripcio":"SISTEMA DE TRANSPORTE O COMUNICACIÓN","acc":7,"acc_desc":"PRECISA","rst":2,"rst_desc":"SUELTO/NO PAVIMENTO","typ":1,"typ_desc":"VÍA","hct":15,"hct_desc":"RUTA SECUNDARIA","wtc":1,"wtc_desc":"TODO EL AÑO","loc":44,"loc_desc":"EN CONTACTO CON LA SUPERFICIE DE LA TIERRA","ltn":1,"mes":0,"mes_desc":"NO EXISTE","tuc":45,"tuc_desc":"GENERAL","txt":null,"SHAPE_Leng":488.815607878,"Shape_Le_1":488.815607878},"geometry":{"type":"LineString","coordinates":[[-79.34200519272252,-2.470330566441707],[-79.34087347673933,-2.470535514863633],[-79.33777954022045,-2.471509661609872]]}},{"type":"Feature","properties":{"fcode":"AP030","descripcio":"SISTEMA DE TRANSPORTE O COMUNICACIÓN","acc":7,"acc_desc":"PRECISA","rst":2,"rst_desc":"SUELTO/NO PAVIMENTO","typ":1,"typ_desc":"VÍA","hct":15,"hct_desc":"RUTA SECUNDARIA","wtc":1,"wtc_desc":"TODO EL AÑO","loc":44,"loc_desc":"EN CONTACTO CON LA SUPERFICIE DE LA TIERRA","ltn":1,"mes":0,"mes_desc":"NO EXISTE","tuc":45,"tuc_desc":"GENERAL","txt":null,"SHAPE_Leng":540.568900189,"Shape_Le_1":540.568900189},"geometry":{"type":"LineString","coordinates":[[-79.41391443088226,-2.488479681348823],[-79.41453667505851,-2.489067186833763],[-79.41498215594464,-2.489342381618323],[-79.41675334129931,-2.489949905238549],[-79.41824604892471,-2.490562608084351]]}},{"type":"Feature","properties":{"fcode":"AP030","descripcio":"SISTEMA DE TRANSPORTE O COMUNICACIÓN","acc":7,"acc_desc":"PRECISA","rst":2,"rst_desc":"SUELTO/NO PAVIMENTO","typ":1,"typ_desc":"VÍA","hct":15,"hct_desc":"RUTA SECUNDARIA","wtc":1,"wtc_desc":"TODO EL AÑO","loc":44,"loc_desc":"EN CONTACTO CON LA SUPERFICIE DE LA TIERRA","ltn":1,"mes":0,"mes_desc":"NO EXISTE","tuc":45,"tuc_desc":"GENERAL","txt":null,"SHAPE_Leng":681.988022061,"Shape_Le_1":681.988022061},"geometry":{"type":"LineString","coordinates":[[-79.40850275997465,-2.485865392182425],[-79.40968600120928,-2.48681957407313],[-79.41050459673123,-2.487201665094887],[-79.41146828648752,-2.487460666546665],[-79.41262328280148,-2.48767603723579],[-79.41320073901662,-2.487894326235575],[-79.41391443088226,-2.488479681348823]]}},{"type":"Feature","properties":{"fcode":"AP030","descripcio":"SISTEMA DE TRANSPORTE O COMUNICACIÓN","acc":7,"acc_desc":"PRECISA","rst":2,"rst_desc":"SUELTO/NO PAVIMENTO","typ":1,"typ_desc":"VÍA","hct":15,"hct_desc":"RUTA SECUNDARIA","wtc":1,"wtc_desc":"TODO EL AÑO","loc":44,"loc_desc":"EN CONTACTO CON LA SUPERFICIE DE LA TIERRA","ltn":1,"mes":0,"mes_desc":"NO EXISTE","tuc":45,"tuc_desc":"GENERAL","txt":null,"SHAPE_Leng":484.476059221,"Shape_Le_1":484.476059221},"geometry":{"type":"LineString","coordinates":[[-79.40812033144192,-2.48595093363061],[-79.40760014491515,-2.485966129232406],[-79.40716218088366,-2.486174144264749],[-79.40628568252399,-2.487065144516984],[-79.40530564085793,-2.487921199589965],[-79.40477947954547,-2.48811942927713],[-79.40453419518832,-2.488112348274581]]}},{"type":"Feature","properties":{"fcode":"AP030","descripcio":"SISTEMA DE TRANSPORTE O COMUNICACIÓN","acc":7,"acc_desc":"PRECISA","rst":8,"rst_desc":"TEMPORAL","typ":1,"typ_desc":"VÍA","hct":4,"hct_desc":"RUTA LOCAL","wtc":2,"wtc_desc":"ÉPOCA SECA","loc":44,"loc_desc":"EN CONTACTO CON LA SUPERFICIE DE LA TIERRA","ltn":-32767,"mes":0,"mes_desc":"NO EXISTE","tuc":45,"tuc_desc":"GENERAL","txt":null,"SHAPE_Leng":548.895604711,"Shape_Le_1":548.895604711},"geometry":{"type":"LineString","coordinates":[[-79.41482329407442,-2.483749945679911],[-79.41452775766523,-2.484562072410121],[-79.41435549251916,-2.485603785533032],[-79.4145247455698,-2.487085614165065],[-79.41446719014807,-2.487544420375384],[-79.41391443088226,-2.488479681348823]]}},{"type":"Feature","properties":{"fcode":"AP030","descripcio":"SISTEMA DE TRANSPORTE O COMUNICACIÓN","acc":7,"acc_desc":"PRECISA","rst":2,"rst_desc":"SUELTO/NO PAVIMENTO","typ":1,"typ_desc":"VÍA","hct":15,"hct_desc":"RUTA SECUNDARIA","wtc":1,"wtc_desc":"TODO EL AÑO","loc":44,"loc_desc":"EN CONTACTO CON LA SUPERFICIE DE LA TIERRA","ltn":1,"mes":0,"mes_desc":"NO EXISTE","tuc":45,"tuc_desc":"GENERAL","txt":null,"SHAPE_Leng":1052.5634076,"Shape_Le_1":1052.5634076},"geometry":{"type":"LineString","coordinates":[[-79.42055823963334,-2.481521791713423],[-79.42066663980947,-2.481858256939325],[-79.42064550221151,-2.482470128041421],[-79.42041895302664,-2.482964907773748],[-79.42008363923848,-2.483278592309449],[-79.41997115452838,-2.483504278118033],[-79.41953814983064,-2.485968977244526],[-79.41890075636019,-2.487680722626549],[-79.4188630371843,-2.487943938923477],[-79.41860023452831,-2.488827732969729],[-79.41824604892471,-2.490562608084351]]}},{"type":"Feature","properties":{"fcode":"AP030","descripcio":"SISTEMA DE TRANSPORTE O COMUNICACIÓN","acc":7,"acc_desc":"PRECISA","rst":2,"rst_desc":"SUELTO/NO PAVIMENTO","typ":1,"typ_desc":"VÍA","hct":15,"hct_desc":"RUTA SECUNDARIA","wtc":1,"wtc_desc":"TODO EL AÑO","loc":44,"loc_desc":"EN CONTACTO CON LA SUPERFICIE DE LA TIERRA","ltn":1,"mes":0,"mes_desc":"NO EXISTE","tuc":45,"tuc_desc":"GENERAL","txt":null,"SHAPE_Leng":44.7654801459,"Shape_Le_1":44.7654801459},"geometry":{"type":"LineString","coordinates":[[-79.40850275997465,-2.485865392182425],[-79.40836032768001,-2.485943899224878],[-79.40812033144192,-2.48595093363061]]}},{"type":"Feature","properties":{"fcode":"AP030","descripcio":"SISTEMA DE TRANSPORTE O COMUNICACIÓN","acc":7,"acc_desc":"PRECISA","rst":2,"rst_desc":"SUELTO/NO PAVIMENTO","typ":1,"typ_desc":"VÍA","hct":15,"hct_desc":"RUTA SECUNDARIA","wtc":1,"wtc_desc":"TODO EL AÑO","loc":44,"loc_desc":"EN CONTACTO CON LA SUPERFICIE DE LA TIERRA","ltn":1,"mes":0,"mes_desc":"NO EXISTE","tuc":45,"tuc_desc":"GENERAL","txt":null,"SHAPE_Leng":1729.92181249,"Shape_Le_1":1729.92181249},"geometry":{"type":"LineString","coordinates":[[-79.41814895051023,-2.475661301262621],[-79.41782848985865,-2.476038852330575],[-79.41777068220357,-2.476258906227694],[-79.41730890556462,-2.477138754332229],[-79.41699744441968,-2.477509080674095],[-79.41655951099641,-2.477693949829193],[-79.4161669197765,-2.478539152144347],[-79.4157398615157,-2.479256887151777],[-79.41515178920294,-2.479800608460306],[-79.41247756583526,-2.481546701148391],[-79.41167099425485,-2.481789001805766],[-79.41006988642691,-2.481833461174192],[-79.40939006959624,-2.482099065011973],[-79.40919415535593,-2.482237828871253],[-79.40907873685615,-2.482434659837344],[-79.40864867756841,-2.485654671273915],[-79.40857869977496,-2.485823612156196],[-79.40850275997465,-2.485865392182425]]}},{"type":"Feature","properties":{"fcode":"AP030","descripcio":"SISTEMA DE TRANSPORTE O COMUNICACIÓN","acc":7,"acc_desc":"PRECISA","rst":8,"rst_desc":"TEMPORAL","typ":1,"typ_desc":"VÍA","hct":4,"hct_desc":"RUTA LOCAL","wtc":2,"wtc_desc":"ÉPOCA SECA","loc":44,"loc_desc":"EN CONTACTO CON LA SUPERFICIE DE LA TIERRA","ltn":-32767,"mes":0,"mes_desc":"NO EXISTE","tuc":45,"tuc_desc":"GENERAL","txt":null,"SHAPE_Leng":956.543015408,"Shape_Le_1":956.543015408},"geometry":{"type":"LineString","coordinates":[[-79.42473440077136,-2.478285442015598],[-79.42615004510951,-2.479358182237468],[-79.42621685415581,-2.479585892556956],[-79.42619978059024,-2.479805091935151],[-79.42611584839695,-2.479914601469751],[-79.4259732103327,-2.480015630124246],[-79.42521015503394,-2.480107505880536],[-79.42477378848669,-2.480410581170486],[-79.42333036221578,-2.481614559725878],[-79.42308708682481,-2.481732288464752],[-79.42286067587153,-2.48173201699203],[-79.42219187386166,-2.481427617742647],[-79.42180477152831,-2.481359777791185],[-79.42129331416191,-2.481367665155041],[-79.42055823963334,-2.481521791713423]]}},{"type":"Feature","properties":{"fcode":"AP030","descripcio":"SISTEMA DE TRANSPORTE O COMUNICACIÓN","acc":7,"acc_desc":"PRECISA","rst":2,"rst_desc":"SUELTO/NO PAVIMENTO","typ":1,"typ_desc":"VÍA","hct":15,"hct_desc":"RUTA SECUNDARIA","wtc":1,"wtc_desc":"TODO EL AÑO","loc":44,"loc_desc":"EN CONTACTO CON LA SUPERFICIE DE LA TIERRA","ltn":1,"mes":0,"mes_desc":"NO EXISTE","tuc":45,"tuc_desc":"GENERAL","txt":null,"SHAPE_Leng":908.424129994,"Shape_Le_1":908.424129994},"geometry":{"type":"LineString","coordinates":[[-79.41814895051023,-2.475661301262621],[-79.41838824099828,-2.476703511523522],[-79.41844485784156,-2.477638696726248],[-79.41835074223721,-2.478221901530953],[-79.4178633119016,-2.479275176664382],[-79.417713162889,-2.47971922196269],[-79.4177499867814,-2.480208529521863],[-79.4178245290526,-2.480434439931528],[-79.41791777399803,-2.480660372839894],[-79.41832887453415,-2.480886687910207],[-79.41855314970806,-2.480943390112057],[-79.41980607170771,-2.480850750697035],[-79.42014242918053,-2.481020543014628],[-79.42051595474537,-2.48139042647666],[-79.42055823963334,-2.481521791713423]]}},{"type":"Feature","properties":{"fcode":"AP030","descripcio":"SISTEMA DE TRANSPORTE O COMUNICACIÓN","acc":7,"acc_desc":"PRECISA","rst":2,"rst_desc":"SUELTO/NO PAVIMENTO","typ":1,"typ_desc":"VÍA","hct":15,"hct_desc":"RUTA SECUNDARIA","wtc":1,"wtc_desc":"TODO EL AÑO","loc":44,"loc_desc":"EN CONTACTO CON LA SUPERFICIE DE LA TIERRA","ltn":1,"mes":0,"mes_desc":"NO EXISTE","tuc":45,"tuc_desc":"GENERAL","txt":null,"SHAPE_Leng":78.2321302941,"Shape_Le_1":78.2321302941},"geometry":{"type":"LineString","coordinates":[[-79.4179914252921,-2.474971802553431],[-79.41814895051023,-2.475661301262621]]}},{"type":"Feature","properties":{"fcode":"AP030","descripcio":"SISTEMA DE TRANSPORTE O COMUNICACIÓN","acc":7,"acc_desc":"PRECISA","rst":8,"rst_desc":"TEMPORAL","typ":1,"typ_desc":"VÍA","hct":4,"hct_desc":"RUTA LOCAL","wtc":2,"wtc_desc":"ÉPOCA SECA","loc":44,"loc_desc":"EN CONTACTO CON LA SUPERFICIE DE LA TIERRA","ltn":-32767,"mes":0,"mes_desc":"NO EXISTE","tuc":45,"tuc_desc":"GENERAL","txt":null,"SHAPE_Leng":637.864526518,"Shape_Le_1":637.864526518},"geometry":{"type":"LineString","coordinates":[[-79.36598590376347,-2.485265500159528],[-79.36786651331879,-2.489474585464027],[-79.36819600054967,-2.490247578572378],[-79.3682773623396,-2.490549188910225]]}},{"type":"Feature","properties":{"fcode":"AP030","descripcio":"SISTEMA DE TRANSPORTE O COMUNICACIÓN","acc":7,"acc_desc":"PRECISA","rst":2,"rst_desc":"SUELTO/NO PAVIMENTO","typ":1,"typ_desc":"VÍA","hct":15,"hct_desc":"RUTA SECUNDARIA","wtc":1,"wtc_desc":"TODO EL AÑO","loc":44,"loc_desc":"EN CONTACTO CON LA SUPERFICIE DE LA TIERRA","ltn":1,"mes":0,"mes_desc":"NO EXISTE","tuc":45,"tuc_desc":"GENERAL","txt":null,"SHAPE_Leng":213.47724091,"Shape_Le_1":213.47724091},"geometry":{"type":"LineString","coordinates":[[-79.35767358052787,-2.488160419739792],[-79.35715872208239,-2.487439828979038],[-79.35647850424434,-2.486652290977783]]}},{"type":"Feature","properties":{"fcode":"AP030","descripcio":"SISTEMA DE TRANSPORTE O COMUNICACIÓN","acc":7,"acc_desc":"PRECISA","rst":8,"rst_desc":"TEMPORAL","typ":1,"typ_desc":"VÍA","hct":4,"hct_desc":"RUTA LOCAL","wtc":2,"wtc_desc":"ÉPOCA SECA","loc":44,"loc_desc":"EN CONTACTO CON LA SUPERFICIE DE LA TIERRA","ltn":-32767,"mes":0,"mes_desc":"NO EXISTE","tuc":45,"tuc_desc":"GENERAL","txt":null,"SHAPE_Leng":23.960003968,"Shape_Le_1":23.960003968},"geometry":{"type":"LineString","coordinates":[[-79.36589902012119,-2.48506725001187],[-79.36598590376347,-2.485265500159528]]}},{"type":"Feature","properties":{"fcode":"AP030","descripcio":"SISTEMA DE TRANSPORTE O COMUNICACIÓN","acc":7,"acc_desc":"PRECISA","rst":2,"rst_desc":"SUELTO/NO PAVIMENTO","typ":1,"typ_desc":"VÍA","hct":15,"hct_desc":"RUTA SECUNDARIA","wtc":1,"wtc_desc":"TODO EL AÑO","loc":44,"loc_desc":"EN CONTACTO CON LA SUPERFICIE DE LA TIERRA","ltn":1,"mes":0,"mes_desc":"NO EXISTE","tuc":45,"tuc_desc":"GENERAL","txt":null,"SHAPE_Leng":1448.04953255,"Shape_Le_1":1448.04953255},"geometry":{"type":"LineString","coordinates":[[-79.36821541950853,-2.478238697408583],[-79.36887479677688,-2.484738691887791],[-79.36954893637949,-2.489385972690461],[-79.36954863466107,-2.48963141205409],[-79.3694612481494,-2.48984174488231],[-79.36895520242807,-2.490209274874096],[-79.3682773623396,-2.490549188910225]]}},{"type":"Feature","properties":{"fcode":"AP030","descripcio":"SISTEMA DE TRANSPORTE O COMUNICACIÓN","acc":7,"acc_desc":"PRECISA","rst":2,"rst_desc":"SUELTO/NO PAVIMENTO","typ":1,"typ_desc":"VÍA","hct":15,"hct_desc":"RUTA SECUNDARIA","wtc":1,"wtc_desc":"TODO EL AÑO","loc":44,"loc_desc":"EN CONTACTO CON LA SUPERFICIE DE LA TIERRA","ltn":1,"mes":0,"mes_desc":"NO EXISTE","tuc":45,"tuc_desc":"GENERAL","txt":null,"SHAPE_Leng":1548.55212605,"Shape_Le_1":1548.55212605},"geometry":{"type":"LineString","coordinates":[[-79.36821541950853,-2.478238697408583],[-79.36885743955179,-2.478874524922564],[-79.36941864345282,-2.479937465912242],[-79.37042671265968,-2.48167053960752],[-79.37215833584597,-2.483104447853296],[-79.37249078172428,-2.483520497964042],[-79.37260536268575,-2.483716973865878],[-79.37265090830327,-2.48397106171198],[-79.37266155506556,-2.484675381376916],[-79.37274113815698,-2.485402847342902],[-79.37297009725962,-2.485888042658402],[-79.3736917428719,-2.487147428416793],[-79.37515845094471,-2.489343015935216],[-79.37548424956711,-2.48975516996007]]}},{"type":"Feature","properties":{"fcode":"AP030","descripcio":"SISTEMA DE TRANSPORTE O COMUNICACIÓN","acc":7,"acc_desc":"PRECISA","rst":8,"rst_desc":"TEMPORAL","typ":1,"typ_desc":"VÍA","hct":4,"hct_desc":"RUTA LOCAL","wtc":2,"wtc_desc":"ÉPOCA SECA","loc":44,"loc_desc":"EN CONTACTO CON LA SUPERFICIE DE LA TIERRA","ltn":-32767,"mes":0,"mes_desc":"NO EXISTE","tuc":45,"tuc_desc":"GENERAL","txt":null,"SHAPE_Leng":469.889146659,"Shape_Le_1":469.889146659},"geometry":{"type":"LineString","coordinates":[[-79.36377605883291,-2.481400565582992],[-79.36545243501402,-2.484099225970775],[-79.36589902012119,-2.48506725001187]]}},{"type":"Feature","properties":{"fcode":"AP030","descripcio":"SISTEMA DE TRANSPORTE O COMUNICACIÓN","acc":7,"acc_desc":"PRECISA","rst":8,"rst_desc":"TEMPORAL","typ":1,"typ_desc":"VÍA","hct":4,"hct_desc":"RUTA LOCAL","wtc":2,"wtc_desc":"ÉPOCA SECA","loc":44,"loc_desc":"EN CONTACTO CON LA SUPERFICIE DE LA TIERRA","ltn":-32767,"mes":0,"mes_desc":"NO EXISTE","tuc":45,"tuc_desc":"GENERAL","txt":null,"SHAPE_Leng":512.31412717,"Shape_Le_1":512.31412717},"geometry":{"type":"LineString","coordinates":[[-79.36083905029287,-2.477857491136797],[-79.36193946177441,-2.478919926284901],[-79.36258158853109,-2.479684352909302],[-79.36310785912252,-2.480340837778556],[-79.36377605883291,-2.481400565582992]]}},{"type":"Feature","properties":{"fcode":"AP030","descripcio":"SISTEMA DE TRANSPORTE O COMUNICACIÓN","acc":7,"acc_desc":"PRECISA","rst":2,"rst_desc":"SUELTO/NO PAVIMENTO","typ":1,"typ_desc":"VÍA","hct":15,"hct_desc":"RUTA SECUNDARIA","wtc":1,"wtc_desc":"TODO EL AÑO","loc":44,"loc_desc":"EN CONTACTO CON LA SUPERFICIE DE LA TIERRA","ltn":1,"mes":0,"mes_desc":"NO EXISTE","tuc":45,"tuc_desc":"GENERAL","txt":null,"SHAPE_Leng":265.386785198,"Shape_Le_1":265.386785198},"geometry":{"type":"LineString","coordinates":[[-79.36796703104403,-2.475851729305869],[-79.36821541950853,-2.478238697408583]]}},{"type":"Feature","properties":{"fcode":"AP030","descripcio":"SISTEMA DE TRANSPORTE O COMUNICACIÓN","acc":7,"acc_desc":"PRECISA","rst":2,"rst_desc":"SUELTO/NO PAVIMENTO","typ":1,"typ_desc":"VÍA","hct":15,"hct_desc":"RUTA SECUNDARIA","wtc":1,"wtc_desc":"TODO EL AÑO","loc":44,"loc_desc":"EN CONTACTO CON LA SUPERFICIE DE LA TIERRA","ltn":1,"mes":0,"mes_desc":"NO EXISTE","tuc":45,"tuc_desc":"GENERAL","txt":null,"SHAPE_Leng":388.921235514,"Shape_Le_1":388.921235514},"geometry":{"type":"LineString","coordinates":[[-79.37095192843366,-2.477682565051997],[-79.36947543522146,-2.476732801905529],[-79.36796703104403,-2.475851729305869]]}},{"type":"Feature","properties":{"fcode":"AP030","descripcio":"SISTEMA DE TRANSPORTE O COMUNICACIÓN","acc":7,"acc_desc":"PRECISA","rst":2,"rst_desc":"SUELTO/NO PAVIMENTO","typ":1,"typ_desc":"VÍA","hct":15,"hct_desc":"RUTA SECUNDARIA","wtc":1,"wtc_desc":"TODO EL AÑO","loc":44,"loc_desc":"EN CONTACTO CON LA SUPERFICIE DE LA TIERRA","ltn":1,"mes":0,"mes_desc":"NO EXISTE","tuc":45,"tuc_desc":"GENERAL","txt":null,"SHAPE_Leng":995.334152965,"Shape_Le_1":995.334152965},"geometry":{"type":"LineString","coordinates":[[-79.36083905029287,-2.477857491136797],[-79.36223347413807,-2.476730966336937],[-79.36442515566668,-2.474804720886096],[-79.36754072920836,-2.471896857502823]]}},{"type":"Feature","properties":{"fcode":"AP030","descripcio":"SISTEMA DE TRANSPORTE O COMUNICACIÓN","acc":7,"acc_desc":"PRECISA","rst":8,"rst_desc":"TEMPORAL","typ":1,"typ_desc":"VÍA","hct":4,"hct_desc":"RUTA LOCAL","wtc":2,"wtc_desc":"ÉPOCA SECA","loc":44,"loc_desc":"EN CONTACTO CON LA SUPERFICIE DE LA TIERRA","ltn":-32767,"mes":0,"mes_desc":"NO EXISTE","tuc":45,"tuc_desc":"GENERAL","txt":null,"SHAPE_Leng":1599.42771872,"Shape_Le_1":1599.42771872},"geometry":{"type":"LineString","coordinates":[[-79.39684451366456,-2.488200644607424],[-79.39690497671202,-2.488019304059835],[-79.39708597613999,-2.487872295541645],[-79.39808515695205,-2.487475235905354],[-79.39844706145063,-2.487259173922535],[-79.39865428452157,-2.486765736733223],[-79.39876816172566,-2.485163711557589],[-79.39898402618019,-2.484661693123785],[-79.39944105966833,-2.484073421060178],[-79.40010442430042,-2.483805724265138],[-79.40075028904383,-2.483659370894045],[-79.40095722498644,-2.483477755704608],[-79.40210402403108,-2.482050259305918],[-79.402199045184,-2.481842552480341],[-79.40225123951858,-2.48135751635293],[-79.4019872710984,-2.480437640992],[-79.4017814122753,-2.480022289124383],[-79.40135045023887,-2.479493347495292],[-79.4009001968409,-2.479455088785814],[-79.4001464306773,-2.479979425629261],[-79.39990896290334,-2.479979136957551],[-79.39967168072701,-2.479899264750591],[-79.3988971496422,-2.479446504501507]]}},{"type":"Feature","properties":{"fcode":"AP030","descripcio":"SISTEMA DE TRANSPORTE O COMUNICACIÓN","acc":7,"acc_desc":"PRECISA","rst":8,"rst_desc":"TEMPORAL","typ":1,"typ_desc":"VÍA","hct":4,"hct_desc":"RUTA LOCAL","wtc":2,"wtc_desc":"ÉPOCA SECA","loc":44,"loc_desc":"EN CONTACTO CON LA SUPERFICIE DE LA TIERRA","ltn":-32767,"mes":0,"mes_desc":"NO EXISTE","tuc":45,"tuc_desc":"GENERAL","txt":null,"SHAPE_Leng":647.883497326,"Shape_Le_1":647.883497326},"geometry":{"type":"LineString","coordinates":[[-79.39643315375551,-2.478950268023232],[-79.39622203190808,-2.479845959265368],[-79.39613735079453,-2.480426816217896],[-79.39619966906022,-2.481018342881256],[-79.39644046997343,-2.481610177618188],[-79.39638771727479,-2.481810790556082],[-79.39608287956911,-2.482053329614092],[-79.3953368517441,-2.482422121265309],[-79.39435977843043,-2.482758887095101],[-79.39378120597206,-2.483026503313795]]}},{"type":"Feature","properties":{"fcode":"AP030","descripcio":"SISTEMA DE TRANSPORTE O COMUNICACIÓN","acc":7,"acc_desc":"PRECISA","rst":2,"rst_desc":"SUELTO/NO PAVIMENTO","typ":1,"typ_desc":"VÍA","hct":15,"hct_desc":"RUTA SECUNDARIA","wtc":1,"wtc_desc":"TODO EL AÑO","loc":44,"loc_desc":"EN CONTACTO CON LA SUPERFICIE DE LA TIERRA","ltn":1,"mes":0,"mes_desc":"NO EXISTE","tuc":45,"tuc_desc":"GENERAL","txt":null,"SHAPE_Leng":657.874914718,"Shape_Le_1":657.874914718},"geometry":{"type":"LineString","coordinates":[[-79.39255728162769,-2.477208723877628],[-79.39287435107124,-2.47852793510988],[-79.39367492346499,-2.482655858080546],[-79.39378120597206,-2.483026503313795]]}},{"type":"Feature","properties":{"fcode":"AP030","descripcio":"SISTEMA DE TRANSPORTE O COMUNICACIÓN","acc":7,"acc_desc":"PRECISA","rst":2,"rst_desc":"SUELTO/NO PAVIMENTO","typ":1,"typ_desc":"VÍA","hct":15,"hct_desc":"RUTA SECUNDARIA","wtc":1,"wtc_desc":"TODO EL AÑO","loc":44,"loc_desc":"EN CONTACTO CON LA SUPERFICIE DE LA TIERRA","ltn":1,"mes":0,"mes_desc":"NO EXISTE","tuc":45,"tuc_desc":"GENERAL","txt":null,"SHAPE_Leng":285.431790654,"Shape_Le_1":285.431790654},"geometry":{"type":"LineString","coordinates":[[-79.3988971496422,-2.479446504501507],[-79.39842606345913,-2.479161419849834],[-79.39760528245868,-2.478961462065081],[-79.39643315375551,-2.478950268023232]]}},{"type":"Feature","properties":{"fcode":"AP030","descripcio":"SISTEMA DE TRANSPORTE O COMUNICACIÓN","acc":7,"acc_desc":"PRECISA","rst":2,"rst_desc":"SUELTO/NO PAVIMENTO","typ":1,"typ_desc":"VÍA","hct":15,"hct_desc":"RUTA SECUNDARIA","wtc":1,"wtc_desc":"TODO EL AÑO","loc":44,"loc_desc":"EN CONTACTO CON LA SUPERFICIE DE LA TIERRA","ltn":1,"mes":0,"mes_desc":"NO EXISTE","tuc":45,"tuc_desc":"GENERAL","txt":null,"SHAPE_Leng":657.04552513,"Shape_Le_1":657.04552513},"geometry":{"type":"LineString","coordinates":[[-79.39643315375551,-2.478950268023232],[-79.39642913060658,-2.478034690056286],[-79.3960341548004,-2.477417255543031],[-79.39524373670372,-2.476570627405541],[-79.39449239737078,-2.476201548151898],[-79.39381961484317,-2.476230572355422],[-79.39302764662548,-2.476746990044993],[-79.39255728162769,-2.477208723877628]]}},{"type":"Feature","properties":{"fcode":"AP030","descripcio":"SISTEMA DE TRANSPORTE O COMUNICACIÓN","acc":7,"acc_desc":"PRECISA","rst":2,"rst_desc":"SUELTO/NO PAVIMENTO","typ":1,"typ_desc":"VÍA","hct":15,"hct_desc":"RUTA SECUNDARIA","wtc":1,"wtc_desc":"TODO EL AÑO","loc":44,"loc_desc":"EN CONTACTO CON LA SUPERFICIE DE LA TIERRA","ltn":1,"mes":0,"mes_desc":"NO EXISTE","tuc":45,"tuc_desc":"GENERAL","txt":null,"SHAPE_Leng":838.112251703,"Shape_Le_1":838.112251703},"geometry":{"type":"LineString","coordinates":[[-79.393963315688,-2.46649307255676],[-79.39334031084688,-2.467679195483761],[-79.39296114803685,-2.468944835519154],[-79.3929605851868,-2.469413201632854],[-79.39308590304094,-2.469881720813045],[-79.39334976582597,-2.470287193903295],[-79.39351321313944,-2.470451985759759],[-79.39355041442104,-2.470920397915989],[-79.39342430515256,-2.471110159681427],[-79.39206381314416,-2.472070649815989],[-79.3913835802934,-2.472614153648276]]}},{"type":"Feature","properties":{"fcode":"AP030","descripcio":"SISTEMA DE TRANSPORTE O COMUNICACIÓN","acc":7,"acc_desc":"PRECISA","rst":8,"rst_desc":"TEMPORAL","typ":1,"typ_desc":"VÍA","hct":4,"hct_desc":"RUTA LOCAL","wtc":2,"wtc_desc":"ÉPOCA SECA","loc":44,"loc_desc":"EN CONTACTO CON LA SUPERFICIE DE LA TIERRA","ltn":-32767,"mes":0,"mes_desc":"NO EXISTE","tuc":45,"tuc_desc":"GENERAL","txt":null,"SHAPE_Leng":762.711876273,"Shape_Le_1":762.711876273},"geometry":{"type":"LineString","coordinates":[[-79.39766273026392,-2.471557630343693],[-79.39721196448798,-2.47097494717303],[-79.39694646605773,-2.470357490186608],[-79.39649685355955,-2.468738503466643],[-79.39633502233632,-2.46857525124241],[-79.39608043293387,-2.46845855143935],[-79.39507350595753,-2.468282607604986],[-79.39458761588087,-2.468049145543552],[-79.3942753872605,-2.467711169576318],[-79.393963315688,-2.46649307255676]]}},{"type":"Feature","properties":{"fcode":"AP030","descripcio":"SISTEMA DE TRANSPORTE O COMUNICACIÓN","acc":7,"acc_desc":"PRECISA","rst":8,"rst_desc":"TEMPORAL","typ":1,"typ_desc":"VÍA","hct":4,"hct_desc":"RUTA LOCAL","wtc":2,"wtc_desc":"ÉPOCA SECA","loc":44,"loc_desc":"EN CONTACTO CON LA SUPERFICIE DE LA TIERRA","ltn":-32767,"mes":0,"mes_desc":"NO EXISTE","tuc":45,"tuc_desc":"GENERAL","txt":null,"SHAPE_Leng":1039.28705219,"Shape_Le_1":1039.28705219},"geometry":{"type":"LineString","coordinates":[[-79.39587659251849,-2.462380288638281],[-79.3946697496812,-2.462538175581166],[-79.39370747162332,-2.462773770703529],[-79.39331819708104,-2.463102665974169],[-79.39305147387748,-2.463658251244329],[-79.39281512740145,-2.464450453114867],[-79.39244571016008,-2.465314660911152],[-79.39178966033312,-2.466240197177599],[-79.39171773877942,-2.46645625112272],[-79.39149067511643,-2.46805144171135],[-79.39134719354598,-2.468257098822052],[-79.39112193571147,-2.468349521356267],[-79.39086607575834,-2.468318281034413],[-79.39034981850527,-2.468141031909663]]}},{"type":"Feature","properties":{"fcode":"AP030","descripcio":"SISTEMA DE TRANSPORTE O COMUNICACIÓN","acc":7,"acc_desc":"PRECISA","rst":2,"rst_desc":"SUELTO/NO PAVIMENTO","typ":1,"typ_desc":"VÍA","hct":15,"hct_desc":"RUTA SECUNDARIA","wtc":1,"wtc_desc":"TODO EL AÑO","loc":44,"loc_desc":"EN CONTACTO CON LA SUPERFICIE DE LA TIERRA","ltn":1,"mes":0,"mes_desc":"NO EXISTE","tuc":45,"tuc_desc":"GENERAL","txt":null,"SHAPE_Leng":502.204650286,"Shape_Le_1":502.204650286},"geometry":{"type":"LineString","coordinates":[[-79.39587659251849,-2.462380288638281],[-79.393963315688,-2.46649307255676]]}},{"type":"Feature","properties":{"fcode":"AP030","descripcio":"SISTEMA DE TRANSPORTE O COMUNICACIÓN","acc":7,"acc_desc":"PRECISA","rst":8,"rst_desc":"TEMPORAL","typ":1,"typ_desc":"VÍA","hct":4,"hct_desc":"RUTA LOCAL","wtc":2,"wtc_desc":"ÉPOCA SECA","loc":44,"loc_desc":"EN CONTACTO CON LA SUPERFICIE DE LA TIERRA","ltn":-32767,"mes":0,"mes_desc":"NO EXISTE","tuc":45,"tuc_desc":"GENERAL","txt":null,"SHAPE_Leng":894.888297803,"Shape_Le_1":894.888297803},"geometry":{"type":"LineString","coordinates":[[-79.40403668648045,-2.464824863391662],[-79.39712284915595,-2.460691638676606]]}},{"type":"Feature","properties":{"fcode":"AP030","descripcio":"SISTEMA DE TRANSPORTE O COMUNICACIÓN","acc":7,"acc_desc":"PRECISA","rst":2,"rst_desc":"SUELTO/NO PAVIMENTO","typ":1,"typ_desc":"VÍA","hct":15,"hct_desc":"RUTA SECUNDARIA","wtc":1,"wtc_desc":"TODO EL AÑO","loc":44,"loc_desc":"EN CONTACTO CON LA SUPERFICIE DE LA TIERRA","ltn":1,"mes":0,"mes_desc":"NO EXISTE","tuc":45,"tuc_desc":"GENERAL","txt":null,"SHAPE_Leng":587.242038163,"Shape_Le_1":587.242038163},"geometry":{"type":"LineString","coordinates":[[-79.37971971838788,-2.483572115212107],[-79.37539906265093,-2.480519756355788]]}},{"type":"Feature","properties":{"fcode":"AP030","descripcio":"SISTEMA DE TRANSPORTE O COMUNICACIÓN","acc":7,"acc_desc":"PRECISA","rst":2,"rst_desc":"SUELTO/NO PAVIMENTO","typ":1,"typ_desc":"VÍA","hct":15,"hct_desc":"RUTA SECUNDARIA","wtc":1,"wtc_desc":"TODO EL AÑO","loc":44,"loc_desc":"EN CONTACTO CON LA SUPERFICIE DE LA TIERRA","ltn":1,"mes":0,"mes_desc":"NO EXISTE","tuc":45,"tuc_desc":"GENERAL","txt":null,"SHAPE_Leng":1305.47123018,"Shape_Le_1":1305.47123018},"geometry":{"type":"LineString","coordinates":[[-79.39255728162769,-2.477208723877628],[-79.39210645118034,-2.477651218361692],[-79.3912342810479,-2.478983446687369],[-79.39106594699022,-2.479142407769155],[-79.39061826725091,-2.479357640060091],[-79.38911645957413,-2.479687249669877],[-79.38865126646395,-2.479885728950934],[-79.38749221964979,-2.481177808486768],[-79.38495748891881,-2.483114899899456],[-79.38389790439467,-2.484019126672292],[-79.38362197479087,-2.484371394612798]]}},{"type":"Feature","properties":{"fcode":"AP030","descripcio":"SISTEMA DE TRANSPORTE O COMUNICACIÓN","acc":7,"acc_desc":"PRECISA","rst":2,"rst_desc":"SUELTO/NO PAVIMENTO","typ":1,"typ_desc":"VÍA","hct":15,"hct_desc":"RUTA SECUNDARIA","wtc":1,"wtc_desc":"TODO EL AÑO","loc":44,"loc_desc":"EN CONTACTO CON LA SUPERFICIE DE LA TIERRA","ltn":1,"mes":0,"mes_desc":"NO EXISTE","tuc":45,"tuc_desc":"GENERAL","txt":null,"SHAPE_Leng":585.734120026,"Shape_Le_1":585.734120026},"geometry":{"type":"LineString","coordinates":[[-79.37539906265093,-2.480519756355788],[-79.37095192843366,-2.477682565051997]]}},{"type":"Feature","properties":{"fcode":"AP030","descripcio":"SISTEMA DE TRANSPORTE O COMUNICACIÓN","acc":7,"acc_desc":"PRECISA","rst":2,"rst_desc":"SUELTO/NO PAVIMENTO","typ":1,"typ_desc":"VÍA","hct":15,"hct_desc":"RUTA SECUNDARIA","wtc":1,"wtc_desc":"TODO EL AÑO","loc":44,"loc_desc":"EN CONTACTO CON LA SUPERFICIE DE LA TIERRA","ltn":1,"mes":0,"mes_desc":"NO EXISTE","tuc":45,"tuc_desc":"GENERAL","txt":null,"SHAPE_Leng":524.558438227,"Shape_Le_1":524.558438227},"geometry":{"type":"LineString","coordinates":[[-79.3913835802934,-2.472614153648276],[-79.39255728162769,-2.477208723877628]]}},{"type":"Feature","properties":{"fcode":"AP030","descripcio":"SISTEMA DE TRANSPORTE O COMUNICACIÓN","acc":7,"acc_desc":"PRECISA","rst":2,"rst_desc":"SUELTO/NO PAVIMENTO","typ":1,"typ_desc":"VÍA","hct":15,"hct_desc":"RUTA SECUNDARIA","wtc":1,"wtc_desc":"TODO EL AÑO","loc":44,"loc_desc":"EN CONTACTO CON LA SUPERFICIE DE LA TIERRA","ltn":1,"mes":0,"mes_desc":"NO EXISTE","tuc":45,"tuc_desc":"GENERAL","txt":null,"SHAPE_Leng":175.059073024,"Shape_Le_1":175.059073024},"geometry":{"type":"LineString","coordinates":[[-79.39099519504352,-2.471081338344201],[-79.39110010494868,-2.471621367106134],[-79.3913835802934,-2.472614153648276]]}},{"type":"Feature","properties":{"fcode":"AP030","descripcio":"SISTEMA DE TRANSPORTE O COMUNICACIÓN","acc":7,"acc_desc":"PRECISA","rst":8,"rst_desc":"TEMPORAL","typ":1,"typ_desc":"VÍA","hct":4,"hct_desc":"RUTA LOCAL","wtc":2,"wtc_desc":"ÉPOCA SECA","loc":44,"loc_desc":"EN CONTACTO CON LA SUPERFICIE DE LA TIERRA","ltn":-32767,"mes":0,"mes_desc":"NO EXISTE","tuc":45,"tuc_desc":"GENERAL","txt":null,"SHAPE_Leng":2117.4645881,"Shape_Le_1":2117.4645881},"geometry":{"type":"LineString","coordinates":[[-79.37752362953609,-2.464339474713574],[-79.37745871374402,-2.464560508946232],[-79.3774713776604,-2.464794751302219],[-79.377820209084,-2.465120473674733],[-79.37793639543375,-2.465328797600448],[-79.37793609598054,-2.465576046779528],[-79.3778201962575,-2.465724941790294],[-79.37742961055478,-2.465798438980922],[-79.37709473250689,-2.465978355954814],[-79.37697810011912,-2.466212349289117],[-79.37700308507439,-2.466889014975519],[-79.37728615910028,-2.46820347405761],[-79.37720381747741,-2.468928300431821],[-79.37712970926972,-2.469166144086611],[-79.37671479700825,-2.469946269857572],[-79.3760799698081,-2.470713102218541],[-79.3758855238751,-2.47105118050088],[-79.37572963608336,-2.471623442289755],[-79.37571603974784,-2.472156901549015],[-79.3758580467709,-2.472352234954196],[-79.37605192352544,-2.472482609415152],[-79.37649164187562,-2.472600263603725],[-79.37668553460423,-2.472717615411464],[-79.37684061108516,-2.472886919626231],[-79.3768920429325,-2.473108186973993],[-79.37686589449797,-2.473316336268914],[-79.37629600857194,-2.473914134122662],[-79.37593336913145,-2.474369118412607],[-79.37576458501647,-2.474824250750224],[-79.37564732194404,-2.475500740845325],[-79.37518734939546,-2.476361295770491],[-79.37486970577316,-2.476709802175861],[-79.37410611477,-2.477034154712675],[-79.37328262524264,-2.477149980231203],[-79.37189383823514,-2.477122491052807],[-79.37140211732428,-2.477251928616751],[-79.37123386601446,-2.47734287889851],[-79.37095192843366,-2.477682565051997]]}},{"type":"Feature","properties":{"fcode":"AP030","descripcio":"SISTEMA DE TRANSPORTE O COMUNICACIÓN","acc":7,"acc_desc":"PRECISA","rst":8,"rst_desc":"TEMPORAL","typ":1,"typ_desc":"VÍA","hct":4,"hct_desc":"RUTA LOCAL","wtc":2,"wtc_desc":"ÉPOCA SECA","loc":44,"loc_desc":"EN CONTACTO CON LA SUPERFICIE DE LA TIERRA","ltn":-32767,"mes":0,"mes_desc":"NO EXISTE","tuc":45,"tuc_desc":"GENERAL","txt":null,"SHAPE_Leng":370.076123317,"Shape_Le_1":370.076123317},"geometry":{"type":"LineString","coordinates":[[-79.39099519504352,-2.471081338344201],[-79.39037268092947,-2.471108524516523],[-79.38814960180807,-2.469561626687329]]}},{"type":"Feature","properties":{"fcode":"AP030","descripcio":"SISTEMA DE TRANSPORTE O COMUNICACIÓN","acc":7,"acc_desc":"PRECISA","rst":2,"rst_desc":"SUELTO/NO PAVIMENTO","typ":1,"typ_desc":"VÍA","hct":15,"hct_desc":"RUTA SECUNDARIA","wtc":1,"wtc_desc":"TODO EL AÑO","loc":44,"loc_desc":"EN CONTACTO CON LA SUPERFICIE DE LA TIERRA","ltn":1,"mes":0,"mes_desc":"NO EXISTE","tuc":45,"tuc_desc":"GENERAL","txt":null,"SHAPE_Leng":333.257449739,"Shape_Le_1":333.257449739},"geometry":{"type":"LineString","coordinates":[[-79.39034981850527,-2.468141031909663],[-79.39058389270257,-2.468941401030159],[-79.39099519504352,-2.471081338344201]]}},{"type":"Feature","properties":{"fcode":"AP030","descripcio":"SISTEMA DE TRANSPORTE O COMUNICACIÓN","acc":7,"acc_desc":"PRECISA","rst":8,"rst_desc":"TEMPORAL","typ":1,"typ_desc":"VÍA","hct":4,"hct_desc":"RUTA LOCAL","wtc":2,"wtc_desc":"ÉPOCA SECA","loc":44,"loc_desc":"EN CONTACTO CON LA SUPERFICIE DE LA TIERRA","ltn":-32767,"mes":0,"mes_desc":"NO EXISTE","tuc":45,"tuc_desc":"GENERAL","txt":null,"SHAPE_Leng":270.256471552,"Shape_Le_1":270.256471552},"geometry":{"type":"LineString","coordinates":[[-79.38814960180807,-2.469561626687329],[-79.38610842932492,-2.468235793845733]]}},{"type":"Feature","properties":{"fcode":"AP030","descripcio":"SISTEMA DE TRANSPORTE O COMUNICACIÓN","acc":7,"acc_desc":"PRECISA","rst":8,"rst_desc":"TEMPORAL","typ":1,"typ_desc":"VÍA","hct":4,"hct_desc":"RUTA LOCAL","wtc":2,"wtc_desc":"ÉPOCA SECA","loc":44,"loc_desc":"EN CONTACTO CON LA SUPERFICIE DE LA TIERRA","ltn":-32767,"mes":0,"mes_desc":"NO EXISTE","tuc":45,"tuc_desc":"GENERAL","txt":null,"SHAPE_Leng":421.898702105,"Shape_Le_1":421.898702105},"geometry":{"type":"LineString","coordinates":[[-79.38610842932492,-2.468235793845733],[-79.3829897614237,-2.466063616490375]]}},{"type":"Feature","properties":{"fcode":"AP030","descripcio":"SISTEMA DE TRANSPORTE O COMUNICACIÓN","acc":7,"acc_desc":"PRECISA","rst":2,"rst_desc":"SUELTO/NO PAVIMENTO","typ":1,"typ_desc":"VÍA","hct":15,"hct_desc":"RUTA SECUNDARIA","wtc":1,"wtc_desc":"TODO EL AÑO","loc":44,"loc_desc":"EN CONTACTO CON LA SUPERFICIE DE LA TIERRA","ltn":1,"mes":0,"mes_desc":"NO EXISTE","tuc":45,"tuc_desc":"GENERAL","txt":null,"SHAPE_Leng":439.881245453,"Shape_Le_1":439.881245453},"geometry":{"type":"LineString","coordinates":[[-79.36754072920836,-2.471896857502823],[-79.36796703104403,-2.475851729305869]]}},{"type":"Feature","properties":{"fcode":"AP030","descripcio":"SISTEMA DE TRANSPORTE O COMUNICACIÓN","acc":7,"acc_desc":"PRECISA","rst":2,"rst_desc":"SUELTO/NO PAVIMENTO","typ":1,"typ_desc":"VÍA","hct":15,"hct_desc":"RUTA SECUNDARIA","wtc":1,"wtc_desc":"TODO EL AÑO","loc":44,"loc_desc":"EN CONTACTO CON LA SUPERFICIE DE LA TIERRA","ltn":1,"mes":0,"mes_desc":"NO EXISTE","tuc":45,"tuc_desc":"GENERAL","txt":null,"SHAPE_Leng":1424.59620216,"Shape_Le_1":1424.59620216},"geometry":{"type":"LineString","coordinates":[[-79.35226020890983,-2.468293800552078],[-79.35901459901912,-2.475670238272517],[-79.36083905029287,-2.477857491136797]]}},{"type":"Feature","properties":{"fcode":"AP030","descripcio":"SISTEMA DE TRANSPORTE O COMUNICACIÓN","acc":7,"acc_desc":"PRECISA","rst":2,"rst_desc":"SUELTO/NO PAVIMENTO","typ":1,"typ_desc":"VÍA","hct":15,"hct_desc":"RUTA SECUNDARIA","wtc":1,"wtc_desc":"TODO EL AÑO","loc":44,"loc_desc":"EN CONTACTO CON LA SUPERFICIE DE LA TIERRA","ltn":1,"mes":0,"mes_desc":"NO EXISTE","tuc":45,"tuc_desc":"GENERAL","txt":null,"SHAPE_Leng":765.786886377,"Shape_Le_1":765.786886377},"geometry":{"type":"LineString","coordinates":[[-79.36754072920836,-2.471896857502823],[-79.36738049540382,-2.469694667026254],[-79.36683764890887,-2.465009394030984]]}},{"type":"Feature","properties":{"fcode":"AP030","descripcio":"SISTEMA DE TRANSPORTE O COMUNICACIÓN","acc":7,"acc_desc":"PRECISA","rst":2,"rst_desc":"SUELTO/NO PAVIMENTO","typ":1,"typ_desc":"VÍA","hct":15,"hct_desc":"RUTA SECUNDARIA","wtc":1,"wtc_desc":"TODO EL AÑO","loc":44,"loc_desc":"EN CONTACTO CON LA SUPERFICIE DE LA TIERRA","ltn":1,"mes":0,"mes_desc":"NO EXISTE","tuc":45,"tuc_desc":"GENERAL","txt":null,"SHAPE_Leng":1025.73156098,"Shape_Le_1":1025.73156098},"geometry":{"type":"LineString","coordinates":[[-79.36683764890887,-2.465009394030984],[-79.36650811986769,-2.465301091247003],[-79.36576649495191,-2.466126657351058],[-79.36555310087718,-2.466297948158826],[-79.36510495350242,-2.466533880878099],[-79.36374344826135,-2.466783244140824],[-79.36333467316956,-2.466953569229005],[-79.3611823668178,-2.468975187234065],[-79.3606326519785,-2.469695267111046],[-79.3602347940156,-2.470860290665327]]}},{"type":"Feature","properties":{"fcode":"AP030","descripcio":"SISTEMA DE TRANSPORTE O COMUNICACIÓN","acc":7,"acc_desc":"PRECISA","rst":2,"rst_desc":"SUELTO/NO PAVIMENTO","typ":1,"typ_desc":"VÍA","hct":15,"hct_desc":"RUTA SECUNDARIA","wtc":1,"wtc_desc":"TODO EL AÑO","loc":44,"loc_desc":"EN CONTACTO CON LA SUPERFICIE DE LA TIERRA","ltn":1,"mes":0,"mes_desc":"NO EXISTE","tuc":45,"tuc_desc":"GENERAL","txt":null,"SHAPE_Leng":442.10934903,"Shape_Le_1":442.10934903},"geometry":{"type":"LineString","coordinates":[[-79.37255737662105,-2.468590421590189],[-79.37223511519429,-2.464605375581876]]}},{"type":"Feature","properties":{"fcode":"AP030","descripcio":"SISTEMA DE TRANSPORTE O COMUNICACIÓN","acc":7,"acc_desc":"PRECISA","rst":2,"rst_desc":"SUELTO/NO PAVIMENTO","typ":1,"typ_desc":"VÍA","hct":15,"hct_desc":"RUTA SECUNDARIA","wtc":1,"wtc_desc":"TODO EL AÑO","loc":44,"loc_desc":"EN CONTACTO CON LA SUPERFICIE DE LA TIERRA","ltn":1,"mes":0,"mes_desc":"NO EXISTE","tuc":45,"tuc_desc":"GENERAL","txt":null,"SHAPE_Leng":760.270022629,"Shape_Le_1":760.270022629},"geometry":{"type":"LineString","coordinates":[[-79.37223511519429,-2.464605375581876],[-79.37215175791863,-2.463575129912764],[-79.37199946946673,-2.463406281837102],[-79.37180144920474,-2.463283318465833],[-79.37155758844725,-2.463221703992429],[-79.37097816762031,-2.463236275277738],[-79.37049003959471,-2.463373768977684],[-79.36702712127702,-2.464841690650848],[-79.36683764890887,-2.465009394030984]]}},{"type":"Feature","properties":{"fcode":"AP030","descripcio":"SISTEMA DE TRANSPORTE O COMUNICACIÓN","acc":7,"acc_desc":"PRECISA","rst":2,"rst_desc":"SUELTO/NO PAVIMENTO","typ":1,"typ_desc":"VÍA","hct":15,"hct_desc":"RUTA SECUNDARIA","wtc":1,"wtc_desc":"TODO EL AÑO","loc":44,"loc_desc":"EN CONTACTO CON LA SUPERFICIE DE LA TIERRA","ltn":1,"mes":0,"mes_desc":"NO EXISTE","tuc":45,"tuc_desc":"GENERAL","txt":null,"SHAPE_Leng":1900.15759618,"Shape_Le_1":1900.15759618},"geometry":{"type":"LineString","coordinates":[[-79.36593258826498,-2.458286005415785],[-79.36082762714425,-2.461064999798536],[-79.35911292320496,-2.462587510413004],[-79.35692496340425,-2.464802606938129],[-79.3543231215094,-2.467314165503921],[-79.35226020890983,-2.468293800552078]]}},{"type":"Feature","properties":{"fcode":"AP030","descripcio":"SISTEMA DE TRANSPORTE O COMUNICACIÓN","acc":7,"acc_desc":"PRECISA","rst":2,"rst_desc":"SUELTO/NO PAVIMENTO","typ":1,"typ_desc":"VÍA","hct":14,"hct_desc":"RUTA PRIMARIA","wtc":1,"wtc_desc":"TODO EL AÑO","loc":44,"loc_desc":"EN CONTACTO CON LA SUPERFICIE DE LA TIERRA","ltn":2,"mes":0,"mes_desc":"NO EXISTE","tuc":45,"tuc_desc":"GENERAL","txt":null,"SHAPE_Leng":750.237265004,"Shape_Le_1":750.237265004},"geometry":{"type":"LineString","coordinates":[[-79.36593258826498,-2.458286005415785],[-79.36683764890887,-2.465009394030984]]}},{"type":"Feature","properties":{"fcode":"AP030","descripcio":"SISTEMA DE TRANSPORTE O COMUNICACIÓN","acc":7,"acc_desc":"PRECISA","rst":2,"rst_desc":"SUELTO/NO PAVIMENTO","typ":1,"typ_desc":"VÍA","hct":15,"hct_desc":"RUTA SECUNDARIA","wtc":1,"wtc_desc":"TODO EL AÑO","loc":44,"loc_desc":"EN CONTACTO CON LA SUPERFICIE DE LA TIERRA","ltn":1,"mes":0,"mes_desc":"NO EXISTE","tuc":45,"tuc_desc":"GENERAL","txt":null,"SHAPE_Leng":630.715791859,"Shape_Le_1":630.715791859},"geometry":{"type":"LineString","coordinates":[[-79.37094682627219,-2.455758223682497],[-79.36593258826498,-2.458286005415785]]}},{"type":"Feature","properties":{"fcode":"AP030","descripcio":"SISTEMA DE TRANSPORTE O COMUNICACIÓN","acc":7,"acc_desc":"PRECISA","rst":2,"rst_desc":"SUELTO/NO PAVIMENTO","typ":1,"typ_desc":"VÍA","hct":15,"hct_desc":"RUTA SECUNDARIA","wtc":1,"wtc_desc":"TODO EL AÑO","loc":44,"loc_desc":"EN CONTACTO CON LA SUPERFICIE DE LA TIERRA","ltn":1,"mes":0,"mes_desc":"NO EXISTE","tuc":45,"tuc_desc":"GENERAL","txt":null,"SHAPE_Leng":329.29204351,"Shape_Le_1":329.29204351},"geometry":{"type":"LineString","coordinates":[[-79.37332378836174,-2.457562196879632],[-79.37312149995367,-2.457474317699394],[-79.37208538622008,-2.456693590273157],[-79.37103380903706,-2.455758174108255]]}},{"type":"Feature","properties":{"fcode":"AP030","descripcio":"SISTEMA DE TRANSPORTE O COMUNICACIÓN","acc":7,"acc_desc":"PRECISA","rst":8,"rst_desc":"TEMPORAL","typ":1,"typ_desc":"VÍA","hct":4,"hct_desc":"RUTA LOCAL","wtc":2,"wtc_desc":"ÉPOCA SECA","loc":44,"loc_desc":"EN CONTACTO CON LA SUPERFICIE DE LA TIERRA","ltn":-32767,"mes":0,"mes_desc":"NO EXISTE","tuc":45,"tuc_desc":"GENERAL","txt":null,"SHAPE_Leng":136.795072674,"Shape_Le_1":136.795072674},"geometry":{"type":"LineString","coordinates":[[-79.3829897614237,-2.466063616490375],[-79.38421921106244,-2.466095775530257]]}},{"type":"Feature","properties":{"fcode":"AP030","descripcio":"SISTEMA DE TRANSPORTE O COMUNICACIÓN","acc":7,"acc_desc":"PRECISA","rst":8,"rst_desc":"TEMPORAL","typ":1,"typ_desc":"VÍA","hct":4,"hct_desc":"RUTA LOCAL","wtc":2,"wtc_desc":"ÉPOCA SECA","loc":44,"loc_desc":"EN CONTACTO CON LA SUPERFICIE DE LA TIERRA","ltn":-32767,"mes":0,"mes_desc":"NO EXISTE","tuc":45,"tuc_desc":"GENERAL","txt":null,"SHAPE_Leng":372.84335331,"Shape_Le_1":372.84335331},"geometry":{"type":"LineString","coordinates":[[-79.3811744866885,-2.463455867838227],[-79.38132169146358,-2.464410772586384],[-79.38150755742802,-2.46484617417333],[-79.38214798208904,-2.465469784548461],[-79.3829897614237,-2.466063616490375]]}},{"type":"Feature","properties":{"fcode":"AP030","descripcio":"SISTEMA DE TRANSPORTE O COMUNICACIÓN","acc":7,"acc_desc":"PRECISA","rst":8,"rst_desc":"TEMPORAL","typ":1,"typ_desc":"VÍA","hct":4,"hct_desc":"RUTA LOCAL","wtc":2,"wtc_desc":"ÉPOCA SECA","loc":44,"loc_desc":"EN CONTACTO CON LA SUPERFICIE DE LA TIERRA","ltn":-32767,"mes":0,"mes_desc":"NO EXISTE","tuc":45,"tuc_desc":"GENERAL","txt":null,"SHAPE_Leng":552.699745791,"Shape_Le_1":552.699745791},"geometry":{"type":"LineString","coordinates":[[-79.38421921106244,-2.466095775530257],[-79.38512981841853,-2.466133422781982],[-79.38557002214358,-2.465923968730324],[-79.38572685176757,-2.465759115322268],[-79.38583895822437,-2.465549260921735],[-79.38586908093217,-2.465324294254118],[-79.38578142409327,-2.463749073226949],[-79.38563806338308,-2.462436137679328]]}},{"type":"Feature","properties":{"fcode":"AP030","descripcio":"SISTEMA DE TRANSPORTE O COMUNICACIÓN","acc":7,"acc_desc":"PRECISA","rst":8,"rst_desc":"TEMPORAL","typ":1,"typ_desc":"VÍA","hct":4,"hct_desc":"RUTA LOCAL","wtc":2,"wtc_desc":"ÉPOCA SECA","loc":44,"loc_desc":"EN CONTACTO CON LA SUPERFICIE DE LA TIERRA","ltn":-32767,"mes":0,"mes_desc":"NO EXISTE","tuc":45,"tuc_desc":"GENERAL","txt":null,"SHAPE_Leng":164.355012326,"Shape_Le_1":164.355012326},"geometry":{"type":"LineString","coordinates":[[-79.37895860901696,-2.464007073907781],[-79.37790466241879,-2.464209443575285],[-79.37752362953609,-2.464339474713574]]}},{"type":"Feature","properties":{"fcode":"AP030","descripcio":"SISTEMA DE TRANSPORTE O COMUNICACIÓN","acc":7,"acc_desc":"PRECISA","rst":8,"rst_desc":"TEMPORAL","typ":1,"typ_desc":"VÍA","hct":4,"hct_desc":"RUTA LOCAL","wtc":2,"wtc_desc":"ÉPOCA SECA","loc":44,"loc_desc":"EN CONTACTO CON LA SUPERFICIE DE LA TIERRA","ltn":-32767,"mes":0,"mes_desc":"NO EXISTE","tuc":45,"tuc_desc":"GENERAL","txt":null,"SHAPE_Leng":254.079952418,"Shape_Le_1":254.079952418},"geometry":{"type":"LineString","coordinates":[[-79.3811744866885,-2.463455867838227],[-79.37954210102251,-2.463899536919806],[-79.37895860901696,-2.464007073907781]]}},{"type":"Feature","properties":{"fcode":"AP030","descripcio":"SISTEMA DE TRANSPORTE O COMUNICACIÓN","acc":7,"acc_desc":"PRECISA","rst":8,"rst_desc":"TEMPORAL","typ":1,"typ_desc":"VÍA","hct":4,"hct_desc":"RUTA LOCAL","wtc":2,"wtc_desc":"ÉPOCA SECA","loc":44,"loc_desc":"EN CONTACTO CON LA SUPERFICIE DE LA TIERRA","ltn":-32767,"mes":0,"mes_desc":"NO EXISTE","tuc":45,"tuc_desc":"GENERAL","txt":null,"SHAPE_Leng":226.855931975,"Shape_Le_1":226.855931975},"geometry":{"type":"LineString","coordinates":[[-79.38312006890014,-2.462841836288925],[-79.3811744866885,-2.463455867838227]]}},{"type":"Feature","properties":{"fcode":"AP030","descripcio":"SISTEMA DE TRANSPORTE O COMUNICACIÓN","acc":7,"acc_desc":"PRECISA","rst":8,"rst_desc":"TEMPORAL","typ":1,"typ_desc":"VÍA","hct":4,"hct_desc":"RUTA LOCAL","wtc":2,"wtc_desc":"ÉPOCA SECA","loc":44,"loc_desc":"EN CONTACTO CON LA SUPERFICIE DE LA TIERRA","ltn":-32767,"mes":0,"mes_desc":"NO EXISTE","tuc":45,"tuc_desc":"GENERAL","txt":null,"SHAPE_Leng":284.086144797,"Shape_Le_1":284.086144797},"geometry":{"type":"LineString","coordinates":[[-79.38563806338308,-2.462436137679328],[-79.38386433242394,-2.462655723759561],[-79.38312006890014,-2.462841836288925]]}},{"type":"Feature","properties":{"fcode":"AP030","descripcio":"SISTEMA DE TRANSPORTE O COMUNICACIÓN","acc":7,"acc_desc":"PRECISA","rst":8,"rst_desc":"TEMPORAL","typ":1,"typ_desc":"VÍA","hct":4,"hct_desc":"RUTA LOCAL","wtc":2,"wtc_desc":"ÉPOCA SECA","loc":44,"loc_desc":"EN CONTACTO CON LA SUPERFICIE DE LA TIERRA","ltn":-32767,"mes":0,"mes_desc":"NO EXISTE","tuc":45,"tuc_desc":"GENERAL","txt":null,"SHAPE_Leng":141.449459525,"Shape_Le_1":141.449459525},"geometry":{"type":"LineString","coordinates":[[-79.3869047332462,-2.462321017969496],[-79.38563806338308,-2.462436137679328]]}},{"type":"Feature","properties":{"fcode":"AP030","descripcio":"SISTEMA DE TRANSPORTE O COMUNICACIÓN","acc":7,"acc_desc":"PRECISA","rst":2,"rst_desc":"SUELTO/NO PAVIMENTO","typ":1,"typ_desc":"VÍA","hct":15,"hct_desc":"RUTA SECUNDARIA","wtc":1,"wtc_desc":"TODO EL AÑO","loc":44,"loc_desc":"EN CONTACTO CON LA SUPERFICIE DE LA TIERRA","ltn":1,"mes":0,"mes_desc":"NO EXISTE","tuc":45,"tuc_desc":"GENERAL","txt":null,"SHAPE_Leng":1377.02535472,"Shape_Le_1":1377.02535472},"geometry":{"type":"LineString","coordinates":[[-79.39054476052372,-2.455922507016302],[-79.3900918008131,-2.457326514447189],[-79.38980384509445,-2.458719326331013],[-79.38947243420056,-2.46297889394214],[-79.38949020438149,-2.464727126348924],[-79.38966859970559,-2.465919556038895],[-79.39034981850527,-2.468141031909663]]}},{"type":"Feature","properties":{"fcode":"AP030","descripcio":"SISTEMA DE TRANSPORTE O COMUNICACIÓN","acc":7,"acc_desc":"PRECISA","rst":8,"rst_desc":"TEMPORAL","typ":1,"typ_desc":"VÍA","hct":4,"hct_desc":"RUTA LOCAL","wtc":2,"wtc_desc":"ÉPOCA SECA","loc":44,"loc_desc":"EN CONTACTO CON LA SUPERFICIE DE LA TIERRA","ltn":-32767,"mes":0,"mes_desc":"NO EXISTE","tuc":45,"tuc_desc":"GENERAL","txt":null,"SHAPE_Leng":266.488371286,"Shape_Le_1":266.488371286},"geometry":{"type":"LineString","coordinates":[[-79.38563806338308,-2.462436137679328],[-79.38542803516165,-2.460035996755392]]}},{"type":"Feature","properties":{"fcode":"AP030","descripcio":"SISTEMA DE TRANSPORTE O COMUNICACIÓN","acc":7,"acc_desc":"PRECISA","rst":8,"rst_desc":"TEMPORAL","typ":1,"typ_desc":"VÍA","hct":4,"hct_desc":"RUTA LOCAL","wtc":2,"wtc_desc":"ÉPOCA SECA","loc":44,"loc_desc":"EN CONTACTO CON LA SUPERFICIE DE LA TIERRA","ltn":-32767,"mes":0,"mes_desc":"NO EXISTE","tuc":45,"tuc_desc":"GENERAL","txt":null,"SHAPE_Leng":553.238873815,"Shape_Le_1":553.238873815},"geometry":{"type":"LineString","coordinates":[[-79.38038523820333,-2.458516161492503],[-79.3811744866885,-2.463455867838227]]}},{"type":"Feature","properties":{"fcode":"AP030","descripcio":"SISTEMA DE TRANSPORTE O COMUNICACIÓN","acc":7,"acc_desc":"PRECISA","rst":999,"rst_desc":"OTRO","typ":33,"typ_desc":"CALLE","hct":4,"hct_desc":"RUTA LOCAL","wtc":1,"wtc_desc":"TODO EL AÑO","loc":44,"loc_desc":"EN CONTACTO CON LA SUPERFICIE DE LA TIERRA","ltn":-32767,"mes":0,"mes_desc":"NO EXISTE","tuc":45,"tuc_desc":"GENERAL","txt":null,"SHAPE_Leng":113.349433147,"Shape_Le_1":113.349433147},"geometry":{"type":"LineString","coordinates":[[-79.38022633454231,-2.457503620566366],[-79.38038523820333,-2.458516161492503]]}},{"type":"Feature","properties":{"fcode":"AP030","descripcio":"SISTEMA DE TRANSPORTE O COMUNICACIÓN","acc":7,"acc_desc":"PRECISA","rst":999,"rst_desc":"OTRO","typ":33,"typ_desc":"CALLE","hct":4,"hct_desc":"RUTA LOCAL","wtc":1,"wtc_desc":"TODO EL AÑO","loc":44,"loc_desc":"EN CONTACTO CON LA SUPERFICIE DE LA TIERRA","ltn":-32767,"mes":0,"mes_desc":"NO EXISTE","tuc":45,"tuc_desc":"GENERAL","txt":null,"SHAPE_Leng":60.7848945044,"Shape_Le_1":60.7848945044},"geometry":{"type":"LineString","coordinates":[[-79.38014112160381,-2.456960634120279],[-79.38022633454231,-2.457503620566366]]}},{"type":"Feature","properties":{"fcode":"AP030","descripcio":"SISTEMA DE TRANSPORTE O COMUNICACIÓN","acc":7,"acc_desc":"PRECISA","rst":999,"rst_desc":"OTRO","typ":33,"typ_desc":"CALLE","hct":4,"hct_desc":"RUTA LOCAL","wtc":1,"wtc_desc":"TODO EL AÑO","loc":44,"loc_desc":"EN CONTACTO CON LA SUPERFICIE DE LA TIERRA","ltn":-32767,"mes":0,"mes_desc":"NO EXISTE","tuc":45,"tuc_desc":"GENERAL","txt":null,"SHAPE_Leng":507.215565955,"Shape_Le_1":507.215565955},"geometry":{"type":"LineString","coordinates":[[-79.38014112160381,-2.456960634120279],[-79.38214235882872,-2.456636782280145],[-79.38221700408333,-2.457145571712069],[-79.38022633454231,-2.457503620566366]]}},{"type":"Feature","properties":{"fcode":"AP030","descripcio":"SISTEMA DE TRANSPORTE O COMUNICACIÓN","acc":7,"acc_desc":"PRECISA","rst":2,"rst_desc":"SUELTO/NO PAVIMENTO","typ":1,"typ_desc":"VÍA","hct":15,"hct_desc":"RUTA SECUNDARIA","wtc":1,"wtc_desc":"TODO EL AÑO","loc":44,"loc_desc":"EN CONTACTO CON LA SUPERFICIE DE LA TIERRA","ltn":1,"mes":0,"mes_desc":"NO EXISTE","tuc":45,"tuc_desc":"GENERAL","txt":null,"SHAPE_Leng":692.641197387,"Shape_Le_1":692.641197387},"geometry":{"type":"LineString","coordinates":[[-79.37898733667943,-2.455928808632953],[-79.37729174341271,-2.457051299597127],[-79.37633050995373,-2.457621041421434],[-79.37560980924509,-2.457806727539706],[-79.37390701893109,-2.457815676689568],[-79.37332378836174,-2.457562196879632]]}},{"type":"Feature","properties":{"fcode":"AP030","descripcio":"SISTEMA DE TRANSPORTE O COMUNICACIÓN","acc":7,"acc_desc":"PRECISA","rst":999,"rst_desc":"OTRO","typ":33,"typ_desc":"CALLE","hct":4,"hct_desc":"RUTA LOCAL","wtc":1,"wtc_desc":"TODO EL AÑO","loc":44,"loc_desc":"EN CONTACTO CON LA SUPERFICIE DE LA TIERRA","ltn":-32767,"mes":0,"mes_desc":"NO EXISTE","tuc":45,"tuc_desc":"GENERAL","txt":null,"SHAPE_Leng":299.363279017,"Shape_Le_1":299.363279017},"geometry":{"type":"LineString","coordinates":[[-79.38022633454231,-2.457503620566366],[-79.37871612155666,-2.457002485523353],[-79.37898733667943,-2.455928808632953]]}},{"type":"Feature","properties":{"fcode":"AP030","descripcio":"SISTEMA DE TRANSPORTE O COMUNICACIÓN","acc":7,"acc_desc":"PRECISA","rst":999,"rst_desc":"OTRO","typ":33,"typ_desc":"CALLE","hct":4,"hct_desc":"RUTA LOCAL","wtc":1,"wtc_desc":"TODO EL AÑO","loc":44,"loc_desc":"EN CONTACTO CON LA SUPERFICIE DE LA TIERRA","ltn":-32767,"mes":0,"mes_desc":"NO EXISTE","tuc":45,"tuc_desc":"GENERAL","txt":null,"SHAPE_Leng":126.051616146,"Shape_Le_1":126.051616146},"geometry":{"type":"LineString","coordinates":[[-79.38000212920524,-2.45582993422889],[-79.38014112160381,-2.456960634120279]]}},{"type":"Feature","properties":{"fcode":"AP030","descripcio":"SISTEMA DE TRANSPORTE O COMUNICACIÓN","acc":7,"acc_desc":"PRECISA","rst":999,"rst_desc":"OTRO","typ":33,"typ_desc":"CALLE","hct":4,"hct_desc":"RUTA LOCAL","wtc":1,"wtc_desc":"TODO EL AÑO","loc":44,"loc_desc":"EN CONTACTO CON LA SUPERFICIE DE LA TIERRA","ltn":-32767,"mes":0,"mes_desc":"NO EXISTE","tuc":45,"tuc_desc":"GENERAL","txt":null,"SHAPE_Leng":49.2494274077,"Shape_Le_1":49.2494274077},"geometry":{"type":"LineString","coordinates":[[-79.37898733667943,-2.455928808632953],[-79.37903155377118,-2.455753615939344]]}},{"type":"Feature","properties":{"fcode":"AP030","descripcio":"SISTEMA DE TRANSPORTE O COMUNICACIÓN","acc":7,"acc_desc":"PRECISA","rst":999,"rst_desc":"OTRO","typ":33,"typ_desc":"CALLE","hct":4,"hct_desc":"RUTA LOCAL","wtc":1,"wtc_desc":"TODO EL AÑO","loc":44,"loc_desc":"EN CONTACTO CON LA SUPERFICIE DE LA TIERRA","ltn":-32767,"mes":0,"mes_desc":"NO EXISTE","tuc":45,"tuc_desc":"GENERAL","txt":null,"SHAPE_Leng":107.256918192,"Shape_Le_1":107.256918192},"geometry":{"type":"LineString","coordinates":[[-79.38000212920524,-2.45582993422889],[-79.37979323250605,-2.455753181834425]]}},{"type":"Feature","properties":{"fcode":"AP030","descripcio":"SISTEMA DE TRANSPORTE O COMUNICACIÓN","acc":7,"acc_desc":"PRECISA","rst":2,"rst_desc":"SUELTO/NO PAVIMENTO","typ":1,"typ_desc":"VÍA","hct":15,"hct_desc":"RUTA SECUNDARIA","wtc":1,"wtc_desc":"TODO EL AÑO","loc":44,"loc_desc":"EN CONTACTO CON LA SUPERFICIE DE LA TIERRA","ltn":1,"mes":0,"mes_desc":"NO EXISTE","tuc":45,"tuc_desc":"GENERAL","txt":null,"SHAPE_Leng":61.6067601806,"Shape_Le_1":61.6067601806},"geometry":{"type":"LineString","coordinates":[[-79.39060488030576,-2.455747019932725],[-79.39054476052372,-2.455922507016302]]}},{"type":"Feature","properties":{"fcode":"AP030","descripcio":"SISTEMA DE TRANSPORTE O COMUNICACIÓN","acc":7,"acc_desc":"PRECISA","rst":2,"rst_desc":"SUELTO/NO PAVIMENTO","typ":1,"typ_desc":"VÍA","hct":15,"hct_desc":"RUTA SECUNDARIA","wtc":1,"wtc_desc":"TODO EL AÑO","loc":44,"loc_desc":"EN CONTACTO CON LA SUPERFICIE DE LA TIERRA","ltn":1,"mes":0,"mes_desc":"NO EXISTE","tuc":45,"tuc_desc":"GENERAL","txt":null,"SHAPE_Leng":225.436855248,"Shape_Le_1":225.436855248},"geometry":{"type":"LineString","coordinates":[[-79.39700980489808,-2.460709770132617],[-79.39657013517017,-2.461150837373659],[-79.39587659251849,-2.462380288638281]]}},{"type":"Feature","properties":{"fcode":"AP030","descripcio":"SISTEMA DE TRANSPORTE O COMUNICACIÓN","acc":7,"acc_desc":"PRECISA","rst":2,"rst_desc":"SUELTO/NO PAVIMENTO","typ":1,"typ_desc":"VÍA","hct":15,"hct_desc":"RUTA SECUNDARIA","wtc":1,"wtc_desc":"TODO EL AÑO","loc":44,"loc_desc":"EN CONTACTO CON LA SUPERFICIE DE LA TIERRA","ltn":1,"mes":0,"mes_desc":"NO EXISTE","tuc":45,"tuc_desc":"GENERAL","txt":null,"SHAPE_Leng":12.7312725211,"Shape_Le_1":12.7312725211},"geometry":{"type":"LineString","coordinates":[[-79.39712284915595,-2.460691638676606],[-79.39700980489808,-2.460709770132617]]}},{"type":"Feature","properties":{"fcode":"AP030","descripcio":"SISTEMA DE TRANSPORTE O COMUNICACIÓN","acc":7,"acc_desc":"PRECISA","rst":2,"rst_desc":"SUELTO/NO PAVIMENTO","typ":1,"typ_desc":"VÍA","hct":15,"hct_desc":"RUTA SECUNDARIA","wtc":1,"wtc_desc":"TODO EL AÑO","loc":44,"loc_desc":"EN CONTACTO CON LA SUPERFICIE DE LA TIERRA","ltn":1,"mes":0,"mes_desc":"NO EXISTE","tuc":45,"tuc_desc":"GENERAL","txt":null,"SHAPE_Leng":37.0165663057,"Shape_Le_1":37.0165663057},"geometry":{"type":"LineString","coordinates":[[-79.39711951631716,-2.46039554733351],[-79.39700980489808,-2.460709770132617]]}},{"type":"Feature","properties":{"fcode":"AP030","descripcio":"SISTEMA DE TRANSPORTE O COMUNICACIÓN","acc":7,"acc_desc":"PRECISA","rst":2,"rst_desc":"SUELTO/NO PAVIMENTO","typ":1,"typ_desc":"VÍA","hct":15,"hct_desc":"RUTA SECUNDARIA","wtc":1,"wtc_desc":"TODO EL AÑO","loc":44,"loc_desc":"EN CONTACTO CON LA SUPERFICIE DE LA TIERRA","ltn":1,"mes":0,"mes_desc":"NO EXISTE","tuc":45,"tuc_desc":"GENERAL","txt":null,"SHAPE_Leng":1044.12876769,"Shape_Le_1":1044.12876769},"geometry":{"type":"LineString","coordinates":[[-79.40577381153315,-2.459409276720505],[-79.40576007681021,-2.459693411194927],[-79.40563397060772,-2.459883175983905],[-79.40484027534664,-2.460502524621916],[-79.40413502724644,-2.460843435037743],[-79.40332928530307,-2.461007059284997],[-79.40212089085216,-2.461106982952286],[-79.40091255802893,-2.461080204466724],[-79.399578858332,-2.460698764267339],[-79.39751476690942,-2.460632967080576],[-79.39712284915595,-2.460691638676606]]}},{"type":"Feature","properties":{"fcode":"AP030","descripcio":"SISTEMA DE TRANSPORTE O COMUNICACIÓN","acc":7,"acc_desc":"PRECISA","rst":2,"rst_desc":"SUELTO/NO PAVIMENTO","typ":1,"typ_desc":"VÍA","hct":15,"hct_desc":"RUTA SECUNDARIA","wtc":1,"wtc_desc":"TODO EL AÑO","loc":44,"loc_desc":"EN CONTACTO CON LA SUPERFICIE DE LA TIERRA","ltn":1,"mes":0,"mes_desc":"NO EXISTE","tuc":45,"tuc_desc":"GENERAL","txt":null,"SHAPE_Leng":446.411453285,"Shape_Le_1":446.411453285},"geometry":{"type":"LineString","coordinates":[[-79.40067764891013,-2.458557748454407],[-79.39953254943133,-2.459268371632803],[-79.39808616550923,-2.459886836771265],[-79.39727729255779,-2.460264877119143],[-79.39711951631716,-2.46039554733351]]}},{"type":"Feature","properties":{"fcode":"AP030","descripcio":"SISTEMA DE TRANSPORTE O COMUNICACIÓN","acc":7,"acc_desc":"PRECISA","rst":2,"rst_desc":"SUELTO/NO PAVIMENTO","typ":1,"typ_desc":"VÍA","hct":15,"hct_desc":"RUTA SECUNDARIA","wtc":1,"wtc_desc":"TODO EL AÑO","loc":44,"loc_desc":"EN CONTACTO CON LA SUPERFICIE DE LA TIERRA","ltn":1,"mes":0,"mes_desc":"NO EXISTE","tuc":45,"tuc_desc":"GENERAL","txt":null,"SHAPE_Leng":312.330400446,"Shape_Le_1":312.330400446},"geometry":{"type":"LineString","coordinates":[[-79.39780213181199,-2.457695953356449],[-79.39746455977817,-2.45832697002934],[-79.39727188448217,-2.458995601850625],[-79.39716159575312,-2.459567747422049],[-79.39711951631716,-2.46039554733351]]}},{"type":"Feature","properties":{"fcode":"AP030","descripcio":"SISTEMA DE TRANSPORTE O COMUNICACIÓN","acc":7,"acc_desc":"PRECISA","rst":1,"rst_desc":"DURO/PAVIMENTO","typ":1,"typ_desc":"VÍA","hct":14,"hct_desc":"RUTA PRIMARIA","wtc":1,"wtc_desc":"TODO EL AÑO","loc":44,"loc_desc":"EN CONTACTO CON LA SUPERFICIE DE LA TIERRA","ltn":2,"mes":0,"mes_desc":"NO EXISTE","tuc":45,"tuc_desc":"GENERAL","txt":null,"SHAPE_Leng":581.750958767,"Shape_Le_1":581.750958767},"geometry":{"type":"LineString","coordinates":[[-79.40577381153315,-2.459409276720505],[-79.40360869353164,-2.459459217596378],[-79.40067764891013,-2.458557748454407]]}},{"type":"Feature","properties":{"fcode":"AP030","descripcio":"SISTEMA DE TRANSPORTE O COMUNICACIÓN","acc":7,"acc_desc":"PRECISA","rst":1,"rst_desc":"DURO/PAVIMENTO","typ":1,"typ_desc":"VÍA","hct":14,"hct_desc":"RUTA PRIMARIA","wtc":1,"wtc_desc":"TODO EL AÑO","loc":44,"loc_desc":"EN CONTACTO CON LA SUPERFICIE DE LA TIERRA","ltn":2,"mes":0,"mes_desc":"NO EXISTE","tuc":45,"tuc_desc":"GENERAL","txt":null,"SHAPE_Leng":217.590027485,"Shape_Le_1":217.590027485},"geometry":{"type":"LineString","coordinates":[[-79.40067764891013,-2.458557748454407],[-79.39880387520343,-2.457991892518387]]}},{"type":"Feature","properties":{"fcode":"AP030","descripcio":"SISTEMA DE TRANSPORTE O COMUNICACIÓN","acc":7,"acc_desc":"PRECISA","rst":1,"rst_desc":"DURO/PAVIMENTO","typ":1,"typ_desc":"VÍA","hct":14,"hct_desc":"RUTA PRIMARIA","wtc":1,"wtc_desc":"TODO EL AÑO","loc":44,"loc_desc":"EN CONTACTO CON LA SUPERFICIE DE LA TIERRA","ltn":2,"mes":0,"mes_desc":"NO EXISTE","tuc":45,"tuc_desc":"GENERAL","txt":null,"SHAPE_Leng":116.117227835,"Shape_Le_1":116.117227835},"geometry":{"type":"LineString","coordinates":[[-79.39880387520343,-2.457991892518387],[-79.39780213181199,-2.457695953356449]]}},{"type":"Feature","properties":{"fcode":"AP030","descripcio":"SISTEMA DE TRANSPORTE O COMUNICACIÓN","acc":7,"acc_desc":"PRECISA","rst":1,"rst_desc":"DURO/PAVIMENTO","typ":1,"typ_desc":"VÍA","hct":14,"hct_desc":"RUTA PRIMARIA","wtc":1,"wtc_desc":"TODO EL AÑO","loc":44,"loc_desc":"EN CONTACTO CON LA SUPERFICIE DE LA TIERRA","ltn":2,"mes":0,"mes_desc":"NO EXISTE","tuc":45,"tuc_desc":"GENERAL","txt":null,"SHAPE_Leng":836.014469182,"Shape_Le_1":836.014469182},"geometry":{"type":"LineString","coordinates":[[-79.39780213181199,-2.457695953356449],[-79.39502179304918,-2.456874513387684],[-79.39282531488591,-2.456093296474454],[-79.39054476052372,-2.455922507016302]]}},{"type":"Feature","properties":{"fcode":"AP030","descripcio":"SISTEMA DE TRANSPORTE O COMUNICACIÓN","acc":7,"acc_desc":"PRECISA","rst":8,"rst_desc":"TEMPORAL","typ":1,"typ_desc":"VÍA","hct":4,"hct_desc":"RUTA LOCAL","wtc":2,"wtc_desc":"ÉPOCA SECA","loc":44,"loc_desc":"EN CONTACTO CON LA SUPERFICIE DE LA TIERRA","ltn":-32767,"mes":0,"mes_desc":"NO EXISTE","tuc":45,"tuc_desc":"GENERAL","txt":null,"SHAPE_Leng":267.123565601,"Shape_Le_1":267.123565601},"geometry":{"type":"LineString","coordinates":[[-79.4188782013314,-2.459122984637507],[-79.4196943858934,-2.461395009281819]]}},{"type":"Feature","properties":{"fcode":"AP030","descripcio":"SISTEMA DE TRANSPORTE O COMUNICACIÓN","acc":7,"acc_desc":"PRECISA","rst":8,"rst_desc":"TEMPORAL","typ":1,"typ_desc":"VÍA","hct":4,"hct_desc":"RUTA LOCAL","wtc":2,"wtc_desc":"ÉPOCA SECA","loc":44,"loc_desc":"EN CONTACTO CON LA SUPERFICIE DE LA TIERRA","ltn":-32767,"mes":0,"mes_desc":"NO EXISTE","tuc":45,"tuc_desc":"GENERAL","txt":null,"SHAPE_Leng":565.009619991,"Shape_Le_1":565.009619991},"geometry":{"type":"LineString","coordinates":[[-79.42508022547888,-2.4581178233875],[-79.42448440958778,-2.459144211397054],[-79.42387280048185,-2.460065763139341],[-79.422243716947,-2.462352517572312]]}},{"type":"Feature","properties":{"fcode":"AP030","descripcio":"SISTEMA DE TRANSPORTE O COMUNICACIÓN","acc":7,"acc_desc":"PRECISA","rst":1,"rst_desc":"DURO/PAVIMENTO","typ":1,"typ_desc":"VÍA","hct":14,"hct_desc":"RUTA PRIMARIA","wtc":1,"wtc_desc":"TODO EL AÑO","loc":44,"loc_desc":"EN CONTACTO CON LA SUPERFICIE DE LA TIERRA","ltn":2,"mes":0,"mes_desc":"NO EXISTE","tuc":45,"tuc_desc":"GENERAL","txt":null,"SHAPE_Leng":1056.1975519,"Shape_Le_1":1056.1975519},"geometry":{"type":"LineString","coordinates":[[-79.41601355813691,-2.46059640187673],[-79.41068796952773,-2.459455143640825],[-79.40841568430544,-2.459339465382804],[-79.40663980887916,-2.459386351064593]]}},{"type":"Feature","properties":{"fcode":"AP030","descripcio":"SISTEMA DE TRANSPORTE O COMUNICACIÓN","acc":7,"acc_desc":"PRECISA","rst":8,"rst_desc":"TEMPORAL","typ":1,"typ_desc":"VÍA","hct":4,"hct_desc":"RUTA LOCAL","wtc":2,"wtc_desc":"ÉPOCA SECA","loc":44,"loc_desc":"EN CONTACTO CON LA SUPERFICIE DE LA TIERRA","ltn":-32767,"mes":0,"mes_desc":"NO EXISTE","tuc":45,"tuc_desc":"GENERAL","txt":null,"SHAPE_Leng":573.044455595,"Shape_Le_1":573.044455595},"geometry":{"type":"LineString","coordinates":[[-79.423964474399,-2.457494925126606],[-79.42363286850112,-2.457952595630572],[-79.42251521858724,-2.459789763688802],[-79.42133532653979,-2.461946459096542]]}},{"type":"Feature","properties":{"fcode":"AP030","descripcio":"SISTEMA DE TRANSPORTE O COMUNICACIÓN","acc":7,"acc_desc":"PRECISA","rst":1,"rst_desc":"DURO/PAVIMENTO","typ":1,"typ_desc":"VÍA","hct":14,"hct_desc":"RUTA PRIMARIA","wtc":1,"wtc_desc":"TODO EL AÑO","loc":44,"loc_desc":"EN CONTACTO CON LA SUPERFICIE DE LA TIERRA","ltn":2,"mes":0,"mes_desc":"NO EXISTE","tuc":45,"tuc_desc":"GENERAL","txt":null,"SHAPE_Leng":96.3464508943,"Shape_Le_1":96.3464508943},"geometry":{"type":"LineString","coordinates":[[-79.40663980887916,-2.459386351064593],[-79.40577381153315,-2.459409276720505]]}},{"type":"Feature","properties":{"fcode":"AP030","descripcio":"SISTEMA DE TRANSPORTE O COMUNICACIÓN","acc":7,"acc_desc":"PRECISA","rst":8,"rst_desc":"TEMPORAL","typ":1,"typ_desc":"VÍA","hct":4,"hct_desc":"RUTA LOCAL","wtc":2,"wtc_desc":"ÉPOCA SECA","loc":44,"loc_desc":"EN CONTACTO CON LA SUPERFICIE DE LA TIERRA","ltn":-32767,"mes":0,"mes_desc":"NO EXISTE","tuc":45,"tuc_desc":"GENERAL","txt":null,"SHAPE_Leng":110.788362204,"Shape_Le_1":110.788362204},"geometry":{"type":"LineString","coordinates":[[-79.4188782013314,-2.459122984637507],[-79.41856857507366,-2.458170676949469]]}},{"type":"Feature","properties":{"fcode":"AP030","descripcio":"SISTEMA DE TRANSPORTE O COMUNICACIÓN","acc":7,"acc_desc":"PRECISA","rst":8,"rst_desc":"TEMPORAL","typ":1,"typ_desc":"VÍA","hct":4,"hct_desc":"RUTA LOCAL","wtc":2,"wtc_desc":"ÉPOCA SECA","loc":44,"loc_desc":"EN CONTACTO CON LA SUPERFICIE DE LA TIERRA","ltn":-32767,"mes":0,"mes_desc":"NO EXISTE","tuc":45,"tuc_desc":"GENERAL","txt":null,"SHAPE_Leng":642.546873735,"Shape_Le_1":642.546873735},"geometry":{"type":"LineString","coordinates":[[-79.423964474399,-2.457494925126606],[-79.42295453306829,-2.457044163551899],[-79.4227265078331,-2.457043892833784],[-79.42210158958851,-2.45743193962036],[-79.42152614017841,-2.457959769888817],[-79.42075234904883,-2.458477234754783],[-79.42001845253543,-2.458865150096597],[-79.41954243299882,-2.459024114204588],[-79.4188782013314,-2.459122984637507]]}},{"type":"Feature","properties":{"fcode":"AP030","descripcio":"SISTEMA DE TRANSPORTE O COMUNICACIÓN","acc":7,"acc_desc":"PRECISA","rst":8,"rst_desc":"TEMPORAL","typ":1,"typ_desc":"VÍA","hct":4,"hct_desc":"RUTA LOCAL","wtc":2,"wtc_desc":"ÉPOCA SECA","loc":44,"loc_desc":"EN CONTACTO CON LA SUPERFICIE DE LA TIERRA","ltn":-32767,"mes":0,"mes_desc":"NO EXISTE","tuc":45,"tuc_desc":"GENERAL","txt":null,"SHAPE_Leng":1050.28954193,"Shape_Le_1":1050.28954193},"geometry":{"type":"LineString","coordinates":[[-79.40663980887916,-2.459386351064593],[-79.40677914644934,-2.458805826325507],[-79.40703981496046,-2.458498112787825],[-79.40754561051158,-2.458098267105164],[-79.40831181830225,-2.457606397539466],[-79.40942274312064,-2.456976210365143],[-79.41109269671772,-2.45616961532738],[-79.41317480414946,-2.455734156615803]]}},{"type":"Feature","properties":{"fcode":"AP030","descripcio":"SISTEMA DE TRANSPORTE O COMUNICACIÓN","acc":7,"acc_desc":"PRECISA","rst":8,"rst_desc":"TEMPORAL","typ":1,"typ_desc":"VÍA","hct":4,"hct_desc":"RUTA LOCAL","wtc":2,"wtc_desc":"ÉPOCA SECA","loc":44,"loc_desc":"EN CONTACTO CON LA SUPERFICIE DE LA TIERRA","ltn":-32767,"mes":0,"mes_desc":"NO EXISTE","tuc":45,"tuc_desc":"GENERAL","txt":null,"SHAPE_Leng":213.972839866,"Shape_Le_1":213.972839866},"geometry":{"type":"LineString","coordinates":[[-79.41484676901817,-2.455733203709885],[-79.41526120072051,-2.457426599357404]]}},{"type":"Feature","properties":{"fcode":"AP030","descripcio":"SISTEMA DE TRANSPORTE O COMUNICACIÓN","acc":7,"acc_desc":"PRECISA","rst":8,"rst_desc":"TEMPORAL","typ":1,"typ_desc":"VÍA","hct":4,"hct_desc":"RUTA LOCAL","wtc":2,"wtc_desc":"ÉPOCA SECA","loc":44,"loc_desc":"EN CONTACTO CON LA SUPERFICIE DE LA TIERRA","ltn":-32767,"mes":0,"mes_desc":"NO EXISTE","tuc":45,"tuc_desc":"GENERAL","txt":null,"SHAPE_Leng":583.388920784,"Shape_Le_1":583.388920784},"geometry":{"type":"LineString","coordinates":[[-79.42172774694943,-2.455729282021869],[-79.42084676275402,-2.45717469248606]]}},{"type":"Feature","properties":{"fcode":"AP030","descripcio":"SISTEMA DE TRANSPORTE O COMUNICACIÓN","acc":7,"acc_desc":"PRECISA","rst":1,"rst_desc":"DURO/PAVIMENTO","typ":1,"typ_desc":"VÍA","hct":14,"hct_desc":"RUTA PRIMARIA","wtc":1,"wtc_desc":"TODO EL AÑO","loc":44,"loc_desc":"EN CONTACTO CON LA SUPERFICIE DE LA TIERRA","ltn":2,"mes":0,"mes_desc":"NO EXISTE","tuc":45,"tuc_desc":"GENERAL","txt":null,"SHAPE_Leng":1014.36191657,"Shape_Le_1":1014.36191657},"geometry":{"type":"LineString","coordinates":[[-79.39054476052372,-2.455922507016302],[-79.38833429022043,-2.45574831401418]]}},{"type":"Feature","properties":{"fcode":"AP030","descripcio":"SISTEMA DE TRANSPORTE O COMUNICACIÓN","acc":7,"acc_desc":"PRECISA","rst":999,"rst_desc":"OTRO","typ":33,"typ_desc":"CALLE","hct":4,"hct_desc":"RUTA LOCAL","wtc":1,"wtc_desc":"TODO EL AÑO","loc":44,"loc_desc":"EN CONTACTO CON LA SUPERFICIE DE LA TIERRA","ltn":-32767,"mes":0,"mes_desc":"NO EXISTE","tuc":45,"tuc_desc":"GENERAL","txt":null,"SHAPE_Leng":87.0921649995,"Shape_Le_1":87.0921649995},"geometry":{"type":"LineString","coordinates":[[-79.37999526378476,-2.455753066690379],[-79.38000212920524,-2.45582993422889]]}},{"type":"Feature","properties":{"fcode":"AP030","descripcio":"SISTEMA DE TRANSPORTE O COMUNICACIÓN","acc":7,"acc_desc":"PRECISA","rst":8,"rst_desc":"TEMPORAL","typ":1,"typ_desc":"VÍA","hct":4,"hct_desc":"RUTA LOCAL","wtc":2,"wtc_desc":"ÉPOCA SECA","loc":44,"loc_desc":"EN CONTACTO CON LA SUPERFICIE DE LA TIERRA","ltn":-32767,"mes":0,"mes_desc":"NO EXISTE","tuc":45,"tuc_desc":"GENERAL","txt":null,"SHAPE_Leng":288.887277253,"Shape_Le_1":288.887277253},"geometry":{"type":"LineString","coordinates":[[-79.43173733072257,-2.480112857937371],[-79.43176115783726,-2.479655634589964],[-79.43146797438386,-2.478784372760166],[-79.4312030118695,-2.478458844139606],[-79.43063452235239,-2.478181337947606],[-79.43046057543815,-2.478144955721368]]}},{"type":"Feature","properties":{"fcode":"AP030","descripcio":"SISTEMA DE TRANSPORTE O COMUNICACIÓN","acc":7,"acc_desc":"PRECISA","rst":8,"rst_desc":"TEMPORAL","typ":1,"typ_desc":"VÍA","hct":4,"hct_desc":"RUTA LOCAL","wtc":2,"wtc_desc":"ÉPOCA SECA","loc":44,"loc_desc":"EN CONTACTO CON LA SUPERFICIE DE LA TIERRA","ltn":-32767,"mes":0,"mes_desc":"NO EXISTE","tuc":45,"tuc_desc":"GENERAL","txt":null,"SHAPE_Leng":518.288066069,"Shape_Le_1":518.288066069},"geometry":{"type":"LineString","coordinates":[[-79.44046700673108,-2.478552054795155],[-79.44016783211632,-2.478644760987446],[-79.43791506782472,-2.479078362258597],[-79.43588918821192,-2.479416726191041]]}},{"type":"Feature","properties":{"fcode":"AP030","descripcio":"SISTEMA DE TRANSPORTE O COMUNICACIÓN","acc":7,"acc_desc":"PRECISA","rst":8,"rst_desc":"TEMPORAL","typ":1,"typ_desc":"VÍA","hct":4,"hct_desc":"RUTA LOCAL","wtc":2,"wtc_desc":"ÉPOCA SECA","loc":44,"loc_desc":"EN CONTACTO CON LA SUPERFICIE DE LA TIERRA","ltn":-32767,"mes":0,"mes_desc":"NO EXISTE","tuc":45,"tuc_desc":"GENERAL","txt":null,"SHAPE_Leng":504.709579946,"Shape_Le_1":504.709579946},"geometry":{"type":"LineString","coordinates":[[-79.4308707617765,-2.477394813916298],[-79.43204101537034,-2.477792684937717],[-79.43254307256719,-2.478209475715898],[-79.43274965716653,-2.478477326090114],[-79.43309106893398,-2.478786757300067],[-79.43329782859162,-2.478905928645231],[-79.43406437700665,-2.479133024787479],[-79.43441899843724,-2.479296957623752],[-79.43468476389253,-2.479628908222828]]}},{"type":"Feature","properties":{"fcode":"AP030","descripcio":"SISTEMA DE TRANSPORTE O COMUNICACIÓN","acc":7,"acc_desc":"PRECISA","rst":8,"rst_desc":"TEMPORAL","typ":1,"typ_desc":"VÍA","hct":4,"hct_desc":"RUTA LOCAL","wtc":2,"wtc_desc":"ÉPOCA SECA","loc":44,"loc_desc":"EN CONTACTO CON LA SUPERFICIE DE LA TIERRA","ltn":-32767,"mes":0,"mes_desc":"NO EXISTE","tuc":45,"tuc_desc":"GENERAL","txt":null,"SHAPE_Leng":327.560734216,"Shape_Le_1":327.560734216},"geometry":{"type":"LineString","coordinates":[[-79.43730942218586,-2.476821494509658],[-79.43588918821192,-2.479416726191041]]}},{"type":"Feature","properties":{"fcode":"AP030","descripcio":"SISTEMA DE TRANSPORTE O COMUNICACIÓN","acc":7,"acc_desc":"PRECISA","rst":2,"rst_desc":"SUELTO/NO PAVIMENTO","typ":1,"typ_desc":"VÍA","hct":14,"hct_desc":"RUTA PRIMARIA","wtc":1,"wtc_desc":"TODO EL AÑO","loc":44,"loc_desc":"EN CONTACTO CON LA SUPERFICIE DE LA TIERRA","ltn":2,"mes":0,"mes_desc":"NO EXISTE","tuc":45,"tuc_desc":"GENERAL","txt":null,"SHAPE_Leng":94.6629304425,"Shape_Le_1":94.6629304425},"geometry":{"type":"LineString","coordinates":[[-79.4308707617765,-2.477394813916298],[-79.43046057543815,-2.478144955721368]]}},{"type":"Feature","properties":{"fcode":"AP030","descripcio":"SISTEMA DE TRANSPORTE O COMUNICACIÓN","acc":7,"acc_desc":"PRECISA","rst":8,"rst_desc":"TEMPORAL","typ":1,"typ_desc":"VÍA","hct":4,"hct_desc":"RUTA LOCAL","wtc":2,"wtc_desc":"ÉPOCA SECA","loc":44,"loc_desc":"EN CONTACTO CON LA SUPERFICIE DE LA TIERRA","ltn":-32767,"mes":0,"mes_desc":"NO EXISTE","tuc":45,"tuc_desc":"GENERAL","txt":null,"SHAPE_Leng":399.988811123,"Shape_Le_1":399.988811123},"geometry":{"type":"LineString","coordinates":[[-79.43730942218586,-2.476821494509658],[-79.43957572638682,-2.478028992121839],[-79.44046700673108,-2.478552054795155]]}},{"type":"Feature","properties":{"fcode":"AP030","descripcio":"SISTEMA DE TRANSPORTE O COMUNICACIÓN","acc":7,"acc_desc":"PRECISA","rst":8,"rst_desc":"TEMPORAL","typ":1,"typ_desc":"VÍA","hct":4,"hct_desc":"RUTA LOCAL","wtc":2,"wtc_desc":"ÉPOCA SECA","loc":44,"loc_desc":"EN CONTACTO CON LA SUPERFICIE DE LA TIERRA","ltn":-32767,"mes":0,"mes_desc":"NO EXISTE","tuc":45,"tuc_desc":"GENERAL","txt":null,"SHAPE_Leng":245.407688363,"Shape_Le_1":245.407688363},"geometry":{"type":"LineString","coordinates":[[-79.43046057543815,-2.478144955721368],[-79.42957606299787,-2.477913738358861],[-79.42851420526416,-2.477173689624717]]}},{"type":"Feature","properties":{"fcode":"AP030","descripcio":"SISTEMA DE TRANSPORTE O COMUNICACIÓN","acc":7,"acc_desc":"PRECISA","rst":8,"rst_desc":"TEMPORAL","typ":1,"typ_desc":"VÍA","hct":4,"hct_desc":"RUTA LOCAL","wtc":2,"wtc_desc":"ÉPOCA SECA","loc":44,"loc_desc":"EN CONTACTO CON LA SUPERFICIE DE LA TIERRA","ltn":-32767,"mes":0,"mes_desc":"NO EXISTE","tuc":45,"tuc_desc":"GENERAL","txt":null,"SHAPE_Leng":202.16264739,"Shape_Le_1":202.16264739},"geometry":{"type":"LineString","coordinates":[[-79.42913022815591,-2.476867479838833],[-79.4308707617765,-2.477394813916298]]}},{"type":"Feature","properties":{"fcode":"AP030","descripcio":"SISTEMA DE TRANSPORTE O COMUNICACIÓN","acc":7,"acc_desc":"PRECISA","rst":8,"rst_desc":"TEMPORAL","typ":1,"typ_desc":"VÍA","hct":4,"hct_desc":"RUTA LOCAL","wtc":2,"wtc_desc":"ÉPOCA SECA","loc":44,"loc_desc":"EN CONTACTO CON LA SUPERFICIE DE LA TIERRA","ltn":-32767,"mes":0,"mes_desc":"NO EXISTE","tuc":45,"tuc_desc":"GENERAL","txt":null,"SHAPE_Leng":54.9395030922,"Shape_Le_1":54.9395030922},"geometry":{"type":"LineString","coordinates":[[-79.42875129077866,-2.476737793155173],[-79.42851420526416,-2.477173689624717]]}},{"type":"Feature","properties":{"fcode":"AP030","descripcio":"SISTEMA DE TRANSPORTE O COMUNICACIÓN","acc":7,"acc_desc":"PRECISA","rst":8,"rst_desc":"TEMPORAL","typ":1,"typ_desc":"VÍA","hct":4,"hct_desc":"RUTA LOCAL","wtc":2,"wtc_desc":"ÉPOCA SECA","loc":44,"loc_desc":"EN CONTACTO CON LA SUPERFICIE DE LA TIERRA","ltn":-32767,"mes":0,"mes_desc":"NO EXISTE","tuc":45,"tuc_desc":"GENERAL","txt":null,"SHAPE_Leng":44.5159488278,"Shape_Le_1":44.5159488278},"geometry":{"type":"LineString","coordinates":[[-79.42913022815591,-2.476867479838833],[-79.42875129077866,-2.476737793155173]]}},{"type":"Feature","properties":{"fcode":"AP030","descripcio":"SISTEMA DE TRANSPORTE O COMUNICACIÓN","acc":7,"acc_desc":"PRECISA","rst":2,"rst_desc":"SUELTO/NO PAVIMENTO","typ":1,"typ_desc":"VÍA","hct":14,"hct_desc":"RUTA PRIMARIA","wtc":1,"wtc_desc":"TODO EL AÑO","loc":44,"loc_desc":"EN CONTACTO CON LA SUPERFICIE DE LA TIERRA","ltn":2,"mes":0,"mes_desc":"NO EXISTE","tuc":45,"tuc_desc":"GENERAL","txt":null,"SHAPE_Leng":301.935650612,"Shape_Le_1":301.935650612},"geometry":{"type":"LineString","coordinates":[[-79.46280218315617,-2.481153106925778],[-79.4600937916519,-2.481342935605947]]}},{"type":"Feature","properties":{"fcode":"AP030","descripcio":"SISTEMA DE TRANSPORTE O COMUNICACIÓN","acc":7,"acc_desc":"PRECISA","rst":2,"rst_desc":"SUELTO/NO PAVIMENTO","typ":1,"typ_desc":"VÍA","hct":14,"hct_desc":"RUTA PRIMARIA","wtc":1,"wtc_desc":"TODO EL AÑO","loc":44,"loc_desc":"EN CONTACTO CON LA SUPERFICIE DE LA TIERRA","ltn":2,"mes":0,"mes_desc":"NO EXISTE","tuc":45,"tuc_desc":"GENERAL","txt":null,"SHAPE_Leng":330.183058318,"Shape_Le_1":330.183058318},"geometry":{"type":"LineString","coordinates":[[-79.46576381189732,-2.480943309193306],[-79.46280218315617,-2.481153106925778]]}},{"type":"Feature","properties":{"fcode":"AP030","descripcio":"SISTEMA DE TRANSPORTE O COMUNICACIÓN","acc":7,"acc_desc":"PRECISA","rst":8,"rst_desc":"TEMPORAL","typ":1,"typ_desc":"VÍA","hct":4,"hct_desc":"RUTA LOCAL","wtc":2,"wtc_desc":"ÉPOCA SECA","loc":44,"loc_desc":"EN CONTACTO CON LA SUPERFICIE DE LA TIERRA","ltn":-32767,"mes":0,"mes_desc":"NO EXISTE","tuc":45,"tuc_desc":"GENERAL","txt":null,"SHAPE_Leng":776.019155788,"Shape_Le_1":776.019155788},"geometry":{"type":"LineString","coordinates":[[-79.46005489996006,-2.475237375757093],[-79.45977376973639,-2.47348516017557],[-79.45609709010483,-2.469768182285085]]}},{"type":"Feature","properties":{"fcode":"AP030","descripcio":"SISTEMA DE TRANSPORTE O COMUNICACIÓN","acc":7,"acc_desc":"PRECISA","rst":8,"rst_desc":"TEMPORAL","typ":1,"typ_desc":"VÍA","hct":4,"hct_desc":"RUTA LOCAL","wtc":2,"wtc_desc":"ÉPOCA SECA","loc":44,"loc_desc":"EN CONTACTO CON LA SUPERFICIE DE LA TIERRA","ltn":-32767,"mes":0,"mes_desc":"NO EXISTE","tuc":45,"tuc_desc":"GENERAL","txt":null,"SHAPE_Leng":861.736733341,"Shape_Le_1":861.736733341},"geometry":{"type":"LineString","coordinates":[[-79.45825168749738,-2.46884279745936],[-79.45960183460829,-2.470220214498288],[-79.46069564287144,-2.471428755386031],[-79.46198398886264,-2.473068463921842],[-79.46234351953605,-2.473582213281561],[-79.46258286755797,-2.474141132496698],[-79.46283706383271,-2.475002134647081]]}},{"type":"Feature","properties":{"fcode":"AP030","descripcio":"SISTEMA DE TRANSPORTE O COMUNICACIÓN","acc":7,"acc_desc":"PRECISA","rst":8,"rst_desc":"TEMPORAL","typ":1,"typ_desc":"VÍA","hct":4,"hct_desc":"RUTA LOCAL","wtc":2,"wtc_desc":"ÉPOCA SECA","loc":44,"loc_desc":"EN CONTACTO CON LA SUPERFICIE DE LA TIERRA","ltn":-32767,"mes":0,"mes_desc":"NO EXISTE","tuc":45,"tuc_desc":"GENERAL","txt":null,"SHAPE_Leng":516.183103172,"Shape_Le_1":516.183103172},"geometry":{"type":"LineString","coordinates":[[-79.46399728989311,-2.472180890256063],[-79.46093134002291,-2.468676075629493]]}},{"type":"Feature","properties":{"fcode":"AP030","descripcio":"SISTEMA DE TRANSPORTE O COMUNICACIÓN","acc":7,"acc_desc":"PRECISA","rst":8,"rst_desc":"TEMPORAL","typ":1,"typ_desc":"VÍA","hct":4,"hct_desc":"RUTA LOCAL","wtc":2,"wtc_desc":"ÉPOCA SECA","loc":44,"loc_desc":"EN CONTACTO CON LA SUPERFICIE DE LA TIERRA","ltn":-32767,"mes":0,"mes_desc":"NO EXISTE","tuc":45,"tuc_desc":"GENERAL","txt":null,"SHAPE_Leng":649.698825463,"Shape_Le_1":649.698825463},"geometry":{"type":"LineString","coordinates":[[-79.46647209860583,-2.469997314982507],[-79.46609025004138,-2.47067299327232],[-79.46581297480283,-2.47095800610627],[-79.46559000545692,-2.471012100918481],[-79.46536027255195,-2.471005051127283],[-79.46514421878649,-2.470909658394892],[-79.46446938270171,-2.470283760727835],[-79.46336966856784,-2.469045821912746],[-79.46252608975759,-2.468236137519808],[-79.46229842483949,-2.46815167431875]]}},{"type":"Feature","properties":{"fcode":"AP030","descripcio":"SISTEMA DE TRANSPORTE O COMUNICACIÓN","acc":7,"acc_desc":"PRECISA","rst":8,"rst_desc":"TEMPORAL","typ":1,"typ_desc":"VÍA","hct":4,"hct_desc":"RUTA LOCAL","wtc":2,"wtc_desc":"ÉPOCA SECA","loc":44,"loc_desc":"EN CONTACTO CON LA SUPERFICIE DE LA TIERRA","ltn":-32767,"mes":0,"mes_desc":"NO EXISTE","tuc":45,"tuc_desc":"GENERAL","txt":null,"SHAPE_Leng":302.265403414,"Shape_Le_1":302.265403414},"geometry":{"type":"LineString","coordinates":[[-79.45825168749738,-2.46884279745936],[-79.45833045006913,-2.468769453156819],[-79.45858399780677,-2.468709064464516],[-79.45964607734528,-2.468734449336834],[-79.46093134002291,-2.468676075629493]]}},{"type":"Feature","properties":{"fcode":"AP030","descripcio":"SISTEMA DE TRANSPORTE O COMUNICACIÓN","acc":7,"acc_desc":"PRECISA","rst":8,"rst_desc":"TEMPORAL","typ":1,"typ_desc":"VÍA","hct":4,"hct_desc":"RUTA LOCAL","wtc":2,"wtc_desc":"ÉPOCA SECA","loc":44,"loc_desc":"EN CONTACTO CON LA SUPERFICIE DE LA TIERRA","ltn":-32767,"mes":0,"mes_desc":"NO EXISTE","tuc":45,"tuc_desc":"GENERAL","txt":null,"SHAPE_Leng":163.841390619,"Shape_Le_1":163.841390619},"geometry":{"type":"LineString","coordinates":[[-79.46093134002291,-2.468676075629493],[-79.46225376617379,-2.468203353369584],[-79.46229842483949,-2.46815167431875]]}},{"type":"Feature","properties":{"fcode":"AP030","descripcio":"SISTEMA DE TRANSPORTE O COMUNICACIÓN","acc":7,"acc_desc":"PRECISA","rst":8,"rst_desc":"TEMPORAL","typ":1,"typ_desc":"VÍA","hct":4,"hct_desc":"RUTA LOCAL","wtc":2,"wtc_desc":"ÉPOCA SECA","loc":44,"loc_desc":"EN CONTACTO CON LA SUPERFICIE DE LA TIERRA","ltn":-32767,"mes":0,"mes_desc":"NO EXISTE","tuc":45,"tuc_desc":"GENERAL","txt":null,"SHAPE_Leng":463.599044909,"Shape_Le_1":463.599044909},"geometry":{"type":"LineString","coordinates":[[-79.46391287186324,-2.466688531676136],[-79.46567451216417,-2.468911031764943],[-79.46647209860583,-2.469997314982507]]}},{"type":"Feature","properties":{"fcode":"AP030","descripcio":"SISTEMA DE TRANSPORTE O COMUNICACIÓN","acc":7,"acc_desc":"PRECISA","rst":8,"rst_desc":"TEMPORAL","typ":1,"typ_desc":"VÍA","hct":4,"hct_desc":"RUTA LOCAL","wtc":2,"wtc_desc":"ÉPOCA SECA","loc":44,"loc_desc":"EN CONTACTO CON LA SUPERFICIE DE LA TIERRA","ltn":-32767,"mes":0,"mes_desc":"NO EXISTE","tuc":45,"tuc_desc":"GENERAL","txt":null,"SHAPE_Leng":244.145933361,"Shape_Le_1":244.145933361},"geometry":{"type":"LineString","coordinates":[[-79.46229842483949,-2.46815167431875],[-79.46250769081375,-2.467815123594104],[-79.46391287186324,-2.466688531676136]]}},{"type":"Feature","properties":{"fcode":"AP030","descripcio":"SISTEMA DE TRANSPORTE O COMUNICACIÓN","acc":7,"acc_desc":"PRECISA","rst":8,"rst_desc":"TEMPORAL","typ":1,"typ_desc":"VÍA","hct":4,"hct_desc":"RUTA LOCAL","wtc":2,"wtc_desc":"ÉPOCA SECA","loc":44,"loc_desc":"EN CONTACTO CON LA SUPERFICIE DE LA TIERRA","ltn":-32767,"mes":0,"mes_desc":"NO EXISTE","tuc":45,"tuc_desc":"GENERAL","txt":null,"SHAPE_Leng":618.4471917,"Shape_Le_1":618.4471917},"geometry":{"type":"LineString","coordinates":[[-79.42851420526416,-2.477173689624717],[-79.42769494600499,-2.476737709006889],[-79.42684846208903,-2.476437713336593],[-79.42522713447295,-2.476163923099804],[-79.42499300850652,-2.476073025350948],[-79.42433581838347,-2.475682546401263],[-79.42353659923188,-2.474954838520492]]}},{"type":"Feature","properties":{"fcode":"AP030","descripcio":"SISTEMA DE TRANSPORTE O COMUNICACIÓN","acc":7,"acc_desc":"PRECISA","rst":2,"rst_desc":"SUELTO/NO PAVIMENTO","typ":1,"typ_desc":"VÍA","hct":14,"hct_desc":"RUTA PRIMARIA","wtc":1,"wtc_desc":"TODO EL AÑO","loc":44,"loc_desc":"EN CONTACTO CON LA SUPERFICIE DE LA TIERRA","ltn":2,"mes":0,"mes_desc":"NO EXISTE","tuc":45,"tuc_desc":"GENERAL","txt":null,"SHAPE_Leng":394.038932595,"Shape_Le_1":394.038932595},"geometry":{"type":"LineString","coordinates":[[-79.43257836217502,-2.474272412090359],[-79.4308707617765,-2.477394813916298]]}},{"type":"Feature","properties":{"fcode":"AP030","descripcio":"SISTEMA DE TRANSPORTE O COMUNICACIÓN","acc":7,"acc_desc":"PRECISA","rst":8,"rst_desc":"TEMPORAL","typ":1,"typ_desc":"VÍA","hct":4,"hct_desc":"RUTA LOCAL","wtc":2,"wtc_desc":"ÉPOCA SECA","loc":44,"loc_desc":"EN CONTACTO CON LA SUPERFICIE DE LA TIERRA","ltn":-32767,"mes":0,"mes_desc":"NO EXISTE","tuc":45,"tuc_desc":"GENERAL","txt":null,"SHAPE_Leng":596.90127222,"Shape_Le_1":596.90127222},"geometry":{"type":"LineString","coordinates":[[-79.43257836217502,-2.474272412090359],[-79.43730942218586,-2.476821494509658]]}},{"type":"Feature","properties":{"fcode":"AP030","descripcio":"SISTEMA DE TRANSPORTE O COMUNICACIÓN","acc":7,"acc_desc":"PRECISA","rst":8,"rst_desc":"TEMPORAL","typ":1,"typ_desc":"VÍA","hct":4,"hct_desc":"RUTA LOCAL","wtc":2,"wtc_desc":"ÉPOCA SECA","loc":44,"loc_desc":"EN CONTACTO CON LA SUPERFICIE DE LA TIERRA","ltn":-32767,"mes":0,"mes_desc":"NO EXISTE","tuc":45,"tuc_desc":"GENERAL","txt":null,"SHAPE_Leng":439.175172122,"Shape_Le_1":439.175172122},"geometry":{"type":"LineString","coordinates":[[-79.4308686047548,-2.473342672511317],[-79.43030072413192,-2.47446034597784],[-79.4297381390133,-2.475203071558778],[-79.42913022815591,-2.476867479838833]]}},{"type":"Feature","properties":{"fcode":"AP030","descripcio":"SISTEMA DE TRANSPORTE O COMUNICACIÓN","acc":7,"acc_desc":"PRECISA","rst":8,"rst_desc":"TEMPORAL","typ":1,"typ_desc":"VÍA","hct":4,"hct_desc":"RUTA LOCAL","wtc":2,"wtc_desc":"ÉPOCA SECA","loc":44,"loc_desc":"EN CONTACTO CON LA SUPERFICIE DE LA TIERRA","ltn":-32767,"mes":0,"mes_desc":"NO EXISTE","tuc":45,"tuc_desc":"GENERAL","txt":null,"SHAPE_Leng":446.054123208,"Shape_Le_1":446.054123208},"geometry":{"type":"LineString","coordinates":[[-79.43049820968373,-2.47313657740802],[-79.4300765218283,-2.47395878475451],[-79.42966146040709,-2.47457444057413],[-79.42921002789,-2.475380332860661],[-79.4288933979237,-2.476476417819383],[-79.42875129077866,-2.476737793155173]]}},{"type":"Feature","properties":{"fcode":"AP030","descripcio":"SISTEMA DE TRANSPORTE O COMUNICACIÓN","acc":7,"acc_desc":"PRECISA","rst":8,"rst_desc":"TEMPORAL","typ":1,"typ_desc":"VÍA","hct":4,"hct_desc":"RUTA LOCAL","wtc":2,"wtc_desc":"ÉPOCA SECA","loc":44,"loc_desc":"EN CONTACTO CON LA SUPERFICIE DE LA TIERRA","ltn":-32767,"mes":0,"mes_desc":"NO EXISTE","tuc":45,"tuc_desc":"GENERAL","txt":null,"SHAPE_Leng":735.888840173,"Shape_Le_1":735.888840173},"geometry":{"type":"LineString","coordinates":[[-79.42875129077866,-2.476737793155173],[-79.42804590675419,-2.476496388789029],[-79.42691548777032,-2.475948527849075],[-79.42619521521576,-2.475523879413319],[-79.42329900741034,-2.473079070165066]]}},{"type":"Feature","properties":{"fcode":"AP030","descripcio":"SISTEMA DE TRANSPORTE O COMUNICACIÓN","acc":7,"acc_desc":"PRECISA","rst":8,"rst_desc":"TEMPORAL","typ":1,"typ_desc":"VÍA","hct":4,"hct_desc":"RUTA LOCAL","wtc":2,"wtc_desc":"ÉPOCA SECA","loc":44,"loc_desc":"EN CONTACTO CON LA SUPERFICIE DE LA TIERRA","ltn":-32767,"mes":0,"mes_desc":"NO EXISTE","tuc":45,"tuc_desc":"GENERAL","txt":null,"SHAPE_Leng":573.614960143,"Shape_Le_1":573.614960143},"geometry":{"type":"LineString","coordinates":[[-79.43979645754206,-2.472276776330104],[-79.43730942218586,-2.476821494509658]]}},{"type":"Feature","properties":{"fcode":"AP030","descripcio":"SISTEMA DE TRANSPORTE O COMUNICACIÓN","acc":7,"acc_desc":"PRECISA","rst":8,"rst_desc":"TEMPORAL","typ":1,"typ_desc":"VÍA","hct":4,"hct_desc":"RUTA LOCAL","wtc":2,"wtc_desc":"ÉPOCA SECA","loc":44,"loc_desc":"EN CONTACTO CON LA SUPERFICIE DE LA TIERRA","ltn":-32767,"mes":0,"mes_desc":"NO EXISTE","tuc":45,"tuc_desc":"GENERAL","txt":null,"SHAPE_Leng":216.168975263,"Shape_Le_1":216.168975263},"geometry":{"type":"LineString","coordinates":[[-79.4308686047548,-2.473342672511317],[-79.43257836217502,-2.474272412090359]]}},{"type":"Feature","properties":{"fcode":"AP030","descripcio":"SISTEMA DE TRANSPORTE O COMUNICACIÓN","acc":7,"acc_desc":"PRECISA","rst":8,"rst_desc":"TEMPORAL","typ":1,"typ_desc":"VÍA","hct":4,"hct_desc":"RUTA LOCAL","wtc":2,"wtc_desc":"ÉPOCA SECA","loc":44,"loc_desc":"EN CONTACTO CON LA SUPERFICIE DE LA TIERRA","ltn":-32767,"mes":0,"mes_desc":"NO EXISTE","tuc":45,"tuc_desc":"GENERAL","txt":null,"SHAPE_Leng":47.0764909481,"Shape_Le_1":47.0764909481},"geometry":{"type":"LineString","coordinates":[[-79.43049820968373,-2.47313657740802],[-79.4308686047548,-2.473342672511317]]}},{"type":"Feature","properties":{"fcode":"AP030","descripcio":"SISTEMA DE TRANSPORTE O COMUNICACIÓN","acc":7,"acc_desc":"PRECISA","rst":2,"rst_desc":"SUELTO/NO PAVIMENTO","typ":1,"typ_desc":"VÍA","hct":14,"hct_desc":"RUTA PRIMARIA","wtc":1,"wtc_desc":"TODO EL AÑO","loc":44,"loc_desc":"EN CONTACTO CON LA SUPERFICIE DE LA TIERRA","ltn":2,"mes":0,"mes_desc":"NO EXISTE","tuc":45,"tuc_desc":"GENERAL","txt":null,"SHAPE_Leng":588.108631123,"Shape_Le_1":588.108631123},"geometry":{"type":"LineString","coordinates":[[-79.43512685634428,-2.469612112993213],[-79.43257836217502,-2.474272412090359]]}},{"type":"Feature","properties":{"fcode":"AP030","descripcio":"SISTEMA DE TRANSPORTE O COMUNICACIÓN","acc":7,"acc_desc":"PRECISA","rst":2,"rst_desc":"SUELTO/NO PAVIMENTO","typ":1,"typ_desc":"VÍA","hct":15,"hct_desc":"RUTA SECUNDARIA","wtc":1,"wtc_desc":"TODO EL AÑO","loc":44,"loc_desc":"EN CONTACTO CON LA SUPERFICIE DE LA TIERRA","ltn":1,"mes":0,"mes_desc":"NO EXISTE","tuc":45,"tuc_desc":"GENERAL","txt":null,"SHAPE_Leng":2209.36467884,"Shape_Le_1":2209.36467884},"geometry":{"type":"LineString","coordinates":[[-79.4179914252921,-2.474971802553431],[-79.41764128855694,-2.475352664216968],[-79.4173685403049,-2.475455163564132],[-79.41713859383167,-2.475480571605882],[-79.41672998842985,-2.475274518190452],[-79.41646641886574,-2.475068005831675],[-79.41622807697323,-2.474742780276838],[-79.41602381949787,-2.474639708386832],[-79.41553840270501,-2.474604849842463],[-79.41530847855593,-2.474536022582643],[-79.41512124591951,-2.47440728703955],[-79.41478949413938,-2.47399576310282],[-79.41456813263619,-2.473909763119485],[-79.41422747113401,-2.473883669705692],[-79.4139889424869,-2.473943342521875],[-79.41269355521483,-2.47466998041532],[-79.41184956615251,-2.475379976910749],[-79.41133767711463,-2.476056187524633],[-79.41062531646067,-2.47745112625624],[-79.41048022986436,-2.477645208875225],[-79.41010963949469,-2.477984712515607],[-79.40991634504199,-2.478113984260833],[-79.40940104147596,-2.478259055245399],[-79.40843538090931,-2.478225512456098],[-79.4082423958312,-2.478095774283975],[-79.40792090241393,-2.477755435267307],[-79.40759977660808,-2.477107522536894],[-79.40743990995264,-2.476200704521345],[-79.4074568555435,-2.475488357534646],[-79.40765051659432,-2.475051512295628],[-79.40815032883114,-2.474323650295572],[-79.4085166346218,-2.473428681062523],[-79.40856896024233,-2.472603421173367],[-79.40839707111166,-2.47159728944174],[-79.40841152051448,-2.471167100712758]]}},{"type":"Feature","properties":{"fcode":"AP030","descripcio":"SISTEMA DE TRANSPORTE O COMUNICACIÓN","acc":7,"acc_desc":"PRECISA","rst":2,"rst_desc":"SUELTO/NO PAVIMENTO","typ":1,"typ_desc":"VÍA","hct":15,"hct_desc":"RUTA SECUNDARIA","wtc":1,"wtc_desc":"TODO EL AÑO","loc":44,"loc_desc":"EN CONTACTO CON LA SUPERFICIE DE LA TIERRA","ltn":1,"mes":0,"mes_desc":"NO EXISTE","tuc":45,"tuc_desc":"GENERAL","txt":null,"SHAPE_Leng":100.48819828,"Shape_Le_1":100.48819828},"geometry":{"type":"LineString","coordinates":[[-79.41850490172014,-2.474243858903296],[-79.41798068680968,-2.474928379981771],[-79.4179914252921,-2.474971802553431]]}},{"type":"Feature","properties":{"fcode":"AP030","descripcio":"SISTEMA DE TRANSPORTE O COMUNICACIÓN","acc":7,"acc_desc":"PRECISA","rst":8,"rst_desc":"TEMPORAL","typ":1,"typ_desc":"VÍA","hct":4,"hct_desc":"RUTA LOCAL","wtc":2,"wtc_desc":"ÉPOCA SECA","loc":44,"loc_desc":"EN CONTACTO CON LA SUPERFICIE DE LA TIERRA","ltn":-32767,"mes":0,"mes_desc":"NO EXISTE","tuc":45,"tuc_desc":"GENERAL","txt":null,"SHAPE_Leng":172.989017779,"Shape_Le_1":172.989017779},"geometry":{"type":"LineString","coordinates":[[-79.42353659923188,-2.474954838520492],[-79.42236323079493,-2.473929055003607]]}},{"type":"Feature","properties":{"fcode":"AP030","descripcio":"SISTEMA DE TRANSPORTE O COMUNICACIÓN","acc":7,"acc_desc":"PRECISA","rst":8,"rst_desc":"TEMPORAL","typ":1,"typ_desc":"VÍA","hct":4,"hct_desc":"RUTA LOCAL","wtc":2,"wtc_desc":"ÉPOCA SECA","loc":44,"loc_desc":"EN CONTACTO CON LA SUPERFICIE DE LA TIERRA","ltn":-32767,"mes":0,"mes_desc":"NO EXISTE","tuc":45,"tuc_desc":"GENERAL","txt":null,"SHAPE_Leng":209.087908068,"Shape_Le_1":209.087908068},"geometry":{"type":"LineString","coordinates":[[-79.42353659923188,-2.474954838520492],[-79.42329900741034,-2.473079070165066]]}},{"type":"Feature","properties":{"fcode":"AP030","descripcio":"SISTEMA DE TRANSPORTE O COMUNICACIÓN","acc":7,"acc_desc":"PRECISA","rst":8,"rst_desc":"TEMPORAL","typ":1,"typ_desc":"VÍA","hct":4,"hct_desc":"RUTA LOCAL","wtc":2,"wtc_desc":"ÉPOCA SECA","loc":44,"loc_desc":"EN CONTACTO CON LA SUPERFICIE DE LA TIERRA","ltn":-32767,"mes":0,"mes_desc":"NO EXISTE","tuc":45,"tuc_desc":"GENERAL","txt":null,"SHAPE_Leng":461.346380384,"Shape_Le_1":461.346380384},"geometry":{"type":"LineString","coordinates":[[-79.42236323079493,-2.473929055003607],[-79.421844216062,-2.473714822047752],[-79.4211245139448,-2.473571613245802],[-79.41959043212786,-2.473510359770763],[-79.41912989767363,-2.47372351055126],[-79.41850490172014,-2.474243858903296]]}},{"type":"Feature","properties":{"fcode":"AP030","descripcio":"SISTEMA DE TRANSPORTE O COMUNICACIÓN","acc":7,"acc_desc":"PRECISA","rst":8,"rst_desc":"TEMPORAL","typ":1,"typ_desc":"VÍA","hct":4,"hct_desc":"RUTA LOCAL","wtc":2,"wtc_desc":"ÉPOCA SECA","loc":44,"loc_desc":"EN CONTACTO CON LA SUPERFICIE DE LA TIERRA","ltn":-32767,"mes":0,"mes_desc":"NO EXISTE","tuc":45,"tuc_desc":"GENERAL","txt":null,"SHAPE_Leng":136.692183267,"Shape_Le_1":136.692183267},"geometry":{"type":"LineString","coordinates":[[-79.42292713588836,-2.472831009164862],[-79.42236323079493,-2.473929055003607]]}},{"type":"Feature","properties":{"fcode":"AP030","descripcio":"SISTEMA DE TRANSPORTE O COMUNICACIÓN","acc":7,"acc_desc":"PRECISA","rst":8,"rst_desc":"TEMPORAL","typ":1,"typ_desc":"VÍA","hct":4,"hct_desc":"RUTA LOCAL","wtc":2,"wtc_desc":"ÉPOCA SECA","loc":44,"loc_desc":"EN CONTACTO CON LA SUPERFICIE DE LA TIERRA","ltn":-32767,"mes":0,"mes_desc":"NO EXISTE","tuc":45,"tuc_desc":"GENERAL","txt":null,"SHAPE_Leng":49.626570504,"Shape_Le_1":49.626570504},"geometry":{"type":"LineString","coordinates":[[-79.42329900741034,-2.473079070165066],[-79.42292713588836,-2.472831009164862]]}},{"type":"Feature","properties":{"fcode":"AP030","descripcio":"SISTEMA DE TRANSPORTE O COMUNICACIÓN","acc":7,"acc_desc":"PRECISA","rst":2,"rst_desc":"SUELTO/NO PAVIMENTO","typ":1,"typ_desc":"VÍA","hct":15,"hct_desc":"RUTA SECUNDARIA","wtc":1,"wtc_desc":"TODO EL AÑO","loc":44,"loc_desc":"EN CONTACTO CON LA SUPERFICIE DE LA TIERRA","ltn":1,"mes":0,"mes_desc":"NO EXISTE","tuc":45,"tuc_desc":"GENERAL","txt":null,"SHAPE_Leng":729.243298497,"Shape_Le_1":729.243298497},"geometry":{"type":"LineString","coordinates":[[-79.41796992723933,-2.468752886212566],[-79.4182108716827,-2.469842848364729],[-79.41826686796973,-2.469936969734242],[-79.41834076567343,-2.47070812298839],[-79.41817193084222,-2.471140480385332],[-79.41704860011463,-2.47236147868502],[-79.41704828796398,-2.472624830322066],[-79.41714155555408,-2.472831771167911],[-79.41850490172014,-2.474243858903296]]}},{"type":"Feature","properties":{"fcode":"AP030","descripcio":"SISTEMA DE TRANSPORTE O COMUNICACIÓN","acc":7,"acc_desc":"PRECISA","rst":8,"rst_desc":"TEMPORAL","typ":1,"typ_desc":"VÍA","hct":4,"hct_desc":"RUTA LOCAL","wtc":2,"wtc_desc":"ÉPOCA SECA","loc":44,"loc_desc":"EN CONTACTO CON LA SUPERFICIE DE LA TIERRA","ltn":-32767,"mes":0,"mes_desc":"NO EXISTE","tuc":45,"tuc_desc":"GENERAL","txt":null,"SHAPE_Leng":757.983158374,"Shape_Le_1":757.983158374},"geometry":{"type":"LineString","coordinates":[[-79.42292713588836,-2.472831009164862],[-79.42201845277789,-2.472363539398277],[-79.42105382114687,-2.472294558339737],[-79.42083216679093,-2.472227369870104],[-79.42061050169644,-2.472093258004499],[-79.41985741122538,-2.471367866631034],[-79.41943688512654,-2.470597293047077],[-79.41919160057132,-2.469907237240797],[-79.4190056393782,-2.469615446197301],[-79.41796992723933,-2.468752886212566]]}},{"type":"Feature","properties":{"fcode":"AP030","descripcio":"SISTEMA DE TRANSPORTE O COMUNICACIÓN","acc":7,"acc_desc":"PRECISA","rst":2,"rst_desc":"SUELTO/NO PAVIMENTO","typ":1,"typ_desc":"VÍA","hct":15,"hct_desc":"RUTA SECUNDARIA","wtc":1,"wtc_desc":"TODO EL AÑO","loc":44,"loc_desc":"EN CONTACTO CON LA SUPERFICIE DE LA TIERRA","ltn":1,"mes":0,"mes_desc":"NO EXISTE","tuc":45,"tuc_desc":"GENERAL","txt":null,"SHAPE_Leng":117.948799108,"Shape_Le_1":117.948799108},"geometry":{"type":"LineString","coordinates":[[-79.41771893847124,-2.467716631729016],[-79.41796992723933,-2.468752886212566]]}},{"type":"Feature","properties":{"fcode":"AP030","descripcio":"SISTEMA DE TRANSPORTE O COMUNICACIÓN","acc":7,"acc_desc":"PRECISA","rst":1,"rst_desc":"DURO/PAVIMENTO","typ":1,"typ_desc":"VÍA","hct":14,"hct_desc":"RUTA PRIMARIA","wtc":1,"wtc_desc":"TODO EL AÑO","loc":44,"loc_desc":"EN CONTACTO CON LA SUPERFICIE DE LA TIERRA","ltn":2,"mes":0,"mes_desc":"NO EXISTE","tuc":45,"tuc_desc":"GENERAL","txt":null,"SHAPE_Leng":578.497750723,"Shape_Le_1":578.497750723},"geometry":{"type":"LineString","coordinates":[[-79.44433051648956,-2.474840527095969],[-79.43979645754206,-2.472276776330104]]}},{"type":"Feature","properties":{"fcode":"AP030","descripcio":"SISTEMA DE TRANSPORTE O COMUNICACIÓN","acc":7,"acc_desc":"PRECISA","rst":2,"rst_desc":"SUELTO/NO PAVIMENTO","typ":1,"typ_desc":"VÍA","hct":14,"hct_desc":"RUTA PRIMARIA","wtc":1,"wtc_desc":"TODO EL AÑO","loc":44,"loc_desc":"EN CONTACTO CON LA SUPERFICIE DE LA TIERRA","ltn":2,"mes":0,"mes_desc":"NO EXISTE","tuc":45,"tuc_desc":"GENERAL","txt":null,"SHAPE_Leng":595.231761669,"Shape_Le_1":595.231761669},"geometry":{"type":"LineString","coordinates":[[-79.44819994873357,-2.471121384389571],[-79.44433051648956,-2.474840527095969]]}},{"type":"Feature","properties":{"fcode":"AP030","descripcio":"SISTEMA DE TRANSPORTE O COMUNICACIÓN","acc":7,"acc_desc":"PRECISA","rst":8,"rst_desc":"TEMPORAL","typ":1,"typ_desc":"VÍA","hct":4,"hct_desc":"RUTA LOCAL","wtc":2,"wtc_desc":"ÉPOCA SECA","loc":44,"loc_desc":"EN CONTACTO CON LA SUPERFICIE DE LA TIERRA","ltn":-32767,"mes":0,"mes_desc":"NO EXISTE","tuc":45,"tuc_desc":"GENERAL","txt":null,"SHAPE_Leng":394.966794808,"Shape_Le_1":394.966794808},"geometry":{"type":"LineString","coordinates":[[-79.45402021322283,-2.4698099788633],[-79.45645910849747,-2.472406515938565]]}},{"type":"Feature","properties":{"fcode":"AP030","descripcio":"SISTEMA DE TRANSPORTE O COMUNICACIÓN","acc":7,"acc_desc":"PRECISA","rst":8,"rst_desc":"TEMPORAL","typ":1,"typ_desc":"VÍA","hct":4,"hct_desc":"RUTA LOCAL","wtc":2,"wtc_desc":"ÉPOCA SECA","loc":44,"loc_desc":"EN CONTACTO CON LA SUPERFICIE DE LA TIERRA","ltn":-32767,"mes":0,"mes_desc":"NO EXISTE","tuc":45,"tuc_desc":"GENERAL","txt":null,"SHAPE_Leng":862.540415927,"Shape_Le_1":862.540415927},"geometry":{"type":"LineString","coordinates":[[-79.44510880025156,-2.470166250696846],[-79.44391998685457,-2.471107938602306],[-79.44350903605151,-2.471287064223435],[-79.44188359551022,-2.471446760264803],[-79.44071347033275,-2.471705840293753],[-79.44035631976017,-2.471705418538329],[-79.43990097367733,-2.471633163500895],[-79.43920478075407,-2.471371880071139],[-79.43862462310497,-2.471074829822189],[-79.43801369740966,-2.470638288122456]]}},{"type":"Feature","properties":{"fcode":"AP030","descripcio":"SISTEMA DE TRANSPORTE O COMUNICACIÓN","acc":7,"acc_desc":"PRECISA","rst":2,"rst_desc":"SUELTO/NO PAVIMENTO","typ":1,"typ_desc":"VÍA","hct":14,"hct_desc":"RUTA PRIMARIA","wtc":1,"wtc_desc":"TODO EL AÑO","loc":44,"loc_desc":"EN CONTACTO CON LA SUPERFICIE DE LA TIERRA","ltn":2,"mes":0,"mes_desc":"NO EXISTE","tuc":45,"tuc_desc":"GENERAL","txt":null,"SHAPE_Leng":81.4068805437,"Shape_Le_1":81.4068805437},"geometry":{"type":"LineString","coordinates":[[-79.4487291640593,-2.470612748553418],[-79.44819994873357,-2.471121384389571]]}},{"type":"Feature","properties":{"fcode":"AP030","descripcio":"SISTEMA DE TRANSPORTE O COMUNICACIÓN","acc":7,"acc_desc":"PRECISA","rst":8,"rst_desc":"TEMPORAL","typ":1,"typ_desc":"VÍA","hct":4,"hct_desc":"RUTA LOCAL","wtc":2,"wtc_desc":"ÉPOCA SECA","loc":44,"loc_desc":"EN CONTACTO CON LA SUPERFICIE DE LA TIERRA","ltn":-32767,"mes":0,"mes_desc":"NO EXISTE","tuc":45,"tuc_desc":"GENERAL","txt":null,"SHAPE_Leng":696.934804391,"Shape_Le_1":696.934804391},"geometry":{"type":"LineString","coordinates":[[-79.4487291640593,-2.470612748553418],[-79.44896744524382,-2.470845273614931],[-79.44918385040742,-2.470945371461712],[-79.449878625967,-2.470882608846339],[-79.4512555427955,-2.470874637372042],[-79.45271127406745,-2.471370769754221],[-79.45284660377227,-2.471367672505686],[-79.45275891653172,-2.471227480760976],[-79.4519165625254,-2.470378272679511],[-79.45169716408664,-2.470067359978961],[-79.45164704862052,-2.469861554087685]]}},{"type":"Feature","properties":{"fcode":"AP030","descripcio":"SISTEMA DE TRANSPORTE O COMUNICACIÓN","acc":7,"acc_desc":"PRECISA","rst":2,"rst_desc":"SUELTO/NO PAVIMENTO","typ":1,"typ_desc":"VÍA","hct":14,"hct_desc":"RUTA PRIMARIA","wtc":1,"wtc_desc":"TODO EL AÑO","loc":44,"loc_desc":"EN CONTACTO CON LA SUPERFICIE DE LA TIERRA","ltn":2,"mes":0,"mes_desc":"NO EXISTE","tuc":45,"tuc_desc":"GENERAL","txt":null,"SHAPE_Leng":112.632871313,"Shape_Le_1":112.632871313},"geometry":{"type":"LineString","coordinates":[[-79.44946136915236,-2.469909003880109],[-79.4487291640593,-2.470612748553418]]}},{"type":"Feature","properties":{"fcode":"AP030","descripcio":"SISTEMA DE TRANSPORTE O COMUNICACIÓN","acc":7,"acc_desc":"PRECISA","rst":8,"rst_desc":"TEMPORAL","typ":1,"typ_desc":"VÍA","hct":4,"hct_desc":"RUTA LOCAL","wtc":2,"wtc_desc":"ÉPOCA SECA","loc":44,"loc_desc":"EN CONTACTO CON LA SUPERFICIE DE LA TIERRA","ltn":-32767,"mes":0,"mes_desc":"NO EXISTE","tuc":45,"tuc_desc":"GENERAL","txt":null,"SHAPE_Leng":243.132897403,"Shape_Le_1":243.132897403},"geometry":{"type":"LineString","coordinates":[[-79.44946136915236,-2.469909003880109],[-79.45164704862052,-2.469861554087685]]}},{"type":"Feature","properties":{"fcode":"AP030","descripcio":"SISTEMA DE TRANSPORTE O COMUNICACIÓN","acc":7,"acc_desc":"PRECISA","rst":8,"rst_desc":"TEMPORAL","typ":1,"typ_desc":"VÍA","hct":4,"hct_desc":"RUTA LOCAL","wtc":2,"wtc_desc":"ÉPOCA SECA","loc":44,"loc_desc":"EN CONTACTO CON LA SUPERFICIE DE LA TIERRA","ltn":-32767,"mes":0,"mes_desc":"NO EXISTE","tuc":45,"tuc_desc":"GENERAL","txt":null,"SHAPE_Leng":244.95379197,"Shape_Le_1":244.95379197},"geometry":{"type":"LineString","coordinates":[[-79.45164704862052,-2.469861554087685],[-79.45384909581057,-2.469813577096241]]}},{"type":"Feature","properties":{"fcode":"AP030","descripcio":"SISTEMA DE TRANSPORTE O COMUNICACIÓN","acc":7,"acc_desc":"PRECISA","rst":8,"rst_desc":"TEMPORAL","typ":1,"typ_desc":"VÍA","hct":4,"hct_desc":"RUTA LOCAL","wtc":2,"wtc_desc":"ÉPOCA SECA","loc":44,"loc_desc":"EN CONTACTO CON LA SUPERFICIE DE LA TIERRA","ltn":-32767,"mes":0,"mes_desc":"NO EXISTE","tuc":45,"tuc_desc":"GENERAL","txt":null,"SHAPE_Leng":19.0346342222,"Shape_Le_1":19.0346342222},"geometry":{"type":"LineString","coordinates":[[-79.45384909581057,-2.469813577096241],[-79.45402021322283,-2.4698099788633]]}},{"type":"Feature","properties":{"fcode":"AP030","descripcio":"SISTEMA DE TRANSPORTE O COMUNICACIÓN","acc":7,"acc_desc":"PRECISA","rst":1,"rst_desc":"DURO/PAVIMENTO","typ":1,"typ_desc":"VÍA","hct":14,"hct_desc":"RUTA PRIMARIA","wtc":1,"wtc_desc":"TODO EL AÑO","loc":44,"loc_desc":"EN CONTACTO CON LA SUPERFICIE DE LA TIERRA","ltn":2,"mes":0,"mes_desc":"NO EXISTE","tuc":45,"tuc_desc":"GENERAL","txt":null,"SHAPE_Leng":268.197972401,"Shape_Le_1":268.197972401},"geometry":{"type":"LineString","coordinates":[[-79.43979645754206,-2.472276776330104],[-79.43770279560137,-2.471073106803337]]}},{"type":"Feature","properties":{"fcode":"AP030","descripcio":"SISTEMA DE TRANSPORTE O COMUNICACIÓN","acc":7,"acc_desc":"PRECISA","rst":8,"rst_desc":"TEMPORAL","typ":1,"typ_desc":"VÍA","hct":4,"hct_desc":"RUTA LOCAL","wtc":2,"wtc_desc":"ÉPOCA SECA","loc":44,"loc_desc":"EN CONTACTO CON LA SUPERFICIE DE LA TIERRA","ltn":-32767,"mes":0,"mes_desc":"NO EXISTE","tuc":45,"tuc_desc":"GENERAL","txt":null,"SHAPE_Leng":672.069093444,"Shape_Le_1":672.069093444},"geometry":{"type":"LineString","coordinates":[[-79.42551173195733,-2.469749553471679],[-79.42734985179767,-2.471313684070911],[-79.42859803336037,-2.472112917292484],[-79.43049820968373,-2.47313657740802]]}},{"type":"Feature","properties":{"fcode":"AP030","descripcio":"SISTEMA DE TRANSPORTE O COMUNICACIÓN","acc":7,"acc_desc":"PRECISA","rst":8,"rst_desc":"TEMPORAL","typ":1,"typ_desc":"VÍA","hct":4,"hct_desc":"RUTA LOCAL","wtc":2,"wtc_desc":"ÉPOCA SECA","loc":44,"loc_desc":"EN CONTACTO CON LA SUPERFICIE DE LA TIERRA","ltn":-32767,"mes":0,"mes_desc":"NO EXISTE","tuc":45,"tuc_desc":"GENERAL","txt":null,"SHAPE_Leng":448.656424611,"Shape_Le_1":448.656424611},"geometry":{"type":"LineString","coordinates":[[-79.42551173195733,-2.469749553471679],[-79.42506981352925,-2.470418895046366],[-79.42393559439499,-2.471497723542437],[-79.4231911594014,-2.472349837544911],[-79.42292713588836,-2.472831009164862]]}},{"type":"Feature","properties":{"fcode":"AP030","descripcio":"SISTEMA DE TRANSPORTE O COMUNICACIÓN","acc":7,"acc_desc":"PRECISA","rst":8,"rst_desc":"TEMPORAL","typ":1,"typ_desc":"VÍA","hct":4,"hct_desc":"RUTA LOCAL","wtc":2,"wtc_desc":"ÉPOCA SECA","loc":44,"loc_desc":"EN CONTACTO CON LA SUPERFICIE DE LA TIERRA","ltn":-32767,"mes":0,"mes_desc":"NO EXISTE","tuc":45,"tuc_desc":"GENERAL","txt":null,"SHAPE_Leng":570.80103166,"Shape_Le_1":570.80103166},"geometry":{"type":"LineString","coordinates":[[-79.43170754139626,-2.468582228045251],[-79.43203658008046,-2.468783479901619],[-79.43122169421719,-2.470521896499093],[-79.4310583744937,-2.471161004755084],[-79.43098372978099,-2.471785296074013],[-79.4309529771345,-2.472781246873941],[-79.4308686047548,-2.473342672511317]]}},{"type":"Feature","properties":{"fcode":"AP030","descripcio":"SISTEMA DE TRANSPORTE O COMUNICACIÓN","acc":7,"acc_desc":"PRECISA","rst":8,"rst_desc":"TEMPORAL","typ":1,"typ_desc":"VÍA","hct":4,"hct_desc":"RUTA LOCAL","wtc":2,"wtc_desc":"ÉPOCA SECA","loc":44,"loc_desc":"EN CONTACTO CON LA SUPERFICIE DE LA TIERRA","ltn":-32767,"mes":0,"mes_desc":"NO EXISTE","tuc":45,"tuc_desc":"GENERAL","txt":null,"SHAPE_Leng":535.780151492,"Shape_Le_1":535.780151492},"geometry":{"type":"LineString","coordinates":[[-79.43170754139626,-2.468582228045251],[-79.43103651443516,-2.469637741172719],[-79.43072945625352,-2.470244483005365],[-79.43058418144872,-2.471213889927959],[-79.43056424984971,-2.472872036092325],[-79.43049820968373,-2.47313657740802]]}},{"type":"Feature","properties":{"fcode":"AP030","descripcio":"SISTEMA DE TRANSPORTE O COMUNICACIÓN","acc":7,"acc_desc":"PRECISA","rst":8,"rst_desc":"TEMPORAL","typ":1,"typ_desc":"VÍA","hct":4,"hct_desc":"RUTA LOCAL","wtc":2,"wtc_desc":"ÉPOCA SECA","loc":44,"loc_desc":"EN CONTACTO CON LA SUPERFICIE DE LA TIERRA","ltn":-32767,"mes":0,"mes_desc":"NO EXISTE","tuc":45,"tuc_desc":"GENERAL","txt":null,"SHAPE_Leng":59.2550673421,"Shape_Le_1":59.2550673421},"geometry":{"type":"LineString","coordinates":[[-79.43801369740966,-2.470638288122456],[-79.43770279560137,-2.471073106803337]]}},{"type":"Feature","properties":{"fcode":"AP030","descripcio":"SISTEMA DE TRANSPORTE O COMUNICACIÓN","acc":7,"acc_desc":"PRECISA","rst":1,"rst_desc":"DURO/PAVIMENTO","typ":1,"typ_desc":"VÍA","hct":14,"hct_desc":"RUTA PRIMARIA","wtc":1,"wtc_desc":"TODO EL AÑO","loc":44,"loc_desc":"EN CONTACTO CON LA SUPERFICIE DE LA TIERRA","ltn":2,"mes":0,"mes_desc":"NO EXISTE","tuc":45,"tuc_desc":"GENERAL","txt":null,"SHAPE_Leng":328.896950345,"Shape_Le_1":328.896950345},"geometry":{"type":"LineString","coordinates":[[-79.43770279560137,-2.471073106803337],[-79.43512685634428,-2.469612112993213]]}},{"type":"Feature","properties":{"fcode":"AP030","descripcio":"SISTEMA DE TRANSPORTE O COMUNICACIÓN","acc":7,"acc_desc":"PRECISA","rst":8,"rst_desc":"TEMPORAL","typ":1,"typ_desc":"VÍA","hct":4,"hct_desc":"RUTA LOCAL","wtc":2,"wtc_desc":"ÉPOCA SECA","loc":44,"loc_desc":"EN CONTACTO CON LA SUPERFICIE DE LA TIERRA","ltn":-32767,"mes":0,"mes_desc":"NO EXISTE","tuc":45,"tuc_desc":"GENERAL","txt":null,"SHAPE_Leng":272.950797615,"Shape_Le_1":272.950797615},"geometry":{"type":"LineString","coordinates":[[-79.4236560535344,-2.468134305148293],[-79.42551173195733,-2.469749553471679]]}},{"type":"Feature","properties":{"fcode":"AP030","descripcio":"SISTEMA DE TRANSPORTE O COMUNICACIÓN","acc":7,"acc_desc":"PRECISA","rst":1,"rst_desc":"DURO/PAVIMENTO","typ":1,"typ_desc":"VÍA","hct":14,"hct_desc":"RUTA PRIMARIA","wtc":1,"wtc_desc":"TODO EL AÑO","loc":44,"loc_desc":"EN CONTACTO CON LA SUPERFICIE DE LA TIERRA","ltn":2,"mes":0,"mes_desc":"NO EXISTE","tuc":45,"tuc_desc":"GENERAL","txt":null,"SHAPE_Leng":362.581267718,"Shape_Le_1":362.581267718},"geometry":{"type":"LineString","coordinates":[[-79.43512685634428,-2.469612112993213],[-79.43227467054275,-2.468023725612812]]}},{"type":"Feature","properties":{"fcode":"AP030","descripcio":"SISTEMA DE TRANSPORTE O COMUNICACIÓN","acc":7,"acc_desc":"PRECISA","rst":8,"rst_desc":"TEMPORAL","typ":1,"typ_desc":"VÍA","hct":4,"hct_desc":"RUTA LOCAL","wtc":2,"wtc_desc":"ÉPOCA SECA","loc":44,"loc_desc":"EN CONTACTO CON LA SUPERFICIE DE LA TIERRA","ltn":-32767,"mes":0,"mes_desc":"NO EXISTE","tuc":45,"tuc_desc":"GENERAL","txt":null,"SHAPE_Leng":812.169146095,"Shape_Le_1":812.169146095},"geometry":{"type":"LineString","coordinates":[[-79.44396207218946,-2.46677655113323],[-79.44353179420276,-2.467184824716155],[-79.44255434587153,-2.467769169578521],[-79.44022403111204,-2.46933443468471],[-79.43999699975961,-2.469403713451218],[-79.43928655496394,-2.469412822950107],[-79.43875353124419,-2.469640367957592],[-79.43838801675543,-2.470027009702039],[-79.43801369740966,-2.470638288122456]]}},{"type":"Feature","properties":{"fcode":"AP030","descripcio":"SISTEMA DE TRANSPORTE O COMUNICACIÓN","acc":7,"acc_desc":"PRECISA","rst":8,"rst_desc":"TEMPORAL","typ":1,"typ_desc":"VÍA","hct":4,"hct_desc":"RUTA LOCAL","wtc":2,"wtc_desc":"ÉPOCA SECA","loc":44,"loc_desc":"EN CONTACTO CON LA SUPERFICIE DE LA TIERRA","ltn":-32767,"mes":0,"mes_desc":"NO EXISTE","tuc":45,"tuc_desc":"GENERAL","txt":null,"SHAPE_Leng":231.021758716,"Shape_Le_1":231.021758716},"geometry":{"type":"LineString","coordinates":[[-79.45402021322283,-2.4698099788633],[-79.45609709010483,-2.469768182285085]]}},{"type":"Feature","properties":{"fcode":"AP030","descripcio":"SISTEMA DE TRANSPORTE O COMUNICACIÓN","acc":7,"acc_desc":"PRECISA","rst":8,"rst_desc":"TEMPORAL","typ":1,"typ_desc":"VÍA","hct":4,"hct_desc":"RUTA LOCAL","wtc":2,"wtc_desc":"ÉPOCA SECA","loc":44,"loc_desc":"EN CONTACTO CON LA SUPERFICIE DE LA TIERRA","ltn":-32767,"mes":0,"mes_desc":"NO EXISTE","tuc":45,"tuc_desc":"GENERAL","txt":null,"SHAPE_Leng":264.328755086,"Shape_Le_1":264.328755086},"geometry":{"type":"LineString","coordinates":[[-79.45609709010483,-2.469768182285085],[-79.45703794917178,-2.469569230979686],[-79.45825168749738,-2.46884279745936]]}},{"type":"Feature","properties":{"fcode":"AP030","descripcio":"SISTEMA DE TRANSPORTE O COMUNICACIÓN","acc":7,"acc_desc":"PRECISA","rst":8,"rst_desc":"TEMPORAL","typ":1,"typ_desc":"VÍA","hct":4,"hct_desc":"RUTA LOCAL","wtc":2,"wtc_desc":"ÉPOCA SECA","loc":44,"loc_desc":"EN CONTACTO CON LA SUPERFICIE DE LA TIERRA","ltn":-32767,"mes":0,"mes_desc":"NO EXISTE","tuc":45,"tuc_desc":"GENERAL","txt":null,"SHAPE_Leng":521.617578672,"Shape_Le_1":521.617578672},"geometry":{"type":"LineString","coordinates":[[-79.4462419225436,-2.466696027115467],[-79.44634618753363,-2.46719428255978],[-79.44676048617502,-2.4678480939388],[-79.44784179286431,-2.468965551046484],[-79.4487291640593,-2.470612748553418]]}},{"type":"Feature","properties":{"fcode":"AP030","descripcio":"SISTEMA DE TRANSPORTE O COMUNICACIÓN","acc":7,"acc_desc":"PRECISA","rst":8,"rst_desc":"TEMPORAL","typ":1,"typ_desc":"VÍA","hct":4,"hct_desc":"RUTA LOCAL","wtc":2,"wtc_desc":"ÉPOCA SECA","loc":44,"loc_desc":"EN CONTACTO CON LA SUPERFICIE DE LA TIERRA","ltn":-32767,"mes":0,"mes_desc":"NO EXISTE","tuc":45,"tuc_desc":"GENERAL","txt":null,"SHAPE_Leng":387.506128984,"Shape_Le_1":387.506128984},"geometry":{"type":"LineString","coordinates":[[-79.45583061205026,-2.46693090571048],[-79.45384909581057,-2.469813577096241]]}},{"type":"Feature","properties":{"fcode":"AP030","descripcio":"SISTEMA DE TRANSPORTE O COMUNICACIÓN","acc":7,"acc_desc":"PRECISA","rst":8,"rst_desc":"TEMPORAL","typ":1,"typ_desc":"VÍA","hct":4,"hct_desc":"RUTA LOCAL","wtc":2,"wtc_desc":"ÉPOCA SECA","loc":44,"loc_desc":"EN CONTACTO CON LA SUPERFICIE DE LA TIERRA","ltn":-32767,"mes":0,"mes_desc":"NO EXISTE","tuc":45,"tuc_desc":"GENERAL","txt":null,"SHAPE_Leng":608.596875854,"Shape_Le_1":608.596875854},"geometry":{"type":"LineString","coordinates":[[-79.45486746079388,-2.465411500451303],[-79.45164704862052,-2.469861554087685]]}},{"type":"Feature","properties":{"fcode":"AP030","descripcio":"SISTEMA DE TRANSPORTE O COMUNICACIÓN","acc":7,"acc_desc":"PRECISA","rst":8,"rst_desc":"TEMPORAL","typ":1,"typ_desc":"VÍA","hct":4,"hct_desc":"RUTA LOCAL","wtc":2,"wtc_desc":"ÉPOCA SECA","loc":44,"loc_desc":"EN CONTACTO CON LA SUPERFICIE DE LA TIERRA","ltn":-32767,"mes":0,"mes_desc":"NO EXISTE","tuc":45,"tuc_desc":"GENERAL","txt":null,"SHAPE_Leng":253.915604825,"Shape_Le_1":253.915604825},"geometry":{"type":"LineString","coordinates":[[-79.4462419225436,-2.466696027115467],[-79.44396207218946,-2.46677655113323]]}},{"type":"Feature","properties":{"fcode":"AP030","descripcio":"SISTEMA DE TRANSPORTE O COMUNICACIÓN","acc":7,"acc_desc":"PRECISA","rst":2,"rst_desc":"SUELTO/NO PAVIMENTO","typ":1,"typ_desc":"VÍA","hct":14,"hct_desc":"RUTA PRIMARIA","wtc":1,"wtc_desc":"TODO EL AÑO","loc":44,"loc_desc":"EN CONTACTO CON LA SUPERFICIE DE LA TIERRA","ltn":2,"mes":0,"mes_desc":"NO EXISTE","tuc":45,"tuc_desc":"GENERAL","txt":null,"SHAPE_Leng":1088.59214759,"Shape_Le_1":1088.59214759},"geometry":{"type":"LineString","coordinates":[[-79.45656780810874,-2.463139768560452],[-79.45566347838282,-2.463947687334195],[-79.44946136915236,-2.469909003880109]]}},{"type":"Feature","properties":{"fcode":"AP030","descripcio":"SISTEMA DE TRANSPORTE O COMUNICACIÓN","acc":7,"acc_desc":"PRECISA","rst":8,"rst_desc":"TEMPORAL","typ":1,"typ_desc":"VÍA","hct":4,"hct_desc":"RUTA LOCAL","wtc":2,"wtc_desc":"ÉPOCA SECA","loc":44,"loc_desc":"EN CONTACTO CON LA SUPERFICIE DE LA TIERRA","ltn":-32767,"mes":0,"mes_desc":"NO EXISTE","tuc":45,"tuc_desc":"GENERAL","txt":null,"SHAPE_Leng":439.818565753,"Shape_Le_1":439.818565753},"geometry":{"type":"LineString","coordinates":[[-79.44620428065099,-2.463566644119056],[-79.44580365183613,-2.464616883776503],[-79.44444050861843,-2.466322572212284],[-79.44396207218946,-2.46677655113323]]}},{"type":"Feature","properties":{"fcode":"AP030","descripcio":"SISTEMA DE TRANSPORTE O COMUNICACIÓN","acc":7,"acc_desc":"PRECISA","rst":8,"rst_desc":"TEMPORAL","typ":1,"typ_desc":"VÍA","hct":4,"hct_desc":"RUTA LOCAL","wtc":2,"wtc_desc":"ÉPOCA SECA","loc":44,"loc_desc":"EN CONTACTO CON LA SUPERFICIE DE LA TIERRA","ltn":-32767,"mes":0,"mes_desc":"NO EXISTE","tuc":45,"tuc_desc":"GENERAL","txt":null,"SHAPE_Leng":1500.88752531,"Shape_Le_1":1500.88752531},"geometry":{"type":"LineString","coordinates":[[-79.45656780810874,-2.463139768560452],[-79.4557171922821,-2.462826131677829],[-79.45420571236372,-2.462411608622122],[-79.45238109130023,-2.461964161121328],[-79.45215418083501,-2.462007306635237],[-79.4519812623526,-2.462170074633469],[-79.45193774902346,-2.462398109314344],[-79.45191448805781,-2.463853687191103],[-79.4518599229666,-2.464385853022889],[-79.45141672153562,-2.464852358369436],[-79.45121141776683,-2.464949882078763],[-79.45073606795424,-2.465068794996772],[-79.45025005377822,-2.46507907885351],[-79.45004497613195,-2.464981165501129],[-79.44929978180829,-2.464947644843308],[-79.44909446550754,-2.465056020687879],[-79.44860770929927,-2.465707238540806],[-79.44821849286748,-2.466065188839575],[-79.44673836869254,-2.466606624022424],[-79.4462419225436,-2.466696027115467]]}},{"type":"Feature","properties":{"fcode":"AP030","descripcio":"SISTEMA DE TRANSPORTE O COMUNICACIÓN","acc":7,"acc_desc":"PRECISA","rst":8,"rst_desc":"TEMPORAL","typ":1,"typ_desc":"VÍA","hct":4,"hct_desc":"RUTA LOCAL","wtc":2,"wtc_desc":"ÉPOCA SECA","loc":44,"loc_desc":"EN CONTACTO CON LA SUPERFICIE DE LA TIERRA","ltn":-32767,"mes":0,"mes_desc":"NO EXISTE","tuc":45,"tuc_desc":"GENERAL","txt":null,"SHAPE_Leng":367.462921666,"Shape_Le_1":367.462921666},"geometry":{"type":"LineString","coordinates":[[-79.4438557966037,-2.465533265571478],[-79.4420347870321,-2.46276028708246]]}},{"type":"Feature","properties":{"fcode":"AP030","descripcio":"SISTEMA DE TRANSPORTE O COMUNICACIÓN","acc":7,"acc_desc":"PRECISA","rst":8,"rst_desc":"TEMPORAL","typ":1,"typ_desc":"VÍA","hct":4,"hct_desc":"RUTA LOCAL","wtc":2,"wtc_desc":"ÉPOCA SECA","loc":44,"loc_desc":"EN CONTACTO CON LA SUPERFICIE DE LA TIERRA","ltn":-32767,"mes":0,"mes_desc":"NO EXISTE","tuc":45,"tuc_desc":"GENERAL","txt":null,"SHAPE_Leng":1320.09641593,"Shape_Le_1":1320.09641593},"geometry":{"type":"LineString","coordinates":[[-79.44396207218946,-2.46677655113323],[-79.44193190963145,-2.467100552604213],[-79.44136998554099,-2.467360713586245],[-79.44077548896655,-2.467794476472854],[-79.44055942015584,-2.467870279970594],[-79.43963068222654,-2.467858422523676],[-79.43912334289462,-2.467651444879011],[-79.4387237530936,-2.46765088285485],[-79.43850758182548,-2.467737538367516],[-79.43745924050437,-2.468431495027332],[-79.43700548394585,-2.468539483992852],[-79.43627112161273,-2.468549558691617],[-79.43583930168738,-2.468429579824178],[-79.43555872069892,-2.468233721749951],[-79.43487199339228,-2.467493491369538],[-79.43377111813469,-2.465978625522115]]}},{"type":"Feature","properties":{"fcode":"AP030","descripcio":"SISTEMA DE TRANSPORTE O COMUNICACIÓN","acc":7,"acc_desc":"PRECISA","rst":2,"rst_desc":"SUELTO/NO PAVIMENTO","typ":1,"typ_desc":"VÍA","hct":14,"hct_desc":"RUTA PRIMARIA","wtc":1,"wtc_desc":"TODO EL AÑO","loc":44,"loc_desc":"EN CONTACTO CON LA SUPERFICIE DE LA TIERRA","ltn":2,"mes":0,"mes_desc":"NO EXISTE","tuc":45,"tuc_desc":"GENERAL","txt":null,"SHAPE_Leng":280.774668551,"Shape_Le_1":280.774668551},"geometry":{"type":"LineString","coordinates":[[-79.43377111813469,-2.465978625522115],[-79.43227467054275,-2.468023725612812]]}},{"type":"Feature","properties":{"fcode":"AP030","descripcio":"SISTEMA DE TRANSPORTE O COMUNICACIÓN","acc":7,"acc_desc":"PRECISA","rst":1,"rst_desc":"DURO/PAVIMENTO","typ":1,"typ_desc":"VÍA","hct":14,"hct_desc":"RUTA PRIMARIA","wtc":1,"wtc_desc":"TODO EL AÑO","loc":44,"loc_desc":"EN CONTACTO CON LA SUPERFICIE DE LA TIERRA","ltn":2,"mes":0,"mes_desc":"NO EXISTE","tuc":45,"tuc_desc":"GENERAL","txt":null,"SHAPE_Leng":590.025142971,"Shape_Le_1":590.025142971},"geometry":{"type":"LineString","coordinates":[[-79.43227467054275,-2.468023725612812],[-79.42762955582965,-2.465445903495544]]}},{"type":"Feature","properties":{"fcode":"AP030","descripcio":"SISTEMA DE TRANSPORTE O COMUNICACIÓN","acc":7,"acc_desc":"PRECISA","rst":8,"rst_desc":"TEMPORAL","typ":1,"typ_desc":"VÍA","hct":4,"hct_desc":"RUTA LOCAL","wtc":2,"wtc_desc":"ÉPOCA SECA","loc":44,"loc_desc":"EN CONTACTO CON LA SUPERFICIE DE LA TIERRA","ltn":-32767,"mes":0,"mes_desc":"NO EXISTE","tuc":45,"tuc_desc":"GENERAL","txt":null,"SHAPE_Leng":1076.92377328,"Shape_Le_1":1076.92377328},"geometry":{"type":"LineString","coordinates":[[-79.42411978707116,-2.463443250605907],[-79.4238242912592,-2.463852850609128],[-79.42580355781554,-2.464970204350891],[-79.43170754139626,-2.468582228045251]]}},{"type":"Feature","properties":{"fcode":"AP030","descripcio":"SISTEMA DE TRANSPORTE O COMUNICACIÓN","acc":7,"acc_desc":"PRECISA","rst":2,"rst_desc":"SUELTO/NO PAVIMENTO","typ":1,"typ_desc":"VÍA","hct":14,"hct_desc":"RUTA PRIMARIA","wtc":1,"wtc_desc":"TODO EL AÑO","loc":44,"loc_desc":"EN CONTACTO CON LA SUPERFICIE DE LA TIERRA","ltn":2,"mes":0,"mes_desc":"NO EXISTE","tuc":45,"tuc_desc":"GENERAL","txt":null,"SHAPE_Leng":279.026584444,"Shape_Le_1":279.026584444},"geometry":{"type":"LineString","coordinates":[[-79.43526178764937,-2.463948888319984],[-79.43377111813469,-2.465978625522115]]}},{"type":"Feature","properties":{"fcode":"AP030","descripcio":"SISTEMA DE TRANSPORTE O COMUNICACIÓN","acc":7,"acc_desc":"PRECISA","rst":1,"rst_desc":"DURO/PAVIMENTO","typ":1,"typ_desc":"VÍA","hct":14,"hct_desc":"RUTA PRIMARIA","wtc":1,"wtc_desc":"TODO EL AÑO","loc":44,"loc_desc":"EN CONTACTO CON LA SUPERFICIE DE LA TIERRA","ltn":2,"mes":0,"mes_desc":"NO EXISTE","tuc":45,"tuc_desc":"GENERAL","txt":null,"SHAPE_Leng":448.933994898,"Shape_Le_1":448.933994898},"geometry":{"type":"LineString","coordinates":[[-79.42762955582965,-2.465445903495544],[-79.42505314339961,-2.464030845457604],[-79.42411978707116,-2.463443250605907]]}},{"type":"Feature","properties":{"fcode":"AP030","descripcio":"SISTEMA DE TRANSPORTE O COMUNICACIÓN","acc":7,"acc_desc":"PRECISA","rst":8,"rst_desc":"TEMPORAL","typ":1,"typ_desc":"VÍA","hct":4,"hct_desc":"RUTA LOCAL","wtc":2,"wtc_desc":"ÉPOCA SECA","loc":44,"loc_desc":"EN CONTACTO CON LA SUPERFICIE DE LA TIERRA","ltn":-32767,"mes":0,"mes_desc":"NO EXISTE","tuc":45,"tuc_desc":"GENERAL","txt":null,"SHAPE_Leng":547.637254485,"Shape_Le_1":547.637254485},"geometry":{"type":"LineString","coordinates":[[-79.43086587656457,-2.461713139883715],[-79.42762955582965,-2.465445903495544]]}},{"type":"Feature","properties":{"fcode":"AP030","descripcio":"SISTEMA DE TRANSPORTE O COMUNICACIÓN","acc":7,"acc_desc":"PRECISA","rst":2,"rst_desc":"SUELTO/NO PAVIMENTO","typ":1,"typ_desc":"VÍA","hct":14,"hct_desc":"RUTA PRIMARIA","wtc":1,"wtc_desc":"TODO EL AÑO","loc":44,"loc_desc":"EN CONTACTO CON LA SUPERFICIE DE LA TIERRA","ltn":2,"mes":0,"mes_desc":"NO EXISTE","tuc":45,"tuc_desc":"GENERAL","txt":null,"SHAPE_Leng":130.814349367,"Shape_Le_1":130.814349367},"geometry":{"type":"LineString","coordinates":[[-79.43596298549271,-2.462999035784593],[-79.43526178764937,-2.463948888319984]]}},{"type":"Feature","properties":{"fcode":"AP030","descripcio":"SISTEMA DE TRANSPORTE O COMUNICACIÓN","acc":7,"acc_desc":"PRECISA","rst":2,"rst_desc":"SUELTO/NO PAVIMENTO","typ":1,"typ_desc":"VÍA","hct":14,"hct_desc":"RUTA PRIMARIA","wtc":1,"wtc_desc":"TODO EL AÑO","loc":44,"loc_desc":"EN CONTACTO CON LA SUPERFICIE DE LA TIERRA","ltn":2,"mes":0,"mes_desc":"NO EXISTE","tuc":45,"tuc_desc":"GENERAL","txt":null,"SHAPE_Leng":755.455493064,"Shape_Le_1":755.455493064},"geometry":{"type":"LineString","coordinates":[[-79.43526178764937,-2.463948888319984],[-79.4419534857842,-2.46277457113856]]}},{"type":"Feature","properties":{"fcode":"AP030","descripcio":"SISTEMA DE TRANSPORTE O COMUNICACIÓN","acc":7,"acc_desc":"PRECISA","rst":8,"rst_desc":"TEMPORAL","typ":1,"typ_desc":"VÍA","hct":4,"hct_desc":"RUTA LOCAL","wtc":2,"wtc_desc":"ÉPOCA SECA","loc":44,"loc_desc":"EN CONTACTO CON LA SUPERFICIE DE LA TIERRA","ltn":-32767,"mes":0,"mes_desc":"NO EXISTE","tuc":45,"tuc_desc":"GENERAL","txt":null,"SHAPE_Leng":304.69830472,"Shape_Le_1":304.69830472},"geometry":{"type":"LineString","coordinates":[[-79.43596298549271,-2.462999035784593],[-79.43353989325173,-2.461713045930409]]}},{"type":"Feature","properties":{"fcode":"AP030","descripcio":"SISTEMA DE TRANSPORTE O COMUNICACIÓN","acc":7,"acc_desc":"PRECISA","rst":8,"rst_desc":"TEMPORAL","typ":1,"typ_desc":"VÍA","hct":4,"hct_desc":"RUTA LOCAL","wtc":2,"wtc_desc":"ÉPOCA SECA","loc":44,"loc_desc":"EN CONTACTO CON LA SUPERFICIE DE LA TIERRA","ltn":-32767,"mes":0,"mes_desc":"NO EXISTE","tuc":45,"tuc_desc":"GENERAL","txt":null,"SHAPE_Leng":558.431598944,"Shape_Le_1":558.431598944},"geometry":{"type":"LineString","coordinates":[[-79.4206532403133,-2.464224116179196],[-79.4211604843144,-2.465572955780466],[-79.42178400546875,-2.466451119336446],[-79.42215039227528,-2.466850383603166],[-79.4236560535344,-2.468134305148293]]}},{"type":"Feature","properties":{"fcode":"AP030","descripcio":"SISTEMA DE TRANSPORTE O COMUNICACIÓN","acc":7,"acc_desc":"PRECISA","rst":2,"rst_desc":"SUELTO/NO PAVIMENTO","typ":1,"typ_desc":"VÍA","hct":15,"hct_desc":"RUTA SECUNDARIA","wtc":1,"wtc_desc":"TODO EL AÑO","loc":44,"loc_desc":"EN CONTACTO CON LA SUPERFICIE DE LA TIERRA","ltn":1,"mes":0,"mes_desc":"NO EXISTE","tuc":45,"tuc_desc":"GENERAL","txt":null,"SHAPE_Leng":443.554986377,"Shape_Le_1":443.554986377},"geometry":{"type":"LineString","coordinates":[[-79.41677133563158,-2.463820203394655],[-79.41771893847124,-2.467716631729016]]}},{"type":"Feature","properties":{"fcode":"AP030","descripcio":"SISTEMA DE TRANSPORTE O COMUNICACIÓN","acc":7,"acc_desc":"PRECISA","rst":8,"rst_desc":"TEMPORAL","typ":1,"typ_desc":"VÍA","hct":4,"hct_desc":"RUTA LOCAL","wtc":2,"wtc_desc":"ÉPOCA SECA","loc":44,"loc_desc":"EN CONTACTO CON LA SUPERFICIE DE LA TIERRA","ltn":-32767,"mes":0,"mes_desc":"NO EXISTE","tuc":45,"tuc_desc":"GENERAL","txt":null,"SHAPE_Leng":660.169695215,"Shape_Le_1":660.169695215},"geometry":{"type":"LineString","coordinates":[[-79.422243716947,-2.462352517572312],[-79.42231771354712,-2.463043725653022],[-79.42299930958023,-2.465306911107282],[-79.42361957868437,-2.467649970948496],[-79.4236560535344,-2.468134305148293]]}},{"type":"Feature","properties":{"fcode":"AP030","descripcio":"SISTEMA DE TRANSPORTE O COMUNICACIÓN","acc":7,"acc_desc":"PRECISA","rst":8,"rst_desc":"TEMPORAL","typ":1,"typ_desc":"VÍA","hct":4,"hct_desc":"RUTA LOCAL","wtc":2,"wtc_desc":"ÉPOCA SECA","loc":44,"loc_desc":"EN CONTACTO CON LA SUPERFICIE DE LA TIERRA","ltn":-32767,"mes":0,"mes_desc":"NO EXISTE","tuc":45,"tuc_desc":"GENERAL","txt":null,"SHAPE_Leng":495.028123912,"Shape_Le_1":495.028123912},"geometry":{"type":"LineString","coordinates":[[-79.4206532403133,-2.464224116179196],[-79.41984597144032,-2.464990510907784],[-79.41957122591786,-2.465035130177138],[-79.41934151232334,-2.465017039907832],[-79.41677133563158,-2.463820203394655]]}},{"type":"Feature","properties":{"fcode":"AP030","descripcio":"SISTEMA DE TRANSPORTE O COMUNICACIÓN","acc":7,"acc_desc":"PRECISA","rst":1,"rst_desc":"DURO/PAVIMENTO","typ":1,"typ_desc":"VÍA","hct":14,"hct_desc":"RUTA PRIMARIA","wtc":1,"wtc_desc":"TODO EL AÑO","loc":44,"loc_desc":"EN CONTACTO CON LA SUPERFICIE DE LA TIERRA","ltn":2,"mes":0,"mes_desc":"NO EXISTE","tuc":45,"tuc_desc":"GENERAL","txt":null,"SHAPE_Leng":241.232653206,"Shape_Le_1":241.232653206},"geometry":{"type":"LineString","coordinates":[[-79.42411978707116,-2.463443250605907],[-79.42299460356328,-2.462734874735912],[-79.422243716947,-2.462352517572312]]}},{"type":"Feature","properties":{"fcode":"AP030","descripcio":"SISTEMA DE TRANSPORTE O COMUNICACIÓN","acc":7,"acc_desc":"PRECISA","rst":8,"rst_desc":"TEMPORAL","typ":1,"typ_desc":"VÍA","hct":4,"hct_desc":"RUTA LOCAL","wtc":2,"wtc_desc":"ÉPOCA SECA","loc":44,"loc_desc":"EN CONTACTO CON LA SUPERFICIE DE LA TIERRA","ltn":-32767,"mes":0,"mes_desc":"NO EXISTE","tuc":45,"tuc_desc":"GENERAL","txt":null,"SHAPE_Leng":330.571500391,"Shape_Le_1":330.571500391},"geometry":{"type":"LineString","coordinates":[[-79.4196943858934,-2.461395009281819],[-79.42018217044192,-2.462928044891586],[-79.4206532403133,-2.464224116179196]]}},{"type":"Feature","properties":{"fcode":"AP030","descripcio":"SISTEMA DE TRANSPORTE O COMUNICACIÓN","acc":7,"acc_desc":"PRECISA","rst":2,"rst_desc":"SUELTO/NO PAVIMENTO","typ":1,"typ_desc":"VÍA","hct":15,"hct_desc":"RUTA SECUNDARIA","wtc":1,"wtc_desc":"TODO EL AÑO","loc":44,"loc_desc":"EN CONTACTO CON LA SUPERFICIE DE LA TIERRA","ltn":1,"mes":0,"mes_desc":"NO EXISTE","tuc":45,"tuc_desc":"GENERAL","txt":null,"SHAPE_Leng":366.298008887,"Shape_Le_1":366.298008887},"geometry":{"type":"LineString","coordinates":[[-79.41601355813691,-2.46059640187673],[-79.41677133563158,-2.463820203394655]]}},{"type":"Feature","properties":{"fcode":"AP030","descripcio":"SISTEMA DE TRANSPORTE O COMUNICACIÓN","acc":7,"acc_desc":"PRECISA","rst":1,"rst_desc":"DURO/PAVIMENTO","typ":1,"typ_desc":"VÍA","hct":14,"hct_desc":"RUTA PRIMARIA","wtc":1,"wtc_desc":"TODO EL AÑO","loc":44,"loc_desc":"EN CONTACTO CON LA SUPERFICIE DE LA TIERRA","ltn":2,"mes":0,"mes_desc":"NO EXISTE","tuc":45,"tuc_desc":"GENERAL","txt":null,"SHAPE_Leng":110.768230745,"Shape_Le_1":110.768230745},"geometry":{"type":"LineString","coordinates":[[-79.422243716947,-2.462352517572312],[-79.42170939811831,-2.462080389523161],[-79.42133532653979,-2.461946459096542]]}},{"type":"Feature","properties":{"fcode":"AP030","descripcio":"SISTEMA DE TRANSPORTE O COMUNICACIÓN","acc":7,"acc_desc":"PRECISA","rst":1,"rst_desc":"DURO/PAVIMENTO","typ":1,"typ_desc":"VÍA","hct":14,"hct_desc":"RUTA PRIMARIA","wtc":1,"wtc_desc":"TODO EL AÑO","loc":44,"loc_desc":"EN CONTACTO CON LA SUPERFICIE DE LA TIERRA","ltn":2,"mes":0,"mes_desc":"NO EXISTE","tuc":45,"tuc_desc":"GENERAL","txt":null,"SHAPE_Leng":192.621896187,"Shape_Le_1":192.621896187},"geometry":{"type":"LineString","coordinates":[[-79.42133532653979,-2.461946459096542],[-79.4196943858934,-2.461395009281819]]}},{"type":"Feature","properties":{"fcode":"AP030","descripcio":"SISTEMA DE TRANSPORTE O COMUNICACIÓN","acc":7,"acc_desc":"PRECISA","rst":1,"rst_desc":"DURO/PAVIMENTO","typ":1,"typ_desc":"VÍA","hct":14,"hct_desc":"RUTA PRIMARIA","wtc":1,"wtc_desc":"TODO EL AÑO","loc":44,"loc_desc":"EN CONTACTO CON LA SUPERFICIE DE LA TIERRA","ltn":2,"mes":0,"mes_desc":"NO EXISTE","tuc":45,"tuc_desc":"GENERAL","txt":null,"SHAPE_Leng":418.781605733,"Shape_Le_1":418.781605733},"geometry":{"type":"LineString","coordinates":[[-79.4196943858934,-2.461395009281819],[-79.41601355813691,-2.46059640187673]]}},{"type":"Feature","properties":{"fcode":"AP030","descripcio":"SISTEMA DE TRANSPORTE O COMUNICACIÓN","acc":7,"acc_desc":"PRECISA","rst":8,"rst_desc":"TEMPORAL","typ":1,"typ_desc":"VÍA","hct":4,"hct_desc":"RUTA LOCAL","wtc":2,"wtc_desc":"ÉPOCA SECA","loc":44,"loc_desc":"EN CONTACTO CON LA SUPERFICIE DE LA TIERRA","ltn":-32767,"mes":0,"mes_desc":"NO EXISTE","tuc":45,"tuc_desc":"GENERAL","txt":null,"SHAPE_Leng":803.045530028,"Shape_Le_1":803.045530028},"geometry":{"type":"LineString","coordinates":[[-79.46229842483949,-2.46815167431875],[-79.4618575392592,-2.468011162420585],[-79.46141887735826,-2.467657308039232],[-79.46089948111864,-2.466902444906109],[-79.46048148101117,-2.466174921922297],[-79.46015079929218,-2.465909551892077],[-79.459421623018,-2.465548576717034],[-79.45905006454615,-2.465487007768933],[-79.45882038420503,-2.465513872005082],[-79.45818501966554,-2.465832561354445],[-79.45795489718084,-2.466165288194313],[-79.45785201791627,-2.467659937281886]]}},{"type":"Feature","properties":{"fcode":"AP030","descripcio":"SISTEMA DE TRANSPORTE O COMUNICACIÓN","acc":7,"acc_desc":"PRECISA","rst":8,"rst_desc":"TEMPORAL","typ":1,"typ_desc":"VÍA","hct":4,"hct_desc":"RUTA LOCAL","wtc":2,"wtc_desc":"ÉPOCA SECA","loc":44,"loc_desc":"EN CONTACTO CON LA SUPERFICIE DE LA TIERRA","ltn":-32767,"mes":0,"mes_desc":"NO EXISTE","tuc":45,"tuc_desc":"GENERAL","txt":null,"SHAPE_Leng":239.642205597,"Shape_Le_1":239.642205597},"geometry":{"type":"LineString","coordinates":[[-79.46391287186324,-2.466688531676136],[-79.46491187837653,-2.465887678916301],[-79.46567586778096,-2.465453915236426]]}},{"type":"Feature","properties":{"fcode":"AP030","descripcio":"SISTEMA DE TRANSPORTE O COMUNICACIÓN","acc":7,"acc_desc":"PRECISA","rst":8,"rst_desc":"TEMPORAL","typ":1,"typ_desc":"VÍA","hct":4,"hct_desc":"RUTA LOCAL","wtc":2,"wtc_desc":"ÉPOCA SECA","loc":44,"loc_desc":"EN CONTACTO CON LA SUPERFICIE DE LA TIERRA","ltn":-32767,"mes":0,"mes_desc":"NO EXISTE","tuc":45,"tuc_desc":"GENERAL","txt":null,"SHAPE_Leng":770.746324425,"Shape_Le_1":770.746324425},"geometry":{"type":"LineString","coordinates":[[-79.45948981663877,-2.464500743335502],[-79.45972934418769,-2.464590013567809],[-79.46048000236331,-2.46503638740979],[-79.46109566240321,-2.465589231483302],[-79.46193190063556,-2.466994717247136],[-79.46213400305332,-2.467101489037785],[-79.462297743147,-2.467101679352936],[-79.46246158340416,-2.467014686778095],[-79.46259659251838,-2.466821123777404],[-79.4626353553283,-2.466579064173427],[-79.46263562233702,-2.466346546353397],[-79.4624149004161,-2.465697301241335],[-79.4624055571924,-2.465455185770415],[-79.46251198046797,-2.465019394412292],[-79.46293845333078,-2.464476623615948]]}},{"type":"Feature","properties":{"fcode":"AP030","descripcio":"SISTEMA DE TRANSPORTE O COMUNICACIÓN","acc":7,"acc_desc":"PRECISA","rst":8,"rst_desc":"TEMPORAL","typ":1,"typ_desc":"VÍA","hct":4,"hct_desc":"RUTA LOCAL","wtc":2,"wtc_desc":"ÉPOCA SECA","loc":44,"loc_desc":"EN CONTACTO CON LA SUPERFICIE DE LA TIERRA","ltn":-32767,"mes":0,"mes_desc":"NO EXISTE","tuc":45,"tuc_desc":"GENERAL","txt":null,"SHAPE_Leng":106.360377449,"Shape_Le_1":106.360377449},"geometry":{"type":"LineString","coordinates":[[-79.46567586778096,-2.465453915236426],[-79.46540339094658,-2.464534559230604]]}},{"type":"Feature","properties":{"fcode":"AP030","descripcio":"SISTEMA DE TRANSPORTE O COMUNICACIÓN","acc":7,"acc_desc":"PRECISA","rst":8,"rst_desc":"TEMPORAL","typ":1,"typ_desc":"VÍA","hct":4,"hct_desc":"RUTA LOCAL","wtc":2,"wtc_desc":"ÉPOCA SECA","loc":44,"loc_desc":"EN CONTACTO CON LA SUPERFICIE DE LA TIERRA","ltn":-32767,"mes":0,"mes_desc":"NO EXISTE","tuc":45,"tuc_desc":"GENERAL","txt":null,"SHAPE_Leng":279.387090179,"Shape_Le_1":279.387090179},"geometry":{"type":"LineString","coordinates":[[-79.46293845333078,-2.464476623615948],[-79.46403729629509,-2.464277033698716],[-79.46467933203799,-2.464335116295803],[-79.46540339094658,-2.464534559230604]]}},{"type":"Feature","properties":{"fcode":"AP030","descripcio":"SISTEMA DE TRANSPORTE O COMUNICACIÓN","acc":7,"acc_desc":"PRECISA","rst":8,"rst_desc":"TEMPORAL","typ":1,"typ_desc":"VÍA","hct":4,"hct_desc":"RUTA LOCAL","wtc":2,"wtc_desc":"ÉPOCA SECA","loc":44,"loc_desc":"EN CONTACTO CON LA SUPERFICIE DE LA TIERRA","ltn":-32767,"mes":0,"mes_desc":"NO EXISTE","tuc":45,"tuc_desc":"GENERAL","txt":null,"SHAPE_Leng":358.299202398,"Shape_Le_1":358.299202398},"geometry":{"type":"LineString","coordinates":[[-79.45948981663877,-2.464500743335502],[-79.45695869262083,-2.463283840188999],[-79.45656780810874,-2.463139768560452]]}},{"type":"Feature","properties":{"fcode":"AP030","descripcio":"SISTEMA DE TRANSPORTE O COMUNICACIÓN","acc":7,"acc_desc":"PRECISA","rst":8,"rst_desc":"TEMPORAL","typ":1,"typ_desc":"VÍA","hct":4,"hct_desc":"RUTA LOCAL","wtc":2,"wtc_desc":"ÉPOCA SECA","loc":44,"loc_desc":"EN CONTACTO CON LA SUPERFICIE DE LA TIERRA","ltn":-32767,"mes":0,"mes_desc":"NO EXISTE","tuc":45,"tuc_desc":"GENERAL","txt":null,"SHAPE_Leng":486.354041264,"Shape_Le_1":486.354041264},"geometry":{"type":"LineString","coordinates":[[-79.45976443370127,-2.460187137997166],[-79.45989945542256,-2.463349211867139],[-79.45979238014566,-2.463882675582089],[-79.45948981663877,-2.464500743335502]]}},{"type":"Feature","properties":{"fcode":"AP030","descripcio":"SISTEMA DE TRANSPORTE O COMUNICACIÓN","acc":7,"acc_desc":"PRECISA","rst":2,"rst_desc":"SUELTO/NO PAVIMENTO","typ":1,"typ_desc":"VÍA","hct":14,"hct_desc":"RUTA PRIMARIA","wtc":1,"wtc_desc":"TODO EL AÑO","loc":44,"loc_desc":"EN CONTACTO CON LA SUPERFICIE DE LA TIERRA","ltn":2,"mes":0,"mes_desc":"NO EXISTE","tuc":45,"tuc_desc":"GENERAL","txt":null,"SHAPE_Leng":482.745835651,"Shape_Le_1":482.745835651},"geometry":{"type":"LineString","coordinates":[[-79.45976443370127,-2.460187137997166],[-79.45825702183704,-2.461630505754838],[-79.45656780810874,-2.463139768560452]]}},{"type":"Feature","properties":{"fcode":"AP030","descripcio":"SISTEMA DE TRANSPORTE O COMUNICACIÓN","acc":7,"acc_desc":"PRECISA","rst":8,"rst_desc":"TEMPORAL","typ":1,"typ_desc":"VÍA","hct":4,"hct_desc":"RUTA LOCAL","wtc":2,"wtc_desc":"ÉPOCA SECA","loc":44,"loc_desc":"EN CONTACTO CON LA SUPERFICIE DE LA TIERRA","ltn":-32767,"mes":0,"mes_desc":"NO EXISTE","tuc":45,"tuc_desc":"GENERAL","txt":null,"SHAPE_Leng":681.149205115,"Shape_Le_1":681.149205115},"geometry":{"type":"LineString","coordinates":[[-79.46154783111892,-2.458479643392109],[-79.4624646583325,-2.462768679826959],[-79.46293845333078,-2.464476623615948]]}},{"type":"Feature","properties":{"fcode":"AP030","descripcio":"SISTEMA DE TRANSPORTE O COMUNICACIÓN","acc":7,"acc_desc":"PRECISA","rst":8,"rst_desc":"TEMPORAL","typ":1,"typ_desc":"VÍA","hct":4,"hct_desc":"RUTA LOCAL","wtc":2,"wtc_desc":"ÉPOCA SECA","loc":44,"loc_desc":"EN CONTACTO CON LA SUPERFICIE DE LA TIERRA","ltn":-32767,"mes":0,"mes_desc":"NO EXISTE","tuc":45,"tuc_desc":"GENERAL","txt":null,"SHAPE_Leng":1210.94443942,"Shape_Le_1":1210.94443942},"geometry":{"type":"LineString","coordinates":[[-79.46540339094658,-2.464534559230604],[-79.46597226625097,-2.464486109914857],[-79.46609196261055,-2.464315228510731],[-79.46607792027497,-2.464092822896771],[-79.46568049762713,-2.463766601633659],[-79.46533671700944,-2.463395946558591],[-79.46521013782476,-2.46298149932958],[-79.4652593746503,-2.462621971257923],[-79.46556830457368,-2.462409887908314],[-79.46647843462515,-2.462345553763598],[-79.46662495475917,-2.462149561141826],[-79.46644636685811,-2.462002300821649],[-79.46621886041176,-2.46193665028331],[-79.46547148861305,-2.461837659249413],[-79.46506544729112,-2.461657396714962],[-79.4646270243419,-2.4613300430108],[-79.46391338590196,-2.460119687384374],[-79.46313540797287,-2.458402528959226],[-79.46256816075189,-2.457502729705674]]}},{"type":"Feature","properties":{"fcode":"AP030","descripcio":"SISTEMA DE TRANSPORTE O COMUNICACIÓN","acc":7,"acc_desc":"PRECISA","rst":8,"rst_desc":"TEMPORAL","typ":1,"typ_desc":"VÍA","hct":4,"hct_desc":"RUTA LOCAL","wtc":2,"wtc_desc":"ÉPOCA SECA","loc":44,"loc_desc":"EN CONTACTO CON LA SUPERFICIE DE LA TIERRA","ltn":-32767,"mes":0,"mes_desc":"NO EXISTE","tuc":45,"tuc_desc":"GENERAL","txt":null,"SHAPE_Leng":216.797630073,"Shape_Le_1":216.797630073},"geometry":{"type":"LineString","coordinates":[[-79.44476981122911,-2.462271245059128],[-79.44479193683146,-2.462343531005075],[-79.44582661014897,-2.463118261368205],[-79.44620428065099,-2.463566644119056]]}},{"type":"Feature","properties":{"fcode":"AP030","descripcio":"SISTEMA DE TRANSPORTE O COMUNICACIÓN","acc":7,"acc_desc":"PRECISA","rst":2,"rst_desc":"SUELTO/NO PAVIMENTO","typ":1,"typ_desc":"VÍA","hct":14,"hct_desc":"RUTA PRIMARIA","wtc":1,"wtc_desc":"TODO EL AÑO","loc":44,"loc_desc":"EN CONTACTO CON LA SUPERFICIE DE LA TIERRA","ltn":2,"mes":0,"mes_desc":"NO EXISTE","tuc":45,"tuc_desc":"GENERAL","txt":null,"SHAPE_Leng":9.1787635333,"Shape_Le_1":9.1787635333},"geometry":{"type":"LineString","coordinates":[[-79.4419534857842,-2.46277457113856],[-79.4420347870321,-2.46276028708246]]}},{"type":"Feature","properties":{"fcode":"AP030","descripcio":"SISTEMA DE TRANSPORTE O COMUNICACIÓN","acc":7,"acc_desc":"PRECISA","rst":8,"rst_desc":"TEMPORAL","typ":1,"typ_desc":"VÍA","hct":4,"hct_desc":"RUTA LOCAL","wtc":2,"wtc_desc":"ÉPOCA SECA","loc":44,"loc_desc":"EN CONTACTO CON LA SUPERFICIE DE LA TIERRA","ltn":-32767,"mes":0,"mes_desc":"NO EXISTE","tuc":45,"tuc_desc":"GENERAL","txt":null,"SHAPE_Leng":232.830729292,"Shape_Le_1":232.830729292},"geometry":{"type":"LineString","coordinates":[[-79.44751329972092,-2.461928354073212],[-79.44620428065099,-2.463566644119056]]}},{"type":"Feature","properties":{"fcode":"AP030","descripcio":"SISTEMA DE TRANSPORTE O COMUNICACIÓN","acc":7,"acc_desc":"PRECISA","rst":2,"rst_desc":"SUELTO/NO PAVIMENTO","typ":1,"typ_desc":"VÍA","hct":14,"hct_desc":"RUTA PRIMARIA","wtc":1,"wtc_desc":"TODO EL AÑO","loc":44,"loc_desc":"EN CONTACTO CON LA SUPERFICIE DE LA TIERRA","ltn":2,"mes":0,"mes_desc":"NO EXISTE","tuc":45,"tuc_desc":"GENERAL","txt":null,"SHAPE_Leng":144.537710667,"Shape_Le_1":144.537710667},"geometry":{"type":"LineString","coordinates":[[-79.4420347870321,-2.46276028708246],[-79.44331447626037,-2.462532168728653]]}},{"type":"Feature","properties":{"fcode":"AP030","descripcio":"SISTEMA DE TRANSPORTE O COMUNICACIÓN","acc":7,"acc_desc":"PRECISA","rst":2,"rst_desc":"SUELTO/NO PAVIMENTO","typ":1,"typ_desc":"VÍA","hct":14,"hct_desc":"RUTA PRIMARIA","wtc":1,"wtc_desc":"TODO EL AÑO","loc":44,"loc_desc":"EN CONTACTO CON LA SUPERFICIE DE LA TIERRA","ltn":2,"mes":0,"mes_desc":"NO EXISTE","tuc":45,"tuc_desc":"GENERAL","txt":null,"SHAPE_Leng":164.405091162,"Shape_Le_1":164.405091162},"geometry":{"type":"LineString","coordinates":[[-79.44331447626037,-2.462532168728653],[-79.44476981122911,-2.462271245059128]]}},{"type":"Feature","properties":{"fcode":"AP030","descripcio":"SISTEMA DE TRANSPORTE O COMUNICACIÓN","acc":7,"acc_desc":"PRECISA","rst":2,"rst_desc":"SUELTO/NO PAVIMENTO","typ":1,"typ_desc":"VÍA","hct":14,"hct_desc":"RUTA PRIMARIA","wtc":1,"wtc_desc":"TODO EL AÑO","loc":44,"loc_desc":"EN CONTACTO CON LA SUPERFICIE DE LA TIERRA","ltn":2,"mes":0,"mes_desc":"NO EXISTE","tuc":45,"tuc_desc":"GENERAL","txt":null,"SHAPE_Leng":305.58418027,"Shape_Le_1":305.58418027},"geometry":{"type":"LineString","coordinates":[[-79.44476981122911,-2.462271245059128],[-79.44747657582103,-2.461805676940375]]}},{"type":"Feature","properties":{"fcode":"AP030","descripcio":"SISTEMA DE TRANSPORTE O COMUNICACIÓN","acc":7,"acc_desc":"PRECISA","rst":8,"rst_desc":"TEMPORAL","typ":1,"typ_desc":"VÍA","hct":4,"hct_desc":"RUTA LOCAL","wtc":2,"wtc_desc":"ÉPOCA SECA","loc":44,"loc_desc":"EN CONTACTO CON LA SUPERFICIE DE LA TIERRA","ltn":-32767,"mes":0,"mes_desc":"NO EXISTE","tuc":45,"tuc_desc":"GENERAL","txt":null,"SHAPE_Leng":123.457551269,"Shape_Le_1":123.457551269},"geometry":{"type":"LineString","coordinates":[[-79.44541789337205,-2.461372870030504],[-79.44476981122911,-2.462271245059128]]}},{"type":"Feature","properties":{"fcode":"AP030","descripcio":"SISTEMA DE TRANSPORTE O COMUNICACIÓN","acc":7,"acc_desc":"PRECISA","rst":8,"rst_desc":"TEMPORAL","typ":1,"typ_desc":"VÍA","hct":4,"hct_desc":"RUTA LOCAL","wtc":2,"wtc_desc":"ÉPOCA SECA","loc":44,"loc_desc":"EN CONTACTO CON LA SUPERFICIE DE LA TIERRA","ltn":-32767,"mes":0,"mes_desc":"NO EXISTE","tuc":45,"tuc_desc":"GENERAL","txt":null,"SHAPE_Leng":396.717147726,"Shape_Le_1":396.717147726},"geometry":{"type":"LineString","coordinates":[[-79.44525584943405,-2.459522227008697],[-79.44331447626037,-2.462532168728653]]}},{"type":"Feature","properties":{"fcode":"AP030","descripcio":"SISTEMA DE TRANSPORTE O COMUNICACIÓN","acc":7,"acc_desc":"PRECISA","rst":8,"rst_desc":"TEMPORAL","typ":1,"typ_desc":"VÍA","hct":4,"hct_desc":"RUTA LOCAL","wtc":2,"wtc_desc":"ÉPOCA SECA","loc":44,"loc_desc":"EN CONTACTO CON LA SUPERFICIE DE LA TIERRA","ltn":-32767,"mes":0,"mes_desc":"NO EXISTE","tuc":45,"tuc_desc":"GENERAL","txt":null,"SHAPE_Leng":566.726524967,"Shape_Le_1":566.726524967},"geometry":{"type":"LineString","coordinates":[[-79.44951050344439,-2.462342999139998],[-79.44525584943405,-2.459522227008697]]}},{"type":"Feature","properties":{"fcode":"AP030","descripcio":"SISTEMA DE TRANSPORTE O COMUNICACIÓN","acc":7,"acc_desc":"PRECISA","rst":8,"rst_desc":"TEMPORAL","typ":1,"typ_desc":"VÍA","hct":4,"hct_desc":"RUTA LOCAL","wtc":2,"wtc_desc":"ÉPOCA SECA","loc":44,"loc_desc":"EN CONTACTO CON LA SUPERFICIE DE LA TIERRA","ltn":-32767,"mes":0,"mes_desc":"NO EXISTE","tuc":45,"tuc_desc":"GENERAL","txt":null,"SHAPE_Leng":512.180250771,"Shape_Le_1":512.180250771},"geometry":{"type":"LineString","coordinates":[[-79.44472361278898,-2.459074206419971],[-79.4419534857842,-2.46277457113856]]}},{"type":"Feature","properties":{"fcode":"AP030","descripcio":"SISTEMA DE TRANSPORTE O COMUNICACIÓN","acc":7,"acc_desc":"PRECISA","rst":8,"rst_desc":"TEMPORAL","typ":1,"typ_desc":"VÍA","hct":4,"hct_desc":"RUTA LOCAL","wtc":2,"wtc_desc":"ÉPOCA SECA","loc":44,"loc_desc":"EN CONTACTO CON LA SUPERFICIE DE LA TIERRA","ltn":-32767,"mes":0,"mes_desc":"NO EXISTE","tuc":45,"tuc_desc":"GENERAL","txt":null,"SHAPE_Leng":300.235138174,"Shape_Le_1":300.235138174},"geometry":{"type":"LineString","coordinates":[[-79.43353989325173,-2.461713045930409],[-79.43276056231757,-2.461813324574265],[-79.43141440198163,-2.461835155974434],[-79.43086587656457,-2.461713139883715]]}},{"type":"Feature","properties":{"fcode":"AP030","descripcio":"SISTEMA DE TRANSPORTE O COMUNICACIÓN","acc":7,"acc_desc":"PRECISA","rst":2,"rst_desc":"SUELTO/NO PAVIMENTO","typ":1,"typ_desc":"VÍA","hct":14,"hct_desc":"RUTA PRIMARIA","wtc":1,"wtc_desc":"TODO EL AÑO","loc":44,"loc_desc":"EN CONTACTO CON LA SUPERFICIE DE LA TIERRA","ltn":2,"mes":0,"mes_desc":"NO EXISTE","tuc":45,"tuc_desc":"GENERAL","txt":null,"SHAPE_Leng":374.372833683,"Shape_Le_1":374.372833683},"geometry":{"type":"LineString","coordinates":[[-79.43796957946503,-2.460280583023346],[-79.43596298549271,-2.462999035784593]]}},{"type":"Feature","properties":{"fcode":"AP030","descripcio":"SISTEMA DE TRANSPORTE O COMUNICACIÓN","acc":7,"acc_desc":"PRECISA","rst":8,"rst_desc":"TEMPORAL","typ":1,"typ_desc":"VÍA","hct":4,"hct_desc":"RUTA LOCAL","wtc":2,"wtc_desc":"ÉPOCA SECA","loc":44,"loc_desc":"EN CONTACTO CON LA SUPERFICIE DE LA TIERRA","ltn":-32767,"mes":0,"mes_desc":"NO EXISTE","tuc":45,"tuc_desc":"GENERAL","txt":null,"SHAPE_Leng":32.1283753093,"Shape_Le_1":32.1283753093},"geometry":{"type":"LineString","coordinates":[[-79.43086587656457,-2.461713139883715],[-79.43062355793698,-2.461554949356968]]}},{"type":"Feature","properties":{"fcode":"AP030","descripcio":"SISTEMA DE TRANSPORTE O COMUNICACIÓN","acc":7,"acc_desc":"PRECISA","rst":8,"rst_desc":"TEMPORAL","typ":1,"typ_desc":"VÍA","hct":4,"hct_desc":"RUTA LOCAL","wtc":2,"wtc_desc":"ÉPOCA SECA","loc":44,"loc_desc":"EN CONTACTO CON LA SUPERFICIE DE LA TIERRA","ltn":-32767,"mes":0,"mes_desc":"NO EXISTE","tuc":45,"tuc_desc":"GENERAL","txt":null,"SHAPE_Leng":571.840773455,"Shape_Le_1":571.840773455},"geometry":{"type":"LineString","coordinates":[[-79.42722887435092,-2.459325446807798],[-79.42411978707116,-2.463443250605907]]}},{"type":"Feature","properties":{"fcode":"AP030","descripcio":"SISTEMA DE TRANSPORTE O COMUNICACIÓN","acc":7,"acc_desc":"PRECISA","rst":8,"rst_desc":"TEMPORAL","typ":1,"typ_desc":"VÍA","hct":4,"hct_desc":"RUTA LOCAL","wtc":2,"wtc_desc":"ÉPOCA SECA","loc":44,"loc_desc":"EN CONTACTO CON LA SUPERFICIE DE LA TIERRA","ltn":-32767,"mes":0,"mes_desc":"NO EXISTE","tuc":45,"tuc_desc":"GENERAL","txt":null,"SHAPE_Leng":451.273344785,"Shape_Le_1":451.273344785},"geometry":{"type":"LineString","coordinates":[[-79.43062355793698,-2.461554949356968],[-79.42843220022601,-2.460031559899206],[-79.42722887435092,-2.459325446807798]]}},{"type":"Feature","properties":{"fcode":"AP030","descripcio":"SISTEMA DE TRANSPORTE O COMUNICACIÓN","acc":7,"acc_desc":"PRECISA","rst":8,"rst_desc":"TEMPORAL","typ":1,"typ_desc":"VÍA","hct":4,"hct_desc":"RUTA LOCAL","wtc":2,"wtc_desc":"ÉPOCA SECA","loc":44,"loc_desc":"EN CONTACTO CON LA SUPERFICIE DE LA TIERRA","ltn":-32767,"mes":0,"mes_desc":"NO EXISTE","tuc":45,"tuc_desc":"GENERAL","txt":null,"SHAPE_Leng":358.37711269,"Shape_Le_1":358.37711269},"geometry":{"type":"LineString","coordinates":[[-79.43271985958293,-2.459093458650566],[-79.43062355793698,-2.461554949356968]]}},{"type":"Feature","properties":{"fcode":"AP030","descripcio":"SISTEMA DE TRANSPORTE O COMUNICACIÓN","acc":7,"acc_desc":"PRECISA","rst":8,"rst_desc":"TEMPORAL","typ":1,"typ_desc":"VÍA","hct":4,"hct_desc":"RUTA LOCAL","wtc":2,"wtc_desc":"ÉPOCA SECA","loc":44,"loc_desc":"EN CONTACTO CON LA SUPERFICIE DE LA TIERRA","ltn":-32767,"mes":0,"mes_desc":"NO EXISTE","tuc":45,"tuc_desc":"GENERAL","txt":null,"SHAPE_Leng":654.631151362,"Shape_Le_1":654.631151362},"geometry":{"type":"LineString","coordinates":[[-79.43730810994461,-2.457460498732209],[-79.43544923963748,-2.460578137487125],[-79.43505222983123,-2.461066213181647],[-79.43420925066009,-2.46146395751738],[-79.43353989325173,-2.461713045930409]]}},{"type":"Feature","properties":{"fcode":"AP030","descripcio":"SISTEMA DE TRANSPORTE O COMUNICACIÓN","acc":7,"acc_desc":"PRECISA","rst":8,"rst_desc":"TEMPORAL","typ":1,"typ_desc":"VÍA","hct":4,"hct_desc":"RUTA LOCAL","wtc":2,"wtc_desc":"ÉPOCA SECA","loc":44,"loc_desc":"EN CONTACTO CON LA SUPERFICIE DE LA TIERRA","ltn":-32767,"mes":0,"mes_desc":"NO EXISTE","tuc":45,"tuc_desc":"GENERAL","txt":null,"SHAPE_Leng":254.831238932,"Shape_Le_1":254.831238932},"geometry":{"type":"LineString","coordinates":[[-79.42722887435092,-2.459325446807798],[-79.42522884825868,-2.458201111434079]]}},{"type":"Feature","properties":{"fcode":"AP030","descripcio":"SISTEMA DE TRANSPORTE O COMUNICACIÓN","acc":7,"acc_desc":"PRECISA","rst":8,"rst_desc":"TEMPORAL","typ":1,"typ_desc":"VÍA","hct":4,"hct_desc":"RUTA LOCAL","wtc":2,"wtc_desc":"ÉPOCA SECA","loc":44,"loc_desc":"EN CONTACTO CON LA SUPERFICIE DE LA TIERRA","ltn":-32767,"mes":0,"mes_desc":"NO EXISTE","tuc":45,"tuc_desc":"GENERAL","txt":null,"SHAPE_Leng":18.9216199102,"Shape_Le_1":18.9216199102},"geometry":{"type":"LineString","coordinates":[[-79.42522884825868,-2.458201111434079],[-79.42508022547888,-2.4581178233875]]}},{"type":"Feature","properties":{"fcode":"AP030","descripcio":"SISTEMA DE TRANSPORTE O COMUNICACIÓN","acc":7,"acc_desc":"PRECISA","rst":8,"rst_desc":"TEMPORAL","typ":1,"typ_desc":"VÍA","hct":4,"hct_desc":"RUTA LOCAL","wtc":2,"wtc_desc":"ÉPOCA SECA","loc":44,"loc_desc":"EN CONTACTO CON LA SUPERFICIE DE LA TIERRA","ltn":-32767,"mes":0,"mes_desc":"NO EXISTE","tuc":45,"tuc_desc":"GENERAL","txt":null,"SHAPE_Leng":141.932465177,"Shape_Le_1":141.932465177},"geometry":{"type":"LineString","coordinates":[[-79.42508022547888,-2.4581178233875],[-79.423964474399,-2.457494925126606]]}},{"type":"Feature","properties":{"fcode":"AP030","descripcio":"SISTEMA DE TRANSPORTE O COMUNICACIÓN","acc":7,"acc_desc":"PRECISA","rst":2,"rst_desc":"SUELTO/NO PAVIMENTO","typ":1,"typ_desc":"VÍA","hct":14,"hct_desc":"RUTA PRIMARIA","wtc":1,"wtc_desc":"TODO EL AÑO","loc":44,"loc_desc":"EN CONTACTO CON LA SUPERFICIE DE LA TIERRA","ltn":2,"mes":0,"mes_desc":"NO EXISTE","tuc":45,"tuc_desc":"GENERAL","txt":null,"SHAPE_Leng":762.914123965,"Shape_Le_1":762.914123965},"geometry":{"type":"LineString","coordinates":[[-79.43796957946503,-2.460280583023346],[-79.44472361278898,-2.459074206419971]]}},{"type":"Feature","properties":{"fcode":"AP030","descripcio":"SISTEMA DE TRANSPORTE O COMUNICACIÓN","acc":7,"acc_desc":"PRECISA","rst":8,"rst_desc":"TEMPORAL","typ":1,"typ_desc":"VÍA","hct":4,"hct_desc":"RUTA LOCAL","wtc":2,"wtc_desc":"ÉPOCA SECA","loc":44,"loc_desc":"EN CONTACTO CON LA SUPERFICIE DE LA TIERRA","ltn":-32767,"mes":0,"mes_desc":"NO EXISTE","tuc":45,"tuc_desc":"GENERAL","txt":null,"SHAPE_Leng":334.184003208,"Shape_Le_1":334.184003208},"geometry":{"type":"LineString","coordinates":[[-79.45092756476757,-2.4603444320271],[-79.44862019849886,-2.458408347989525]]}},{"type":"Feature","properties":{"fcode":"AP030","descripcio":"SISTEMA DE TRANSPORTE O COMUNICACIÓN","acc":7,"acc_desc":"PRECISA","rst":8,"rst_desc":"TEMPORAL","typ":1,"typ_desc":"VÍA","hct":4,"hct_desc":"RUTA LOCAL","wtc":2,"wtc_desc":"ÉPOCA SECA","loc":44,"loc_desc":"EN CONTACTO CON LA SUPERFICIE DE LA TIERRA","ltn":-32767,"mes":0,"mes_desc":"NO EXISTE","tuc":45,"tuc_desc":"GENERAL","txt":null,"SHAPE_Leng":80.653217538,"Shape_Le_1":80.653217538},"geometry":{"type":"LineString","coordinates":[[-79.44525584943405,-2.459522227008697],[-79.4456520996435,-2.45891132978647]]}},{"type":"Feature","properties":{"fcode":"AP030","descripcio":"SISTEMA DE TRANSPORTE O COMUNICACIÓN","acc":7,"acc_desc":"PRECISA","rst":2,"rst_desc":"SUELTO/NO PAVIMENTO","typ":1,"typ_desc":"VÍA","hct":14,"hct_desc":"RUTA PRIMARIA","wtc":1,"wtc_desc":"TODO EL AÑO","loc":44,"loc_desc":"EN CONTACTO CON LA SUPERFICIE DE LA TIERRA","ltn":2,"mes":0,"mes_desc":"NO EXISTE","tuc":45,"tuc_desc":"GENERAL","txt":null,"SHAPE_Leng":104.819819214,"Shape_Le_1":104.819819214},"geometry":{"type":"LineString","coordinates":[[-79.44472361278898,-2.459074206419971],[-79.4456520996435,-2.45891132978647]]}},{"type":"Feature","properties":{"fcode":"AP030","descripcio":"SISTEMA DE TRANSPORTE O COMUNICACIÓN","acc":7,"acc_desc":"PRECISA","rst":2,"rst_desc":"SUELTO/NO PAVIMENTO","typ":1,"typ_desc":"VÍA","hct":14,"hct_desc":"RUTA PRIMARIA","wtc":1,"wtc_desc":"TODO EL AÑO","loc":44,"loc_desc":"EN CONTACTO CON LA SUPERFICIE DE LA TIERRA","ltn":2,"mes":0,"mes_desc":"NO EXISTE","tuc":45,"tuc_desc":"GENERAL","txt":null,"SHAPE_Leng":315.123208198,"Shape_Le_1":315.123208198},"geometry":{"type":"LineString","coordinates":[[-79.4456520996435,-2.45891132978647],[-79.44844599699097,-2.4584369037766]]}},{"type":"Feature","properties":{"fcode":"AP030","descripcio":"SISTEMA DE TRANSPORTE O COMUNICACIÓN","acc":7,"acc_desc":"PRECISA","rst":2,"rst_desc":"SUELTO/NO PAVIMENTO","typ":1,"typ_desc":"VÍA","hct":14,"hct_desc":"RUTA PRIMARIA","wtc":1,"wtc_desc":"TODO EL AÑO","loc":44,"loc_desc":"EN CONTACTO CON LA SUPERFICIE DE LA TIERRA","ltn":2,"mes":0,"mes_desc":"NO EXISTE","tuc":45,"tuc_desc":"GENERAL","txt":null,"SHAPE_Leng":19.6292969819,"Shape_Le_1":19.6292969819},"geometry":{"type":"LineString","coordinates":[[-79.44844599699097,-2.4584369037766],[-79.44862019849886,-2.458408347989525]]}},{"type":"Feature","properties":{"fcode":"AP030","descripcio":"SISTEMA DE TRANSPORTE O COMUNICACIÓN","acc":7,"acc_desc":"PRECISA","rst":8,"rst_desc":"TEMPORAL","typ":1,"typ_desc":"VÍA","hct":4,"hct_desc":"RUTA LOCAL","wtc":2,"wtc_desc":"ÉPOCA SECA","loc":44,"loc_desc":"EN CONTACTO CON LA SUPERFICIE DE LA TIERRA","ltn":-32767,"mes":0,"mes_desc":"NO EXISTE","tuc":45,"tuc_desc":"GENERAL","txt":null,"SHAPE_Leng":184.129363763,"Shape_Le_1":184.129363763},"geometry":{"type":"LineString","coordinates":[[-79.4456520996435,-2.45891132978647],[-79.4465619557731,-2.457520100088174]]}},{"type":"Feature","properties":{"fcode":"AP030","descripcio":"SISTEMA DE TRANSPORTE O COMUNICACIÓN","acc":7,"acc_desc":"PRECISA","rst":8,"rst_desc":"TEMPORAL","typ":1,"typ_desc":"VÍA","hct":4,"hct_desc":"RUTA LOCAL","wtc":2,"wtc_desc":"ÉPOCA SECA","loc":44,"loc_desc":"EN CONTACTO CON LA SUPERFICIE DE LA TIERRA","ltn":-32767,"mes":0,"mes_desc":"NO EXISTE","tuc":45,"tuc_desc":"GENERAL","txt":null,"SHAPE_Leng":95.780390478,"Shape_Le_1":95.780390478},"geometry":{"type":"LineString","coordinates":[[-79.45157883710425,-2.457923434765427],[-79.45223494247446,-2.458484555685421]]}},{"type":"Feature","properties":{"fcode":"AP030","descripcio":"SISTEMA DE TRANSPORTE O COMUNICACIÓN","acc":7,"acc_desc":"PRECISA","rst":8,"rst_desc":"TEMPORAL","typ":1,"typ_desc":"VÍA","hct":4,"hct_desc":"RUTA LOCAL","wtc":2,"wtc_desc":"ÉPOCA SECA","loc":44,"loc_desc":"EN CONTACTO CON LA SUPERFICIE DE LA TIERRA","ltn":-32767,"mes":0,"mes_desc":"NO EXISTE","tuc":45,"tuc_desc":"GENERAL","txt":null,"SHAPE_Leng":305.755253855,"Shape_Le_1":305.755253855},"geometry":{"type":"LineString","coordinates":[[-79.4465619557731,-2.457520100088174],[-79.44624604325449,-2.45731787271974],[-79.44601913842094,-2.457357309605155],[-79.44472361278898,-2.459074206419971]]}},{"type":"Feature","properties":{"fcode":"AP030","descripcio":"SISTEMA DE TRANSPORTE O COMUNICACIÓN","acc":7,"acc_desc":"PRECISA","rst":2,"rst_desc":"SUELTO/NO PAVIMENTO","typ":1,"typ_desc":"VÍA","hct":14,"hct_desc":"RUTA PRIMARIA","wtc":1,"wtc_desc":"TODO EL AÑO","loc":44,"loc_desc":"EN CONTACTO CON LA SUPERFICIE DE LA TIERRA","ltn":2,"mes":0,"mes_desc":"NO EXISTE","tuc":45,"tuc_desc":"GENERAL","txt":null,"SHAPE_Leng":317.41102139,"Shape_Le_1":317.41102139},"geometry":{"type":"LineString","coordinates":[[-79.44862019849886,-2.458408347989525],[-79.45143710152966,-2.457946693019878]]}},{"type":"Feature","properties":{"fcode":"AP030","descripcio":"SISTEMA DE TRANSPORTE O COMUNICACIÓN","acc":7,"acc_desc":"PRECISA","rst":8,"rst_desc":"TEMPORAL","typ":1,"typ_desc":"VÍA","hct":4,"hct_desc":"RUTA LOCAL","wtc":2,"wtc_desc":"ÉPOCA SECA","loc":44,"loc_desc":"EN CONTACTO CON LA SUPERFICIE DE LA TIERRA","ltn":-32767,"mes":0,"mes_desc":"NO EXISTE","tuc":45,"tuc_desc":"GENERAL","txt":null,"SHAPE_Leng":618.953800188,"Shape_Le_1":618.953800188},"geometry":{"type":"LineString","coordinates":[[-79.42982973781814,-2.455724664439773],[-79.42722887435092,-2.459325446807798]]}},{"type":"Feature","properties":{"fcode":"AP030","descripcio":"SISTEMA DE TRANSPORTE O COMUNICACIÓN","acc":7,"acc_desc":"PRECISA","rst":2,"rst_desc":"SUELTO/NO PAVIMENTO","typ":1,"typ_desc":"VÍA","hct":14,"hct_desc":"RUTA PRIMARIA","wtc":1,"wtc_desc":"TODO EL AÑO","loc":44,"loc_desc":"EN CONTACTO CON LA SUPERFICIE DE LA TIERRA","ltn":2,"mes":0,"mes_desc":"NO EXISTE","tuc":45,"tuc_desc":"GENERAL","txt":null,"SHAPE_Leng":898.418530351,"Shape_Le_1":898.418530351},"geometry":{"type":"LineString","coordinates":[[-79.44136983494346,-2.45571808737165],[-79.43796957946503,-2.460280583023346]]}},{"type":"Feature","properties":{"fcode":"AP030","descripcio":"SISTEMA DE TRANSPORTE O COMUNICACIÓN","acc":7,"acc_desc":"PRECISA","rst":8,"rst_desc":"TEMPORAL","typ":1,"typ_desc":"VÍA","hct":4,"hct_desc":"RUTA LOCAL","wtc":2,"wtc_desc":"ÉPOCA SECA","loc":44,"loc_desc":"EN CONTACTO CON LA SUPERFICIE DE LA TIERRA","ltn":-32767,"mes":0,"mes_desc":"NO EXISTE","tuc":45,"tuc_desc":"GENERAL","txt":null,"SHAPE_Leng":711.461464011,"Shape_Le_1":711.461464011},"geometry":{"type":"LineString","coordinates":[[-79.42915074810124,-2.455725051417593],[-79.42845757467785,-2.456250043332301],[-79.42683229187912,-2.456837771212176],[-79.42602563864766,-2.457315952225183],[-79.42522884825868,-2.458201111434079]]}},{"type":"Feature","properties":{"fcode":"AP030","descripcio":"SISTEMA DE TRANSPORTE O COMUNICACIÓN","acc":7,"acc_desc":"PRECISA","rst":8,"rst_desc":"TEMPORAL","typ":1,"typ_desc":"VÍA","hct":4,"hct_desc":"RUTA LOCAL","wtc":2,"wtc_desc":"ÉPOCA SECA","loc":44,"loc_desc":"EN CONTACTO CON LA SUPERFICIE DE LA TIERRA","ltn":-32767,"mes":0,"mes_desc":"NO EXISTE","tuc":45,"tuc_desc":"GENERAL","txt":null,"SHAPE_Leng":272.76436723,"Shape_Le_1":272.76436723},"geometry":{"type":"LineString","coordinates":[[-79.42501631256427,-2.455727407763807],[-79.42500945390739,-2.455822895901394],[-79.42466920376731,-2.456522114607788],[-79.423964474399,-2.457494925126606]]}},{"type":"Feature","properties":{"fcode":"AP030","descripcio":"SISTEMA DE TRANSPORTE O COMUNICACIÓN","acc":7,"acc_desc":"PRECISA","rst":8,"rst_desc":"TEMPORAL","typ":1,"typ_desc":"VÍA","hct":4,"hct_desc":"RUTA LOCAL","wtc":2,"wtc_desc":"ÉPOCA SECA","loc":44,"loc_desc":"EN CONTACTO CON LA SUPERFICIE DE LA TIERRA","ltn":-32767,"mes":0,"mes_desc":"NO EXISTE","tuc":45,"tuc_desc":"GENERAL","txt":null,"SHAPE_Leng":473.581284399,"Shape_Le_1":473.581284399},"geometry":{"type":"LineString","coordinates":[[-79.43538712418477,-2.455721497108656],[-79.43730810994461,-2.457460498732209]]}},{"type":"Feature","properties":{"fcode":"AP030","descripcio":"SISTEMA DE TRANSPORTE O COMUNICACIÓN","acc":7,"acc_desc":"PRECISA","rst":8,"rst_desc":"TEMPORAL","typ":1,"typ_desc":"VÍA","hct":4,"hct_desc":"RUTA LOCAL","wtc":2,"wtc_desc":"ÉPOCA SECA","loc":44,"loc_desc":"EN CONTACTO CON LA SUPERFICIE DE LA TIERRA","ltn":-32767,"mes":0,"mes_desc":"NO EXISTE","tuc":45,"tuc_desc":"GENERAL","txt":null,"SHAPE_Leng":625.477447589,"Shape_Le_1":625.477447589},"geometry":{"type":"LineString","coordinates":[[-79.42649540796769,-2.455726564780327],[-79.42508022547888,-2.4581178233875]]}},{"type":"Feature","properties":{"fcode":"AP030","descripcio":"SISTEMA DE TRANSPORTE O COMUNICACIÓN","acc":7,"acc_desc":"PRECISA","rst":8,"rst_desc":"TEMPORAL","typ":1,"typ_desc":"VÍA","hct":4,"hct_desc":"RUTA LOCAL","wtc":2,"wtc_desc":"ÉPOCA SECA","loc":44,"loc_desc":"EN CONTACTO CON LA SUPERFICIE DE LA TIERRA","ltn":-32767,"mes":0,"mes_desc":"NO EXISTE","tuc":45,"tuc_desc":"GENERAL","txt":null,"SHAPE_Leng":722.351185327,"Shape_Le_1":722.351185327},"geometry":{"type":"LineString","coordinates":[[-79.43730810994461,-2.457460498732209],[-79.43842217552935,-2.455719767336434]]}},{"type":"Feature","properties":{"fcode":"AP030","descripcio":"SISTEMA DE TRANSPORTE O COMUNICACIÓN","acc":7,"acc_desc":"PRECISA","rst":2,"rst_desc":"SUELTO/NO PAVIMENTO","typ":1,"typ_desc":"VÍA","hct":14,"hct_desc":"RUTA PRIMARIA","wtc":1,"wtc_desc":"TODO EL AÑO","loc":44,"loc_desc":"EN CONTACTO CON LA SUPERFICIE DE LA TIERRA","ltn":2,"mes":0,"mes_desc":"NO EXISTE","tuc":45,"tuc_desc":"GENERAL","txt":null,"SHAPE_Leng":273.83183763,"Shape_Le_1":273.83183763},"geometry":{"type":"LineString","coordinates":[[-79.46154783111892,-2.458479643392109],[-79.45976443370127,-2.460187137997166]]}},{"type":"Feature","properties":{"fcode":"AP030","descripcio":"SISTEMA DE TRANSPORTE O COMUNICACIÓN","acc":7,"acc_desc":"PRECISA","rst":2,"rst_desc":"SUELTO/NO PAVIMENTO","typ":1,"typ_desc":"VÍA","hct":14,"hct_desc":"RUTA PRIMARIA","wtc":1,"wtc_desc":"TODO EL AÑO","loc":44,"loc_desc":"EN CONTACTO CON LA SUPERFICIE DE LA TIERRA","ltn":2,"mes":0,"mes_desc":"NO EXISTE","tuc":45,"tuc_desc":"GENERAL","txt":null,"SHAPE_Leng":156.667306736,"Shape_Le_1":156.667306736},"geometry":{"type":"LineString","coordinates":[[-79.46256816075189,-2.457502729705674],[-79.46154783111892,-2.458479643392109]]}},{"type":"Feature","properties":{"fcode":"AP030","descripcio":"SISTEMA DE TRANSPORTE O COMUNICACIÓN","acc":7,"acc_desc":"PRECISA","rst":2,"rst_desc":"SUELTO/NO PAVIMENTO","typ":1,"typ_desc":"VÍA","hct":14,"hct_desc":"RUTA PRIMARIA","wtc":1,"wtc_desc":"TODO EL AÑO","loc":44,"loc_desc":"EN CONTACTO CON LA SUPERFICIE DE LA TIERRA","ltn":2,"mes":0,"mes_desc":"NO EXISTE","tuc":45,"tuc_desc":"GENERAL","txt":null,"SHAPE_Leng":637.233622928,"Shape_Le_1":637.233622928},"geometry":{"type":"LineString","coordinates":[[-79.45686601245983,-2.457005668804044],[-79.45757772959611,-2.456984066563598],[-79.46256816075189,-2.457502729705674]]}},{"type":"Feature","properties":{"fcode":"AP030","descripcio":"SISTEMA DE TRANSPORTE O COMUNICACIÓN","acc":7,"acc_desc":"PRECISA","rst":2,"rst_desc":"SUELTO/NO PAVIMENTO","typ":1,"typ_desc":"VÍA","hct":14,"hct_desc":"RUTA PRIMARIA","wtc":1,"wtc_desc":"TODO EL AÑO","loc":44,"loc_desc":"EN CONTACTO CON LA SUPERFICIE DE LA TIERRA","ltn":2,"mes":0,"mes_desc":"NO EXISTE","tuc":45,"tuc_desc":"GENERAL","txt":null,"SHAPE_Leng":183.148042362,"Shape_Le_1":183.148042362},"geometry":{"type":"LineString","coordinates":[[-79.46256816075189,-2.457502729705674],[-79.46375233680223,-2.456351999381029]]}},{"type":"Feature","properties":{"fcode":"AP030","descripcio":"SISTEMA DE TRANSPORTE O COMUNICACIÓN","acc":7,"acc_desc":"PRECISA","rst":2,"rst_desc":"SUELTO/NO PAVIMENTO","typ":1,"typ_desc":"VÍA","hct":14,"hct_desc":"RUTA PRIMARIA","wtc":1,"wtc_desc":"TODO EL AÑO","loc":44,"loc_desc":"EN CONTACTO CON LA SUPERFICIE DE LA TIERRA","ltn":2,"mes":0,"mes_desc":"NO EXISTE","tuc":45,"tuc_desc":"GENERAL","txt":null,"SHAPE_Leng":128.507418074,"Shape_Le_1":128.507418074},"geometry":{"type":"LineString","coordinates":[[-79.46375233680223,-2.456351999381029],[-79.46436844416654,-2.455704979733305]]}},{"type":"Feature","properties":{"fcode":"AP030","descripcio":"SISTEMA DE TRANSPORTE O COMUNICACIÓN","acc":7,"acc_desc":"PRECISA","rst":8,"rst_desc":"TEMPORAL","typ":1,"typ_desc":"VÍA","hct":4,"hct_desc":"RUTA LOCAL","wtc":2,"wtc_desc":"ÉPOCA SECA","loc":44,"loc_desc":"EN CONTACTO CON LA SUPERFICIE DE LA TIERRA","ltn":-32767,"mes":0,"mes_desc":"NO EXISTE","tuc":45,"tuc_desc":"GENERAL","txt":null,"SHAPE_Leng":889.285714547,"Shape_Le_1":889.285714547},"geometry":{"type":"LineString","coordinates":[[-79.46375233680223,-2.456351999381029],[-79.46299469475768,-2.455705762676755]]}},{"type":"Feature","properties":{"fcode":"AP030","descripcio":"SISTEMA DE TRANSPORTE O COMUNICACIÓN","acc":7,"acc_desc":"PRECISA","rst":8,"rst_desc":"TEMPORAL","typ":1,"typ_desc":"VÍA","hct":4,"hct_desc":"RUTA LOCAL","wtc":2,"wtc_desc":"ÉPOCA SECA","loc":44,"loc_desc":"EN CONTACTO CON LA SUPERFICIE DE LA TIERRA","ltn":-32767,"mes":0,"mes_desc":"NO EXISTE","tuc":45,"tuc_desc":"GENERAL","txt":null,"SHAPE_Leng":778.632985424,"Shape_Le_1":778.632985424},"geometry":{"type":"LineString","coordinates":[[-79.46022718581321,-2.45570733996806],[-79.46039917750524,-2.455856312895558]]}},{"type":"Feature","properties":{"fcode":"AP030","descripcio":"SISTEMA DE TRANSPORTE O COMUNICACIÓN","acc":7,"acc_desc":"PRECISA","rst":2,"rst_desc":"SUELTO/NO PAVIMENTO","typ":1,"typ_desc":"VÍA","hct":14,"hct_desc":"RUTA PRIMARIA","wtc":1,"wtc_desc":"TODO EL AÑO","loc":44,"loc_desc":"EN CONTACTO CON LA SUPERFICIE DE LA TIERRA","ltn":2,"mes":0,"mes_desc":"NO EXISTE","tuc":45,"tuc_desc":"GENERAL","txt":null,"SHAPE_Leng":15.9714025681,"Shape_Le_1":15.9714025681},"geometry":{"type":"LineString","coordinates":[[-79.45143710152966,-2.457946693019878],[-79.45157883710425,-2.457923434765427]]}},{"type":"Feature","properties":{"fcode":"AP030","descripcio":"SISTEMA DE TRANSPORTE O COMUNICACIÓN","acc":7,"acc_desc":"PRECISA","rst":2,"rst_desc":"SUELTO/NO PAVIMENTO","typ":1,"typ_desc":"VÍA","hct":14,"hct_desc":"RUTA PRIMARIA","wtc":1,"wtc_desc":"TODO EL AÑO","loc":44,"loc_desc":"EN CONTACTO CON LA SUPERFICIE DE LA TIERRA","ltn":2,"mes":0,"mes_desc":"NO EXISTE","tuc":45,"tuc_desc":"GENERAL","txt":null,"SHAPE_Leng":596.914971474,"Shape_Le_1":596.914971474},"geometry":{"type":"LineString","coordinates":[[-79.45157883710425,-2.457923434765427],[-79.45634192250334,-2.457052992349026],[-79.45686601245983,-2.457005668804044]]}},{"type":"Feature","properties":{"fcode":"AP030","descripcio":"SISTEMA DE TRANSPORTE O COMUNICACIÓN","acc":7,"acc_desc":"PRECISA","rst":8,"rst_desc":"TEMPORAL","typ":1,"typ_desc":"VÍA","hct":4,"hct_desc":"RUTA LOCAL","wtc":2,"wtc_desc":"ÉPOCA SECA","loc":44,"loc_desc":"EN CONTACTO CON LA SUPERFICIE DE LA TIERRA","ltn":-32767,"mes":0,"mes_desc":"NO EXISTE","tuc":45,"tuc_desc":"GENERAL","txt":null,"SHAPE_Leng":439.163452258,"Shape_Le_1":439.163452258},"geometry":{"type":"LineString","coordinates":[[-79.452572946117,-2.455711702362532],[-79.45143710152966,-2.457946693019878]]}},{"type":"Feature","properties":{"fcode":"AP030","descripcio":"SISTEMA DE TRANSPORTE O COMUNICACIÓN","acc":7,"acc_desc":"PRECISA","rst":8,"rst_desc":"TEMPORAL","typ":1,"typ_desc":"VÍA","hct":4,"hct_desc":"RUTA LOCAL","wtc":2,"wtc_desc":"ÉPOCA SECA","loc":44,"loc_desc":"EN CONTACTO CON LA SUPERFICIE DE LA TIERRA","ltn":-32767,"mes":0,"mes_desc":"NO EXISTE","tuc":45,"tuc_desc":"GENERAL","txt":null,"SHAPE_Leng":669.891369252,"Shape_Le_1":669.891369252},"geometry":{"type":"LineString","coordinates":[[-79.45035849799957,-2.455712964446894],[-79.44844599699097,-2.4584369037766]]}},{"type":"Feature","properties":{"fcode":"AP030","descripcio":"SISTEMA DE TRANSPORTE O COMUNICACIÓN","acc":7,"acc_desc":"PRECISA","rst":8,"rst_desc":"TEMPORAL","typ":1,"typ_desc":"VÍA","hct":4,"hct_desc":"RUTA LOCAL","wtc":2,"wtc_desc":"ÉPOCA SECA","loc":44,"loc_desc":"EN CONTACTO CON LA SUPERFICIE DE LA TIERRA","ltn":-32767,"mes":0,"mes_desc":"NO EXISTE","tuc":45,"tuc_desc":"GENERAL","txt":null,"SHAPE_Leng":495.471103263,"Shape_Le_1":495.471103263},"geometry":{"type":"LineString","coordinates":[[-79.45686601245983,-2.457005668804044],[-79.45506103091179,-2.45571028432393]]}},{"type":"Feature","properties":{"fcode":"AP030","descripcio":"SISTEMA DE TRANSPORTE O COMUNICACIÓN","acc":7,"acc_desc":"PRECISA","rst":8,"rst_desc":"TEMPORAL","typ":1,"typ_desc":"VÍA","hct":4,"hct_desc":"RUTA LOCAL","wtc":2,"wtc_desc":"ÉPOCA SECA","loc":44,"loc_desc":"EN CONTACTO CON LA SUPERFICIE DE LA TIERRA","ltn":-32767,"mes":0,"mes_desc":"NO EXISTE","tuc":45,"tuc_desc":"GENERAL","txt":null,"SHAPE_Leng":722.698268906,"Shape_Le_1":722.698268906},"geometry":{"type":"LineString","coordinates":[[-79.44773331205222,-2.4557144606238],[-79.4465619557731,-2.457520100088174]]}},{"type":"Feature","properties":{"fcode":"AP030","descripcio":"SISTEMA DE TRANSPORTE O COMUNICACIÓN","acc":7,"acc_desc":"PRECISA","rst":2,"rst_desc":"SUELTO/NO PAVIMENTO","typ":1,"typ_desc":"VÍA","hct":15,"hct_desc":"RUTA SECUNDARIA","wtc":1,"wtc_desc":"TODO EL AÑO","loc":44,"loc_desc":"EN CONTACTO CON LA SUPERFICIE DE LA TIERRA","ltn":1,"mes":0,"mes_desc":"NO EXISTE","tuc":45,"tuc_desc":"GENERAL","txt":null,"SHAPE_Leng":3309.77508353,"Shape_Le_1":3309.77508353},"geometry":{"type":"LineString","coordinates":[[-79.36944934044483,-2.455759077147264],[-79.36601544876791,-2.457579089948577],[-79.36561070632762,-2.457763259282689],[-79.36503847080307,-2.457787514842027],[-79.36471511679878,-2.457662045785422],[-79.36243078826388,-2.455763077243218]]}},{"type":"Feature","properties":{"fcode":"AP030","descripcio":"SISTEMA DE TRANSPORTE O COMUNICACIÓN","acc":7,"acc_desc":"PRECISA","rst":8,"rst_desc":"TEMPORAL","typ":1,"typ_desc":"VÍA","hct":4,"hct_desc":"RUTA LOCAL","wtc":2,"wtc_desc":"ÉPOCA SECA","loc":44,"loc_desc":"EN CONTACTO CON LA SUPERFICIE DE LA TIERRA","ltn":-32767,"mes":0,"mes_desc":"NO EXISTE","tuc":45,"tuc_desc":"GENERAL","txt":null,"SHAPE_Leng":577.347569185,"Shape_Le_1":577.347569185},"geometry":{"type":"LineString","coordinates":[[-79.40660299050049,-2.456314544880292],[-79.40664795337793,-2.455737876475496]]}},{"type":"Feature","properties":{"fcode":"AP030","descripcio":"SISTEMA DE TRANSPORTE O COMUNICACIÓN","acc":7,"acc_desc":"PRECISA","rst":8,"rst_desc":"TEMPORAL","typ":1,"typ_desc":"VÍA","hct":4,"hct_desc":"RUTA LOCAL","wtc":2,"wtc_desc":"ÉPOCA SECA","loc":44,"loc_desc":"EN CONTACTO CON LA SUPERFICIE DE LA TIERRA","ltn":-32767,"mes":0,"mes_desc":"NO EXISTE","tuc":45,"tuc_desc":"GENERAL","txt":null,"SHAPE_Leng":943.172373109,"Shape_Le_1":943.172373109},"geometry":{"type":"LineString","coordinates":[[-79.40007121940162,-2.455741624765213],[-79.39894729640801,-2.457457317147741],[-79.39884963579037,-2.457695046193602],[-79.39880387520343,-2.457991892518387]]}},{"type":"Feature","properties":{"fcode":"AP030","descripcio":"SISTEMA DE TRANSPORTE O COMUNICACIÓN","acc":7,"acc_desc":"PRECISA","rst":2,"rst_desc":"SUELTO/NO PAVIMENTO","typ":1,"typ_desc":"VÍA","hct":14,"hct_desc":"RUTA PRIMARIA","wtc":1,"wtc_desc":"TODO EL AÑO","loc":44,"loc_desc":"EN CONTACTO CON LA SUPERFICIE DE LA TIERRA","ltn":2,"mes":0,"mes_desc":"NO EXISTE","tuc":45,"tuc_desc":"GENERAL","txt":null,"SHAPE_Leng":872.108149799,"Shape_Le_1":872.108149799},"geometry":{"type":"LineString","coordinates":[[-79.49795828118795,-2.463003012617918],[-79.49453886433278,-2.470101034465954]]}},{"type":"Feature","properties":{"fcode":"AP030","descripcio":"SISTEMA DE TRANSPORTE O COMUNICACIÓN","acc":7,"acc_desc":"PRECISA","rst":8,"rst_desc":"TEMPORAL","typ":1,"typ_desc":"VÍA","hct":4,"hct_desc":"RUTA LOCAL","wtc":2,"wtc_desc":"ÉPOCA SECA","loc":44,"loc_desc":"EN CONTACTO CON LA SUPERFICIE DE LA TIERRA","ltn":-32767,"mes":0,"mes_desc":"NO EXISTE","tuc":45,"tuc_desc":"GENERAL","txt":null,"SHAPE_Leng":483.952397409,"Shape_Le_1":483.952397409},"geometry":{"type":"LineString","coordinates":[[-79.49795828118795,-2.463003012617918],[-79.49369808966108,-2.46389434826807]]}},{"type":"Feature","properties":{"fcode":"AP030","descripcio":"SISTEMA DE TRANSPORTE O COMUNICACIÓN","acc":7,"acc_desc":"PRECISA","rst":8,"rst_desc":"TEMPORAL","typ":1,"typ_desc":"VÍA","hct":4,"hct_desc":"RUTA LOCAL","wtc":2,"wtc_desc":"ÉPOCA SECA","loc":44,"loc_desc":"EN CONTACTO CON LA SUPERFICIE DE LA TIERRA","ltn":-32767,"mes":0,"mes_desc":"NO EXISTE","tuc":45,"tuc_desc":"GENERAL","txt":null,"SHAPE_Leng":1290.54320672,"Shape_Le_1":1290.54320672},"geometry":{"type":"LineString","coordinates":[[-79.50884780144926,-2.459577748225433],[-79.50414231292243,-2.4602412605367],[-79.50283138166446,-2.460484242494223],[-79.50217712072578,-2.460734928429164],[-79.4987320492975,-2.462829158693628],[-79.49795828118795,-2.463003012617918]]}},{"type":"Feature","properties":{"fcode":"AP030","descripcio":"SISTEMA DE TRANSPORTE O COMUNICACIÓN","acc":7,"acc_desc":"PRECISA","rst":2,"rst_desc":"SUELTO/NO PAVIMENTO","typ":1,"typ_desc":"VÍA","hct":14,"hct_desc":"RUTA PRIMARIA","wtc":1,"wtc_desc":"TODO EL AÑO","loc":44,"loc_desc":"EN CONTACTO CON LA SUPERFICIE DE LA TIERRA","ltn":2,"mes":0,"mes_desc":"NO EXISTE","tuc":45,"tuc_desc":"GENERAL","txt":null,"SHAPE_Leng":548.12709925,"Shape_Le_1":548.12709925},"geometry":{"type":"LineString","coordinates":[[-79.50007916832449,-2.45852825467373],[-79.49795828118795,-2.463003012617918]]}},{"type":"Feature","properties":{"fcode":"AP030","descripcio":"SISTEMA DE TRANSPORTE O COMUNICACIÓN","acc":1,"acc_desc":"EXACTA","rst":2,"rst_desc":"SUELTO/NO PAVIMENTO","typ":1,"typ_desc":"VÍA","hct":14,"hct_desc":"RUTA PRIMARIA","wtc":1,"wtc_desc":"TODO EL AÑO","loc":44,"loc_desc":"EN CONTACTO CON LA SUPERFICIE DE LA TIERRA","ltn":2,"mes":0,"mes_desc":"NO EXISTE","tuc":45,"tuc_desc":"GENERAL","txt":null,"SHAPE_Leng":60.3386551054,"Shape_Le_1":60.3386551054},"geometry":{"type":"LineString","coordinates":[[-79.5003024524887,-2.458030903927598],[-79.50007916832449,-2.45852825467373]]}},{"type":"Feature","properties":{"fcode":"AP030","descripcio":"SISTEMA DE TRANSPORTE O COMUNICACIÓN","acc":7,"acc_desc":"PRECISA","rst":8,"rst_desc":"TEMPORAL","typ":1,"typ_desc":"VÍA","hct":4,"hct_desc":"RUTA LOCAL","wtc":2,"wtc_desc":"ÉPOCA SECA","loc":44,"loc_desc":"EN CONTACTO CON LA SUPERFICIE DE LA TIERRA","ltn":-32767,"mes":0,"mes_desc":"NO EXISTE","tuc":45,"tuc_desc":"GENERAL","txt":null,"SHAPE_Leng":842.809052086,"Shape_Le_1":842.809052086},"geometry":{"type":"LineString","coordinates":[[-79.50007916832449,-2.45852825467373],[-79.49752964117965,-2.457376599654127],[-79.49280698103769,-2.458141979596259]]}},{"type":"Feature","properties":{"fcode":"AP030","descripcio":"SISTEMA DE TRANSPORTE O COMUNICACIÓN","acc":1,"acc_desc":"EXACTA","rst":8,"rst_desc":"TEMPORAL","typ":1,"typ_desc":"VÍA","hct":4,"hct_desc":"RUTA LOCAL","wtc":2,"wtc_desc":"ÉPOCA SECA","loc":44,"loc_desc":"EN CONTACTO CON LA SUPERFICIE DE LA TIERRA","ltn":-32767,"mes":0,"mes_desc":"NO EXISTE","tuc":45,"tuc_desc":"GENERAL","txt":null,"SHAPE_Leng":1129.75749455,"Shape_Le_1":1129.75749455},"geometry":{"type":"LineString","coordinates":[[-79.5003024524887,-2.458030903927598],[-79.50087061562073,-2.457899954666689],[-79.50135864646278,-2.457701536555511],[-79.50192933173226,-2.457324681953304],[-79.50226097935325,-2.456977674118738],[-79.50263932495467,-2.45684560530249],[-79.50817407442631,-2.455942862325802]]}},{"type":"Feature","properties":{"fcode":"AP030","descripcio":"SISTEMA DE TRANSPORTE O COMUNICACIÓN","acc":1,"acc_desc":"EXACTA","rst":2,"rst_desc":"SUELTO/NO PAVIMENTO","typ":1,"typ_desc":"VÍA","hct":14,"hct_desc":"RUTA PRIMARIA","wtc":1,"wtc_desc":"TODO EL AÑO","loc":44,"loc_desc":"EN CONTACTO CON LA SUPERFICIE DE LA TIERRA","ltn":2,"mes":0,"mes_desc":"NO EXISTE","tuc":45,"tuc_desc":"GENERAL","txt":null,"SHAPE_Leng":768.165083478,"Shape_Le_1":768.165083478},"geometry":{"type":"LineString","coordinates":[[-79.50135133918427,-2.455683902006033],[-79.5003024524887,-2.458030903927598]]}},{"type":"Feature","properties":{"fcode":"AP030","descripcio":"SISTEMA DE TRANSPORTE O COMUNICACIÓN","acc":7,"acc_desc":"PRECISA","rst":8,"rst_desc":"TEMPORAL","typ":1,"typ_desc":"VÍA","hct":4,"hct_desc":"RUTA LOCAL","wtc":2,"wtc_desc":"ÉPOCA SECA","loc":44,"loc_desc":"EN CONTACTO CON LA SUPERFICIE DE LA TIERRA","ltn":-32767,"mes":0,"mes_desc":"NO EXISTE","tuc":45,"tuc_desc":"GENERAL","txt":null,"SHAPE_Leng":1032.52906969,"Shape_Le_1":1032.52906969},"geometry":{"type":"LineString","coordinates":[[-79.46926259310096,-2.46121077677858],[-79.47031445479287,-2.467822818672088],[-79.47078301367257,-2.470422038512453]]}},{"type":"Feature","properties":{"fcode":"AP030","descripcio":"SISTEMA DE TRANSPORTE O COMUNICACIÓN","acc":7,"acc_desc":"PRECISA","rst":8,"rst_desc":"TEMPORAL","typ":1,"typ_desc":"VÍA","hct":4,"hct_desc":"RUTA LOCAL","wtc":2,"wtc_desc":"ÉPOCA SECA","loc":44,"loc_desc":"EN CONTACTO CON LA SUPERFICIE DE LA TIERRA","ltn":-32767,"mes":0,"mes_desc":"NO EXISTE","tuc":45,"tuc_desc":"GENERAL","txt":null,"SHAPE_Leng":231.459669881,"Shape_Le_1":231.459669881},"geometry":{"type":"LineString","coordinates":[[-79.46567586778096,-2.465453915236426],[-79.46752083076794,-2.464486184268135]]}},{"type":"Feature","properties":{"fcode":"AP030","descripcio":"SISTEMA DE TRANSPORTE O COMUNICACIÓN","acc":7,"acc_desc":"PRECISA","rst":8,"rst_desc":"TEMPORAL","typ":1,"typ_desc":"VÍA","hct":4,"hct_desc":"RUTA LOCAL","wtc":2,"wtc_desc":"ÉPOCA SECA","loc":44,"loc_desc":"EN CONTACTO CON LA SUPERFICIE DE LA TIERRA","ltn":-32767,"mes":0,"mes_desc":"NO EXISTE","tuc":45,"tuc_desc":"GENERAL","txt":null,"SHAPE_Leng":195.362331008,"Shape_Le_1":195.362331008},"geometry":{"type":"LineString","coordinates":[[-79.46752083076794,-2.464486184268135],[-79.46911179287105,-2.463738374722728]]}},{"type":"Feature","properties":{"fcode":"AP030","descripcio":"SISTEMA DE TRANSPORTE O COMUNICACIÓN","acc":7,"acc_desc":"PRECISA","rst":8,"rst_desc":"TEMPORAL","typ":1,"typ_desc":"VÍA","hct":4,"hct_desc":"RUTA LOCAL","wtc":2,"wtc_desc":"ÉPOCA SECA","loc":44,"loc_desc":"EN CONTACTO CON LA SUPERFICIE DE LA TIERRA","ltn":-32767,"mes":0,"mes_desc":"NO EXISTE","tuc":45,"tuc_desc":"GENERAL","txt":null,"SHAPE_Leng":1129.35271526,"Shape_Le_1":1129.35271526},"geometry":{"type":"LineString","coordinates":[[-79.46475402000755,-2.455704759981379],[-79.46500300038007,-2.456032024809824],[-79.46518023194227,-2.45657911359704],[-79.46542978552212,-2.457809823355619],[-79.46559571001316,-2.458966819379244],[-79.46598129734532,-2.460128410600988],[-79.46615879372682,-2.460286431771597],[-79.46638870620849,-2.460370896228439],[-79.46661881684497,-2.460360671293951],[-79.46682797102557,-2.460276714333619],[-79.46701599990934,-2.460424256714255],[-79.46722179585669,-2.463357702292712],[-79.46752083076794,-2.464486184268135]]}},{"type":"Feature","properties":{"fcode":"AP030","descripcio":"SISTEMA DE TRANSPORTE O COMUNICACIÓN","acc":7,"acc_desc":"PRECISA","rst":8,"rst_desc":"TEMPORAL","typ":1,"typ_desc":"VÍA","hct":4,"hct_desc":"RUTA LOCAL","wtc":2,"wtc_desc":"ÉPOCA SECA","loc":44,"loc_desc":"EN CONTACTO CON LA SUPERFICIE DE LA TIERRA","ltn":-32767,"mes":0,"mes_desc":"NO EXISTE","tuc":45,"tuc_desc":"GENERAL","txt":null,"SHAPE_Leng":1259.4444803,"Shape_Le_1":1259.4444803},"geometry":{"type":"LineString","coordinates":[[-79.46788091018472,-2.455702977867288],[-79.46911179287105,-2.463738374722728]]}},{"type":"Feature","properties":{"fcode":"AP030","descripcio":"SISTEMA DE TRANSPORTE O COMUNICACIÓN","acc":7,"acc_desc":"PRECISA","rst":8,"rst_desc":"TEMPORAL","typ":1,"typ_desc":"VÍA","hct":4,"hct_desc":"RUTA LOCAL","wtc":2,"wtc_desc":"ÉPOCA SECA","loc":44,"loc_desc":"EN CONTACTO CON LA SUPERFICIE DE LA TIERRA","ltn":-32767,"mes":0,"mes_desc":"NO EXISTE","tuc":45,"tuc_desc":"GENERAL","txt":null,"SHAPE_Leng":29.0553282548,"Shape_Le_1":29.0553282548},"geometry":{"type":"LineString","coordinates":[[-79.4771467683223,-2.461688781732077],[-79.47696096768642,-2.461873516906323]]}},{"type":"Feature","properties":{"fcode":"AP030","descripcio":"SISTEMA DE TRANSPORTE O COMUNICACIÓN","acc":7,"acc_desc":"PRECISA","rst":8,"rst_desc":"TEMPORAL","typ":1,"typ_desc":"VÍA","hct":4,"hct_desc":"RUTA LOCAL","wtc":2,"wtc_desc":"ÉPOCA SECA","loc":44,"loc_desc":"EN CONTACTO CON LA SUPERFICIE DE LA TIERRA","ltn":-32767,"mes":0,"mes_desc":"NO EXISTE","tuc":45,"tuc_desc":"GENERAL","txt":null,"SHAPE_Leng":534.957036567,"Shape_Le_1":534.957036567},"geometry":{"type":"LineString","coordinates":[[-79.48057783625585,-2.458297978648316],[-79.4771467683223,-2.461688781732077]]}},{"type":"Feature","properties":{"fcode":"AP030","descripcio":"SISTEMA DE TRANSPORTE O COMUNICACIÓN","acc":7,"acc_desc":"PRECISA","rst":8,"rst_desc":"TEMPORAL","typ":1,"typ_desc":"VÍA","hct":4,"hct_desc":"RUTA LOCAL","wtc":2,"wtc_desc":"ÉPOCA SECA","loc":44,"loc_desc":"EN CONTACTO CON LA SUPERFICIE DE LA TIERRA","ltn":-32767,"mes":0,"mes_desc":"NO EXISTE","tuc":45,"tuc_desc":"GENERAL","txt":null,"SHAPE_Leng":465.25938359,"Shape_Le_1":465.25938359},"geometry":{"type":"LineString","coordinates":[[-79.48335909039943,-2.455694156360451],[-79.48318116350204,-2.455810246656949],[-79.48057783625585,-2.458297978648316]]}},{"type":"Feature","properties":{"fcode":"AP030","descripcio":"SISTEMA DE TRANSPORTE O COMUNICACIÓN","acc":7,"acc_desc":"PRECISA","rst":8,"rst_desc":"TEMPORAL","typ":1,"typ_desc":"VÍA","hct":4,"hct_desc":"RUTA LOCAL","wtc":2,"wtc_desc":"ÉPOCA SECA","loc":44,"loc_desc":"EN CONTACTO CON LA SUPERFICIE DE LA TIERRA","ltn":-32767,"mes":0,"mes_desc":"NO EXISTE","tuc":45,"tuc_desc":"GENERAL","txt":null,"SHAPE_Leng":1536.62580182,"Shape_Le_1":1536.62580182},"geometry":{"type":"LineString","coordinates":[[-79.47613270772266,-2.455698274905609],[-79.4771467683223,-2.461688781732077]]}},{"type":"Feature","properties":{"fcode":"AP030","descripcio":"SISTEMA DE TRANSPORTE O COMUNICACIÓN","acc":7,"acc_desc":"PRECISA","rst":8,"rst_desc":"TEMPORAL","typ":1,"typ_desc":"VÍA","hct":4,"hct_desc":"RUTA LOCAL","wtc":2,"wtc_desc":"ÉPOCA SECA","loc":44,"loc_desc":"EN CONTACTO CON LA SUPERFICIE DE LA TIERRA","ltn":-32767,"mes":0,"mes_desc":"NO EXISTE","tuc":45,"tuc_desc":"GENERAL","txt":null,"SHAPE_Leng":1222.62542854,"Shape_Le_1":1222.62542854},"geometry":{"type":"LineString","coordinates":[[-79.48015021835097,-2.455695985198617],[-79.48057783625585,-2.458297978648316]]}},{"type":"Feature","properties":{"fcode":"AP030","descripcio":"SISTEMA DE TRANSPORTE O COMUNICACIÓN","acc":1,"acc_desc":"EXACTA","rst":2,"rst_desc":"SUELTO/NO PAVIMENTO","typ":1,"typ_desc":"VÍA","hct":15,"hct_desc":"RUTA SECUNDARIA","wtc":1,"wtc_desc":"TODO EL AÑO","loc":44,"loc_desc":"EN CONTACTO CON LA SUPERFICIE DE LA TIERRA","ltn":-32767,"mes":0,"mes_desc":"NO EXISTE","tuc":45,"tuc_desc":"GENERAL","txt":null,"SHAPE_Leng":2348.26985975,"Shape_Le_1":2348.26985975},"geometry":{"type":"LineString","coordinates":[[-79.54630249537747,-2.567215571755791],[-79.548490425444,-2.566672687891505]]}},{"type":"Feature","properties":{"fcode":"AP030","descripcio":"SISTEMA DE TRANSPORTE O COMUNICACIÓN","acc":1,"acc_desc":"EXACTA","rst":8,"rst_desc":"TEMPORAL","typ":1,"typ_desc":"VÍA","hct":4,"hct_desc":"RUTA LOCAL","wtc":2,"wtc_desc":"ÉPOCA SECA","loc":44,"loc_desc":"EN CONTACTO CON LA SUPERFICIE DE LA TIERRA","ltn":-32767,"mes":0,"mes_desc":"NO EXISTE","tuc":45,"tuc_desc":"GENERAL","txt":null,"SHAPE_Leng":2571.15837912,"Shape_Le_1":2571.15837912},"geometry":{"type":"LineString","coordinates":[[-79.54847569452123,-2.541565012061697],[-79.54810312482913,-2.541435902059881]]}},{"type":"Feature","properties":{"fcode":"AP030","descripcio":"SISTEMA DE TRANSPORTE O COMUNICACIÓN","acc":1,"acc_desc":"EXACTA","rst":8,"rst_desc":"TEMPORAL","typ":1,"typ_desc":"VÍA","hct":4,"hct_desc":"RUTA LOCAL","wtc":2,"wtc_desc":"ÉPOCA SECA","loc":44,"loc_desc":"EN CONTACTO CON LA SUPERFICIE DE LA TIERRA","ltn":-32767,"mes":0,"mes_desc":"NO EXISTE","tuc":45,"tuc_desc":"GENERAL","txt":null,"SHAPE_Leng":1562.12891869,"Shape_Le_1":1562.12891869},"geometry":{"type":"LineString","coordinates":[[-79.54778282197574,-2.542146506189917],[-79.54847627585795,-2.542555853847003]]}},{"type":"Feature","properties":{"fcode":"AP030","descripcio":"SISTEMA DE TRANSPORTE O COMUNICACIÓN","acc":1,"acc_desc":"EXACTA","rst":2,"rst_desc":"SUELTO/NO PAVIMENTO","typ":1,"typ_desc":"VÍA","hct":15,"hct_desc":"RUTA SECUNDARIA","wtc":1,"wtc_desc":"TODO EL AÑO","loc":44,"loc_desc":"EN CONTACTO CON LA SUPERFICIE DE LA TIERRA","ltn":-32767,"mes":0,"mes_desc":"NO EXISTE","tuc":45,"tuc_desc":"GENERAL","txt":null,"SHAPE_Leng":577.660641944,"Shape_Le_1":577.660641944},"geometry":{"type":"LineString","coordinates":[[-79.53888236164036,-2.574406145500428],[-79.54181380078134,-2.570092997792555]]}},{"type":"Feature","properties":{"fcode":"AP030","descripcio":"SISTEMA DE TRANSPORTE O COMUNICACIÓN","acc":1,"acc_desc":"EXACTA","rst":2,"rst_desc":"SUELTO/NO PAVIMENTO","typ":1,"typ_desc":"VÍA","hct":15,"hct_desc":"RUTA SECUNDARIA","wtc":1,"wtc_desc":"TODO EL AÑO","loc":44,"loc_desc":"EN CONTACTO CON LA SUPERFICIE DE LA TIERRA","ltn":-32767,"mes":0,"mes_desc":"NO EXISTE","tuc":45,"tuc_desc":"GENERAL","txt":null,"SHAPE_Leng":130.045944188,"Shape_Le_1":130.045944188},"geometry":{"type":"LineString","coordinates":[[-79.54181380078134,-2.570092997792555],[-79.54246904323796,-2.569118785507096]]}},{"type":"Feature","properties":{"fcode":"AP030","descripcio":"SISTEMA DE TRANSPORTE O COMUNICACIÓN","acc":1,"acc_desc":"EXACTA","rst":999,"rst_desc":"OTRO","typ":33,"typ_desc":"CALLE","hct":4,"hct_desc":"RUTA LOCAL","wtc":1,"wtc_desc":"TODO EL AÑO","loc":44,"loc_desc":"EN CONTACTO CON LA SUPERFICIE DE LA TIERRA","ltn":-32767,"mes":0,"mes_desc":"NO EXISTE","tuc":45,"tuc_desc":"GENERAL","txt":null,"SHAPE_Leng":607.742423063,"Shape_Le_1":607.742423063},"geometry":{"type":"LineString","coordinates":[[-79.54246904323796,-2.569118785507096],[-79.54439030330394,-2.568770072721186],[-79.54448608515665,-2.56955675686467],[-79.54181380078134,-2.570092997792555]]}},{"type":"Feature","properties":{"fcode":"AP030","descripcio":"SISTEMA DE TRANSPORTE O COMUNICACIÓN","acc":1,"acc_desc":"EXACTA","rst":999,"rst_desc":"OTRO","typ":33,"typ_desc":"CALLE","hct":4,"hct_desc":"RUTA LOCAL","wtc":1,"wtc_desc":"TODO EL AÑO","loc":44,"loc_desc":"EN CONTACTO CON LA SUPERFICIE DE LA TIERRA","ltn":-32767,"mes":0,"mes_desc":"NO EXISTE","tuc":45,"tuc_desc":"GENERAL","txt":null,"SHAPE_Leng":37.2891203967,"Shape_Le_1":37.2891203967},"geometry":{"type":"LineString","coordinates":[[-79.54362678954,-2.568632359220496],[-79.54395707166825,-2.568574040782227]]}},{"type":"Feature","properties":{"fcode":"AP030","descripcio":"SISTEMA DE TRANSPORTE O COMUNICACIÓN","acc":1,"acc_desc":"EXACTA","rst":2,"rst_desc":"SUELTO/NO PAVIMENTO","typ":1,"typ_desc":"VÍA","hct":15,"hct_desc":"RUTA SECUNDARIA","wtc":1,"wtc_desc":"TODO EL AÑO","loc":44,"loc_desc":"EN CONTACTO CON LA SUPERFICIE DE LA TIERRA","ltn":-32767,"mes":0,"mes_desc":"NO EXISTE","tuc":45,"tuc_desc":"GENERAL","txt":null,"SHAPE_Leng":182.821017665,"Shape_Le_1":182.821017665},"geometry":{"type":"LineString","coordinates":[[-79.54246904323796,-2.569118785507096],[-79.54339028985008,-2.567749283833311]]}},{"type":"Feature","properties":{"fcode":"AP030","descripcio":"SISTEMA DE TRANSPORTE O COMUNICACIÓN","acc":1,"acc_desc":"EXACTA","rst":8,"rst_desc":"TEMPORAL","typ":1,"typ_desc":"VÍA","hct":4,"hct_desc":"RUTA LOCAL","wtc":2,"wtc_desc":"ÉPOCA SECA","loc":44,"loc_desc":"EN CONTACTO CON LA SUPERFICIE DE LA TIERRA","ltn":-32767,"mes":0,"mes_desc":"NO EXISTE","tuc":45,"tuc_desc":"GENERAL","txt":null,"SHAPE_Leng":651.41810441,"Shape_Le_1":651.41810441},"geometry":{"type":"LineString","coordinates":[[-79.53766170456655,-2.568931835985883],[-79.54093895271517,-2.568374320618284],[-79.54258106418652,-2.567875608283859],[-79.54339028985008,-2.567749283833311]]}},{"type":"Feature","properties":{"fcode":"AP030","descripcio":"SISTEMA DE TRANSPORTE O COMUNICACIÓN","acc":1,"acc_desc":"EXACTA","rst":999,"rst_desc":"OTRO","typ":33,"typ_desc":"CALLE","hct":4,"hct_desc":"RUTA LOCAL","wtc":1,"wtc_desc":"TODO EL AÑO","loc":44,"loc_desc":"EN CONTACTO CON LA SUPERFICIE DE LA TIERRA","ltn":-32767,"mes":0,"mes_desc":"NO EXISTE","tuc":45,"tuc_desc":"GENERAL","txt":null,"SHAPE_Leng":101.219059964,"Shape_Le_1":101.219059964},"geometry":{"type":"LineString","coordinates":[[-79.54375430533347,-2.567681598001273],[-79.54395707166825,-2.568574040782227]]}},{"type":"Feature","properties":{"fcode":"AP030","descripcio":"SISTEMA DE TRANSPORTE O COMUNICACIÓN","acc":1,"acc_desc":"EXACTA","rst":999,"rst_desc":"OTRO","typ":33,"typ_desc":"CALLE","hct":4,"hct_desc":"RUTA LOCAL","wtc":1,"wtc_desc":"TODO EL AÑO","loc":44,"loc_desc":"EN CONTACTO CON LA SUPERFICIE DE LA TIERRA","ltn":-32767,"mes":0,"mes_desc":"NO EXISTE","tuc":45,"tuc_desc":"GENERAL","txt":null,"SHAPE_Leng":208.634109229,"Shape_Le_1":208.634109229},"geometry":{"type":"LineString","coordinates":[[-79.54395707166825,-2.568574040782227],[-79.54490348459503,-2.568407083324958],[-79.544736163425,-2.567502019013987]]}},{"type":"Feature","properties":{"fcode":"AP030","descripcio":"SISTEMA DE TRANSPORTE O COMUNICACIÓN","acc":1,"acc_desc":"EXACTA","rst":1,"rst_desc":"DURO/PAVIMENTO","typ":1,"typ_desc":"VÍA","hct":14,"hct_desc":"RUTA PRIMARIA","wtc":1,"wtc_desc":"TODO EL AÑO","loc":44,"loc_desc":"EN CONTACTO CON LA SUPERFICIE DE LA TIERRA","ltn":-32767,"mes":0,"mes_desc":"NO EXISTE","tuc":45,"tuc_desc":"GENERAL","txt":null,"SHAPE_Leng":554.810701218,"Shape_Le_1":554.810701218},"geometry":{"type":"LineString","coordinates":[[-79.54205970797184,-2.56656532065597],[-79.53766170456655,-2.568931835985883]]}},{"type":"Feature","properties":{"fcode":"AP030","descripcio":"SISTEMA DE TRANSPORTE O COMUNICACIÓN","acc":1,"acc_desc":"EXACTA","rst":8,"rst_desc":"TEMPORAL","typ":1,"typ_desc":"VÍA","hct":4,"hct_desc":"RUTA LOCAL","wtc":2,"wtc_desc":"ÉPOCA SECA","loc":44,"loc_desc":"EN CONTACTO CON LA SUPERFICIE DE LA TIERRA","ltn":-32767,"mes":0,"mes_desc":"NO EXISTE","tuc":45,"tuc_desc":"GENERAL","txt":null,"SHAPE_Leng":90.1365541843,"Shape_Le_1":90.1365541843},"geometry":{"type":"LineString","coordinates":[[-79.54564381562122,-2.567336010995385],[-79.54580658168295,-2.568134619982945]]}},{"type":"Feature","properties":{"fcode":"AP030","descripcio":"SISTEMA DE TRANSPORTE O COMUNICACIÓN","acc":1,"acc_desc":"EXACTA","rst":2,"rst_desc":"SUELTO/NO PAVIMENTO","typ":1,"typ_desc":"VÍA","hct":15,"hct_desc":"RUTA SECUNDARIA","wtc":1,"wtc_desc":"TODO EL AÑO","loc":44,"loc_desc":"EN CONTACTO CON LA SUPERFICIE DE LA TIERRA","ltn":-32767,"mes":0,"mes_desc":"NO EXISTE","tuc":45,"tuc_desc":"GENERAL","txt":null,"SHAPE_Leng":41.1645697177,"Shape_Le_1":41.1645697177},"geometry":{"type":"LineString","coordinates":[[-79.54339028985008,-2.567749283833311],[-79.54375430533347,-2.567681598001273]]}},{"type":"Feature","properties":{"fcode":"AP030","descripcio":"SISTEMA DE TRANSPORTE O COMUNICACIÓN","acc":1,"acc_desc":"EXACTA","rst":2,"rst_desc":"SUELTO/NO PAVIMENTO","typ":1,"typ_desc":"VÍA","hct":15,"hct_desc":"RUTA SECUNDARIA","wtc":1,"wtc_desc":"TODO EL AÑO","loc":44,"loc_desc":"EN CONTACTO CON LA SUPERFICIE DE LA TIERRA","ltn":-32767,"mes":0,"mes_desc":"NO EXISTE","tuc":45,"tuc_desc":"GENERAL","txt":null,"SHAPE_Leng":110.973447274,"Shape_Le_1":110.973447274},"geometry":{"type":"LineString","coordinates":[[-79.54375430533347,-2.567681598001273],[-79.544736163425,-2.567502019013987]]}},{"type":"Feature","properties":{"fcode":"AP030","descripcio":"SISTEMA DE TRANSPORTE O COMUNICACIÓN","acc":1,"acc_desc":"EXACTA","rst":8,"rst_desc":"TEMPORAL","typ":1,"typ_desc":"VÍA","hct":4,"hct_desc":"RUTA LOCAL","wtc":2,"wtc_desc":"ÉPOCA SECA","loc":44,"loc_desc":"EN CONTACTO CON LA SUPERFICIE DE LA TIERRA","ltn":-32767,"mes":0,"mes_desc":"NO EXISTE","tuc":45,"tuc_desc":"GENERAL","txt":null,"SHAPE_Leng":63.9103974326,"Shape_Le_1":63.9103974326},"geometry":{"type":"LineString","coordinates":[[-79.54630249537747,-2.567215571755791],[-79.54638907979124,-2.567786993612035]]}},{"type":"Feature","properties":{"fcode":"AP030","descripcio":"SISTEMA DE TRANSPORTE O COMUNICACIÓN","acc":1,"acc_desc":"EXACTA","rst":2,"rst_desc":"SUELTO/NO PAVIMENTO","typ":1,"typ_desc":"VÍA","hct":15,"hct_desc":"RUTA SECUNDARIA","wtc":1,"wtc_desc":"TODO EL AÑO","loc":44,"loc_desc":"EN CONTACTO CON LA SUPERFICIE DE LA TIERRA","ltn":-32767,"mes":0,"mes_desc":"NO EXISTE","tuc":45,"tuc_desc":"GENERAL","txt":null,"SHAPE_Leng":73.0532826097,"Shape_Le_1":73.0532826097},"geometry":{"type":"LineString","coordinates":[[-79.544736163425,-2.567502019013987],[-79.54538252040282,-2.567383827297564]]}},{"type":"Feature","properties":{"fcode":"AP030","descripcio":"SISTEMA DE TRANSPORTE O COMUNICACIÓN","acc":1,"acc_desc":"EXACTA","rst":2,"rst_desc":"SUELTO/NO PAVIMENTO","typ":1,"typ_desc":"VÍA","hct":15,"hct_desc":"RUTA SECUNDARIA","wtc":1,"wtc_desc":"TODO EL AÑO","loc":44,"loc_desc":"EN CONTACTO CON LA SUPERFICIE DE LA TIERRA","ltn":-32767,"mes":0,"mes_desc":"NO EXISTE","tuc":45,"tuc_desc":"GENERAL","txt":null,"SHAPE_Leng":29.5331153113,"Shape_Le_1":29.5331153113},"geometry":{"type":"LineString","coordinates":[[-79.54538252040282,-2.567383827297564],[-79.54564381562122,-2.567336010995385]]}},{"type":"Feature","properties":{"fcode":"AP030","descripcio":"SISTEMA DE TRANSPORTE O COMUNICACIÓN","acc":1,"acc_desc":"EXACTA","rst":2,"rst_desc":"SUELTO/NO PAVIMENTO","typ":1,"typ_desc":"VÍA","hct":15,"hct_desc":"RUTA SECUNDARIA","wtc":1,"wtc_desc":"TODO EL AÑO","loc":44,"loc_desc":"EN CONTACTO CON LA SUPERFICIE DE LA TIERRA","ltn":-32767,"mes":0,"mes_desc":"NO EXISTE","tuc":45,"tuc_desc":"GENERAL","txt":null,"SHAPE_Leng":74.4459058648,"Shape_Le_1":74.4459058648},"geometry":{"type":"LineString","coordinates":[[-79.54564381562122,-2.567336010995385],[-79.54630249537747,-2.567215571755791]]}},{"type":"Feature","properties":{"fcode":"AP030","descripcio":"SISTEMA DE TRANSPORTE O COMUNICACIÓN","acc":1,"acc_desc":"EXACTA","rst":8,"rst_desc":"TEMPORAL","typ":1,"typ_desc":"VÍA","hct":4,"hct_desc":"RUTA LOCAL","wtc":2,"wtc_desc":"ÉPOCA SECA","loc":44,"loc_desc":"EN CONTACTO CON LA SUPERFICIE DE LA TIERRA","ltn":-32767,"mes":0,"mes_desc":"NO EXISTE","tuc":45,"tuc_desc":"GENERAL","txt":null,"SHAPE_Leng":155.636671145,"Shape_Le_1":155.636671145},"geometry":{"type":"LineString","coordinates":[[-79.54538252040282,-2.567383827297564],[-79.54589806567756,-2.566997234331162],[-79.54601720569637,-2.566532859889994],[-79.54616253122892,-2.566292540425104]]}},{"type":"Feature","properties":{"fcode":"AP030","descripcio":"SISTEMA DE TRANSPORTE O COMUNICACIÓN","acc":1,"acc_desc":"EXACTA","rst":8,"rst_desc":"TEMPORAL","typ":1,"typ_desc":"VÍA","hct":4,"hct_desc":"RUTA LOCAL","wtc":2,"wtc_desc":"ÉPOCA SECA","loc":44,"loc_desc":"EN CONTACTO CON LA SUPERFICIE DE LA TIERRA","ltn":-32767,"mes":0,"mes_desc":"NO EXISTE","tuc":45,"tuc_desc":"GENERAL","txt":null,"SHAPE_Leng":103.237706291,"Shape_Le_1":103.237706291},"geometry":{"type":"LineString","coordinates":[[-79.54616253122892,-2.566292540425104],[-79.54630249537747,-2.567215571755791]]}},{"type":"Feature","properties":{"fcode":"AP030","descripcio":"SISTEMA DE TRANSPORTE O COMUNICACIÓN","acc":1,"acc_desc":"EXACTA","rst":1,"rst_desc":"DURO/PAVIMENTO","typ":1,"typ_desc":"VÍA","hct":14,"hct_desc":"RUTA PRIMARIA","wtc":1,"wtc_desc":"TODO EL AÑO","loc":44,"loc_desc":"EN CONTACTO CON LA SUPERFICIE DE LA TIERRA","ltn":-32767,"mes":0,"mes_desc":"NO EXISTE","tuc":45,"tuc_desc":"GENERAL","txt":null,"SHAPE_Leng":41.9591077677,"Shape_Le_1":41.9591077677},"geometry":{"type":"LineString","coordinates":[[-79.5423928993282,-2.566387227977911],[-79.54205970797184,-2.56656532065597]]}},{"type":"Feature","properties":{"fcode":"AP030","descripcio":"SISTEMA DE TRANSPORTE O COMUNICACIÓN","acc":1,"acc_desc":"EXACTA","rst":8,"rst_desc":"TEMPORAL","typ":1,"typ_desc":"VÍA","hct":4,"hct_desc":"RUTA LOCAL","wtc":2,"wtc_desc":"ÉPOCA SECA","loc":44,"loc_desc":"EN CONTACTO CON LA SUPERFICIE DE LA TIERRA","ltn":-32767,"mes":0,"mes_desc":"NO EXISTE","tuc":45,"tuc_desc":"GENERAL","txt":null,"SHAPE_Leng":73.2511693212,"Shape_Le_1":73.2511693212},"geometry":{"type":"LineString","coordinates":[[-79.54616253122892,-2.566292540425104],[-79.54611861379455,-2.566002985032061],[-79.54595736319601,-2.565670870983013]]}},{"type":"Feature","properties":{"fcode":"AP030","descripcio":"SISTEMA DE TRANSPORTE O COMUNICACIÓN","acc":1,"acc_desc":"EXACTA","rst":1,"rst_desc":"DURO/PAVIMENTO","typ":1,"typ_desc":"VÍA","hct":14,"hct_desc":"RUTA PRIMARIA","wtc":1,"wtc_desc":"TODO EL AÑO","loc":44,"loc_desc":"EN CONTACTO CON LA SUPERFICIE DE LA TIERRA","ltn":-32767,"mes":0,"mes_desc":"NO EXISTE","tuc":45,"tuc_desc":"GENERAL","txt":null,"SHAPE_Leng":425.645299559,"Shape_Le_1":425.645299559},"geometry":{"type":"LineString","coordinates":[[-79.54570551264382,-2.564465720775539],[-79.54492910149773,-2.564999436593206],[-79.5423928993282,-2.566387227977911]]}},{"type":"Feature","properties":{"fcode":"AP030","descripcio":"SISTEMA DE TRANSPORTE O COMUNICACIÓN","acc":1,"acc_desc":"EXACTA","rst":8,"rst_desc":"TEMPORAL","typ":1,"typ_desc":"VÍA","hct":4,"hct_desc":"RUTA LOCAL","wtc":2,"wtc_desc":"ÉPOCA SECA","loc":44,"loc_desc":"EN CONTACTO CON LA SUPERFICIE DE LA TIERRA","ltn":-32767,"mes":0,"mes_desc":"NO EXISTE","tuc":45,"tuc_desc":"GENERAL","txt":null,"SHAPE_Leng":102.513455338,"Shape_Le_1":102.513455338},"geometry":{"type":"LineString","coordinates":[[-79.54595736319601,-2.565670870983013],[-79.54586452892356,-2.565479667964657],[-79.54586019046783,-2.565180661416092],[-79.54606536355818,-2.564820212696798]]}},{"type":"Feature","properties":{"fcode":"AP030","descripcio":"SISTEMA DE TRANSPORTE O COMUNICACIÓN","acc":1,"acc_desc":"EXACTA","rst":8,"rst_desc":"TEMPORAL","typ":1,"typ_desc":"VÍA","hct":4,"hct_desc":"RUTA LOCAL","wtc":2,"wtc_desc":"ÉPOCA SECA","loc":44,"loc_desc":"EN CONTACTO CON LA SUPERFICIE DE LA TIERRA","ltn":-32767,"mes":0,"mes_desc":"NO EXISTE","tuc":45,"tuc_desc":"GENERAL","txt":null,"SHAPE_Leng":56.0136242362,"Shape_Le_1":56.0136242362},"geometry":{"type":"LineString","coordinates":[[-79.54606536355818,-2.564820212696798],[-79.54570551264382,-2.564465720775539]]}},{"type":"Feature","properties":{"fcode":"AP030","descripcio":"SISTEMA DE TRANSPORTE O COMUNICACIÓN","acc":1,"acc_desc":"EXACTA","rst":8,"rst_desc":"TEMPORAL","typ":1,"typ_desc":"VÍA","hct":4,"hct_desc":"RUTA LOCAL","wtc":2,"wtc_desc":"ÉPOCA SECA","loc":44,"loc_desc":"EN CONTACTO CON LA SUPERFICIE DE LA TIERRA","ltn":-32767,"mes":0,"mes_desc":"NO EXISTE","tuc":45,"tuc_desc":"GENERAL","txt":null,"SHAPE_Leng":633.012774104,"Shape_Le_1":633.012774104},"geometry":{"type":"LineString","coordinates":[[-79.54606536355818,-2.564820212696798],[-79.54654729229529,-2.564337983020256],[-79.54750543376754,-2.563736369960292],[-79.5484885743082,-2.563517575440034]]}},{"type":"Feature","properties":{"fcode":"AP030","descripcio":"SISTEMA DE TRANSPORTE O COMUNICACIÓN","acc":1,"acc_desc":"EXACTA","rst":1,"rst_desc":"DURO/PAVIMENTO","typ":1,"typ_desc":"VÍA","hct":14,"hct_desc":"RUTA PRIMARIA","wtc":1,"wtc_desc":"TODO EL AÑO","loc":44,"loc_desc":"EN CONTACTO CON LA SUPERFICIE DE LA TIERRA","ltn":-32767,"mes":0,"mes_desc":"NO EXISTE","tuc":45,"tuc_desc":"GENERAL","txt":null,"SHAPE_Leng":1000.59702334,"Shape_Le_1":1000.59702334},"geometry":{"type":"LineString","coordinates":[[-79.54848786954128,-2.56231635679831],[-79.54570551264382,-2.564465720775539]]}},{"type":"Feature","properties":{"fcode":"AP030","descripcio":"SISTEMA DE TRANSPORTE O COMUNICACIÓN","acc":1,"acc_desc":"EXACTA","rst":1,"rst_desc":"DURO/PAVIMENTO","typ":1,"typ_desc":"VÍA","hct":14,"hct_desc":"RUTA PRIMARIA","wtc":1,"wtc_desc":"TODO EL AÑO","loc":44,"loc_desc":"EN CONTACTO CON LA SUPERFICIE DE LA TIERRA","ltn":-32767,"mes":0,"mes_desc":"NO EXISTE","tuc":45,"tuc_desc":"GENERAL","txt":null,"SHAPE_Leng":862.016297556,"Shape_Le_1":862.016297556},"geometry":{"type":"LineString","coordinates":[[-79.54848182225994,-2.552009251007564],[-79.5479015295784,-2.551536350553965]]}},{"type":"Feature","properties":{"fcode":"AP030","descripcio":"SISTEMA DE TRANSPORTE O COMUNICACIÓN","acc":1,"acc_desc":"EXACTA","rst":1,"rst_desc":"DURO/PAVIMENTO","typ":1,"typ_desc":"VÍA","hct":14,"hct_desc":"RUTA PRIMARIA","wtc":1,"wtc_desc":"TODO EL AÑO","loc":44,"loc_desc":"EN CONTACTO CON LA SUPERFICIE DE LA TIERRA","ltn":-32767,"mes":0,"mes_desc":"NO EXISTE","tuc":45,"tuc_desc":"GENERAL","txt":null,"SHAPE_Leng":664.7208945,"Shape_Le_1":664.7208945},"geometry":{"type":"LineString","coordinates":[[-79.5479015295784,-2.551536350553965],[-79.54702454832105,-2.550586073909505],[-79.54653204274935,-2.549763124240321],[-79.54630550748972,-2.549290759068007],[-79.54606217124535,-2.548484281637064],[-79.54596117378877,-2.547450956108611],[-79.54600751219377,-2.546465460767117],[-79.54608263804401,-2.546111555450081]]}},{"type":"Feature","properties":{"fcode":"AP030","descripcio":"SISTEMA DE TRANSPORTE O COMUNICACIÓN","acc":1,"acc_desc":"EXACTA","rst":2,"rst_desc":"SUELTO/NO PAVIMENTO","typ":1,"typ_desc":"VÍA","hct":15,"hct_desc":"RUTA SECUNDARIA","wtc":1,"wtc_desc":"TODO EL AÑO","loc":44,"loc_desc":"EN CONTACTO CON LA SUPERFICIE DE LA TIERRA","ltn":-32767,"mes":0,"mes_desc":"NO EXISTE","tuc":45,"tuc_desc":"GENERAL","txt":null,"SHAPE_Leng":66.5003879688,"Shape_Le_1":66.5003879688},"geometry":{"type":"LineString","coordinates":[[-79.54069058201249,-2.54856192255422],[-79.54111761897569,-2.548982963989534]]}},{"type":"Feature","properties":{"fcode":"AP030","descripcio":"SISTEMA DE TRANSPORTE O COMUNICACIÓN","acc":1,"acc_desc":"EXACTA","rst":2,"rst_desc":"SUELTO/NO PAVIMENTO","typ":1,"typ_desc":"VÍA","hct":15,"hct_desc":"RUTA SECUNDARIA","wtc":1,"wtc_desc":"TODO EL AÑO","loc":44,"loc_desc":"EN CONTACTO CON LA SUPERFICIE DE LA TIERRA","ltn":-32767,"mes":0,"mes_desc":"NO EXISTE","tuc":45,"tuc_desc":"GENERAL","txt":null,"SHAPE_Leng":79.9710084905,"Shape_Le_1":79.9710084905},"geometry":{"type":"LineString","coordinates":[[-79.54010253919512,-2.548892541124878],[-79.54026043896626,-2.548663179564],[-79.54069058201249,-2.54856192255422]]}},{"type":"Feature","properties":{"fcode":"AP030","descripcio":"SISTEMA DE TRANSPORTE O COMUNICACIÓN","acc":1,"acc_desc":"EXACTA","rst":2,"rst_desc":"SUELTO/NO PAVIMENTO","typ":1,"typ_desc":"VÍA","hct":15,"hct_desc":"RUTA SECUNDARIA","wtc":1,"wtc_desc":"TODO EL AÑO","loc":44,"loc_desc":"EN CONTACTO CON LA SUPERFICIE DE LA TIERRA","ltn":-32767,"mes":0,"mes_desc":"NO EXISTE","tuc":45,"tuc_desc":"GENERAL","txt":null,"SHAPE_Leng":655.678002917,"Shape_Le_1":655.678002917},"geometry":{"type":"LineString","coordinates":[[-79.54111761897569,-2.548982963989534],[-79.54121166838141,-2.548675839860572],[-79.54129766520407,-2.548572020011629],[-79.54251813414248,-2.547626391230628],[-79.54473629588095,-2.54647731331122],[-79.54582877982077,-2.546107378542648],[-79.54608263804401,-2.546111555450081]]}},{"type":"Feature","properties":{"fcode":"AP030","descripcio":"SISTEMA DE TRANSPORTE O COMUNICACIÓN","acc":1,"acc_desc":"EXACTA","rst":8,"rst_desc":"TEMPORAL","typ":1,"typ_desc":"VÍA","hct":4,"hct_desc":"RUTA LOCAL","wtc":2,"wtc_desc":"ÉPOCA SECA","loc":44,"loc_desc":"EN CONTACTO CON LA SUPERFICIE DE LA TIERRA","ltn":-32767,"mes":0,"mes_desc":"NO EXISTE","tuc":45,"tuc_desc":"GENERAL","txt":null,"SHAPE_Leng":995.291438803,"Shape_Le_1":995.291438803},"geometry":{"type":"LineString","coordinates":[[-79.54069058201249,-2.54856192255422],[-79.5404519767292,-2.548269252007456],[-79.53915799462625,-2.547337673026335],[-79.53850104130386,-2.546496267161956],[-79.53781993875027,-2.545778739180572],[-79.53707571082808,-2.545139100080802],[-79.53446331551486,-2.543343111665729],[-79.53385220610359,-2.542840914815139]]}},{"type":"Feature","properties":{"fcode":"AP030","descripcio":"SISTEMA DE TRANSPORTE O COMUNICACIÓN","acc":1,"acc_desc":"EXACTA","rst":1,"rst_desc":"DURO/PAVIMENTO","typ":1,"typ_desc":"VÍA","hct":14,"hct_desc":"RUTA PRIMARIA","wtc":1,"wtc_desc":"TODO EL AÑO","loc":44,"loc_desc":"EN CONTACTO CON LA SUPERFICIE DE LA TIERRA","ltn":-32767,"mes":0,"mes_desc":"NO EXISTE","tuc":45,"tuc_desc":"GENERAL","txt":null,"SHAPE_Leng":433.724326032,"Shape_Le_1":433.724326032},"geometry":{"type":"LineString","coordinates":[[-79.54608263804401,-2.546111555450081],[-79.5463239526374,-2.545352476807899],[-79.54761694976263,-2.54251098155883]]}},{"type":"Feature","properties":{"fcode":"AP030","descripcio":"SISTEMA DE TRANSPORTE O COMUNICACIÓN","acc":1,"acc_desc":"EXACTA","rst":1,"rst_desc":"DURO/PAVIMENTO","typ":1,"typ_desc":"VÍA","hct":14,"hct_desc":"RUTA PRIMARIA","wtc":1,"wtc_desc":"TODO EL AÑO","loc":44,"loc_desc":"EN CONTACTO CON LA SUPERFICIE DE LA TIERRA","ltn":-32767,"mes":0,"mes_desc":"NO EXISTE","tuc":45,"tuc_desc":"GENERAL","txt":null,"SHAPE_Leng":44.3200013747,"Shape_Le_1":44.3200013747},"geometry":{"type":"LineString","coordinates":[[-79.54761694976263,-2.54251098155883],[-79.54778282197574,-2.542146506189917]]}},{"type":"Feature","properties":{"fcode":"AP030","descripcio":"SISTEMA DE TRANSPORTE O COMUNICACIÓN","acc":1,"acc_desc":"EXACTA","rst":1,"rst_desc":"DURO/PAVIMENTO","typ":1,"typ_desc":"VÍA","hct":14,"hct_desc":"RUTA PRIMARIA","wtc":1,"wtc_desc":"TODO EL AÑO","loc":44,"loc_desc":"EN CONTACTO CON LA SUPERFICIE DE LA TIERRA","ltn":-32767,"mes":0,"mes_desc":"NO EXISTE","tuc":45,"tuc_desc":"GENERAL","txt":null,"SHAPE_Leng":43.6560133103,"Shape_Le_1":43.6560133103},"geometry":{"type":"LineString","coordinates":[[-79.54778282197574,-2.542146506189917],[-79.54793994395274,-2.541784673521112]]}},{"type":"Feature","properties":{"fcode":"AP030","descripcio":"SISTEMA DE TRANSPORTE O COMUNICACIÓN","acc":1,"acc_desc":"EXACTA","rst":1,"rst_desc":"DURO/PAVIMENTO","typ":1,"typ_desc":"VÍA","hct":14,"hct_desc":"RUTA PRIMARIA","wtc":1,"wtc_desc":"TODO EL AÑO","loc":44,"loc_desc":"EN CONTACTO CON LA SUPERFICIE DE LA TIERRA","ltn":-32767,"mes":0,"mes_desc":"NO EXISTE","tuc":45,"tuc_desc":"GENERAL","txt":null,"SHAPE_Leng":42.6258013476,"Shape_Le_1":42.6258013476},"geometry":{"type":"LineString","coordinates":[[-79.54793994395274,-2.541784673521112],[-79.54810312482913,-2.541435902059881]]}},{"type":"Feature","properties":{"fcode":"AP030","descripcio":"SISTEMA DE TRANSPORTE O COMUNICACIÓN","acc":1,"acc_desc":"EXACTA","rst":2,"rst_desc":"SUELTO/NO PAVIMENTO","typ":1,"typ_desc":"VÍA","hct":15,"hct_desc":"RUTA SECUNDARIA","wtc":1,"wtc_desc":"TODO EL AÑO","loc":44,"loc_desc":"EN CONTACTO CON LA SUPERFICIE DE LA TIERRA","ltn":-32767,"mes":0,"mes_desc":"NO EXISTE","tuc":45,"tuc_desc":"GENERAL","txt":null,"SHAPE_Leng":1651.63603692,"Shape_Le_1":1651.63603692},"geometry":{"type":"LineString","coordinates":[[-79.54761694976263,-2.54251098155883],[-79.53967607444233,-2.540051451506114],[-79.53884541890827,-2.540059913334786],[-79.53846820337581,-2.540198764842783],[-79.53385220610359,-2.542840914815139]]}},{"type":"Feature","properties":{"fcode":"AP030","descripcio":"SISTEMA DE TRANSPORTE O COMUNICACIÓN","acc":1,"acc_desc":"EXACTA","rst":1,"rst_desc":"DURO/PAVIMENTO","typ":1,"typ_desc":"VÍA","hct":14,"hct_desc":"RUTA PRIMARIA","wtc":1,"wtc_desc":"TODO EL AÑO","loc":44,"loc_desc":"EN CONTACTO CON LA SUPERFICIE DE LA TIERRA","ltn":-32767,"mes":0,"mes_desc":"NO EXISTE","tuc":45,"tuc_desc":"GENERAL","txt":null,"SHAPE_Leng":45.1011806939,"Shape_Le_1":45.1011806939},"geometry":{"type":"LineString","coordinates":[[-79.54810312482913,-2.541435902059881],[-79.54827997056724,-2.541068816040471]]}},{"type":"Feature","properties":{"fcode":"AP030","descripcio":"SISTEMA DE TRANSPORTE O COMUNICACIÓN","acc":1,"acc_desc":"EXACTA","rst":999,"rst_desc":"OTRO","typ":33,"typ_desc":"CALLE","hct":4,"hct_desc":"RUTA LOCAL","wtc":1,"wtc_desc":"TODO EL AÑO","loc":44,"loc_desc":"EN CONTACTO CON LA SUPERFICIE DE LA TIERRA","ltn":-32767,"mes":0,"mes_desc":"NO EXISTE","tuc":45,"tuc_desc":"GENERAL","txt":null,"SHAPE_Leng":190.291025707,"Shape_Le_1":190.291025707},"geometry":{"type":"LineString","coordinates":[[-79.5484754580141,-2.541161904640815],[-79.54827997056724,-2.541068816040471]]}},{"type":"Feature","properties":{"fcode":"AP030","descripcio":"SISTEMA DE TRANSPORTE O COMUNICACIÓN","acc":1,"acc_desc":"EXACTA","rst":1,"rst_desc":"DURO/PAVIMENTO","typ":1,"typ_desc":"VÍA","hct":14,"hct_desc":"RUTA PRIMARIA","wtc":1,"wtc_desc":"TODO EL AÑO","loc":44,"loc_desc":"EN CONTACTO CON LA SUPERFICIE DE LA TIERRA","ltn":-32767,"mes":0,"mes_desc":"NO EXISTE","tuc":45,"tuc_desc":"GENERAL","txt":null,"SHAPE_Leng":156.270869007,"Shape_Le_1":156.270869007},"geometry":{"type":"LineString","coordinates":[[-79.54827997056724,-2.541068816040471],[-79.54847516567223,-2.5406636313885]]}},{"type":"Feature","properties":{"fcode":"AP030","descripcio":"SISTEMA DE TRANSPORTE O COMUNICACIÓN","acc":1,"acc_desc":"EXACTA","rst":2,"rst_desc":"SUELTO/NO PAVIMENTO","typ":1,"typ_desc":"VÍA","hct":15,"hct_desc":"RUTA SECUNDARIA","wtc":1,"wtc_desc":"TODO EL AÑO","loc":44,"loc_desc":"EN CONTACTO CON LA SUPERFICIE DE LA TIERRA","ltn":-32767,"mes":0,"mes_desc":"NO EXISTE","tuc":45,"tuc_desc":"GENERAL","txt":null,"SHAPE_Leng":479.783507829,"Shape_Le_1":479.783507829},"geometry":{"type":"LineString","coordinates":[[-79.5270630830586,-2.557619130265755],[-79.52635920866729,-2.557792779112698],[-79.52447710141796,-2.557821535490371],[-79.52329659941469,-2.558010187100507],[-79.52278537575083,-2.558002541033603]]}},{"type":"Feature","properties":{"fcode":"AP030","descripcio":"SISTEMA DE TRANSPORTE O COMUNICACIÓN","acc":1,"acc_desc":"EXACTA","rst":2,"rst_desc":"SUELTO/NO PAVIMENTO","typ":1,"typ_desc":"VÍA","hct":15,"hct_desc":"RUTA SECUNDARIA","wtc":1,"wtc_desc":"TODO EL AÑO","loc":44,"loc_desc":"EN CONTACTO CON LA SUPERFICIE DE LA TIERRA","ltn":-32767,"mes":0,"mes_desc":"NO EXISTE","tuc":45,"tuc_desc":"GENERAL","txt":null,"SHAPE_Leng":1242.01950997,"Shape_Le_1":1242.01950997},"geometry":{"type":"LineString","coordinates":[[-79.52694013836303,-2.546732743399455],[-79.52780349459513,-2.548494448371128],[-79.52800385628426,-2.549042843975034],[-79.52799913339092,-2.549637852527095],[-79.52689311180245,-2.555735583500419],[-79.5270630830586,-2.557619130265755]]}},{"type":"Feature","properties":{"fcode":"AP030","descripcio":"SISTEMA DE TRANSPORTE O COMUNICACIÓN","acc":1,"acc_desc":"EXACTA","rst":2,"rst_desc":"SUELTO/NO PAVIMENTO","typ":1,"typ_desc":"VÍA","hct":15,"hct_desc":"RUTA SECUNDARIA","wtc":1,"wtc_desc":"TODO EL AÑO","loc":44,"loc_desc":"EN CONTACTO CON LA SUPERFICIE DE LA TIERRA","ltn":-32767,"mes":0,"mes_desc":"NO EXISTE","tuc":45,"tuc_desc":"GENERAL","txt":null,"SHAPE_Leng":686.510099155,"Shape_Le_1":686.510099155},"geometry":{"type":"LineString","coordinates":[[-79.52694013836303,-2.546732743399455],[-79.52588905118942,-2.54731560509602],[-79.52531730281794,-2.547473219562644],[-79.52473351225933,-2.547544900620582],[-79.5233519042879,-2.547612496776944],[-79.5209430825167,-2.547581347216781]]}},{"type":"Feature","properties":{"fcode":"AP030","descripcio":"SISTEMA DE TRANSPORTE O COMUNICACIÓN","acc":1,"acc_desc":"EXACTA","rst":2,"rst_desc":"SUELTO/NO PAVIMENTO","typ":1,"typ_desc":"VÍA","hct":15,"hct_desc":"RUTA SECUNDARIA","wtc":1,"wtc_desc":"TODO EL AÑO","loc":44,"loc_desc":"EN CONTACTO CON LA SUPERFICIE DE LA TIERRA","ltn":-32767,"mes":0,"mes_desc":"NO EXISTE","tuc":45,"tuc_desc":"GENERAL","txt":null,"SHAPE_Leng":880.916893281,"Shape_Le_1":880.916893281},"geometry":{"type":"LineString","coordinates":[[-79.53385220610359,-2.542840914815139],[-79.52694013836303,-2.546732743399455]]}},{"type":"Feature","properties":{"fcode":"AP030","descripcio":"SISTEMA DE TRANSPORTE O COMUNICACIÓN","acc":1,"acc_desc":"EXACTA","rst":8,"rst_desc":"TEMPORAL","typ":1,"typ_desc":"VÍA","hct":4,"hct_desc":"RUTA LOCAL","wtc":2,"wtc_desc":"ÉPOCA SECA","loc":44,"loc_desc":"EN CONTACTO CON LA SUPERFICIE DE LA TIERRA","ltn":-32767,"mes":0,"mes_desc":"NO EXISTE","tuc":45,"tuc_desc":"GENERAL","txt":null,"SHAPE_Leng":29.1488936322,"Shape_Le_1":29.1488936322},"geometry":{"type":"LineString","coordinates":[[-79.53024357144744,-2.535760011948712],[-79.52998153684935,-2.53575320097079]]}},{"type":"Feature","properties":{"fcode":"AP030","descripcio":"SISTEMA DE TRANSPORTE O COMUNICACIÓN","acc":1,"acc_desc":"EXACTA","rst":8,"rst_desc":"TEMPORAL","typ":1,"typ_desc":"VÍA","hct":4,"hct_desc":"RUTA LOCAL","wtc":2,"wtc_desc":"ÉPOCA SECA","loc":44,"loc_desc":"EN CONTACTO CON LA SUPERFICIE DE LA TIERRA","ltn":-32767,"mes":0,"mes_desc":"NO EXISTE","tuc":45,"tuc_desc":"GENERAL","txt":null,"SHAPE_Leng":1637.75717683,"Shape_Le_1":1637.75717683},"geometry":{"type":"LineString","coordinates":[[-79.52998153684935,-2.53575320097079],[-79.52984287612854,-2.535749605850662],[-79.52915515528058,-2.535486359153632],[-79.52805455313556,-2.534936031462297],[-79.52675950630365,-2.534490031206354],[-79.52606089076433,-2.534399785432335],[-79.5250765148618,-2.534529346285127],[-79.52465288994775,-2.534519002999389],[-79.52252131674177,-2.533798637332074],[-79.52073396259426,-2.533330904980004],[-79.51925612910046,-2.533023788120331],[-79.51576068576018,-2.532536450840915]]}},{"type":"Feature","properties":{"fcode":"AP030","descripcio":"SISTEMA DE TRANSPORTE O COMUNICACIÓN","acc":1,"acc_desc":"EXACTA","rst":8,"rst_desc":"TEMPORAL","typ":1,"typ_desc":"VÍA","hct":4,"hct_desc":"RUTA LOCAL","wtc":2,"wtc_desc":"ÉPOCA SECA","loc":44,"loc_desc":"EN CONTACTO CON LA SUPERFICIE DE LA TIERRA","ltn":-32767,"mes":0,"mes_desc":"NO EXISTE","tuc":45,"tuc_desc":"GENERAL","txt":null,"SHAPE_Leng":733.547893423,"Shape_Le_1":733.547893423},"geometry":{"type":"LineString","coordinates":[[-79.53201484138667,-2.529680831148213],[-79.53164159303833,-2.533887386677449],[-79.53123701304311,-2.534212243753562],[-79.53096194238057,-2.534521873244062],[-79.53071828275895,-2.53528564536133],[-79.53024357144744,-2.535760011948712]]}},{"type":"Feature","properties":{"fcode":"AP030","descripcio":"SISTEMA DE TRANSPORTE O COMUNICACIÓN","acc":1,"acc_desc":"EXACTA","rst":1,"rst_desc":"DURO/PAVIMENTO","typ":1,"typ_desc":"VÍA","hct":14,"hct_desc":"RUTA PRIMARIA","wtc":1,"wtc_desc":"TODO EL AÑO","loc":44,"loc_desc":"EN CONTACTO CON LA SUPERFICIE DE LA TIERRA","ltn":-32767,"mes":0,"mes_desc":"NO EXISTE","tuc":45,"tuc_desc":"GENERAL","txt":null,"SHAPE_Leng":985.162622977,"Shape_Le_1":985.162622977},"geometry":{"type":"LineString","coordinates":[[-79.53222389749236,-2.528818256092839],[-79.54026188396196,-2.532564430844118]]}},{"type":"Feature","properties":{"fcode":"AP030","descripcio":"SISTEMA DE TRANSPORTE O COMUNICACIÓN","acc":1,"acc_desc":"EXACTA","rst":8,"rst_desc":"TEMPORAL","typ":1,"typ_desc":"VÍA","hct":4,"hct_desc":"RUTA LOCAL","wtc":2,"wtc_desc":"ÉPOCA SECA","loc":44,"loc_desc":"EN CONTACTO CON LA SUPERFICIE DE LA TIERRA","ltn":-32767,"mes":0,"mes_desc":"NO EXISTE","tuc":45,"tuc_desc":"GENERAL","txt":null,"SHAPE_Leng":134.064380238,"Shape_Le_1":134.064380238},"geometry":{"type":"LineString","coordinates":[[-79.53322160470756,-2.528186389097604],[-79.53318443614762,-2.528292796684068],[-79.53222389749236,-2.528818256092839]]}},{"type":"Feature","properties":{"fcode":"AP030","descripcio":"SISTEMA DE TRANSPORTE O COMUNICACIÓN","acc":1,"acc_desc":"EXACTA","rst":8,"rst_desc":"TEMPORAL","typ":1,"typ_desc":"VÍA","hct":4,"hct_desc":"RUTA LOCAL","wtc":2,"wtc_desc":"ÉPOCA SECA","loc":44,"loc_desc":"EN CONTACTO CON LA SUPERFICIE DE LA TIERRA","ltn":-32767,"mes":0,"mes_desc":"NO EXISTE","tuc":45,"tuc_desc":"GENERAL","txt":null,"SHAPE_Leng":255.179241516,"Shape_Le_1":255.179241516},"geometry":{"type":"LineString","coordinates":[[-79.53322160470756,-2.528186389097604],[-79.53150099031474,-2.526659407563171]]}},{"type":"Feature","properties":{"fcode":"AP030","descripcio":"SISTEMA DE TRANSPORTE O COMUNICACIÓN","acc":1,"acc_desc":"EXACTA","rst":1,"rst_desc":"DURO/PAVIMENTO","typ":1,"typ_desc":"VÍA","hct":14,"hct_desc":"RUTA PRIMARIA","wtc":1,"wtc_desc":"TODO EL AÑO","loc":44,"loc_desc":"EN CONTACTO CON LA SUPERFICIE DE LA TIERRA","ltn":-32767,"mes":0,"mes_desc":"NO EXISTE","tuc":45,"tuc_desc":"GENERAL","txt":null,"SHAPE_Leng":321.59565845,"Shape_Le_1":321.59565845},"geometry":{"type":"LineString","coordinates":[[-79.54844011815679,-2.536969973767145],[-79.54847305088335,-2.537059143421123]]}},{"type":"Feature","properties":{"fcode":"AP030","descripcio":"SISTEMA DE TRANSPORTE O COMUNICACIÓN","acc":1,"acc_desc":"EXACTA","rst":1,"rst_desc":"DURO/PAVIMENTO","typ":1,"typ_desc":"VÍA","hct":14,"hct_desc":"RUTA PRIMARIA","wtc":1,"wtc_desc":"TODO EL AÑO","loc":44,"loc_desc":"EN CONTACTO CON LA SUPERFICIE DE LA TIERRA","ltn":-32767,"mes":0,"mes_desc":"NO EXISTE","tuc":45,"tuc_desc":"GENERAL","txt":null,"SHAPE_Leng":210.006413017,"Shape_Le_1":210.006413017},"geometry":{"type":"LineString","coordinates":[[-79.54847302165582,-2.537009327454756],[-79.54844011815679,-2.536969973767145]]}},{"type":"Feature","properties":{"fcode":"AP030","descripcio":"SISTEMA DE TRANSPORTE O COMUNICACIÓN","acc":1,"acc_desc":"EXACTA","rst":1,"rst_desc":"DURO/PAVIMENTO","typ":1,"typ_desc":"VÍA","hct":14,"hct_desc":"RUTA PRIMARIA","wtc":1,"wtc_desc":"TODO EL AÑO","loc":44,"loc_desc":"EN CONTACTO CON LA SUPERFICIE DE LA TIERRA","ltn":-32767,"mes":0,"mes_desc":"NO EXISTE","tuc":45,"tuc_desc":"GENERAL","txt":null,"SHAPE_Leng":1041.11873207,"Shape_Le_1":1041.11873207},"geometry":{"type":"LineString","coordinates":[[-79.54026188396196,-2.532564430844118],[-79.54700121439626,-2.535677739749043],[-79.54786113717708,-2.536277437506639],[-79.54844011815679,-2.536969973767145]]}},{"type":"Feature","properties":{"fcode":"AP030","descripcio":"SISTEMA DE TRANSPORTE O COMUNICACIÓN","acc":1,"acc_desc":"EXACTA","rst":8,"rst_desc":"TEMPORAL","typ":1,"typ_desc":"VÍA","hct":4,"hct_desc":"RUTA LOCAL","wtc":2,"wtc_desc":"ÉPOCA SECA","loc":44,"loc_desc":"EN CONTACTO CON LA SUPERFICIE DE LA TIERRA","ltn":-32767,"mes":0,"mes_desc":"NO EXISTE","tuc":45,"tuc_desc":"GENERAL","txt":null,"SHAPE_Leng":2759.95259343,"Shape_Le_1":2759.95259343},"geometry":{"type":"LineString","coordinates":[[-79.54026188396196,-2.532564430844118],[-79.54155252034369,-2.531978742535269],[-79.54235586697862,-2.531538746269208],[-79.54287787721525,-2.531142747954829],[-79.54371138797141,-2.530667150180844],[-79.54425602436535,-2.530221433255277],[-79.54446564507361,-2.529975576827359],[-79.54595460873135,-2.528946395956581],[-79.5462543586577,-2.528517042844286],[-79.54652473361676,-2.527979125866288],[-79.5468528299118,-2.527531444506967],[-79.547925104139,-2.526638086359411],[-79.54846673507028,-2.526294346829468]]}},{"type":"Feature","properties":{"fcode":"AP030","descripcio":"SISTEMA DE TRANSPORTE O COMUNICACIÓN","acc":1,"acc_desc":"EXACTA","rst":8,"rst_desc":"TEMPORAL","typ":1,"typ_desc":"VÍA","hct":4,"hct_desc":"RUTA LOCAL","wtc":2,"wtc_desc":"ÉPOCA SECA","loc":44,"loc_desc":"EN CONTACTO CON LA SUPERFICIE DE LA TIERRA","ltn":-32767,"mes":0,"mes_desc":"NO EXISTE","tuc":45,"tuc_desc":"GENERAL","txt":"Vado","SHAPE_Leng":137.680577117,"Shape_Le_1":137.680577117},"geometry":{"type":"LineString","coordinates":[[-79.51053095161765,-2.577629618001649],[-79.51032442551595,-2.576401872199506]]}},{"type":"Feature","properties":{"fcode":"AP030","descripcio":"SISTEMA DE TRANSPORTE O COMUNICACIÓN","acc":1,"acc_desc":"EXACTA","rst":8,"rst_desc":"TEMPORAL","typ":1,"typ_desc":"VÍA","hct":4,"hct_desc":"RUTA LOCAL","wtc":2,"wtc_desc":"ÉPOCA SECA","loc":44,"loc_desc":"EN CONTACTO CON LA SUPERFICIE DE LA TIERRA","ltn":-32767,"mes":0,"mes_desc":"NO EXISTE","tuc":45,"tuc_desc":"GENERAL","txt":null,"SHAPE_Leng":16.3086721368,"Shape_Le_1":16.3086721368},"geometry":{"type":"LineString","coordinates":[[-79.51032442551595,-2.576401872199506],[-79.51029964236089,-2.576256496811672]]}},{"type":"Feature","properties":{"fcode":"AP030","descripcio":"SISTEMA DE TRANSPORTE O COMUNICACIÓN","acc":1,"acc_desc":"EXACTA","rst":2,"rst_desc":"SUELTO/NO PAVIMENTO","typ":1,"typ_desc":"VÍA","hct":15,"hct_desc":"RUTA SECUNDARIA","wtc":1,"wtc_desc":"TODO EL AÑO","loc":44,"loc_desc":"EN CONTACTO CON LA SUPERFICIE DE LA TIERRA","ltn":-32767,"mes":0,"mes_desc":"NO EXISTE","tuc":45,"tuc_desc":"GENERAL","txt":null,"SHAPE_Leng":3000.3752848,"Shape_Le_1":3000.3752848},"geometry":{"type":"LineString","coordinates":[[-79.5209430825167,-2.547581347216781],[-79.51370903876428,-2.547969170907467],[-79.51242669787014,-2.547972747321045],[-79.51080012036118,-2.547665982085695],[-79.50841666967503,-2.546946287117498],[-79.50764913532039,-2.54681009457175],[-79.50731713072065,-2.546810974146545],[-79.50669951396644,-2.547054805950423],[-79.50611648872375,-2.547402322463758],[-79.50227908840014,-2.55038318864845],[-79.50112571465168,-2.55084389802233],[-79.50051988384392,-2.550848343407129],[-79.4999955940797,-2.550715867102236],[-79.49780136768307,-2.548747847907698],[-79.49646509594382,-2.547730547104465]]}},{"type":"Feature","properties":{"fcode":"AP030","descripcio":"SISTEMA DE TRANSPORTE O COMUNICACIÓN","acc":1,"acc_desc":"EXACTA","rst":8,"rst_desc":"TEMPORAL","typ":1,"typ_desc":"VÍA","hct":4,"hct_desc":"RUTA LOCAL","wtc":2,"wtc_desc":"ÉPOCA SECA","loc":44,"loc_desc":"EN CONTACTO CON LA SUPERFICIE DE LA TIERRA","ltn":-32767,"mes":0,"mes_desc":"NO EXISTE","tuc":45,"tuc_desc":"GENERAL","txt":null,"SHAPE_Leng":1097.19982595,"Shape_Le_1":1097.19982595},"geometry":{"type":"LineString","coordinates":[[-79.51576068576018,-2.532536450840915],[-79.51430861893715,-2.532507283964132],[-79.51323182755145,-2.532302821881039],[-79.51233714513498,-2.531694208508648],[-79.51173966832822,-2.53092350639277],[-79.51106081033403,-2.529680248100106],[-79.51021960848092,-2.527676558334209],[-79.50959867010589,-2.526663810705337],[-79.50928646454732,-2.526260899106661]]}},{"type":"Feature","properties":{"fcode":"AP030","descripcio":"SISTEMA DE TRANSPORTE O COMUNICACIÓN","acc":1,"acc_desc":"EXACTA","rst":8,"rst_desc":"TEMPORAL","typ":1,"typ_desc":"VÍA","hct":4,"hct_desc":"RUTA LOCAL","wtc":2,"wtc_desc":"ÉPOCA SECA","loc":44,"loc_desc":"EN CONTACTO CON LA SUPERFICIE DE LA TIERRA","ltn":-32767,"mes":0,"mes_desc":"NO EXISTE","tuc":45,"tuc_desc":"GENERAL","txt":null,"SHAPE_Leng":1608.20920456,"Shape_Le_1":1608.20920456},"geometry":{"type":"LineString","coordinates":[[-79.52034230911578,-2.522244273568124],[-79.52007528311111,-2.522599401831839],[-79.51971145935326,-2.523545813548519],[-79.51947201005079,-2.523926929576041],[-79.51918643228558,-2.52414673621696],[-79.51825965480377,-2.524402979444485],[-79.5180426513283,-2.524576558424702],[-79.51759761817087,-2.525131175203424],[-79.51694881106027,-2.526562563984367],[-79.51678906273709,-2.526758999282447],[-79.51653750319194,-2.526875017528158],[-79.51601108406867,-2.526957166385501],[-79.51550700905159,-2.526843264750834],[-79.5147379790294,-2.526130611027079],[-79.51383248827317,-2.525775765344982],[-79.51280040382636,-2.525167629839804],[-79.51225016376293,-2.524927057292526],[-79.5118494620589,-2.524928133614881],[-79.5111174348061,-2.525206933574045],[-79.51021411125157,-2.525636028842422],[-79.50928646454732,-2.526260899106661]]}},{"type":"Feature","properties":{"fcode":"AP030","descripcio":"SISTEMA DE TRANSPORTE O COMUNICACIÓN","acc":1,"acc_desc":"EXACTA","rst":1,"rst_desc":"DURO/PAVIMENTO","typ":1,"typ_desc":"VÍA","hct":14,"hct_desc":"RUTA PRIMARIA","wtc":1,"wtc_desc":"TODO EL AÑO","loc":44,"loc_desc":"EN CONTACTO CON LA SUPERFICIE DE LA TIERRA","ltn":-32767,"mes":0,"mes_desc":"NO EXISTE","tuc":45,"tuc_desc":"GENERAL","txt":null,"SHAPE_Leng":158.406848968,"Shape_Le_1":158.406848968},"geometry":{"type":"LineString","coordinates":[[-79.51911990570117,-2.521508765236645],[-79.52034230911578,-2.522244273568124]]}},{"type":"Feature","properties":{"fcode":"AP030","descripcio":"SISTEMA DE TRANSPORTE O COMUNICACIÓN","acc":1,"acc_desc":"EXACTA","rst":1,"rst_desc":"DURO/PAVIMENTO","typ":1,"typ_desc":"VÍA","hct":14,"hct_desc":"RUTA PRIMARIA","wtc":1,"wtc_desc":"TODO EL AÑO","loc":44,"loc_desc":"EN CONTACTO CON LA SUPERFICIE DE LA TIERRA","ltn":-32767,"mes":0,"mes_desc":"NO EXISTE","tuc":45,"tuc_desc":"GENERAL","txt":null,"SHAPE_Leng":314.973561589,"Shape_Le_1":314.973561589},"geometry":{"type":"LineString","coordinates":[[-79.51668921246556,-2.520046446021186],[-79.51911990570117,-2.521508765236645]]}},{"type":"Feature","properties":{"fcode":"AP030","descripcio":"SISTEMA DE TRANSPORTE O COMUNICACIÓN","acc":1,"acc_desc":"EXACTA","rst":8,"rst_desc":"TEMPORAL","typ":1,"typ_desc":"VÍA","hct":4,"hct_desc":"RUTA LOCAL","wtc":2,"wtc_desc":"ÉPOCA SECA","loc":44,"loc_desc":"EN CONTACTO CON LA SUPERFICIE DE LA TIERRA","ltn":-32767,"mes":0,"mes_desc":"NO EXISTE","tuc":45,"tuc_desc":"GENERAL","txt":null,"SHAPE_Leng":424.111411654,"Shape_Le_1":424.111411654},"geometry":{"type":"LineString","coordinates":[[-79.51911990570117,-2.521508765236645],[-79.51967877295048,-2.519925780745813],[-79.52023819892928,-2.519359354058463],[-79.52078679228511,-2.518988900440178],[-79.52141890636896,-2.518714318890096]]}},{"type":"Feature","properties":{"fcode":"AP030","descripcio":"SISTEMA DE TRANSPORTE O COMUNICACIÓN","acc":1,"acc_desc":"EXACTA","rst":1,"rst_desc":"DURO/PAVIMENTO","typ":1,"typ_desc":"VÍA","hct":14,"hct_desc":"RUTA PRIMARIA","wtc":1,"wtc_desc":"TODO EL AÑO","loc":44,"loc_desc":"EN CONTACTO CON LA SUPERFICIE DE LA TIERRA","ltn":-32767,"mes":0,"mes_desc":"NO EXISTE","tuc":45,"tuc_desc":"GENERAL","txt":null,"SHAPE_Leng":446.727773929,"Shape_Le_1":446.727773929},"geometry":{"type":"LineString","coordinates":[[-79.5132417361928,-2.517972483811759],[-79.51668921246556,-2.520046446021186]]}},{"type":"Feature","properties":{"fcode":"AP030","descripcio":"SISTEMA DE TRANSPORTE O COMUNICACIÓN","acc":1,"acc_desc":"EXACTA","rst":1,"rst_desc":"DURO/PAVIMENTO","typ":1,"typ_desc":"VÍA","hct":14,"hct_desc":"RUTA PRIMARIA","wtc":1,"wtc_desc":"TODO EL AÑO","loc":44,"loc_desc":"EN CONTACTO CON LA SUPERFICIE DE LA TIERRA","ltn":-32767,"mes":0,"mes_desc":"NO EXISTE","tuc":45,"tuc_desc":"GENERAL","txt":null,"SHAPE_Leng":386.769967939,"Shape_Le_1":386.769967939},"geometry":{"type":"LineString","coordinates":[[-79.51025697237498,-2.516176884109941],[-79.5132417361928,-2.517972483811759]]}},{"type":"Feature","properties":{"fcode":"AP030","descripcio":"SISTEMA DE TRANSPORTE O COMUNICACIÓN","acc":7,"acc_desc":"PRECISA","rst":8,"rst_desc":"TEMPORAL","typ":1,"typ_desc":"VÍA","hct":4,"hct_desc":"RUTA LOCAL","wtc":2,"wtc_desc":"ÉPOCA SECA","loc":44,"loc_desc":"EN CONTACTO CON LA SUPERFICIE DE LA TIERRA","ltn":-32767,"mes":0,"mes_desc":"NO EXISTE","tuc":45,"tuc_desc":"GENERAL","txt":null,"SHAPE_Leng":29.0704059135,"Shape_Le_1":29.0704059135},"geometry":{"type":"LineString","coordinates":[[-79.46309438555205,-2.585579877503463],[-79.46293510775517,-2.585371403400297]]}},{"type":"Feature","properties":{"fcode":"AP030","descripcio":"SISTEMA DE TRANSPORTE O COMUNICACIÓN","acc":7,"acc_desc":"PRECISA","rst":8,"rst_desc":"TEMPORAL","typ":1,"typ_desc":"VÍA","hct":4,"hct_desc":"RUTA LOCAL","wtc":2,"wtc_desc":"ÉPOCA SECA","loc":44,"loc_desc":"EN CONTACTO CON LA SUPERFICIE DE LA TIERRA","ltn":-32767,"mes":0,"mes_desc":"NO EXISTE","tuc":45,"tuc_desc":"GENERAL","txt":null,"SHAPE_Leng":115.539607927,"Shape_Le_1":115.539607927},"geometry":{"type":"LineString","coordinates":[[-79.46293510775517,-2.585371403400297],[-79.46230203724167,-2.584542847889923]]}},{"type":"Feature","properties":{"fcode":"AP030","descripcio":"SISTEMA DE TRANSPORTE O COMUNICACIÓN","acc":7,"acc_desc":"PRECISA","rst":8,"rst_desc":"TEMPORAL","typ":1,"typ_desc":"VÍA","hct":4,"hct_desc":"RUTA LOCAL","wtc":2,"wtc_desc":"ÉPOCA SECA","loc":44,"loc_desc":"EN CONTACTO CON LA SUPERFICIE DE LA TIERRA","ltn":-32767,"mes":0,"mes_desc":"NO EXISTE","tuc":45,"tuc_desc":"GENERAL","txt":null,"SHAPE_Leng":1384.7394655,"Shape_Le_1":1384.7394655},"geometry":{"type":"LineString","coordinates":[[-79.46230203724167,-2.584542847889923],[-79.45471458189098,-2.574612777099725]]}},{"type":"Feature","properties":{"fcode":"AP030","descripcio":"SISTEMA DE TRANSPORTE O COMUNICACIÓN","acc":7,"acc_desc":"PRECISA","rst":2,"rst_desc":"SUELTO/NO PAVIMENTO","typ":1,"typ_desc":"VÍA","hct":15,"hct_desc":"RUTA SECUNDARIA","wtc":1,"wtc_desc":"TODO EL AÑO","loc":44,"loc_desc":"EN CONTACTO CON LA SUPERFICIE DE LA TIERRA","ltn":1,"mes":0,"mes_desc":"NO EXISTE","tuc":45,"tuc_desc":"GENERAL","txt":null,"SHAPE_Leng":2874.62761613,"Shape_Le_1":2874.62761613},"geometry":{"type":"LineString","coordinates":[[-79.47698533435933,-2.522345012083461],[-79.45398794378478,-2.53421550984486]]}},{"type":"Feature","properties":{"fcode":"AP030","descripcio":"SISTEMA DE TRANSPORTE O COMUNICACIÓN","acc":7,"acc_desc":"PRECISA","rst":2,"rst_desc":"SUELTO/NO PAVIMENTO","typ":1,"typ_desc":"VÍA","hct":15,"hct_desc":"RUTA SECUNDARIA","wtc":1,"wtc_desc":"TODO EL AÑO","loc":44,"loc_desc":"EN CONTACTO CON LA SUPERFICIE DE LA TIERRA","ltn":1,"mes":0,"mes_desc":"NO EXISTE","tuc":45,"tuc_desc":"GENERAL","txt":null,"SHAPE_Leng":1140.29886008,"Shape_Le_1":1140.29886008},"geometry":{"type":"LineString","coordinates":[[-79.46631947334983,-2.520227632139583],[-79.46436716545236,-2.519785424649853],[-79.46271241313468,-2.519570840613748],[-79.4621994637229,-2.519449857945464],[-79.4603337395574,-2.518715541480734],[-79.45869391064663,-2.518202252718039],[-79.45811364460248,-2.517977184635744],[-79.45667314737902,-2.517043112309481]]}},{"type":"Feature","properties":{"fcode":"AP030","descripcio":"SISTEMA DE TRANSPORTE O COMUNICACIÓN","acc":7,"acc_desc":"PRECISA","rst":2,"rst_desc":"SUELTO/NO PAVIMENTO","typ":1,"typ_desc":"VÍA","hct":15,"hct_desc":"RUTA SECUNDARIA","wtc":1,"wtc_desc":"TODO EL AÑO","loc":44,"loc_desc":"EN CONTACTO CON LA SUPERFICIE DE LA TIERRA","ltn":1,"mes":0,"mes_desc":"NO EXISTE","tuc":45,"tuc_desc":"GENERAL","txt":null,"SHAPE_Leng":254.077865069,"Shape_Le_1":254.077865069},"geometry":{"type":"LineString","coordinates":[[-79.4634743426492,-2.497672628836871],[-79.4650982834399,-2.496057399910327]]}},{"type":"Feature","properties":{"fcode":"AP030","descripcio":"SISTEMA DE TRANSPORTE O COMUNICACIÓN","acc":7,"acc_desc":"PRECISA","rst":2,"rst_desc":"SUELTO/NO PAVIMENTO","typ":1,"typ_desc":"VÍA","hct":15,"hct_desc":"RUTA SECUNDARIA","wtc":1,"wtc_desc":"TODO EL AÑO","loc":44,"loc_desc":"EN CONTACTO CON LA SUPERFICIE DE LA TIERRA","ltn":1,"mes":0,"mes_desc":"NO EXISTE","tuc":45,"tuc_desc":"GENERAL","txt":null,"SHAPE_Leng":87.3444359995,"Shape_Le_1":87.3444359995},"geometry":{"type":"LineString","coordinates":[[-79.4650982834399,-2.496057399910327],[-79.46567547106294,-2.495521684219169]]}},{"type":"Feature","properties":{"fcode":"AP030","descripcio":"SISTEMA DE TRANSPORTE O COMUNICACIÓN","acc":7,"acc_desc":"PRECISA","rst":2,"rst_desc":"SUELTO/NO PAVIMENTO","typ":1,"typ_desc":"VÍA","hct":15,"hct_desc":"RUTA SECUNDARIA","wtc":1,"wtc_desc":"TODO EL AÑO","loc":44,"loc_desc":"EN CONTACTO CON LA SUPERFICIE DE LA TIERRA","ltn":1,"mes":0,"mes_desc":"NO EXISTE","tuc":45,"tuc_desc":"GENERAL","txt":null,"SHAPE_Leng":1019.22429599,"Shape_Le_1":1019.22429599},"geometry":{"type":"LineString","coordinates":[[-79.45599970338274,-2.493485019527995],[-79.4567000455562,-2.493596089894321],[-79.45692185979313,-2.493687694284851],[-79.45717081918986,-2.49386551856536],[-79.45734496819249,-2.49419555314874],[-79.45759612776045,-2.495109007120111],[-79.45774726107702,-2.495281651603721],[-79.45820102047932,-2.495414136355737],[-79.4598352122721,-2.495497094533865],[-79.46057127989165,-2.495741421908308],[-79.4634743426492,-2.497672628836871]]}},{"type":"Feature","properties":{"fcode":"AP030","descripcio":"SISTEMA DE TRANSPORTE O COMUNICACIÓN","acc":7,"acc_desc":"PRECISA","rst":8,"rst_desc":"TEMPORAL","typ":1,"typ_desc":"VÍA","hct":4,"hct_desc":"RUTA LOCAL","wtc":2,"wtc_desc":"ÉPOCA SECA","loc":44,"loc_desc":"EN CONTACTO CON LA SUPERFICIE DE LA TIERRA","ltn":-32767,"mes":0,"mes_desc":"NO EXISTE","tuc":45,"tuc_desc":"GENERAL","txt":null,"SHAPE_Leng":1203.39164333,"Shape_Le_1":1203.39164333},"geometry":{"type":"LineString","coordinates":[[-79.46567547106294,-2.495521684219169],[-79.46103173573903,-2.492202555326252],[-79.45600471142231,-2.49320005380338]]}},{"type":"Feature","properties":{"fcode":"AP030","descripcio":"SISTEMA DE TRANSPORTE O COMUNICACIÓN","acc":7,"acc_desc":"PRECISA","rst":8,"rst_desc":"TEMPORAL","typ":1,"typ_desc":"VÍA","hct":4,"hct_desc":"RUTA LOCAL","wtc":2,"wtc_desc":"ÉPOCA SECA","loc":44,"loc_desc":"EN CONTACTO CON LA SUPERFICIE DE LA TIERRA","ltn":-32767,"mes":0,"mes_desc":"NO EXISTE","tuc":45,"tuc_desc":"GENERAL","txt":null,"SHAPE_Leng":786.960777231,"Shape_Le_1":786.960777231},"geometry":{"type":"LineString","coordinates":[[-79.46713440375801,-2.494139407568621],[-79.46139561729753,-2.489975387058471]]}},{"type":"Feature","properties":{"fcode":"AP030","descripcio":"SISTEMA DE TRANSPORTE O COMUNICACIÓN","acc":7,"acc_desc":"PRECISA","rst":8,"rst_desc":"TEMPORAL","typ":1,"typ_desc":"VÍA","hct":4,"hct_desc":"RUTA LOCAL","wtc":2,"wtc_desc":"ÉPOCA SECA","loc":44,"loc_desc":"EN CONTACTO CON LA SUPERFICIE DE LA TIERRA","ltn":-32767,"mes":0,"mes_desc":"NO EXISTE","tuc":45,"tuc_desc":"GENERAL","txt":null,"SHAPE_Leng":1450.72250932,"Shape_Le_1":1450.72250932},"geometry":{"type":"LineString","coordinates":[[-79.50661147944624,-2.539861063381202],[-79.50398229020114,-2.541401733424422],[-79.50282352802171,-2.541942663824529],[-79.50042035915821,-2.543755358022948],[-79.49957054402842,-2.544090350199615],[-79.49771890420533,-2.546034275072529],[-79.49702246031744,-2.546945728481778],[-79.49666407505373,-2.547286357850623],[-79.49646509594382,-2.547730547104465]]}},{"type":"Feature","properties":{"fcode":"AP030","descripcio":"SISTEMA DE TRANSPORTE O COMUNICACIÓN","acc":7,"acc_desc":"PRECISA","rst":2,"rst_desc":"SUELTO/NO PAVIMENTO","typ":1,"typ_desc":"VÍA","hct":15,"hct_desc":"RUTA SECUNDARIA","wtc":1,"wtc_desc":"TODO EL AÑO","loc":44,"loc_desc":"EN CONTACTO CON LA SUPERFICIE DE LA TIERRA","ltn":1,"mes":0,"mes_desc":"NO EXISTE","tuc":45,"tuc_desc":"GENERAL","txt":null,"SHAPE_Leng":1322.73221933,"Shape_Le_1":1322.73221933},"geometry":{"type":"LineString","coordinates":[[-79.49646509594382,-2.547730547104465],[-79.49215198538117,-2.544142067741772],[-79.48854714422617,-2.54062903410369],[-79.48769325812346,-2.539674613491686]]}},{"type":"Feature","properties":{"fcode":"AP030","descripcio":"SISTEMA DE TRANSPORTE O COMUNICACIÓN","acc":7,"acc_desc":"PRECISA","rst":2,"rst_desc":"SUELTO/NO PAVIMENTO","typ":1,"typ_desc":"VÍA","hct":15,"hct_desc":"RUTA SECUNDARIA","wtc":1,"wtc_desc":"TODO EL AÑO","loc":44,"loc_desc":"EN CONTACTO CON LA SUPERFICIE DE LA TIERRA","ltn":1,"mes":0,"mes_desc":"NO EXISTE","tuc":45,"tuc_desc":"GENERAL","txt":null,"SHAPE_Leng":599.848215636,"Shape_Le_1":599.848215636},"geometry":{"type":"LineString","coordinates":[[-79.49134037560155,-2.535810603705814],[-79.495054005703,-2.531876014314707]]}},{"type":"Feature","properties":{"fcode":"AP030","descripcio":"SISTEMA DE TRANSPORTE O COMUNICACIÓN","acc":7,"acc_desc":"PRECISA","rst":2,"rst_desc":"SUELTO/NO PAVIMENTO","typ":1,"typ_desc":"VÍA","hct":15,"hct_desc":"RUTA SECUNDARIA","wtc":1,"wtc_desc":"TODO EL AÑO","loc":44,"loc_desc":"EN CONTACTO CON LA SUPERFICIE DE LA TIERRA","ltn":1,"mes":0,"mes_desc":"NO EXISTE","tuc":45,"tuc_desc":"GENERAL","txt":"Puente","SHAPE_Leng":84.1962409646,"Shape_Le_1":84.1962409646},"geometry":{"type":"LineString","coordinates":[[-79.49872862029483,-2.53338544062675],[-79.49882217693504,-2.532632012529345]]}},{"type":"Feature","properties":{"fcode":"AP030","descripcio":"SISTEMA DE TRANSPORTE O COMUNICACIÓN","acc":7,"acc_desc":"PRECISA","rst":2,"rst_desc":"SUELTO/NO PAVIMENTO","typ":1,"typ_desc":"VÍA","hct":15,"hct_desc":"RUTA SECUNDARIA","wtc":1,"wtc_desc":"TODO EL AÑO","loc":44,"loc_desc":"EN CONTACTO CON LA SUPERFICIE DE LA TIERRA","ltn":1,"mes":0,"mes_desc":"NO EXISTE","tuc":45,"tuc_desc":"GENERAL","txt":null,"SHAPE_Leng":521.696968132,"Shape_Le_1":521.696968132},"geometry":{"type":"LineString","coordinates":[[-79.495054005703,-2.531876014314707],[-79.49537330157584,-2.532051659854893],[-79.49672826703177,-2.533068973697629],[-79.49752013930882,-2.533767823966971],[-79.49783817673553,-2.53394392010067],[-79.49816874279843,-2.534016748109849],[-79.49839852445922,-2.53391599426402],[-79.49850259427261,-2.533813737245485],[-79.49872862029483,-2.53338544062675]]}},{"type":"Feature","properties":{"fcode":"AP030","descripcio":"SISTEMA DE TRANSPORTE O COMUNICACIÓN","acc":7,"acc_desc":"PRECISA","rst":2,"rst_desc":"SUELTO/NO PAVIMENTO","typ":1,"typ_desc":"VÍA","hct":15,"hct_desc":"RUTA SECUNDARIA","wtc":1,"wtc_desc":"TODO EL AÑO","loc":44,"loc_desc":"EN CONTACTO CON LA SUPERFICIE DE LA TIERRA","ltn":1,"mes":0,"mes_desc":"NO EXISTE","tuc":45,"tuc_desc":"GENERAL","txt":null,"SHAPE_Leng":303.166740329,"Shape_Le_1":303.166740329},"geometry":{"type":"LineString","coordinates":[[-79.49882217693504,-2.532632012529345],[-79.49891318027103,-2.531944997066577],[-79.4996721844774,-2.53057444441486],[-79.50000817056075,-2.530234417945861]]}},{"type":"Feature","properties":{"fcode":"AP030","descripcio":"SISTEMA DE TRANSPORTE O COMUNICACIÓN","acc":7,"acc_desc":"PRECISA","rst":2,"rst_desc":"SUELTO/NO PAVIMENTO","typ":1,"typ_desc":"VÍA","hct":15,"hct_desc":"RUTA SECUNDARIA","wtc":1,"wtc_desc":"TODO EL AÑO","loc":44,"loc_desc":"EN CONTACTO CON LA SUPERFICIE DE LA TIERRA","ltn":1,"mes":0,"mes_desc":"NO EXISTE","tuc":45,"tuc_desc":"GENERAL","txt":null,"SHAPE_Leng":1095.71040599,"Shape_Le_1":1095.71040599},"geometry":{"type":"LineString","coordinates":[[-79.495054005703,-2.531876014314707],[-79.49460781832921,-2.531630672205032],[-79.49419751892933,-2.531533964923531],[-79.4936719363216,-2.531516348338358],[-79.49306462169307,-2.531647228934243],[-79.49137177915956,-2.53175395818791],[-79.49102940858789,-2.531703996483285],[-79.49047285298141,-2.531410229379035],[-79.49016683090333,-2.531188293441734],[-79.48943196323755,-2.530501627620769],[-79.48913576328061,-2.530417714343545],[-79.48862179568852,-2.530388714197135],[-79.48804963199616,-2.530451080272373],[-79.48690342320455,-2.530725125350631],[-79.48577029452642,-2.530886225310073]]}},{"type":"Feature","properties":{"fcode":"AP030","descripcio":"SISTEMA DE TRANSPORTE O COMUNICACIÓN","acc":1,"acc_desc":"EXACTA","rst":2,"rst_desc":"SUELTO/NO PAVIMENTO","typ":1,"typ_desc":"VÍA","hct":15,"hct_desc":"RUTA SECUNDARIA","wtc":1,"wtc_desc":"TODO EL AÑO","loc":44,"loc_desc":"EN CONTACTO CON LA SUPERFICIE DE LA TIERRA","ltn":-32767,"mes":0,"mes_desc":"NO EXISTE","tuc":45,"tuc_desc":"GENERAL","txt":null,"SHAPE_Leng":75.6960684351,"Shape_Le_1":75.6960684351},"geometry":{"type":"LineString","coordinates":[[-79.50000817056075,-2.530234417945861],[-79.50019213157718,-2.53009779566564],[-79.5002851800592,-2.52996088678914],[-79.50035636007479,-2.529682232540727]]}},{"type":"Feature","properties":{"fcode":"AP030","descripcio":"SISTEMA DE TRANSPORTE O COMUNICACIÓN","acc":7,"acc_desc":"PRECISA","rst":8,"rst_desc":"TEMPORAL","typ":1,"typ_desc":"VÍA","hct":4,"hct_desc":"RUTA LOCAL","wtc":2,"wtc_desc":"ÉPOCA SECA","loc":44,"loc_desc":"EN CONTACTO CON LA SUPERFICIE DE LA TIERRA","ltn":-32767,"mes":0,"mes_desc":"NO EXISTE","tuc":45,"tuc_desc":"GENERAL","txt":null,"SHAPE_Leng":418.320464708,"Shape_Le_1":418.320464708},"geometry":{"type":"LineString","coordinates":[[-79.50000817056075,-2.530234417945861],[-79.49950272986801,-2.529434609643185],[-79.49873464300072,-2.527678633336389],[-79.49813582226894,-2.526992490783461]]}},{"type":"Feature","properties":{"fcode":"AP030","descripcio":"SISTEMA DE TRANSPORTE O COMUNICACIÓN","acc":1,"acc_desc":"EXACTA","rst":2,"rst_desc":"SUELTO/NO PAVIMENTO","typ":1,"typ_desc":"VÍA","hct":15,"hct_desc":"RUTA SECUNDARIA","wtc":1,"wtc_desc":"TODO EL AÑO","loc":44,"loc_desc":"EN CONTACTO CON LA SUPERFICIE DE LA TIERRA","ltn":-32767,"mes":0,"mes_desc":"NO EXISTE","tuc":45,"tuc_desc":"GENERAL","txt":null,"SHAPE_Leng":416.534979642,"Shape_Le_1":416.534979642},"geometry":{"type":"LineString","coordinates":[[-79.50035636007479,-2.529682232540727],[-79.5009380282427,-2.525962917193427]]}},{"type":"Feature","properties":{"fcode":"AP030","descripcio":"SISTEMA DE TRANSPORTE O COMUNICACIÓN","acc":1,"acc_desc":"EXACTA","rst":8,"rst_desc":"TEMPORAL","typ":1,"typ_desc":"VÍA","hct":4,"hct_desc":"RUTA LOCAL","wtc":2,"wtc_desc":"ÉPOCA SECA","loc":44,"loc_desc":"EN CONTACTO CON LA SUPERFICIE DE LA TIERRA","ltn":-32767,"mes":0,"mes_desc":"NO EXISTE","tuc":45,"tuc_desc":"GENERAL","txt":null,"SHAPE_Leng":984.6276822,"Shape_Le_1":984.6276822},"geometry":{"type":"LineString","coordinates":[[-79.50928646454732,-2.526260899106661],[-79.50913930018193,-2.5261462314463],[-79.50785532968904,-2.525550373800631],[-79.50557574595949,-2.525095537583061],[-79.50422516227043,-2.525272233753091],[-79.50217660522637,-2.52535994031398],[-79.50148596834826,-2.526009405931916],[-79.50121130633325,-2.52604065108663],[-79.5009380282427,-2.525962917193427]]}},{"type":"Feature","properties":{"fcode":"AP030","descripcio":"SISTEMA DE TRANSPORTE O COMUNICACIÓN","acc":7,"acc_desc":"PRECISA","rst":8,"rst_desc":"TEMPORAL","typ":1,"typ_desc":"VÍA","hct":4,"hct_desc":"RUTA LOCAL","wtc":2,"wtc_desc":"ÉPOCA SECA","loc":44,"loc_desc":"EN CONTACTO CON LA SUPERFICIE DE LA TIERRA","ltn":-32767,"mes":0,"mes_desc":"NO EXISTE","tuc":45,"tuc_desc":"GENERAL","txt":null,"SHAPE_Leng":471.114373334,"Shape_Le_1":471.114373334},"geometry":{"type":"LineString","coordinates":[[-79.4952770421573,-2.524282201701556],[-79.49537911400964,-2.524352411539252],[-79.49559269445209,-2.524653735129222],[-79.49577754769797,-2.52546040464151],[-79.49602467973038,-2.525831134939084],[-79.49642017015258,-2.526214970847346],[-79.49664725779002,-2.52634402182875],[-79.49759336002606,-2.526561907367725],[-79.49813582226894,-2.526992490783461]]}},{"type":"Feature","properties":{"fcode":"AP030","descripcio":"SISTEMA DE TRANSPORTE O COMUNICACIÓN","acc":7,"acc_desc":"PRECISA","rst":8,"rst_desc":"TEMPORAL","typ":1,"typ_desc":"VÍA","hct":4,"hct_desc":"RUTA LOCAL","wtc":2,"wtc_desc":"ÉPOCA SECA","loc":44,"loc_desc":"EN CONTACTO CON LA SUPERFICIE DE LA TIERRA","ltn":-32767,"mes":0,"mes_desc":"NO EXISTE","tuc":45,"tuc_desc":"GENERAL","txt":null,"SHAPE_Leng":511.375561822,"Shape_Le_1":511.375561822},"geometry":{"type":"LineString","coordinates":[[-79.50003446344218,-2.523152703047599],[-79.49947132679549,-2.523342426784114],[-79.49933310126022,-2.523432706704873],[-79.49914789435904,-2.523637519887007],[-79.49886775987687,-2.524128466189879],[-79.49865653175434,-2.524597244017348],[-79.49812472506268,-2.526085362637038],[-79.49808072340969,-2.526345507959299],[-79.49816283038886,-2.526730697789974],[-79.49813582226894,-2.526992490783461]]}},{"type":"Feature","properties":{"fcode":"AP030","descripcio":"SISTEMA DE TRANSPORTE O COMUNICACIÓN","acc":1,"acc_desc":"EXACTA","rst":8,"rst_desc":"TEMPORAL","typ":1,"typ_desc":"VÍA","hct":4,"hct_desc":"RUTA LOCAL","wtc":2,"wtc_desc":"ÉPOCA SECA","loc":44,"loc_desc":"EN CONTACTO CON LA SUPERFICIE DE LA TIERRA","ltn":-32767,"mes":0,"mes_desc":"NO EXISTE","tuc":45,"tuc_desc":"GENERAL","txt":null,"SHAPE_Leng":347.058651505,"Shape_Le_1":347.058651505},"geometry":{"type":"LineString","coordinates":[[-79.5009380282427,-2.525962917193427],[-79.50074530997152,-2.525816903844338],[-79.50053462557294,-2.525262712551281],[-79.49996340477227,-2.524267658919434],[-79.49987962928066,-2.523611507949418],[-79.50003446344218,-2.523152703047599]]}},{"type":"Feature","properties":{"fcode":"AP030","descripcio":"SISTEMA DE TRANSPORTE O COMUNICACIÓN","acc":7,"acc_desc":"PRECISA","rst":8,"rst_desc":"TEMPORAL","typ":1,"typ_desc":"VÍA","hct":4,"hct_desc":"RUTA LOCAL","wtc":2,"wtc_desc":"ÉPOCA SECA","loc":44,"loc_desc":"EN CONTACTO CON LA SUPERFICIE DE LA TIERRA","ltn":-32767,"mes":0,"mes_desc":"NO EXISTE","tuc":45,"tuc_desc":"GENERAL","txt":null,"SHAPE_Leng":362.405517037,"Shape_Le_1":362.405517037},"geometry":{"type":"LineString","coordinates":[[-79.49244707823688,-2.522874553805722],[-79.49259577409654,-2.522906290600074],[-79.4929591922839,-2.523105953248855],[-79.49402302669827,-2.524003271900439],[-79.49427354611707,-2.524086677992478],[-79.4947647758088,-2.52410389079933],[-79.49503843179019,-2.524164532812593],[-79.4952770421573,-2.524282201701556]]}},{"type":"Feature","properties":{"fcode":"AP030","descripcio":"SISTEMA DE TRANSPORTE O COMUNICACIÓN","acc":1,"acc_desc":"EXACTA","rst":2,"rst_desc":"SUELTO/NO PAVIMENTO","typ":1,"typ_desc":"VÍA","hct":15,"hct_desc":"RUTA SECUNDARIA","wtc":1,"wtc_desc":"TODO EL AÑO","loc":44,"loc_desc":"EN CONTACTO CON LA SUPERFICIE DE LA TIERRA","ltn":-32767,"mes":0,"mes_desc":"NO EXISTE","tuc":45,"tuc_desc":"GENERAL","txt":null,"SHAPE_Leng":1074.82178432,"Shape_Le_1":1074.82178432},"geometry":{"type":"LineString","coordinates":[[-79.5009380282427,-2.525962917193427],[-79.5011743461108,-2.524316182408317],[-79.50143872217802,-2.523215739367938],[-79.50191491567675,-2.521600664168551],[-79.50309711826796,-2.516497664865976]]}},{"type":"Feature","properties":{"fcode":"AP030","descripcio":"SISTEMA DE TRANSPORTE O COMUNICACIÓN","acc":1,"acc_desc":"EXACTA","rst":8,"rst_desc":"TEMPORAL","typ":1,"typ_desc":"VÍA","hct":4,"hct_desc":"RUTA LOCAL","wtc":2,"wtc_desc":"ÉPOCA SECA","loc":44,"loc_desc":"EN CONTACTO CON LA SUPERFICIE DE LA TIERRA","ltn":-32767,"mes":0,"mes_desc":"NO EXISTE","tuc":45,"tuc_desc":"GENERAL","txt":null,"SHAPE_Leng":768.874353445,"Shape_Le_1":768.874353445},"geometry":{"type":"LineString","coordinates":[[-79.50058466574048,-2.516741846062323],[-79.50033607610405,-2.516858226658898],[-79.50011641771913,-2.517074124968999],[-79.4999173077803,-2.517485578875364],[-79.49994894159285,-2.5186813265521],[-79.50001237611168,-2.519118859662904],[-79.50064583408063,-2.520654907596233],[-79.50065595362072,-2.52076995939478],[-79.50056465661044,-2.521734399612266],[-79.50040913962556,-2.522318825590325],[-79.50003446344218,-2.523152703047599]]}},{"type":"Feature","properties":{"fcode":"AP030","descripcio":"SISTEMA DE TRANSPORTE O COMUNICACIÓN","acc":1,"acc_desc":"EXACTA","rst":8,"rst_desc":"TEMPORAL","typ":1,"typ_desc":"VÍA","hct":4,"hct_desc":"RUTA LOCAL","wtc":2,"wtc_desc":"ÉPOCA SECA","loc":44,"loc_desc":"EN CONTACTO CON LA SUPERFICIE DE LA TIERRA","ltn":-32767,"mes":0,"mes_desc":"NO EXISTE","tuc":45,"tuc_desc":"GENERAL","txt":null,"SHAPE_Leng":284.938132893,"Shape_Le_1":284.938132893},"geometry":{"type":"LineString","coordinates":[[-79.50309711826796,-2.516497664865976],[-79.5021762492965,-2.51639187190847],[-79.5015293455876,-2.516469807916215],[-79.50058466574048,-2.516741846062323]]}},{"type":"Feature","properties":{"fcode":"AP030","descripcio":"SISTEMA DE TRANSPORTE O COMUNICACIÓN","acc":1,"acc_desc":"EXACTA","rst":2,"rst_desc":"SUELTO/NO PAVIMENTO","typ":1,"typ_desc":"VÍA","hct":15,"hct_desc":"RUTA SECUNDARIA","wtc":1,"wtc_desc":"TODO EL AÑO","loc":44,"loc_desc":"EN CONTACTO CON LA SUPERFICIE DE LA TIERRA","ltn":-32767,"mes":0,"mes_desc":"NO EXISTE","tuc":45,"tuc_desc":"GENERAL","txt":null,"SHAPE_Leng":461.636170592,"Shape_Le_1":461.636170592},"geometry":{"type":"LineString","coordinates":[[-79.50309711826796,-2.516497664865976],[-79.5040263407585,-2.5124285541981]]}},{"type":"Feature","properties":{"fcode":"AP030","descripcio":"SISTEMA DE TRANSPORTE O COMUNICACIÓN","acc":1,"acc_desc":"EXACTA","rst":1,"rst_desc":"DURO/PAVIMENTO","typ":1,"typ_desc":"VÍA","hct":14,"hct_desc":"RUTA PRIMARIA","wtc":1,"wtc_desc":"TODO EL AÑO","loc":44,"loc_desc":"EN CONTACTO CON LA SUPERFICIE DE LA TIERRA","ltn":-32767,"mes":0,"mes_desc":"NO EXISTE","tuc":45,"tuc_desc":"GENERAL","txt":null,"SHAPE_Leng":444.70924625,"Shape_Le_1":444.70924625},"geometry":{"type":"LineString","coordinates":[[-79.50568320100079,-2.513425397176517],[-79.5091150997564,-2.515489941644905]]}},{"type":"Feature","properties":{"fcode":"AP030","descripcio":"SISTEMA DE TRANSPORTE O COMUNICACIÓN","acc":7,"acc_desc":"PRECISA","rst":2,"rst_desc":"SUELTO/NO PAVIMENTO","typ":1,"typ_desc":"VÍA","hct":15,"hct_desc":"RUTA SECUNDARIA","wtc":1,"wtc_desc":"TODO EL AÑO","loc":44,"loc_desc":"EN CONTACTO CON LA SUPERFICIE DE LA TIERRA","ltn":1,"mes":0,"mes_desc":"NO EXISTE","tuc":45,"tuc_desc":"GENERAL","txt":null,"SHAPE_Leng":1238.85490587,"Shape_Le_1":1238.85490587},"geometry":{"type":"LineString","coordinates":[[-79.48266995455468,-2.514572891677196],[-79.49213536432978,-2.508664895774004]]}},{"type":"Feature","properties":{"fcode":"AP030","descripcio":"SISTEMA DE TRANSPORTE O COMUNICACIÓN","acc":7,"acc_desc":"PRECISA","rst":1,"rst_desc":"DURO/PAVIMENTO","typ":1,"typ_desc":"VÍA","hct":14,"hct_desc":"RUTA PRIMARIA","wtc":1,"wtc_desc":"TODO EL AÑO","loc":44,"loc_desc":"EN CONTACTO CON LA SUPERFICIE DE LA TIERRA","ltn":2,"mes":0,"mes_desc":"NO EXISTE","tuc":45,"tuc_desc":"GENERAL","txt":null,"SHAPE_Leng":1396.87652585,"Shape_Le_1":1396.87652585},"geometry":{"type":"LineString","coordinates":[[-79.4840075363921,-2.500832512942604],[-79.48519155937873,-2.501587521585535],[-79.48930055491286,-2.503352878110948],[-79.4950046669605,-2.506869635395752]]}},{"type":"Feature","properties":{"fcode":"AP030","descripcio":"SISTEMA DE TRANSPORTE O COMUNICACIÓN","acc":7,"acc_desc":"PRECISA","rst":1,"rst_desc":"DURO/PAVIMENTO","typ":1,"typ_desc":"VÍA","hct":14,"hct_desc":"RUTA PRIMARIA","wtc":1,"wtc_desc":"TODO EL AÑO","loc":44,"loc_desc":"EN CONTACTO CON LA SUPERFICIE DE LA TIERRA","ltn":2,"mes":0,"mes_desc":"NO EXISTE","tuc":45,"tuc_desc":"GENERAL","txt":null,"SHAPE_Leng":371.244002417,"Shape_Le_1":371.244002417},"geometry":{"type":"LineString","coordinates":[[-79.4840075363921,-2.500832512942604],[-79.48118815433043,-2.499034734153421]]}},{"type":"Feature","properties":{"fcode":"AP030","descripcio":"SISTEMA DE TRANSPORTE O COMUNICACIÓN","acc":7,"acc_desc":"PRECISA","rst":2,"rst_desc":"SUELTO/NO PAVIMENTO","typ":1,"typ_desc":"VÍA","hct":15,"hct_desc":"RUTA SECUNDARIA","wtc":1,"wtc_desc":"TODO EL AÑO","loc":44,"loc_desc":"EN CONTACTO CON LA SUPERFICIE DE LA TIERRA","ltn":1,"mes":0,"mes_desc":"NO EXISTE","tuc":45,"tuc_desc":"GENERAL","txt":null,"SHAPE_Leng":399.239348254,"Shape_Le_1":399.239348254},"geometry":{"type":"LineString","coordinates":[[-79.48681761752171,-2.49867109784799],[-79.48570057408706,-2.499260013129061],[-79.48467102360058,-2.500005308139428],[-79.4840075363921,-2.500832512942604]]}},{"type":"Feature","properties":{"fcode":"AP030","descripcio":"SISTEMA DE TRANSPORTE O COMUNICACIÓN","acc":7,"acc_desc":"PRECISA","rst":8,"rst_desc":"TEMPORAL","typ":1,"typ_desc":"VÍA","hct":4,"hct_desc":"RUTA LOCAL","wtc":2,"wtc_desc":"ÉPOCA SECA","loc":44,"loc_desc":"EN CONTACTO CON LA SUPERFICIE DE LA TIERRA","ltn":-32767,"mes":0,"mes_desc":"NO EXISTE","tuc":45,"tuc_desc":"GENERAL","txt":null,"SHAPE_Leng":665.773188566,"Shape_Le_1":665.773188566},"geometry":{"type":"LineString","coordinates":[[-79.48681761752171,-2.49867109784799],[-79.48655155931466,-2.498498411468892],[-79.48590404505332,-2.498414366224015],[-79.48539188546405,-2.498466770264315],[-79.48469893620536,-2.498640153574507],[-79.48421691753353,-2.498677488608411],[-79.48244766078473,-2.4983421646871],[-79.48211626844494,-2.498372076993403],[-79.48166428094285,-2.498568529162786],[-79.4813024780631,-2.49884829031552],[-79.48118815433043,-2.499034734153421]]}},{"type":"Feature","properties":{"fcode":"AP030","descripcio":"SISTEMA DE TRANSPORTE O COMUNICACIÓN","acc":7,"acc_desc":"PRECISA","rst":1,"rst_desc":"DURO/PAVIMENTO","typ":1,"typ_desc":"VÍA","hct":14,"hct_desc":"RUTA PRIMARIA","wtc":1,"wtc_desc":"TODO EL AÑO","loc":44,"loc_desc":"EN CONTACTO CON LA SUPERFICIE DE LA TIERRA","ltn":2,"mes":0,"mes_desc":"NO EXISTE","tuc":45,"tuc_desc":"GENERAL","txt":null,"SHAPE_Leng":184.116020024,"Shape_Le_1":184.116020024},"geometry":{"type":"LineString","coordinates":[[-79.48118815433043,-2.499034734153421],[-79.47978604979231,-2.498149328528473]]}},{"type":"Feature","properties":{"fcode":"AP030","descripcio":"SISTEMA DE TRANSPORTE O COMUNICACIÓN","acc":7,"acc_desc":"PRECISA","rst":1,"rst_desc":"DURO/PAVIMENTO","typ":1,"typ_desc":"VÍA","hct":14,"hct_desc":"RUTA PRIMARIA","wtc":1,"wtc_desc":"TODO EL AÑO","loc":44,"loc_desc":"EN CONTACTO CON LA SUPERFICIE DE LA TIERRA","ltn":2,"mes":0,"mes_desc":"NO EXISTE","tuc":45,"tuc_desc":"GENERAL","txt":null,"SHAPE_Leng":681.195146286,"Shape_Le_1":681.195146286},"geometry":{"type":"LineString","coordinates":[[-79.47978604979231,-2.498149328528473],[-79.47458655432222,-2.49489261065053]]}},{"type":"Feature","properties":{"fcode":"AP030","descripcio":"SISTEMA DE TRANSPORTE O COMUNICACIÓN","acc":7,"acc_desc":"PRECISA","rst":8,"rst_desc":"TEMPORAL","typ":1,"typ_desc":"VÍA","hct":4,"hct_desc":"RUTA LOCAL","wtc":2,"wtc_desc":"ÉPOCA SECA","loc":44,"loc_desc":"EN CONTACTO CON LA SUPERFICIE DE LA TIERRA","ltn":-32767,"mes":0,"mes_desc":"NO EXISTE","tuc":45,"tuc_desc":"GENERAL","txt":null,"SHAPE_Leng":387.345373526,"Shape_Le_1":387.345373526},"geometry":{"type":"LineString","coordinates":[[-79.47458655432222,-2.49489261065053],[-79.47212752084087,-2.497372838785129]]}},{"type":"Feature","properties":{"fcode":"AP030","descripcio":"SISTEMA DE TRANSPORTE O COMUNICACIÓN","acc":7,"acc_desc":"PRECISA","rst":2,"rst_desc":"SUELTO/NO PAVIMENTO","typ":1,"typ_desc":"VÍA","hct":15,"hct_desc":"RUTA SECUNDARIA","wtc":1,"wtc_desc":"TODO EL AÑO","loc":44,"loc_desc":"EN CONTACTO CON LA SUPERFICIE DE LA TIERRA","ltn":1,"mes":0,"mes_desc":"NO EXISTE","tuc":45,"tuc_desc":"GENERAL","txt":null,"SHAPE_Leng":4429.60631814,"Shape_Le_1":4429.60631814},"geometry":{"type":"LineString","coordinates":[[-79.46815090004829,-2.490681125443422],[-79.46908285740182,-2.49073304116706],[-79.47216887019063,-2.491073799700312],[-79.47419361361813,-2.491371081306843],[-79.47711218011109,-2.491655472024005],[-79.47891371138886,-2.491671492672734],[-79.48107812559323,-2.491954909175831],[-79.48325660909177,-2.492126012941515],[-79.48349399857753,-2.492126287814196],[-79.48416476562943,-2.49184606821794],[-79.48461179788714,-2.491734259342497],[-79.48758600396323,-2.492131019175546],[-79.48794924072968,-2.492089293590465],[-79.4883965620003,-2.491724613807957],[-79.48919354662495,-2.490840578985769],[-79.48959882023406,-2.490602284823499],[-79.48982233655613,-2.49054628877296],[-79.4903669846193,-2.490546916227254],[-79.49315997765748,-2.490732728749256],[-79.49491937891169,-2.4909594941865],[-79.49854880753735,-2.492508739227614],[-79.4987861670015,-2.492537047820018],[-79.4990236799535,-2.492509283574704],[-79.50001609705761,-2.491751897608172],[-79.50145505499255,-2.491318073982879],[-79.50227271356002,-2.490596389928931],[-79.50343543865971,-2.490157725243249],[-79.50368747756549,-2.489847711673612],[-79.5039623967476,-2.489342372622942],[-79.5040884568603,-2.488951813482606],[-79.50403373918925,-2.487556525506243]]}},{"type":"Feature","properties":{"fcode":"AP030","descripcio":"SISTEMA DE TRANSPORTE O COMUNICACIÓN","acc":7,"acc_desc":"PRECISA","rst":8,"rst_desc":"TEMPORAL","typ":1,"typ_desc":"VÍA","hct":4,"hct_desc":"RUTA LOCAL","wtc":2,"wtc_desc":"ÉPOCA SECA","loc":44,"loc_desc":"EN CONTACTO CON LA SUPERFICIE DE LA TIERRA","ltn":-32767,"mes":0,"mes_desc":"NO EXISTE","tuc":45,"tuc_desc":"GENERAL","txt":null,"SHAPE_Leng":510.961137955,"Shape_Le_1":510.961137955},"geometry":{"type":"LineString","coordinates":[[-79.47422752624041,-2.48032197595525],[-79.47726408664393,-2.483789954667909]]}},{"type":"Feature","properties":{"fcode":"AP030","descripcio":"SISTEMA DE TRANSPORTE O COMUNICACIÓN","acc":1,"acc_desc":"EXACTA","rst":1,"rst_desc":"DURO/PAVIMENTO","typ":1,"typ_desc":"VÍA","hct":14,"hct_desc":"RUTA PRIMARIA","wtc":1,"wtc_desc":"TODO EL AÑO","loc":44,"loc_desc":"EN CONTACTO CON LA SUPERFICIE DE LA TIERRA","ltn":-32767,"mes":0,"mes_desc":"NO EXISTE","tuc":45,"tuc_desc":"GENERAL","txt":null,"SHAPE_Leng":214.704877681,"Shape_Le_1":214.704877681},"geometry":{"type":"LineString","coordinates":[[-79.5040263407585,-2.5124285541981],[-79.50568320100079,-2.513425397176517]]}},{"type":"Feature","properties":{"fcode":"AP030","descripcio":"SISTEMA DE TRANSPORTE O COMUNICACIÓN","acc":1,"acc_desc":"EXACTA","rst":1,"rst_desc":"DURO/PAVIMENTO","typ":1,"typ_desc":"VÍA","hct":14,"hct_desc":"RUTA PRIMARIA","wtc":1,"wtc_desc":"TODO EL AÑO","loc":44,"loc_desc":"EN CONTACTO CON LA SUPERFICIE DE LA TIERRA","ltn":-32767,"mes":0,"mes_desc":"NO EXISTE","tuc":45,"tuc_desc":"GENERAL","txt":null,"SHAPE_Leng":260.688142882,"Shape_Le_1":260.688142882},"geometry":{"type":"LineString","coordinates":[[-79.5020264253903,-2.511198612167227],[-79.5040263407585,-2.5124285541981]]}},{"type":"Feature","properties":{"fcode":"AP030","descripcio":"SISTEMA DE TRANSPORTE O COMUNICACIÓN","acc":1,"acc_desc":"EXACTA","rst":1,"rst_desc":"DURO/PAVIMENTO","typ":1,"typ_desc":"VÍA","hct":14,"hct_desc":"RUTA PRIMARIA","wtc":1,"wtc_desc":"TODO EL AÑO","loc":44,"loc_desc":"EN CONTACTO CON LA SUPERFICIE DE LA TIERRA","ltn":-32767,"mes":0,"mes_desc":"NO EXISTE","tuc":45,"tuc_desc":"GENERAL","txt":null,"SHAPE_Leng":154.247760437,"Shape_Le_1":154.247760437},"geometry":{"type":"LineString","coordinates":[[-79.50084387731862,-2.510469565932328],[-79.5020264253903,-2.511198612167227]]}},{"type":"Feature","properties":{"fcode":"AP030","descripcio":"SISTEMA DE TRANSPORTE O COMUNICACIÓN","acc":7,"acc_desc":"PRECISA","rst":1,"rst_desc":"DURO/PAVIMENTO","typ":1,"typ_desc":"VÍA","hct":14,"hct_desc":"RUTA PRIMARIA","wtc":1,"wtc_desc":"TODO EL AÑO","loc":44,"loc_desc":"EN CONTACTO CON LA SUPERFICIE DE LA TIERRA","ltn":2,"mes":0,"mes_desc":"NO EXISTE","tuc":45,"tuc_desc":"GENERAL","txt":null,"SHAPE_Leng":761.651706771,"Shape_Le_1":761.651706771},"geometry":{"type":"LineString","coordinates":[[-79.4950046669605,-2.506869635395752],[-79.50084387731862,-2.510469565932328]]}},{"type":"Feature","properties":{"fcode":"AP030","descripcio":"SISTEMA DE TRANSPORTE O COMUNICACIÓN","acc":7,"acc_desc":"PRECISA","rst":2,"rst_desc":"SUELTO/NO PAVIMENTO","typ":1,"typ_desc":"VÍA","hct":15,"hct_desc":"RUTA SECUNDARIA","wtc":1,"wtc_desc":"TODO EL AÑO","loc":44,"loc_desc":"EN CONTACTO CON LA SUPERFICIE DE LA TIERRA","ltn":1,"mes":0,"mes_desc":"NO EXISTE","tuc":45,"tuc_desc":"GENERAL","txt":null,"SHAPE_Leng":375.793795185,"Shape_Le_1":375.793795185},"geometry":{"type":"LineString","coordinates":[[-79.49213536432978,-2.508664895774004],[-79.4950046669605,-2.506869635395752]]}},{"type":"Feature","properties":{"fcode":"AP030","descripcio":"SISTEMA DE TRANSPORTE O COMUNICACIÓN","acc":7,"acc_desc":"PRECISA","rst":2,"rst_desc":"SUELTO/NO PAVIMENTO","typ":1,"typ_desc":"VÍA","hct":15,"hct_desc":"RUTA SECUNDARIA","wtc":1,"wtc_desc":"TODO EL AÑO","loc":44,"loc_desc":"EN CONTACTO CON LA SUPERFICIE DE LA TIERRA","ltn":1,"mes":0,"mes_desc":"NO EXISTE","tuc":45,"tuc_desc":"GENERAL","txt":null,"SHAPE_Leng":1233.27591606,"Shape_Le_1":1233.27591606},"geometry":{"type":"LineString","coordinates":[[-79.49562103384103,-2.501157335135716],[-79.49522496193144,-2.501129022969597],[-79.49500919278435,-2.500934056621771],[-79.4949184159647,-2.500658923591358],[-79.4946322700769,-2.500357337684751],[-79.49437185804162,-2.500357037381492],[-79.49412429012743,-2.500448458074088],[-79.49382440391305,-2.500762391319692],[-79.49369368982987,-2.501207567302876],[-79.49349815635878,-2.501325184981899],[-79.49326379150949,-2.501351142020033],[-79.49281591000845,-2.501178698352963],[-79.4922173933168,-2.500706272020964],[-79.49160619795316,-2.499997873149846],[-79.4914556365786,-2.499711999370306],[-79.49127354601353,-2.499554604363174],[-79.49103913660991,-2.499541310179553],[-79.49088271928426,-2.499737564979651],[-79.49066115406683,-2.499894403058593],[-79.49015332466713,-2.499854565032747],[-79.48994508240092,-2.499762618172045],[-79.4897759406653,-2.499605328474297],[-79.48947702779682,-2.499146543012742],[-79.48913883464608,-2.49883187332416],[-79.48889146206179,-2.498752994957612],[-79.48804523136474,-2.498660219393984],[-79.48701460910968,-2.498614620267175],[-79.48681761752171,-2.49867109784799]]}},{"type":"Feature","properties":{"fcode":"AP030","descripcio":"SISTEMA DE TRANSPORTE O COMUNICACIÓN","acc":7,"acc_desc":"PRECISA","rst":2,"rst_desc":"SUELTO/NO PAVIMENTO","typ":1,"typ_desc":"VÍA","hct":15,"hct_desc":"RUTA SECUNDARIA","wtc":1,"wtc_desc":"TODO EL AÑO","loc":44,"loc_desc":"EN CONTACTO CON LA SUPERFICIE DE LA TIERRA","ltn":1,"mes":0,"mes_desc":"NO EXISTE","tuc":45,"tuc_desc":"GENERAL","txt":null,"SHAPE_Leng":1282.12965879,"Shape_Le_1":1282.12965879},"geometry":{"type":"LineString","coordinates":[[-79.50478280444172,-2.498925119853142],[-79.50256974480192,-2.498922584795271],[-79.50217813355766,-2.499004165264196],[-79.5020761358125,-2.499106969479893],[-79.50118300870633,-2.499605175748058],[-79.5005061228196,-2.499407962283525],[-79.49959528807993,-2.498791379508035],[-79.4991267362463,-2.498607428371572],[-79.49867095537493,-2.498659269585502],[-79.49856667694678,-2.498711605093146],[-79.49773216927045,-2.499692916975084],[-79.49732818457807,-2.499980504220584],[-79.49709372972389,-2.500006462034678],[-79.49685943932457,-2.49996694129598],[-79.4965082046821,-2.499652166872371],[-79.49627385435375,-2.499586418361123],[-79.49602646593068,-2.49959924729857],[-79.49590898489835,-2.499795547992292],[-79.49577742132101,-2.500987216611215],[-79.49562103384103,-2.501157335135716]]}},{"type":"Feature","properties":{"fcode":"AP030","descripcio":"SISTEMA DE TRANSPORTE O COMUNICACIÓN","acc":7,"acc_desc":"PRECISA","rst":8,"rst_desc":"TEMPORAL","typ":1,"typ_desc":"VÍA","hct":4,"hct_desc":"RUTA LOCAL","wtc":2,"wtc_desc":"ÉPOCA SECA","loc":44,"loc_desc":"EN CONTACTO CON LA SUPERFICIE DE LA TIERRA","ltn":-32767,"mes":0,"mes_desc":"NO EXISTE","tuc":45,"tuc_desc":"GENERAL","txt":null,"SHAPE_Leng":998.824335126,"Shape_Le_1":998.824335126},"geometry":{"type":"LineString","coordinates":[[-79.49865887141799,-2.481135819667742],[-79.49890398524593,-2.481223374248529],[-79.50134910222054,-2.482896776914618],[-79.50197154551167,-2.483523334017043],[-79.50285124072491,-2.48408036427597],[-79.50324333984155,-2.484439588298057],[-79.503629483032,-2.4848976569966],[-79.50393012022946,-2.485667648058542],[-79.50407708531544,-2.486515242988627],[-79.50403373918925,-2.487556525506243]]}},{"type":"Feature","properties":{"fcode":"AP030","descripcio":"SISTEMA DE TRANSPORTE O COMUNICACIÓN","acc":7,"acc_desc":"PRECISA","rst":8,"rst_desc":"TEMPORAL","typ":1,"typ_desc":"VÍA","hct":4,"hct_desc":"RUTA LOCAL","wtc":2,"wtc_desc":"ÉPOCA SECA","loc":44,"loc_desc":"EN CONTACTO CON LA SUPERFICIE DE LA TIERRA","ltn":-32767,"mes":0,"mes_desc":"NO EXISTE","tuc":45,"tuc_desc":"GENERAL","txt":null,"SHAPE_Leng":349.50100751,"Shape_Le_1":349.50100751},"geometry":{"type":"LineString","coordinates":[[-79.49865887141799,-2.481135819667742],[-79.49779993297714,-2.481074063335618],[-79.49551889475569,-2.481023704453647]]}},{"type":"Feature","properties":{"fcode":"AP030","descripcio":"SISTEMA DE TRANSPORTE O COMUNICACIÓN","acc":7,"acc_desc":"PRECISA","rst":8,"rst_desc":"TEMPORAL","typ":1,"typ_desc":"VÍA","hct":4,"hct_desc":"RUTA LOCAL","wtc":2,"wtc_desc":"ÉPOCA SECA","loc":44,"loc_desc":"EN CONTACTO CON LA SUPERFICIE DE LA TIERRA","ltn":-32767,"mes":0,"mes_desc":"NO EXISTE","tuc":45,"tuc_desc":"GENERAL","txt":null,"SHAPE_Leng":483.971057396,"Shape_Le_1":483.971057396},"geometry":{"type":"LineString","coordinates":[[-79.49551889475569,-2.481023704453647],[-79.49257087147578,-2.480938843566437],[-79.49209919829707,-2.480738521089624],[-79.49196282234178,-2.480550973103741],[-79.49170715210887,-2.47994057186334]]}},{"type":"Feature","properties":{"fcode":"AP030","descripcio":"SISTEMA DE TRANSPORTE O COMUNICACIÓN","acc":7,"acc_desc":"PRECISA","rst":8,"rst_desc":"TEMPORAL","typ":1,"typ_desc":"VÍA","hct":4,"hct_desc":"RUTA LOCAL","wtc":2,"wtc_desc":"ÉPOCA SECA","loc":44,"loc_desc":"EN CONTACTO CON LA SUPERFICIE DE LA TIERRA","ltn":-32767,"mes":0,"mes_desc":"NO EXISTE","tuc":45,"tuc_desc":"GENERAL","txt":null,"SHAPE_Leng":577.319191708,"Shape_Le_1":577.319191708},"geometry":{"type":"LineString","coordinates":[[-79.46809882843723,-2.500008941533096],[-79.46755126628496,-2.499576362531275],[-79.4634743426492,-2.497672628836871]]}},{"type":"Feature","properties":{"fcode":"AP030","descripcio":"SISTEMA DE TRANSPORTE O COMUNICACIÓN","acc":7,"acc_desc":"PRECISA","rst":8,"rst_desc":"TEMPORAL","typ":1,"typ_desc":"VÍA","hct":4,"hct_desc":"RUTA LOCAL","wtc":2,"wtc_desc":"ÉPOCA SECA","loc":44,"loc_desc":"EN CONTACTO CON LA SUPERFICIE DE LA TIERRA","ltn":-32767,"mes":0,"mes_desc":"NO EXISTE","tuc":45,"tuc_desc":"GENERAL","txt":null,"SHAPE_Leng":105.918160861,"Shape_Le_1":105.918160861},"geometry":{"type":"LineString","coordinates":[[-79.47212752084087,-2.497372838785129],[-79.47142018581269,-2.498014310413217]]}},{"type":"Feature","properties":{"fcode":"AP030","descripcio":"SISTEMA DE TRANSPORTE O COMUNICACIÓN","acc":7,"acc_desc":"PRECISA","rst":8,"rst_desc":"TEMPORAL","typ":1,"typ_desc":"VÍA","hct":4,"hct_desc":"RUTA LOCAL","wtc":2,"wtc_desc":"ÉPOCA SECA","loc":44,"loc_desc":"EN CONTACTO CON LA SUPERFICIE DE LA TIERRA","ltn":-32767,"mes":0,"mes_desc":"NO EXISTE","tuc":45,"tuc_desc":"GENERAL","txt":null,"SHAPE_Leng":735.602521542,"Shape_Le_1":735.602521542},"geometry":{"type":"LineString","coordinates":[[-79.47142018581269,-2.498014310413217],[-79.4650982834399,-2.496057399910327]]}},{"type":"Feature","properties":{"fcode":"AP030","descripcio":"SISTEMA DE TRANSPORTE O COMUNICACIÓN","acc":7,"acc_desc":"PRECISA","rst":8,"rst_desc":"TEMPORAL","typ":1,"typ_desc":"VÍA","hct":4,"hct_desc":"RUTA LOCAL","wtc":2,"wtc_desc":"ÉPOCA SECA","loc":44,"loc_desc":"EN CONTACTO CON LA SUPERFICIE DE LA TIERRA","ltn":-32767,"mes":0,"mes_desc":"NO EXISTE","tuc":45,"tuc_desc":"GENERAL","txt":null,"SHAPE_Leng":671.855992977,"Shape_Le_1":671.855992977},"geometry":{"type":"LineString","coordinates":[[-79.47212752084087,-2.497372838785129],[-79.46685507329939,-2.494406417863369]]}},{"type":"Feature","properties":{"fcode":"AP030","descripcio":"SISTEMA DE TRANSPORTE O COMUNICACIÓN","acc":7,"acc_desc":"PRECISA","rst":2,"rst_desc":"SUELTO/NO PAVIMENTO","typ":1,"typ_desc":"VÍA","hct":15,"hct_desc":"RUTA SECUNDARIA","wtc":1,"wtc_desc":"TODO EL AÑO","loc":44,"loc_desc":"EN CONTACTO CON LA SUPERFICIE DE LA TIERRA","ltn":1,"mes":0,"mes_desc":"NO EXISTE","tuc":45,"tuc_desc":"GENERAL","txt":null,"SHAPE_Leng":180.049828621,"Shape_Le_1":180.049828621},"geometry":{"type":"LineString","coordinates":[[-79.46567547106294,-2.495521684219169],[-79.46685507329939,-2.494406417863369]]}},{"type":"Feature","properties":{"fcode":"AP030","descripcio":"SISTEMA DE TRANSPORTE O COMUNICACIÓN","acc":7,"acc_desc":"PRECISA","rst":2,"rst_desc":"SUELTO/NO PAVIMENTO","typ":1,"typ_desc":"VÍA","hct":15,"hct_desc":"RUTA SECUNDARIA","wtc":1,"wtc_desc":"TODO EL AÑO","loc":44,"loc_desc":"EN CONTACTO CON LA SUPERFICIE DE LA TIERRA","ltn":1,"mes":0,"mes_desc":"NO EXISTE","tuc":45,"tuc_desc":"GENERAL","txt":null,"SHAPE_Leng":42.8562072522,"Shape_Le_1":42.8562072522},"geometry":{"type":"LineString","coordinates":[[-79.46685507329939,-2.494406417863369],[-79.46713440375801,-2.494139407568621]]}},{"type":"Feature","properties":{"fcode":"AP030","descripcio":"SISTEMA DE TRANSPORTE O COMUNICACIÓN","acc":7,"acc_desc":"PRECISA","rst":1,"rst_desc":"DURO/PAVIMENTO","typ":1,"typ_desc":"VÍA","hct":14,"hct_desc":"RUTA PRIMARIA","wtc":1,"wtc_desc":"TODO EL AÑO","loc":44,"loc_desc":"EN CONTACTO CON LA SUPERFICIE DE LA TIERRA","ltn":2,"mes":0,"mes_desc":"NO EXISTE","tuc":45,"tuc_desc":"GENERAL","txt":null,"SHAPE_Leng":657.603698452,"Shape_Le_1":657.603698452},"geometry":{"type":"LineString","coordinates":[[-79.47458655432222,-2.49489261065053],[-79.4696258957791,-2.491656063337194]]}},{"type":"Feature","properties":{"fcode":"AP030","descripcio":"SISTEMA DE TRANSPORTE O COMUNICACIÓN","acc":7,"acc_desc":"PRECISA","rst":2,"rst_desc":"SUELTO/NO PAVIMENTO","typ":1,"typ_desc":"VÍA","hct":15,"hct_desc":"RUTA SECUNDARIA","wtc":1,"wtc_desc":"TODO EL AÑO","loc":44,"loc_desc":"EN CONTACTO CON LA SUPERFICIE DE LA TIERRA","ltn":1,"mes":0,"mes_desc":"NO EXISTE","tuc":45,"tuc_desc":"GENERAL","txt":null,"SHAPE_Leng":390.158608466,"Shape_Le_1":390.158608466},"geometry":{"type":"LineString","coordinates":[[-79.46713440375801,-2.494139407568621],[-79.46825118435513,-2.493071907084905],[-79.4696258957791,-2.491656063337194]]}},{"type":"Feature","properties":{"fcode":"AP030","descripcio":"SISTEMA DE TRANSPORTE O COMUNICACIÓN","acc":7,"acc_desc":"PRECISA","rst":1,"rst_desc":"DURO/PAVIMENTO","typ":1,"typ_desc":"VÍA","hct":14,"hct_desc":"RUTA PRIMARIA","wtc":1,"wtc_desc":"TODO EL AÑO","loc":44,"loc_desc":"EN CONTACTO CON LA SUPERFICIE DE LA TIERRA","ltn":2,"mes":0,"mes_desc":"NO EXISTE","tuc":45,"tuc_desc":"GENERAL","txt":null,"SHAPE_Leng":196.28657035,"Shape_Le_1":196.28657035},"geometry":{"type":"LineString","coordinates":[[-79.4696258957791,-2.491656063337194],[-79.46815090004829,-2.490681125443422]]}},{"type":"Feature","properties":{"fcode":"AP030","descripcio":"SISTEMA DE TRANSPORTE O COMUNICACIÓN","acc":7,"acc_desc":"PRECISA","rst":1,"rst_desc":"DURO/PAVIMENTO","typ":1,"typ_desc":"VÍA","hct":14,"hct_desc":"RUTA PRIMARIA","wtc":1,"wtc_desc":"TODO EL AÑO","loc":44,"loc_desc":"EN CONTACTO CON LA SUPERFICIE DE LA TIERRA","ltn":2,"mes":0,"mes_desc":"NO EXISTE","tuc":45,"tuc_desc":"GENERAL","txt":null,"SHAPE_Leng":264.938934711,"Shape_Le_1":264.938934711},"geometry":{"type":"LineString","coordinates":[[-79.46815090004829,-2.490681125443422],[-79.46615088536461,-2.489379359946123]]}},{"type":"Feature","properties":{"fcode":"AP030","descripcio":"SISTEMA DE TRANSPORTE O COMUNICACIÓN","acc":7,"acc_desc":"PRECISA","rst":8,"rst_desc":"TEMPORAL","typ":1,"typ_desc":"VÍA","hct":4,"hct_desc":"RUTA LOCAL","wtc":2,"wtc_desc":"ÉPOCA SECA","loc":44,"loc_desc":"EN CONTACTO CON LA SUPERFICIE DE LA TIERRA","ltn":-32767,"mes":0,"mes_desc":"NO EXISTE","tuc":45,"tuc_desc":"GENERAL","txt":null,"SHAPE_Leng":198.121615177,"Shape_Le_1":198.121615177},"geometry":{"type":"LineString","coordinates":[[-79.49866808561123,-2.479344027236103],[-79.49865887141799,-2.481135819667742]]}},{"type":"Feature","properties":{"fcode":"AP030","descripcio":"SISTEMA DE TRANSPORTE O COMUNICACIÓN","acc":7,"acc_desc":"PRECISA","rst":8,"rst_desc":"TEMPORAL","typ":1,"typ_desc":"VÍA","hct":4,"hct_desc":"RUTA LOCAL","wtc":2,"wtc_desc":"ÉPOCA SECA","loc":44,"loc_desc":"EN CONTACTO CON LA SUPERFICIE DE LA TIERRA","ltn":-32767,"mes":0,"mes_desc":"NO EXISTE","tuc":45,"tuc_desc":"GENERAL","txt":null,"SHAPE_Leng":98.2643765564,"Shape_Le_1":98.2643765564},"geometry":{"type":"LineString","coordinates":[[-79.49170715210887,-2.47994057186334],[-79.49136404636322,-2.479121606360725]]}},{"type":"Feature","properties":{"fcode":"AP030","descripcio":"SISTEMA DE TRANSPORTE O COMUNICACIÓN","acc":7,"acc_desc":"PRECISA","rst":2,"rst_desc":"SUELTO/NO PAVIMENTO","typ":1,"typ_desc":"VÍA","hct":15,"hct_desc":"RUTA SECUNDARIA","wtc":1,"wtc_desc":"TODO EL AÑO","loc":44,"loc_desc":"EN CONTACTO CON LA SUPERFICIE DE LA TIERRA","ltn":1,"mes":0,"mes_desc":"NO EXISTE","tuc":45,"tuc_desc":"GENERAL","txt":null,"SHAPE_Leng":121.743292629,"Shape_Le_1":121.743292629},"geometry":{"type":"LineString","coordinates":[[-79.49866808561123,-2.479344027236103],[-79.49759392995428,-2.47955642173478]]}},{"type":"Feature","properties":{"fcode":"AP030","descripcio":"SISTEMA DE TRANSPORTE O COMUNICACIÓN","acc":7,"acc_desc":"PRECISA","rst":2,"rst_desc":"SUELTO/NO PAVIMENTO","typ":1,"typ_desc":"VÍA","hct":15,"hct_desc":"RUTA SECUNDARIA","wtc":1,"wtc_desc":"TODO EL AÑO","loc":44,"loc_desc":"EN CONTACTO CON LA SUPERFICIE DE LA TIERRA","ltn":1,"mes":0,"mes_desc":"NO EXISTE","tuc":45,"tuc_desc":"GENERAL","txt":null,"SHAPE_Leng":729.874001201,"Shape_Le_1":729.874001201},"geometry":{"type":"LineString","coordinates":[[-79.49759392995428,-2.47955642173478],[-79.49613680936153,-2.479844437867844],[-79.49588161652984,-2.479844146283812],[-79.49520134406556,-2.479629568263716],[-79.49503142513021,-2.479443971736881],[-79.49419563526948,-2.478872700748219],[-79.49347259016668,-2.478871873723007],[-79.49136404636322,-2.479121606360725]]}},{"type":"Feature","properties":{"fcode":"AP030","descripcio":"SISTEMA DE TRANSPORTE O COMUNICACIÓN","acc":7,"acc_desc":"PRECISA","rst":2,"rst_desc":"SUELTO/NO PAVIMENTO","typ":1,"typ_desc":"VÍA","hct":15,"hct_desc":"RUTA SECUNDARIA","wtc":1,"wtc_desc":"TODO EL AÑO","loc":44,"loc_desc":"EN CONTACTO CON LA SUPERFICIE DE LA TIERRA","ltn":1,"mes":0,"mes_desc":"NO EXISTE","tuc":45,"tuc_desc":"GENERAL","txt":null,"SHAPE_Leng":138.516402382,"Shape_Le_1":138.516402382},"geometry":{"type":"LineString","coordinates":[[-79.49136404636322,-2.479121606360725],[-79.49076457195358,-2.479182418518217],[-79.49012447128366,-2.479148583610556]]}},{"type":"Feature","properties":{"fcode":"AP030","descripcio":"SISTEMA DE TRANSPORTE O COMUNICACIÓN","acc":1,"acc_desc":"EXACTA","rst":2,"rst_desc":"SUELTO/NO PAVIMENTO","typ":1,"typ_desc":"VÍA","hct":15,"hct_desc":"RUTA SECUNDARIA","wtc":1,"wtc_desc":"TODO EL AÑO","loc":44,"loc_desc":"EN CONTACTO CON LA SUPERFICIE DE LA TIERRA","ltn":1,"mes":0,"mes_desc":"NO EXISTE","tuc":45,"tuc_desc":"GENERAL","txt":null,"SHAPE_Leng":404.134791328,"Shape_Le_1":404.134791328},"geometry":{"type":"LineString","coordinates":[[-79.50222207862606,-2.478582960922013],[-79.49866808561123,-2.479344027236103]]}},{"type":"Feature","properties":{"fcode":"AP030","descripcio":"SISTEMA DE TRANSPORTE O COMUNICACIÓN","acc":1,"acc_desc":"EXACTA","rst":2,"rst_desc":"SUELTO/NO PAVIMENTO","typ":1,"typ_desc":"VÍA","hct":15,"hct_desc":"RUTA SECUNDARIA","wtc":1,"wtc_desc":"TODO EL AÑO","loc":44,"loc_desc":"EN CONTACTO CON LA SUPERFICIE DE LA TIERRA","ltn":1,"mes":0,"mes_desc":"NO EXISTE","tuc":45,"tuc_desc":"GENERAL","txt":"Puente","SHAPE_Leng":105.504594095,"Shape_Le_1":105.504594095},"geometry":{"type":"LineString","coordinates":[[-79.50316699789047,-2.478497865367474],[-79.50222207862606,-2.478582960922013]]}},{"type":"Feature","properties":{"fcode":"AP030","descripcio":"SISTEMA DE TRANSPORTE O COMUNICACIÓN","acc":1,"acc_desc":"EXACTA","rst":2,"rst_desc":"SUELTO/NO PAVIMENTO","typ":1,"typ_desc":"VÍA","hct":15,"hct_desc":"RUTA SECUNDARIA","wtc":1,"wtc_desc":"TODO EL AÑO","loc":44,"loc_desc":"EN CONTACTO CON LA SUPERFICIE DE LA TIERRA","ltn":1,"mes":0,"mes_desc":"NO EXISTE","tuc":45,"tuc_desc":"GENERAL","txt":null,"SHAPE_Leng":702.706746789,"Shape_Le_1":702.706746789},"geometry":{"type":"LineString","coordinates":[[-79.50946073821672,-2.477932843718125],[-79.50316699789047,-2.478497865367474]]}},{"type":"Feature","properties":{"fcode":"AP030","descripcio":"SISTEMA DE TRANSPORTE O COMUNICACIÓN","acc":7,"acc_desc":"PRECISA","rst":2,"rst_desc":"SUELTO/NO PAVIMENTO","typ":1,"typ_desc":"VÍA","hct":14,"hct_desc":"RUTA PRIMARIA","wtc":1,"wtc_desc":"TODO EL AÑO","loc":44,"loc_desc":"EN CONTACTO CON LA SUPERFICIE DE LA TIERRA","ltn":2,"mes":0,"mes_desc":"NO EXISTE","tuc":45,"tuc_desc":"GENERAL","txt":null,"SHAPE_Leng":279.714614418,"Shape_Le_1":279.714614418},"geometry":{"type":"LineString","coordinates":[[-79.49123431378354,-2.476878727091116],[-79.49012447128366,-2.479148583610556]]}},{"type":"Feature","properties":{"fcode":"AP030","descripcio":"SISTEMA DE TRANSPORTE O COMUNICACIÓN","acc":7,"acc_desc":"PRECISA","rst":2,"rst_desc":"SUELTO/NO PAVIMENTO","typ":1,"typ_desc":"VÍA","hct":14,"hct_desc":"RUTA PRIMARIA","wtc":1,"wtc_desc":"TODO EL AÑO","loc":44,"loc_desc":"EN CONTACTO CON LA SUPERFICIE DE LA TIERRA","ltn":2,"mes":0,"mes_desc":"NO EXISTE","tuc":45,"tuc_desc":"GENERAL","txt":null,"SHAPE_Leng":834.684159824,"Shape_Le_1":834.684159824},"geometry":{"type":"LineString","coordinates":[[-79.49453886433278,-2.470101034465954],[-79.49123431378354,-2.476878727091116]]}},{"type":"Feature","properties":{"fcode":"AP030","descripcio":"SISTEMA DE TRANSPORTE O COMUNICACIÓN","acc":7,"acc_desc":"PRECISA","rst":8,"rst_desc":"TEMPORAL","typ":1,"typ_desc":"VÍA","hct":4,"hct_desc":"RUTA LOCAL","wtc":2,"wtc_desc":"ÉPOCA SECA","loc":44,"loc_desc":"EN CONTACTO CON LA SUPERFICIE DE LA TIERRA","ltn":-32767,"mes":0,"mes_desc":"NO EXISTE","tuc":45,"tuc_desc":"GENERAL","txt":null,"SHAPE_Leng":631.175078801,"Shape_Le_1":631.175078801},"geometry":{"type":"LineString","coordinates":[[-79.47087712294957,-2.480571316838094],[-79.47457223669626,-2.484904029240223]]}},{"type":"Feature","properties":{"fcode":"AP030","descripcio":"SISTEMA DE TRANSPORTE O COMUNICACIÓN","acc":7,"acc_desc":"PRECISA","rst":8,"rst_desc":"TEMPORAL","typ":1,"typ_desc":"VÍA","hct":4,"hct_desc":"RUTA LOCAL","wtc":2,"wtc_desc":"ÉPOCA SECA","loc":44,"loc_desc":"EN CONTACTO CON LA SUPERFICIE DE LA TIERRA","ltn":-32767,"mes":0,"mes_desc":"NO EXISTE","tuc":45,"tuc_desc":"GENERAL","txt":null,"SHAPE_Leng":377.418470401,"Shape_Le_1":377.418470401},"geometry":{"type":"LineString","coordinates":[[-79.46576381189732,-2.480943309193306],[-79.46828943758993,-2.483223234884401]]}},{"type":"Feature","properties":{"fcode":"AP030","descripcio":"SISTEMA DE TRANSPORTE O COMUNICACIÓN","acc":7,"acc_desc":"PRECISA","rst":2,"rst_desc":"SUELTO/NO PAVIMENTO","typ":1,"typ_desc":"VÍA","hct":14,"hct_desc":"RUTA PRIMARIA","wtc":1,"wtc_desc":"TODO EL AÑO","loc":44,"loc_desc":"EN CONTACTO CON LA SUPERFICIE DE LA TIERRA","ltn":2,"mes":0,"mes_desc":"NO EXISTE","tuc":45,"tuc_desc":"GENERAL","txt":null,"SHAPE_Leng":570.144085686,"Shape_Le_1":570.144085686},"geometry":{"type":"LineString","coordinates":[[-79.47087712294957,-2.480571316838094],[-79.46576381189732,-2.480943309193306]]}},{"type":"Feature","properties":{"fcode":"AP030","descripcio":"SISTEMA DE TRANSPORTE O COMUNICACIÓN","acc":7,"acc_desc":"PRECISA","rst":2,"rst_desc":"SUELTO/NO PAVIMENTO","typ":1,"typ_desc":"VÍA","hct":14,"hct_desc":"RUTA PRIMARIA","wtc":1,"wtc_desc":"TODO EL AÑO","loc":44,"loc_desc":"EN CONTACTO CON LA SUPERFICIE DE LA TIERRA","ltn":2,"mes":0,"mes_desc":"NO EXISTE","tuc":45,"tuc_desc":"GENERAL","txt":null,"SHAPE_Leng":373.620997345,"Shape_Le_1":373.620997345},"geometry":{"type":"LineString","coordinates":[[-79.47422752624041,-2.48032197595525],[-79.47087712294957,-2.480571316838094]]}},{"type":"Feature","properties":{"fcode":"AP030","descripcio":"SISTEMA DE TRANSPORTE O COMUNICACIÓN","acc":7,"acc_desc":"PRECISA","rst":8,"rst_desc":"TEMPORAL","typ":1,"typ_desc":"VÍA","hct":4,"hct_desc":"RUTA LOCAL","wtc":2,"wtc_desc":"ÉPOCA SECA","loc":44,"loc_desc":"EN CONTACTO CON LA SUPERFICIE DE LA TIERRA","ltn":-32767,"mes":0,"mes_desc":"NO EXISTE","tuc":45,"tuc_desc":"GENERAL","txt":null,"SHAPE_Leng":625.25077963,"Shape_Le_1":625.25077963},"geometry":{"type":"LineString","coordinates":[[-79.46647209860583,-2.469997314982507],[-79.46682330985004,-2.470475692416322],[-79.46698532898846,-2.470879419095541],[-79.46698567556926,-2.471517828180029],[-79.46674606618458,-2.471811295765245],[-79.46584656562433,-2.472087898549452],[-79.46568809496664,-2.472352881306166],[-79.46568777089746,-2.472634959897216],[-79.46623957030334,-2.474617027733403]]}},{"type":"Feature","properties":{"fcode":"AP030","descripcio":"SISTEMA DE TRANSPORTE O COMUNICACIÓN","acc":7,"acc_desc":"PRECISA","rst":8,"rst_desc":"TEMPORAL","typ":1,"typ_desc":"VÍA","hct":4,"hct_desc":"RUTA LOCAL","wtc":2,"wtc_desc":"ÉPOCA SECA","loc":44,"loc_desc":"EN CONTACTO CON LA SUPERFICIE DE LA TIERRA","ltn":-32767,"mes":0,"mes_desc":"NO EXISTE","tuc":45,"tuc_desc":"GENERAL","txt":null,"SHAPE_Leng":576.886899607,"Shape_Le_1":576.886899607},"geometry":{"type":"LineString","coordinates":[[-79.47012393004547,-2.471977008972174],[-79.46991918775292,-2.471975234277407],[-79.46970987695941,-2.47187984980538],[-79.46880652599683,-2.47018008602474],[-79.46833416025098,-2.469731051444854],[-79.46786156893418,-2.469479173668619],[-79.46741578993039,-2.469369858766968],[-79.4670644177171,-2.469423895591369],[-79.46673318790414,-2.469634143754322],[-79.46647209860583,-2.469997314982507]]}},{"type":"Feature","properties":{"fcode":"AP030","descripcio":"SISTEMA DE TRANSPORTE O COMUNICACIÓN","acc":7,"acc_desc":"PRECISA","rst":8,"rst_desc":"TEMPORAL","typ":1,"typ_desc":"VÍA","hct":4,"hct_desc":"RUTA LOCAL","wtc":2,"wtc_desc":"ÉPOCA SECA","loc":44,"loc_desc":"EN CONTACTO CON LA SUPERFICIE DE LA TIERRA","ltn":-32767,"mes":0,"mes_desc":"NO EXISTE","tuc":45,"tuc_desc":"GENERAL","txt":null,"SHAPE_Leng":372.871061432,"Shape_Le_1":372.871061432},"geometry":{"type":"LineString","coordinates":[[-79.46987743047812,-2.468785399099144],[-79.47014187439035,-2.470440650287459],[-79.47035196977006,-2.471421615262116],[-79.47033535042095,-2.471879217911717],[-79.47012393004547,-2.471977008972174]]}},{"type":"Feature","properties":{"fcode":"AP030","descripcio":"SISTEMA DE TRANSPORTE O COMUNICACIÓN","acc":7,"acc_desc":"PRECISA","rst":8,"rst_desc":"TEMPORAL","typ":1,"typ_desc":"VÍA","hct":4,"hct_desc":"RUTA LOCAL","wtc":2,"wtc_desc":"ÉPOCA SECA","loc":44,"loc_desc":"EN CONTACTO CON LA SUPERFICIE DE LA TIERRA","ltn":-32767,"mes":0,"mes_desc":"NO EXISTE","tuc":45,"tuc_desc":"GENERAL","txt":null,"SHAPE_Leng":878.556544652,"Shape_Le_1":878.556544652},"geometry":{"type":"LineString","coordinates":[[-79.47012393004547,-2.471977008972174],[-79.46921576154406,-2.470243415315862],[-79.4681937845354,-2.468722222335377],[-79.46639228483349,-2.466595270910176],[-79.46587311426858,-2.465875408343568],[-79.46567586778096,-2.465453915236426]]}},{"type":"Feature","properties":{"fcode":"AP030","descripcio":"SISTEMA DE TRANSPORTE O COMUNICACIÓN","acc":7,"acc_desc":"PRECISA","rst":8,"rst_desc":"TEMPORAL","typ":1,"typ_desc":"VÍA","hct":4,"hct_desc":"RUTA LOCAL","wtc":2,"wtc_desc":"ÉPOCA SECA","loc":44,"loc_desc":"EN CONTACTO CON LA SUPERFICIE DE LA TIERRA","ltn":-32767,"mes":0,"mes_desc":"NO EXISTE","tuc":45,"tuc_desc":"GENERAL","txt":null,"SHAPE_Leng":546.928294862,"Shape_Le_1":546.928294862},"geometry":{"type":"LineString","coordinates":[[-79.46752083076794,-2.464486184268135],[-79.46773206649029,-2.465177382690916],[-79.46878611662636,-2.467272085213119],[-79.46919321452425,-2.467945694306254],[-79.46987743047812,-2.468785399099144]]}},{"type":"Feature","properties":{"fcode":"AP030","descripcio":"SISTEMA DE TRANSPORTE O COMUNICACIÓN","acc":7,"acc_desc":"PRECISA","rst":8,"rst_desc":"TEMPORAL","typ":1,"typ_desc":"VÍA","hct":4,"hct_desc":"RUTA LOCAL","wtc":2,"wtc_desc":"ÉPOCA SECA","loc":44,"loc_desc":"EN CONTACTO CON LA SUPERFICIE DE LA TIERRA","ltn":-32767,"mes":0,"mes_desc":"NO EXISTE","tuc":45,"tuc_desc":"GENERAL","txt":null,"SHAPE_Leng":564.582204481,"Shape_Le_1":564.582204481},"geometry":{"type":"LineString","coordinates":[[-79.46911179287105,-2.463738374722728],[-79.46960924903604,-2.467252779305073],[-79.46987743047812,-2.468785399099144]]}},{"type":"Feature","properties":{"fcode":"AP030","descripcio":"SISTEMA DE TRANSPORTE O COMUNICACIÓN","acc":7,"acc_desc":"PRECISA","rst":8,"rst_desc":"TEMPORAL","typ":1,"typ_desc":"VÍA","hct":4,"hct_desc":"RUTA LOCAL","wtc":2,"wtc_desc":"ÉPOCA SECA","loc":44,"loc_desc":"EN CONTACTO CON LA SUPERFICIE DE LA TIERRA","ltn":-32767,"mes":0,"mes_desc":"NO EXISTE","tuc":45,"tuc_desc":"GENERAL","txt":null,"SHAPE_Leng":1642.06544569,"Shape_Le_1":1642.06544569},"geometry":{"type":"LineString","coordinates":[[-79.49170715210887,-2.47994057186334],[-79.47888291686357,-2.481267031074033],[-79.47839895341122,-2.481203254219916],[-79.47820414486026,-2.481083648838529],[-79.47801905089848,-2.480882568767929],[-79.47784994509085,-2.480618199609451],[-79.47777919965893,-2.480049253863178]]}},{"type":"Feature","properties":{"fcode":"AP030","descripcio":"SISTEMA DE TRANSPORTE O COMUNICACIÓN","acc":7,"acc_desc":"PRECISA","rst":2,"rst_desc":"SUELTO/NO PAVIMENTO","typ":1,"typ_desc":"VÍA","hct":14,"hct_desc":"RUTA PRIMARIA","wtc":1,"wtc_desc":"TODO EL AÑO","loc":44,"loc_desc":"EN CONTACTO CON LA SUPERFICIE DE LA TIERRA","ltn":2,"mes":0,"mes_desc":"NO EXISTE","tuc":45,"tuc_desc":"GENERAL","txt":null,"SHAPE_Leng":396.134414813,"Shape_Le_1":396.134414813},"geometry":{"type":"LineString","coordinates":[[-79.47777919965893,-2.480049253863178],[-79.47422752624041,-2.48032197595525]]}},{"type":"Feature","properties":{"fcode":"AP030","descripcio":"SISTEMA DE TRANSPORTE O COMUNICACIÓN","acc":7,"acc_desc":"PRECISA","rst":2,"rst_desc":"SUELTO/NO PAVIMENTO","typ":1,"typ_desc":"VÍA","hct":14,"hct_desc":"RUTA PRIMARIA","wtc":1,"wtc_desc":"TODO EL AÑO","loc":44,"loc_desc":"EN CONTACTO CON LA SUPERFICIE DE LA TIERRA","ltn":2,"mes":0,"mes_desc":"NO EXISTE","tuc":45,"tuc_desc":"GENERAL","txt":null,"SHAPE_Leng":314.115000213,"Shape_Le_1":314.115000213},"geometry":{"type":"LineString","coordinates":[[-79.4805973109171,-2.47985860778883],[-79.47777919965893,-2.480049253863178]]}},{"type":"Feature","properties":{"fcode":"AP030","descripcio":"SISTEMA DE TRANSPORTE O COMUNICACIÓN","acc":7,"acc_desc":"PRECISA","rst":2,"rst_desc":"SUELTO/NO PAVIMENTO","typ":1,"typ_desc":"VÍA","hct":14,"hct_desc":"RUTA PRIMARIA","wtc":1,"wtc_desc":"TODO EL AÑO","loc":44,"loc_desc":"EN CONTACTO CON LA SUPERFICIE DE LA TIERRA","ltn":2,"mes":0,"mes_desc":"NO EXISTE","tuc":45,"tuc_desc":"GENERAL","txt":null,"SHAPE_Leng":195.891870235,"Shape_Le_1":195.891870235},"geometry":{"type":"LineString","coordinates":[[-79.48235465473124,-2.479737908614108],[-79.4805973109171,-2.47985860778883]]}},{"type":"Feature","properties":{"fcode":"AP030","descripcio":"SISTEMA DE TRANSPORTE O COMUNICACIÓN","acc":7,"acc_desc":"PRECISA","rst":2,"rst_desc":"SUELTO/NO PAVIMENTO","typ":1,"typ_desc":"VÍA","hct":14,"hct_desc":"RUTA PRIMARIA","wtc":1,"wtc_desc":"TODO EL AÑO","loc":44,"loc_desc":"EN CONTACTO CON LA SUPERFICIE DE LA TIERRA","ltn":2,"mes":0,"mes_desc":"NO EXISTE","tuc":45,"tuc_desc":"GENERAL","txt":null,"SHAPE_Leng":310.171699708,"Shape_Le_1":310.171699708},"geometry":{"type":"LineString","coordinates":[[-79.48513627907246,-2.479533372655986],[-79.48235465473124,-2.479737908614108]]}},{"type":"Feature","properties":{"fcode":"AP030","descripcio":"SISTEMA DE TRANSPORTE O COMUNICACIÓN","acc":7,"acc_desc":"PRECISA","rst":2,"rst_desc":"SUELTO/NO PAVIMENTO","typ":1,"typ_desc":"VÍA","hct":14,"hct_desc":"RUTA PRIMARIA","wtc":1,"wtc_desc":"TODO EL AÑO","loc":44,"loc_desc":"EN CONTACTO CON LA SUPERFICIE DE LA TIERRA","ltn":2,"mes":0,"mes_desc":"NO EXISTE","tuc":45,"tuc_desc":"GENERAL","txt":null,"SHAPE_Leng":557.64813802,"Shape_Le_1":557.64813802},"geometry":{"type":"LineString","coordinates":[[-79.49012447128366,-2.479148583610556],[-79.48989237581958,-2.479238938235562],[-79.48513627907246,-2.479533372655986]]}},{"type":"Feature","properties":{"fcode":"AP030","descripcio":"SISTEMA DE TRANSPORTE O COMUNICACIÓN","acc":7,"acc_desc":"PRECISA","rst":8,"rst_desc":"TEMPORAL","typ":1,"typ_desc":"VÍA","hct":4,"hct_desc":"RUTA LOCAL","wtc":2,"wtc_desc":"ÉPOCA SECA","loc":44,"loc_desc":"EN CONTACTO CON LA SUPERFICIE DE LA TIERRA","ltn":-32767,"mes":0,"mes_desc":"NO EXISTE","tuc":45,"tuc_desc":"GENERAL","txt":null,"SHAPE_Leng":443.263391516,"Shape_Le_1":443.263391516},"geometry":{"type":"LineString","coordinates":[[-79.48650639763598,-2.476513355447911],[-79.48637631584253,-2.476643891550542],[-79.48632181350833,-2.47697049742744],[-79.48639734350158,-2.477210159155823],[-79.48663522178735,-2.477569840101737],[-79.48672156689798,-2.477787718299644],[-79.48674286651887,-2.478114411295847],[-79.48664515881059,-2.478321225275433],[-79.48645014255526,-2.478462539438929],[-79.48567014474018,-2.478810197594325],[-79.48548591870099,-2.478951523915234],[-79.48533411632361,-2.47912562666844],[-79.48513627907246,-2.479533372655986]]}},{"type":"Feature","properties":{"fcode":"AP030","descripcio":"SISTEMA DE TRANSPORTE O COMUNICACIÓN","acc":7,"acc_desc":"PRECISA","rst":8,"rst_desc":"TEMPORAL","typ":1,"typ_desc":"VÍA","hct":4,"hct_desc":"RUTA LOCAL","wtc":2,"wtc_desc":"ÉPOCA SECA","loc":44,"loc_desc":"EN CONTACTO CON LA SUPERFICIE DE LA TIERRA","ltn":-32767,"mes":0,"mes_desc":"NO EXISTE","tuc":45,"tuc_desc":"GENERAL","txt":null,"SHAPE_Leng":553.578053181,"Shape_Le_1":553.578053181},"geometry":{"type":"LineString","coordinates":[[-79.48320583099341,-2.474919451453333],[-79.48225036196992,-2.477357870208722],[-79.48222807140627,-2.477902290944668],[-79.48235465473124,-2.479737908614108]]}},{"type":"Feature","properties":{"fcode":"AP030","descripcio":"SISTEMA DE TRANSPORTE O COMUNICACIÓN","acc":7,"acc_desc":"PRECISA","rst":8,"rst_desc":"TEMPORAL","typ":1,"typ_desc":"VÍA","hct":4,"hct_desc":"RUTA LOCAL","wtc":2,"wtc_desc":"ÉPOCA SECA","loc":44,"loc_desc":"EN CONTACTO CON LA SUPERFICIE DE LA TIERRA","ltn":-32767,"mes":0,"mes_desc":"NO EXISTE","tuc":45,"tuc_desc":"GENERAL","txt":null,"SHAPE_Leng":748.144825611,"Shape_Le_1":748.144825611},"geometry":{"type":"LineString","coordinates":[[-79.4805973109171,-2.47985860778883],[-79.4803080852644,-2.478085116645265],[-79.48019472893965,-2.477741767889102],[-79.47990580103138,-2.477283901075322],[-79.47945129688654,-2.476856864033348],[-79.47914159306184,-2.476482177673403],[-79.47903849463019,-2.476211644689382],[-79.4787082095465,-2.475670526042578],[-79.47705528889622,-2.474514339920252]]}},{"type":"Feature","properties":{"fcode":"AP030","descripcio":"SISTEMA DE TRANSPORTE O COMUNICACIÓN","acc":7,"acc_desc":"PRECISA","rst":8,"rst_desc":"TEMPORAL","typ":1,"typ_desc":"VÍA","hct":4,"hct_desc":"RUTA LOCAL","wtc":2,"wtc_desc":"ÉPOCA SECA","loc":44,"loc_desc":"EN CONTACTO CON LA SUPERFICIE DE LA TIERRA","ltn":-32767,"mes":0,"mes_desc":"NO EXISTE","tuc":45,"tuc_desc":"GENERAL","txt":null,"SHAPE_Leng":2349.32452578,"Shape_Le_1":2349.32452578},"geometry":{"type":"LineString","coordinates":[[-79.49453886433278,-2.470101034465954],[-79.49285261680053,-2.469773618586722],[-79.49263953006475,-2.469674434159797],[-79.49147586247611,-2.46889767394173],[-79.49108297857178,-2.468204364874101],[-79.49066611445825,-2.467007911022497],[-79.49033873229844,-2.466438398875881],[-79.48894639356264,-2.464795325680182],[-79.48863536514992,-2.464316543744463],[-79.48848816531013,-2.463920520409535],[-79.48834129115015,-2.463235722952684],[-79.48835115083234,-2.461668230216278],[-79.48809242172948,-2.458424942328032],[-79.48801884037461,-2.458210335164554],[-79.48750292648329,-2.457698129376019],[-79.48607641478807,-2.457582369037918],[-79.48478890661325,-2.457795333458137],[-79.4845510642183,-2.457803292092409],[-79.4843216059199,-2.457712319201172],[-79.48412533992983,-2.45729146011675],[-79.48410096286588,-2.457060539723428],[-79.4839946426194,-2.456854306312433],[-79.48373700838125,-2.455693940972982]]}},{"type":"Feature","properties":{"fcode":"AP030","descripcio":"SISTEMA DE TRANSPORTE O COMUNICACIÓN","acc":1,"acc_desc":"EXACTA","rst":8,"rst_desc":"TEMPORAL","typ":1,"typ_desc":"VÍA","hct":4,"hct_desc":"RUTA LOCAL","wtc":2,"wtc_desc":"ÉPOCA SECA","loc":44,"loc_desc":"EN CONTACTO CON LA SUPERFICIE DE LA TIERRA","ltn":-32767,"mes":0,"mes_desc":"NO EXISTE","tuc":45,"tuc_desc":"GENERAL","txt":null,"SHAPE_Leng":768.496632985,"Shape_Le_1":768.496632985},"geometry":{"type":"LineString","coordinates":[[-79.53662543249409,-2.518386271322323],[-79.53699642290069,-2.518419882247974],[-79.53934154903556,-2.518996290479881],[-79.54044288997392,-2.519045375168685],[-79.54104938969267,-2.519001832012575],[-79.54150376612108,-2.519093870773563],[-79.5420601371056,-2.5192488813702],[-79.54257498051872,-2.519469144239584],[-79.54296434129279,-2.519723543421444],[-79.54321495973456,-2.519967747484625]]}},{"type":"Feature","properties":{"fcode":"AP030","descripcio":"SISTEMA DE TRANSPORTE O COMUNICACIÓN","acc":1,"acc_desc":"EXACTA","rst":8,"rst_desc":"TEMPORAL","typ":1,"typ_desc":"VÍA","hct":4,"hct_desc":"RUTA LOCAL","wtc":2,"wtc_desc":"ÉPOCA SECA","loc":44,"loc_desc":"EN CONTACTO CON LA SUPERFICIE DE LA TIERRA","ltn":-32767,"mes":0,"mes_desc":"NO EXISTE","tuc":45,"tuc_desc":"GENERAL","txt":null,"SHAPE_Leng":1140.00691962,"Shape_Le_1":1140.00691962},"geometry":{"type":"LineString","coordinates":[[-79.54141197457844,-2.509844898212791],[-79.54069785665133,-2.50995470768442],[-79.53889151208824,-2.513310967938517],[-79.53853710688604,-2.513728048898625],[-79.53788461837365,-2.514212082725228],[-79.53770509088817,-2.514408591545374],[-79.53742602308509,-2.516052780950402],[-79.53662543249409,-2.518386271322323]]}},{"type":"Feature","properties":{"fcode":"AP030","descripcio":"SISTEMA DE TRANSPORTE O COMUNICACIÓN","acc":1,"acc_desc":"EXACTA","rst":8,"rst_desc":"TEMPORAL","typ":1,"typ_desc":"VÍA","hct":4,"hct_desc":"RUTA LOCAL","wtc":2,"wtc_desc":"ÉPOCA SECA","loc":44,"loc_desc":"EN CONTACTO CON LA SUPERFICIE DE LA TIERRA","ltn":-32767,"mes":0,"mes_desc":"NO EXISTE","tuc":45,"tuc_desc":"GENERAL","txt":null,"SHAPE_Leng":146.627222916,"Shape_Le_1":146.627222916},"geometry":{"type":"LineString","coordinates":[[-79.54271537484938,-2.509644583066899],[-79.54141197457844,-2.509844898212791]]}},{"type":"Feature","properties":{"fcode":"AP030","descripcio":"SISTEMA DE TRANSPORTE O COMUNICACIÓN","acc":1,"acc_desc":"EXACTA","rst":8,"rst_desc":"TEMPORAL","typ":1,"typ_desc":"VÍA","hct":4,"hct_desc":"RUTA LOCAL","wtc":2,"wtc_desc":"ÉPOCA SECA","loc":44,"loc_desc":"EN CONTACTO CON LA SUPERFICIE DE LA TIERRA","ltn":-32767,"mes":0,"mes_desc":"NO EXISTE","tuc":45,"tuc_desc":"GENERAL","txt":null,"SHAPE_Leng":259.051985109,"Shape_Le_1":259.051985109},"geometry":{"type":"LineString","coordinates":[[-79.54271537484938,-2.509644583066899],[-79.54457855797493,-2.509358158817549],[-79.54495137969963,-2.509117276253757]]}},{"type":"Feature","properties":{"fcode":"AP030","descripcio":"SISTEMA DE TRANSPORTE O COMUNICACIÓN","acc":1,"acc_desc":"EXACTA","rst":8,"rst_desc":"TEMPORAL","typ":1,"typ_desc":"VÍA","hct":4,"hct_desc":"RUTA LOCAL","wtc":2,"wtc_desc":"ÉPOCA SECA","loc":44,"loc_desc":"EN CONTACTO CON LA SUPERFICIE DE LA TIERRA","ltn":-32767,"mes":0,"mes_desc":"NO EXISTE","tuc":45,"tuc_desc":"GENERAL","txt":null,"SHAPE_Leng":221.910128762,"Shape_Le_1":221.910128762},"geometry":{"type":"LineString","coordinates":[[-79.54495137969963,-2.509117276253757],[-79.54514134137574,-2.508916526245101],[-79.54544402013728,-2.508351962928529],[-79.5460359958089,-2.507858177022257],[-79.54616327752036,-2.507904082941097],[-79.54621119656763,-2.508076428838607]]}},{"type":"Feature","properties":{"fcode":"AP030","descripcio":"SISTEMA DE TRANSPORTE O COMUNICACIÓN","acc":1,"acc_desc":"EXACTA","rst":8,"rst_desc":"TEMPORAL","typ":1,"typ_desc":"VÍA","hct":4,"hct_desc":"RUTA LOCAL","wtc":2,"wtc_desc":"ÉPOCA SECA","loc":44,"loc_desc":"EN CONTACTO CON LA SUPERFICIE DE LA TIERRA","ltn":-32767,"mes":0,"mes_desc":"NO EXISTE","tuc":45,"tuc_desc":"GENERAL","txt":null,"SHAPE_Leng":301.319249396,"Shape_Le_1":301.319249396},"geometry":{"type":"LineString","coordinates":[[-79.54271537484938,-2.509644583066899],[-79.54261578159739,-2.509200220155104],[-79.542628318262,-2.508110769303966],[-79.54246494211914,-2.507771790466068],[-79.54215845353653,-2.507472265012402],[-79.54185123659785,-2.507262185906428]]}},{"type":"Feature","properties":{"fcode":"AP030","descripcio":"SISTEMA DE TRANSPORTE O COMUNICACIÓN","acc":1,"acc_desc":"EXACTA","rst":8,"rst_desc":"TEMPORAL","typ":1,"typ_desc":"VÍA","hct":4,"hct_desc":"RUTA LOCAL","wtc":2,"wtc_desc":"ÉPOCA SECA","loc":44,"loc_desc":"EN CONTACTO CON LA SUPERFICIE DE LA TIERRA","ltn":-32767,"mes":0,"mes_desc":"NO EXISTE","tuc":45,"tuc_desc":"GENERAL","txt":null,"SHAPE_Leng":954.802228844,"Shape_Le_1":954.802228844},"geometry":{"type":"LineString","coordinates":[[-79.54845223039572,-2.501572292931447],[-79.54808360307148,-2.501128934819828],[-79.54762371807121,-2.500325567208936],[-79.54736064327408,-2.499470143063037],[-79.54747699647655,-2.49874103658106],[-79.5474758376372,-2.498159039382408],[-79.54743184165316,-2.497934874570574],[-79.54732379386739,-2.497734696209696],[-79.54718119081168,-2.497638849798377]]}},{"type":"Feature","properties":{"fcode":"AP030","descripcio":"SISTEMA DE TRANSPORTE O COMUNICACIÓN","acc":1,"acc_desc":"EXACTA","rst":1,"rst_desc":"DURO/PAVIMENTO","typ":1,"typ_desc":"VÍA","hct":14,"hct_desc":"RUTA PRIMARIA","wtc":1,"wtc_desc":"TODO EL AÑO","loc":44,"loc_desc":"EN CONTACTO CON LA SUPERFICIE DE LA TIERRA","ltn":-32767,"mes":0,"mes_desc":"NO EXISTE","tuc":45,"tuc_desc":"GENERAL","txt":null,"SHAPE_Leng":1238.73170541,"Shape_Le_1":1238.73170541},"geometry":{"type":"LineString","coordinates":[[-79.52240547989066,-2.523559023073475],[-79.52302137691316,-2.523951517869605],[-79.5243214098777,-2.524590431998426],[-79.52780484930649,-2.526711274802491],[-79.52858053228498,-2.527116341335351],[-79.53222389749236,-2.528818256092839]]}},{"type":"Feature","properties":{"fcode":"AP030","descripcio":"SISTEMA DE TRANSPORTE O COMUNICACIÓN","acc":1,"acc_desc":"EXACTA","rst":8,"rst_desc":"TEMPORAL","typ":1,"typ_desc":"VÍA","hct":4,"hct_desc":"RUTA LOCAL","wtc":2,"wtc_desc":"ÉPOCA SECA","loc":44,"loc_desc":"EN CONTACTO CON LA SUPERFICIE DE LA TIERRA","ltn":-32767,"mes":0,"mes_desc":"NO EXISTE","tuc":45,"tuc_desc":"GENERAL","txt":null,"SHAPE_Leng":488.376854592,"Shape_Le_1":488.376854592},"geometry":{"type":"LineString","coordinates":[[-79.53322160470756,-2.528186389097604],[-79.53467730470592,-2.524019131632132]]}},{"type":"Feature","properties":{"fcode":"AP030","descripcio":"SISTEMA DE TRANSPORTE O COMUNICACIÓN","acc":1,"acc_desc":"EXACTA","rst":1,"rst_desc":"DURO/PAVIMENTO","typ":1,"typ_desc":"VÍA","hct":14,"hct_desc":"RUTA PRIMARIA","wtc":1,"wtc_desc":"TODO EL AÑO","loc":44,"loc_desc":"EN CONTACTO CON LA SUPERFICIE DE LA TIERRA","ltn":-32767,"mes":0,"mes_desc":"NO EXISTE","tuc":45,"tuc_desc":"GENERAL","txt":null,"SHAPE_Leng":271.611988137,"Shape_Le_1":271.611988137},"geometry":{"type":"LineString","coordinates":[[-79.52034230911578,-2.522244273568124],[-79.52240547989066,-2.523559023073475]]}},{"type":"Feature","properties":{"fcode":"AP030","descripcio":"SISTEMA DE TRANSPORTE O COMUNICACIÓN","acc":1,"acc_desc":"EXACTA","rst":8,"rst_desc":"TEMPORAL","typ":1,"typ_desc":"VÍA","hct":4,"hct_desc":"RUTA LOCAL","wtc":2,"wtc_desc":"ÉPOCA SECA","loc":44,"loc_desc":"EN CONTACTO CON LA SUPERFICIE DE LA TIERRA","ltn":-32767,"mes":0,"mes_desc":"NO EXISTE","tuc":45,"tuc_desc":"GENERAL","txt":null,"SHAPE_Leng":659.421848796,"Shape_Le_1":659.421848796},"geometry":{"type":"LineString","coordinates":[[-79.53467730470592,-2.524019131632132],[-79.53662543249409,-2.518386271322323]]}},{"type":"Feature","properties":{"fcode":"AP030","descripcio":"SISTEMA DE TRANSPORTE O COMUNICACIÓN","acc":1,"acc_desc":"EXACTA","rst":8,"rst_desc":"TEMPORAL","typ":1,"typ_desc":"VÍA","hct":4,"hct_desc":"RUTA LOCAL","wtc":2,"wtc_desc":"ÉPOCA SECA","loc":44,"loc_desc":"EN CONTACTO CON LA SUPERFICIE DE LA TIERRA","ltn":-32767,"mes":0,"mes_desc":"NO EXISTE","tuc":45,"tuc_desc":"GENERAL","txt":null,"SHAPE_Leng":128.026877327,"Shape_Le_1":128.026877327},"geometry":{"type":"LineString","coordinates":[[-79.52141890636896,-2.518714318890096],[-79.52212453708273,-2.518316458897629],[-79.52239606951426,-2.518110200718165]]}},{"type":"Feature","properties":{"fcode":"AP030","descripcio":"SISTEMA DE TRANSPORTE O COMUNICACIÓN","acc":1,"acc_desc":"EXACTA","rst":8,"rst_desc":"TEMPORAL","typ":1,"typ_desc":"VÍA","hct":4,"hct_desc":"RUTA LOCAL","wtc":2,"wtc_desc":"ÉPOCA SECA","loc":44,"loc_desc":"EN CONTACTO CON LA SUPERFICIE DE LA TIERRA","ltn":-32767,"mes":0,"mes_desc":"NO EXISTE","tuc":45,"tuc_desc":"GENERAL","txt":null,"SHAPE_Leng":197.917560771,"Shape_Le_1":197.917560771},"geometry":{"type":"LineString","coordinates":[[-79.52239606951426,-2.518110200718165],[-79.52382067968338,-2.517038195390876]]}},{"type":"Feature","properties":{"fcode":"AP030","descripcio":"SISTEMA DE TRANSPORTE O COMUNICACIÓN","acc":1,"acc_desc":"EXACTA","rst":8,"rst_desc":"TEMPORAL","typ":1,"typ_desc":"VÍA","hct":4,"hct_desc":"RUTA LOCAL","wtc":2,"wtc_desc":"ÉPOCA SECA","loc":44,"loc_desc":"EN CONTACTO CON LA SUPERFICIE DE LA TIERRA","ltn":-32767,"mes":0,"mes_desc":"NO EXISTE","tuc":45,"tuc_desc":"GENERAL","txt":null,"SHAPE_Leng":310.1544174,"Shape_Le_1":310.1544174},"geometry":{"type":"LineString","coordinates":[[-79.52382067968338,-2.517038195390876],[-79.5242042662795,-2.51682338167968],[-79.52434117123819,-2.516627008515159],[-79.52457000284294,-2.516568662860814],[-79.52516574797323,-2.516728426652723],[-79.5260119371555,-2.516322583294922],[-79.52613777978354,-2.516287635023671],[-79.52632306098208,-2.516333699289202]]}},{"type":"Feature","properties":{"fcode":"AP030","descripcio":"SISTEMA DE TRANSPORTE O COMUNICACIÓN","acc":1,"acc_desc":"EXACTA","rst":8,"rst_desc":"TEMPORAL","typ":1,"typ_desc":"VÍA","hct":4,"hct_desc":"RUTA LOCAL","wtc":2,"wtc_desc":"ÉPOCA SECA","loc":44,"loc_desc":"EN CONTACTO CON LA SUPERFICIE DE LA TIERRA","ltn":-32767,"mes":0,"mes_desc":"NO EXISTE","tuc":45,"tuc_desc":"GENERAL","txt":null,"SHAPE_Leng":2131.51769845,"Shape_Le_1":2131.51769845},"geometry":{"type":"LineString","coordinates":[[-79.54185123659785,-2.507262185906428],[-79.54157277352003,-2.507071855349563],[-79.54131031462668,-2.506964839786363],[-79.53995553298577,-2.506631942100984],[-79.5390539041019,-2.506275403795306],[-79.53836329441782,-2.506110024747445],[-79.53803578302947,-2.506118791820245],[-79.53770809021843,-2.50621004157291],[-79.53748872363339,-2.506329811598702],[-79.53682425386803,-2.507080636771203],[-79.53634206093159,-2.50734382308756],[-79.53604157585855,-2.507389158333772],[-79.53547744701275,-2.507342760319556],[-79.53518660930277,-2.507122659672767],[-79.53502329835506,-2.506646390602226],[-79.53506941041482,-2.506097099319015],[-79.5353610809012,-2.50564874576217],[-79.53544364882887,-2.505227741747344],[-79.53543879300285,-2.505065845537187],[-79.53536196266387,-2.505017101517848],[-79.53292373220226,-2.50465720465407],[-79.53222332449758,-2.504491631386097],[-79.53134252089232,-2.504173912717683],[-79.53055430235479,-2.50396962134215],[-79.5282842073626,-2.504038509325453],[-79.52680277340862,-2.503995956497541],[-79.52598810875898,-2.504123462372713]]}},{"type":"Feature","properties":{"fcode":"AP030","descripcio":"SISTEMA DE TRANSPORTE O COMUNICACIÓN","acc":1,"acc_desc":"EXACTA","rst":8,"rst_desc":"TEMPORAL","typ":1,"typ_desc":"VÍA","hct":4,"hct_desc":"RUTA LOCAL","wtc":2,"wtc_desc":"ÉPOCA SECA","loc":44,"loc_desc":"EN CONTACTO CON LA SUPERFICIE DE LA TIERRA","ltn":-32767,"mes":0,"mes_desc":"NO EXISTE","tuc":45,"tuc_desc":"GENERAL","txt":null,"SHAPE_Leng":833.417681544,"Shape_Le_1":833.417681544},"geometry":{"type":"LineString","coordinates":[[-79.52598810875898,-2.504123462372713],[-79.52521018356582,-2.503562298353353],[-79.52471773896089,-2.503506029400077],[-79.52355029212374,-2.503647695634262],[-79.52242893700007,-2.503904454159896],[-79.52136442735004,-2.503988171503389],[-79.5208725983894,-2.504185498838288],[-79.5205413711918,-2.504463139064243],[-79.51963976787907,-2.505537912457187],[-79.51952256999948,-2.505803404831971]]}},{"type":"Feature","properties":{"fcode":"AP030","descripcio":"SISTEMA DE TRANSPORTE O COMUNICACIÓN","acc":1,"acc_desc":"EXACTA","rst":8,"rst_desc":"TEMPORAL","typ":1,"typ_desc":"VÍA","hct":4,"hct_desc":"RUTA LOCAL","wtc":2,"wtc_desc":"ÉPOCA SECA","loc":44,"loc_desc":"EN CONTACTO CON LA SUPERFICIE DE LA TIERRA","ltn":-32767,"mes":0,"mes_desc":"NO EXISTE","tuc":45,"tuc_desc":"GENERAL","txt":null,"SHAPE_Leng":2975.66398199,"Shape_Le_1":2975.66398199},"geometry":{"type":"LineString","coordinates":[[-79.52419529948067,-2.487855111024125],[-79.52442148187538,-2.487990665650914],[-79.52474225003246,-2.488784106555008],[-79.52493693199453,-2.489025713495165],[-79.5267697627531,-2.489959139537965],[-79.52759458214186,-2.490557884254157],[-79.52926809854957,-2.491471232970608],[-79.52993591498878,-2.491665798710597],[-79.53093258368575,-2.491854944797583],[-79.5313631656264,-2.492148910636742],[-79.53284986826901,-2.494082772637705],[-79.53309271736286,-2.494273695907169],[-79.53337816730308,-2.494403799659952],[-79.5345086186518,-2.494616518878416],[-79.53639018263915,-2.494759442698097],[-79.53724707814462,-2.494658472962791],[-79.53779030440865,-2.49490010769478],[-79.53831351821947,-2.494942657357463],[-79.53954945186626,-2.495319190717579],[-79.53976721771171,-2.495425522222381],[-79.54104724175258,-2.496511802266256],[-79.54138402443809,-2.496900536005563],[-79.54152135904734,-2.497206654569062],[-79.54162934274423,-2.497300834749408],[-79.54393268579689,-2.498315630711299],[-79.54493361660869,-2.498075446097679],[-79.54640382466094,-2.497619625670773],[-79.54718119081168,-2.497638849798377]]}},{"type":"Feature","properties":{"fcode":"AP030","descripcio":"SISTEMA DE TRANSPORTE O COMUNICACIÓN","acc":1,"acc_desc":"EXACTA","rst":1,"rst_desc":"DURO/PAVIMENTO","typ":1,"typ_desc":"VÍA","hct":14,"hct_desc":"RUTA PRIMARIA","wtc":1,"wtc_desc":"TODO EL AÑO","loc":44,"loc_desc":"EN CONTACTO CON LA SUPERFICIE DE LA TIERRA","ltn":-32767,"mes":0,"mes_desc":"NO EXISTE","tuc":45,"tuc_desc":"GENERAL","txt":null,"SHAPE_Leng":147.96601299,"Shape_Le_1":147.96601299},"geometry":{"type":"LineString","coordinates":[[-79.5091150997564,-2.515489941644905],[-79.51025697237498,-2.516176884109941]]}},{"type":"Feature","properties":{"fcode":"AP030","descripcio":"SISTEMA DE TRANSPORTE O COMUNICACIÓN","acc":1,"acc_desc":"EXACTA","rst":8,"rst_desc":"TEMPORAL","typ":1,"typ_desc":"VÍA","hct":4,"hct_desc":"RUTA LOCAL","wtc":2,"wtc_desc":"ÉPOCA SECA","loc":44,"loc_desc":"EN CONTACTO CON LA SUPERFICIE DE LA TIERRA","ltn":-32767,"mes":0,"mes_desc":"NO EXISTE","tuc":45,"tuc_desc":"GENERAL","txt":null,"SHAPE_Leng":629.986553532,"Shape_Le_1":629.986553532},"geometry":{"type":"LineString","coordinates":[[-79.5123205636167,-2.510905829536761],[-79.51226963880151,-2.51093100424675],[-79.51198520068637,-2.51157742084567],[-79.5110886626636,-2.514519788539112],[-79.51025697237498,-2.516176884109941]]}},{"type":"Feature","properties":{"fcode":"AP030","descripcio":"SISTEMA DE TRANSPORTE O COMUNICACIÓN","acc":1,"acc_desc":"EXACTA","rst":8,"rst_desc":"TEMPORAL","typ":1,"typ_desc":"VÍA","hct":4,"hct_desc":"RUTA LOCAL","wtc":2,"wtc_desc":"ÉPOCA SECA","loc":44,"loc_desc":"EN CONTACTO CON LA SUPERFICIE DE LA TIERRA","ltn":-32767,"mes":0,"mes_desc":"NO EXISTE","tuc":45,"tuc_desc":"GENERAL","txt":null,"SHAPE_Leng":937.251624023,"Shape_Le_1":937.251624023},"geometry":{"type":"LineString","coordinates":[[-79.50568320100079,-2.513425397176517],[-79.50588523774958,-2.512493730268897],[-79.50605330805993,-2.511144369635461],[-79.50614436588394,-2.510936641883687],[-79.50649864114447,-2.51071655481878],[-79.50719776053018,-2.510979725902099],[-79.50748387074216,-2.510921358454589],[-79.50760939344572,-2.510771099810021],[-79.50783588957562,-2.509836655906534],[-79.50800737413695,-2.509755456066643],[-79.50923354229103,-2.510167010555794],[-79.5109978874172,-2.510589310138168]]}},{"type":"Feature","properties":{"fcode":"AP030","descripcio":"SISTEMA DE TRANSPORTE O COMUNICACIÓN","acc":1,"acc_desc":"EXACTA","rst":8,"rst_desc":"TEMPORAL","typ":1,"typ_desc":"VÍA","hct":4,"hct_desc":"RUTA LOCAL","wtc":2,"wtc_desc":"ÉPOCA SECA","loc":44,"loc_desc":"EN CONTACTO CON LA SUPERFICIE DE LA TIERRA","ltn":-32767,"mes":0,"mes_desc":"NO EXISTE","tuc":45,"tuc_desc":"GENERAL","txt":null,"SHAPE_Leng":151.19644771,"Shape_Le_1":151.19644771},"geometry":{"type":"LineString","coordinates":[[-79.5109978874172,-2.510589310138168],[-79.5123205636167,-2.510905829536761]]}},{"type":"Feature","properties":{"fcode":"AP030","descripcio":"SISTEMA DE TRANSPORTE O COMUNICACIÓN","acc":1,"acc_desc":"EXACTA","rst":8,"rst_desc":"TEMPORAL","typ":1,"typ_desc":"VÍA","hct":4,"hct_desc":"RUTA LOCAL","wtc":2,"wtc_desc":"ÉPOCA SECA","loc":44,"loc_desc":"EN CONTACTO CON LA SUPERFICIE DE LA TIERRA","ltn":-32767,"mes":0,"mes_desc":"NO EXISTE","tuc":45,"tuc_desc":"GENERAL","txt":null,"SHAPE_Leng":498.109617194,"Shape_Le_1":498.109617194},"geometry":{"type":"LineString","coordinates":[[-79.51609491443544,-2.508739379056566],[-79.51555057715002,-2.509088674178674],[-79.51443169779637,-2.510256255215766],[-79.51426020007223,-2.510348942079517],[-79.51271554570494,-2.510710657956189],[-79.5123205636167,-2.510905829536761]]}},{"type":"Feature","properties":{"fcode":"AP030","descripcio":"SISTEMA DE TRANSPORTE O COMUNICACIÓN","acc":1,"acc_desc":"EXACTA","rst":8,"rst_desc":"TEMPORAL","typ":1,"typ_desc":"VÍA","hct":4,"hct_desc":"RUTA LOCAL","wtc":2,"wtc_desc":"ÉPOCA SECA","loc":44,"loc_desc":"EN CONTACTO CON LA SUPERFICIE DE LA TIERRA","ltn":-32767,"mes":0,"mes_desc":"NO EXISTE","tuc":45,"tuc_desc":"GENERAL","txt":null,"SHAPE_Leng":147.980015474,"Shape_Le_1":147.980015474},"geometry":{"type":"LineString","coordinates":[[-79.51731207959705,-2.508208068990082],[-79.51660221081427,-2.508463208070761],[-79.51609491443544,-2.508739379056566]]}},{"type":"Feature","properties":{"fcode":"AP030","descripcio":"SISTEMA DE TRANSPORTE O COMUNICACIÓN","acc":1,"acc_desc":"EXACTA","rst":8,"rst_desc":"TEMPORAL","typ":1,"typ_desc":"VÍA","hct":4,"hct_desc":"RUTA LOCAL","wtc":2,"wtc_desc":"ÉPOCA SECA","loc":44,"loc_desc":"EN CONTACTO CON LA SUPERFICIE DE LA TIERRA","ltn":-32767,"mes":0,"mes_desc":"NO EXISTE","tuc":45,"tuc_desc":"GENERAL","txt":null,"SHAPE_Leng":384.833947638,"Shape_Le_1":384.833947638},"geometry":{"type":"LineString","coordinates":[[-79.51952256999948,-2.505803404831971],[-79.51929836131015,-2.506311248121719],[-79.5190828213393,-2.507026663433364],[-79.51860344802915,-2.507581426310017],[-79.51731207959705,-2.508208068990082]]}},{"type":"Feature","properties":{"fcode":"AP030","descripcio":"SISTEMA DE TRANSPORTE O COMUNICACIÓN","acc":1,"acc_desc":"EXACTA","rst":8,"rst_desc":"TEMPORAL","typ":1,"typ_desc":"VÍA","hct":4,"hct_desc":"RUTA LOCAL","wtc":2,"wtc_desc":"ÉPOCA SECA","loc":44,"loc_desc":"EN CONTACTO CON LA SUPERFICIE DE LA TIERRA","ltn":-32767,"mes":0,"mes_desc":"NO EXISTE","tuc":45,"tuc_desc":"GENERAL","txt":null,"SHAPE_Leng":2333.76509798,"Shape_Le_1":2333.76509798},"geometry":{"type":"LineString","coordinates":[[-79.50403373918925,-2.487556525506243],[-79.50476439717244,-2.48695294421561],[-79.50523402887177,-2.486815647737032],[-79.50569230403177,-2.486781802113601],[-79.50644833251243,-2.486805724919837],[-79.5070554516087,-2.486910060542987],[-79.50730748639185,-2.487002325316482],[-79.5080176012365,-2.487554911213659],[-79.50846435386008,-2.487613029805618],[-79.50883098759208,-2.487590474561491],[-79.50927772837476,-2.487499184829814],[-79.51171494185537,-2.486385278492602],[-79.51221086944409,-2.486374264175171],[-79.52388311927041,-2.487668088977288],[-79.52419529948067,-2.487855111024125]]}},{"type":"Feature","properties":{"fcode":"AP030","descripcio":"SISTEMA DE TRANSPORTE O COMUNICACIÓN","acc":1,"acc_desc":"EXACTA","rst":8,"rst_desc":"TEMPORAL","typ":1,"typ_desc":"VÍA","hct":4,"hct_desc":"RUTA LOCAL","wtc":2,"wtc_desc":"ÉPOCA SECA","loc":44,"loc_desc":"EN CONTACTO CON LA SUPERFICIE DE LA TIERRA","ltn":-32767,"mes":0,"mes_desc":"NO EXISTE","tuc":45,"tuc_desc":"GENERAL","txt":null,"SHAPE_Leng":4861.41832356,"Shape_Le_1":4861.41832356},"geometry":{"type":"LineString","coordinates":[[-79.530210486362,-2.464602330902486],[-79.50217988801796,-2.468554865185413],[-79.49980441946285,-2.469253898908292],[-79.49725934084326,-2.469812370720056],[-79.49505999638318,-2.470137080595038],[-79.49453886433278,-2.470101034465954]]}},{"type":"Feature","properties":{"fcode":"AP030","descripcio":"SISTEMA DE TRANSPORTE O COMUNICACIÓN","acc":1,"acc_desc":"EXACTA","rst":8,"rst_desc":"TEMPORAL","typ":1,"typ_desc":"VÍA","hct":4,"hct_desc":"RUTA LOCAL","wtc":2,"wtc_desc":"ÉPOCA SECA","loc":44,"loc_desc":"EN CONTACTO CON LA SUPERFICIE DE LA TIERRA","ltn":-32767,"mes":0,"mes_desc":"NO EXISTE","tuc":45,"tuc_desc":"GENERAL","txt":null,"SHAPE_Leng":491.909141093,"Shape_Le_1":491.909141093},"geometry":{"type":"LineString","coordinates":[[-79.50974494216698,-2.456176221263925],[-79.5088550289329,-2.457846449362627],[-79.50841965874625,-2.458477960184356],[-79.50884780144926,-2.459577748225433]]}},{"type":"Feature","properties":{"fcode":"AP030","descripcio":"SISTEMA DE TRANSPORTE O COMUNICACIÓN","acc":1,"acc_desc":"EXACTA","rst":2,"rst_desc":"SUELTO/NO PAVIMENTO","typ":1,"typ_desc":"VÍA","hct":15,"hct_desc":"RUTA SECUNDARIA","wtc":1,"wtc_desc":"TODO EL AÑO","loc":44,"loc_desc":"EN CONTACTO CON LA SUPERFICIE DE LA TIERRA","ltn":1,"mes":0,"mes_desc":"NO EXISTE","tuc":45,"tuc_desc":"GENERAL","txt":null,"SHAPE_Leng":2347.49769035,"Shape_Le_1":2347.49769035},"geometry":{"type":"MultiLineString","coordinates":[[[-79.54718119081168,-2.497638849798377],[-79.54744880273002,-2.496902133312198],[-79.54744853331029,-2.496492429592936],[-79.54754838404725,-2.496214068792785],[-79.54790786780474,-2.495667473138417],[-79.54810346332009,-2.495571469783212]],[[-79.54792025738745,-2.494334691022281],[-79.54787537844824,-2.494298864557765],[-79.54784682074153,-2.493838938059274]],[[-79.54774801920499,-2.493171952879434],[-79.54739246367248,-2.493012330165982],[-79.54676546879764,-2.492977266382987],[-79.54665315000395,-2.492899813614592],[-79.54661112722161,-2.492516201485346],[-79.54603457485813,-2.492075741075084],[-79.54593790842064,-2.49207509111711],[-79.54578643651007,-2.492113089567469],[-79.5451917910592,-2.492754749542091],[-79.5451374581127,-2.49326369770047],[-79.54505501017479,-2.493335145831314],[-79.54486978049908,-2.493324539120137],[-79.54477786692773,-2.493253892079193],[-79.54458132248381,-2.492901853659515],[-79.54309031630203,-2.492242772044338],[-79.54302681433886,-2.492175955149107],[-79.54291838526532,-2.491505477834547],[-79.54228575950549,-2.490950545196621],[-79.54233633009403,-2.490837820202953],[-79.54654215532182,-2.487888075811127]]]}},{"type":"Feature","properties":{"fcode":"AP030","descripcio":"SISTEMA DE TRANSPORTE O COMUNICACIÓN","acc":1,"acc_desc":"EXACTA","rst":2,"rst_desc":"SUELTO/NO PAVIMENTO","typ":1,"typ_desc":"VÍA","hct":15,"hct_desc":"RUTA SECUNDARIA","wtc":1,"wtc_desc":"TODO EL AÑO","loc":44,"loc_desc":"EN CONTACTO CON LA SUPERFICIE DE LA TIERRA","ltn":1,"mes":0,"mes_desc":"NO EXISTE","tuc":45,"tuc_desc":"GENERAL","txt":null,"SHAPE_Leng":713.070655801,"Shape_Le_1":713.070655801},"geometry":{"type":"LineString","coordinates":[[-79.54547968636113,-2.484865945598418],[-79.54427559335524,-2.485600933976155],[-79.54371935943642,-2.484838704184684]]}},{"type":"Feature","properties":{"fcode":"AP030","descripcio":"SISTEMA DE TRANSPORTE O COMUNICACIÓN","acc":1,"acc_desc":"EXACTA","rst":8,"rst_desc":"TEMPORAL","typ":1,"typ_desc":"VÍA","hct":4,"hct_desc":"RUTA LOCAL","wtc":2,"wtc_desc":"ÉPOCA SECA","loc":44,"loc_desc":"EN CONTACTO CON LA SUPERFICIE DE LA TIERRA","ltn":-32767,"mes":0,"mes_desc":"NO EXISTE","tuc":45,"tuc_desc":"GENERAL","txt":null,"SHAPE_Leng":626.807856138,"Shape_Le_1":626.807856138},"geometry":{"type":"LineString","coordinates":[[-79.53767554902741,-2.474892517725608],[-79.53827446829726,-2.478790504500876],[-79.53947180436903,-2.478436848323516],[-79.53975797830068,-2.478807887276282]]}},{"type":"Feature","properties":{"fcode":"AP030","descripcio":"SISTEMA DE TRANSPORTE O COMUNICACIÓN","acc":1,"acc_desc":"EXACTA","rst":8,"rst_desc":"TEMPORAL","typ":1,"typ_desc":"VÍA","hct":4,"hct_desc":"RUTA LOCAL","wtc":2,"wtc_desc":"ÉPOCA SECA","loc":44,"loc_desc":"EN CONTACTO CON LA SUPERFICIE DE LA TIERRA","ltn":-32767,"mes":0,"mes_desc":"NO EXISTE","tuc":45,"tuc_desc":"GENERAL","txt":null,"SHAPE_Leng":836.404805164,"Shape_Le_1":836.404805164},"geometry":{"type":"LineString","coordinates":[[-79.53706233136765,-2.470901786739252],[-79.53767554902741,-2.474892517725608]]}},{"type":"Feature","properties":{"fcode":"AP030","descripcio":"SISTEMA DE TRANSPORTE O COMUNICACIÓN","acc":1,"acc_desc":"EXACTA","rst":8,"rst_desc":"TEMPORAL","typ":1,"typ_desc":"VÍA","hct":4,"hct_desc":"RUTA LOCAL","wtc":2,"wtc_desc":"ÉPOCA SECA","loc":44,"loc_desc":"EN CONTACTO CON LA SUPERFICIE DE LA TIERRA","ltn":-32767,"mes":0,"mes_desc":"NO EXISTE","tuc":45,"tuc_desc":"GENERAL","txt":null,"SHAPE_Leng":508.321967531,"Shape_Le_1":508.321967531},"geometry":{"type":"LineString","coordinates":[[-79.53355182391503,-2.486014169610415],[-79.53345625505062,-2.486079090458611],[-79.5336502060816,-2.486658948012243],[-79.53348581854326,-2.487970440419727],[-79.53347759385997,-2.488333735549459],[-79.53353330199775,-2.488535935037586],[-79.5336460052877,-2.488670819179981],[-79.53374553435557,-2.488684225376809],[-79.53472812073561,-2.488271461959044],[-79.53535049490546,-2.488251174477923]]}},{"type":"Feature","properties":{"fcode":"AP030","descripcio":"SISTEMA DE TRANSPORTE O COMUNICACIÓN","acc":1,"acc_desc":"EXACTA","rst":2,"rst_desc":"SUELTO/NO PAVIMENTO","typ":1,"typ_desc":"VÍA","hct":15,"hct_desc":"RUTA SECUNDARIA","wtc":1,"wtc_desc":"TODO EL AÑO","loc":44,"loc_desc":"EN CONTACTO CON LA SUPERFICIE DE LA TIERRA","ltn":1,"mes":0,"mes_desc":"NO EXISTE","tuc":45,"tuc_desc":"GENERAL","txt":null,"SHAPE_Leng":3305.46719104,"Shape_Le_1":3305.46719104},"geometry":{"type":"LineString","coordinates":[[-79.53808732583938,-2.479459928597576],[-79.53724925189884,-2.479053546799814],[-79.53669719213227,-2.478999482267658],[-79.53562915434016,-2.478707162761877],[-79.53441960227093,-2.478150233512481],[-79.53404308919426,-2.477833901535522],[-79.53332570056128,-2.477666057194639],[-79.53296272888547,-2.47738356541079],[-79.53236648729515,-2.476623734011864],[-79.53209619503231,-2.476450146781928],[-79.53154362207297,-2.476211127128478],[-79.53118240303134,-2.476134301520148],[-79.5308746071454,-2.475966912876863],[-79.53066565308471,-2.475946149765429],[-79.52993622848437,-2.476094565210827],[-79.50946073821672,-2.477932843718125]]}},{"type":"Feature","properties":{"fcode":"AP030","descripcio":"SISTEMA DE TRANSPORTE O COMUNICACIÓN","acc":1,"acc_desc":"EXACTA","rst":8,"rst_desc":"TEMPORAL","typ":1,"typ_desc":"VÍA","hct":4,"hct_desc":"RUTA LOCAL","wtc":2,"wtc_desc":"ÉPOCA SECA","loc":44,"loc_desc":"EN CONTACTO CON LA SUPERFICIE DE LA TIERRA","ltn":-32767,"mes":0,"mes_desc":"NO EXISTE","tuc":45,"tuc_desc":"GENERAL","txt":null,"SHAPE_Leng":759.235173381,"Shape_Le_1":759.235173381},"geometry":{"type":"LineString","coordinates":[[-79.53767554902741,-2.474892517725608],[-79.53086740362757,-2.475404358013002]]}},{"type":"Feature","properties":{"fcode":"AP030","descripcio":"SISTEMA DE TRANSPORTE O COMUNICACIÓN","acc":1,"acc_desc":"EXACTA","rst":8,"rst_desc":"TEMPORAL","typ":1,"typ_desc":"VÍA","hct":4,"hct_desc":"RUTA LOCAL","wtc":2,"wtc_desc":"ÉPOCA SECA","loc":44,"loc_desc":"EN CONTACTO CON LA SUPERFICIE DE LA TIERRA","ltn":-32767,"mes":0,"mes_desc":"NO EXISTE","tuc":45,"tuc_desc":"GENERAL","txt":null,"SHAPE_Leng":1125.72398042,"Shape_Le_1":1125.72398042},"geometry":{"type":"LineString","coordinates":[[-79.51476258070298,-2.457181257561686],[-79.51505206074275,-2.458843088781638],[-79.50884780144926,-2.459577748225433]]}},{"type":"Feature","properties":{"fcode":"AP030","descripcio":"SISTEMA DE TRANSPORTE O COMUNICACIÓN","acc":7,"acc_desc":"PRECISA","rst":2,"rst_desc":"SUELTO/NO PAVIMENTO","typ":1,"typ_desc":"VÍA","hct":15,"hct_desc":"RUTA SECUNDARIA","wtc":1,"wtc_desc":"TODO EL AÑO","loc":44,"loc_desc":"EN CONTACTO CON LA SUPERFICIE DE LA TIERRA","ltn":1,"mes":0,"mes_desc":"NO EXISTE","tuc":45,"tuc_desc":"GENERAL","txt":null,"SHAPE_Leng":883.034176978,"Shape_Le_1":883.034176978},"geometry":{"type":"LineString","coordinates":[[-79.3238677421227,-2.478472572092471],[-79.31960252161528,-2.480924869166574]]}},{"type":"Feature","properties":{"fcode":"AP030","descripcio":"SISTEMA DE TRANSPORTE O COMUNICACIÓN","acc":7,"acc_desc":"PRECISA","rst":2,"rst_desc":"SUELTO/NO PAVIMENTO","typ":1,"typ_desc":"VÍA","hct":15,"hct_desc":"RUTA SECUNDARIA","wtc":1,"wtc_desc":"TODO EL AÑO","loc":44,"loc_desc":"EN CONTACTO CON LA SUPERFICIE DE LA TIERRA","ltn":1,"mes":0,"mes_desc":"NO EXISTE","tuc":45,"tuc_desc":"GENERAL","txt":null,"SHAPE_Leng":940.596773578,"Shape_Le_1":940.596773578},"geometry":{"type":"LineString","coordinates":[[-79.33102811363439,-2.474018709642878],[-79.3302967713781,-2.474301562753278],[-79.32706173970553,-2.476725855112083],[-79.32649664774745,-2.477077644453259],[-79.3252693258369,-2.477663535818761],[-79.3238677421227,-2.478472572092471]]}},{"type":"Feature","properties":{"fcode":"AP030","descripcio":"SISTEMA DE TRANSPORTE O COMUNICACIÓN","acc":7,"acc_desc":"PRECISA","rst":2,"rst_desc":"SUELTO/NO PAVIMENTO","typ":1,"typ_desc":"VÍA","hct":15,"hct_desc":"RUTA SECUNDARIA","wtc":1,"wtc_desc":"TODO EL AÑO","loc":44,"loc_desc":"EN CONTACTO CON LA SUPERFICIE DE LA TIERRA","ltn":1,"mes":0,"mes_desc":"NO EXISTE","tuc":45,"tuc_desc":"GENERAL","txt":null,"SHAPE_Leng":184.039389806,"Shape_Le_1":184.039389806},"geometry":{"type":"LineString","coordinates":[[-79.33257704884531,-2.473433124857134],[-79.33102811363439,-2.474018709642878]]}},{"type":"Feature","properties":{"fcode":"AP030","descripcio":"SISTEMA DE TRANSPORTE O COMUNICACIÓN","acc":7,"acc_desc":"PRECISA","rst":2,"rst_desc":"SUELTO/NO PAVIMENTO","typ":1,"typ_desc":"VÍA","hct":15,"hct_desc":"RUTA SECUNDARIA","wtc":1,"wtc_desc":"TODO EL AÑO","loc":44,"loc_desc":"EN CONTACTO CON LA SUPERFICIE DE LA TIERRA","ltn":1,"mes":0,"mes_desc":"NO EXISTE","tuc":45,"tuc_desc":"GENERAL","txt":null,"SHAPE_Leng":348.989191906,"Shape_Le_1":348.989191906},"geometry":{"type":"LineString","coordinates":[[-79.3337730420807,-2.465876600309108],[-79.33298725975551,-2.464787102431512]]}},{"type":"Feature","properties":{"fcode":"AP030","descripcio":"SISTEMA DE TRANSPORTE O COMUNICACIÓN","acc":7,"acc_desc":"PRECISA","rst":2,"rst_desc":"SUELTO/NO PAVIMENTO","typ":1,"typ_desc":"VÍA","hct":15,"hct_desc":"RUTA SECUNDARIA","wtc":1,"wtc_desc":"TODO EL AÑO","loc":44,"loc_desc":"EN CONTACTO CON LA SUPERFICIE DE LA TIERRA","ltn":1,"mes":0,"mes_desc":"NO EXISTE","tuc":45,"tuc_desc":"GENERAL","txt":null,"SHAPE_Leng":1183.25865209,"Shape_Le_1":1183.25865209},"geometry":{"type":"LineString","coordinates":[[-79.35226020890983,-2.468293800552078],[-79.34799999567376,-2.470078440145252],[-79.3468971660339,-2.470334616080744],[-79.34200519272252,-2.470330566441707]]}},{"type":"Feature","properties":{"fcode":"AP030","descripcio":"SISTEMA DE TRANSPORTE O COMUNICACIÓN","acc":7,"acc_desc":"PRECISA","rst":2,"rst_desc":"SUELTO/NO PAVIMENTO","typ":1,"typ_desc":"VÍA","hct":15,"hct_desc":"RUTA SECUNDARIA","wtc":1,"wtc_desc":"TODO EL AÑO","loc":44,"loc_desc":"EN CONTACTO CON LA SUPERFICIE DE LA TIERRA","ltn":1,"mes":0,"mes_desc":"NO EXISTE","tuc":45,"tuc_desc":"GENERAL","txt":null,"SHAPE_Leng":766.318627497,"Shape_Le_1":766.318627497},"geometry":{"type":"LineString","coordinates":[[-79.33777954022045,-2.471509661609872],[-79.33648736212261,-2.46952248312917],[-79.33566782067818,-2.468358299962179],[-79.3337730420807,-2.465876600309108]]}},{"type":"Feature","properties":{"fcode":"AP030","descripcio":"SISTEMA DE TRANSPORTE O COMUNICACIÓN","acc":7,"acc_desc":"PRECISA","rst":2,"rst_desc":"SUELTO/NO PAVIMENTO","typ":1,"typ_desc":"VÍA","hct":15,"hct_desc":"RUTA SECUNDARIA","wtc":1,"wtc_desc":"TODO EL AÑO","loc":44,"loc_desc":"EN CONTACTO CON LA SUPERFICIE DE LA TIERRA","ltn":1,"mes":0,"mes_desc":"NO EXISTE","tuc":45,"tuc_desc":"GENERAL","txt":null,"SHAPE_Leng":537.015109395,"Shape_Le_1":537.015109395},"geometry":{"type":"LineString","coordinates":[[-79.34172595375149,-2.46203059558967],[-79.34270248836769,-2.464068379145943],[-79.34376268779788,-2.466433366768792]]}},{"type":"Feature","properties":{"fcode":"AP030","descripcio":"SISTEMA DE TRANSPORTE O COMUNICACIÓN","acc":7,"acc_desc":"PRECISA","rst":2,"rst_desc":"SUELTO/NO PAVIMENTO","typ":1,"typ_desc":"VÍA","hct":15,"hct_desc":"RUTA SECUNDARIA","wtc":1,"wtc_desc":"TODO EL AÑO","loc":44,"loc_desc":"EN CONTACTO CON LA SUPERFICIE DE LA TIERRA","ltn":1,"mes":0,"mes_desc":"NO EXISTE","tuc":45,"tuc_desc":"GENERAL","txt":null,"SHAPE_Leng":5153.94152664,"Shape_Le_1":5153.94152664},"geometry":{"type":"LineString","coordinates":[[-79.34078590407331,-2.460088079843743],[-79.34172595375149,-2.46203059558967]]}}]}