{"type":"FeatureCollection","features":[{"type":"Feature","properties":{"sector":"010157999005","parroquia":"010157","anio":"2020","Num":192.0},"geometry":{"type":"Polygon","coordinates":[[[-79.408693,-2.529582],[-79.390928,-2.54149],[-79.387724,-2.543503],[-79.384877,-2.544613],[-79.385175,-2.545328],[-79.390003,-2.552848],[-79.390905,-2.554962],[-79.39175,-2.557809],[-79.393362,-2.560959],[-79.393001,-2.562619],[-79.392941,-2.565902],[-79.39311,-2.567128],[-79.395445,-2.568438],[-79.400432,-2.565907],[-79.404326,-2.56678],[-79.407362,-2.566644],[-79.409939,-2.56615],[-79.410688,-2.565471],[-79.411102,-2.564782],[-79.411325,-2.563675],[-79.412196,-2.563564],[-79.412766,-2.563895],[-79.413635,-2.563727],[-79.414166,-2.563296],[-79.415048,-2.561497],[-79.415942,-2.560883],[-79.415939,-2.560314],[-79.416486,-2.558734],[-79.417586,-2.5573],[-79.417694,-2.556284],[-79.418071,-2.555625],[-79.426305,-2.54997],[-79.424552,-2.544669],[-79.423807,-2.54301],[-79.422355,-2.540695],[-79.419781,-2.54022],[-79.418944,-2.539733],[-79.41611,-2.536781],[-79.414748,-2.534548],[-79.414318,-2.532838],[-79.412926,-2.532197],[-79.408693,-2.529582]]]}},{"type":"Feature","properties":{"sector":"010157999006","parroquia":"010157","anio":"2020","Num":124.0},"geometry":{"type":"Polygon","coordinates":[[[-79.410079,-2.567048],[-79.414384,-2.575411],[-79.416115,-2.573224],[-79.415327,-2.57228],[-79.412943,-2.570473],[-79.412552,-2.56685],[-79.413571,-2.563893],[-79.413092,-2.564074],[-79.41297,-2.565282],[-79.412212,-2.565415],[-79.411522,-2.566147],[-79.410079,-2.567048]]]}},{"type":"Feature","properties":{"sector":"010157999008","parroquia":"010157","anio":"2020","Num":135.0},"geometry":{"type":"Polygon","coordinates":[[[-79.304179,-2.572016],[-79.303757,-2.572512],[-79.304353,-2.574079],[-79.304577,-2.575243],[-79.306232,-2.577842],[-79.306192,-2.58067],[-79.307006,-2.584453],[-79.308063,-2.581985],[-79.308363,-2.583616],[-79.308353,-2.585359],[-79.30897,-2.585906],[-79.308632,-2.585352],[-79.309018,-2.58417],[-79.309365,-2.583943],[-79.309464,-2.583541],[-79.309788,-2.583398],[-79.310255,-2.583542],[-79.31067,-2.583149],[-79.310113,-2.582329],[-79.31071,-2.581481],[-79.311471,-2.582005],[-79.312057,-2.583006],[-79.31239,-2.582294],[-79.313604,-2.582243],[-79.312927,-2.5809],[-79.314569,-2.581865],[-79.314681,-2.582661],[-79.315291,-2.582905],[-79.315313,-2.583655],[-79.315155,-2.583693],[-79.314763,-2.58323],[-79.314454,-2.583472],[-79.314324,-2.584783],[-79.314482,-2.58536],[-79.314956,-2.585944],[-79.31448,-2.58655],[-79.314455,-2.588142],[-79.313828,-2.589059],[-79.31394,-2.589915],[-79.314448,-2.590924],[-79.314539,-2.590462],[-79.314818,-2.590478],[-79.315366,-2.592184],[-79.315562,-2.592351],[-79.316044,-2.592276],[-79.316481,-2.592853],[-79.31657,-2.593687],[-79.316222,-2.594558],[-79.316244,-2.594983],[-79.316311,-2.595718],[-79.316822,-2.597144],[-79.316993,-2.599116],[-79.316832,-2.60098],[-79.316386,-2.601965],[-79.31649,-2.60283],[-79.315667,-2.605527],[-79.315327,-2.605883],[-79.315001,-2.607012],[-79.314954,-2.608241],[-79.315391,-2.608901],[-79.315548,-2.609614],[-79.315865,-2.609788],[-79.316135,-2.610714],[-79.316458,-2.611063],[-79.316405,-2.611176],[-79.316059,-2.610986],[-79.315645,-2.610546],[-79.315478,-2.611501],[-79.315673,-2.612434],[-79.315173,-2.614116],[-79.315527,-2.614519],[-79.315231,-2.61564],[-79.316091,-2.614929],[-79.31671,-2.614907],[-79.317034,-2.614316],[-79.317434,-2.614135],[-79.317893,-2.615037],[-79.319407,-2.615608],[-79.319761,-2.616495],[-79.320634,-2.617133],[-79.320009,-2.617004],[-79.319172,-2.616517],[-79.319142,-2.616737],[-79.319548,-2.617231],[-79.321251,-2.618385],[-79.322863,-2.618653],[-79.323459,-2.618525],[-79.323904,-2.618851],[-79.324378,-2.618897],[-79.324809,-2.618451],[-79.326244,-2.618179],[-79.326904,-2.617633],[-79.328079,-2.61726],[-79.329179,-2.61608],[-79.329867,-2.615744],[-79.330278,-2.615774],[-79.330412,-2.615092],[-79.330202,-2.614794],[-79.330213,-2.614035],[-79.330605,-2.613719],[-79.330922,-2.612384],[-79.331467,-2.612068],[-79.332508,-2.612031],[-79.334878,-2.610929],[-79.3357,-2.60996],[-79.335558,-2.60947],[-79.335807,-2.608914],[-79.33705,-2.607484],[-79.337212,-2.608147],[-79.337612,-2.608561],[-79.337949,-2.607813],[-79.338393,-2.607621],[-79.340337,-2.605901],[-79.342264,-2.605377],[-79.343085,-2.60463],[-79.345854,-2.603035],[-79.348351,-2.602303],[-79.35009,-2.601339],[-79.352746,-2.600952],[-79.354934,-2.598925],[-79.35575,-2.598638],[-79.356563,-2.597707],[-79.359295,-2.596746],[-79.359883,-2.596257],[-79.361064,-2.596047],[-79.361378,-2.594798],[-79.361333,-2.593791],[-79.361922,-2.592769],[-79.362496,-2.592566],[-79.363204,-2.591485],[-79.364844,-2.590704],[-79.365195,-2.590065],[-79.367943,-2.588224],[-79.369326,-2.586463],[-79.369805,-2.585531],[-79.36981,-2.584664],[-79.369551,-2.582849],[-79.368823,-2.581446],[-79.369412,-2.580542],[-79.37011,-2.580104],[-79.370345,-2.5795],[-79.370162,-2.578872],[-79.36942,-2.577764],[-79.36964,-2.574686],[-79.370234,-2.572808],[-79.370777,-2.571932],[-79.371758,-2.568689],[-79.37255,-2.566987],[-79.373722,-2.565133],[-79.373874,-2.564344],[-79.373243,-2.562857],[-79.373331,-2.562428],[-79.374457,-2.561096],[-79.375019,-2.559272],[-79.374724,-2.55815],[-79.373325,-2.557284],[-79.372862,-2.556794],[-79.372623,-2.555666],[-79.372626,-2.553634],[-79.373092,-2.552233],[-79.373598,-2.551736],[-79.374073,-2.550782],[-79.374267,-2.549584],[-79.374914,-2.548621],[-79.374713,-2.5479],[-79.374795,-2.547311],[-79.375048,-2.546925],[-79.375816,-2.54655],[-79.375958,-2.544199],[-79.361928,-2.544199],[-79.361927,-2.551177],[-79.360962,-2.552792],[-79.360289,-2.553523],[-79.360338,-2.55384],[-79.359827,-2.555155],[-79.359488,-2.55542],[-79.359471,-2.555843],[-79.35863,-2.557018],[-79.358731,-2.557396],[-79.357114,-2.559177],[-79.35649,-2.559223],[-79.356021,-2.559534],[-79.35579,-2.561443],[-79.356166,-2.565506],[-79.356057,-2.567611],[-79.367369,-2.567611],[-79.365549,-2.569403],[-79.365316,-2.570549],[-79.365393,-2.571608],[-79.362157,-2.575022],[-79.358517,-2.574717],[-79.357726,-2.575049],[-79.356076,-2.576867],[-79.355004,-2.577495],[-79.353451,-2.577416],[-79.350942,-2.577909],[-79.349777,-2.577846],[-79.348856,-2.577557],[-79.347795,-2.577807],[-79.345863,-2.575995],[-79.345128,-2.575808],[-79.343043,-2.574453],[-79.342817,-2.574534],[-79.342239,-2.574297],[-79.342149,-2.573774],[-79.341874,-2.573468],[-79.341348,-2.573434],[-79.340828,-2.573118],[-79.339588,-2.571551],[-79.339281,-2.571486],[-79.338044,-2.572158],[-79.337317,-2.57221],[-79.335801,-2.572103],[-79.334635,-2.572266],[-79.334088,-2.572083],[-79.333356,-2.57235],[-79.331578,-2.571894],[-79.329383,-2.572012],[-79.327821,-2.572667],[-79.327017,-2.573703],[-79.326563,-2.5739],[-79.325592,-2.573917],[-79.324651,-2.573371],[-79.324262,-2.57344],[-79.321385,-2.575295],[-79.319186,-2.574574],[-79.31796,-2.573828],[-79.314769,-2.572528],[-79.3132,-2.571354],[-79.31213,-2.571125],[-79.310907,-2.569544],[-79.309427,-2.569104],[-79.309048,-2.569237],[-79.30863,-2.569725],[-79.308492,-2.570643],[-79.308236,-2.570961],[-79.307213,-2.571372],[-79.305421,-2.571277],[-79.304179,-2.572016]]]}},{"type":"Feature","properties":{"sector":"010157999010","parroquia":"010157","anio":"2020","Num":64.0},"geometry":{"type":"Polygon","coordinates":[[[-79.307006,-2.584453],[-79.307079,-2.585902],[-79.30652,-2.58832],[-79.306737,-2.58991],[-79.307304,-2.591079],[-79.307581,-2.592532],[-79.30859,-2.594545],[-79.308597,-2.59589],[-79.308815,-2.596597],[-79.308133,-2.597598],[-79.308047,-2.599067],[-79.308435,-2.600634],[-79.30812,-2.60335],[-79.306478,-2.606036],[-79.306696,-2.608408],[-79.305877,-2.610934],[-79.306113,-2.611827],[-79.304973,-2.613188],[-79.304396,-2.614691],[-79.304267,-2.615237],[-79.304419,-2.615734],[-79.304144,-2.616068],[-79.304103,-2.616873],[-79.304321,-2.617357],[-79.304129,-2.61861],[-79.303752,-2.619423],[-79.302775,-2.620393],[-79.302333,-2.620622],[-79.301381,-2.620654],[-79.300505,-2.620931],[-79.299311,-2.621764],[-79.29812,-2.623335],[-79.2981,-2.62422],[-79.297475,-2.624738],[-79.296334,-2.624715],[-79.29601,-2.624881],[-79.295461,-2.624666],[-79.295061,-2.624895],[-79.29458,-2.62664],[-79.295085,-2.627917],[-79.295034,-2.628786],[-79.294497,-2.629363],[-79.294184,-2.629366],[-79.293501,-2.630137],[-79.292688,-2.632155],[-79.293053,-2.633828],[-79.294182,-2.635637],[-79.29429,-2.636087],[-79.29416,-2.638856],[-79.295292,-2.64285],[-79.295246,-2.64777],[-79.29558,-2.649901],[-79.304561,-2.654975],[-79.306032,-2.653536],[-79.309394,-2.65094],[-79.310369,-2.64985],[-79.313091,-2.648027],[-79.314049,-2.648156],[-79.318323,-2.650585],[-79.319252,-2.650323],[-79.321436,-2.650239],[-79.323154,-2.649183],[-79.324151,-2.648979],[-79.325133,-2.648177],[-79.325731,-2.647933],[-79.326177,-2.64787],[-79.327462,-2.648314],[-79.327875,-2.648216],[-79.329546,-2.647171],[-79.331529,-2.645165],[-79.332761,-2.646114],[-79.334592,-2.646715],[-79.336021,-2.647471],[-79.337635,-2.64646],[-79.339329,-2.646151],[-79.3399,-2.645684],[-79.340824,-2.643977],[-79.341643,-2.64313],[-79.341719,-2.642628],[-79.342538,-2.641256],[-79.343278,-2.640616],[-79.343996,-2.638913],[-79.344338,-2.63854],[-79.344357,-2.63817],[-79.345762,-2.637157],[-79.34591,-2.635725],[-79.34521,-2.635265],[-79.344986,-2.634722],[-79.345142,-2.630053],[-79.344471,-2.62742],[-79.344604,-2.626517],[-79.345283,-2.625834],[-79.345157,-2.624608],[-79.345692,-2.624064],[-79.346476,-2.622632],[-79.34689,-2.622395],[-79.347152,-2.621792],[-79.349512,-2.620637],[-79.349992,-2.62023],[-79.350103,-2.619622],[-79.349938,-2.61868],[-79.350261,-2.617987],[-79.350199,-2.617229],[-79.351881,-2.61518],[-79.352951,-2.614698],[-79.352947,-2.614363],[-79.352382,-2.613827],[-79.35257,-2.613408],[-79.354202,-2.612252],[-79.354864,-2.61148],[-79.355066,-2.610931],[-79.355127,-2.608966],[-79.356617,-2.607826],[-79.357011,-2.606636],[-79.358834,-2.604321],[-79.358865,-2.60383],[-79.359224,-2.603448],[-79.359183,-2.603071],[-79.359792,-2.602022],[-79.3603,-2.60004],[-79.360106,-2.599618],[-79.360212,-2.599022],[-79.361105,-2.59848],[-79.360731,-2.597933],[-79.360915,-2.597647],[-79.361064,-2.596047],[-79.359883,-2.596257],[-79.359295,-2.596746],[-79.356563,-2.597707],[-79.35575,-2.598638],[-79.354934,-2.598925],[-79.352746,-2.600952],[-79.35009,-2.601339],[-79.348351,-2.602303],[-79.345854,-2.603035],[-79.343085,-2.60463],[-79.342264,-2.605377],[-79.340762,-2.605724],[-79.339853,-2.606193],[-79.338393,-2.607621],[-79.337949,-2.607813],[-79.337612,-2.608561],[-79.337212,-2.608147],[-79.33705,-2.607484],[-79.335807,-2.608914],[-79.335558,-2.60947],[-79.3357,-2.60996],[-79.335471,-2.610344],[-79.334572,-2.611121],[-79.333741,-2.611351],[-79.332403,-2.612069],[-79.331171,-2.612164],[-79.330922,-2.612384],[-79.330605,-2.613719],[-79.330213,-2.614035],[-79.330402,-2.61562],[-79.329016,-2.616185],[-79.328079,-2.61726],[-79.326904,-2.617633],[-79.326091,-2.618237],[-79.324809,-2.618451],[-79.324378,-2.618897],[-79.323904,-2.618851],[-79.323459,-2.618525],[-79.322863,-2.618653],[-79.321251,-2.618385],[-79.319548,-2.617231],[-79.319142,-2.616737],[-79.319172,-2.616517],[-79.320009,-2.617004],[-79.320634,-2.617133],[-79.319761,-2.616495],[-79.319407,-2.615608],[-79.317893,-2.615037],[-79.317434,-2.614135],[-79.317034,-2.614316],[-79.31671,-2.614907],[-79.316091,-2.614929],[-79.315231,-2.61564],[-79.315527,-2.614519],[-79.315173,-2.614116],[-79.315673,-2.612434],[-79.315478,-2.611501],[-79.315645,-2.610546],[-79.316059,-2.610986],[-79.316405,-2.611176],[-79.316458,-2.611063],[-79.316135,-2.610714],[-79.315865,-2.609788],[-79.315548,-2.609614],[-79.315391,-2.608901],[-79.314954,-2.608241],[-79.315001,-2.607012],[-79.315327,-2.605883],[-79.315667,-2.605527],[-79.31649,-2.60283],[-79.316386,-2.601965],[-79.316832,-2.60098],[-79.316993,-2.599116],[-79.316822,-2.597144],[-79.316311,-2.595718],[-79.316244,-2.594983],[-79.316222,-2.594558],[-79.31657,-2.593687],[-79.316481,-2.592853],[-79.316044,-2.592276],[-79.315562,-2.592351],[-79.315366,-2.592184],[-79.314818,-2.590478],[-79.314539,-2.590462],[-79.314448,-2.590924],[-79.31394,-2.589915],[-79.313828,-2.589059],[-79.314455,-2.588142],[-79.31448,-2.58655],[-79.314956,-2.585944],[-79.314482,-2.58536],[-79.314324,-2.584783],[-79.314454,-2.583472],[-79.314763,-2.58323],[-79.315155,-2.583693],[-79.315313,-2.583655],[-79.315291,-2.582905],[-79.314681,-2.582661],[-79.314569,-2.581865],[-79.312927,-2.5809],[-79.313604,-2.582243],[-79.31239,-2.582294],[-79.312057,-2.583006],[-79.311471,-2.582005],[-79.31071,-2.581481],[-79.310113,-2.582329],[-79.31067,-2.583149],[-79.310255,-2.583542],[-79.309788,-2.583398],[-79.309464,-2.583541],[-79.309365,-2.583943],[-79.309018,-2.58417],[-79.308632,-2.585352],[-79.30897,-2.585906],[-79.308353,-2.585359],[-79.308363,-2.583616],[-79.308063,-2.581985],[-79.307006,-2.584453]]]}},{"type":"Feature","properties":{"sector":"010157999020","parroquia":"010157","anio":"2020","Num":28.0},"geometry":{"type":"Polygon","coordinates":[[[-79.246411,-2.675069],[-79.245888,-2.676591],[-79.245767,-2.678035],[-79.245534,-2.678629],[-79.245648,-2.679479],[-79.245366,-2.680463],[-79.245333,-2.681828],[-79.24551,-2.682302],[-79.246275,-2.682852],[-79.24636,-2.683114],[-79.245477,-2.684639],[-79.245532,-2.685696],[-79.24521,-2.68665],[-79.245237,-2.688439],[-79.245078,-2.688986],[-79.245376,-2.690268],[-79.247052,-2.692616],[-79.247063,-2.693599],[-79.24639,-2.69466],[-79.244832,-2.695965],[-79.244279,-2.696921],[-79.243954,-2.696903],[-79.243519,-2.696275],[-79.243121,-2.696093],[-79.243288,-2.697125],[-79.242594,-2.699794],[-79.240916,-2.701061],[-79.240465,-2.702086],[-79.240283,-2.70367],[-79.241481,-2.704833],[-79.24151,-2.705436],[-79.241103,-2.706959],[-79.241386,-2.708136],[-79.242027,-2.70922],[-79.241566,-2.711484],[-79.24165,-2.712096],[-79.241432,-2.712429],[-79.241053,-2.714471],[-79.241268,-2.714827],[-79.242265,-2.715281],[-79.24245,-2.715653],[-79.242394,-2.71622],[-79.242969,-2.717261],[-79.243723,-2.717863],[-79.244314,-2.719009],[-79.244778,-2.719415],[-79.246205,-2.719977],[-79.247218,-2.719857],[-79.247651,-2.720179],[-79.249325,-2.720141],[-79.250773,-2.720501],[-79.251677,-2.721749],[-79.252302,-2.724226],[-79.25315,-2.724859],[-79.254663,-2.726596],[-79.255248,-2.72771],[-79.256136,-2.728253],[-79.257194,-2.729941],[-79.257454,-2.730766],[-79.259143,-2.732008],[-79.261713,-2.733208],[-79.262726,-2.733966],[-79.262983,-2.734921],[-79.263016,-2.737771],[-79.271266,-2.737114],[-79.272684,-2.736669],[-79.273237,-2.736687],[-79.273954,-2.73588],[-79.27581,-2.73661],[-79.276976,-2.736564],[-79.277252,-2.736938],[-79.278655,-2.737842],[-79.279922,-2.738178],[-79.282841,-2.738218],[-79.283049,-2.737868],[-79.283626,-2.737737],[-79.285529,-2.737638],[-79.286814,-2.737779],[-79.287456,-2.736991],[-79.288749,-2.736401],[-79.288973,-2.736383],[-79.289469,-2.737044],[-79.290129,-2.736489],[-79.290393,-2.736841],[-79.290543,-2.736792],[-79.291498,-2.73608],[-79.291477,-2.735468],[-79.292003,-2.734855],[-79.292951,-2.734712],[-79.293539,-2.734908],[-79.294112,-2.734686],[-79.294911,-2.734819],[-79.295136,-2.735279],[-79.295855,-2.734913],[-79.296439,-2.734869],[-79.296819,-2.735079],[-79.297129,-2.735013],[-79.297428,-2.735272],[-79.297956,-2.734693],[-79.298042,-2.734105],[-79.298596,-2.73396],[-79.298676,-2.733408],[-79.299153,-2.733245],[-79.300062,-2.733301],[-79.301865,-2.732294],[-79.303988,-2.731856],[-79.30462,-2.732055],[-79.305203,-2.731997],[-79.305419,-2.73221],[-79.306476,-2.732074],[-79.307462,-2.731805],[-79.307778,-2.731472],[-79.308281,-2.731437],[-79.308854,-2.730974],[-79.309212,-2.731196],[-79.309802,-2.730851],[-79.311496,-2.730893],[-79.311768,-2.731137],[-79.313007,-2.731238],[-79.31347,-2.730918],[-79.314041,-2.730882],[-79.314146,-2.730497],[-79.314497,-2.73027],[-79.315049,-2.730168],[-79.315922,-2.730335],[-79.316562,-2.730204],[-79.318487,-2.730687],[-79.319947,-2.730276],[-79.322537,-2.730442],[-79.325581,-2.731484],[-79.326475,-2.731546],[-79.327192,-2.732016],[-79.329434,-2.732324],[-79.330401,-2.733029],[-79.331739,-2.733601],[-79.333477,-2.733563],[-79.33486,-2.734513],[-79.335881,-2.733378],[-79.336315,-2.733159],[-79.337659,-2.733753],[-79.339146,-2.733161],[-79.339847,-2.733221],[-79.340253,-2.732776],[-79.341127,-2.73243],[-79.341484,-2.731478],[-79.342523,-2.730088],[-79.343662,-2.729643],[-79.344023,-2.729018],[-79.344769,-2.72864],[-79.344982,-2.728266],[-79.345432,-2.728223],[-79.346306,-2.72763],[-79.346639,-2.726773],[-79.347591,-2.72603],[-79.348309,-2.724831],[-79.34829,-2.724002],[-79.348609,-2.723293],[-79.34846,-2.722561],[-79.347849,-2.722615],[-79.347271,-2.722399],[-79.346514,-2.722598],[-79.345946,-2.722353],[-79.346203,-2.721439],[-79.346555,-2.721027],[-79.346535,-2.720288],[-79.347178,-2.719709],[-79.347476,-2.718532],[-79.347735,-2.718223],[-79.347377,-2.717449],[-79.347139,-2.717304],[-79.347383,-2.716218],[-79.34708,-2.714534],[-79.34715,-2.713992],[-79.346649,-2.713497],[-79.34692,-2.712423],[-79.346249,-2.711883],[-79.346351,-2.71073],[-79.34613,-2.709923],[-79.346493,-2.708826],[-79.346502,-2.707793],[-79.347393,-2.707251],[-79.347735,-2.70544],[-79.347221,-2.704744],[-79.347237,-2.704368],[-79.346961,-2.703992],[-79.346471,-2.703918],[-79.346379,-2.703743],[-79.346921,-2.703459],[-79.346676,-2.702765],[-79.346724,-2.702288],[-79.347,-2.701617],[-79.347533,-2.701242],[-79.347416,-2.700603],[-79.347752,-2.700206],[-79.347383,-2.699772],[-79.347879,-2.699214],[-79.347752,-2.697904],[-79.348045,-2.697438],[-79.349222,-2.696423],[-79.348902,-2.69565],[-79.349034,-2.695199],[-79.348854,-2.693902],[-79.349352,-2.693284],[-79.349382,-2.69276],[-79.349785,-2.691944],[-79.349733,-2.691289],[-79.35062,-2.690757],[-79.35119,-2.690949],[-79.352394,-2.690747],[-79.353303,-2.690298],[-79.353943,-2.689343],[-79.354447,-2.689365],[-79.354878,-2.688893],[-79.352228,-2.686976],[-79.351532,-2.686215],[-79.35129,-2.685603],[-79.351505,-2.683592],[-79.352242,-2.681931],[-79.352468,-2.680539],[-79.352242,-2.6794],[-79.352199,-2.674642],[-79.357687,-2.65669],[-79.359206,-2.65087],[-79.358767,-2.650246],[-79.357048,-2.648934],[-79.353914,-2.64752],[-79.35162,-2.645998],[-79.351211,-2.645493],[-79.34927,-2.644545],[-79.348628,-2.643926],[-79.347681,-2.642131],[-79.346167,-2.640086],[-79.346387,-2.6391],[-79.345762,-2.637157],[-79.344357,-2.63817],[-79.344338,-2.63854],[-79.343996,-2.638913],[-79.343278,-2.640616],[-79.342538,-2.641256],[-79.341719,-2.642628],[-79.341643,-2.64313],[-79.340824,-2.643977],[-79.3399,-2.645684],[-79.339382,-2.646132],[-79.337635,-2.64646],[-79.335884,-2.647458],[-79.334592,-2.646715],[-79.332761,-2.646114],[-79.331529,-2.645165],[-79.329546,-2.647171],[-79.327875,-2.648216],[-79.327462,-2.648314],[-79.326177,-2.64787],[-79.325731,-2.647933],[-79.325133,-2.648177],[-79.324151,-2.648979],[-79.323154,-2.649183],[-79.321436,-2.650239],[-79.319252,-2.650323],[-79.318323,-2.650585],[-79.314049,-2.648156],[-79.313091,-2.648027],[-79.310369,-2.64985],[-79.309394,-2.65094],[-79.306032,-2.653536],[-79.304561,-2.654975],[-79.29558,-2.649901],[-79.295246,-2.64777],[-79.295292,-2.64285],[-79.29416,-2.638856],[-79.294182,-2.635637],[-79.293053,-2.633828],[-79.292771,-2.6328],[-79.292715,-2.631857],[-79.293216,-2.631114],[-79.293203,-2.630713],[-79.292819,-2.630758],[-79.292252,-2.63181],[-79.291279,-2.632972],[-79.290523,-2.63309],[-79.290236,-2.633884],[-79.289103,-2.634141],[-79.288454,-2.635389],[-79.287831,-2.635786],[-79.286723,-2.636974],[-79.286309,-2.63831],[-79.28518,-2.639419],[-79.284388,-2.640982],[-79.283706,-2.641746],[-79.282664,-2.642164],[-79.282335,-2.644067],[-79.281429,-2.645367],[-79.281036,-2.645522],[-79.281332,-2.648565],[-79.280387,-2.649951],[-79.280221,-2.650542],[-79.279855,-2.650451],[-79.279103,-2.650661],[-79.278284,-2.65122],[-79.277905,-2.65114],[-79.276922,-2.651388],[-79.276678,-2.651751],[-79.276808,-2.652367],[-79.276588,-2.652457],[-79.276427,-2.652902],[-79.275656,-2.653143],[-79.274739,-2.653824],[-79.27437,-2.654248],[-79.274315,-2.654772],[-79.273911,-2.655548],[-79.273466,-2.655521],[-79.271733,-2.656473],[-79.270844,-2.656271],[-79.27041,-2.656586],[-79.269408,-2.656781],[-79.269006,-2.65659],[-79.268771,-2.656687],[-79.26777,-2.657579],[-79.267752,-2.657963],[-79.26692,-2.658884],[-79.266959,-2.659529],[-79.266565,-2.659825],[-79.266548,-2.660201],[-79.266143,-2.660656],[-79.265309,-2.660938],[-79.264848,-2.660649],[-79.263976,-2.660707],[-79.262531,-2.660407],[-79.261486,-2.660853],[-79.25978,-2.661171],[-79.259001,-2.661569],[-79.258406,-2.662102],[-79.258386,-2.662526],[-79.258119,-2.662877],[-79.258283,-2.663365],[-79.258099,-2.66387],[-79.258298,-2.664301],[-79.258231,-2.664633],[-79.258623,-2.665051],[-79.258661,-2.665371],[-79.257658,-2.667588],[-79.25524,-2.669888],[-79.253684,-2.670197],[-79.252844,-2.67062],[-79.251698,-2.672444],[-79.249241,-2.673357],[-79.248751,-2.674284],[-79.247493,-2.675107],[-79.246411,-2.675069]]]}},{"type":"Feature","properties":{"sector":"010157999019","parroquia":"010157","anio":"2020","Num":144.0},"geometry":{"type":"Polygon","coordinates":[[[-79.354878,-2.688893],[-79.354447,-2.689365],[-79.353943,-2.689343],[-79.353303,-2.690298],[-79.352394,-2.690747],[-79.35119,-2.690949],[-79.35062,-2.690757],[-79.349733,-2.691289],[-79.349785,-2.691944],[-79.349382,-2.69276],[-79.349352,-2.693284],[-79.348886,-2.693777],[-79.349034,-2.695199],[-79.348902,-2.69565],[-79.349222,-2.696423],[-79.348045,-2.697438],[-79.347752,-2.697904],[-79.347879,-2.699214],[-79.347383,-2.699772],[-79.347752,-2.700206],[-79.347416,-2.700603],[-79.347533,-2.701242],[-79.347,-2.701617],[-79.346724,-2.702288],[-79.346676,-2.702765],[-79.346921,-2.703459],[-79.346379,-2.703743],[-79.346471,-2.703918],[-79.346961,-2.703992],[-79.347237,-2.704368],[-79.347221,-2.704744],[-79.347735,-2.70544],[-79.347393,-2.707251],[-79.346502,-2.707793],[-79.346493,-2.708826],[-79.34613,-2.709923],[-79.346351,-2.71073],[-79.346249,-2.711883],[-79.34692,-2.712423],[-79.346649,-2.713497],[-79.34715,-2.713992],[-79.34708,-2.714534],[-79.347383,-2.716218],[-79.347139,-2.717304],[-79.347377,-2.717449],[-79.347735,-2.718223],[-79.347476,-2.718532],[-79.347178,-2.719709],[-79.346535,-2.720288],[-79.346555,-2.721027],[-79.346203,-2.721439],[-79.345946,-2.722353],[-79.346514,-2.722598],[-79.347271,-2.722399],[-79.347849,-2.722615],[-79.348449,-2.722554],[-79.348609,-2.723293],[-79.34829,-2.724002],[-79.348361,-2.724606],[-79.348083,-2.725334],[-79.34756,-2.72606],[-79.346639,-2.726773],[-79.346306,-2.72763],[-79.345432,-2.728223],[-79.344982,-2.728266],[-79.344769,-2.72864],[-79.344023,-2.729018],[-79.343662,-2.729643],[-79.34326,-2.729733],[-79.350202,-2.736881],[-79.350802,-2.737009],[-79.35139,-2.736766],[-79.352,-2.736784],[-79.353111,-2.737235],[-79.353394,-2.737048],[-79.35571,-2.736813],[-79.358435,-2.737413],[-79.361697,-2.738783],[-79.363202,-2.739175],[-79.36541,-2.738938],[-79.367807,-2.738339],[-79.368333,-2.737935],[-79.369182,-2.73792],[-79.369873,-2.737274],[-79.370875,-2.737332],[-79.371503,-2.738042],[-79.372158,-2.738237],[-79.373434,-2.738119],[-79.373949,-2.737492],[-79.375176,-2.737745],[-79.375633,-2.737068],[-79.377278,-2.736317],[-79.377796,-2.736277],[-79.37829,-2.735849],[-79.378651,-2.736022],[-79.379093,-2.735923],[-79.380008,-2.735085],[-79.380247,-2.734121],[-79.379251,-2.733002],[-79.378305,-2.732744],[-79.378767,-2.732091],[-79.377435,-2.731769],[-79.378128,-2.731329],[-79.378777,-2.730522],[-79.378473,-2.729679],[-79.379208,-2.729556],[-79.379653,-2.72915],[-79.379704,-2.728209],[-79.379526,-2.727126],[-79.378902,-2.726655],[-79.379022,-2.726191],[-79.378869,-2.725713],[-79.377268,-2.725005],[-79.377145,-2.72457],[-79.376736,-2.724251],[-79.376093,-2.72422],[-79.376054,-2.723252],[-79.375514,-2.722035],[-79.375648,-2.720962],[-79.375849,-2.720785],[-79.375797,-2.720063],[-79.376091,-2.719537],[-79.375886,-2.718932],[-79.375455,-2.718792],[-79.375848,-2.718077],[-79.375773,-2.716896],[-79.37618,-2.71626],[-79.375172,-2.716236],[-79.376009,-2.715332],[-79.376056,-2.714204],[-79.375743,-2.713617],[-79.374627,-2.713518],[-79.37383,-2.713151],[-79.373847,-2.71298],[-79.374152,-2.712948],[-79.374577,-2.712569],[-79.373572,-2.711946],[-79.373515,-2.711114],[-79.373999,-2.710987],[-79.374452,-2.711134],[-79.374611,-2.710545],[-79.373571,-2.710084],[-79.373465,-2.709923],[-79.373753,-2.709142],[-79.372729,-2.708614],[-79.372809,-2.707802],[-79.373578,-2.707128],[-79.373984,-2.705756],[-79.373179,-2.705574],[-79.372648,-2.706586],[-79.371822,-2.705967],[-79.3714,-2.706161],[-79.371223,-2.706568],[-79.37112,-2.706175],[-79.371193,-2.705739],[-79.371917,-2.704517],[-79.373954,-2.703538],[-79.37251,-2.702386],[-79.372273,-2.699938],[-79.370158,-2.695648],[-79.369796,-2.696398],[-79.369769,-2.698288],[-79.369431,-2.698748],[-79.369599,-2.699499],[-79.369478,-2.699668],[-79.3689,-2.699643],[-79.368851,-2.700128],[-79.368273,-2.700636],[-79.367525,-2.700853],[-79.364393,-2.700994],[-79.364105,-2.700678],[-79.364661,-2.698644],[-79.363988,-2.697747],[-79.363894,-2.695978],[-79.364551,-2.691473],[-79.365028,-2.690332],[-79.364344,-2.689268],[-79.364102,-2.69015],[-79.363484,-2.690858],[-79.36292,-2.690897],[-79.362752,-2.691177],[-79.362223,-2.691293],[-79.361865,-2.691625],[-79.361392,-2.693059],[-79.360174,-2.693488],[-79.359666,-2.69326],[-79.359706,-2.692896],[-79.359412,-2.692563],[-79.359672,-2.691241],[-79.359303,-2.690828],[-79.359101,-2.690873],[-79.358856,-2.690356],[-79.357981,-2.689789],[-79.35748,-2.689869],[-79.357201,-2.689394],[-79.355874,-2.689194],[-79.355454,-2.689344],[-79.354878,-2.688893]]]}},{"type":"Feature","properties":{"sector":"010157999018","parroquia":"010157","anio":"2020","Num":119.0},"geometry":{"type":"Polygon","coordinates":[[[-79.364344,-2.689268],[-79.365028,-2.690332],[-79.364551,-2.691473],[-79.363894,-2.695978],[-79.363988,-2.697747],[-79.364661,-2.698644],[-79.364105,-2.700678],[-79.364393,-2.700994],[-79.367525,-2.700853],[-79.368273,-2.700636],[-79.368851,-2.700128],[-79.3689,-2.699643],[-79.369478,-2.699668],[-79.369599,-2.699499],[-79.369431,-2.698748],[-79.369769,-2.698288],[-79.369796,-2.696398],[-79.370158,-2.695648],[-79.372273,-2.699938],[-79.37251,-2.702386],[-79.373954,-2.703538],[-79.371917,-2.704517],[-79.371193,-2.705739],[-79.37112,-2.706175],[-79.371223,-2.706568],[-79.3714,-2.706161],[-79.371822,-2.705967],[-79.372648,-2.706586],[-79.373179,-2.705574],[-79.373984,-2.705756],[-79.373578,-2.707128],[-79.372809,-2.707802],[-79.372729,-2.708614],[-79.373753,-2.709142],[-79.373465,-2.709923],[-79.373571,-2.710084],[-79.374611,-2.710545],[-79.374452,-2.711134],[-79.373999,-2.710987],[-79.373515,-2.711114],[-79.373572,-2.711946],[-79.374577,-2.712569],[-79.374152,-2.712948],[-79.373847,-2.71298],[-79.37383,-2.713151],[-79.374627,-2.713518],[-79.375743,-2.713617],[-79.376056,-2.714204],[-79.376009,-2.715332],[-79.375172,-2.716236],[-79.37618,-2.71626],[-79.375773,-2.716896],[-79.375848,-2.718077],[-79.375455,-2.718792],[-79.375886,-2.718932],[-79.376091,-2.719537],[-79.375797,-2.720063],[-79.375849,-2.720785],[-79.375648,-2.720962],[-79.375514,-2.722035],[-79.376054,-2.723252],[-79.376106,-2.72424],[-79.376736,-2.724251],[-79.377145,-2.72457],[-79.377268,-2.725005],[-79.378869,-2.725713],[-79.379022,-2.726191],[-79.378933,-2.726726],[-79.379554,-2.727219],[-79.379681,-2.729095],[-79.37931,-2.729511],[-79.378473,-2.729679],[-79.378777,-2.730522],[-79.378128,-2.731329],[-79.37743,-2.731742],[-79.378767,-2.732091],[-79.378305,-2.732744],[-79.379251,-2.733002],[-79.380212,-2.734002],[-79.380008,-2.735085],[-79.379093,-2.735923],[-79.378651,-2.736022],[-79.379147,-2.736077],[-79.379962,-2.735756],[-79.381201,-2.734491],[-79.382607,-2.734724],[-79.383259,-2.734489],[-79.383602,-2.734203],[-79.383984,-2.733353],[-79.383673,-2.731997],[-79.384081,-2.731245],[-79.384035,-2.73043],[-79.384317,-2.729316],[-79.384765,-2.728544],[-79.385048,-2.726804],[-79.384168,-2.72489],[-79.384089,-2.723697],[-79.383373,-2.722983],[-79.382771,-2.722927],[-79.382561,-2.722689],[-79.383047,-2.721277],[-79.382683,-2.720003],[-79.382881,-2.71966],[-79.382839,-2.717893],[-79.384069,-2.717217],[-79.384235,-2.716914],[-79.384136,-2.716596],[-79.383108,-2.715562],[-79.383148,-2.715127],[-79.383548,-2.714657],[-79.383188,-2.712909],[-79.38544,-2.711571],[-79.38586,-2.709279],[-79.385715,-2.708249],[-79.386251,-2.70767],[-79.386277,-2.706918],[-79.387018,-2.706017],[-79.38739,-2.705018],[-79.387139,-2.704514],[-79.387326,-2.704124],[-79.387262,-2.702377],[-79.387514,-2.701336],[-79.388085,-2.700578],[-79.388245,-2.699475],[-79.387562,-2.698284],[-79.387414,-2.696831],[-79.386696,-2.696041],[-79.386063,-2.694379],[-79.386285,-2.694076],[-79.38628,-2.693185],[-79.38707,-2.691471],[-79.387174,-2.689799],[-79.387464,-2.689197],[-79.388287,-2.689285],[-79.389386,-2.688293],[-79.390064,-2.68824],[-79.3902,-2.688057],[-79.390079,-2.68748],[-79.389825,-2.68689],[-79.38861,-2.686616],[-79.388334,-2.686063],[-79.387193,-2.685286],[-79.386467,-2.685914],[-79.384767,-2.68646],[-79.384127,-2.685585],[-79.383183,-2.685059],[-79.382688,-2.684553],[-79.382131,-2.683225],[-79.381066,-2.682627],[-79.380602,-2.682972],[-79.379475,-2.683108],[-79.378784,-2.683492],[-79.378518,-2.683352],[-79.377757,-2.683457],[-79.376995,-2.683803],[-79.375903,-2.683971],[-79.375025,-2.684777],[-79.374335,-2.684414],[-79.37354,-2.684334],[-79.371507,-2.685021],[-79.371151,-2.684896],[-79.369159,-2.685173],[-79.368379,-2.685055],[-79.367719,-2.685604],[-79.366721,-2.686048],[-79.365849,-2.687155],[-79.365546,-2.687865],[-79.36513,-2.688114],[-79.364829,-2.68908],[-79.364344,-2.689268]]]}},{"type":"Feature","properties":{"sector":"010157999017","parroquia":"010157","anio":"2020","Num":51.0},"geometry":{"type":"Polygon","coordinates":[[[-79.3874,-2.677296],[-79.387638,-2.678329],[-79.388023,-2.678818],[-79.387385,-2.680988],[-79.387612,-2.681122],[-79.387825,-2.68308],[-79.388217,-2.683746],[-79.38791,-2.684432],[-79.387156,-2.68523],[-79.387586,-2.685689],[-79.388334,-2.686063],[-79.38861,-2.686616],[-79.389825,-2.68689],[-79.3902,-2.688057],[-79.38996,-2.688281],[-79.389386,-2.688293],[-79.388287,-2.689285],[-79.387373,-2.689263],[-79.38712,-2.690003],[-79.38707,-2.691471],[-79.386189,-2.693505],[-79.386285,-2.694076],[-79.386065,-2.694431],[-79.386696,-2.696041],[-79.387414,-2.696831],[-79.387562,-2.698284],[-79.388245,-2.699475],[-79.388085,-2.700578],[-79.387391,-2.701671],[-79.387212,-2.702731],[-79.387326,-2.704124],[-79.387139,-2.704514],[-79.387273,-2.704717],[-79.387975,-2.705061],[-79.389601,-2.704922],[-79.389874,-2.705333],[-79.390583,-2.705496],[-79.390849,-2.705935],[-79.391849,-2.706198],[-79.392386,-2.706995],[-79.392046,-2.707289],[-79.392147,-2.70768],[-79.392614,-2.707973],[-79.393829,-2.708207],[-79.395824,-2.707792],[-79.396128,-2.707884],[-79.396425,-2.708475],[-79.396947,-2.708305],[-79.397904,-2.70849],[-79.399451,-2.707991],[-79.400685,-2.70894],[-79.401284,-2.709836],[-79.402682,-2.710607],[-79.403928,-2.710811],[-79.404352,-2.711356],[-79.40526,-2.711449],[-79.406044,-2.711247],[-79.407865,-2.711691],[-79.408457,-2.712242],[-79.408771,-2.712925],[-79.409355,-2.713041],[-79.410283,-2.713929],[-79.410998,-2.714322],[-79.411498,-2.714392],[-79.413617,-2.714005],[-79.414912,-2.713483],[-79.416325,-2.71394],[-79.416594,-2.714232],[-79.417615,-2.714514],[-79.418366,-2.714465],[-79.419631,-2.714866],[-79.420116,-2.712806],[-79.42048,-2.712533],[-79.422143,-2.712261],[-79.423656,-2.709391],[-79.425746,-2.707155],[-79.426114,-2.706865],[-79.429871,-2.705524],[-79.426045,-2.702703],[-79.424992,-2.70143],[-79.424168,-2.700926],[-79.42331,-2.700721],[-79.422174,-2.698355],[-79.421854,-2.698275],[-79.421238,-2.698622],[-79.420208,-2.697831],[-79.4176,-2.696641],[-79.416915,-2.695956],[-79.416135,-2.69432],[-79.414985,-2.693156],[-79.413962,-2.692609],[-79.412724,-2.692375],[-79.410933,-2.693516],[-79.410176,-2.693079],[-79.409724,-2.691827],[-79.410169,-2.691389],[-79.410157,-2.690599],[-79.409597,-2.688793],[-79.40992,-2.688439],[-79.41009,-2.687618],[-79.409634,-2.687178],[-79.40967,-2.686556],[-79.409264,-2.6856],[-79.408943,-2.685429],[-79.40888,-2.685012],[-79.408403,-2.685034],[-79.407918,-2.684151],[-79.407794,-2.681958],[-79.40756,-2.681785],[-79.407404,-2.681213],[-79.407566,-2.680299],[-79.406922,-2.679938],[-79.406936,-2.679539],[-79.406552,-2.679139],[-79.406554,-2.677825],[-79.405355,-2.677049],[-79.404855,-2.676471],[-79.402738,-2.67613],[-79.401706,-2.675481],[-79.401186,-2.675531],[-79.400012,-2.675029],[-79.399369,-2.675319],[-79.397853,-2.675046],[-79.397661,-2.675402],[-79.397082,-2.675612],[-79.397065,-2.676059],[-79.396703,-2.67636],[-79.396124,-2.67641],[-79.395765,-2.676645],[-79.393997,-2.678856],[-79.392775,-2.679071],[-79.39231,-2.67887],[-79.391214,-2.679139],[-79.389937,-2.679088],[-79.389557,-2.678829],[-79.389326,-2.678322],[-79.388375,-2.678029],[-79.3874,-2.677296]]]}},{"type":"Feature","properties":{"sector":"010157999016","parroquia":"010157","anio":"2020","Num":174.0},"geometry":{"type":"Polygon","coordinates":[[[-79.3874,-2.677296],[-79.388375,-2.678029],[-79.389326,-2.678322],[-79.389557,-2.678829],[-79.389937,-2.679088],[-79.391214,-2.679139],[-79.39231,-2.67887],[-79.392775,-2.679071],[-79.393997,-2.678856],[-79.395765,-2.676645],[-79.396124,-2.67641],[-79.396703,-2.67636],[-79.397065,-2.676059],[-79.397082,-2.675612],[-79.397661,-2.675402],[-79.397853,-2.675046],[-79.399369,-2.675319],[-79.400012,-2.675029],[-79.401186,-2.675531],[-79.401706,-2.675481],[-79.402738,-2.67613],[-79.404855,-2.676471],[-79.405355,-2.677049],[-79.406554,-2.677825],[-79.406552,-2.679139],[-79.406936,-2.679539],[-79.406922,-2.679938],[-79.407566,-2.680299],[-79.407404,-2.681213],[-79.40756,-2.681785],[-79.407794,-2.681958],[-79.407918,-2.684151],[-79.408403,-2.685034],[-79.40888,-2.685012],[-79.408943,-2.685429],[-79.409264,-2.6856],[-79.40967,-2.686556],[-79.409634,-2.687178],[-79.41009,-2.687618],[-79.40992,-2.688439],[-79.409597,-2.688793],[-79.410157,-2.690599],[-79.410169,-2.691389],[-79.409724,-2.691827],[-79.410176,-2.693079],[-79.410933,-2.693516],[-79.412724,-2.692375],[-79.414522,-2.692886],[-79.416135,-2.69432],[-79.416915,-2.695956],[-79.4176,-2.696641],[-79.420208,-2.697831],[-79.421238,-2.698622],[-79.421854,-2.698275],[-79.422174,-2.698355],[-79.42331,-2.700721],[-79.424168,-2.700926],[-79.424992,-2.70143],[-79.426045,-2.702703],[-79.429871,-2.705524],[-79.431842,-2.704134],[-79.432494,-2.703932],[-79.434464,-2.704671],[-79.435349,-2.705915],[-79.436806,-2.704635],[-79.437123,-2.702887],[-79.437086,-2.701783],[-79.437894,-2.700115],[-79.438063,-2.698638],[-79.439495,-2.697077],[-79.44058,-2.694921],[-79.441353,-2.694567],[-79.442057,-2.692761],[-79.442678,-2.69059],[-79.442735,-2.689023],[-79.443077,-2.688436],[-79.44319,-2.687735],[-79.443623,-2.687274],[-79.443827,-2.686377],[-79.443686,-2.68432],[-79.443909,-2.681883],[-79.444524,-2.680904],[-79.445539,-2.679856],[-79.446829,-2.67929],[-79.448335,-2.677747],[-79.45031,-2.676892],[-79.450799,-2.675684],[-79.450742,-2.67464],[-79.450258,-2.673995],[-79.450015,-2.672835],[-79.450035,-2.671145],[-79.44966,-2.669208],[-79.449846,-2.668368],[-79.44931,-2.66815],[-79.448801,-2.666806],[-79.447774,-2.665285],[-79.446628,-2.664868],[-79.446295,-2.6644],[-79.445902,-2.665049],[-79.444476,-2.666489],[-79.44422,-2.667693],[-79.442069,-2.669524],[-79.440923,-2.671661],[-79.439313,-2.673482],[-79.43637,-2.674886],[-79.43264,-2.675275],[-79.428439,-2.680213],[-79.423257,-2.683355],[-79.421908,-2.682498],[-79.420569,-2.679941],[-79.418902,-2.678081],[-79.418387,-2.677926],[-79.417039,-2.678308],[-79.414969,-2.677037],[-79.413209,-2.677259],[-79.412821,-2.677145],[-79.411391,-2.676447],[-79.410052,-2.675404],[-79.407886,-2.672052],[-79.407746,-2.670776],[-79.407374,-2.669998],[-79.406826,-2.669732],[-79.404694,-2.66975],[-79.403761,-2.668862],[-79.401331,-2.667279],[-79.399864,-2.663751],[-79.399305,-2.664042],[-79.398412,-2.663837],[-79.397868,-2.664067],[-79.394623,-2.664014],[-79.393805,-2.66421],[-79.393408,-2.664704],[-79.392885,-2.665993],[-79.392031,-2.666513],[-79.391709,-2.66728],[-79.391167,-2.66767],[-79.391118,-2.66888],[-79.390753,-2.669538],[-79.390118,-2.669949],[-79.390235,-2.670542],[-79.389899,-2.671473],[-79.388736,-2.672556],[-79.388838,-2.673613],[-79.38832,-2.674601],[-79.387643,-2.675066],[-79.387545,-2.675798],[-79.387158,-2.676344],[-79.387169,-2.676909],[-79.3874,-2.677296]]]}},{"type":"Feature","properties":{"sector":"010157999012","parroquia":"010157","anio":"2020","Num":139.0},"geometry":{"type":"Polygon","coordinates":[[[-79.399864,-2.663751],[-79.401331,-2.667279],[-79.403761,-2.668862],[-79.404694,-2.66975],[-79.406826,-2.669732],[-79.407374,-2.669998],[-79.407746,-2.670776],[-79.407886,-2.672052],[-79.410052,-2.675404],[-79.411391,-2.676447],[-79.412821,-2.677145],[-79.413209,-2.677259],[-79.414969,-2.677037],[-79.417039,-2.678308],[-79.418387,-2.677926],[-79.418902,-2.678081],[-79.420569,-2.679941],[-79.421908,-2.682498],[-79.423257,-2.683355],[-79.428439,-2.680213],[-79.43264,-2.675275],[-79.43637,-2.674886],[-79.439313,-2.673482],[-79.440923,-2.671661],[-79.442069,-2.669524],[-79.44422,-2.667693],[-79.444476,-2.666489],[-79.446007,-2.664913],[-79.446295,-2.6644],[-79.446609,-2.662576],[-79.446493,-2.661058],[-79.446786,-2.659934],[-79.446766,-2.658847],[-79.447711,-2.657629],[-79.448727,-2.656713],[-79.449069,-2.655686],[-79.449942,-2.654525],[-79.450039,-2.653458],[-79.450989,-2.652089],[-79.451001,-2.651534],[-79.448677,-2.649869],[-79.448027,-2.648702],[-79.446881,-2.647928],[-79.43581,-2.654149],[-79.435366,-2.652324],[-79.434442,-2.65103],[-79.434216,-2.650336],[-79.433978,-2.646688],[-79.433411,-2.645286],[-79.432698,-2.641996],[-79.431914,-2.640452],[-79.4319,-2.639773],[-79.432245,-2.638766],[-79.432126,-2.636684],[-79.431457,-2.635467],[-79.431232,-2.634406],[-79.431458,-2.632121],[-79.432226,-2.630281],[-79.431853,-2.629195],[-79.431989,-2.628415],[-79.431841,-2.626723],[-79.431356,-2.625486],[-79.430807,-2.624696],[-79.430493,-2.623427],[-79.429732,-2.623105],[-79.428896,-2.622392],[-79.428878,-2.621254],[-79.429415,-2.620433],[-79.429413,-2.619767],[-79.429185,-2.618901],[-79.428209,-2.617245],[-79.427382,-2.619034],[-79.426034,-2.620329],[-79.424844,-2.62091],[-79.423689,-2.622796],[-79.422931,-2.623441],[-79.421086,-2.624493],[-79.419686,-2.624943],[-79.419455,-2.625274],[-79.419512,-2.626309],[-79.419336,-2.626693],[-79.416247,-2.630518],[-79.415201,-2.631121],[-79.414432,-2.633126],[-79.412569,-2.634836],[-79.411968,-2.636124],[-79.411056,-2.63713],[-79.410369,-2.638667],[-79.40974,-2.639454],[-79.409154,-2.63966],[-79.408571,-2.640353],[-79.408338,-2.641618],[-79.406604,-2.642768],[-79.405543,-2.644771],[-79.405007,-2.646678],[-79.404527,-2.646786],[-79.403949,-2.64656],[-79.403461,-2.646726],[-79.402127,-2.648978],[-79.400563,-2.649807],[-79.400656,-2.650947],[-79.401403,-2.651883],[-79.402717,-2.652837],[-79.401726,-2.655201],[-79.400638,-2.655951],[-79.400405,-2.656547],[-79.400081,-2.658305],[-79.400376,-2.660297],[-79.399792,-2.662295],[-79.40006,-2.663241],[-79.400051,-2.663602],[-79.399864,-2.663751]]]}},{"type":"Feature","properties":{"sector":"010157999026","parroquia":"010157","anio":"2020","Num":166.0},"geometry":{"type":"Polygon","coordinates":[[[-79.429871,-2.705524],[-79.426114,-2.706865],[-79.423918,-2.709025],[-79.422143,-2.712261],[-79.42048,-2.712533],[-79.420075,-2.712859],[-79.419631,-2.714866],[-79.41815,-2.716195],[-79.417656,-2.718175],[-79.416577,-2.719435],[-79.41677,-2.721667],[-79.415053,-2.724449],[-79.415056,-2.726017],[-79.414693,-2.726369],[-79.413747,-2.726732],[-79.413483,-2.72705],[-79.413694,-2.728581],[-79.413264,-2.729303],[-79.413063,-2.730245],[-79.413554,-2.731855],[-79.413792,-2.732085],[-79.41361,-2.733108],[-79.413979,-2.733483],[-79.414048,-2.734285],[-79.414507,-2.734713],[-79.414451,-2.735113],[-79.415589,-2.736956],[-79.416687,-2.737506],[-79.417455,-2.738527],[-79.422342,-2.742517],[-79.422905,-2.744274],[-79.424955,-2.746419],[-79.426021,-2.748176],[-79.426791,-2.75014],[-79.426839,-2.751588],[-79.427367,-2.752598],[-79.429726,-2.755053],[-79.432665,-2.758995],[-79.435069,-2.756804],[-79.436847,-2.753326],[-79.436998,-2.752039],[-79.43779,-2.751641],[-79.439997,-2.746816],[-79.441759,-2.741914],[-79.44291,-2.740042],[-79.444268,-2.737189],[-79.444758,-2.734742],[-79.447112,-2.730255],[-79.447528,-2.728343],[-79.447559,-2.727069],[-79.443342,-2.717621],[-79.439595,-2.714007],[-79.439644,-2.71316],[-79.440329,-2.710934],[-79.441195,-2.7094],[-79.441879,-2.707499],[-79.441946,-2.706002],[-79.443679,-2.703697],[-79.444042,-2.701733],[-79.44493,-2.699377],[-79.444297,-2.697964],[-79.442908,-2.696458],[-79.443124,-2.694927],[-79.442748,-2.694004],[-79.441839,-2.693233],[-79.441353,-2.694567],[-79.44058,-2.694921],[-79.439495,-2.697077],[-79.438063,-2.698638],[-79.437894,-2.700115],[-79.437086,-2.701783],[-79.43692,-2.704324],[-79.435944,-2.705533],[-79.435349,-2.705915],[-79.434464,-2.704671],[-79.432494,-2.703932],[-79.431842,-2.704134],[-79.429871,-2.705524]]]}},{"type":"Feature","properties":{"sector":"010157999025","parroquia":"010157","anio":"2020","Num":132.0},"geometry":{"type":"Polygon","coordinates":[[[-79.38385,-2.733105],[-79.384971,-2.733328],[-79.385738,-2.733077],[-79.386437,-2.73328],[-79.386892,-2.732962],[-79.388149,-2.73327],[-79.388669,-2.733632],[-79.389987,-2.732911],[-79.390778,-2.732743],[-79.391218,-2.733379],[-79.391875,-2.733722],[-79.39245,-2.734384],[-79.392462,-2.734916],[-79.393113,-2.735816],[-79.393663,-2.735824],[-79.395044,-2.737046],[-79.396072,-2.736942],[-79.398853,-2.737609],[-79.399822,-2.73843],[-79.399632,-2.738691],[-79.399794,-2.73901],[-79.400363,-2.739163],[-79.40066,-2.739709],[-79.401136,-2.740039],[-79.40125,-2.74046],[-79.401618,-2.740593],[-79.401994,-2.741695],[-79.403256,-2.742348],[-79.404469,-2.742409],[-79.404943,-2.743039],[-79.405698,-2.743184],[-79.407088,-2.744339],[-79.407791,-2.744369],[-79.408883,-2.74492],[-79.40944,-2.7463],[-79.409579,-2.747551],[-79.410222,-2.749345],[-79.411017,-2.749747],[-79.411172,-2.750227],[-79.411117,-2.750827],[-79.410738,-2.751074],[-79.410744,-2.751715],[-79.410821,-2.751899],[-79.411194,-2.751967],[-79.411977,-2.753177],[-79.412946,-2.75359],[-79.413694,-2.753544],[-79.414491,-2.753881],[-79.416627,-2.754306],[-79.418649,-2.755108],[-79.420852,-2.75714],[-79.421286,-2.757242],[-79.422257,-2.757079],[-79.422611,-2.756745],[-79.423722,-2.756761],[-79.43007,-2.755489],[-79.427974,-2.753356],[-79.427046,-2.752082],[-79.426839,-2.751588],[-79.426791,-2.75014],[-79.426021,-2.748176],[-79.424955,-2.746419],[-79.422905,-2.744274],[-79.422342,-2.742517],[-79.417455,-2.738527],[-79.416687,-2.737506],[-79.415589,-2.736956],[-79.414695,-2.735602],[-79.414451,-2.735113],[-79.414507,-2.734713],[-79.414048,-2.734285],[-79.413979,-2.733483],[-79.41361,-2.733108],[-79.413792,-2.732085],[-79.413554,-2.731855],[-79.413063,-2.730245],[-79.413264,-2.729303],[-79.413694,-2.728581],[-79.413449,-2.727147],[-79.413747,-2.726732],[-79.414693,-2.726369],[-79.415056,-2.726017],[-79.415053,-2.724449],[-79.41677,-2.721667],[-79.416577,-2.719435],[-79.417656,-2.718175],[-79.418089,-2.716292],[-79.419537,-2.714994],[-79.419631,-2.714866],[-79.419429,-2.714715],[-79.41833,-2.714457],[-79.417421,-2.714472],[-79.414912,-2.713483],[-79.413617,-2.714005],[-79.411498,-2.714392],[-79.410998,-2.714322],[-79.410283,-2.713929],[-79.409355,-2.713041],[-79.408771,-2.712925],[-79.408457,-2.712242],[-79.407865,-2.711691],[-79.406044,-2.711247],[-79.40526,-2.711449],[-79.404352,-2.711356],[-79.403928,-2.710811],[-79.402682,-2.710607],[-79.401284,-2.709836],[-79.400685,-2.70894],[-79.399451,-2.707991],[-79.397904,-2.70849],[-79.396947,-2.708305],[-79.396425,-2.708475],[-79.396128,-2.707884],[-79.395824,-2.707792],[-79.393829,-2.708207],[-79.392614,-2.707973],[-79.392147,-2.70768],[-79.392046,-2.707289],[-79.392386,-2.706995],[-79.391849,-2.706198],[-79.390849,-2.705935],[-79.390583,-2.705496],[-79.389874,-2.705333],[-79.389601,-2.704922],[-79.388038,-2.705066],[-79.387364,-2.70477],[-79.387018,-2.706017],[-79.386277,-2.706918],[-79.386251,-2.70767],[-79.385715,-2.708249],[-79.38586,-2.709279],[-79.38544,-2.711571],[-79.383188,-2.712909],[-79.383548,-2.714657],[-79.383148,-2.715127],[-79.383108,-2.715562],[-79.384136,-2.716596],[-79.384235,-2.716914],[-79.384069,-2.717217],[-79.382839,-2.717893],[-79.382881,-2.71966],[-79.382683,-2.720003],[-79.383047,-2.721277],[-79.382561,-2.722689],[-79.382771,-2.722927],[-79.383373,-2.722983],[-79.384089,-2.723697],[-79.384168,-2.72489],[-79.385048,-2.726804],[-79.384765,-2.728544],[-79.384317,-2.729316],[-79.384035,-2.73043],[-79.384081,-2.731245],[-79.383673,-2.731997],[-79.38385,-2.733105]]]}},{"type":"Feature","properties":{"sector":"010157999024","parroquia":"010157","anio":"2020","Num":278.0},"geometry":{"type":"Polygon","coordinates":[[[-79.40277,-2.771049],[-79.402988,-2.771023],[-79.40335,-2.771407],[-79.404377,-2.771143],[-79.405795,-2.771267],[-79.40747,-2.770749],[-79.407914,-2.770822],[-79.408872,-2.770343],[-79.40979,-2.770666],[-79.410116,-2.770485],[-79.41109,-2.771034],[-79.411628,-2.771088],[-79.413029,-2.770738],[-79.414348,-2.769932],[-79.415056,-2.770017],[-79.416075,-2.769287],[-79.417202,-2.768885],[-79.41819,-2.769065],[-79.418876,-2.76942],[-79.419354,-2.770117],[-79.421103,-2.769741],[-79.422264,-2.770306],[-79.424213,-2.769429],[-79.424648,-2.76986],[-79.425358,-2.770152],[-79.425202,-2.76942],[-79.426049,-2.768735],[-79.427744,-2.76873],[-79.429016,-2.768169],[-79.428975,-2.767563],[-79.429988,-2.766598],[-79.430447,-2.765323],[-79.429962,-2.762047],[-79.430044,-2.761426],[-79.432665,-2.758995],[-79.43007,-2.755489],[-79.423722,-2.756761],[-79.422611,-2.756745],[-79.422257,-2.757079],[-79.421286,-2.757242],[-79.420852,-2.75714],[-79.418649,-2.755108],[-79.416627,-2.754306],[-79.414491,-2.753881],[-79.413694,-2.753544],[-79.412946,-2.75359],[-79.411977,-2.753177],[-79.411194,-2.751967],[-79.410821,-2.751899],[-79.410727,-2.751357],[-79.410299,-2.751435],[-79.408706,-2.752428],[-79.40707,-2.752065],[-79.406618,-2.752639],[-79.407239,-2.754289],[-79.407169,-2.754767],[-79.406854,-2.755188],[-79.404713,-2.755701],[-79.401477,-2.755781],[-79.401086,-2.755965],[-79.400861,-2.756366],[-79.401011,-2.75698],[-79.402191,-2.758422],[-79.403433,-2.759383],[-79.403902,-2.759999],[-79.404313,-2.762616],[-79.405001,-2.764229],[-79.404947,-2.765967],[-79.404764,-2.766401],[-79.402843,-2.767296],[-79.402456,-2.767769],[-79.401998,-2.769807],[-79.40277,-2.771049]]]}},{"type":"Feature","properties":{"sector":"010157999023","parroquia":"010157","anio":"2020","Num":172.0},"geometry":{"type":"Polygon","coordinates":[[[-79.392392,-2.758699],[-79.394141,-2.759452],[-79.394693,-2.759902],[-79.395843,-2.760179],[-79.397576,-2.760276],[-79.400433,-2.765361],[-79.400104,-2.76862],[-79.401097,-2.770726],[-79.400838,-2.771373],[-79.40277,-2.771049],[-79.401998,-2.769807],[-79.402456,-2.767769],[-79.402843,-2.767296],[-79.404764,-2.766401],[-79.404947,-2.765967],[-79.405001,-2.764229],[-79.404313,-2.762616],[-79.403902,-2.759999],[-79.403433,-2.759383],[-79.402191,-2.758422],[-79.401011,-2.75698],[-79.400861,-2.756366],[-79.401086,-2.755965],[-79.401477,-2.755781],[-79.404713,-2.755701],[-79.406714,-2.755279],[-79.407055,-2.754981],[-79.407244,-2.754423],[-79.406634,-2.752842],[-79.40679,-2.752242],[-79.407408,-2.752042],[-79.408706,-2.752428],[-79.410299,-2.751435],[-79.410727,-2.751357],[-79.410738,-2.751074],[-79.411117,-2.750827],[-79.411172,-2.750227],[-79.411017,-2.749747],[-79.410222,-2.749345],[-79.409162,-2.745716],[-79.40856,-2.745363],[-79.406935,-2.745514],[-79.405653,-2.746344],[-79.404893,-2.747256],[-79.404004,-2.747906],[-79.40165,-2.74825],[-79.401296,-2.748505],[-79.400139,-2.747737],[-79.39924,-2.747634],[-79.398165,-2.748318],[-79.396907,-2.748325],[-79.396326,-2.74854],[-79.394937,-2.748333],[-79.394062,-2.74783],[-79.393421,-2.747838],[-79.393323,-2.748052],[-79.394,-2.751293],[-79.392706,-2.753322],[-79.392339,-2.754394],[-79.391538,-2.755668],[-79.391399,-2.756633],[-79.391676,-2.757502],[-79.392392,-2.758699]]]}},{"type":"Feature","properties":{"sector":"010157999022","parroquia":"010157","anio":"2020","Num":110.0},"geometry":{"type":"Polygon","coordinates":[[[-79.38385,-2.733105],[-79.384681,-2.73399],[-79.384965,-2.735211],[-79.38439,-2.736142],[-79.384569,-2.736921],[-79.384076,-2.737838],[-79.384311,-2.738225],[-79.384186,-2.738881],[-79.383523,-2.739174],[-79.382884,-2.73911],[-79.38252,-2.740219],[-79.382936,-2.741334],[-79.382664,-2.742246],[-79.382715,-2.742784],[-79.383097,-2.74326],[-79.383286,-2.744452],[-79.384026,-2.745168],[-79.383788,-2.746448],[-79.383933,-2.748091],[-79.38378,-2.748555],[-79.384273,-2.749036],[-79.384501,-2.749777],[-79.383529,-2.751382],[-79.382885,-2.751927],[-79.383022,-2.75313],[-79.382109,-2.754445],[-79.381764,-2.754313],[-79.381187,-2.754526],[-79.380659,-2.755932],[-79.381362,-2.757292],[-79.381897,-2.757616],[-79.381993,-2.758442],[-79.382237,-2.758745],[-79.381936,-2.759352],[-79.382205,-2.760039],[-79.382607,-2.760138],[-79.383135,-2.760849],[-79.384188,-2.761644],[-79.384481,-2.762376],[-79.385699,-2.763434],[-79.385259,-2.764079],[-79.385717,-2.764626],[-79.38569,-2.765139],[-79.387443,-2.766275],[-79.38783,-2.766227],[-79.389405,-2.766995],[-79.389692,-2.766827],[-79.389578,-2.764458],[-79.387411,-2.760951],[-79.387192,-2.760363],[-79.387252,-2.759911],[-79.387727,-2.757778],[-79.390006,-2.756922],[-79.390816,-2.757585],[-79.390962,-2.757982],[-79.391955,-2.758619],[-79.392392,-2.758699],[-79.391676,-2.757502],[-79.391399,-2.756633],[-79.391538,-2.755668],[-79.392339,-2.754394],[-79.392706,-2.753322],[-79.394,-2.751293],[-79.393393,-2.747861],[-79.394062,-2.74783],[-79.394937,-2.748333],[-79.396326,-2.74854],[-79.396907,-2.748325],[-79.398165,-2.748318],[-79.39924,-2.747634],[-79.400139,-2.747737],[-79.401296,-2.748505],[-79.40165,-2.74825],[-79.404004,-2.747906],[-79.404893,-2.747256],[-79.405653,-2.746344],[-79.406935,-2.745514],[-79.40856,-2.745363],[-79.409162,-2.745716],[-79.408867,-2.744901],[-79.407791,-2.744369],[-79.407088,-2.744339],[-79.405698,-2.743184],[-79.404943,-2.743039],[-79.404469,-2.742409],[-79.403256,-2.742348],[-79.401994,-2.741695],[-79.401618,-2.740593],[-79.40125,-2.74046],[-79.401136,-2.740039],[-79.40066,-2.739709],[-79.400363,-2.739163],[-79.399794,-2.73901],[-79.399632,-2.738691],[-79.399822,-2.73843],[-79.398853,-2.737609],[-79.396072,-2.736942],[-79.395044,-2.737046],[-79.393663,-2.735824],[-79.393113,-2.735816],[-79.392462,-2.734916],[-79.39245,-2.734384],[-79.391875,-2.733722],[-79.391218,-2.733379],[-79.390789,-2.732747],[-79.389987,-2.732911],[-79.388669,-2.733632],[-79.388149,-2.73327],[-79.386892,-2.732962],[-79.386437,-2.73328],[-79.385738,-2.733077],[-79.384971,-2.733328],[-79.38385,-2.733105]]]}},{"type":"Feature","properties":{"sector":"010157999021","parroquia":"010157","anio":"2020","Num":69.0},"geometry":{"type":"Polygon","coordinates":[[[-79.263016,-2.737771],[-79.263357,-2.738616],[-79.262974,-2.74053],[-79.263106,-2.741545],[-79.262835,-2.744053],[-79.263755,-2.745573],[-79.265166,-2.746557],[-79.265553,-2.748409],[-79.266111,-2.74892],[-79.270322,-2.750611],[-79.272454,-2.751227],[-79.272834,-2.751457],[-79.273772,-2.752735],[-79.275472,-2.753325],[-79.276105,-2.754245],[-79.276993,-2.754527],[-79.278288,-2.754631],[-79.278643,-2.754912],[-79.278965,-2.755846],[-79.279098,-2.75782],[-79.279334,-2.758637],[-79.279398,-2.761224],[-79.28078,-2.762112],[-79.281375,-2.762296],[-79.281919,-2.762882],[-79.283007,-2.763494],[-79.28539,-2.764061],[-79.287704,-2.763646],[-79.288856,-2.763706],[-79.289778,-2.763873],[-79.29035,-2.764269],[-79.291044,-2.76366],[-79.292814,-2.763439],[-79.293592,-2.763636],[-79.293982,-2.763478],[-79.294621,-2.763549],[-79.295529,-2.763764],[-79.295818,-2.76411],[-79.296909,-2.763551],[-79.298622,-2.763714],[-79.299508,-2.762906],[-79.299474,-2.762445],[-79.29982,-2.762142],[-79.300279,-2.761204],[-79.300798,-2.761057],[-79.301515,-2.761155],[-79.302842,-2.76069],[-79.304149,-2.760759],[-79.304141,-2.760365],[-79.304453,-2.760197],[-79.305398,-2.760407],[-79.306417,-2.759632],[-79.308076,-2.758942],[-79.308855,-2.75912],[-79.310512,-2.759088],[-79.311528,-2.758559],[-79.312924,-2.758322],[-79.314762,-2.758432],[-79.315188,-2.758236],[-79.317214,-2.758267],[-79.318011,-2.758066],[-79.319725,-2.758033],[-79.321407,-2.75859],[-79.323298,-2.759545],[-79.324818,-2.760988],[-79.326814,-2.764628],[-79.327216,-2.764796],[-79.327529,-2.765274],[-79.328326,-2.765573],[-79.329345,-2.766342],[-79.330083,-2.766393],[-79.332699,-2.767804],[-79.333545,-2.76769],[-79.33384,-2.767866],[-79.335282,-2.767848],[-79.335941,-2.768263],[-79.336445,-2.768167],[-79.339126,-2.769218],[-79.339626,-2.769888],[-79.340053,-2.769763],[-79.340529,-2.770202],[-79.341236,-2.770328],[-79.341857,-2.771141],[-79.342504,-2.771331],[-79.344014,-2.77233],[-79.346028,-2.772442],[-79.347682,-2.773186],[-79.349101,-2.773282],[-79.350444,-2.773734],[-79.350598,-2.773983],[-79.351139,-2.773965],[-79.351789,-2.774388],[-79.352077,-2.774156],[-79.35237,-2.774212],[-79.352903,-2.774731],[-79.354965,-2.774835],[-79.355344,-2.775128],[-79.356759,-2.775148],[-79.357109,-2.774827],[-79.357779,-2.774847],[-79.358178,-2.775408],[-79.358913,-2.775653],[-79.359126,-2.776052],[-79.359606,-2.776093],[-79.360482,-2.776684],[-79.361334,-2.776676],[-79.361605,-2.776204],[-79.363032,-2.775789],[-79.363692,-2.77534],[-79.364188,-2.775195],[-79.364453,-2.775418],[-79.365146,-2.775093],[-79.366217,-2.775028],[-79.367251,-2.774492],[-79.368903,-2.774392],[-79.371762,-2.774691],[-79.372405,-2.775222],[-79.373022,-2.775392],[-79.373421,-2.775208],[-79.37357,-2.774617],[-79.375172,-2.773997],[-79.375671,-2.773179],[-79.375986,-2.773277],[-79.376275,-2.773071],[-79.376504,-2.772483],[-79.376341,-2.77215],[-79.376303,-2.770566],[-79.376573,-2.769116],[-79.376324,-2.76854],[-79.376228,-2.766031],[-79.375969,-2.765722],[-79.375751,-2.763969],[-79.376334,-2.763502],[-79.378627,-2.763312],[-79.379338,-2.762621],[-79.379586,-2.761891],[-79.380025,-2.761587],[-79.380379,-2.760955],[-79.381249,-2.760413],[-79.382098,-2.759093],[-79.382237,-2.758745],[-79.381993,-2.758442],[-79.381897,-2.757616],[-79.381362,-2.757292],[-79.380664,-2.755787],[-79.381187,-2.754526],[-79.381764,-2.754313],[-79.382109,-2.754445],[-79.38253,-2.753907],[-79.383072,-2.752986],[-79.382919,-2.751854],[-79.383529,-2.751382],[-79.384501,-2.749777],[-79.384273,-2.749036],[-79.38378,-2.748555],[-79.383933,-2.748091],[-79.383788,-2.746448],[-79.384026,-2.745168],[-79.383286,-2.744452],[-79.383097,-2.74326],[-79.382715,-2.742784],[-79.382664,-2.742246],[-79.382936,-2.741334],[-79.38252,-2.740219],[-79.382884,-2.73911],[-79.38389,-2.739076],[-79.384282,-2.738678],[-79.384305,-2.738196],[-79.384076,-2.737838],[-79.384561,-2.736979],[-79.38439,-2.736142],[-79.384966,-2.73519],[-79.384681,-2.73399],[-79.383984,-2.733353],[-79.383602,-2.734203],[-79.383259,-2.734489],[-79.382607,-2.734724],[-79.381201,-2.734491],[-79.379878,-2.735802],[-79.379069,-2.736085],[-79.37829,-2.735849],[-79.377796,-2.736277],[-79.377278,-2.736317],[-79.375633,-2.737068],[-79.375104,-2.73777],[-79.373949,-2.737492],[-79.373434,-2.738119],[-79.372158,-2.738237],[-79.371503,-2.738042],[-79.370875,-2.737332],[-79.369873,-2.737274],[-79.369182,-2.73792],[-79.368333,-2.737935],[-79.367807,-2.738339],[-79.36541,-2.738938],[-79.363202,-2.739175],[-79.361697,-2.738783],[-79.358435,-2.737413],[-79.35571,-2.736813],[-79.353394,-2.737048],[-79.353111,-2.737235],[-79.352,-2.736784],[-79.35139,-2.736766],[-79.350802,-2.737009],[-79.350202,-2.736881],[-79.34326,-2.729733],[-79.342523,-2.730088],[-79.341871,-2.730873],[-79.341127,-2.73243],[-79.340253,-2.732776],[-79.339847,-2.733221],[-79.339146,-2.733161],[-79.338565,-2.733517],[-79.337618,-2.733758],[-79.336315,-2.733159],[-79.335881,-2.733378],[-79.335265,-2.734211],[-79.334789,-2.734523],[-79.334002,-2.733784],[-79.333477,-2.733563],[-79.331739,-2.733601],[-79.330401,-2.733029],[-79.329434,-2.732324],[-79.327192,-2.732016],[-79.326475,-2.731546],[-79.325581,-2.731484],[-79.322537,-2.730442],[-79.319947,-2.730276],[-79.318487,-2.730687],[-79.316562,-2.730204],[-79.315922,-2.730335],[-79.315049,-2.730168],[-79.314497,-2.73027],[-79.314146,-2.730497],[-79.314041,-2.730882],[-79.31347,-2.730918],[-79.313007,-2.731238],[-79.311768,-2.731137],[-79.311496,-2.730893],[-79.309802,-2.730851],[-79.309212,-2.731196],[-79.308854,-2.730974],[-79.308281,-2.731437],[-79.307778,-2.731472],[-79.307462,-2.731805],[-79.306476,-2.732074],[-79.305419,-2.73221],[-79.305203,-2.731997],[-79.30462,-2.732055],[-79.303988,-2.731856],[-79.301865,-2.732294],[-79.300062,-2.733301],[-79.299153,-2.733245],[-79.298676,-2.733408],[-79.298596,-2.73396],[-79.298042,-2.734105],[-79.297956,-2.734693],[-79.297428,-2.735272],[-79.297129,-2.735013],[-79.296819,-2.735079],[-79.296439,-2.734869],[-79.295855,-2.734913],[-79.295136,-2.735279],[-79.294911,-2.734819],[-79.294112,-2.734686],[-79.293539,-2.734908],[-79.292951,-2.734712],[-79.292003,-2.734855],[-79.291477,-2.735468],[-79.291498,-2.73608],[-79.290543,-2.736792],[-79.290393,-2.736841],[-79.290129,-2.736489],[-79.289469,-2.737044],[-79.288973,-2.736383],[-79.288749,-2.736401],[-79.287456,-2.736991],[-79.286814,-2.737779],[-79.285529,-2.737638],[-79.283626,-2.737737],[-79.283049,-2.737868],[-79.282841,-2.738218],[-79.279922,-2.738178],[-79.278655,-2.737842],[-79.277252,-2.736938],[-79.276976,-2.736564],[-79.27581,-2.73661],[-79.273954,-2.73588],[-79.273237,-2.736687],[-79.272684,-2.736669],[-79.271266,-2.737114],[-79.263016,-2.737771]]]}},{"type":"Feature","properties":{"sector":"010165999001","parroquia":"010157","anio":"2020","Num":43.0},"geometry":{"type":"Polygon","coordinates":[[[-79.242315,-2.777146],[-79.243943,-2.776082],[-79.245059,-2.776129],[-79.246055,-2.77593],[-79.24641,-2.776113],[-79.246833,-2.777227],[-79.247438,-2.777293],[-79.247688,-2.776807],[-79.247357,-2.775487],[-79.247952,-2.77433],[-79.248447,-2.774095],[-79.250144,-2.774469],[-79.250588,-2.774313],[-79.250599,-2.773983],[-79.249872,-2.772949],[-79.24972,-2.772349],[-79.250054,-2.771661],[-79.251013,-2.771229],[-79.253046,-2.771844],[-79.255447,-2.773816],[-79.25702,-2.775615],[-79.257911,-2.77635],[-79.259829,-2.776655],[-79.260942,-2.77544],[-79.262562,-2.77482],[-79.262565,-2.774232],[-79.263137,-2.773709],[-79.263673,-2.773735],[-79.263959,-2.77417],[-79.264389,-2.774145],[-79.264681,-2.772787],[-79.26552,-2.772139],[-79.26584,-2.771015],[-79.266648,-2.770551],[-79.267535,-2.770406],[-79.268394,-2.769998],[-79.269078,-2.769384],[-79.269437,-2.769583],[-79.269672,-2.769436],[-79.270432,-2.769521],[-79.271267,-2.769041],[-79.271945,-2.769151],[-79.272327,-2.768588],[-79.27279,-2.768444],[-79.27302,-2.768082],[-79.273696,-2.768113],[-79.274343,-2.768689],[-79.274657,-2.768605],[-79.274787,-2.768756],[-79.276401,-2.768414],[-79.276938,-2.769114],[-79.277584,-2.769206],[-79.280605,-2.768205],[-79.281151,-2.765962],[-79.280968,-2.76494],[-79.280157,-2.763982],[-79.279538,-2.762864],[-79.279334,-2.758637],[-79.279098,-2.75782],[-79.278965,-2.755846],[-79.278643,-2.754912],[-79.278288,-2.754631],[-79.276993,-2.754527],[-79.276105,-2.754245],[-79.275472,-2.753325],[-79.273772,-2.752735],[-79.272834,-2.751457],[-79.272454,-2.751227],[-79.270322,-2.750611],[-79.266111,-2.74892],[-79.265477,-2.74823],[-79.265166,-2.746557],[-79.263755,-2.745573],[-79.263005,-2.744462],[-79.262817,-2.743555],[-79.263106,-2.741545],[-79.262974,-2.74053],[-79.263357,-2.738616],[-79.263016,-2.737771],[-79.262983,-2.734921],[-79.262726,-2.733966],[-79.261713,-2.733208],[-79.259143,-2.732008],[-79.257454,-2.730766],[-79.257194,-2.729941],[-79.256136,-2.728253],[-79.255248,-2.72771],[-79.254663,-2.726596],[-79.25315,-2.724859],[-79.252302,-2.724226],[-79.251677,-2.721749],[-79.250773,-2.720501],[-79.249325,-2.720141],[-79.247651,-2.720179],[-79.247218,-2.719857],[-79.246205,-2.719977],[-79.244778,-2.719415],[-79.244314,-2.719009],[-79.243723,-2.717863],[-79.242969,-2.717261],[-79.242394,-2.71622],[-79.24245,-2.715653],[-79.242265,-2.715281],[-79.241104,-2.714646],[-79.241056,-2.714149],[-79.24165,-2.712096],[-79.241566,-2.711484],[-79.242027,-2.70922],[-79.241386,-2.708136],[-79.241103,-2.706959],[-79.24151,-2.705436],[-79.241481,-2.704833],[-79.240283,-2.70367],[-79.240465,-2.702086],[-79.240916,-2.701061],[-79.242594,-2.699794],[-79.243288,-2.697125],[-79.243121,-2.696093],[-79.243519,-2.696275],[-79.243954,-2.696903],[-79.244336,-2.696883],[-79.244832,-2.695965],[-79.24682,-2.694173],[-79.247106,-2.693268],[-79.247052,-2.692616],[-79.245376,-2.690268],[-79.245099,-2.689234],[-79.245167,-2.686973],[-79.245532,-2.685696],[-79.245477,-2.684639],[-79.24636,-2.683114],[-79.246275,-2.682852],[-79.24551,-2.682302],[-79.245333,-2.681828],[-79.245366,-2.680463],[-79.245648,-2.679479],[-79.245534,-2.678629],[-79.245767,-2.678035],[-79.245888,-2.676591],[-79.246411,-2.675069],[-79.245828,-2.675212],[-79.245105,-2.674913],[-79.243443,-2.675878],[-79.242902,-2.6759],[-79.242668,-2.676092],[-79.242373,-2.676984],[-79.241673,-2.676996],[-79.241459,-2.677612],[-79.240917,-2.677518],[-79.240535,-2.677835],[-79.240445,-2.67818],[-79.240018,-2.678402],[-79.239933,-2.6791],[-79.239656,-2.679312],[-79.239891,-2.680349],[-79.239753,-2.680719],[-79.239128,-2.681252],[-79.239352,-2.681744],[-79.238999,-2.682757],[-79.239322,-2.683813],[-79.23886,-2.684567],[-79.23877,-2.685579],[-79.238254,-2.685961],[-79.237503,-2.687114],[-79.236449,-2.688],[-79.235936,-2.688754],[-79.235575,-2.689781],[-79.235256,-2.689954],[-79.23432,-2.69117],[-79.23436,-2.691473],[-79.233902,-2.692205],[-79.232873,-2.692609],[-79.232636,-2.693396],[-79.232307,-2.693588],[-79.231558,-2.693652],[-79.231317,-2.693506],[-79.230963,-2.692656],[-79.230364,-2.692374],[-79.229835,-2.692442],[-79.228182,-2.691547],[-79.226641,-2.691397],[-79.226093,-2.691706],[-79.225178,-2.690829],[-79.224539,-2.690632],[-79.224,-2.690215],[-79.223377,-2.690306],[-79.223021,-2.690093],[-79.222414,-2.690105],[-79.220265,-2.690684],[-79.219245,-2.690407],[-79.218536,-2.689939],[-79.218106,-2.689342],[-79.217822,-2.689486],[-79.217224,-2.689378],[-79.217235,-2.688252],[-79.216893,-2.686095],[-79.216541,-2.685886],[-79.206331,-2.692665],[-79.201971,-2.705638],[-79.20624,-2.706018],[-79.207258,-2.706394],[-79.207363,-2.706098],[-79.207753,-2.70591],[-79.208198,-2.70635],[-79.208468,-2.706244],[-79.208484,-2.706054],[-79.209356,-2.705924],[-79.210443,-2.706895],[-79.211249,-2.707059],[-79.211858,-2.707657],[-79.212818,-2.70805],[-79.213706,-2.70869],[-79.214119,-2.709165],[-79.215049,-2.709685],[-79.216281,-2.710014],[-79.216625,-2.710304],[-79.216772,-2.710208],[-79.217178,-2.710578],[-79.21744,-2.710487],[-79.217754,-2.710773],[-79.218154,-2.710709],[-79.219094,-2.711196],[-79.221145,-2.710933],[-79.221496,-2.710583],[-79.222287,-2.711012],[-79.222989,-2.711752],[-79.223489,-2.711546],[-79.223567,-2.711251],[-79.223912,-2.711693],[-79.223652,-2.712629],[-79.22421,-2.713299],[-79.224066,-2.713967],[-79.223872,-2.714096],[-79.224055,-2.715424],[-79.223774,-2.715637],[-79.223815,-2.716039],[-79.224434,-2.716619],[-79.224425,-2.717142],[-79.224964,-2.717842],[-79.224963,-2.718349],[-79.226217,-2.718826],[-79.226412,-2.719482],[-79.227545,-2.72022],[-79.227592,-2.720527],[-79.227849,-2.720525],[-79.228747,-2.722175],[-79.228736,-2.722525],[-79.229085,-2.722697],[-79.228905,-2.722807],[-79.229123,-2.722911],[-79.229148,-2.723218],[-79.229254,-2.72329],[-79.229307,-2.723086],[-79.229394,-2.723357],[-79.230078,-2.723613],[-79.229949,-2.723812],[-79.23038,-2.724442],[-79.230515,-2.724371],[-79.230637,-2.724585],[-79.230931,-2.724596],[-79.230878,-2.724766],[-79.231655,-2.725085],[-79.231959,-2.725668],[-79.232586,-2.72615],[-79.233042,-2.726978],[-79.233801,-2.727526],[-79.23415,-2.728244],[-79.233832,-2.728708],[-79.233586,-2.729993],[-79.234336,-2.731667],[-79.234291,-2.731916],[-79.234085,-2.731945],[-79.234657,-2.733102],[-79.235053,-2.735183],[-79.235338,-2.735586],[-79.235683,-2.735487],[-79.235244,-2.736546],[-79.235295,-2.737098],[-79.234931,-2.73792],[-79.234686,-2.739497],[-79.234876,-2.74053],[-79.234711,-2.740771],[-79.234547,-2.742366],[-79.234772,-2.744374],[-79.234421,-2.744902],[-79.234314,-2.745655],[-79.234745,-2.746282],[-79.235096,-2.748069],[-79.234682,-2.748784],[-79.234627,-2.749803],[-79.235224,-2.750558],[-79.236296,-2.752738],[-79.236894,-2.753043],[-79.236519,-2.753383],[-79.237312,-2.753487],[-79.239562,-2.754683],[-79.240099,-2.755467],[-79.241024,-2.755747],[-79.242093,-2.755806],[-79.242898,-2.75615],[-79.24342,-2.756873],[-79.243326,-2.75741],[-79.243756,-2.758355],[-79.243702,-2.75876],[-79.244284,-2.759216],[-79.244401,-2.759701],[-79.244695,-2.759902],[-79.246292,-2.760051],[-79.246119,-2.762951],[-79.24642,-2.764125],[-79.246083,-2.765098],[-79.246107,-2.766353],[-79.245902,-2.767272],[-79.244552,-2.768124],[-79.243811,-2.769576],[-79.242878,-2.770469],[-79.242901,-2.771876],[-79.243223,-2.773789],[-79.242804,-2.77438],[-79.242315,-2.777146]]]}},{"type":"Feature","properties":{"sector":"010165999002","parroquia":"010157","anio":"2020","Num":23.0},"geometry":{"type":"Polygon","coordinates":[[[-79.242315,-2.777146],[-79.242373,-2.777313],[-79.241534,-2.778442],[-79.240209,-2.77884],[-79.238452,-2.780648],[-79.237932,-2.781446],[-79.236993,-2.78222],[-79.236241,-2.782405],[-79.235884,-2.782759],[-79.235467,-2.78472],[-79.235267,-2.784964],[-79.23516,-2.786103],[-79.234807,-2.7866],[-79.234721,-2.787341],[-79.233534,-2.788402],[-79.233789,-2.789847],[-79.233659,-2.790967],[-79.232576,-2.792444],[-79.232408,-2.793917],[-79.232746,-2.794253],[-79.235119,-2.794965],[-79.236208,-2.795478],[-79.236212,-2.796657],[-79.235443,-2.797884],[-79.232508,-2.799937],[-79.232922,-2.800239],[-79.233008,-2.800744],[-79.232695,-2.802435],[-79.231576,-2.803871],[-79.231159,-2.80461],[-79.231139,-2.805452],[-79.23047,-2.806026],[-79.229622,-2.807584],[-79.229707,-2.807881],[-79.230192,-2.808092],[-79.230256,-2.808415],[-79.229991,-2.808939],[-79.230062,-2.809851],[-79.230682,-2.811046],[-79.232278,-2.812059],[-79.234241,-2.814489],[-79.234982,-2.814945],[-79.235643,-2.815096],[-79.236788,-2.815907],[-79.23753,-2.81586],[-79.238007,-2.81628],[-79.238826,-2.816313],[-79.239479,-2.817054],[-79.24059,-2.817568],[-79.241765,-2.817434],[-79.242547,-2.818308],[-79.24181,-2.821601],[-79.242107,-2.822621],[-79.241669,-2.824132],[-79.24179,-2.824642],[-79.2414,-2.826038],[-79.240916,-2.826642],[-79.241643,-2.827069],[-79.241991,-2.828416],[-79.242906,-2.829483],[-79.243445,-2.829676],[-79.243678,-2.830879],[-79.24901,-2.83621],[-79.249313,-2.836915],[-79.249278,-2.837622],[-79.249742,-2.836849],[-79.251217,-2.835664],[-79.252433,-2.83498],[-79.254452,-2.83447],[-79.2555,-2.833276],[-79.259496,-2.83211],[-79.261372,-2.831147],[-79.261928,-2.83059],[-79.262197,-2.829414],[-79.262143,-2.827228],[-79.26395,-2.825447],[-79.264565,-2.825252],[-79.265286,-2.824638],[-79.266239,-2.824549],[-79.268136,-2.825155],[-79.269417,-2.825979],[-79.269807,-2.825957],[-79.26998,-2.825618],[-79.269914,-2.824728],[-79.271491,-2.823252],[-79.27354,-2.822697],[-79.274433,-2.822254],[-79.275304,-2.820382],[-79.275125,-2.818728],[-79.275233,-2.817439],[-79.275972,-2.816839],[-79.276081,-2.816256],[-79.276576,-2.815952],[-79.276667,-2.815435],[-79.280064,-2.811668],[-79.279728,-2.810631],[-79.279862,-2.810348],[-79.279686,-2.809728],[-79.279905,-2.80901],[-79.280865,-2.808202],[-79.281356,-2.806971],[-79.281195,-2.806592],[-79.281523,-2.805299],[-79.281256,-2.804775],[-79.281439,-2.803988],[-79.281369,-2.803175],[-79.282307,-2.800646],[-79.282273,-2.799149],[-79.28256,-2.79845],[-79.282927,-2.798662],[-79.282975,-2.798899],[-79.283448,-2.798656],[-79.2841,-2.799194],[-79.285034,-2.79943],[-79.285305,-2.799759],[-79.285234,-2.799983],[-79.285964,-2.800471],[-79.287607,-2.80063],[-79.288329,-2.801072],[-79.289709,-2.801437],[-79.290285,-2.801424],[-79.290849,-2.801676],[-79.293414,-2.801134],[-79.294149,-2.80115],[-79.294573,-2.801402],[-79.294952,-2.801223],[-79.295485,-2.801327],[-79.296217,-2.801179],[-79.296681,-2.801454],[-79.297094,-2.801321],[-79.297819,-2.801626],[-79.299038,-2.801633],[-79.300237,-2.802151],[-79.300608,-2.802511],[-79.301738,-2.802721],[-79.302173,-2.803065],[-79.303771,-2.803087],[-79.303057,-2.801887],[-79.301782,-2.800874],[-79.301884,-2.799962],[-79.301596,-2.799845],[-79.301222,-2.799211],[-79.30113,-2.798515],[-79.301479,-2.797985],[-79.302271,-2.79737],[-79.302343,-2.796645],[-79.301293,-2.795809],[-79.299291,-2.795479],[-79.298854,-2.79451],[-79.298672,-2.793253],[-79.297539,-2.791193],[-79.297117,-2.790506],[-79.296563,-2.790135],[-79.295591,-2.78885],[-79.29513,-2.788535],[-79.293528,-2.785317],[-79.291982,-2.783362],[-79.292159,-2.782738],[-79.291841,-2.782438],[-79.292004,-2.781555],[-79.29183,-2.780943],[-79.29168,-2.780767],[-79.289661,-2.781019],[-79.288119,-2.78078],[-79.287747,-2.780552],[-79.286524,-2.7787],[-79.28623,-2.777788],[-79.284809,-2.77653],[-79.284207,-2.774939],[-79.283509,-2.77405],[-79.283834,-2.773477],[-79.283738,-2.773113],[-79.283353,-2.772955],[-79.282545,-2.773143],[-79.280883,-2.773128],[-79.28029,-2.772689],[-79.28001,-2.771908],[-79.280045,-2.770692],[-79.280187,-2.769652],[-79.280603,-2.768949],[-79.280605,-2.768205],[-79.277381,-2.769219],[-79.276816,-2.769028],[-79.276401,-2.768414],[-79.275312,-2.768751],[-79.274657,-2.768605],[-79.274424,-2.76872],[-79.273467,-2.768036],[-79.272912,-2.768134],[-79.27279,-2.768444],[-79.272327,-2.768588],[-79.271945,-2.769151],[-79.271267,-2.769041],[-79.270432,-2.769521],[-79.269672,-2.769436],[-79.269437,-2.769583],[-79.269066,-2.769388],[-79.268394,-2.769998],[-79.267535,-2.770406],[-79.266681,-2.770535],[-79.26584,-2.771015],[-79.26552,-2.772139],[-79.264626,-2.772897],[-79.264389,-2.774145],[-79.263959,-2.77417],[-79.263673,-2.773735],[-79.263137,-2.773709],[-79.262565,-2.774232],[-79.262562,-2.77482],[-79.261013,-2.775392],[-79.259737,-2.776672],[-79.257911,-2.77635],[-79.25702,-2.775615],[-79.255447,-2.773816],[-79.252937,-2.771765],[-79.250833,-2.771256],[-79.250054,-2.771661],[-79.24972,-2.772349],[-79.249872,-2.772949],[-79.250599,-2.773983],[-79.250588,-2.774313],[-79.250144,-2.774469],[-79.248447,-2.774095],[-79.247952,-2.77433],[-79.247357,-2.775487],[-79.247688,-2.776807],[-79.247438,-2.777293],[-79.246833,-2.777227],[-79.24641,-2.776113],[-79.246055,-2.77593],[-79.245059,-2.776129],[-79.243943,-2.776082],[-79.242315,-2.777146]]]}},{"type":"Feature","properties":{"sector":"010157999038","parroquia":"010157","anio":"2020","Num":83.0},"geometry":{"type":"Polygon","coordinates":[[[-79.279398,-2.761224],[-79.27959,-2.763024],[-79.280968,-2.76494],[-79.281151,-2.765788],[-79.280605,-2.768205],[-79.280603,-2.768949],[-79.28016,-2.769759],[-79.28,-2.771755],[-79.280197,-2.772539],[-79.280883,-2.773128],[-79.282545,-2.773143],[-79.283353,-2.772955],[-79.283738,-2.773113],[-79.283834,-2.773477],[-79.283509,-2.77405],[-79.284207,-2.774939],[-79.284809,-2.77653],[-79.28623,-2.777788],[-79.286524,-2.7787],[-79.287747,-2.780552],[-79.288119,-2.78078],[-79.289661,-2.781019],[-79.29168,-2.780767],[-79.29183,-2.780943],[-79.292004,-2.781555],[-79.291841,-2.782438],[-79.292159,-2.782738],[-79.291982,-2.783362],[-79.293528,-2.785317],[-79.29513,-2.788535],[-79.295591,-2.78885],[-79.296563,-2.790135],[-79.297117,-2.790506],[-79.297539,-2.791193],[-79.298672,-2.793253],[-79.298854,-2.79451],[-79.299291,-2.795479],[-79.301293,-2.795809],[-79.302343,-2.796645],[-79.302271,-2.79737],[-79.301479,-2.797985],[-79.30113,-2.798515],[-79.301222,-2.799211],[-79.301596,-2.799845],[-79.301884,-2.799962],[-79.301782,-2.800874],[-79.303057,-2.801887],[-79.303771,-2.803087],[-79.302173,-2.803065],[-79.301738,-2.802721],[-79.300608,-2.802511],[-79.300237,-2.802151],[-79.299038,-2.801633],[-79.297819,-2.801626],[-79.297094,-2.801321],[-79.296681,-2.801454],[-79.296217,-2.801179],[-79.295485,-2.801327],[-79.294952,-2.801223],[-79.294573,-2.801402],[-79.294149,-2.80115],[-79.293414,-2.801134],[-79.290849,-2.801676],[-79.290285,-2.801424],[-79.289709,-2.801437],[-79.288329,-2.801072],[-79.287607,-2.80063],[-79.285964,-2.800471],[-79.285234,-2.799983],[-79.285305,-2.799759],[-79.285034,-2.79943],[-79.2841,-2.799194],[-79.283448,-2.798656],[-79.282975,-2.798899],[-79.282927,-2.798662],[-79.28256,-2.79845],[-79.282273,-2.799149],[-79.282307,-2.800646],[-79.281369,-2.803175],[-79.281439,-2.803988],[-79.281256,-2.804775],[-79.281523,-2.805299],[-79.281195,-2.806592],[-79.281356,-2.806971],[-79.280865,-2.808202],[-79.279905,-2.80901],[-79.279686,-2.809728],[-79.279862,-2.810348],[-79.279728,-2.810631],[-79.280064,-2.811668],[-79.276667,-2.815435],[-79.276576,-2.815952],[-79.276081,-2.816256],[-79.275972,-2.816839],[-79.275233,-2.817439],[-79.275125,-2.818728],[-79.275304,-2.820382],[-79.274433,-2.822254],[-79.27354,-2.822697],[-79.271491,-2.823252],[-79.269914,-2.824728],[-79.26998,-2.825618],[-79.269807,-2.825957],[-79.269417,-2.825979],[-79.268136,-2.825155],[-79.266239,-2.824549],[-79.265286,-2.824638],[-79.264565,-2.825252],[-79.26395,-2.825447],[-79.262143,-2.827228],[-79.262197,-2.829414],[-79.261928,-2.83059],[-79.261372,-2.831147],[-79.259496,-2.83211],[-79.2555,-2.833276],[-79.254452,-2.83447],[-79.252433,-2.83498],[-79.251217,-2.835664],[-79.249742,-2.836849],[-79.249278,-2.837622],[-79.250044,-2.838648],[-79.250344,-2.838681],[-79.250621,-2.838265],[-79.251062,-2.838242],[-79.252626,-2.838884],[-79.252931,-2.84045],[-79.253151,-2.840682],[-79.25416,-2.841002],[-79.254097,-2.84184],[-79.254299,-2.841989],[-79.255774,-2.842384],[-79.25926,-2.843801],[-79.25976,-2.843859],[-79.260368,-2.843488],[-79.260608,-2.843576],[-79.260867,-2.843921],[-79.260756,-2.844549],[-79.261324,-2.8462],[-79.261511,-2.847628],[-79.261922,-2.848338],[-79.262472,-2.848461],[-79.263001,-2.848333],[-79.263699,-2.847412],[-79.265633,-2.846148],[-79.266234,-2.845474],[-79.266612,-2.844549],[-79.266436,-2.84416],[-79.265793,-2.843841],[-79.265717,-2.843461],[-79.266578,-2.843061],[-79.275862,-2.852815],[-79.277017,-2.852509],[-79.278551,-2.852696],[-79.279352,-2.851971],[-79.280509,-2.851599],[-79.281441,-2.850632],[-79.281814,-2.849689],[-79.281788,-2.848825],[-79.282626,-2.848055],[-79.282935,-2.84735],[-79.283683,-2.846638],[-79.284641,-2.847836],[-79.28471,-2.848389],[-79.286015,-2.850554],[-79.287421,-2.852335],[-79.287761,-2.853768],[-79.289205,-2.854712],[-79.289365,-2.854291],[-79.29047,-2.853624],[-79.291658,-2.853625],[-79.292578,-2.853854],[-79.29394,-2.853539],[-79.294638,-2.852753],[-79.294903,-2.851904],[-79.295437,-2.851135],[-79.296341,-2.850737],[-79.296833,-2.851068],[-79.297332,-2.850944],[-79.298176,-2.851622],[-79.299771,-2.850986],[-79.302727,-2.851504],[-79.303273,-2.851897],[-79.303768,-2.85292],[-79.305321,-2.8529],[-79.305657,-2.853813],[-79.306627,-2.854583],[-79.30694,-2.855367],[-79.307409,-2.854971],[-79.308179,-2.853054],[-79.308995,-2.852991],[-79.310033,-2.851883],[-79.309766,-2.850424],[-79.310012,-2.849426],[-79.31004,-2.846869],[-79.309744,-2.84604],[-79.310031,-2.844524],[-79.310518,-2.844014],[-79.311197,-2.843991],[-79.31259,-2.843415],[-79.313819,-2.843892],[-79.314676,-2.843725],[-79.317002,-2.844184],[-79.317561,-2.844692],[-79.319322,-2.845135],[-79.319459,-2.845642],[-79.32021,-2.845551],[-79.321266,-2.845806],[-79.321757,-2.843799],[-79.322692,-2.84245],[-79.323513,-2.841668],[-79.32457,-2.841447],[-79.325437,-2.841573],[-79.326346,-2.841118],[-79.327399,-2.840928],[-79.327831,-2.840643],[-79.328482,-2.839759],[-79.328743,-2.839703],[-79.329813,-2.840182],[-79.331056,-2.840421],[-79.332016,-2.840946],[-79.332355,-2.840892],[-79.332446,-2.841544],[-79.33222,-2.842111],[-79.332043,-2.843967],[-79.333706,-2.843539],[-79.334443,-2.842906],[-79.335067,-2.842821],[-79.336225,-2.841397],[-79.337069,-2.840092],[-79.337049,-2.839592],[-79.337403,-2.839353],[-79.337417,-2.838863],[-79.336439,-2.838149],[-79.336834,-2.83768],[-79.337231,-2.836336],[-79.338006,-2.835808],[-79.338255,-2.835221],[-79.338608,-2.835167],[-79.338942,-2.834447],[-79.340096,-2.833905],[-79.341962,-2.833381],[-79.342283,-2.833096],[-79.341767,-2.832474],[-79.341146,-2.827502],[-79.338635,-2.824243],[-79.33788,-2.822533],[-79.33689,-2.821324],[-79.336234,-2.819925],[-79.336016,-2.819141],[-79.335909,-2.816852],[-79.334604,-2.815295],[-79.333792,-2.813584],[-79.333365,-2.809544],[-79.331097,-2.806365],[-79.330495,-2.804083],[-79.331366,-2.803442],[-79.33229,-2.803159],[-79.332369,-2.802861],[-79.333061,-2.802207],[-79.333252,-2.801269],[-79.333657,-2.801371],[-79.335451,-2.800812],[-79.335814,-2.800262],[-79.336885,-2.799899],[-79.337656,-2.799494],[-79.33791,-2.799159],[-79.339306,-2.798584],[-79.339558,-2.797748],[-79.340322,-2.797137],[-79.340402,-2.796755],[-79.340771,-2.796372],[-79.341164,-2.796357],[-79.341439,-2.795665],[-79.342291,-2.795025],[-79.342806,-2.794123],[-79.343072,-2.793255],[-79.343286,-2.793081],[-79.343132,-2.792746],[-79.343293,-2.791674],[-79.343893,-2.790526],[-79.343509,-2.789596],[-79.343834,-2.789175],[-79.345141,-2.789157],[-79.345442,-2.788779],[-79.346395,-2.788634],[-79.347145,-2.788114],[-79.347598,-2.788127],[-79.348752,-2.787348],[-79.349333,-2.786716],[-79.349859,-2.786613],[-79.350463,-2.786147],[-79.350924,-2.786148],[-79.351526,-2.785638],[-79.351958,-2.785762],[-79.353006,-2.785289],[-79.353578,-2.785423],[-79.354045,-2.785155],[-79.35437,-2.784284],[-79.3549,-2.783489],[-79.355184,-2.783371],[-79.355392,-2.782676],[-79.356891,-2.781803],[-79.35655,-2.781034],[-79.357143,-2.779938],[-79.357163,-2.77942],[-79.357647,-2.77914],[-79.359147,-2.779038],[-79.359562,-2.778756],[-79.360158,-2.778807],[-79.361089,-2.778507],[-79.361378,-2.777848],[-79.362213,-2.777555],[-79.362491,-2.777128],[-79.363052,-2.777137],[-79.363427,-2.77688],[-79.364006,-2.775826],[-79.364453,-2.775418],[-79.364188,-2.775195],[-79.363692,-2.77534],[-79.363032,-2.775789],[-79.361605,-2.776204],[-79.361334,-2.776676],[-79.360482,-2.776684],[-79.359606,-2.776093],[-79.359126,-2.776052],[-79.358913,-2.775653],[-79.358178,-2.775408],[-79.357779,-2.774847],[-79.357109,-2.774827],[-79.356759,-2.775148],[-79.355344,-2.775128],[-79.354965,-2.774835],[-79.352903,-2.774731],[-79.35237,-2.774212],[-79.352077,-2.774156],[-79.351789,-2.774388],[-79.351139,-2.773965],[-79.350598,-2.773983],[-79.350444,-2.773734],[-79.349101,-2.773282],[-79.347682,-2.773186],[-79.346028,-2.772442],[-79.344014,-2.77233],[-79.342504,-2.771331],[-79.341857,-2.771141],[-79.341236,-2.770328],[-79.340529,-2.770202],[-79.340053,-2.769763],[-79.339626,-2.769888],[-79.339126,-2.769218],[-79.336445,-2.768167],[-79.335941,-2.768263],[-79.335282,-2.767848],[-79.33384,-2.767866],[-79.333545,-2.76769],[-79.332699,-2.767804],[-79.330083,-2.766393],[-79.329345,-2.766342],[-79.328326,-2.765573],[-79.327609,-2.765326],[-79.327216,-2.764796],[-79.326771,-2.764563],[-79.325893,-2.762838],[-79.325569,-2.762564],[-79.3255,-2.762063],[-79.324584,-2.76069],[-79.3228,-2.759271],[-79.321407,-2.75859],[-79.3196,-2.758012],[-79.317214,-2.758267],[-79.315188,-2.758236],[-79.314762,-2.758432],[-79.312924,-2.758322],[-79.311528,-2.758559],[-79.310512,-2.759088],[-79.308855,-2.75912],[-79.308076,-2.758942],[-79.306417,-2.759632],[-79.305398,-2.760407],[-79.304453,-2.760197],[-79.304141,-2.760365],[-79.304149,-2.760759],[-79.302842,-2.76069],[-79.301515,-2.761155],[-79.300798,-2.761057],[-79.300279,-2.761204],[-79.29982,-2.762142],[-79.299474,-2.762445],[-79.299508,-2.762906],[-79.298622,-2.763714],[-79.296909,-2.763551],[-79.295818,-2.76411],[-79.295529,-2.763764],[-79.294621,-2.763549],[-79.293982,-2.763478],[-79.293592,-2.763636],[-79.292814,-2.763439],[-79.291044,-2.76366],[-79.290418,-2.764267],[-79.289696,-2.763844],[-79.288047,-2.763624],[-79.28539,-2.764061],[-79.284753,-2.764001],[-79.283007,-2.763494],[-79.281919,-2.762882],[-79.281375,-2.762296],[-79.28078,-2.762112],[-79.279398,-2.761224]]]}},{"type":"Feature","properties":{"sector":"010157999037","parroquia":"010157","anio":"2020","Num":102.0},"geometry":{"type":"Polygon","coordinates":[[[-79.364453,-2.775418],[-79.364006,-2.775826],[-79.363427,-2.77688],[-79.363052,-2.777137],[-79.362491,-2.777128],[-79.362213,-2.777555],[-79.361378,-2.777848],[-79.361089,-2.778507],[-79.360158,-2.778807],[-79.359562,-2.778756],[-79.359147,-2.779038],[-79.357647,-2.77914],[-79.357163,-2.77942],[-79.357143,-2.779938],[-79.35655,-2.781034],[-79.356891,-2.781803],[-79.355392,-2.782676],[-79.355184,-2.783371],[-79.3549,-2.783489],[-79.35437,-2.784284],[-79.354045,-2.785155],[-79.353578,-2.785423],[-79.353006,-2.785289],[-79.351958,-2.785762],[-79.351526,-2.785638],[-79.350924,-2.786148],[-79.350463,-2.786147],[-79.349859,-2.786613],[-79.349333,-2.786716],[-79.348752,-2.787348],[-79.347598,-2.788127],[-79.347145,-2.788114],[-79.346395,-2.788634],[-79.345442,-2.788779],[-79.345141,-2.789157],[-79.343834,-2.789175],[-79.343509,-2.789596],[-79.343893,-2.790526],[-79.343293,-2.791674],[-79.343132,-2.792746],[-79.343286,-2.793081],[-79.343072,-2.793255],[-79.342806,-2.794123],[-79.342291,-2.795025],[-79.341439,-2.795665],[-79.341164,-2.796357],[-79.340771,-2.796372],[-79.340402,-2.796755],[-79.340322,-2.797137],[-79.339558,-2.797748],[-79.339306,-2.798584],[-79.33791,-2.799159],[-79.337656,-2.799494],[-79.336885,-2.799899],[-79.335814,-2.800262],[-79.335451,-2.800812],[-79.333657,-2.801371],[-79.333252,-2.801269],[-79.333061,-2.802207],[-79.332369,-2.802861],[-79.33229,-2.803159],[-79.331366,-2.803442],[-79.330495,-2.804083],[-79.331097,-2.806365],[-79.333365,-2.809544],[-79.333792,-2.813584],[-79.334604,-2.815295],[-79.335909,-2.816852],[-79.336016,-2.819141],[-79.336234,-2.819925],[-79.33689,-2.821324],[-79.33788,-2.822533],[-79.338635,-2.824243],[-79.341146,-2.827502],[-79.341767,-2.832474],[-79.342283,-2.833096],[-79.341962,-2.833381],[-79.340096,-2.833905],[-79.338942,-2.834447],[-79.338608,-2.835167],[-79.338255,-2.835221],[-79.338006,-2.835808],[-79.337231,-2.836336],[-79.336834,-2.83768],[-79.336439,-2.838149],[-79.337417,-2.838863],[-79.337436,-2.839212],[-79.337049,-2.839592],[-79.337069,-2.840092],[-79.336225,-2.841397],[-79.335067,-2.842821],[-79.334443,-2.842906],[-79.333706,-2.843539],[-79.332043,-2.843967],[-79.331302,-2.845193],[-79.331293,-2.846017],[-79.332123,-2.846955],[-79.332743,-2.846606],[-79.333459,-2.846543],[-79.334353,-2.845889],[-79.33532,-2.846231],[-79.336857,-2.845873],[-79.337349,-2.845641],[-79.338275,-2.844614],[-79.338804,-2.844546],[-79.339841,-2.845081],[-79.340986,-2.84535],[-79.34274,-2.845421],[-79.342618,-2.844422],[-79.342871,-2.843258],[-79.343259,-2.842592],[-79.351441,-2.842548],[-79.35187,-2.842095],[-79.352256,-2.842101],[-79.35224,-2.841472],[-79.353347,-2.841124],[-79.354092,-2.84057],[-79.353773,-2.83995],[-79.353746,-2.839151],[-79.353467,-2.8387],[-79.354216,-2.836508],[-79.356746,-2.835154],[-79.357385,-2.834359],[-79.358326,-2.831891],[-79.358699,-2.829994],[-79.36054,-2.82445],[-79.362079,-2.822102],[-79.362248,-2.82101],[-79.362051,-2.819757],[-79.362209,-2.818332],[-79.362618,-2.817365],[-79.362741,-2.81594],[-79.36339,-2.814548],[-79.362992,-2.813863],[-79.364662,-2.812807],[-79.365468,-2.811252],[-79.366216,-2.810784],[-79.366909,-2.809913],[-79.367168,-2.80988],[-79.367321,-2.809145],[-79.367692,-2.809126],[-79.367725,-2.808031],[-79.368221,-2.807814],[-79.368378,-2.807436],[-79.369119,-2.806914],[-79.369998,-2.805883],[-79.369704,-2.80514],[-79.369971,-2.804793],[-79.370095,-2.80402],[-79.370588,-2.803909],[-79.371132,-2.803494],[-79.371366,-2.802996],[-79.371353,-2.802144],[-79.370602,-2.801379],[-79.370456,-2.800558],[-79.370498,-2.800204],[-79.370984,-2.799755],[-79.371287,-2.798655],[-79.371213,-2.798186],[-79.370891,-2.797769],[-79.371187,-2.797408],[-79.371892,-2.795519],[-79.371064,-2.794307],[-79.370775,-2.792482],[-79.370748,-2.791336],[-79.371291,-2.790567],[-79.371296,-2.79011],[-79.371801,-2.789827],[-79.372013,-2.789351],[-79.371949,-2.788845],[-79.371565,-2.788185],[-79.371266,-2.785693],[-79.371597,-2.783716],[-79.371923,-2.783301],[-79.372285,-2.781953],[-79.372345,-2.781585],[-79.372188,-2.781408],[-79.37242,-2.780896],[-79.372765,-2.780652],[-79.372612,-2.780436],[-79.372922,-2.779236],[-79.372804,-2.778738],[-79.373104,-2.777586],[-79.373013,-2.777094],[-79.373416,-2.776377],[-79.373827,-2.776159],[-79.373863,-2.775686],[-79.374482,-2.77427],[-79.37357,-2.774617],[-79.373421,-2.775208],[-79.372946,-2.775408],[-79.372347,-2.775188],[-79.371762,-2.774691],[-79.368903,-2.774392],[-79.367208,-2.774501],[-79.366307,-2.775005],[-79.365146,-2.775093],[-79.364453,-2.775418]]]}},{"type":"Feature","properties":{"sector":"010157999036","parroquia":"010157","anio":"2020","Num":73.0},"geometry":{"type":"Polygon","coordinates":[[[-79.351441,-2.842548],[-79.35691,-2.842585],[-79.358487,-2.842116],[-79.361788,-2.840608],[-79.362654,-2.839595],[-79.362944,-2.838735],[-79.363357,-2.838774],[-79.364291,-2.838095],[-79.365125,-2.837973],[-79.365595,-2.837448],[-79.366479,-2.83697],[-79.366732,-2.836337],[-79.36725,-2.835875],[-79.368189,-2.835351],[-79.370286,-2.834702],[-79.370699,-2.834924],[-79.371975,-2.834444],[-79.372577,-2.834441],[-79.373015,-2.834161],[-79.374907,-2.8344],[-79.377869,-2.833755],[-79.378735,-2.833825],[-79.37946,-2.833408],[-79.379981,-2.833354],[-79.391623,-2.824288],[-79.389721,-2.824335],[-79.387576,-2.823136],[-79.387012,-2.822425],[-79.386373,-2.822019],[-79.38588,-2.821932],[-79.382411,-2.823463],[-79.381419,-2.824419],[-79.380985,-2.824604],[-79.378914,-2.823516],[-79.37832,-2.823402],[-79.377143,-2.823497],[-79.37262,-2.824782],[-79.371677,-2.824436],[-79.367343,-2.821551],[-79.367313,-2.821125],[-79.367588,-2.820618],[-79.367368,-2.819426],[-79.366941,-2.81909],[-79.366609,-2.818232],[-79.365738,-2.817692],[-79.365756,-2.817421],[-79.365281,-2.81676],[-79.365248,-2.816032],[-79.36485,-2.815535],[-79.364662,-2.814246],[-79.364363,-2.813979],[-79.364229,-2.813146],[-79.362992,-2.813863],[-79.36339,-2.814548],[-79.362741,-2.81594],[-79.362618,-2.817365],[-79.362209,-2.818332],[-79.362051,-2.819757],[-79.362248,-2.82101],[-79.362079,-2.822102],[-79.36054,-2.82445],[-79.358699,-2.829994],[-79.358326,-2.831891],[-79.357385,-2.834359],[-79.356746,-2.835154],[-79.354216,-2.836508],[-79.353467,-2.8387],[-79.353746,-2.839151],[-79.353773,-2.83995],[-79.354092,-2.84057],[-79.353347,-2.841124],[-79.35224,-2.841472],[-79.352256,-2.842101],[-79.35187,-2.842095],[-79.351441,-2.842548]]]}},{"type":"Feature","properties":{"sector":"010157999035","parroquia":"010157","anio":"2020","Num":37.0},"geometry":{"type":"Polygon","coordinates":[[[-79.374482,-2.77427],[-79.373863,-2.775686],[-79.373827,-2.776159],[-79.373416,-2.776377],[-79.373013,-2.777094],[-79.373104,-2.777586],[-79.372804,-2.778738],[-79.372922,-2.779236],[-79.372612,-2.780436],[-79.372765,-2.780652],[-79.37242,-2.780896],[-79.372188,-2.781408],[-79.372345,-2.781585],[-79.372285,-2.781953],[-79.371923,-2.783301],[-79.371597,-2.783716],[-79.371266,-2.785693],[-79.371565,-2.788185],[-79.371949,-2.788845],[-79.372013,-2.789351],[-79.371801,-2.789827],[-79.371296,-2.79011],[-79.371291,-2.790567],[-79.370748,-2.791336],[-79.370775,-2.792482],[-79.371064,-2.794307],[-79.371892,-2.795519],[-79.371187,-2.797408],[-79.370891,-2.797769],[-79.371213,-2.798186],[-79.371287,-2.798655],[-79.370984,-2.799755],[-79.370498,-2.800204],[-79.370456,-2.800558],[-79.370602,-2.801379],[-79.371353,-2.802144],[-79.371366,-2.802996],[-79.371151,-2.803478],[-79.370064,-2.804081],[-79.369971,-2.804793],[-79.369704,-2.80514],[-79.369971,-2.805925],[-79.369119,-2.806914],[-79.368378,-2.807436],[-79.368221,-2.807814],[-79.367725,-2.808031],[-79.367692,-2.809126],[-79.367321,-2.809145],[-79.367168,-2.80988],[-79.366909,-2.809913],[-79.366216,-2.810784],[-79.365522,-2.811189],[-79.364707,-2.812757],[-79.364224,-2.813086],[-79.364363,-2.813979],[-79.364662,-2.814246],[-79.36485,-2.815535],[-79.365248,-2.816032],[-79.365281,-2.81676],[-79.365756,-2.817421],[-79.365738,-2.817692],[-79.366609,-2.818232],[-79.366941,-2.81909],[-79.367368,-2.819426],[-79.367588,-2.820618],[-79.367313,-2.821125],[-79.367343,-2.821551],[-79.369851,-2.823132],[-79.371087,-2.82413],[-79.37262,-2.824782],[-79.377143,-2.823497],[-79.37832,-2.823402],[-79.378914,-2.823516],[-79.380859,-2.824581],[-79.381168,-2.824569],[-79.382411,-2.823463],[-79.38588,-2.821932],[-79.386328,-2.821992],[-79.386982,-2.822404],[-79.387576,-2.823136],[-79.389503,-2.824244],[-79.390276,-2.824425],[-79.391314,-2.824343],[-79.391623,-2.824288],[-79.391214,-2.821955],[-79.392711,-2.821658],[-79.393516,-2.822083],[-79.394018,-2.822073],[-79.395074,-2.821566],[-79.395414,-2.821654],[-79.395526,-2.821415],[-79.396391,-2.821135],[-79.396571,-2.820869],[-79.396795,-2.820937],[-79.397216,-2.820469],[-79.397498,-2.82041],[-79.398367,-2.820579],[-79.398891,-2.820439],[-79.400907,-2.821105],[-79.401411,-2.820964],[-79.405161,-2.821361],[-79.407024,-2.822438],[-79.407563,-2.822577],[-79.408296,-2.822457],[-79.409162,-2.823343],[-79.41064,-2.822787],[-79.411555,-2.822759],[-79.41221,-2.821534],[-79.413983,-2.821072],[-79.413855,-2.820421],[-79.412353,-2.81801],[-79.410276,-2.813428],[-79.410366,-2.812693],[-79.411517,-2.811196],[-79.411627,-2.80877],[-79.412161,-2.80724],[-79.404556,-2.805198],[-79.402212,-2.802987],[-79.402604,-2.80182],[-79.403854,-2.799813],[-79.404422,-2.799223],[-79.403817,-2.797137],[-79.403967,-2.79515],[-79.403683,-2.791018],[-79.40244,-2.787149],[-79.401922,-2.786295],[-79.401756,-2.785442],[-79.401287,-2.784574],[-79.401025,-2.78341],[-79.399991,-2.782329],[-79.399917,-2.781676],[-79.399606,-2.781297],[-79.398523,-2.780776],[-79.398553,-2.779941],[-79.398388,-2.779657],[-79.398618,-2.779113],[-79.398323,-2.777838],[-79.397757,-2.776797],[-79.397829,-2.775692],[-79.396852,-2.774253],[-79.396474,-2.774135],[-79.396234,-2.774283],[-79.39593,-2.774087],[-79.395506,-2.772852],[-79.39377,-2.772557],[-79.393379,-2.771851],[-79.393715,-2.771355],[-79.3932,-2.771173],[-79.39273,-2.770391],[-79.392291,-2.770117],[-79.391518,-2.768862],[-79.391422,-2.768331],[-79.390506,-2.766996],[-79.3901,-2.766729],[-79.389365,-2.766994],[-79.38783,-2.766227],[-79.387443,-2.766275],[-79.38569,-2.765139],[-79.385717,-2.764626],[-79.385259,-2.764079],[-79.385699,-2.763434],[-79.384481,-2.762376],[-79.384188,-2.761644],[-79.383135,-2.760849],[-79.382607,-2.760138],[-79.382222,-2.760062],[-79.381936,-2.759352],[-79.381603,-2.759643],[-79.381249,-2.760413],[-79.380552,-2.760794],[-79.380025,-2.761587],[-79.379685,-2.761757],[-79.379338,-2.762621],[-79.378627,-2.763312],[-79.376334,-2.763502],[-79.375751,-2.763969],[-79.375969,-2.765722],[-79.376228,-2.766031],[-79.376324,-2.76854],[-79.376573,-2.769116],[-79.376303,-2.770566],[-79.376341,-2.77215],[-79.376504,-2.772483],[-79.376247,-2.7731],[-79.375986,-2.773277],[-79.375688,-2.773165],[-79.37521,-2.77397],[-79.374482,-2.77427]]]}},{"type":"Feature","properties":{"sector":"010157999034","parroquia":"010157","anio":"2020","Num":189.0},"geometry":{"type":"Polygon","coordinates":[[[-79.40277,-2.771049],[-79.401912,-2.771184],[-79.400991,-2.771876],[-79.400339,-2.77207],[-79.397389,-2.77241],[-79.396831,-2.772166],[-79.395005,-2.771937],[-79.394222,-2.771171],[-79.393696,-2.771173],[-79.393725,-2.771493],[-79.393379,-2.771851],[-79.393835,-2.772618],[-79.395529,-2.772865],[-79.395519,-2.77323],[-79.395901,-2.773704],[-79.39593,-2.774087],[-79.396234,-2.774283],[-79.396791,-2.77421],[-79.397143,-2.774879],[-79.397723,-2.775365],[-79.397874,-2.776127],[-79.397757,-2.776797],[-79.398323,-2.777838],[-79.398618,-2.779113],[-79.398388,-2.779657],[-79.398553,-2.779941],[-79.398523,-2.780776],[-79.399606,-2.781297],[-79.399917,-2.781676],[-79.399991,-2.782329],[-79.401025,-2.78341],[-79.401287,-2.784574],[-79.401756,-2.785442],[-79.401922,-2.786295],[-79.40244,-2.787149],[-79.403543,-2.79043],[-79.403939,-2.79426],[-79.403817,-2.797137],[-79.404422,-2.799223],[-79.403854,-2.799813],[-79.402604,-2.80182],[-79.402212,-2.802987],[-79.404556,-2.805198],[-79.412161,-2.80724],[-79.411627,-2.80877],[-79.411517,-2.811196],[-79.410366,-2.812693],[-79.410276,-2.813428],[-79.412353,-2.81801],[-79.413855,-2.820421],[-79.413983,-2.821072],[-79.414938,-2.82091],[-79.415425,-2.821051],[-79.415696,-2.820731],[-79.415962,-2.820708],[-79.416722,-2.820867],[-79.417542,-2.821368],[-79.418174,-2.821148],[-79.418488,-2.821388],[-79.419205,-2.821268],[-79.419942,-2.821511],[-79.420179,-2.821862],[-79.421566,-2.821862],[-79.422847,-2.822247],[-79.423802,-2.822117],[-79.424332,-2.823139],[-79.424771,-2.823547],[-79.425584,-2.823878],[-79.425884,-2.824387],[-79.427102,-2.824896],[-79.427362,-2.825312],[-79.428448,-2.825779],[-79.429039,-2.826528],[-79.429566,-2.826735],[-79.43014,-2.826397],[-79.430833,-2.82633],[-79.430261,-2.824031],[-79.430003,-2.823661],[-79.429231,-2.823296],[-79.429039,-2.822859],[-79.428145,-2.821937],[-79.427367,-2.819692],[-79.426559,-2.81828],[-79.426077,-2.811694],[-79.42709,-2.809589],[-79.42721,-2.806818],[-79.426236,-2.805062],[-79.426085,-2.803924],[-79.425282,-2.802569],[-79.425006,-2.801558],[-79.431349,-2.796869],[-79.431571,-2.795797],[-79.431762,-2.795629],[-79.431732,-2.79547],[-79.431225,-2.795878],[-79.430909,-2.796639],[-79.431016,-2.794807],[-79.431336,-2.794425],[-79.431069,-2.793426],[-79.430027,-2.792695],[-79.429431,-2.792594],[-79.429192,-2.792744],[-79.428875,-2.792364],[-79.428547,-2.792533],[-79.427826,-2.791417],[-79.430448,-2.790958],[-79.432067,-2.790203],[-79.433022,-2.789534],[-79.434912,-2.789092],[-79.435897,-2.78778],[-79.436598,-2.786247],[-79.437267,-2.785633],[-79.439672,-2.785114],[-79.440223,-2.784844],[-79.440826,-2.783976],[-79.442271,-2.783518],[-79.443082,-2.783594],[-79.443306,-2.783042],[-79.442625,-2.782774],[-79.441128,-2.782846],[-79.439551,-2.782619],[-79.436936,-2.781271],[-79.434876,-2.782169],[-79.433653,-2.781862],[-79.43212,-2.781083],[-79.430829,-2.780773],[-79.426595,-2.780814],[-79.424899,-2.780463],[-79.423583,-2.780477],[-79.420795,-2.780992],[-79.41874,-2.780363],[-79.420567,-2.778766],[-79.422058,-2.777837],[-79.42306,-2.774884],[-79.423553,-2.774685],[-79.424022,-2.77361],[-79.424141,-2.772966],[-79.423921,-2.771289],[-79.424515,-2.770121],[-79.424348,-2.769772],[-79.423553,-2.769755],[-79.4222,-2.770313],[-79.421103,-2.769741],[-79.419354,-2.770117],[-79.418876,-2.76942],[-79.41819,-2.769065],[-79.417202,-2.768885],[-79.416075,-2.769287],[-79.415056,-2.770017],[-79.414348,-2.769932],[-79.413029,-2.770738],[-79.411628,-2.771088],[-79.41109,-2.771034],[-79.410116,-2.770485],[-79.40979,-2.770666],[-79.408872,-2.770343],[-79.407914,-2.770822],[-79.40747,-2.770749],[-79.405795,-2.771267],[-79.404377,-2.771143],[-79.40335,-2.771407],[-79.402988,-2.771023],[-79.40277,-2.771049]]]}},{"type":"Feature","properties":{"sector":"010157999030","parroquia":"010157","anio":"2020","Num":32.0},"geometry":{"type":"Polygon","coordinates":[[[-79.443306,-2.783042],[-79.443082,-2.783594],[-79.442271,-2.783518],[-79.440826,-2.783976],[-79.440223,-2.784844],[-79.439672,-2.785114],[-79.437267,-2.785633],[-79.436598,-2.786247],[-79.435897,-2.78778],[-79.434912,-2.789092],[-79.433022,-2.789534],[-79.432067,-2.790203],[-79.430448,-2.790958],[-79.427826,-2.791417],[-79.428547,-2.792533],[-79.428875,-2.792364],[-79.429192,-2.792744],[-79.429431,-2.792594],[-79.430027,-2.792695],[-79.431069,-2.793426],[-79.431336,-2.794425],[-79.431016,-2.794807],[-79.430909,-2.796639],[-79.431225,-2.795878],[-79.431732,-2.79547],[-79.431344,-2.796986],[-79.431719,-2.798563],[-79.431097,-2.798655],[-79.430474,-2.799314],[-79.430628,-2.799542],[-79.431126,-2.799338],[-79.431462,-2.799494],[-79.431671,-2.800354],[-79.431456,-2.801439],[-79.431581,-2.801916],[-79.431323,-2.801897],[-79.431167,-2.801244],[-79.430695,-2.800933],[-79.430942,-2.801538],[-79.430639,-2.803288],[-79.431577,-2.803121],[-79.432222,-2.803755],[-79.433517,-2.804293],[-79.433942,-2.803831],[-79.434761,-2.803385],[-79.435074,-2.802481],[-79.435615,-2.803972],[-79.436085,-2.804447],[-79.435154,-2.80463],[-79.435925,-2.804812],[-79.436778,-2.805576],[-79.437604,-2.805334],[-79.438704,-2.805318],[-79.439512,-2.804917],[-79.4406,-2.805047],[-79.44069,-2.804838],[-79.441458,-2.805405],[-79.442443,-2.805153],[-79.44278,-2.805443],[-79.443757,-2.80544],[-79.444432,-2.805751],[-79.445554,-2.805513],[-79.44657,-2.805705],[-79.446747,-2.805529],[-79.446739,-2.804709],[-79.447013,-2.804375],[-79.447157,-2.804577],[-79.447015,-2.805194],[-79.447421,-2.805217],[-79.4481,-2.80619],[-79.448244,-2.80723],[-79.448012,-2.807531],[-79.449109,-2.808065],[-79.449212,-2.80845],[-79.449923,-2.808531],[-79.450304,-2.809639],[-79.450988,-2.810081],[-79.451686,-2.811269],[-79.452358,-2.811454],[-79.452402,-2.812113],[-79.452795,-2.81255],[-79.452975,-2.813377],[-79.454044,-2.813893],[-79.454556,-2.814727],[-79.454878,-2.814522],[-79.454996,-2.814869],[-79.455247,-2.81466],[-79.455605,-2.814811],[-79.455584,-2.814445],[-79.455979,-2.814655],[-79.456566,-2.814408],[-79.456618,-2.814793],[-79.457642,-2.814185],[-79.457782,-2.813696],[-79.458954,-2.813846],[-79.460184,-2.813623],[-79.462039,-2.812929],[-79.463073,-2.812786],[-79.466066,-2.813295],[-79.467179,-2.814192],[-79.467817,-2.814373],[-79.468637,-2.814319],[-79.469206,-2.814613],[-79.469836,-2.816539],[-79.471828,-2.818989],[-79.472826,-2.818888],[-79.47487,-2.819523],[-79.476318,-2.821149],[-79.47731,-2.821832],[-79.478967,-2.821974],[-79.47985,-2.822331],[-79.481148,-2.82231],[-79.482068,-2.822568],[-79.482882,-2.823124],[-79.48418,-2.822949],[-79.484856,-2.823148],[-79.485183,-2.823565],[-79.486805,-2.824405],[-79.487228,-2.824853],[-79.487095,-2.825844],[-79.487436,-2.82615],[-79.487901,-2.825999],[-79.488645,-2.826077],[-79.48908,-2.825785],[-79.49005,-2.825771],[-79.490722,-2.825072],[-79.490845,-2.824499],[-79.491347,-2.824375],[-79.491531,-2.824049],[-79.492636,-2.823416],[-79.492549,-2.823078],[-79.492842,-2.82274],[-79.492839,-2.822287],[-79.493764,-2.821949],[-79.494945,-2.821186],[-79.495725,-2.821355],[-79.496666,-2.820664],[-79.497821,-2.820758],[-79.498398,-2.820568],[-79.498575,-2.821167],[-79.498837,-2.82129],[-79.499142,-2.821098],[-79.499293,-2.820455],[-79.499896,-2.821487],[-79.501549,-2.821519],[-79.502453,-2.821946],[-79.503656,-2.821447],[-79.504006,-2.820853],[-79.504014,-2.821494],[-79.504348,-2.821307],[-79.504598,-2.821461],[-79.504842,-2.821343],[-79.505081,-2.821577],[-79.506041,-2.821736],[-79.507454,-2.821466],[-79.508126,-2.821944],[-79.508287,-2.821813],[-79.508748,-2.822025],[-79.508941,-2.821908],[-79.509209,-2.822141],[-79.510024,-2.821883],[-79.510806,-2.822193],[-79.511413,-2.822097],[-79.512619,-2.822588],[-79.513992,-2.822502],[-79.515217,-2.822694],[-79.516392,-2.823346],[-79.517537,-2.82364],[-79.518447,-2.824406],[-79.518923,-2.824224],[-79.519378,-2.823222],[-79.520286,-2.821947],[-79.525614,-2.821087],[-79.528585,-2.820111],[-79.529275,-2.819682],[-79.52748,-2.817557],[-79.52679,-2.814603],[-79.526988,-2.812568],[-79.526423,-2.811636],[-79.52704,-2.810338],[-79.527815,-2.809806],[-79.528998,-2.809479],[-79.529529,-2.808249],[-79.530027,-2.807877],[-79.530099,-2.807379],[-79.529478,-2.807345],[-79.52854,-2.806975],[-79.526855,-2.80548],[-79.525837,-2.804249],[-79.522741,-2.80326],[-79.522171,-2.80248],[-79.517075,-2.803089],[-79.516381,-2.803375],[-79.516014,-2.803949],[-79.515606,-2.804112],[-79.515158,-2.803784],[-79.514433,-2.802336],[-79.513203,-2.802387],[-79.512265,-2.801947],[-79.512062,-2.802057],[-79.511822,-2.803612],[-79.510609,-2.803937],[-79.510125,-2.803449],[-79.509332,-2.801808],[-79.506927,-2.801476],[-79.50701,-2.800287],[-79.504076,-2.799791],[-79.503996,-2.798356],[-79.503711,-2.798191],[-79.503303,-2.798314],[-79.502408,-2.797616],[-79.502736,-2.796686],[-79.502304,-2.796172],[-79.501575,-2.796223],[-79.501049,-2.7965],[-79.499818,-2.797802],[-79.499179,-2.798182],[-79.497533,-2.798002],[-79.496951,-2.798382],[-79.496368,-2.79843],[-79.494538,-2.797491],[-79.493945,-2.798297],[-79.493556,-2.798344],[-79.49255,-2.797909],[-79.491659,-2.798394],[-79.491339,-2.798234],[-79.491029,-2.797568],[-79.490354,-2.797132],[-79.490467,-2.796707],[-79.491255,-2.796107],[-79.491025,-2.795683],[-79.490248,-2.795592],[-79.490168,-2.795305],[-79.490589,-2.794488],[-79.49052,-2.794247],[-79.489249,-2.793226],[-79.486555,-2.788738],[-79.48589,-2.78813],[-79.48517,-2.787959],[-79.482978,-2.78886],[-79.48043,-2.788946],[-79.479483,-2.790029],[-79.478981,-2.790283],[-79.478626,-2.79018],[-79.477859,-2.789274],[-79.477607,-2.789251],[-79.477105,-2.789678],[-79.476742,-2.790586],[-79.476547,-2.790656],[-79.476215,-2.789978],[-79.475596,-2.789474],[-79.473643,-2.789961],[-79.471746,-2.789609],[-79.470592,-2.789875],[-79.469071,-2.789545],[-79.467126,-2.789625],[-79.466967,-2.788619],[-79.466313,-2.787655],[-79.465901,-2.787368],[-79.464461,-2.787153],[-79.46374,-2.786476],[-79.462983,-2.785029],[-79.462479,-2.784674],[-79.460437,-2.784231],[-79.459071,-2.783233],[-79.4581,-2.78218],[-79.45727,-2.782428],[-79.45674,-2.783652],[-79.455816,-2.784114],[-79.45529,-2.784023],[-79.454191,-2.783209],[-79.451617,-2.783458],[-79.451025,-2.782917],[-79.45043,-2.782769],[-79.449483,-2.78315],[-79.447169,-2.782672],[-79.443666,-2.78322],[-79.443306,-2.783042]]]}},{"type":"Feature","properties":{"sector":"010157999031","parroquia":"010157","anio":"2020","Num":135.0},"geometry":{"type":"Polygon","coordinates":[[[-79.430833,-2.82633],[-79.431431,-2.826776],[-79.431309,-2.827487],[-79.431739,-2.828446],[-79.432534,-2.829007],[-79.433304,-2.82916],[-79.434266,-2.830489],[-79.434251,-2.830906],[-79.435072,-2.831442],[-79.435699,-2.832337],[-79.436809,-2.832736],[-79.437548,-2.834099],[-79.437677,-2.835363],[-79.437921,-2.835783],[-79.437815,-2.836052],[-79.438207,-2.836645],[-79.438127,-2.837152],[-79.438888,-2.838434],[-79.438662,-2.839494],[-79.438807,-2.840101],[-79.438245,-2.84163],[-79.438265,-2.841949],[-79.439244,-2.843476],[-79.438956,-2.844175],[-79.438943,-2.845351],[-79.440383,-2.846978],[-79.440857,-2.847113],[-79.440947,-2.84736],[-79.44324,-2.848053],[-79.443237,-2.848288],[-79.442883,-2.848576],[-79.442947,-2.84916],[-79.444473,-2.849545],[-79.444985,-2.849958],[-79.444957,-2.850385],[-79.445491,-2.850814],[-79.445498,-2.851798],[-79.446062,-2.853008],[-79.447553,-2.853527],[-79.448048,-2.853365],[-79.448682,-2.853892],[-79.449525,-2.854077],[-79.44959,-2.854324],[-79.450136,-2.85436],[-79.450374,-2.854604],[-79.451422,-2.854918],[-79.4525,-2.85571],[-79.453872,-2.856128],[-79.454638,-2.855955],[-79.455221,-2.855428],[-79.455967,-2.854199],[-79.457038,-2.853713],[-79.457329,-2.853289],[-79.457938,-2.853189],[-79.45902,-2.854134],[-79.460317,-2.85416],[-79.460744,-2.854349],[-79.461396,-2.854262],[-79.461804,-2.854746],[-79.463007,-2.85545],[-79.463838,-2.855224],[-79.46434,-2.855446],[-79.465302,-2.854768],[-79.46579,-2.853982],[-79.466284,-2.853819],[-79.467124,-2.854272],[-79.468059,-2.854289],[-79.46883,-2.854938],[-79.470276,-2.855322],[-79.472747,-2.85521],[-79.474166,-2.856104],[-79.474824,-2.856925],[-79.475182,-2.85707],[-79.47634,-2.85658],[-79.477727,-2.855402],[-79.478424,-2.855487],[-79.47926,-2.855261],[-79.481099,-2.855359],[-79.481222,-2.855886],[-79.481593,-2.856076],[-79.483162,-2.855838],[-79.483802,-2.855509],[-79.484803,-2.855567],[-79.485432,-2.855862],[-79.486439,-2.855875],[-79.487643,-2.855445],[-79.488555,-2.855526],[-79.490337,-2.856295],[-79.490855,-2.856289],[-79.491702,-2.855833],[-79.492584,-2.856331],[-79.495231,-2.856101],[-79.495884,-2.856414],[-79.496111,-2.856988],[-79.496598,-2.857319],[-79.496104,-2.859391],[-79.496289,-2.860788],[-79.496655,-2.861845],[-79.498157,-2.862772],[-79.49866,-2.862487],[-79.499516,-2.86236],[-79.499729,-2.863417],[-79.500167,-2.863811],[-79.501346,-2.864227],[-79.502224,-2.864248],[-79.503061,-2.864816],[-79.504293,-2.865182],[-79.504944,-2.865705],[-79.504998,-2.86647],[-79.50544,-2.867742],[-79.505756,-2.867996],[-79.505763,-2.869081],[-79.506082,-2.869682],[-79.50605,-2.870589],[-79.505551,-2.871979],[-79.505541,-2.872512],[-79.515682,-2.872533],[-79.518099,-2.869551],[-79.514926,-2.865661],[-79.518523,-2.863582],[-79.520553,-2.859875],[-79.520902,-2.857843],[-79.521272,-2.857597],[-79.521958,-2.856517],[-79.522637,-2.856936],[-79.523298,-2.857016],[-79.524738,-2.855821],[-79.526608,-2.855488],[-79.527808,-2.856951],[-79.528971,-2.857218],[-79.529656,-2.857149],[-79.53139,-2.856252],[-79.531276,-2.85576],[-79.532039,-2.8543],[-79.531873,-2.853242],[-79.530617,-2.852181],[-79.530402,-2.851768],[-79.531399,-2.849559],[-79.531686,-2.848069],[-79.533339,-2.846842],[-79.532863,-2.845879],[-79.533008,-2.84444],[-79.532589,-2.842621],[-79.532785,-2.841874],[-79.533589,-2.840438],[-79.533669,-2.839819],[-79.533055,-2.838999],[-79.53219,-2.838948],[-79.530642,-2.839253],[-79.530195,-2.839029],[-79.530107,-2.838738],[-79.530398,-2.837787],[-79.531117,-2.837452],[-79.531366,-2.837114],[-79.531454,-2.836216],[-79.531085,-2.83469],[-79.531887,-2.834127],[-79.532168,-2.833668],[-79.532311,-2.831972],[-79.532137,-2.830523],[-79.533209,-2.828909],[-79.534088,-2.826747],[-79.533695,-2.824893],[-79.529275,-2.819682],[-79.528585,-2.820111],[-79.525614,-2.821087],[-79.520286,-2.821947],[-79.519378,-2.823222],[-79.518923,-2.824224],[-79.518447,-2.824406],[-79.517537,-2.82364],[-79.516392,-2.823346],[-79.515217,-2.822694],[-79.513992,-2.822502],[-79.512619,-2.822588],[-79.511413,-2.822097],[-79.510806,-2.822193],[-79.510024,-2.821883],[-79.509209,-2.822141],[-79.508941,-2.821908],[-79.508748,-2.822025],[-79.508287,-2.821813],[-79.508126,-2.821944],[-79.507454,-2.821466],[-79.506041,-2.821736],[-79.505081,-2.821577],[-79.504842,-2.821343],[-79.504598,-2.821461],[-79.504348,-2.821307],[-79.504014,-2.821494],[-79.504006,-2.820853],[-79.503656,-2.821447],[-79.502453,-2.821946],[-79.501549,-2.821519],[-79.499896,-2.821487],[-79.499293,-2.820455],[-79.499142,-2.821098],[-79.498837,-2.82129],[-79.498575,-2.821167],[-79.498398,-2.820568],[-79.497821,-2.820758],[-79.496666,-2.820664],[-79.495725,-2.821355],[-79.494945,-2.821186],[-79.493764,-2.821949],[-79.492839,-2.822287],[-79.492842,-2.82274],[-79.492549,-2.823078],[-79.492636,-2.823416],[-79.491531,-2.824049],[-79.491347,-2.824375],[-79.490845,-2.824499],[-79.490722,-2.825072],[-79.49005,-2.825771],[-79.48908,-2.825785],[-79.488594,-2.826085],[-79.487336,-2.826129],[-79.487095,-2.825844],[-79.487228,-2.824853],[-79.486805,-2.824405],[-79.485183,-2.823565],[-79.484856,-2.823148],[-79.48418,-2.822949],[-79.482882,-2.823124],[-79.482068,-2.822568],[-79.481148,-2.82231],[-79.47985,-2.822331],[-79.478967,-2.821974],[-79.47731,-2.821832],[-79.476318,-2.821149],[-79.47487,-2.819523],[-79.472826,-2.818888],[-79.471828,-2.818989],[-79.469836,-2.816539],[-79.469206,-2.814613],[-79.468637,-2.814319],[-79.467817,-2.814373],[-79.467179,-2.814192],[-79.466066,-2.813295],[-79.463073,-2.812786],[-79.462039,-2.812929],[-79.460184,-2.813623],[-79.458954,-2.813846],[-79.457782,-2.813696],[-79.457642,-2.814185],[-79.456618,-2.814793],[-79.456566,-2.814408],[-79.455979,-2.814655],[-79.455584,-2.814445],[-79.455605,-2.814811],[-79.455247,-2.81466],[-79.454996,-2.814869],[-79.454878,-2.814522],[-79.454556,-2.814727],[-79.454044,-2.813893],[-79.452975,-2.813377],[-79.452795,-2.81255],[-79.452402,-2.812113],[-79.452358,-2.811454],[-79.451686,-2.811269],[-79.450988,-2.810081],[-79.450304,-2.809639],[-79.449923,-2.808531],[-79.449212,-2.80845],[-79.449109,-2.808065],[-79.448012,-2.807531],[-79.448244,-2.80723],[-79.4481,-2.80619],[-79.447421,-2.805217],[-79.447015,-2.805194],[-79.447157,-2.804577],[-79.447013,-2.804375],[-79.446739,-2.804709],[-79.446747,-2.805529],[-79.44657,-2.805705],[-79.445554,-2.805513],[-79.444432,-2.805751],[-79.443757,-2.80544],[-79.44278,-2.805443],[-79.442443,-2.805153],[-79.441458,-2.805405],[-79.44069,-2.804838],[-79.4406,-2.805047],[-79.439512,-2.804917],[-79.438704,-2.805318],[-79.437604,-2.805334],[-79.436778,-2.805576],[-79.435925,-2.804812],[-79.435154,-2.80463],[-79.436085,-2.804447],[-79.435615,-2.803972],[-79.435074,-2.802481],[-79.434761,-2.803385],[-79.433942,-2.803831],[-79.433517,-2.804293],[-79.432222,-2.803755],[-79.431557,-2.803115],[-79.430704,-2.803379],[-79.430602,-2.802989],[-79.430942,-2.801516],[-79.430695,-2.800933],[-79.431167,-2.801244],[-79.431323,-2.801897],[-79.431581,-2.801916],[-79.431456,-2.801439],[-79.431671,-2.800354],[-79.431462,-2.799494],[-79.431126,-2.799338],[-79.430628,-2.799542],[-79.430474,-2.799358],[-79.431097,-2.798655],[-79.431719,-2.798563],[-79.431349,-2.796869],[-79.425006,-2.801558],[-79.425282,-2.802569],[-79.426085,-2.803924],[-79.426236,-2.805062],[-79.42721,-2.806818],[-79.42709,-2.809589],[-79.426077,-2.811694],[-79.426559,-2.81828],[-79.427367,-2.819692],[-79.428145,-2.821937],[-79.429039,-2.822859],[-79.429231,-2.823296],[-79.430003,-2.823661],[-79.430261,-2.824031],[-79.430833,-2.82633]]]}},{"type":"Feature","properties":{"sector":"010157999031","parroquia":"010157","anio":"2020","Num":98.0},"geometry":{"type":"Polygon","coordinates":[[[-79.432485,-2.866663],[-79.432874,-2.866614],[-79.433293,-2.867178],[-79.433974,-2.866675],[-79.434849,-2.867137],[-79.435717,-2.86728],[-79.437057,-2.867826],[-79.438155,-2.868533],[-79.438766,-2.868497],[-79.43886,-2.869132],[-79.439309,-2.869623],[-79.439305,-2.870004],[-79.440694,-2.870585],[-79.441113,-2.870503],[-79.441884,-2.870862],[-79.442787,-2.870824],[-79.44335,-2.87051],[-79.444004,-2.870654],[-79.444755,-2.871134],[-79.444983,-2.871694],[-79.445266,-2.871826],[-79.445142,-2.872497],[-79.445765,-2.872341],[-79.447077,-2.87339],[-79.447191,-2.874466],[-79.448059,-2.874954],[-79.448602,-2.874598],[-79.449366,-2.875069],[-79.449512,-2.875673],[-79.449317,-2.876125],[-79.449648,-2.876504],[-79.450309,-2.87642],[-79.4507,-2.876794],[-79.451048,-2.876859],[-79.451442,-2.877492],[-79.453598,-2.878162],[-79.454653,-2.879444],[-79.455946,-2.878789],[-79.456987,-2.879861],[-79.457759,-2.880153],[-79.458727,-2.879696],[-79.459669,-2.879884],[-79.46006,-2.880361],[-79.460773,-2.880459],[-79.461232,-2.880817],[-79.46199,-2.880731],[-79.462465,-2.881446],[-79.462388,-2.882452],[-79.462586,-2.883196],[-79.462378,-2.883557],[-79.462571,-2.884025],[-79.462222,-2.884439],[-79.462491,-2.884739],[-79.462696,-2.885656],[-79.464519,-2.88778],[-79.464229,-2.888762],[-79.464297,-2.889198],[-79.465164,-2.889402],[-79.465703,-2.889914],[-79.466136,-2.891033],[-79.466509,-2.89142],[-79.466346,-2.892089],[-79.466714,-2.893264],[-79.467319,-2.89367],[-79.467445,-2.894016],[-79.468927,-2.89422],[-79.469395,-2.894099],[-79.47006,-2.894858],[-79.470698,-2.895062],[-79.471539,-2.896564],[-79.472239,-2.897284],[-79.472285,-2.897679],[-79.472747,-2.898117],[-79.473096,-2.899161],[-79.473901,-2.899473],[-79.47433,-2.900205],[-79.474535,-2.900891],[-79.474452,-2.902183],[-79.474583,-2.902488],[-79.475374,-2.90244],[-79.475731,-2.902729],[-79.477315,-2.902926],[-79.478263,-2.903626],[-79.478919,-2.903541],[-79.480032,-2.903758],[-79.480816,-2.902991],[-79.481873,-2.902751],[-79.482357,-2.902302],[-79.482907,-2.902173],[-79.483562,-2.901692],[-79.484777,-2.90134],[-79.48514,-2.900653],[-79.485244,-2.899918],[-79.485924,-2.899734],[-79.486731,-2.899009],[-79.487131,-2.898355],[-79.487864,-2.897878],[-79.489001,-2.897961],[-79.489654,-2.896588],[-79.491283,-2.895404],[-79.49231,-2.895814],[-79.492765,-2.895633],[-79.493927,-2.895743],[-79.494636,-2.895606],[-79.495393,-2.894946],[-79.496403,-2.894655],[-79.496707,-2.894949],[-79.497317,-2.895107],[-79.498178,-2.894949],[-79.49949,-2.89569],[-79.500262,-2.895529],[-79.50171,-2.896334],[-79.502641,-2.896373],[-79.503547,-2.896777],[-79.50422,-2.896486],[-79.505221,-2.895535],[-79.507184,-2.895074],[-79.508063,-2.89436],[-79.50709,-2.893223],[-79.505409,-2.891862],[-79.50537,-2.891449],[-79.506288,-2.89022],[-79.505568,-2.889494],[-79.505805,-2.888392],[-79.504901,-2.88631],[-79.502337,-2.882726],[-79.50605,-2.870589],[-79.506082,-2.869682],[-79.505763,-2.869081],[-79.505756,-2.867996],[-79.50532,-2.867413],[-79.504944,-2.865705],[-79.504293,-2.865182],[-79.503061,-2.864816],[-79.502224,-2.864248],[-79.501346,-2.864227],[-79.500348,-2.863919],[-79.499763,-2.863483],[-79.499654,-2.862537],[-79.499456,-2.862333],[-79.498157,-2.862772],[-79.496655,-2.861845],[-79.496289,-2.860788],[-79.496104,-2.859391],[-79.496598,-2.857319],[-79.496111,-2.856988],[-79.495884,-2.856414],[-79.495231,-2.856101],[-79.492584,-2.856331],[-79.491702,-2.855833],[-79.490855,-2.856289],[-79.490337,-2.856295],[-79.488555,-2.855526],[-79.487643,-2.855445],[-79.486439,-2.855875],[-79.485432,-2.855862],[-79.484803,-2.855567],[-79.483802,-2.855509],[-79.483162,-2.855838],[-79.481593,-2.856076],[-79.481222,-2.855886],[-79.481099,-2.855359],[-79.47926,-2.855261],[-79.478424,-2.855487],[-79.477727,-2.855402],[-79.47634,-2.85658],[-79.475182,-2.85707],[-79.474824,-2.856925],[-79.474166,-2.856104],[-79.472747,-2.85521],[-79.470276,-2.855322],[-79.46883,-2.854938],[-79.468059,-2.854289],[-79.467124,-2.854272],[-79.466284,-2.853819],[-79.46579,-2.853982],[-79.465302,-2.854768],[-79.46434,-2.855446],[-79.463838,-2.855224],[-79.463007,-2.85545],[-79.461804,-2.854746],[-79.461396,-2.854262],[-79.460744,-2.854349],[-79.460317,-2.85416],[-79.45902,-2.854134],[-79.457938,-2.853189],[-79.457329,-2.853289],[-79.457038,-2.853713],[-79.455967,-2.854199],[-79.455221,-2.855428],[-79.454638,-2.855955],[-79.453872,-2.856128],[-79.4525,-2.85571],[-79.451422,-2.854918],[-79.450374,-2.854604],[-79.450136,-2.85436],[-79.44959,-2.854324],[-79.449525,-2.854077],[-79.448682,-2.853892],[-79.448048,-2.853365],[-79.447553,-2.853527],[-79.446062,-2.853008],[-79.445498,-2.851798],[-79.445491,-2.850814],[-79.444957,-2.850385],[-79.444985,-2.849958],[-79.444473,-2.849545],[-79.44305,-2.849263],[-79.438726,-2.858706],[-79.440063,-2.861182],[-79.432485,-2.866663]]]}},{"type":"Feature","properties":{"sector":"011551903001","parroquia":"010157","anio":"2020","Num":328.0},"geometry":{"type":"Polygon","coordinates":[[[-79.621041,-2.851017],[-79.621287,-2.851455],[-79.621919,-2.85191],[-79.62343,-2.852379],[-79.625035,-2.852135],[-79.626244,-2.850823],[-79.627665,-2.850206],[-79.626421,-2.849489],[-79.624645,-2.849604],[-79.622874,-2.84832],[-79.622108,-2.850241],[-79.622884,-2.850529],[-79.622702,-2.851008],[-79.621642,-2.850594],[-79.621592,-2.850737],[-79.621227,-2.850464],[-79.621041,-2.851017]]]}},{"type":"Feature","properties":{"sector":"011551903001","parroquia":"010157","anio":"2020","Num":336.0},"geometry":{"type":"Polygon","coordinates":[[[-79.621041,-2.851017],[-79.621227,-2.850464],[-79.621592,-2.850737],[-79.621642,-2.850594],[-79.622702,-2.851008],[-79.622884,-2.850529],[-79.622108,-2.850241],[-79.622874,-2.84832],[-79.620869,-2.846581],[-79.620374,-2.84648],[-79.619175,-2.846748],[-79.619458,-2.849946],[-79.621041,-2.851017]]]}},{"type":"Feature","properties":{"sector":"010157001002","parroquia":"010157","anio":"2020","Num":129.0},"geometry":{"type":"Polygon","coordinates":[[[-79.391316,-2.76346],[-79.392292,-2.762699],[-79.394065,-2.762702],[-79.394081,-2.761743],[-79.394982,-2.761459],[-79.39548,-2.76106],[-79.396043,-2.761332],[-79.395908,-2.761882],[-79.396183,-2.762559],[-79.396026,-2.763418],[-79.396126,-2.764115],[-79.395505,-2.764495],[-79.3963,-2.765015],[-79.39642,-2.765351],[-79.398361,-2.764669],[-79.398539,-2.764005],[-79.399605,-2.763813],[-79.397576,-2.760276],[-79.395843,-2.760179],[-79.394693,-2.759902],[-79.394141,-2.759452],[-79.392392,-2.758699],[-79.392318,-2.759859],[-79.390999,-2.760297],[-79.39108,-2.760722],[-79.391896,-2.761636],[-79.391239,-2.762684],[-79.391111,-2.763253],[-79.391316,-2.76346]]]}},{"type":"Feature","properties":{"sector":"010157001001","parroquia":"010157","anio":"2020","Num":223.0},"geometry":{"type":"Polygon","coordinates":[[[-79.388539,-2.762776],[-79.388889,-2.76289],[-79.389931,-2.76241],[-79.390227,-2.762625],[-79.390521,-2.763254],[-79.391297,-2.763608],[-79.391111,-2.763253],[-79.391239,-2.762684],[-79.391896,-2.761636],[-79.39108,-2.760722],[-79.390999,-2.760297],[-79.392161,-2.759982],[-79.39241,-2.759706],[-79.392274,-2.759108],[-79.392392,-2.758699],[-79.391955,-2.758619],[-79.390962,-2.757982],[-79.390816,-2.757585],[-79.390006,-2.756922],[-79.387727,-2.757778],[-79.387192,-2.760363],[-79.388539,-2.762776]]]}},{"type":"Feature","properties":{"sector":"010157001001","parroquia":"010157","anio":"2020","Num":134.0},"geometry":{"type":"Polygon","coordinates":[[[-79.391316,-2.76346],[-79.391247,-2.763617],[-79.390521,-2.763254],[-79.390227,-2.762625],[-79.389931,-2.76241],[-79.388889,-2.76289],[-79.388539,-2.762776],[-79.389578,-2.764458],[-79.389692,-2.766827],[-79.390147,-2.766732],[-79.390582,-2.767066],[-79.391422,-2.768331],[-79.391495,-2.768737],[-79.39188,-2.768699],[-79.391861,-2.768332],[-79.392909,-2.768057],[-79.39314,-2.767638],[-79.393699,-2.767442],[-79.39442,-2.766504],[-79.39487,-2.766573],[-79.394988,-2.766438],[-79.395766,-2.766974],[-79.396093,-2.767495],[-79.396404,-2.767179],[-79.396707,-2.76646],[-79.395924,-2.765778],[-79.395377,-2.76575],[-79.395223,-2.76527],[-79.395364,-2.764645],[-79.396151,-2.764025],[-79.396026,-2.763418],[-79.396183,-2.762559],[-79.395916,-2.76193],[-79.395964,-2.761223],[-79.395318,-2.761077],[-79.394982,-2.761459],[-79.394081,-2.761743],[-79.394065,-2.762702],[-79.392292,-2.762699],[-79.391316,-2.76346]]]}},{"type":"Feature","properties":{"sector":"010157001002","parroquia":"010157","anio":"2020","Num":179.0},"geometry":{"type":"Polygon","coordinates":[[[-79.396707,-2.76646],[-79.397549,-2.766518],[-79.39803,-2.765083],[-79.397971,-2.764809],[-79.39642,-2.765351],[-79.3963,-2.765015],[-79.395505,-2.764495],[-79.395211,-2.764992],[-79.395284,-2.765641],[-79.395536,-2.765846],[-79.395924,-2.765778],[-79.396707,-2.76646]]]}},{"type":"Feature","properties":{"sector":"010157001003","parroquia":"010157","anio":"2020","Num":300.0},"geometry":{"type":"Polygon","coordinates":[[[-79.397971,-2.764809],[-79.39803,-2.765083],[-79.397549,-2.766518],[-79.396707,-2.76646],[-79.396093,-2.767495],[-79.395766,-2.766974],[-79.394988,-2.766438],[-79.39487,-2.766573],[-79.39442,-2.766504],[-79.393699,-2.767442],[-79.39314,-2.767638],[-79.392909,-2.768057],[-79.391861,-2.768332],[-79.39188,-2.768699],[-79.391495,-2.768737],[-79.392291,-2.770117],[-79.39273,-2.770391],[-79.3932,-2.771173],[-79.394222,-2.771171],[-79.395005,-2.771937],[-79.396831,-2.772166],[-79.397366,-2.772411],[-79.400339,-2.77207],[-79.400991,-2.771876],[-79.401977,-2.771184],[-79.400838,-2.771373],[-79.401097,-2.770726],[-79.400104,-2.76862],[-79.400433,-2.765361],[-79.399605,-2.763813],[-79.398539,-2.764005],[-79.398361,-2.764669],[-79.397971,-2.764809]]]}},{"type":"Feature","properties":{"sector":"010157999031","parroquia":"010157","anio":"2020","Num":24.0},"geometry":{"type":"Polygon","coordinates":[[[-79.391623,-2.824288],[-79.379981,-2.833354],[-79.37946,-2.833408],[-79.378735,-2.833825],[-79.377869,-2.833755],[-79.374907,-2.8344],[-79.373015,-2.834161],[-79.372577,-2.834441],[-79.371975,-2.834444],[-79.370699,-2.834924],[-79.370286,-2.834702],[-79.368189,-2.835351],[-79.36725,-2.835875],[-79.366732,-2.836337],[-79.366479,-2.83697],[-79.365595,-2.837448],[-79.365125,-2.837973],[-79.364291,-2.838095],[-79.363357,-2.838774],[-79.362944,-2.838735],[-79.362654,-2.839595],[-79.361788,-2.840608],[-79.358487,-2.842116],[-79.356697,-2.842594],[-79.343259,-2.842592],[-79.351714,-2.848477],[-79.352622,-2.848097],[-79.353911,-2.847052],[-79.355096,-2.846935],[-79.355694,-2.846589],[-79.356582,-2.846397],[-79.357072,-2.846352],[-79.358258,-2.84725],[-79.361052,-2.847156],[-79.361454,-2.847282],[-79.362211,-2.846975],[-79.363556,-2.84692],[-79.365465,-2.845825],[-79.367405,-2.845809],[-79.368554,-2.845572],[-79.370151,-2.84595],[-79.37171,-2.847451],[-79.37297,-2.848187],[-79.373451,-2.84876],[-79.374588,-2.849328],[-79.375928,-2.849099],[-79.376832,-2.848517],[-79.37864,-2.848185],[-79.379472,-2.848229],[-79.380086,-2.84871],[-79.381254,-2.848761],[-79.381526,-2.849032],[-79.382502,-2.84928],[-79.383098,-2.84989],[-79.383778,-2.849684],[-79.38423,-2.849961],[-79.385742,-2.849332],[-79.386123,-2.849836],[-79.386434,-2.849935],[-79.386711,-2.85067],[-79.387817,-2.850838],[-79.388115,-2.851234],[-79.389193,-2.850962],[-79.389674,-2.851409],[-79.390897,-2.851443],[-79.392149,-2.850956],[-79.392806,-2.850387],[-79.393252,-2.850327],[-79.394218,-2.851025],[-79.396044,-2.851354],[-79.396642,-2.851788],[-79.396816,-2.852531],[-79.398185,-2.853547],[-79.400914,-2.85432],[-79.401461,-2.855133],[-79.4027,-2.854964],[-79.403135,-2.85579],[-79.404083,-2.855968],[-79.404982,-2.856557],[-79.405346,-2.857488],[-79.405976,-2.858062],[-79.406214,-2.859005],[-79.407193,-2.859458],[-79.407789,-2.861085],[-79.407689,-2.86237],[-79.408108,-2.862784],[-79.4082,-2.86319],[-79.408749,-2.863259],[-79.409031,-2.863564],[-79.409142,-2.864319],[-79.409596,-2.86502],[-79.409587,-2.866002],[-79.410629,-2.867155],[-79.410915,-2.86786],[-79.412113,-2.868533],[-79.412841,-2.869379],[-79.413983,-2.869909],[-79.413811,-2.871078],[-79.414893,-2.870807],[-79.415252,-2.871342],[-79.416877,-2.871541],[-79.417616,-2.872063],[-79.417639,-2.872737],[-79.417328,-2.873358],[-79.417498,-2.873639],[-79.418195,-2.873563],[-79.418733,-2.87387],[-79.418774,-2.874309],[-79.419629,-2.874323],[-79.41988,-2.874554],[-79.421128,-2.874477],[-79.421351,-2.874076],[-79.422427,-2.873764],[-79.422679,-2.873444],[-79.423772,-2.87299],[-79.424422,-2.872966],[-79.424607,-2.872709],[-79.425026,-2.872856],[-79.425201,-2.872638],[-79.425583,-2.872788],[-79.425859,-2.872682],[-79.426281,-2.872853],[-79.426742,-2.872507],[-79.42703,-2.872612],[-79.427766,-2.872077],[-79.428237,-2.872006],[-79.428308,-2.871708],[-79.429058,-2.871312],[-79.428913,-2.870522],[-79.429748,-2.869564],[-79.429509,-2.868782],[-79.429822,-2.867909],[-79.430432,-2.867729],[-79.430551,-2.867383],[-79.431116,-2.867301],[-79.431315,-2.867465],[-79.431567,-2.867192],[-79.432089,-2.867196],[-79.432456,-2.866679],[-79.440063,-2.861182],[-79.438726,-2.858706],[-79.44305,-2.849263],[-79.442883,-2.848576],[-79.443237,-2.848288],[-79.44324,-2.848053],[-79.440947,-2.84736],[-79.440857,-2.847113],[-79.440383,-2.846978],[-79.438943,-2.845351],[-79.438956,-2.844175],[-79.439244,-2.843476],[-79.438265,-2.841949],[-79.438245,-2.84163],[-79.438807,-2.840101],[-79.438662,-2.839494],[-79.438888,-2.838434],[-79.438127,-2.837152],[-79.438207,-2.836645],[-79.437815,-2.836052],[-79.437921,-2.835783],[-79.437677,-2.835363],[-79.437548,-2.834099],[-79.436809,-2.832736],[-79.435699,-2.832337],[-79.435072,-2.831442],[-79.434251,-2.830906],[-79.434266,-2.830489],[-79.433304,-2.82916],[-79.432534,-2.829007],[-79.431739,-2.828446],[-79.431309,-2.827487],[-79.431431,-2.826776],[-79.431166,-2.826517],[-79.430605,-2.826291],[-79.429566,-2.826735],[-79.429039,-2.826528],[-79.428448,-2.825779],[-79.427362,-2.825312],[-79.427102,-2.824896],[-79.425884,-2.824387],[-79.425584,-2.823878],[-79.424771,-2.823547],[-79.424332,-2.823139],[-79.423874,-2.82214],[-79.422847,-2.822247],[-79.421566,-2.821862],[-79.420179,-2.821862],[-79.419942,-2.821511],[-79.419205,-2.821268],[-79.418488,-2.821388],[-79.418174,-2.821148],[-79.417542,-2.821368],[-79.416722,-2.820867],[-79.415899,-2.820703],[-79.415425,-2.821051],[-79.414938,-2.82091],[-79.414213,-2.821014],[-79.412242,-2.821521],[-79.411555,-2.822759],[-79.41064,-2.822787],[-79.409195,-2.823344],[-79.408296,-2.822457],[-79.407563,-2.822577],[-79.407024,-2.822438],[-79.405161,-2.821361],[-79.401411,-2.820964],[-79.400907,-2.821105],[-79.398857,-2.820432],[-79.398367,-2.820579],[-79.397319,-2.820432],[-79.396795,-2.820937],[-79.396554,-2.820876],[-79.396391,-2.821135],[-79.395526,-2.821415],[-79.395414,-2.821654],[-79.395074,-2.821566],[-79.394018,-2.822073],[-79.393516,-2.822083],[-79.392711,-2.821658],[-79.391214,-2.821955],[-79.391623,-2.824288]]]}},{"type":"Feature","properties":{"sector":"011551999002","parroquia":"010157","anio":"2020","Num":281.0},"geometry":{"type":"Polygon","coordinates":[[[-79.630475,-2.827841],[-79.628959,-2.82891],[-79.626562,-2.829526],[-79.625277,-2.829257],[-79.624077,-2.828693],[-79.623565,-2.828681],[-79.62197,-2.82912],[-79.620497,-2.830185],[-79.618443,-2.829859],[-79.617434,-2.830235],[-79.615808,-2.830134],[-79.614622,-2.830804],[-79.613288,-2.831249],[-79.612089,-2.831318],[-79.61136,-2.832365],[-79.610138,-2.831991],[-79.60858,-2.833406],[-79.607617,-2.832957],[-79.607173,-2.833031],[-79.606765,-2.833366],[-79.60576,-2.832972],[-79.605811,-2.83525],[-79.606217,-2.835528],[-79.606652,-2.8368],[-79.608715,-2.837642],[-79.609252,-2.83814],[-79.609897,-2.839434],[-79.612067,-2.841921],[-79.613971,-2.841814],[-79.616781,-2.843256],[-79.617428,-2.84371],[-79.617732,-2.844631],[-79.618625,-2.845304],[-79.618907,-2.846014],[-79.620869,-2.846581],[-79.622849,-2.848301],[-79.62451,-2.846483],[-79.629053,-2.8404],[-79.629365,-2.840913],[-79.629024,-2.841469],[-79.629051,-2.841763],[-79.629545,-2.842072],[-79.630129,-2.842098],[-79.630561,-2.841915],[-79.631089,-2.841222],[-79.631737,-2.840754],[-79.633536,-2.840318],[-79.634052,-2.840402],[-79.635113,-2.839002],[-79.635843,-2.839303],[-79.637885,-2.838405],[-79.638978,-2.83864],[-79.639726,-2.837248],[-79.640099,-2.836916],[-79.641421,-2.836908],[-79.643976,-2.83607],[-79.644351,-2.835787],[-79.644988,-2.835054],[-79.645979,-2.834364],[-79.646372,-2.832894],[-79.646993,-2.831954],[-79.640725,-2.8257],[-79.64007,-2.825865],[-79.635,-2.832501],[-79.630475,-2.827841]]]}},{"type":"Feature","properties":{"sector":"010165999003","parroquia":"010165","anio":"2020","Num":33.0},"geometry":{"type":"MultiPolygon","coordinates":[[[[-79.238258,-2.780924],[-79.238001,-2.781335],[-79.238194,-2.781171],[-79.238258,-2.780924]]],[[[-79.238554,-2.780548],[-79.238524,-2.780577],[-79.238546,-2.780562],[-79.238554,-2.780548]]],[[[-79.239442,-2.779771],[-79.2394,-2.779805],[-79.239422,-2.779793],[-79.239442,-2.779771]]],[[[-79.239794,-2.779268],[-79.239772,-2.779299],[-79.239869,-2.779202],[-79.239794,-2.779268]]],[[[-79.241116,-2.778576],[-79.241055,-2.77861],[-79.241084,-2.778606],[-79.241116,-2.778576]]],[[[-79.241186,-2.778536],[-79.241156,-2.778553],[-79.241179,-2.778547],[-79.241186,-2.778536]]],[[[-79.241687,-2.778237],[-79.241356,-2.77844],[-79.241351,-2.778443],[-79.241483,-2.77848],[-79.241687,-2.778237]]],[[[-79.242228,-2.777352],[-79.242373,-2.777313],[-79.242315,-2.777146],[-79.24231,-2.777171],[-79.242228,-2.777352]]]]}},{"type":"Feature","properties":{"sector":"030358999003","parroquia":"030358","anio":"2020","Num":95.0},"geometry":{"type":"Polygon","coordinates":[[[-79.303821,-2.572398],[-79.304179,-2.572016],[-79.303887,-2.572313],[-79.303821,-2.572398]]]}},{"type":"Feature","properties":{"sector":"010157999027","parroquia":"010157","anio":"2020","Num":88.0},"geometry":{"type":"Polygon","coordinates":[[[-79.443342,-2.717621],[-79.447559,-2.727069],[-79.458611,-2.729792],[-79.462816,-2.727378],[-79.466322,-2.725908],[-79.467583,-2.724704],[-79.468413,-2.724209],[-79.470904,-2.723566],[-79.473135,-2.721115],[-79.4737,-2.720845],[-79.47511,-2.720558],[-79.475703,-2.720619],[-79.478887,-2.722205],[-79.479392,-2.72205],[-79.47987,-2.721355],[-79.480377,-2.721017],[-79.481404,-2.72118],[-79.482552,-2.721666],[-79.483753,-2.721635],[-79.485084,-2.720388],[-79.485876,-2.718398],[-79.48627,-2.717932],[-79.48744,-2.718498],[-79.488564,-2.718271],[-79.490059,-2.719279],[-79.493399,-2.719007],[-79.488303,-2.692982],[-79.486969,-2.677846],[-79.48316,-2.674952],[-79.483022,-2.675636],[-79.477919,-2.677797],[-79.476287,-2.6788],[-79.474827,-2.680068],[-79.474041,-2.681093],[-79.473461,-2.682899],[-79.473577,-2.683393],[-79.47439,-2.684368],[-79.474174,-2.685058],[-79.47041,-2.688228],[-79.468561,-2.689588],[-79.467831,-2.689877],[-79.467614,-2.690314],[-79.465822,-2.691666],[-79.465118,-2.692459],[-79.464533,-2.693525],[-79.462305,-2.693725],[-79.46188,-2.693997],[-79.461229,-2.693911],[-79.460792,-2.69424],[-79.460453,-2.694927],[-79.460283,-2.695993],[-79.460472,-2.696535],[-79.46097,-2.697045],[-79.46093,-2.697573],[-79.45954,-2.698307],[-79.458649,-2.699402],[-79.457517,-2.699449],[-79.456583,-2.700291],[-79.455183,-2.70323],[-79.45373,-2.705629],[-79.453562,-2.706524],[-79.453663,-2.708971],[-79.453449,-2.709796],[-79.453138,-2.71],[-79.452491,-2.70965],[-79.45209,-2.709658],[-79.45072,-2.710714],[-79.449597,-2.711014],[-79.448411,-2.713082],[-79.448045,-2.714251],[-79.446199,-2.714866],[-79.443342,-2.717621]]]}},{"type":"Feature","properties":{"sector":"010157999001","parroquia":"010157","anio":"2020","Num":104.0},"geometry":{"type":"Polygon","coordinates":[[[-79.411663,-2.520625],[-79.411591,-2.523396],[-79.410766,-2.525789],[-79.406824,-2.528357],[-79.412426,-2.531904],[-79.414318,-2.532838],[-79.414748,-2.534548],[-79.41611,-2.536781],[-79.418944,-2.539733],[-79.419781,-2.54022],[-79.422355,-2.540695],[-79.423807,-2.54301],[-79.424552,-2.544669],[-79.426305,-2.54997],[-79.428286,-2.548577],[-79.428287,-2.518039],[-79.4261,-2.51984],[-79.424329,-2.520654],[-79.422286,-2.520475],[-79.421844,-2.520774],[-79.420443,-2.52107],[-79.420219,-2.520901],[-79.420493,-2.520652],[-79.419585,-2.520144],[-79.418917,-2.520533],[-79.418139,-2.520556],[-79.41705,-2.520923],[-79.416621,-2.520824],[-79.416223,-2.520463],[-79.41423,-2.520666],[-79.411663,-2.520625]]]}},{"type":"Feature","properties":{"sector":"010157999002","parroquia":"010157","anio":"2020","Num":186.0},"geometry":{"type":"Polygon","coordinates":[[[-79.387922,-2.529654],[-79.387804,-2.530181],[-79.387191,-2.530977],[-79.384777,-2.532635],[-79.383868,-2.534126],[-79.382971,-2.535181],[-79.382906,-2.538439],[-79.383859,-2.539947],[-79.385048,-2.541257],[-79.383741,-2.544985],[-79.387724,-2.543503],[-79.408693,-2.529582],[-79.406824,-2.528357],[-79.410766,-2.525789],[-79.411591,-2.523396],[-79.411663,-2.520625],[-79.397492,-2.516905],[-79.391702,-2.524604],[-79.391702,-2.529654],[-79.387922,-2.529654]]]}},{"type":"Feature","properties":{"sector":"010157999004","parroquia":"010157","anio":"2020","Num":99.0},"geometry":{"type":"Polygon","coordinates":[[[-79.375958,-2.544199],[-79.375816,-2.54655],[-79.375048,-2.546925],[-79.374795,-2.547311],[-79.374713,-2.5479],[-79.374914,-2.548621],[-79.374267,-2.549584],[-79.374073,-2.550782],[-79.373598,-2.551736],[-79.373092,-2.552233],[-79.372626,-2.553634],[-79.372623,-2.555666],[-79.372862,-2.556794],[-79.373325,-2.557284],[-79.374724,-2.55815],[-79.375019,-2.559272],[-79.374457,-2.561096],[-79.373331,-2.562428],[-79.373243,-2.562857],[-79.373874,-2.564344],[-79.373722,-2.565133],[-79.37255,-2.566987],[-79.371758,-2.568689],[-79.370777,-2.571932],[-79.370234,-2.572808],[-79.36964,-2.574686],[-79.36942,-2.577764],[-79.370162,-2.578872],[-79.370345,-2.5795],[-79.37011,-2.580104],[-79.369412,-2.580542],[-79.368823,-2.581446],[-79.369551,-2.582849],[-79.369805,-2.585531],[-79.368246,-2.587869],[-79.366937,-2.588978],[-79.368685,-2.590558],[-79.37031,-2.591213],[-79.371394,-2.591286],[-79.372048,-2.591077],[-79.372833,-2.590525],[-79.378433,-2.587984],[-79.378573,-2.587768],[-79.379116,-2.586545],[-79.380228,-2.582204],[-79.38077,-2.572532],[-79.381358,-2.572133],[-79.381584,-2.570996],[-79.383045,-2.569687],[-79.383506,-2.568735],[-79.384195,-2.568258],[-79.384378,-2.567828],[-79.385009,-2.56775],[-79.387744,-2.569216],[-79.390222,-2.570039],[-79.390782,-2.570706],[-79.392158,-2.570849],[-79.392533,-2.570751],[-79.392852,-2.57018],[-79.393172,-2.570627],[-79.394009,-2.570841],[-79.394768,-2.570315],[-79.396152,-2.570465],[-79.396721,-2.570337],[-79.396986,-2.569387],[-79.397599,-2.568734],[-79.398577,-2.568747],[-79.400115,-2.56837],[-79.400661,-2.56802],[-79.401953,-2.567947],[-79.402633,-2.568393],[-79.403814,-2.568088],[-79.404626,-2.568882],[-79.40575,-2.56802],[-79.406007,-2.567607],[-79.406392,-2.567532],[-79.407303,-2.568319],[-79.407905,-2.567849],[-79.408024,-2.567362],[-79.408282,-2.567151],[-79.409466,-2.567432],[-79.411522,-2.566147],[-79.412212,-2.565415],[-79.41297,-2.565282],[-79.413057,-2.56416],[-79.41325,-2.563933],[-79.413571,-2.563893],[-79.414116,-2.564579],[-79.414546,-2.564688],[-79.414662,-2.564078],[-79.414166,-2.563734],[-79.414209,-2.563536],[-79.414544,-2.563396],[-79.415329,-2.563609],[-79.415667,-2.562816],[-79.416527,-2.562327],[-79.417348,-2.562688],[-79.41787,-2.561327],[-79.419774,-2.561884],[-79.420574,-2.560945],[-79.420968,-2.561166],[-79.42143,-2.561979],[-79.422268,-2.561093],[-79.424998,-2.560712],[-79.424998,-2.555767],[-79.425663,-2.55551],[-79.426253,-2.555001],[-79.427394,-2.553465],[-79.428286,-2.553096],[-79.428286,-2.548577],[-79.418071,-2.555625],[-79.417694,-2.556284],[-79.417586,-2.5573],[-79.416486,-2.558734],[-79.415939,-2.560314],[-79.415942,-2.560883],[-79.415048,-2.561497],[-79.414166,-2.563296],[-79.413635,-2.563727],[-79.412766,-2.563895],[-79.412196,-2.563564],[-79.411325,-2.563675],[-79.411102,-2.564782],[-79.410688,-2.565471],[-79.409939,-2.56615],[-79.407362,-2.566644],[-79.404326,-2.56678],[-79.400432,-2.565907],[-79.395445,-2.568438],[-79.39311,-2.567128],[-79.392941,-2.565902],[-79.393001,-2.562619],[-79.393362,-2.560959],[-79.39175,-2.557809],[-79.390905,-2.554962],[-79.390003,-2.552848],[-79.385175,-2.545328],[-79.384877,-2.544613],[-79.383741,-2.544985],[-79.385048,-2.541257],[-79.383859,-2.539947],[-79.382906,-2.538439],[-79.382971,-2.535181],[-79.383868,-2.534126],[-79.384777,-2.532635],[-79.387191,-2.530977],[-79.387804,-2.530181],[-79.387922,-2.529654],[-79.379187,-2.529654],[-79.380015,-2.53244],[-79.379744,-2.534018],[-79.379814,-2.534747],[-79.378436,-2.536789],[-79.378393,-2.537924],[-79.377596,-2.538567],[-79.377827,-2.539762],[-79.377525,-2.54124],[-79.377141,-2.541797],[-79.377059,-2.542679],[-79.37608,-2.543622],[-79.375958,-2.544199]]]}},{"type":"Feature","properties":{"sector":"010157999006","parroquia":"010157","anio":"2020","Num":187.0},"geometry":{"type":"Polygon","coordinates":[[[-79.413571,-2.563893],[-79.412552,-2.56685],[-79.412943,-2.570473],[-79.415327,-2.57228],[-79.416115,-2.573224],[-79.417095,-2.573756],[-79.4183,-2.574254],[-79.421141,-2.574744],[-79.421987,-2.57511],[-79.424998,-2.577904],[-79.424998,-2.560712],[-79.422268,-2.561093],[-79.42143,-2.561979],[-79.420968,-2.561166],[-79.420574,-2.560945],[-79.419774,-2.561884],[-79.417899,-2.561316],[-79.417348,-2.562688],[-79.416527,-2.562327],[-79.415667,-2.562816],[-79.415329,-2.563609],[-79.414544,-2.563396],[-79.414209,-2.563536],[-79.414166,-2.563734],[-79.414662,-2.564078],[-79.414505,-2.564714],[-79.414116,-2.564579],[-79.413571,-2.563893]]]}},{"type":"Feature","properties":{"sector":"010157999007","parroquia":"010157","anio":"2020","Num":52.0},"geometry":{"type":"Polygon","coordinates":[[[-79.378537,-2.587824],[-79.378703,-2.588106],[-79.378698,-2.588893],[-79.378269,-2.589543],[-79.378705,-2.590037],[-79.378723,-2.590522],[-79.378106,-2.592334],[-79.377715,-2.592577],[-79.378249,-2.592518],[-79.378798,-2.591976],[-79.37917,-2.592334],[-79.37909,-2.59562],[-79.37862,-2.596361],[-79.378253,-2.596447],[-79.378671,-2.596745],[-79.377756,-2.59878],[-79.377753,-2.600244],[-79.376927,-2.600444],[-79.376554,-2.600805],[-79.377093,-2.600847],[-79.376906,-2.601602],[-79.376761,-2.601194],[-79.375612,-2.601517],[-79.37527,-2.601219],[-79.374601,-2.601309],[-79.375271,-2.602026],[-79.374663,-2.601878],[-79.374456,-2.602066],[-79.374601,-2.602436],[-79.375508,-2.602505],[-79.375998,-2.603064],[-79.376335,-2.603764],[-79.37625,-2.604276],[-79.376815,-2.604938],[-79.377141,-2.605753],[-79.376842,-2.607694],[-79.376942,-2.610169],[-79.377359,-2.611027],[-79.377353,-2.6119],[-79.377735,-2.612036],[-79.377933,-2.61287],[-79.378663,-2.613379],[-79.378656,-2.613797],[-79.377998,-2.614619],[-79.378306,-2.613876],[-79.378147,-2.613481],[-79.376178,-2.613167],[-79.377022,-2.614474],[-79.377123,-2.61512],[-79.376841,-2.615595],[-79.376673,-2.616544],[-79.376423,-2.616638],[-79.376132,-2.616469],[-79.375889,-2.616884],[-79.3762,-2.618099],[-79.376936,-2.618836],[-79.377715,-2.620107],[-79.377544,-2.621152],[-79.378049,-2.621323],[-79.378405,-2.621779],[-79.378201,-2.622951],[-79.378326,-2.623348],[-79.377821,-2.624238],[-79.378632,-2.625357],[-79.378674,-2.625024],[-79.378187,-2.624155],[-79.3788,-2.623723],[-79.379731,-2.624001],[-79.379724,-2.62478],[-79.379961,-2.625442],[-79.403307,-2.623945],[-79.403813,-2.623782],[-79.404311,-2.623447],[-79.404509,-2.622083],[-79.404994,-2.621276],[-79.404768,-2.619329],[-79.405073,-2.61776],[-79.409292,-2.611684],[-79.411513,-2.608919],[-79.41176,-2.608764],[-79.423007,-2.60834],[-79.424998,-2.606785],[-79.424998,-2.582449],[-79.421567,-2.582043],[-79.414384,-2.575411],[-79.410079,-2.567048],[-79.409466,-2.567432],[-79.408282,-2.567151],[-79.407794,-2.567982],[-79.407264,-2.568328],[-79.406559,-2.567591],[-79.406104,-2.567556],[-79.404626,-2.568882],[-79.403814,-2.568088],[-79.402633,-2.568393],[-79.401953,-2.567947],[-79.400661,-2.56802],[-79.400115,-2.56837],[-79.398577,-2.568747],[-79.397737,-2.568683],[-79.397016,-2.569336],[-79.396721,-2.570337],[-79.396152,-2.570465],[-79.394768,-2.570315],[-79.394009,-2.570841],[-79.393172,-2.570627],[-79.392873,-2.570179],[-79.392395,-2.570824],[-79.390868,-2.570737],[-79.390222,-2.570039],[-79.387744,-2.569216],[-79.385009,-2.56775],[-79.384378,-2.567828],[-79.384195,-2.568258],[-79.383506,-2.568735],[-79.383045,-2.569687],[-79.381584,-2.570996],[-79.381358,-2.572133],[-79.38077,-2.572532],[-79.380228,-2.582204],[-79.379116,-2.586545],[-79.378537,-2.587824]]]}},{"type":"Feature","properties":{"sector":"010157999011","parroquia":"010157","anio":"2020","Num":50.0},"geometry":{"type":"Polygon","coordinates":[[[-79.366937,-2.588978],[-79.365195,-2.590065],[-79.364844,-2.590704],[-79.363204,-2.591485],[-79.362496,-2.592566],[-79.361922,-2.592769],[-79.361479,-2.593462],[-79.361329,-2.593835],[-79.361378,-2.594798],[-79.360885,-2.596942],[-79.360915,-2.597647],[-79.360731,-2.59788],[-79.361105,-2.59848],[-79.360212,-2.599022],[-79.360106,-2.599618],[-79.3603,-2.60004],[-79.359792,-2.602022],[-79.359183,-2.603071],[-79.359224,-2.603448],[-79.358865,-2.60383],[-79.358834,-2.604321],[-79.357011,-2.606636],[-79.356617,-2.607826],[-79.355127,-2.608966],[-79.355066,-2.610931],[-79.354596,-2.611879],[-79.352863,-2.613096],[-79.352427,-2.613615],[-79.352449,-2.613928],[-79.352947,-2.614363],[-79.352951,-2.614698],[-79.351881,-2.61518],[-79.350199,-2.617229],[-79.350261,-2.617987],[-79.349938,-2.61868],[-79.350103,-2.619622],[-79.349992,-2.62023],[-79.349512,-2.620637],[-79.347152,-2.621792],[-79.34689,-2.622395],[-79.346476,-2.622632],[-79.345692,-2.624064],[-79.345157,-2.624608],[-79.345283,-2.625834],[-79.344604,-2.626517],[-79.344471,-2.62742],[-79.345142,-2.630053],[-79.344986,-2.634722],[-79.34521,-2.635265],[-79.345845,-2.635608],[-79.345996,-2.636013],[-79.345762,-2.637157],[-79.346387,-2.6391],[-79.346167,-2.640086],[-79.347681,-2.642131],[-79.348392,-2.643636],[-79.34927,-2.644545],[-79.351211,-2.645493],[-79.35162,-2.645998],[-79.353914,-2.64752],[-79.357524,-2.649251],[-79.358767,-2.650246],[-79.359206,-2.65087],[-79.357687,-2.65669],[-79.352199,-2.674642],[-79.352242,-2.6794],[-79.352468,-2.680539],[-79.352242,-2.681931],[-79.351505,-2.683592],[-79.351269,-2.685328],[-79.351532,-2.686215],[-79.352228,-2.686976],[-79.355422,-2.689329],[-79.355932,-2.689196],[-79.357201,-2.689394],[-79.35748,-2.689869],[-79.357981,-2.689789],[-79.358856,-2.690356],[-79.359101,-2.690873],[-79.359303,-2.690828],[-79.359672,-2.691241],[-79.359412,-2.692563],[-79.359706,-2.692896],[-79.359666,-2.69326],[-79.360174,-2.693488],[-79.361392,-2.693059],[-79.361865,-2.691625],[-79.362223,-2.691293],[-79.362752,-2.691177],[-79.36292,-2.690897],[-79.363388,-2.690927],[-79.364072,-2.690195],[-79.364344,-2.689268],[-79.364829,-2.68908],[-79.36513,-2.688114],[-79.365546,-2.687865],[-79.365849,-2.687155],[-79.366721,-2.686048],[-79.367719,-2.685604],[-79.368379,-2.685055],[-79.369159,-2.685173],[-79.371151,-2.684896],[-79.371507,-2.685021],[-79.37354,-2.684334],[-79.374335,-2.684414],[-79.375025,-2.684777],[-79.375903,-2.683971],[-79.376995,-2.683803],[-79.377757,-2.683457],[-79.378518,-2.683352],[-79.378784,-2.683492],[-79.379475,-2.683108],[-79.380602,-2.682972],[-79.381066,-2.682627],[-79.382131,-2.683225],[-79.382688,-2.684553],[-79.383183,-2.685059],[-79.384127,-2.685585],[-79.384767,-2.68646],[-79.386195,-2.68604],[-79.387135,-2.685366],[-79.387268,-2.684952],[-79.38791,-2.684432],[-79.388217,-2.683746],[-79.387825,-2.68308],[-79.387612,-2.681122],[-79.387385,-2.680988],[-79.387952,-2.679482],[-79.388015,-2.678747],[-79.387638,-2.678329],[-79.387689,-2.678044],[-79.387169,-2.676909],[-79.387158,-2.676344],[-79.387545,-2.675798],[-79.387643,-2.675066],[-79.38832,-2.674601],[-79.388838,-2.673613],[-79.388736,-2.672556],[-79.389119,-2.672064],[-79.389713,-2.671793],[-79.390073,-2.671107],[-79.390235,-2.670542],[-79.390155,-2.669874],[-79.390753,-2.669538],[-79.391093,-2.668944],[-79.391167,-2.66767],[-79.391709,-2.66728],[-79.392031,-2.666513],[-79.392885,-2.665993],[-79.393408,-2.664704],[-79.393919,-2.664111],[-79.397705,-2.664077],[-79.398412,-2.663837],[-79.399305,-2.664042],[-79.400051,-2.663602],[-79.39999,-2.662873],[-79.399777,-2.662565],[-79.400376,-2.660297],[-79.400081,-2.658305],[-79.400347,-2.656775],[-79.400638,-2.655951],[-79.401726,-2.655201],[-79.402717,-2.652837],[-79.401403,-2.651883],[-79.400656,-2.650947],[-79.400563,-2.649807],[-79.402127,-2.648978],[-79.403461,-2.646726],[-79.403949,-2.64656],[-79.404527,-2.646786],[-79.405007,-2.646678],[-79.405543,-2.644771],[-79.406604,-2.642768],[-79.408338,-2.641618],[-79.408571,-2.640353],[-79.409154,-2.63966],[-79.40974,-2.639454],[-79.410369,-2.638667],[-79.411056,-2.63713],[-79.411968,-2.636124],[-79.412569,-2.634836],[-79.414432,-2.633126],[-79.415201,-2.631121],[-79.416247,-2.630518],[-79.419336,-2.626693],[-79.419512,-2.626309],[-79.419455,-2.625274],[-79.419686,-2.624943],[-79.421086,-2.624493],[-79.422931,-2.623441],[-79.424093,-2.622358],[-79.424844,-2.62091],[-79.426034,-2.620329],[-79.426838,-2.61963],[-79.427382,-2.619034],[-79.428207,-2.617264],[-79.428134,-2.616403],[-79.428617,-2.615383],[-79.430079,-2.614121],[-79.430234,-2.613406],[-79.431572,-2.611954],[-79.433797,-2.611787],[-79.434129,-2.611542],[-79.434329,-2.610831],[-79.43522,-2.610104],[-79.43574,-2.609352],[-79.436319,-2.607043],[-79.436261,-2.603531],[-79.435328,-2.603444],[-79.433612,-2.604431],[-79.431888,-2.604349],[-79.429684,-2.605053],[-79.427529,-2.606391],[-79.425816,-2.606263],[-79.423007,-2.60834],[-79.41176,-2.608764],[-79.410569,-2.609973],[-79.405192,-2.617544],[-79.404768,-2.619329],[-79.404994,-2.621276],[-79.404509,-2.622083],[-79.404311,-2.623447],[-79.403307,-2.623945],[-79.379961,-2.625442],[-79.379724,-2.62478],[-79.379731,-2.624001],[-79.3788,-2.623723],[-79.378187,-2.624155],[-79.378674,-2.625024],[-79.378632,-2.625357],[-79.377821,-2.624238],[-79.378326,-2.623348],[-79.378201,-2.622951],[-79.378405,-2.621779],[-79.378049,-2.621323],[-79.377544,-2.621152],[-79.377715,-2.620107],[-79.376936,-2.618836],[-79.3762,-2.618099],[-79.375889,-2.616884],[-79.376132,-2.616469],[-79.376423,-2.616638],[-79.376673,-2.616544],[-79.376841,-2.615595],[-79.377123,-2.61512],[-79.377022,-2.614474],[-79.376178,-2.613167],[-79.378147,-2.613481],[-79.378306,-2.613876],[-79.377998,-2.614619],[-79.378656,-2.613797],[-79.378663,-2.613379],[-79.377933,-2.61287],[-79.377735,-2.612036],[-79.377353,-2.6119],[-79.377359,-2.611027],[-79.376942,-2.610169],[-79.376842,-2.607694],[-79.377141,-2.605753],[-79.376815,-2.604938],[-79.37625,-2.604276],[-79.376335,-2.603764],[-79.375998,-2.603064],[-79.375508,-2.602505],[-79.374601,-2.602436],[-79.374456,-2.602066],[-79.374663,-2.601878],[-79.375271,-2.602026],[-79.374601,-2.601309],[-79.37527,-2.601219],[-79.375612,-2.601517],[-79.376761,-2.601194],[-79.376906,-2.601602],[-79.377093,-2.600847],[-79.376554,-2.600805],[-79.376927,-2.600444],[-79.377761,-2.60022],[-79.377756,-2.59878],[-79.378671,-2.596745],[-79.378253,-2.596447],[-79.37862,-2.596361],[-79.379075,-2.59566],[-79.379199,-2.594555],[-79.379212,-2.592442],[-79.379001,-2.592098],[-79.37875,-2.591992],[-79.378249,-2.592518],[-79.377715,-2.592577],[-79.378106,-2.592334],[-79.378723,-2.590522],[-79.378705,-2.590037],[-79.378269,-2.589543],[-79.378698,-2.588893],[-79.378703,-2.588106],[-79.378537,-2.587824],[-79.371394,-2.591286],[-79.37031,-2.591213],[-79.36907,-2.590793],[-79.366937,-2.588978]]]}},{"type":"Feature","properties":{"sector":"010157999013","parroquia":"010157","anio":"2020","Num":112.0},"geometry":{"type":"Polygon","coordinates":[[[-79.436688,-2.601975],[-79.436261,-2.603531],[-79.436319,-2.607043],[-79.43574,-2.609352],[-79.43522,-2.610104],[-79.434329,-2.610831],[-79.434129,-2.611542],[-79.433797,-2.611787],[-79.431572,-2.611954],[-79.430234,-2.613406],[-79.430079,-2.614121],[-79.428617,-2.615383],[-79.428134,-2.616403],[-79.428209,-2.617245],[-79.429185,-2.618901],[-79.429413,-2.619767],[-79.429415,-2.620433],[-79.428878,-2.621254],[-79.428896,-2.622392],[-79.429732,-2.623105],[-79.430493,-2.623427],[-79.430807,-2.624696],[-79.431356,-2.625486],[-79.431841,-2.626723],[-79.431989,-2.628415],[-79.431853,-2.629195],[-79.432226,-2.630281],[-79.431458,-2.632121],[-79.431232,-2.634406],[-79.431457,-2.635467],[-79.432126,-2.636684],[-79.432245,-2.638766],[-79.4319,-2.639773],[-79.431914,-2.640452],[-79.432698,-2.641996],[-79.433411,-2.645286],[-79.433978,-2.646688],[-79.434216,-2.650336],[-79.434442,-2.65103],[-79.435366,-2.652324],[-79.43581,-2.654149],[-79.446881,-2.647928],[-79.446827,-2.647509],[-79.447267,-2.646848],[-79.447791,-2.646312],[-79.448926,-2.645742],[-79.450042,-2.644452],[-79.450254,-2.642498],[-79.451353,-2.639822],[-79.451155,-2.639304],[-79.450843,-2.639108],[-79.449623,-2.639629],[-79.4489,-2.639323],[-79.448666,-2.636904],[-79.449093,-2.636425],[-79.450517,-2.635722],[-79.451738,-2.63432],[-79.452014,-2.633578],[-79.451987,-2.631532],[-79.452223,-2.630908],[-79.452824,-2.630686],[-79.453878,-2.63101],[-79.454512,-2.630995],[-79.454928,-2.630648],[-79.455021,-2.63021],[-79.454813,-2.628847],[-79.454436,-2.628438],[-79.453922,-2.628456],[-79.452909,-2.628959],[-79.450598,-2.628572],[-79.45028,-2.628366],[-79.450983,-2.627375],[-79.452547,-2.625857],[-79.452194,-2.623414],[-79.452279,-2.622174],[-79.454005,-2.619692],[-79.453848,-2.617862],[-79.454412,-2.616697],[-79.453794,-2.615113],[-79.454106,-2.614071],[-79.453249,-2.612426],[-79.45326,-2.611587],[-79.451996,-2.610488],[-79.451954,-2.609384],[-79.452339,-2.608826],[-79.452312,-2.607572],[-79.451046,-2.608014],[-79.450458,-2.608431],[-79.449958,-2.608999],[-79.449511,-2.610322],[-79.447952,-2.61112],[-79.447312,-2.6111],[-79.446898,-2.610473],[-79.445837,-2.609549],[-79.444343,-2.610137],[-79.44351,-2.610045],[-79.443295,-2.609915],[-79.444216,-2.609456],[-79.444188,-2.60903],[-79.441846,-2.605503],[-79.441406,-2.603771],[-79.440328,-2.60322],[-79.439331,-2.603508],[-79.438451,-2.603283],[-79.438279,-2.603033],[-79.43831,-2.602549],[-79.437271,-2.60217],[-79.437173,-2.601764],[-79.436688,-2.601975]]]}},{"type":"Feature","properties":{"sector":"010157999014","parroquia":"010157","anio":"2020","Num":188.0},"geometry":{"type":"Polygon","coordinates":[[[-79.452312,-2.607572],[-79.452339,-2.608826],[-79.451954,-2.609384],[-79.451996,-2.610488],[-79.45326,-2.611587],[-79.453249,-2.612426],[-79.454106,-2.614071],[-79.453794,-2.615113],[-79.454048,-2.615772],[-79.455179,-2.615976],[-79.457979,-2.615768],[-79.461334,-2.617248],[-79.463864,-2.617246],[-79.464033,-2.619681],[-79.463044,-2.619925],[-79.462746,-2.620266],[-79.462946,-2.620491],[-79.46364,-2.620621],[-79.463737,-2.620926],[-79.463138,-2.622034],[-79.46235,-2.62293],[-79.462144,-2.623679],[-79.462222,-2.624381],[-79.462916,-2.625396],[-79.463533,-2.624718],[-79.463829,-2.623287],[-79.46429,-2.62292],[-79.465287,-2.621173],[-79.46568,-2.619109],[-79.466066,-2.618845],[-79.466504,-2.617891],[-79.466753,-2.617831],[-79.468314,-2.616039],[-79.468426,-2.614841],[-79.469654,-2.6124],[-79.46948,-2.611273],[-79.469812,-2.610709],[-79.469919,-2.610025],[-79.46979,-2.608926],[-79.470298,-2.607573],[-79.452312,-2.607572]]]}},{"type":"Feature","properties":{"sector":"010157999014","parroquia":"010157","anio":"2020","Num":145.0},"geometry":{"type":"Polygon","coordinates":[[[-79.454048,-2.615772],[-79.454412,-2.616697],[-79.453848,-2.617862],[-79.454065,-2.619497],[-79.452242,-2.622369],[-79.452233,-2.623909],[-79.452547,-2.625857],[-79.450983,-2.627375],[-79.45028,-2.628366],[-79.450598,-2.628572],[-79.452909,-2.628959],[-79.453922,-2.628456],[-79.454436,-2.628438],[-79.454813,-2.628847],[-79.455016,-2.630458],[-79.454375,-2.631024],[-79.452824,-2.630686],[-79.452223,-2.630908],[-79.451987,-2.631532],[-79.452014,-2.633578],[-79.451738,-2.63432],[-79.450517,-2.635722],[-79.449093,-2.636425],[-79.448691,-2.636841],[-79.4489,-2.639323],[-79.449623,-2.639629],[-79.450843,-2.639108],[-79.451155,-2.639304],[-79.451343,-2.640049],[-79.450254,-2.642498],[-79.450042,-2.644452],[-79.449019,-2.645658],[-79.447791,-2.646312],[-79.446897,-2.647338],[-79.46004,-2.657386],[-79.464457,-2.64524],[-79.463829,-2.640516],[-79.463858,-2.63839],[-79.464237,-2.637464],[-79.464277,-2.636223],[-79.464919,-2.634306],[-79.465401,-2.633433],[-79.466399,-2.632618],[-79.461733,-2.629798],[-79.461632,-2.62926],[-79.462916,-2.625396],[-79.462222,-2.624381],[-79.462144,-2.623679],[-79.46235,-2.62293],[-79.463138,-2.622034],[-79.463754,-2.620822],[-79.46364,-2.620621],[-79.462837,-2.620433],[-79.462781,-2.620128],[-79.464053,-2.619615],[-79.463864,-2.617246],[-79.461334,-2.617248],[-79.457979,-2.615768],[-79.455179,-2.615976],[-79.454048,-2.615772]]]}},{"type":"Feature","properties":{"sector":"010157999015","parroquia":"010157","anio":"2020","Num":57.0},"geometry":{"type":"Polygon","coordinates":[[[-79.446881,-2.647928],[-79.448027,-2.648702],[-79.448677,-2.649869],[-79.450705,-2.651233],[-79.451049,-2.651748],[-79.450989,-2.652089],[-79.450039,-2.653458],[-79.449942,-2.654525],[-79.449069,-2.655686],[-79.448727,-2.656713],[-79.447711,-2.657629],[-79.446766,-2.658847],[-79.446786,-2.659934],[-79.446493,-2.661058],[-79.446646,-2.662233],[-79.446273,-2.664167],[-79.446338,-2.664561],[-79.446628,-2.664868],[-79.447774,-2.665285],[-79.448801,-2.666806],[-79.44931,-2.66815],[-79.449846,-2.668368],[-79.44966,-2.669208],[-79.450035,-2.671145],[-79.450015,-2.672835],[-79.450258,-2.673995],[-79.450742,-2.67464],[-79.450799,-2.675684],[-79.45031,-2.676892],[-79.448335,-2.677747],[-79.446829,-2.67929],[-79.445539,-2.679856],[-79.444524,-2.680904],[-79.443909,-2.681883],[-79.443686,-2.68432],[-79.443827,-2.686377],[-79.443623,-2.687274],[-79.44319,-2.687735],[-79.443077,-2.688436],[-79.442735,-2.689023],[-79.442678,-2.69059],[-79.441839,-2.693233],[-79.442987,-2.694347],[-79.443124,-2.694927],[-79.442908,-2.696458],[-79.444297,-2.697964],[-79.44493,-2.699377],[-79.444042,-2.701733],[-79.443679,-2.703697],[-79.441946,-2.706002],[-79.441879,-2.707499],[-79.441195,-2.7094],[-79.440329,-2.710934],[-79.439644,-2.71316],[-79.439595,-2.714007],[-79.443342,-2.717621],[-79.446199,-2.714866],[-79.448045,-2.714251],[-79.448411,-2.713082],[-79.449597,-2.711014],[-79.45072,-2.710714],[-79.45209,-2.709658],[-79.452491,-2.70965],[-79.453138,-2.71],[-79.453449,-2.709796],[-79.453676,-2.708765],[-79.453587,-2.706214],[-79.453871,-2.705286],[-79.455183,-2.70323],[-79.456583,-2.700291],[-79.457517,-2.699449],[-79.458649,-2.699402],[-79.45954,-2.698307],[-79.46093,-2.697573],[-79.46097,-2.697045],[-79.460472,-2.696535],[-79.460283,-2.695993],[-79.460453,-2.694927],[-79.460861,-2.694149],[-79.461229,-2.693911],[-79.46188,-2.693997],[-79.462305,-2.693725],[-79.464533,-2.693525],[-79.465118,-2.692459],[-79.465822,-2.691666],[-79.467614,-2.690314],[-79.467831,-2.689877],[-79.468561,-2.689588],[-79.47041,-2.688228],[-79.474174,-2.685058],[-79.47439,-2.684368],[-79.473577,-2.683393],[-79.473461,-2.682899],[-79.474041,-2.681093],[-79.474827,-2.680068],[-79.476287,-2.6788],[-79.477919,-2.677797],[-79.482486,-2.675936],[-79.483022,-2.675636],[-79.483193,-2.675222],[-79.48316,-2.674952],[-79.446897,-2.647338],[-79.446881,-2.647928]]]}},{"type":"Feature","properties":{"sector":"011551999001","parroquia":"010157","anio":"2020","Num":192.0},"geometry":{"type":"Polygon","coordinates":[[[-79.648365,-2.819142],[-79.647997,-2.819381],[-79.64787,-2.82034],[-79.646608,-2.821263],[-79.646571,-2.821843],[-79.644986,-2.822673],[-79.644769,-2.823762],[-79.644474,-2.823917],[-79.643155,-2.824006],[-79.642528,-2.824628],[-79.642182,-2.824673],[-79.641901,-2.824554],[-79.64176,-2.823999],[-79.641121,-2.823834],[-79.640311,-2.824964],[-79.638769,-2.825438],[-79.637294,-2.826288],[-79.635559,-2.826541],[-79.634019,-2.826315],[-79.633105,-2.827501],[-79.631624,-2.827339],[-79.630475,-2.827841],[-79.635,-2.832501],[-79.64007,-2.825865],[-79.640725,-2.8257],[-79.646993,-2.831954],[-79.647934,-2.831244],[-79.649403,-2.828801],[-79.651445,-2.827121],[-79.651453,-2.825271],[-79.652403,-2.823607],[-79.653648,-2.823224],[-79.654399,-2.822428],[-79.655673,-2.82206],[-79.656991,-2.820468],[-79.658788,-2.820256],[-79.659532,-2.819825],[-79.659184,-2.819663],[-79.659191,-2.818819],[-79.658657,-2.81854],[-79.657189,-2.818312],[-79.655452,-2.818327],[-79.654125,-2.817932],[-79.651838,-2.817853],[-79.650973,-2.817565],[-79.649155,-2.819017],[-79.648365,-2.819142]]]}},{"type":"Feature","properties":{"sector":"011551999004","parroquia":"010157","anio":"2020","Num":76.0},"geometry":{"type":"Polygon","coordinates":[[[-79.530099,-2.807379],[-79.530027,-2.807877],[-79.529529,-2.808249],[-79.528998,-2.809479],[-79.527406,-2.810033],[-79.52655,-2.811198],[-79.526423,-2.811636],[-79.526988,-2.812568],[-79.52679,-2.814603],[-79.527079,-2.816207],[-79.52748,-2.817557],[-79.533668,-2.824899],[-79.546364,-2.827393],[-79.559459,-2.830287],[-79.578529,-2.835969],[-79.582769,-2.836991],[-79.583454,-2.838038],[-79.5834,-2.839474],[-79.582875,-2.84081],[-79.582823,-2.842038],[-79.581676,-2.843674],[-79.582033,-2.844656],[-79.581621,-2.845252],[-79.582112,-2.846361],[-79.582712,-2.846984],[-79.58412,-2.847299],[-79.584762,-2.846],[-79.58525,-2.845493],[-79.587946,-2.844129],[-79.588279,-2.843794],[-79.588854,-2.843724],[-79.589731,-2.844038],[-79.590435,-2.843906],[-79.590322,-2.84428],[-79.590575,-2.845359],[-79.590537,-2.847971],[-79.590829,-2.848113],[-79.591883,-2.84792],[-79.593091,-2.849243],[-79.593795,-2.850625],[-79.594368,-2.851076],[-79.594424,-2.851724],[-79.594924,-2.851992],[-79.595599,-2.852136],[-79.597238,-2.851355],[-79.598573,-2.851283],[-79.59934,-2.851582],[-79.600002,-2.851605],[-79.601802,-2.850911],[-79.603434,-2.849805],[-79.604146,-2.849967],[-79.605545,-2.850962],[-79.607314,-2.851218],[-79.608186,-2.851681],[-79.609424,-2.853183],[-79.611444,-2.85441],[-79.61188,-2.854364],[-79.6128,-2.85328],[-79.613421,-2.853003],[-79.615419,-2.85296],[-79.616728,-2.853077],[-79.61783,-2.85354],[-79.618512,-2.854352],[-79.62225,-2.854518],[-79.623021,-2.854279],[-79.625552,-2.852833],[-79.62617,-2.851947],[-79.626816,-2.851411],[-79.628472,-2.850604],[-79.627665,-2.850206],[-79.626244,-2.850823],[-79.625035,-2.852135],[-79.62343,-2.852379],[-79.622799,-2.852297],[-79.622637,-2.852051],[-79.621919,-2.85191],[-79.621287,-2.851455],[-79.620983,-2.850957],[-79.619458,-2.849946],[-79.619175,-2.846748],[-79.620374,-2.84648],[-79.618907,-2.846014],[-79.618625,-2.845304],[-79.617732,-2.844631],[-79.617428,-2.84371],[-79.614806,-2.842143],[-79.613971,-2.841814],[-79.612067,-2.841921],[-79.609897,-2.839434],[-79.609252,-2.83814],[-79.608715,-2.837642],[-79.606652,-2.8368],[-79.606217,-2.835528],[-79.605811,-2.83525],[-79.60576,-2.832972],[-79.606765,-2.833366],[-79.607173,-2.833031],[-79.607617,-2.832957],[-79.60858,-2.833406],[-79.610138,-2.831991],[-79.61136,-2.832365],[-79.612089,-2.831318],[-79.613288,-2.831249],[-79.614622,-2.830804],[-79.615808,-2.830134],[-79.617434,-2.830235],[-79.618443,-2.829859],[-79.620598,-2.830161],[-79.62197,-2.82912],[-79.622823,-2.828777],[-79.624077,-2.828693],[-79.625277,-2.829257],[-79.626562,-2.829526],[-79.628959,-2.82891],[-79.629302,-2.828533],[-79.63133,-2.827384],[-79.633105,-2.827501],[-79.634019,-2.826315],[-79.635559,-2.826541],[-79.637294,-2.826288],[-79.638769,-2.825438],[-79.640311,-2.824964],[-79.641121,-2.823834],[-79.64155,-2.823861],[-79.64176,-2.823999],[-79.641901,-2.824554],[-79.642432,-2.824673],[-79.643155,-2.824006],[-79.644769,-2.823762],[-79.644938,-2.822734],[-79.646571,-2.821843],[-79.646608,-2.821263],[-79.64787,-2.82034],[-79.647997,-2.819381],[-79.648365,-2.819142],[-79.647901,-2.819166],[-79.647454,-2.819494],[-79.646624,-2.819296],[-79.646145,-2.818586],[-79.642537,-2.816153],[-79.640085,-2.815581],[-79.639637,-2.815865],[-79.63876,-2.816011],[-79.637776,-2.815507],[-79.636991,-2.81651],[-79.637126,-2.816994],[-79.636473,-2.818112],[-79.636608,-2.818581],[-79.636902,-2.818805],[-79.636326,-2.820616],[-79.636466,-2.821334],[-79.635947,-2.821632],[-79.635949,-2.821825],[-79.636321,-2.822048],[-79.636342,-2.822459],[-79.635989,-2.823359],[-79.635074,-2.823468],[-79.634985,-2.823277],[-79.63434,-2.823094],[-79.632546,-2.823596],[-79.632198,-2.823468],[-79.631576,-2.823738],[-79.630137,-2.823622],[-79.629418,-2.823116],[-79.628739,-2.821814],[-79.628338,-2.821448],[-79.626765,-2.820584],[-79.625916,-2.818942],[-79.625155,-2.818461],[-79.623861,-2.816908],[-79.622677,-2.815924],[-79.62236,-2.815297],[-79.622526,-2.814635],[-79.621871,-2.814162],[-79.621181,-2.813983],[-79.620358,-2.814246],[-79.619378,-2.813996],[-79.618307,-2.814312],[-79.617951,-2.814243],[-79.555038,-2.788628],[-79.548153,-2.788365],[-79.541834,-2.800337],[-79.541249,-2.803943],[-79.53922,-2.807129],[-79.539871,-2.808156],[-79.539666,-2.809509],[-79.539868,-2.810821],[-79.539578,-2.811184],[-79.538441,-2.810679],[-79.537011,-2.809449],[-79.533203,-2.808446],[-79.531547,-2.807568],[-79.530099,-2.807379]]]}},{"type":"Feature","properties":{"sector":"010157999031","parroquia":"010157","anio":"2020","Num":46.0},"geometry":{"type":"Polygon","coordinates":[[[-79.514926,-2.865661],[-79.543785,-2.8693],[-79.550923,-2.880398],[-79.551659,-2.877304],[-79.552255,-2.877471],[-79.552897,-2.878482],[-79.554468,-2.878376],[-79.55619,-2.877635],[-79.557713,-2.877827],[-79.558259,-2.877302],[-79.558511,-2.877572],[-79.558668,-2.878493],[-79.559934,-2.878755],[-79.561532,-2.877967],[-79.561661,-2.877708],[-79.562282,-2.877379],[-79.562863,-2.876594],[-79.564184,-2.876743],[-79.565672,-2.876134],[-79.566852,-2.876512],[-79.568381,-2.87591],[-79.568913,-2.875879],[-79.569556,-2.876221],[-79.570831,-2.877836],[-79.57134,-2.877686],[-79.572339,-2.876801],[-79.572768,-2.87665],[-79.572762,-2.876221],[-79.573068,-2.875974],[-79.57329,-2.876063],[-79.573574,-2.876634],[-79.574624,-2.875648],[-79.576699,-2.875599],[-79.577551,-2.875124],[-79.578074,-2.875455],[-79.578598,-2.876727],[-79.580201,-2.875392],[-79.581372,-2.875201],[-79.582649,-2.875349],[-79.583145,-2.875656],[-79.583782,-2.875578],[-79.585206,-2.877203],[-79.587426,-2.877243],[-79.588896,-2.876943],[-79.590154,-2.876296],[-79.590529,-2.876339],[-79.590949,-2.876696],[-79.591791,-2.876533],[-79.592327,-2.875914],[-79.592682,-2.875052],[-79.593483,-2.874289],[-79.593678,-2.873396],[-79.594312,-2.872768],[-79.594884,-2.872351],[-79.595924,-2.872387],[-79.597399,-2.871724],[-79.597933,-2.870741],[-79.598565,-2.870259],[-79.598952,-2.868802],[-79.600053,-2.866669],[-79.601216,-2.86677],[-79.601149,-2.865381],[-79.601775,-2.862451],[-79.601702,-2.861108],[-79.601977,-2.859801],[-79.601853,-2.85935],[-79.601027,-2.858557],[-79.601077,-2.85805],[-79.601388,-2.857748],[-79.60392,-2.857007],[-79.605472,-2.855297],[-79.605946,-2.855103],[-79.606645,-2.855247],[-79.60988,-2.857243],[-79.610741,-2.85738],[-79.611539,-2.856944],[-79.613419,-2.855305],[-79.614045,-2.854522],[-79.614823,-2.854169],[-79.615816,-2.854065],[-79.617507,-2.854347],[-79.618317,-2.854226],[-79.61783,-2.85354],[-79.616728,-2.853077],[-79.613421,-2.853003],[-79.6128,-2.85328],[-79.61188,-2.854364],[-79.611444,-2.85441],[-79.609424,-2.853183],[-79.608186,-2.851681],[-79.607314,-2.851218],[-79.605545,-2.850962],[-79.604146,-2.849967],[-79.603434,-2.849805],[-79.601802,-2.850911],[-79.600002,-2.851605],[-79.59934,-2.851582],[-79.598573,-2.851283],[-79.597238,-2.851355],[-79.595599,-2.852136],[-79.594924,-2.851992],[-79.594424,-2.851724],[-79.594368,-2.851076],[-79.593795,-2.850625],[-79.593091,-2.849243],[-79.591883,-2.84792],[-79.590829,-2.848113],[-79.590537,-2.847971],[-79.590575,-2.845359],[-79.590322,-2.84428],[-79.590435,-2.843906],[-79.589731,-2.844038],[-79.588854,-2.843724],[-79.588279,-2.843794],[-79.587946,-2.844129],[-79.58525,-2.845493],[-79.584762,-2.846],[-79.58412,-2.847299],[-79.582712,-2.846984],[-79.582276,-2.846586],[-79.581631,-2.845359],[-79.582033,-2.844656],[-79.581676,-2.843674],[-79.582823,-2.842038],[-79.582875,-2.84081],[-79.583342,-2.839791],[-79.583493,-2.838514],[-79.583393,-2.837885],[-79.582769,-2.836991],[-79.578529,-2.835969],[-79.559459,-2.830287],[-79.546364,-2.827393],[-79.533695,-2.824893],[-79.534073,-2.827063],[-79.53277,-2.829711],[-79.532137,-2.830523],[-79.532311,-2.831972],[-79.532168,-2.833668],[-79.531887,-2.834127],[-79.531085,-2.83469],[-79.531454,-2.836216],[-79.531366,-2.837114],[-79.531117,-2.837452],[-79.530398,-2.837787],[-79.530107,-2.838738],[-79.530195,-2.839029],[-79.530642,-2.839253],[-79.53219,-2.838948],[-79.533055,-2.838999],[-79.533689,-2.840028],[-79.532589,-2.842621],[-79.533008,-2.84444],[-79.532863,-2.845879],[-79.533339,-2.846842],[-79.531686,-2.848069],[-79.531399,-2.849559],[-79.530402,-2.851768],[-79.530617,-2.852181],[-79.531744,-2.853062],[-79.532055,-2.853727],[-79.532039,-2.8543],[-79.531276,-2.85576],[-79.53139,-2.856252],[-79.529987,-2.857052],[-79.528624,-2.857175],[-79.527691,-2.856874],[-79.526812,-2.855642],[-79.526457,-2.855489],[-79.524738,-2.855821],[-79.523298,-2.857016],[-79.522637,-2.856936],[-79.521958,-2.856517],[-79.521272,-2.857597],[-79.520902,-2.857843],[-79.520553,-2.859875],[-79.518523,-2.863582],[-79.514926,-2.865661]]]}},{"type":"Feature","properties":{"sector":"090350999006","parroquia":"090350","anio":"2021","Num":174.0},"geometry":{"type":"MultiPolygon","coordinates":[[[[-79.625589,-2.852759],[-79.627088,-2.852187],[-79.628312,-2.850727],[-79.626816,-2.851411],[-79.625589,-2.852759]]],[[[-79.62913,-2.850406],[-79.628601,-2.850538],[-79.62939,-2.850341],[-79.62913,-2.850406]]]]}},{"type":"Feature","properties":{"sector":"091151999009","parroquia":"091151","anio":"2021","Num":237.0},"geometry":{"type":"MultiPolygon","coordinates":[[[[-79.44214,-2.605939],[-79.443318,-2.60777],[-79.444134,-2.60892],[-79.443357,-2.607761],[-79.44214,-2.605939]]],[[[-79.44214,-2.605939],[-79.441726,-2.605187],[-79.44151,-2.60409],[-79.441698,-2.605183],[-79.44214,-2.605939]]],[[[-79.438451,-2.603283],[-79.439331,-2.603508],[-79.440492,-2.603254],[-79.441304,-2.603663],[-79.441509,-2.604085],[-79.441471,-2.603832],[-79.441233,-2.603548],[-79.440524,-2.603179],[-79.43919,-2.603439],[-79.438305,-2.603077],[-79.438451,-2.603283]]],[[[-79.438231,-2.602496],[-79.438077,-2.602227],[-79.437284,-2.601879],[-79.437271,-2.60217],[-79.438231,-2.602496]]]]}},{"type":"Feature","properties":{"sector":"091152999013","parroquia":"091152","anio":"2021","Num":385.0},"geometry":{"type":"Polygon","coordinates":[[[-79.436261,-2.603531],[-79.43636,-2.603515],[-79.436688,-2.601975],[-79.436271,-2.602595],[-79.436261,-2.603531]]]}},{"type":"Feature","properties":{"sector":"091151999012","parroquia":"091151","anio":"2021","Num":107.0},"geometry":{"type":"MultiPolygon","coordinates":[[[[-79.466363,-2.632504],[-79.466364,-2.632506],[-79.466468,-2.63146],[-79.466363,-2.632504]]],[[[-79.467934,-2.624421],[-79.468948,-2.623952],[-79.46961,-2.623249],[-79.470222,-2.622906],[-79.46933,-2.623297],[-79.468984,-2.623871],[-79.467934,-2.624421]]],[[[-79.47048,-2.622504],[-79.471471,-2.621934],[-79.471719,-2.620103],[-79.472321,-2.619779],[-79.471844,-2.619711],[-79.471671,-2.619854],[-79.471366,-2.621774],[-79.47048,-2.622504]]],[[[-79.472451,-2.619503],[-79.472539,-2.619271],[-79.472608,-2.6192],[-79.472461,-2.619278],[-79.472451,-2.619503]]]]}},{"type":"Feature","properties":{"sector":"011551999005","parroquia":"090350","anio":"2021","Num":48.0},"geometry":{"type":"MultiPolygon","coordinates":[[[[-79.587486,-2.877182],[-79.587426,-2.877243],[-79.587864,-2.877104],[-79.587646,-2.877103],[-79.587486,-2.877182]]],[[[-79.572718,-2.876493],[-79.572768,-2.87665],[-79.573422,-2.876798],[-79.573731,-2.876544],[-79.573468,-2.876617],[-79.573132,-2.875974],[-79.572787,-2.876186],[-79.572718,-2.876493]]],[[[-79.57422,-2.87589],[-79.574161,-2.876122],[-79.575328,-2.875621],[-79.574782,-2.875608],[-79.57422,-2.87589]]],[[[-79.575757,-2.875618],[-79.576208,-2.875621],[-79.575989,-2.875548],[-79.575757,-2.875618]]],[[[-79.594619,-2.872521],[-79.594601,-2.872536],[-79.594621,-2.872521],[-79.594619,-2.872521]]],[[[-79.597732,-2.871115],[-79.597684,-2.871128],[-79.597838,-2.8711],[-79.597732,-2.871115]]]]}},{"type":"Feature","properties":{"sector":"010157999031","parroquia":"010157","anio":"2020","Num":106.0},"geometry":{"type":"Polygon","coordinates":[[[-79.505541,-2.872512],[-79.502337,-2.882726],[-79.504901,-2.88631],[-79.505805,-2.888392],[-79.505568,-2.889494],[-79.506288,-2.89022],[-79.50537,-2.891449],[-79.505409,-2.891862],[-79.50709,-2.893223],[-79.508063,-2.89436],[-79.508259,-2.89396],[-79.50936,-2.893017],[-79.510509,-2.892818],[-79.510805,-2.892152],[-79.511663,-2.891924],[-79.512027,-2.89137],[-79.512977,-2.891033],[-79.513544,-2.891148],[-79.514011,-2.890876],[-79.514684,-2.890804],[-79.515621,-2.890247],[-79.516938,-2.890565],[-79.517996,-2.891924],[-79.518832,-2.891946],[-79.519961,-2.892554],[-79.520614,-2.89223],[-79.521404,-2.892499],[-79.522567,-2.892314],[-79.524244,-2.89291],[-79.525084,-2.892806],[-79.527193,-2.893092],[-79.52787,-2.892483],[-79.528631,-2.892756],[-79.529116,-2.892681],[-79.530447,-2.891691],[-79.532,-2.891925],[-79.532416,-2.892447],[-79.532982,-2.892735],[-79.535948,-2.892284],[-79.536797,-2.893306],[-79.538073,-2.892744],[-79.538539,-2.892751],[-79.539431,-2.892133],[-79.540731,-2.892249],[-79.541468,-2.891738],[-79.542463,-2.891864],[-79.542857,-2.891748],[-79.543038,-2.891473],[-79.543722,-2.891426],[-79.544062,-2.891105],[-79.544546,-2.890056],[-79.545634,-2.889624],[-79.54655,-2.8896],[-79.549047,-2.888944],[-79.55016,-2.889486],[-79.550771,-2.889545],[-79.550771,-2.881038],[-79.550923,-2.880398],[-79.543785,-2.8693],[-79.514926,-2.865661],[-79.518099,-2.869551],[-79.515682,-2.872533],[-79.505541,-2.872512]]]}},{"type":"Feature","properties":{"sector":"091150999043","parroquia":"010157","anio":"2020","Num":79.0},"geometry":{"type":"Polygon","coordinates":[[[-79.646993,-2.831954],[-79.646372,-2.832894],[-79.645979,-2.834364],[-79.644988,-2.835054],[-79.644351,-2.835787],[-79.643976,-2.83607],[-79.641421,-2.836908],[-79.640099,-2.836916],[-79.639726,-2.837248],[-79.638978,-2.83864],[-79.637885,-2.838405],[-79.635843,-2.839303],[-79.635113,-2.839002],[-79.634052,-2.840402],[-79.633536,-2.840318],[-79.631737,-2.840754],[-79.631089,-2.841222],[-79.630561,-2.841915],[-79.630129,-2.842098],[-79.629545,-2.842072],[-79.629051,-2.841763],[-79.629024,-2.841469],[-79.629365,-2.840913],[-79.629053,-2.8404],[-79.62451,-2.846483],[-79.622849,-2.848301],[-79.624645,-2.849604],[-79.626421,-2.849489],[-79.628472,-2.850604],[-79.630878,-2.849966],[-79.633013,-2.848945],[-79.633742,-2.849223],[-79.634817,-2.849127],[-79.636951,-2.846667],[-79.638077,-2.845811],[-79.639852,-2.844994],[-79.641364,-2.843794],[-79.64268,-2.843576],[-79.643827,-2.84311],[-79.647195,-2.842706],[-79.648088,-2.842362],[-79.649554,-2.840981],[-79.652,-2.839233],[-79.652608,-2.838519],[-79.652773,-2.837762],[-79.653167,-2.837095],[-79.653602,-2.836905],[-79.654313,-2.837294],[-79.655016,-2.837278],[-79.656953,-2.835054],[-79.657406,-2.834236],[-79.658807,-2.834122],[-79.66075,-2.832923],[-79.662188,-2.832513],[-79.663071,-2.831974],[-79.664812,-2.830114],[-79.665894,-2.82953],[-79.666637,-2.828448],[-79.667693,-2.827766],[-79.668724,-2.826191],[-79.670316,-2.82485],[-79.659532,-2.819825],[-79.658788,-2.820256],[-79.657302,-2.820326],[-79.656396,-2.821007],[-79.655673,-2.82206],[-79.654399,-2.822428],[-79.653648,-2.823224],[-79.652686,-2.823465],[-79.652063,-2.823962],[-79.65175,-2.824929],[-79.651453,-2.825271],[-79.651445,-2.827121],[-79.649403,-2.828801],[-79.647934,-2.831244],[-79.646993,-2.831954]]]}},{"type":"Feature","properties":{"sector":"010157999014","parroquia":"010157","anio":"2020","Num":130.0},"geometry":{"type":"Polygon","coordinates":[[[-79.470298,-2.607573],[-79.46979,-2.608926],[-79.469919,-2.610025],[-79.469812,-2.610709],[-79.46948,-2.611273],[-79.469654,-2.6124],[-79.468426,-2.614841],[-79.468331,-2.615998],[-79.466753,-2.617831],[-79.466504,-2.617891],[-79.466066,-2.618845],[-79.46568,-2.619109],[-79.465287,-2.621173],[-79.46429,-2.62292],[-79.46381,-2.623328],[-79.463576,-2.624608],[-79.462774,-2.625659],[-79.461635,-2.629225],[-79.461733,-2.629798],[-79.466399,-2.632618],[-79.466475,-2.630965],[-79.466181,-2.629075],[-79.466647,-2.627621],[-79.467198,-2.6267],[-79.467388,-2.624875],[-79.468225,-2.624165],[-79.468984,-2.623871],[-79.469255,-2.623357],[-79.470222,-2.622906],[-79.470662,-2.622225],[-79.471315,-2.621876],[-79.471671,-2.619854],[-79.471844,-2.619711],[-79.472321,-2.619779],[-79.472461,-2.619278],[-79.472906,-2.61899],[-79.473098,-2.618544],[-79.473098,-2.607572],[-79.470298,-2.607573]]]}},{"type":"Feature","properties":{"sector":"010157999028","parroquia":"010157","anio":"2020","Num":47.0},"geometry":{"type":"Polygon","coordinates":[[[-79.447559,-2.727069],[-79.447528,-2.728343],[-79.447112,-2.730255],[-79.445156,-2.733778],[-79.444758,-2.734742],[-79.444268,-2.737189],[-79.44291,-2.740042],[-79.441759,-2.741914],[-79.439997,-2.746816],[-79.43779,-2.751641],[-79.436998,-2.752039],[-79.436847,-2.753326],[-79.436181,-2.75483],[-79.434668,-2.757286],[-79.430044,-2.761426],[-79.429962,-2.762047],[-79.43046,-2.764829],[-79.430344,-2.765771],[-79.429988,-2.766598],[-79.428975,-2.767563],[-79.428959,-2.768247],[-79.427744,-2.76873],[-79.426049,-2.768735],[-79.425499,-2.769129],[-79.42517,-2.769603],[-79.425358,-2.770152],[-79.424648,-2.76986],[-79.424213,-2.769429],[-79.423553,-2.769755],[-79.424348,-2.769772],[-79.424525,-2.770062],[-79.423921,-2.771289],[-79.424141,-2.772966],[-79.42387,-2.773993],[-79.423553,-2.774685],[-79.42306,-2.774884],[-79.422637,-2.776491],[-79.422018,-2.777906],[-79.421546,-2.778046],[-79.421168,-2.778481],[-79.420567,-2.778766],[-79.41874,-2.780363],[-79.420795,-2.780992],[-79.423583,-2.780477],[-79.424899,-2.780463],[-79.426595,-2.780814],[-79.430829,-2.780773],[-79.43212,-2.781083],[-79.433653,-2.781862],[-79.434876,-2.782169],[-79.436936,-2.781271],[-79.438407,-2.782162],[-79.440488,-2.782801],[-79.442625,-2.782774],[-79.443666,-2.78322],[-79.447169,-2.782672],[-79.449483,-2.78315],[-79.45043,-2.782769],[-79.451025,-2.782917],[-79.451617,-2.783458],[-79.454191,-2.783209],[-79.45529,-2.784023],[-79.455816,-2.784114],[-79.45674,-2.783652],[-79.45727,-2.782428],[-79.4581,-2.78218],[-79.459071,-2.783233],[-79.460437,-2.784231],[-79.462479,-2.784674],[-79.462983,-2.785029],[-79.46374,-2.786476],[-79.464461,-2.787153],[-79.465901,-2.787368],[-79.466313,-2.787655],[-79.466967,-2.788619],[-79.467126,-2.789625],[-79.469071,-2.789545],[-79.470592,-2.789875],[-79.471746,-2.789609],[-79.473643,-2.789961],[-79.475596,-2.789474],[-79.476215,-2.789978],[-79.476547,-2.790656],[-79.476742,-2.790586],[-79.477105,-2.789678],[-79.477607,-2.789251],[-79.477859,-2.789274],[-79.478626,-2.79018],[-79.478981,-2.790283],[-79.479483,-2.790029],[-79.48043,-2.788946],[-79.482978,-2.78886],[-79.48517,-2.787959],[-79.48589,-2.78813],[-79.486555,-2.788738],[-79.489249,-2.793226],[-79.49052,-2.794247],[-79.490589,-2.794488],[-79.490168,-2.795305],[-79.490248,-2.795592],[-79.491025,-2.795683],[-79.491255,-2.796107],[-79.490467,-2.796707],[-79.490354,-2.797132],[-79.491029,-2.797568],[-79.491339,-2.798234],[-79.491659,-2.798394],[-79.49255,-2.797909],[-79.493556,-2.798344],[-79.493945,-2.798297],[-79.494538,-2.797491],[-79.496368,-2.79843],[-79.496951,-2.798382],[-79.497533,-2.798002],[-79.499179,-2.798182],[-79.499818,-2.797802],[-79.501049,-2.7965],[-79.501575,-2.796223],[-79.502304,-2.796172],[-79.502736,-2.796686],[-79.502408,-2.797616],[-79.503303,-2.798314],[-79.503711,-2.798191],[-79.503996,-2.798356],[-79.504076,-2.799791],[-79.50701,-2.800287],[-79.506927,-2.801476],[-79.509332,-2.801808],[-79.510125,-2.803449],[-79.510609,-2.803937],[-79.511822,-2.803612],[-79.512062,-2.802057],[-79.512265,-2.801947],[-79.513203,-2.802387],[-79.514433,-2.802336],[-79.515158,-2.803784],[-79.515606,-2.804112],[-79.516014,-2.803949],[-79.516381,-2.803375],[-79.517075,-2.803089],[-79.522171,-2.80248],[-79.522741,-2.80326],[-79.525837,-2.804249],[-79.527767,-2.8064],[-79.528994,-2.807217],[-79.531547,-2.807568],[-79.533203,-2.808446],[-79.536568,-2.809282],[-79.537445,-2.809714],[-79.538441,-2.810679],[-79.539578,-2.811184],[-79.539868,-2.810821],[-79.539666,-2.809509],[-79.539871,-2.808156],[-79.53922,-2.807129],[-79.541249,-2.803943],[-79.541834,-2.800337],[-79.548153,-2.788365],[-79.555038,-2.788628],[-79.502941,-2.767744],[-79.493399,-2.719007],[-79.490059,-2.719279],[-79.488564,-2.718271],[-79.48744,-2.718498],[-79.48627,-2.717932],[-79.485876,-2.718398],[-79.485084,-2.720388],[-79.483753,-2.721635],[-79.482552,-2.721666],[-79.481404,-2.72118],[-79.480377,-2.721017],[-79.47987,-2.721355],[-79.479392,-2.72205],[-79.478887,-2.722205],[-79.475703,-2.720619],[-79.47511,-2.720558],[-79.4737,-2.720845],[-79.473135,-2.721115],[-79.470904,-2.723566],[-79.468413,-2.724209],[-79.467583,-2.724704],[-79.466322,-2.725908],[-79.462816,-2.727378],[-79.458611,-2.729792],[-79.447559,-2.727069]]]}},{"type":"Feature","properties":{"sector":"010157999006","parroquia":"010157","anio":"2020","Num":92.0},"geometry":{"type":"Polygon","coordinates":[[[-79.414384,-2.575411],[-79.421567,-2.582043],[-79.424998,-2.582449],[-79.424998,-2.577904],[-79.421987,-2.57511],[-79.421141,-2.574744],[-79.418062,-2.574188],[-79.416115,-2.573224],[-79.414384,-2.575411]]]}}]}