{"type":"FeatureCollection","features":[{"type":"Feature","properties":{"Pob_total":317.0},"geometry":{"type":"Polygon","coordinates":[[[-79.7064846739727,-2.830366100115422],[-79.70766579390258,-2.830122432058281],[-79.70686302682577,-2.821386085217814],[-79.7056385261299,-2.821832317389233],[-79.7064846739727,-2.830366100115422]]]}},{"type":"Feature","properties":{"Pob_total":484.0},"geometry":{"type":"Polygon","coordinates":[[[-79.70509316826266,-2.82260996166208],[-79.7054554742668,-2.823800403276383],[-79.70591729268365,-2.832118111667931],[-79.70641032554182,-2.834823186692021],[-79.70698539496075,-2.835311244846124],[-79.70781788912619,-2.833304984487989],[-79.70766579390258,-2.830122432058281],[-79.70648664234486,-2.830411356986931],[-79.70566253914131,-2.821681792965359],[-79.70509316826266,-2.82260996166208]]]}},{"type":"Feature","properties":{"Pob_total":375.0},"geometry":{"type":"Polygon","coordinates":[[[-79.61923466347503,-2.893476825524417],[-79.61550018932068,-2.893913389554832],[-79.6151668378853,-2.896943540137609],[-79.61585242930308,-2.897099048338865],[-79.6161865763501,-2.898146687013345],[-79.61597238094883,-2.900081134100332],[-79.61916832643267,-2.899570317046898],[-79.61887668449641,-2.897479831640365],[-79.61935704676307,-2.896801601550278],[-79.6185314810772,-2.896294629338309],[-79.61885154983378,-2.895154029791055],[-79.61982494161936,-2.893976702721971],[-79.61923466347503,-2.893476825524417]]]}},{"type":"Feature","properties":{"Pob_total":412.0},"geometry":{"type":"Polygon","coordinates":[[[-79.71138589851013,-2.9032768666232],[-79.7187144648741,-2.903258363899126],[-79.71871860010786,-2.901394461944391],[-79.71096118887995,-2.901390323823558],[-79.71138589851013,-2.9032768666232]]]}},{"type":"Feature","properties":{"Pob_total":332.0},"geometry":{"type":"Polygon","coordinates":[[[-79.70953553519871,-2.903253650307397],[-79.71055552406133,-2.903279054542503],[-79.71069167665274,-2.904591913018216],[-79.7116715567656,-2.904564295461909],[-79.71194832957416,-2.905893134020272],[-79.71870830256644,-2.906187894592879],[-79.7187144648741,-2.903258363899126],[-79.71138591640565,-2.903276951664723],[-79.71095011046283,-2.901390267721879],[-79.70941018655498,-2.901421438854486],[-79.70953553519871,-2.903253650307397]]]}},{"type":"Feature","properties":{"Pob_total":369.0},"geometry":{"type":"Polygon","coordinates":[[[-79.7074196498075,-2.903226239375396],[-79.70850186604375,-2.903284252820634],[-79.7086290792832,-2.90591859306292],[-79.70504144977046,-2.906945731186521],[-79.70545212765592,-2.910039177431517],[-79.70644366087396,-2.911128958301558],[-79.70914219302216,-2.912109196699494],[-79.71126304434502,-2.91189903174948],[-79.71183324295554,-2.912546609902989],[-79.71312048578459,-2.912217033090116],[-79.7130156504307,-2.911430278956401],[-79.71340420798256,-2.911516690928095],[-79.7116715567656,-2.904564295461909],[-79.71069167665274,-2.904591913018216],[-79.71055552406133,-2.903279054542503],[-79.70953745646237,-2.903281631641377],[-79.70941018655498,-2.901421438854486],[-79.70733136232488,-2.901463796136749],[-79.7074196498075,-2.903226239375396]]]}},{"type":"Feature","properties":{"Pob_total":499.0},"geometry":{"type":"Polygon","coordinates":[[[-79.70516758451191,-2.900592607178922],[-79.70434698775087,-2.90099257237028],[-79.70419383572194,-2.908143013095545],[-79.70513128243593,-2.908998020675416],[-79.70504144977046,-2.906945731186521],[-79.7086290792832,-2.90591859306292],[-79.70850186604375,-2.903284252820634],[-79.70742274912718,-2.903286983122406],[-79.70733136232488,-2.901463796136749],[-79.708374109849,-2.901442690552273],[-79.70576563306956,-2.894333983902586],[-79.70601625748299,-2.899005745351463],[-79.7057207462643,-2.900276616560121],[-79.70516758451191,-2.900592607178922]]]}},{"type":"Feature","properties":{"Pob_total":306.0},"geometry":{"type":"Polygon","coordinates":[[[-79.70684032939951,-2.911267445146143],[-79.7071924072325,-2.916103029832189],[-79.70860821378707,-2.916011857485507],[-79.71120409834687,-2.916713576322267],[-79.71540117025884,-2.915970159863276],[-79.71531188898612,-2.911637262056273],[-79.7130156504307,-2.911430278956401],[-79.71312048578459,-2.912217033090116],[-79.71183324295554,-2.912546609902989],[-79.71126304434502,-2.91189903174948],[-79.70914219302216,-2.912109196699494],[-79.70684032939951,-2.911267445146143]]]}},{"type":"Feature","properties":{"Pob_total":307.0},"geometry":{"type":"Polygon","coordinates":[[[-79.69217668200606,-2.927948744256689],[-79.69061178279642,-2.927857601810465],[-79.68682325701558,-2.929132613856587],[-79.68839937689134,-2.929421708846985],[-79.68833572900358,-2.930328845639843],[-79.68979467645822,-2.930926152019335],[-79.6936650622567,-2.930134447610553],[-79.69334422620449,-2.927701108669999],[-79.69217668200606,-2.927948744256689]]]}},{"type":"Feature","properties":{"Pob_total":137.0},"geometry":{"type":"Polygon","coordinates":[[[-79.65375100345625,-2.910063395893987],[-79.6537264673538,-2.91314638726951],[-79.65548899302581,-2.912889173395156],[-79.6554758129391,-2.910068678953192],[-79.65372490989289,-2.909566393050496],[-79.65375100345625,-2.910063395893987]]]}},{"type":"Feature","properties":{"Pob_total":184.0},"geometry":{"type":"Polygon","coordinates":[[[-79.55885260604433,-2.611488583224762],[-79.55817863113748,-2.61157251908347],[-79.55978198375915,-2.61349919378389],[-79.56105391506394,-2.612500701286348],[-79.55981743424735,-2.611251176267419],[-79.55885260604433,-2.611488583224762]]]}},{"type":"Feature","properties":{"Pob_total":325.0},"geometry":{"type":"Polygon","coordinates":[[[-79.53173365083214,-2.65018993423618],[-79.5318930852231,-2.650496400514407],[-79.5335502671121,-2.650518827883296],[-79.53380467872645,-2.649060947825456],[-79.53313852123905,-2.647632225297893],[-79.53185246890433,-2.646366130080081],[-79.5317632239773,-2.645512896240847],[-79.53084657445152,-2.647326969392914],[-79.53173365083214,-2.65018993423618]]]}},{"type":"Feature","properties":{"Pob_total":111.0},"geometry":{"type":"Polygon","coordinates":[[[-79.5500428480299,-2.649389316481831],[-79.55073884935588,-2.649719372814186],[-79.55126630026439,-2.648368042194641],[-79.54881860019317,-2.647152613116512],[-79.54862657516786,-2.648433712076883],[-79.5500428480299,-2.649389316481831]]]}},{"type":"Feature","properties":{"Pob_total":422.0},"geometry":{"type":"Polygon","coordinates":[[[-79.56976805629479,-2.639458194509498],[-79.5690876944682,-2.640198674250058],[-79.56906199312412,-2.641162090488165],[-79.56950663951679,-2.641865005820753],[-79.57035213760209,-2.642431055660722],[-79.57391604248055,-2.643001693738076],[-79.5740198467356,-2.639739396365912],[-79.57275109259625,-2.639546259592599],[-79.57278806489471,-2.638630673748306],[-79.57162280714152,-2.63960498146359],[-79.57084576171005,-2.638618493938915],[-79.56976805629479,-2.639458194509498]]]}},{"type":"Feature","properties":{"Pob_total":219.0},"geometry":{"type":"Polygon","coordinates":[[[-79.57827402013038,-2.679400462044006],[-79.57744580820966,-2.681042279533628],[-79.57854122355123,-2.683240540752964],[-79.58070648439137,-2.682162171942341],[-79.58126626061187,-2.680218892999089],[-79.58017641631693,-2.679541241133355],[-79.57827402013038,-2.679400462044006]]]}},{"type":"Feature","properties":{"Pob_total":499.0},"geometry":{"type":"Polygon","coordinates":[[[-79.6999625661132,-2.73976979635562],[-79.69731524075355,-2.740558802709504],[-79.69753331689049,-2.741069405468962],[-79.69807635366635,-2.740865943748161],[-79.69855239852937,-2.741984116709618],[-79.69492714589454,-2.743412568724931],[-79.69502529465687,-2.743703699442017],[-79.70172675133414,-2.741023776384343],[-79.70137682472918,-2.740520874383126],[-79.70158370873692,-2.739741428219196],[-79.6999625661132,-2.73976979635562]]]}},{"type":"Feature","properties":{"Pob_total":483.0},"geometry":{"type":"Polygon","coordinates":[[[-79.69608922691083,-2.741025774785726],[-79.69565810668617,-2.741189489575336],[-79.69574315950793,-2.743097311864123],[-79.69855239852937,-2.741984116709618],[-79.69807635366635,-2.740865943748161],[-79.69753331689049,-2.741069405468962],[-79.69731524075355,-2.740558802709504],[-79.69608922691083,-2.741025774785726]]]}},{"type":"Feature","properties":{"Pob_total":526.0},"geometry":{"type":"Polygon","coordinates":[[[-79.6719972273034,-2.725049416785139],[-79.66929069092528,-2.726090207940753],[-79.67095092367602,-2.72958965907958],[-79.67423509700188,-2.726737998071899],[-79.67316649584357,-2.724185793153962],[-79.6719972273034,-2.725049416785139]]]}},{"type":"Feature","properties":{"Pob_total":420.0},"geometry":{"type":"Polygon","coordinates":[[[-79.67518205742726,-2.725917391693311],[-79.67371015085163,-2.725578505758892],[-79.67512531690215,-2.728687118735494],[-79.67726029627673,-2.728588563572421],[-79.67872400197122,-2.725746125264996],[-79.6788518884944,-2.724502517222459],[-79.67518205742726,-2.725917391693311]]]}},{"type":"Feature","properties":{"Pob_total":122.0},"geometry":{"type":"Polygon","coordinates":[[[-79.59556520685304,-2.711814428366247],[-79.59473237546503,-2.711769152709142],[-79.59469173093619,-2.714178671783039],[-79.59422636124165,-2.714352182640676],[-79.59434031288775,-2.718714554645813],[-79.59461827961313,-2.71940871789391],[-79.59659412567936,-2.719619636023733],[-79.59673762976104,-2.720579350215645],[-79.59768245251784,-2.719888347725472],[-79.59822474751203,-2.718687665553513],[-79.5981939103159,-2.714419723801513],[-79.59772132260397,-2.712775702457256],[-79.59646669131318,-2.711648062481929],[-79.59556145875405,-2.711335884600427],[-79.59556520685304,-2.711814428366247]]]}},{"type":"Feature","properties":{"Pob_total":400.0},"geometry":{"type":"Polygon","coordinates":[[[-79.7061369127082,-2.80081615486738],[-79.70579076972841,-2.801744916958643],[-79.70705617290463,-2.803924678215755],[-79.7076506332763,-2.803829261541824],[-79.7074918660813,-2.803491637809261],[-79.70793224848211,-2.803278834825519],[-79.70743772660794,-2.802218871770685],[-79.70783740306109,-2.802031184255474],[-79.70617079654797,-2.799494622631999],[-79.70576452829494,-2.799621132668269],[-79.7061369127082,-2.80081615486738]]]}},{"type":"Feature","properties":{"Pob_total":420.0},"geometry":{"type":"Polygon","coordinates":[[[-79.70762344646013,-2.798537735665323],[-79.70708856068644,-2.799226697054784],[-79.70617079654797,-2.799494622631999],[-79.70783740306109,-2.802031184255474],[-79.70907935655376,-2.80145188743359],[-79.70762344646013,-2.798537735665323]]]}},{"type":"Feature","properties":{"Pob_total":335.0},"geometry":{"type":"Polygon","coordinates":[[[-79.70730315900714,-2.803880523478377],[-79.70784811219706,-2.80454215412459],[-79.70921988177732,-2.803897102948464],[-79.70825534748118,-2.801836280955942],[-79.70743772660794,-2.802218871770685],[-79.70793224848211,-2.803278834825519],[-79.70730315900714,-2.803880523478377]]]}},{"type":"Feature","properties":{"Pob_total":540.0},"geometry":{"type":"Polygon","coordinates":[[[-79.70847119270526,-2.805886416899238],[-79.7109020404628,-2.805211183253172],[-79.70907935655376,-2.80145188743359],[-79.70825534748118,-2.801836280955942],[-79.70921988177732,-2.803897102948464],[-79.70784811219706,-2.80454215412459],[-79.70847119270526,-2.805886416899238]]]}},{"type":"Feature","properties":{"Pob_total":368.0},"geometry":{"type":"Polygon","coordinates":[[[-79.61361530235246,-2.66780204117033],[-79.613715459644,-2.668302493389971],[-79.6140494348279,-2.66793995718498],[-79.6149513686138,-2.668797464941781],[-79.61527439691146,-2.663720937859547],[-79.61172186752302,-2.665837908276286],[-79.61191114716648,-2.666260509761238],[-79.61261352536894,-2.666316504983522],[-79.61252642483515,-2.667506121554603],[-79.61361530235246,-2.66780204117033]]]}},{"type":"Feature","properties":{"Pob_total":539.0},"geometry":{"type":"Polygon","coordinates":[[[-79.6149083593633,-2.669766106694943],[-79.61565183236674,-2.670501734805178],[-79.61608367905363,-2.67004023573217],[-79.61813321094951,-2.672080719682283],[-79.61869000189486,-2.67141754222543],[-79.61592450272526,-2.668725396519487],[-79.61645843103547,-2.662910594022021],[-79.61528135504359,-2.663608532917869],[-79.6149083593633,-2.669766106694943]]]}},{"type":"Feature","properties":{"Pob_total":513.0},"geometry":{"type":"Polygon","coordinates":[[[-79.61479358188133,-2.670297056906439],[-79.61470617615717,-2.671064609642674],[-79.61521551523786,-2.671804676935269],[-79.61606996241747,-2.671523509862636],[-79.6166831301726,-2.67211257689209],[-79.61727035461404,-2.672103177780249],[-79.61770422739639,-2.671653629977965],[-79.61608367905363,-2.67004023573217],[-79.61565183236674,-2.670501734805178],[-79.61485954468084,-2.669717806412482],[-79.61479358188133,-2.670297056906439]]]}},{"type":"Feature","properties":{"Pob_total":436.0},"geometry":{"type":"Polygon","coordinates":[[[-79.61469864526303,-2.671130746000158],[-79.61491826906466,-2.672679357829036],[-79.61580002343463,-2.672653963689174],[-79.61664116010621,-2.673548091656867],[-79.61706197647464,-2.673487356175368],[-79.61813321094951,-2.672080719682283],[-79.61770422739639,-2.671653629977965],[-79.61727035461404,-2.672103177780249],[-79.6166831301726,-2.67211257689209],[-79.61606996241747,-2.671523509862636],[-79.61521551523786,-2.671804676935269],[-79.61469864526303,-2.671130746000158]]]}},{"type":"Feature","properties":{"Pob_total":359.0},"geometry":{"type":"Polygon","coordinates":[[[-79.6154181175944,-2.673499372291451],[-79.61615101494624,-2.674590052713356],[-79.61731086621589,-2.676310141082394],[-79.61724005825609,-2.673461653541509],[-79.61664116010621,-2.673548091656867],[-79.61580002343463,-2.672653963689174],[-79.61491826906466,-2.672679357829036],[-79.6154181175944,-2.673499372291451]]]}},{"type":"Feature","properties":{"Pob_total":412.0},"geometry":{"type":"Polygon","coordinates":[[[-79.61704512946498,-2.673350574693765],[-79.61724005825609,-2.673461653541509],[-79.61747556494467,-2.675728742620373],[-79.61773933842107,-2.674649786628971],[-79.6192258893043,-2.673168570882312],[-79.61813321094951,-2.672080719682283],[-79.61704512946498,-2.673350574693765]]]}},{"type":"Feature","properties":{"Pob_total":410.0},"geometry":{"type":"Polygon","coordinates":[[[-79.61966279229101,-2.67360354366987],[-79.62092467936793,-2.672417838522216],[-79.61949188445178,-2.671012600537146],[-79.61879420020456,-2.671158206371524],[-79.61813321094951,-2.672080719682283],[-79.61966279229101,-2.67360354366987]]]}},{"type":"Feature","properties":{"Pob_total":459.0},"geometry":{"type":"Polygon","coordinates":[[[-79.62654212908915,-2.671808208211186],[-79.62431096939787,-2.672013285202194],[-79.62337186415658,-2.671049439738745],[-79.62188024057197,-2.672270311232917],[-79.62346937811988,-2.673811140851382],[-79.6251635994446,-2.67255818773499],[-79.62697561147152,-2.672335738982647],[-79.63153143796019,-2.669314843659933],[-79.62945476416729,-2.669318534912919],[-79.62654212908915,-2.671808208211186]]]}},{"type":"Feature","properties":{"Pob_total":488.0},"geometry":{"type":"Polygon","coordinates":[[[-79.62295027770224,-2.669789295200505],[-79.62226021216435,-2.669827645363157],[-79.61949188445178,-2.671012600537146],[-79.62092467936793,-2.672417838522216],[-79.62163711722275,-2.672036157263309],[-79.6218801640224,-2.67227040249595],[-79.62358508097006,-2.670935981440491],[-79.62346827067162,-2.670006088934116],[-79.62295027770224,-2.669789295200505]]]}},{"type":"Feature","properties":{"Pob_total":457.0},"geometry":{"type":"Polygon","coordinates":[[[-79.62107640237949,-2.67226124615236],[-79.62173461960059,-2.673180128738804],[-79.62055557403357,-2.674492380204276],[-79.62143277541578,-2.675365703215328],[-79.62346937811988,-2.673811140851382],[-79.62163711722275,-2.672036157263309],[-79.62107640237949,-2.67226124615236]]]}},{"type":"Feature","properties":{"Pob_total":381.0},"geometry":{"type":"Polygon","coordinates":[[[-79.61976447149344,-2.67365823301781],[-79.6192258893043,-2.673168570882312],[-79.61822589119674,-2.674164980891014],[-79.61881579127035,-2.67468260196094],[-79.6193261123186,-2.67413070063626],[-79.62011145570001,-2.674904579087626],[-79.62173461960059,-2.673180128738804],[-79.62092467936793,-2.672417838522216],[-79.61976447149344,-2.67365823301781]]]}},{"type":"Feature","properties":{"Pob_total":471.0},"geometry":{"type":"Polygon","coordinates":[[[-79.61920061129801,-2.674266427642236],[-79.61881579127035,-2.67468260196094],[-79.61822589119674,-2.674164980891014],[-79.61773933842107,-2.674649786628971],[-79.61733309718402,-2.676343112588526],[-79.62011145570001,-2.674904579087626],[-79.61920061129801,-2.674266427642236]]]}},{"type":"Feature","properties":{"Pob_total":434.0},"geometry":{"type":"Polygon","coordinates":[[[-79.60775415879921,-2.664354942248251],[-79.60675748145545,-2.667193049719939],[-79.60714480228143,-2.667692666562087],[-79.60696032570281,-2.668609888977298],[-79.60849964633593,-2.668121381255832],[-79.60942304384255,-2.668381431313724],[-79.61279661025502,-2.668121257467642],[-79.61238349157563,-2.667914010167515],[-79.61261352536894,-2.666316504983522],[-79.61191114716648,-2.666260509761238],[-79.61172186752302,-2.665837908276286],[-79.61528245658035,-2.663574091014814],[-79.61060930577777,-2.664615044296998],[-79.60914212573815,-2.661605297502556],[-79.60775415879921,-2.664354942248251]]]}},{"type":"Feature","properties":{"Pob_total":422.0},"geometry":{"type":"Polygon","coordinates":[[[-79.60977342831241,-2.668380436628675],[-79.6091393673535,-2.668237451442635],[-79.60675324112921,-2.67089979922754],[-79.61260494879234,-2.669916963866939],[-79.61221671214905,-2.670784990134195],[-79.61360895037906,-2.670615205338134],[-79.61346802294807,-2.669772002233782],[-79.61412765537544,-2.669660825595197],[-79.61325881201205,-2.667553816337978],[-79.61252642483515,-2.667506121554603],[-79.61238349157563,-2.667914010167515],[-79.61279661025502,-2.668121257467642],[-79.60977342831241,-2.668380436628675]]]}},{"type":"Feature","properties":{"Pob_total":470.0},"geometry":{"type":"Polygon","coordinates":[[[-79.61221770430913,-2.670784862829242],[-79.61260494879234,-2.669916963866939],[-79.60810114558205,-2.670673412140112],[-79.60779796419139,-2.672065732403714],[-79.60842481556581,-2.672633946293204],[-79.60792765505794,-2.673261963901403],[-79.60964134917283,-2.673856203268276],[-79.61076690170293,-2.672382671824951],[-79.61312056362314,-2.67221768331571],[-79.61306917996073,-2.671519832273701],[-79.61469864526303,-2.671130746000158],[-79.6149513686138,-2.668797464941781],[-79.6140494348279,-2.66793995718498],[-79.61346928239442,-2.66856972249747],[-79.61412765537544,-2.669660825595197],[-79.61346802294807,-2.669772002233782],[-79.61360895037906,-2.670615205338134],[-79.61221770430913,-2.670784862829242]]]}},{"type":"Feature","properties":{"Pob_total":450.0},"geometry":{"type":"Polygon","coordinates":[[[-79.61312056362314,-2.67221768331571],[-79.61336958263341,-2.673864280260106],[-79.61555705558288,-2.673704557060203],[-79.61474419364687,-2.672193049348245],[-79.61469864526303,-2.671130746000158],[-79.61306917996073,-2.671519832273701],[-79.61312056362314,-2.67221768331571]]]}},{"type":"Feature","properties":{"Pob_total":605.0},"geometry":{"type":"Polygon","coordinates":[[[-79.61004220824736,-2.673513489776509],[-79.61085625308554,-2.673537057902136],[-79.6108955793845,-2.674044847257783],[-79.61026140583384,-2.674091132310309],[-79.61034439057784,-2.675188453153392],[-79.61261560105237,-2.675000425170092],[-79.61241423380639,-2.672992032922325],[-79.61317333532172,-2.67293437465964],[-79.61312056362314,-2.67221768331571],[-79.61076690170293,-2.672382671824951],[-79.61004220824736,-2.673513489776509]]]}},{"type":"Feature","properties":{"Pob_total":318.0},"geometry":{"type":"Polygon","coordinates":[[[-79.60783816345939,-2.673394047280508],[-79.60785064083414,-2.674702850645466],[-79.60957492329807,-2.674611100082659],[-79.6096358325545,-2.675201651486866],[-79.61034439057784,-2.675188453153392],[-79.61026140583384,-2.674091132310309],[-79.6108955793845,-2.674044847257783],[-79.61085625308554,-2.673537057902136],[-79.60949928904157,-2.673877786160623],[-79.60805008195001,-2.673365323108793],[-79.60842229400072,-2.67257938554021],[-79.60780870297066,-2.672095906940007],[-79.60783816345939,-2.673394047280508]]]}},{"type":"Feature","properties":{"Pob_total":451.0},"geometry":{"type":"Polygon","coordinates":[[[-79.6061428329261,-2.674790193816118],[-79.60620656122063,-2.675324693976623],[-79.60785825138181,-2.67523476097998],[-79.6077169641729,-2.672130424522299],[-79.60593909868018,-2.673081440841479],[-79.6061428329261,-2.674790193816118]]]}},{"type":"Feature","properties":{"Pob_total":370.0},"geometry":{"type":"Polygon","coordinates":[[[-79.61364923742386,-2.673843868799864],[-79.61485606250478,-2.675596636805088],[-79.61629958924564,-2.674810391605014],[-79.61555705558288,-2.673704557060203],[-79.61364923742386,-2.673843868799864]]]}},{"type":"Feature","properties":{"Pob_total":618.0},"geometry":{"type":"Polygon","coordinates":[[[-79.61246134535254,-2.673461911613472],[-79.61292567553915,-2.676502969883486],[-79.61485606250478,-2.675596636805088],[-79.61442298934381,-2.674701933434267],[-79.61336958263341,-2.673864280260106],[-79.61321673694418,-2.67293107838945],[-79.61241423380639,-2.672992032922325],[-79.61246134535254,-2.673461911613472]]]}},{"type":"Feature","properties":{"Pob_total":288.0},"geometry":{"type":"Polygon","coordinates":[[[-79.60785590729363,-2.675189575001879],[-79.60891476536645,-2.676053245971135],[-79.61267154951558,-2.675734483575405],[-79.61261560105237,-2.675000425170092],[-79.6096358325545,-2.675201651486866],[-79.60957492329807,-2.674611100082659],[-79.60785064083414,-2.674702850645466],[-79.60785590729363,-2.675189575001879]]]}},{"type":"Feature","properties":{"Pob_total":540.0},"geometry":{"type":"Polygon","coordinates":[[[-79.61173804353959,-2.67586211087744],[-79.61037074887379,-2.675924798967808],[-79.61046603699158,-2.677657142846387],[-79.61099077815453,-2.678610959795896],[-79.61162869776088,-2.678491007338378],[-79.61251479351868,-2.677543604595923],[-79.61208978244895,-2.676895427600334],[-79.61292567553915,-2.676502969883486],[-79.61267154951558,-2.675734483575405],[-79.61173804353959,-2.67586211087744]]]}},{"type":"Feature","properties":{"Pob_total":333.0},"geometry":{"type":"Polygon","coordinates":[[[-79.60693953745833,-2.679348250565662],[-79.60654697892883,-2.679514763783469],[-79.60630361693164,-2.67890803545073],[-79.60567038406728,-2.679182772854444],[-79.60550004762467,-2.681121650231859],[-79.61099077815453,-2.678610959795896],[-79.61046603699158,-2.677657142846387],[-79.60693953745833,-2.679348250565662]]]}},{"type":"Feature","properties":{"Pob_total":386.0},"geometry":{"type":"Polygon","coordinates":[[[-79.60644688345799,-2.679265214701306],[-79.60654697892883,-2.679514763783469],[-79.61070406938491,-2.677546027159651],[-79.61037634877835,-2.676359696804062],[-79.60594957587082,-2.678025370693508],[-79.60644688345799,-2.679265214701306]]]}},{"type":"Feature","properties":{"Pob_total":332.0},"geometry":{"type":"Polygon","coordinates":[[[-79.60695289730613,-2.675230629294524],[-79.60576309681962,-2.675424906207862],[-79.60681059693188,-2.677748906933101],[-79.61037634877835,-2.676359696804062],[-79.61037074887379,-2.675924798967808],[-79.60891476536645,-2.676053245971135],[-79.60814606074945,-2.67522940029372],[-79.60695289730613,-2.675230629294524]]]}},{"type":"Feature","properties":{"Pob_total":348.0},"geometry":{"type":"Polygon","coordinates":[[[-79.60362826249191,-2.67473766413722],[-79.60327189826327,-2.674630360407408],[-79.60317085508511,-2.676348730903313],[-79.60251688314031,-2.676907052695111],[-79.60507598193729,-2.677276529329356],[-79.60567038406728,-2.679182772854444],[-79.60630361693164,-2.67890803545073],[-79.60594957587082,-2.678025370693508],[-79.60681059693188,-2.677748906933101],[-79.60576309681962,-2.675424906207862],[-79.60620656122063,-2.675324693976623],[-79.6061428329261,-2.674790193816118],[-79.60547235137341,-2.675005057164671],[-79.60530497621068,-2.674651877219473],[-79.60416191526836,-2.675339017850548],[-79.60381776645168,-2.67455716970309],[-79.60362826249191,-2.67473766413722]]]}},{"type":"Feature","properties":{"Pob_total":279.0},"geometry":{"type":"Polygon","coordinates":[[[-79.60506192145422,-2.674139002898787],[-79.60406352394365,-2.674134020641515],[-79.60329964918974,-2.674596490049478],[-79.60343384886465,-2.674922835192004],[-79.60381776645168,-2.67455716970309],[-79.60416191526836,-2.675339017850548],[-79.60530497621068,-2.674651877219473],[-79.60547235137341,-2.675005057164671],[-79.6061428329261,-2.674790193816118],[-79.60593909868018,-2.673081440841479],[-79.60506192145422,-2.674139002898787]]]}},{"type":"Feature","properties":{"Pob_total":426.0},"geometry":{"type":"Polygon","coordinates":[[[-79.61381506640764,-2.67807913354777],[-79.61403534383808,-2.678420304140146],[-79.6157142974964,-2.677369698026762],[-79.61485606250478,-2.675596636805088],[-79.6136994140919,-2.676139693191589],[-79.6144268713705,-2.677616823016802],[-79.61381506640764,-2.67807913354777]]]}},{"type":"Feature","properties":{"Pob_total":643.0},"geometry":{"type":"Polygon","coordinates":[[[-79.61121443944859,-2.679021925903177],[-79.61151700707772,-2.679577878610258],[-79.6144268713705,-2.677616823016802],[-79.6136994140919,-2.676139693191589],[-79.61208978244895,-2.676895427600334],[-79.61251479351868,-2.677543604595923],[-79.61169327509496,-2.678086451038348],[-79.61173779068555,-2.678650673938768],[-79.61121443944859,-2.679021925903177]]]}},{"type":"Feature","properties":{"Pob_total":486.0},"geometry":{"type":"Polygon","coordinates":[[[-79.6055627282388,-2.681944669208191],[-79.60544641387916,-2.683274529171173],[-79.60675796315893,-2.682605565932039],[-79.60706759775185,-2.683414687278711],[-79.60785593964722,-2.683134740737709],[-79.60883402200679,-2.682471868861091],[-79.608764162846,-2.68135212603102],[-79.60990164171535,-2.680619006145549],[-79.60936744682195,-2.680281494426207],[-79.61173779068555,-2.678650673938768],[-79.61152987510673,-2.678346373467491],[-79.60550004762467,-2.681121650231859],[-79.6055627282388,-2.681944669208191]]]}},{"type":"Feature","properties":{"Pob_total":416.0},"geometry":{"type":"Polygon","coordinates":[[[-79.61044885254172,-2.679573452882218],[-79.60936744682195,-2.680281494426207],[-79.60990164171535,-2.680619006145549],[-79.608764162846,-2.68135212603102],[-79.60871160762109,-2.682627434424103],[-79.60633789442697,-2.683718106379051],[-79.60704050645403,-2.68476804105098],[-79.60892033430284,-2.683005974887247],[-79.61074823513626,-2.682330442038783],[-79.61252531827353,-2.680825204942097],[-79.61364436328827,-2.680753608060175],[-79.6134858428649,-2.680161133965548],[-79.61288749528774,-2.680574810159582],[-79.61215233423566,-2.679204907246016],[-79.61151700707772,-2.679577878610258],[-79.61121443944859,-2.679021925903177],[-79.61044885254172,-2.679573452882218]]]}},{"type":"Feature","properties":{"Pob_total":466.0},"geometry":{"type":"Polygon","coordinates":[[[-79.61248090256248,-2.67966842990648],[-79.61288749528774,-2.680574810159582],[-79.61405413977555,-2.679768234389814],[-79.61418490162592,-2.68071902398535],[-79.6148247122799,-2.680693726360144],[-79.61464816281277,-2.679369450334069],[-79.61381506640764,-2.67807913354777],[-79.61215233423566,-2.679204907246016],[-79.61248090256248,-2.67966842990648]]]}},{"type":"Feature","properties":{"Pob_total":391.0},"geometry":{"type":"Polygon","coordinates":[[[-79.61464816281277,-2.679369450334069],[-79.61507183555226,-2.679836205806156],[-79.61505188435879,-2.679078428715155],[-79.61543298643215,-2.67886801169097],[-79.61515673995962,-2.6777185902137],[-79.61403534383808,-2.678420304140146],[-79.61464816281277,-2.679369450334069]]]}},{"type":"Feature","properties":{"Pob_total":522.0},"geometry":{"type":"Polygon","coordinates":[[[-79.61505188435879,-2.679078428715155],[-79.61489576306928,-2.685223904722692],[-79.61571767561989,-2.68549563208746],[-79.61567072601251,-2.679812111822299],[-79.61543298643215,-2.67886801169097],[-79.61505188435879,-2.679078428715155]]]}},{"type":"Feature","properties":{"Pob_total":372.0},"geometry":{"type":"Polygon","coordinates":[[[-79.61361824338822,-2.680409074830408],[-79.61366355605233,-2.684830633832949],[-79.61489576306928,-2.685223904722692],[-79.6148247122799,-2.680693726360144],[-79.61418490162592,-2.68071902398535],[-79.61405413977555,-2.679768234389814],[-79.61361824338822,-2.680409074830408]]]}},{"type":"Feature","properties":{"Pob_total":432.0},"geometry":{"type":"Polygon","coordinates":[[[-79.6107728937592,-2.682306463500407],[-79.60892033430284,-2.683005974887247],[-79.60704050645403,-2.68476804105098],[-79.60633789442697,-2.683718106379051],[-79.60698286742728,-2.683192912992575],[-79.60675796315893,-2.682605565932039],[-79.60544641387916,-2.683274529171173],[-79.60571758899991,-2.685194012717071],[-79.60644349912882,-2.686255909632842],[-79.6085694315142,-2.685470803307088],[-79.61158886468857,-2.685461223009787],[-79.61366355605233,-2.684830633832949],[-79.61364436328827,-2.680753608060175],[-79.61252531827353,-2.680825204942097],[-79.6107728937592,-2.682306463500407]]]}},{"type":"Feature","properties":{"Pob_total":244.0},"geometry":{"type":"Polygon","coordinates":[[[-79.61485606250478,-2.675596636805088],[-79.61548006024694,-2.676885777372793],[-79.61693520434572,-2.675753023370521],[-79.61629958924564,-2.674810391605014],[-79.61485606250478,-2.675596636805088]]]}},{"type":"Feature","properties":{"Pob_total":198.0},"geometry":{"type":"Polygon","coordinates":[[[-79.61688586732252,-2.67577654819925],[-79.61548006024694,-2.676885777372793],[-79.6157142974964,-2.677369698026762],[-79.6173395530435,-2.676352688960323],[-79.61688586732252,-2.67577654819925]]]}},{"type":"Feature","properties":{"Pob_total":454.0},"geometry":{"type":"Polygon","coordinates":[[[-79.6157142974964,-2.677369698026762],[-79.61515673995962,-2.6777185902137],[-79.61541155509595,-2.67808072161255],[-79.61576371598919,-2.677921033504913],[-79.61633764504394,-2.678263096578604],[-79.61636121949658,-2.67878740238934],[-79.6171014723873,-2.678820713984073],[-79.61711478965012,-2.67970875353659],[-79.61778508358495,-2.679681785572675],[-79.61763554665468,-2.678268009546297],[-79.61834424250598,-2.677843338072367],[-79.61777555821241,-2.677004952468435],[-79.61684811647035,-2.677641443246107],[-79.6163978736335,-2.676941948544346],[-79.6157142974964,-2.677369698026762]]]}},{"type":"Feature","properties":{"Pob_total":440.0},"geometry":{"type":"Polygon","coordinates":[[[-79.61542081280089,-2.678420791447885],[-79.61567779558663,-2.680661767161176],[-79.61656902298282,-2.680628378226713],[-79.61655805986528,-2.682654746155122],[-79.61703781477635,-2.682790210513827],[-79.61778508358495,-2.679681785572675],[-79.61711478965012,-2.67970875353659],[-79.6171014723873,-2.678820713984073],[-79.61636121949658,-2.67878740238934],[-79.61633764504394,-2.678263096578604],[-79.61576371598919,-2.677921033504913],[-79.61542081280089,-2.678420791447885]]]}},{"type":"Feature","properties":{"Pob_total":302.0},"geometry":{"type":"Polygon","coordinates":[[[-79.61758356694692,-2.680902693209448],[-79.61710029302238,-2.681493009156034],[-79.61675452792699,-2.684900494787474],[-79.61587141433509,-2.686149804485956],[-79.61579482132295,-2.689308892872196],[-79.62340123804755,-2.685219739426981],[-79.62529494149432,-2.685253693228893],[-79.61985584220258,-2.683280178225867],[-79.62036601997356,-2.682812682934959],[-79.6196565946865,-2.681731967202491],[-79.61995319050396,-2.681529145318459],[-79.6186369177375,-2.68017862154985],[-79.61758356694692,-2.680902693209448]]]}},{"type":"Feature","properties":{"Pob_total":340.0},"geometry":{"type":"Polygon","coordinates":[[[-79.61753168596833,-2.680102617003845],[-79.61725855795643,-2.681126111672981],[-79.6186369177375,-2.68017862154985],[-79.61995319050396,-2.681529145318459],[-79.61981155428224,-2.681968028446013],[-79.62069266445721,-2.681346646952524],[-79.61834424250598,-2.677843338072367],[-79.61763554665468,-2.678268009546297],[-79.61787106038045,-2.679249889043278],[-79.61753168596833,-2.680102617003845]]]}},{"type":"Feature","properties":{"Pob_total":580.0},"geometry":{"type":"Polygon","coordinates":[[[-79.6163978736335,-2.676941948544346],[-79.61684811647035,-2.677641443246107],[-79.61777555821241,-2.677004952468435],[-79.62009277961853,-2.680442351775521],[-79.6216914103114,-2.679243195287286],[-79.61895093725752,-2.675458549796932],[-79.6163978736335,-2.676941948544346]]]}},{"type":"Feature","properties":{"Pob_total":442.0},"geometry":{"type":"Polygon","coordinates":[[[-79.62036601997356,-2.682812682934959],[-79.61985584220258,-2.683280178225867],[-79.62103313053028,-2.683707345588516],[-79.62158951924515,-2.682836729379108],[-79.62311938752353,-2.683458272388585],[-79.62329609492907,-2.682935908441424],[-79.6246712250639,-2.68342244218056],[-79.6216914103114,-2.679243195287286],[-79.62009277961853,-2.680442351775521],[-79.62069266445721,-2.681346646952524],[-79.61981155428224,-2.681968028446013],[-79.62036601997356,-2.682812682934959]]]}},{"type":"Feature","properties":{"Pob_total":392.0},"geometry":{"type":"Polygon","coordinates":[[[-79.62141511078289,-2.683109638337581],[-79.62103313053028,-2.683707345588516],[-79.62700003845798,-2.685872355054751],[-79.62738601597866,-2.685676495177772],[-79.62804976471166,-2.686258750623006],[-79.6285844422025,-2.685427921452727],[-79.6297225782435,-2.685870957196291],[-79.62991437421809,-2.685299435691218],[-79.62329609492907,-2.682935908441424],[-79.62311938752353,-2.683458272388585],[-79.62158951924515,-2.682836729379108],[-79.62141511078289,-2.683109638337581]]]}},{"type":"Feature","properties":{"Pob_total":625.0},"geometry":{"type":"Polygon","coordinates":[[[-79.62237363613956,-2.674647533884293],[-79.62143277541578,-2.675365703215328],[-79.6205388721132,-2.67447575203431],[-79.62011145570001,-2.674904579087626],[-79.62201354379759,-2.676741665648835],[-79.62204313073258,-2.675818272598733],[-79.62249071468649,-2.676239860717244],[-79.62392853849877,-2.675355787068893],[-79.62284809118687,-2.674285377689162],[-79.62237363613956,-2.674647533884293]]]}},{"type":"Feature","properties":{"Pob_total":534.0},"geometry":{"type":"Polygon","coordinates":[[[-79.6201710236828,-2.677110816368393],[-79.62043358129701,-2.677479060306333],[-79.6217449658944,-2.6765183973849],[-79.62011145570001,-2.674904579087626],[-79.61918543588212,-2.675642116061054],[-79.6201710236828,-2.677110816368393]]]}},{"type":"Feature","properties":{"Pob_total":541.0},"geometry":{"type":"Polygon","coordinates":[[[-79.6220151801605,-2.676690608621006],[-79.6217449658944,-2.6765183973849],[-79.62043358129701,-2.677479060306333],[-79.6213896812198,-2.678820013207769],[-79.62310419339585,-2.67756430766212],[-79.62280931704463,-2.676540247152372],[-79.62204313073258,-2.675818272598733],[-79.6220151801605,-2.676690608621006]]]}},{"type":"Feature","properties":{"Pob_total":532.0},"geometry":{"type":"Polygon","coordinates":[[[-79.62249071468649,-2.676239860717244],[-79.62310419339585,-2.67756430766212],[-79.62346081159409,-2.6771685558345],[-79.6254356786468,-2.679434878148002],[-79.62683940948187,-2.678460995820377],[-79.62319108905561,-2.67565351057368],[-79.62249071468649,-2.676239860717244]]]}},{"type":"Feature","properties":{"Pob_total":619.0},"geometry":{"type":"Polygon","coordinates":[[[-79.6229478827499,-2.681005423579489],[-79.62324360161429,-2.681420175877574],[-79.6254356786468,-2.679434878148002],[-79.62346081159409,-2.6771685558345],[-79.6213896812198,-2.678820013207769],[-79.6229478827499,-2.681005423579489]]]}},{"type":"Feature","properties":{"Pob_total":498.0},"geometry":{"type":"Polygon","coordinates":[[[-79.62410840293286,-2.682633074809151],[-79.6246712250639,-2.68342244218056],[-79.62971390164705,-2.685227077914094],[-79.62957774084235,-2.684682328550859],[-79.62800554192805,-2.684453489762808],[-79.6284034000241,-2.683421779202992],[-79.62759817806486,-2.682340028365913],[-79.62710909154701,-2.682736710873605],[-79.62565767797922,-2.680601048637942],[-79.62606455493737,-2.680279725785386],[-79.6254356786468,-2.679434878148002],[-79.62324360161429,-2.681420175877574],[-79.62410840293286,-2.682633074809151]]]}},{"type":"Feature","properties":{"Pob_total":500.0},"geometry":{"type":"Polygon","coordinates":[[[-79.63092692270712,-2.679305271039628],[-79.62928969276578,-2.680585991443496],[-79.6287735626956,-2.679935513029659],[-79.62647467806454,-2.681803213116311],[-79.62710909154701,-2.682736710873605],[-79.62759817806486,-2.682340028365913],[-79.6284034000241,-2.683421779202992],[-79.63316618863387,-2.679343491672509],[-79.63381447941667,-2.680059383793481],[-79.63414668625944,-2.679774920258279],[-79.63262452027197,-2.678093778810962],[-79.63092692270712,-2.679305271039628]]]}},{"type":"Feature","properties":{"Pob_total":373.0},"geometry":{"type":"Polygon","coordinates":[[[-79.63253118705404,-2.679887235688469],[-79.6284034000241,-2.683421779202992],[-79.62800554192805,-2.684453489762808],[-79.62957774084235,-2.684682328550859],[-79.63009980504326,-2.68536636335322],[-79.63498597139413,-2.682394788337541],[-79.63433916915147,-2.681216045077349],[-79.63414668625944,-2.679774920258279],[-79.63381447941667,-2.680059383793481],[-79.63316618863387,-2.679343491672509],[-79.63253118705404,-2.679887235688469]]]}},{"type":"Feature","properties":{"Pob_total":569.0},"geometry":{"type":"Polygon","coordinates":[[[-79.62697561147152,-2.672335738982647],[-79.6251635994446,-2.67255818773499],[-79.62408515452603,-2.673372042361307],[-79.62510594747933,-2.674285825949729],[-79.63002383588355,-2.671488937528813],[-79.62947567221451,-2.670758972677294],[-79.62697561147152,-2.672335738982647]]]}},{"type":"Feature","properties":{"Pob_total":322.0},"geometry":{"type":"Polygon","coordinates":[[[-79.63153143796019,-2.669314843659933],[-79.62947567221451,-2.670758972677294],[-79.63002383588355,-2.671488937528813],[-79.62644243740735,-2.67334200985441],[-79.62697547502648,-2.674399346521625],[-79.6276058774514,-2.674027328191257],[-79.62804643433307,-2.674516948926196],[-79.62890234307005,-2.673931454839324],[-79.62872512267617,-2.673515303828819],[-79.63095642927192,-2.672389608261447],[-79.63160656134592,-2.670705288183326],[-79.63230632264708,-2.670465180965345],[-79.63153143796019,-2.669314843659933]]]}},{"type":"Feature","properties":{"Pob_total":419.0},"geometry":{"type":"Polygon","coordinates":[[[-79.62510594747933,-2.674285825949729],[-79.62693250668458,-2.675920901659137],[-79.62804643433307,-2.674516948926196],[-79.6276058774514,-2.674027328191257],[-79.62697547502648,-2.674399346521625],[-79.62644243740735,-2.67334200985441],[-79.62510594747933,-2.674285825949729]]]}},{"type":"Feature","properties":{"Pob_total":684.0},"geometry":{"type":"Polygon","coordinates":[[[-79.62284809118687,-2.674285377689162],[-79.62333257141232,-2.674765356664166],[-79.62366099189134,-2.674534719642086],[-79.62555515438852,-2.676416136694871],[-79.62631521917898,-2.675368326249806],[-79.62408515452603,-2.673372042361307],[-79.62284809118687,-2.674285377689162]]]}},{"type":"Feature","properties":{"Pob_total":530.0},"geometry":{"type":"Polygon","coordinates":[[[-79.62604515286267,-2.677949349331977],[-79.62757768987318,-2.67879632413092],[-79.62805817484987,-2.67831332897973],[-79.62748640486157,-2.677761701734799],[-79.62721029299654,-2.678060132956015],[-79.62366099189134,-2.674534719642086],[-79.62333257141232,-2.674765356664166],[-79.62392853849877,-2.675355787068893],[-79.623420899064,-2.675887306936978],[-79.62604515286267,-2.677949349331977]]]}},{"type":"Feature","properties":{"Pob_total":766.0},"geometry":{"type":"Polygon","coordinates":[[[-79.62623337990418,-2.677089796745164],[-79.62721029299654,-2.678060132956015],[-79.62748640486157,-2.677761701734799],[-79.62805817484987,-2.67831332897973],[-79.62871360064592,-2.67765447684793],[-79.6277779181854,-2.67672080449355],[-79.62740255697737,-2.677095309804406],[-79.62631521917898,-2.675368326249806],[-79.62555515438852,-2.676416136694871],[-79.62623337990418,-2.677089796745164]]]}},{"type":"Feature","properties":{"Pob_total":310.0},"geometry":{"type":"Polygon","coordinates":[[[-79.62776703618442,-2.674824472204744],[-79.62667621166435,-2.676349411662009],[-79.62740255697737,-2.677095309804406],[-79.6277779181854,-2.67672080449355],[-79.62871360064592,-2.67765447684793],[-79.62921026128504,-2.677155217921054],[-79.629480971886,-2.677441014289951],[-79.62994137452687,-2.676371322170106],[-79.62890234307005,-2.673931454839324],[-79.62776703618442,-2.674824472204744]]]}},{"type":"Feature","properties":{"Pob_total":385.0},"geometry":{"type":"Polygon","coordinates":[[[-79.62874284211203,-2.673556912232491],[-79.62994137452687,-2.676371322170106],[-79.629480971886,-2.677441014289951],[-79.62921026128504,-2.677155217921054],[-79.62757768987318,-2.67879632413092],[-79.62683940948187,-2.678460995820377],[-79.6254356786468,-2.679434878148002],[-79.62606455493737,-2.680279725785386],[-79.62565767797922,-2.680601048637942],[-79.62602193601302,-2.68113703192459],[-79.62701809428063,-2.680322609145247],[-79.62663694701851,-2.679827688082611],[-79.62763556354568,-2.679039046372998],[-79.62801232401709,-2.679509760051972],[-79.62945434704525,-2.677890235679811],[-79.62969025586958,-2.678137932733396],[-79.63204665825153,-2.676211395981713],[-79.63102039273124,-2.67372555215344],[-79.63099194151349,-2.672315057834858],[-79.62874284211203,-2.673556912232491]]]}},{"type":"Feature","properties":{"Pob_total":355.0},"geometry":{"type":"Polygon","coordinates":[[[-79.62994433677018,-2.677930202408197],[-79.62945434704525,-2.677890235679811],[-79.62801232401709,-2.679509760051972],[-79.62763556354568,-2.679039046372998],[-79.62663694701851,-2.679827688082611],[-79.62701809428063,-2.680322609145247],[-79.62602193601302,-2.68113703192459],[-79.62647467806454,-2.681803213116311],[-79.6287735626956,-2.679935513029659],[-79.62928969276578,-2.680585991443496],[-79.6327784411566,-2.67798393372864],[-79.63204665825153,-2.676211395981713],[-79.62994433677018,-2.677930202408197]]]}},{"type":"Feature","properties":{"Pob_total":442.0},"geometry":{"type":"Polygon","coordinates":[[[-79.61595062193561,-2.685554029711659],[-79.61685362725298,-2.684529685560761],[-79.61703781477635,-2.682790210513827],[-79.61655805986528,-2.682654746155122],[-79.61656902298282,-2.680628378226713],[-79.61567779558663,-2.680661767161176],[-79.61595062193561,-2.685554029711659]]]}},{"type":"Feature","properties":{"Pob_total":201.0},"geometry":{"type":"Polygon","coordinates":[[[-79.47329897364204,-2.605999854062013],[-79.47440910874772,-2.604976122625267],[-79.47617083470573,-2.602752039475989],[-79.47446065263082,-2.601972314454548],[-79.47391523248218,-2.602584012435746],[-79.473214691437,-2.60426271910702],[-79.47391012183671,-2.604599519101339],[-79.47271992779925,-2.605457729522917],[-79.47329897364204,-2.605999854062013]]]}},{"type":"Feature","properties":{"Pob_total":302.0},"geometry":{"type":"Polygon","coordinates":[[[-79.49148527141668,-2.626434635554991],[-79.4927877863543,-2.626453035608639],[-79.49478675022694,-2.624032499672178],[-79.49582336448125,-2.623673481196767],[-79.4962854252292,-2.622100017389116],[-79.49560887940481,-2.621380312658905],[-79.49087627118178,-2.624870763356893],[-79.49148527141668,-2.626434635554991]]]}},{"type":"Feature","properties":{"Pob_total":303.0},"geometry":{"type":"Polygon","coordinates":[[[-79.55188183441415,-2.557210618272659],[-79.55157403620909,-2.557811957560634],[-79.55256713309026,-2.558644235223747],[-79.553899138017,-2.557349694705184],[-79.55484927583518,-2.558174093865529],[-79.55519408341841,-2.557704101072219],[-79.55584070611289,-2.558241636319589],[-79.555112801292,-2.556914921904068],[-79.55370569901251,-2.555745102843924],[-79.55326284018139,-2.555751902737894],[-79.55188183441415,-2.557210618272659]]]}},{"type":"Feature","properties":{"Pob_total":228.0},"geometry":{"type":"Polygon","coordinates":[[[-79.55338434333532,-2.558032478018388],[-79.55311769391456,-2.557896995991251],[-79.55256713309026,-2.558644235223747],[-79.55245243192307,-2.559532470800514],[-79.55316059980953,-2.559619447858779],[-79.5532001385873,-2.559104448542187],[-79.55440374920948,-2.559781815238824],[-79.55484927583518,-2.558174093865529],[-79.553899138017,-2.557349694705184],[-79.55338434333532,-2.558032478018388]]]}},{"type":"Feature","properties":{"Pob_total":365.0},"geometry":{"type":"Polygon","coordinates":[[[-79.55365871350627,-2.559578912182515],[-79.55305379865273,-2.561551853710812],[-79.55227385394443,-2.561300603584382],[-79.55131929040951,-2.564176858324626],[-79.55497278664437,-2.565245673780451],[-79.55476300956781,-2.564554693034731],[-79.55314890752656,-2.563979033184174],[-79.55468018443901,-2.559677958735496],[-79.55365871350627,-2.559578912182515]]]}},{"type":"Feature","properties":{"Pob_total":430.0},"geometry":{"type":"Polygon","coordinates":[[[-79.55082682186631,-2.559290319565848],[-79.5500269745647,-2.560413826063853],[-79.54788440524881,-2.562094479705616],[-79.55174564861534,-2.563580294623789],[-79.55227385394443,-2.561300603584382],[-79.55305379865273,-2.561551853710812],[-79.55374552807083,-2.559295754898871],[-79.5532001385873,-2.559104448542187],[-79.55316059980953,-2.559619447858779],[-79.55245243192307,-2.559532470800514],[-79.55256713309026,-2.558644235223747],[-79.55157403620909,-2.557811957560634],[-79.55082682186631,-2.559290319565848]]]}},{"type":"Feature","properties":{"Pob_total":709.0},"geometry":{"type":"Polygon","coordinates":[[[-79.54829387640889,-2.56257820341688],[-79.54578873748206,-2.564526894115384],[-79.54614849581762,-2.56488138321663],[-79.54624566536394,-2.566353699238954],[-79.54598120252078,-2.567058387757085],[-79.54525677217775,-2.567483176051515],[-79.54515787573082,-2.569535562470185],[-79.54953192850054,-2.568821634716728],[-79.54906687777915,-2.566753150442576],[-79.55034958550372,-2.564042987071549],[-79.55131929040951,-2.564176858324626],[-79.55141090478853,-2.563485168304575],[-79.5485546694961,-2.562389415755306],[-79.54829387640889,-2.56257820341688]]]}},{"type":"Feature","properties":{"Pob_total":377.0},"geometry":{"type":"Polygon","coordinates":[[[-79.54210303366952,-2.56664764897579],[-79.53794569109641,-2.568856290238544],[-79.53774490823511,-2.568992986255786],[-79.54170664750882,-2.56822758141387],[-79.54244369017641,-2.569341274397201],[-79.54189697428671,-2.570154133440233],[-79.54515787573082,-2.569535562470185],[-79.54525677217775,-2.567483176051515],[-79.54598120252078,-2.567058387757085],[-79.54624566536394,-2.566353699238954],[-79.54614849581762,-2.56488138321663],[-79.54578873748206,-2.564526894115384],[-79.54210303366952,-2.56664764897579]]]}},{"type":"Feature","properties":{"Pob_total":331.0},"geometry":{"type":"Polygon","coordinates":[[[-79.55038334320078,-2.540135319428705],[-79.55078384076089,-2.540623734638338],[-79.55245583695734,-2.539418584139744],[-79.55163203177091,-2.538097490676205],[-79.55025188703114,-2.539320754398068],[-79.55066065694693,-2.539834017890819],[-79.55038334320078,-2.540135319428705]]]}},{"type":"Feature","properties":{"Pob_total":436.0},"geometry":{"type":"Polygon","coordinates":[[[-79.5489633688881,-2.541232321781405],[-79.54836322951404,-2.541130259804238],[-79.54804385807951,-2.541800273807528],[-79.54921625553864,-2.542442523272065],[-79.55078384076089,-2.540623734638338],[-79.55035472706938,-2.540100421637129],[-79.55066065694693,-2.539834017890819],[-79.54961035510489,-2.53851537296931],[-79.54907141860804,-2.539656228708341],[-79.54979987524634,-2.540571684649172],[-79.5489633688881,-2.541232321781405]]]}},{"type":"Feature","properties":{"Pob_total":340.0},"geometry":{"type":"Polygon","coordinates":[[[-79.55000246757315,-2.539007625936005],[-79.55025188703114,-2.539320754398068],[-79.55163203177091,-2.538097490676205],[-79.55082172114244,-2.536361264392921],[-79.54961035510489,-2.53851537296931],[-79.55000246757315,-2.539007625936005]]]}},{"type":"Feature","properties":{"Pob_total":444.0},"geometry":{"type":"Polygon","coordinates":[[[-79.54677229580919,-2.54090887109966],[-79.54804385807951,-2.541800273807528],[-79.54836322951404,-2.541130259804238],[-79.5489633688881,-2.541232321781405],[-79.54979987524634,-2.540571684649172],[-79.54907141860804,-2.539656228708341],[-79.55082228118417,-2.536360634640412],[-79.54839128892998,-2.536873440325746],[-79.54770775216231,-2.53956596850233],[-79.54677229580919,-2.54090887109966]]]}},{"type":"Feature","properties":{"Pob_total":397.0},"geometry":{"type":"Polygon","coordinates":[[[-79.4745558159755,-2.520715178842489],[-79.47437479958928,-2.521643727524329],[-79.47348982191001,-2.521423460580132],[-79.47286363325838,-2.522824197935051],[-79.47042282302691,-2.522331869585345],[-79.47238379210962,-2.524699614003411],[-79.47087810502266,-2.525476813861138],[-79.47226017540547,-2.525833901934168],[-79.47467806318626,-2.525451430745251],[-79.4743353013683,-2.524668821100927],[-79.47327918752273,-2.524237431335798],[-79.47513103428793,-2.523281544512138],[-79.47555660373042,-2.520929869984085],[-79.4745558159755,-2.520715178842489]]]}},{"type":"Feature","properties":{"Pob_total":400.0},"geometry":{"type":"Polygon","coordinates":[[[-79.48181754804213,-2.528848284898654],[-79.4827529871511,-2.529985940495644],[-79.4840611331865,-2.530286571861549],[-79.48446383583956,-2.529225262031184],[-79.48541426963804,-2.530258251851416],[-79.48667924923532,-2.529317589532924],[-79.48882355950325,-2.528750991494693],[-79.48898551625432,-2.525853288392949],[-79.48726877182851,-2.524575144393202],[-79.48314578937133,-2.523932247626527],[-79.48146499079854,-2.522767078433028],[-79.47920805447023,-2.524365925373678],[-79.47946782401172,-2.524594225935939],[-79.4788427848786,-2.525227421215716],[-79.48181754804213,-2.528848284898654]]]}},{"type":"Feature","properties":{"Pob_total":339.0},"geometry":{"type":"Polygon","coordinates":[[[-79.4760575740943,-2.520645143613673],[-79.47466277763745,-2.520166506018663],[-79.4745558159755,-2.520715178842489],[-79.47555660373042,-2.520929869984085],[-79.47513103428793,-2.523281544512138],[-79.47327918752273,-2.524237431335798],[-79.4743353013683,-2.524668821100927],[-79.47467806318626,-2.525451430745251],[-79.47591642122508,-2.524883610622326],[-79.47669651786215,-2.522947670854547],[-79.4788427848786,-2.525227421215716],[-79.47946782401172,-2.524594225935939],[-79.47920805447023,-2.524365925373678],[-79.48146499079854,-2.522767078433028],[-79.47971394936617,-2.520706555471726],[-79.47825288982877,-2.521421657416327],[-79.47718640993553,-2.52003832755285],[-79.4760575740943,-2.520645143613673]]]}},{"type":"Feature","properties":{"Pob_total":336.0},"geometry":{"type":"Polygon","coordinates":[[[-79.46756753507401,-2.519050985817351],[-79.46685973646082,-2.519006467510356],[-79.46654633045777,-2.520260475922937],[-79.46857804551236,-2.520564018015355],[-79.47042282302691,-2.522331869585345],[-79.47286363325838,-2.522824197935051],[-79.47348982191001,-2.521423460580132],[-79.47437479958928,-2.521643727524329],[-79.47466277763745,-2.520166506018663],[-79.47226277850446,-2.519957016858769],[-79.47051530197919,-2.519069839456613],[-79.46756753507401,-2.519050985817351]]]}},{"type":"Feature","properties":{"Pob_total":365.0},"geometry":{"type":"Polygon","coordinates":[[[-79.58929125804791,-2.585988237710335],[-79.59035074297573,-2.586805443452538],[-79.59083382862921,-2.586103784108848],[-79.5924487371822,-2.586939119610823],[-79.59291584676257,-2.586514118090616],[-79.59323421353122,-2.586761381323975],[-79.59371127168326,-2.586161955662212],[-79.59111579849643,-2.583947596894004],[-79.58929125804791,-2.585988237710335]]]}},{"type":"Feature","properties":{"Pob_total":330.0},"geometry":{"type":"Polygon","coordinates":[[[-79.6051475626557,-2.591115166181176],[-79.60400241391851,-2.592063469581029],[-79.60452611615058,-2.592524449796672],[-79.60332986610754,-2.593529167508722],[-79.60299980028779,-2.593265467190891],[-79.60287587928131,-2.593980760446014],[-79.6041701342541,-2.595084883306111],[-79.60619457541355,-2.593750358190193],[-79.60609355349366,-2.592029917181192],[-79.6051475626557,-2.591115166181176]]]}},{"type":"Feature","properties":{"Pob_total":291.0},"geometry":{"type":"Polygon","coordinates":[[[-79.60002389575541,-2.592255376271035],[-79.59946851546302,-2.592823721403383],[-79.60058450120675,-2.593854464397063],[-79.60011799299055,-2.594348953975674],[-79.60047499496181,-2.594853422918366],[-79.6012913514415,-2.594085454250611],[-79.60212932228865,-2.594833176484227],[-79.60287587928131,-2.593980760446014],[-79.6028139964659,-2.593126457015426],[-79.60039558405548,-2.591864714028902],[-79.60002389575541,-2.592255376271035]]]}},{"type":"Feature","properties":{"Pob_total":310.0},"geometry":{"type":"Polygon","coordinates":[[[-79.6024577133415,-2.594458290644341],[-79.60212932228865,-2.594833176484227],[-79.6012913514415,-2.594085454250611],[-79.60057785011273,-2.594758017378524],[-79.60260862945158,-2.596579721619637],[-79.60401775246498,-2.594954927481381],[-79.60287587928131,-2.593980760446014],[-79.6024577133415,-2.594458290644341]]]}},{"type":"Feature","properties":{"Pob_total":615.0},"geometry":{"type":"Polygon","coordinates":[[[-79.60100703000545,-2.596487543344877],[-79.60129030250134,-2.598139483453324],[-79.6001761430956,-2.599870630831496],[-79.60016219994172,-2.601590888316604],[-79.60157354469115,-2.603462149810871],[-79.60172483768083,-2.604633397026704],[-79.60232529121954,-2.604771217329306],[-79.6031615328359,-2.60382451754368],[-79.60269859907682,-2.598565035067306],[-79.6034574405893,-2.598351006615388],[-79.60501790395993,-2.598831951545051],[-79.60537221502196,-2.598401157598778],[-79.60291937715085,-2.596221367538985],[-79.60260862945158,-2.596579721619637],[-79.60057785011273,-2.594758017378524],[-79.60115066257244,-2.595808191954164],[-79.60100703000545,-2.596487543344877]]]}},{"type":"Feature","properties":{"Pob_total":506.0},"geometry":{"type":"Polygon","coordinates":[[[-79.60471906100389,-2.594736043197372],[-79.60401775246498,-2.594954927481381],[-79.60291937715085,-2.596221367538985],[-79.60537221502196,-2.598401157598778],[-79.60649235099338,-2.597066053936579],[-79.6054244081583,-2.596154955502911],[-79.60609642329443,-2.595397432561177],[-79.60525493735176,-2.594395496441769],[-79.60471906100389,-2.594736043197372]]]}},{"type":"Feature","properties":{"Pob_total":286.0},"geometry":{"type":"Polygon","coordinates":[[[-79.64527909888497,-2.634310001879448],[-79.64560055937676,-2.634827914385116],[-79.64526669969459,-2.635317979462146],[-79.64637946473876,-2.638257058753594],[-79.64730629214387,-2.639332690214026],[-79.64732831197006,-2.636645794287594],[-79.65011009920593,-2.635124356448777],[-79.6494805063645,-2.633898415237991],[-79.64791380749895,-2.634466069172663],[-79.64621234892799,-2.633667822848455],[-79.64527909888497,-2.634310001879448]]]}},{"type":"Feature","properties":{"Pob_total":306.0},"geometry":{"type":"Polygon","coordinates":[[[-79.64731257844254,-2.63877977575371],[-79.64730629214387,-2.639332690214026],[-79.64969043255927,-2.637278601227442],[-79.64937018753452,-2.636547148692569],[-79.65011009920593,-2.635124356448777],[-79.64732831197006,-2.636645794287594],[-79.64731257844254,-2.63877977575371]]]}},{"type":"Feature","properties":{"Pob_total":282.0},"geometry":{"type":"Polygon","coordinates":[[[-79.3799554752911,-2.455925126423531],[-79.38039004368841,-2.45879384686479],[-79.38302013152362,-2.455957523916037],[-79.38780657172943,-2.456186994126262],[-79.388406003265,-2.45554178332479],[-79.37988340074885,-2.454836888855785],[-79.3799554752911,-2.455925126423531]]]}},{"type":"Feature","properties":{"Pob_total":417.0},"geometry":{"type":"Polygon","coordinates":[[[-79.3739501517738,-2.447971097833714],[-79.37396338051525,-2.448928688813722],[-79.37577277555202,-2.450100228869882],[-79.37599647666329,-2.449712539854749],[-79.37779802924206,-2.450836241956806],[-79.3784540444159,-2.449729177901408],[-79.37750327772842,-2.449159093269058],[-79.37720086956494,-2.449682321571555],[-79.37581397521951,-2.448829538675223],[-79.37618205300461,-2.448738583558039],[-79.3760289195315,-2.446114650670328],[-79.37392458115222,-2.446120255081709],[-79.3739501517738,-2.447971097833714]]]}},{"type":"Feature","properties":{"Pob_total":553.0},"geometry":{"type":"Polygon","coordinates":[[[-79.38041260259324,-2.452233650390746],[-79.37993223181246,-2.453391206074516],[-79.38176186155526,-2.453500328230394],[-79.38095479506747,-2.444315873664332],[-79.37979738746564,-2.445723913315432],[-79.38025929356502,-2.451147132520529],[-79.3794756829259,-2.451951568608063],[-79.38041260259324,-2.452233650390746]]]}},{"type":"Feature","properties":{"Pob_total":730.0},"geometry":{"type":"Polygon","coordinates":[[[-79.37364600685662,-2.449414389279621],[-79.37245485301656,-2.451229945962493],[-79.37460230797035,-2.452788312622065],[-79.37497219514161,-2.453513523830824],[-79.37832268897208,-2.451975916798287],[-79.37746228100295,-2.451408381121666],[-79.37779802924206,-2.450836241956806],[-79.37599647666329,-2.449712539854749],[-79.37577277555202,-2.450100228869882],[-79.37396338051525,-2.448928688813722],[-79.37364600685662,-2.449414389279621]]]}},{"type":"Feature","properties":{"Pob_total":235.0},"geometry":{"type":"Polygon","coordinates":[[[-79.37708460442309,-2.456879323023249],[-79.37874786114331,-2.455820026908138],[-79.37870874237287,-2.454684989230402],[-79.37713246686502,-2.453636111277461],[-79.37832268897208,-2.451975916798287],[-79.37497219514161,-2.453513523830824],[-79.37708460442309,-2.456879323023249]]]}},{"type":"Feature","properties":{"Pob_total":389.0},"geometry":{"type":"Polygon","coordinates":[[[-79.37806629638696,-2.458818672898695],[-79.38039004368841,-2.45879384686479],[-79.37988340074885,-2.454836888855785],[-79.37870874237287,-2.454684989230402],[-79.37874786114331,-2.455820026908138],[-79.37709973663803,-2.456901837231692],[-79.37806629638696,-2.458818672898695]]]}},{"type":"Feature","properties":{"Pob_total":514.0},"geometry":{"type":"Polygon","coordinates":[[[-79.3775091760473,-2.453138791645536],[-79.37713246686502,-2.453636111277461],[-79.37910898687305,-2.454781480440061],[-79.388406003265,-2.45554178332479],[-79.3884190292554,-2.454733494992141],[-79.38225706371085,-2.454372709633261],[-79.38176186155526,-2.453500328230394],[-79.3789614213484,-2.453340121409925],[-79.37896750037334,-2.452473255398749],[-79.37836257575917,-2.452012156624123],[-79.3775091760473,-2.453138791645536]]]}},{"type":"Feature","properties":{"Pob_total":491.0},"geometry":{"type":"Polygon","coordinates":[[[-79.37632483614536,-2.449143466969473],[-79.37720086956494,-2.449682321571555],[-79.37750327772842,-2.449159093269058],[-79.3784540444159,-2.449729177901408],[-79.37990622207427,-2.447309919917986],[-79.37979738746564,-2.445723913315432],[-79.3773773688474,-2.447823157628137],[-79.37618271898621,-2.447964413432271],[-79.37618205300461,-2.448738583558039],[-79.37581397521951,-2.448829538675223],[-79.37632483614536,-2.449143466969473]]]}},{"type":"Feature","properties":{"Pob_total":515.0},"geometry":{"type":"Polygon","coordinates":[[[-79.37896750037334,-2.452473255398749],[-79.3789614213484,-2.453340121409925],[-79.37993178643416,-2.453391461463776],[-79.38041260259324,-2.452233650390746],[-79.3794756829259,-2.451951568608063],[-79.38025929356502,-2.451147132520529],[-79.37990622207427,-2.447309919917986],[-79.37746228100295,-2.451408381121666],[-79.37896750037334,-2.452473255398749]]]}},{"type":"Feature","properties":{"Pob_total":351.0},"geometry":{"type":"Polygon","coordinates":[[[-79.49154968337663,-2.506936625691469],[-79.49528982708796,-2.509186040302672],[-79.49670104183312,-2.507933064089515],[-79.48832825903263,-2.50284943854796],[-79.48933352474121,-2.505280321908297],[-79.49154968337663,-2.506936625691469]]]}},{"type":"Feature","properties":{"Pob_total":382.0},"geometry":{"type":"Polygon","coordinates":[[[-79.50114227586748,-2.510629580567422],[-79.50003383815907,-2.508864311171141],[-79.49685849646453,-2.505651556038939],[-79.49099665892595,-2.503423008425702],[-79.48835039399532,-2.502809473520757],[-79.50114227586748,-2.510629580567422]]]}},{"type":"Feature","properties":{"Pob_total":400.0},"geometry":{"type":"Polygon","coordinates":[[[-79.49652435753062,-2.50815052686901],[-79.496140938351,-2.508129120759479],[-79.49528982708796,-2.509186040302672],[-79.49776856193232,-2.510400311776503],[-79.49865570063406,-2.511505323278098],[-79.50114242773097,-2.510629672991643],[-79.49670104183312,-2.507933064089515],[-79.49652435753062,-2.50815052686901]]]}},{"type":"Feature","properties":{"Pob_total":424.0},"geometry":{"type":"Polygon","coordinates":[[[-79.34658469176065,-2.428871994163015],[-79.3464773753011,-2.428113918153788],[-79.3470730000578,-2.427841133857465],[-79.3467148449833,-2.423233220607872],[-79.34600847289173,-2.423262346605794],[-79.34603869384462,-2.426243754911709],[-79.34510289208256,-2.426383534013262],[-79.34533430338354,-2.427742872086243],[-79.34658469176065,-2.428871994163015]]]}},{"type":"Feature","properties":{"Pob_total":471.0},"geometry":{"type":"Polygon","coordinates":[[[-79.34959950541327,-2.431552320859828],[-79.3504545707631,-2.430706721667473],[-79.34897677778824,-2.429391619054246],[-79.34777722989885,-2.424980730002738],[-79.34669166742114,-2.425151480587712],[-79.3470730000578,-2.427841133857465],[-79.3464773753011,-2.428113918153788],[-79.34664687368193,-2.428928145005948],[-79.34959950541327,-2.431552320859828]]]}},{"type":"Feature","properties":{"Pob_total":697.0},"geometry":{"type":"Polygon","coordinates":[[[-79.35051768495053,-2.421573939953293],[-79.34984712032708,-2.421788494651119],[-79.34884089359484,-2.423329976560773],[-79.34915405631936,-2.424283243767386],[-79.34769464569534,-2.424868183265674],[-79.34897677778824,-2.429391619054246],[-79.3504545707631,-2.430706721667473],[-79.34967873078742,-2.431622732400883],[-79.353640668943,-2.434990077245991],[-79.35387963140278,-2.434704946414806],[-79.35275057027874,-2.41991867439195],[-79.35153303199284,-2.420490868195914],[-79.35051768495053,-2.421573939953293]]]}},{"type":"Feature","properties":{"Pob_total":339.0},"geometry":{"type":"Polygon","coordinates":[[[-79.34327392010755,-2.428903945156957],[-79.34472175072611,-2.427267884940397],[-79.34318054344863,-2.426011562926385],[-79.34176642676013,-2.427650836047709],[-79.34327392010755,-2.428903945156957]]]}},{"type":"Feature","properties":{"Pob_total":337.0},"geometry":{"type":"Polygon","coordinates":[[[-79.34313894072623,-2.429148243259501],[-79.34817614347045,-2.433596910309574],[-79.353640668943,-2.434990077245991],[-79.34472175072611,-2.427267884940397],[-79.34313894072623,-2.429148243259501]]]}},{"type":"Feature","properties":{"Pob_total":274.0},"geometry":{"type":"Polygon","coordinates":[[[-79.34172745214431,-2.429150026159361],[-79.34238775576769,-2.428514994660385],[-79.34135952015663,-2.427683043899826],[-79.34080830602166,-2.428321428043914],[-79.34172745214431,-2.429150026159361]]]}},{"type":"Feature","properties":{"Pob_total":324.0},"geometry":{"type":"Polygon","coordinates":[[[-79.34317544979571,-2.4309229583175],[-79.3438355295865,-2.431512272908483],[-79.34391118699693,-2.431134969680835],[-79.34249634592629,-2.42983958464289],[-79.34330683125783,-2.428932322187757],[-79.34256014020346,-2.428288503952901],[-79.34156012576614,-2.429433995121244],[-79.34317544979571,-2.4309229583175]]]}},{"type":"Feature","properties":{"Pob_total":328.0},"geometry":{"type":"Polygon","coordinates":[[[-79.34380023195583,-2.432378896037363],[-79.34438551618018,-2.430249175040696],[-79.34313894072623,-2.429148243259501],[-79.34249634592629,-2.42983958464289],[-79.34391118699693,-2.431134969680835],[-79.34380023195583,-2.432378896037363]]]}},{"type":"Feature","properties":{"Pob_total":356.0},"geometry":{"type":"Polygon","coordinates":[[[-79.34322650244881,-2.433067923643548],[-79.34377925568506,-2.432606765499098],[-79.3438355295865,-2.431512272908483],[-79.34229180864494,-2.430082067565798],[-79.34183302023975,-2.430574088894403],[-79.34274508699505,-2.431405416445404],[-79.34209287859804,-2.432105817159209],[-79.34322650244881,-2.433067923643548]]]}},{"type":"Feature","properties":{"Pob_total":336.0},"geometry":{"type":"Polygon","coordinates":[[[-79.3420761930564,-2.43209109929165],[-79.34274508699505,-2.431405416445404],[-79.34183302023975,-2.430574088894403],[-79.34229180864494,-2.430082067565798],[-79.34156012576614,-2.429433995121244],[-79.34045522027067,-2.430641470753641],[-79.3420761930564,-2.43209109929165]]]}},{"type":"Feature","properties":{"Pob_total":570.0},"geometry":{"type":"Polygon","coordinates":[[[-79.34040635596286,-2.430597323158127],[-79.34177877835077,-2.429196296500963],[-79.34037691935575,-2.427930983549465],[-79.33906242088315,-2.429383117271009],[-79.34040635596286,-2.430597323158127]]]}},{"type":"Feature","properties":{"Pob_total":439.0},"geometry":{"type":"Polygon","coordinates":[[[-79.33899007835988,-2.429317020515152],[-79.34037691935575,-2.427930983549465],[-79.33940003250156,-2.427059477840285],[-79.33810879092132,-2.428511820109038],[-79.33899007835988,-2.429317020515152]]]}},{"type":"Feature","properties":{"Pob_total":636.0},"geometry":{"type":"Polygon","coordinates":[[[-79.33717173297607,-2.429500179385853],[-79.33849429281058,-2.428078222998913],[-79.33630107454758,-2.42601773060799],[-79.33564765367134,-2.426758718992881],[-79.33693502475829,-2.427952279992644],[-79.3362760118286,-2.428674125664462],[-79.33717173297607,-2.429500179385853]]]}},{"type":"Feature","properties":{"Pob_total":596.0},"geometry":{"type":"Polygon","coordinates":[[[-79.33244736620252,-2.430603186641213],[-79.33230860810164,-2.431376923281295],[-79.33405876731462,-2.429309369347392],[-79.33356298245027,-2.428959395970338],[-79.33487780634329,-2.427374843259053],[-79.333406182049,-2.426035029487268],[-79.33272366639795,-2.426839411777798],[-79.33296897549207,-2.428287352600638],[-79.33256654517574,-2.428838544926195],[-79.33284194830392,-2.429767767388103],[-79.33244736620252,-2.430603186641213]]]}},{"type":"Feature","properties":{"Pob_total":512.0},"geometry":{"type":"Polygon","coordinates":[[[-79.33562834249469,-2.426780366512087],[-79.33421115963402,-2.428100069147804],[-79.3365575090281,-2.430256639272211],[-79.33720378381946,-2.429529737386459],[-79.3362760118286,-2.428674125664462],[-79.33693502475829,-2.427952279992644],[-79.33562834249469,-2.426780366512087]]]}},{"type":"Feature","properties":{"Pob_total":540.0},"geometry":{"type":"Polygon","coordinates":[[[-79.34210739256349,-2.434402118242615],[-79.34324903843815,-2.433084886065314],[-79.34117469655864,-2.431295936907516],[-79.33999362531932,-2.432642453916637],[-79.34210739256349,-2.434402118242615]]]}},{"type":"Feature","properties":{"Pob_total":295.0},"geometry":{"type":"Polygon","coordinates":[[[-79.3398434867987,-2.431357386681816],[-79.33918876146781,-2.430785052336557],[-79.33853472653742,-2.431508494041375],[-79.33999362531932,-2.432642453916637],[-79.34117469655864,-2.431295936907516],[-79.34045522027067,-2.430641470753641],[-79.3398434867987,-2.431357386681816]]]}},{"type":"Feature","properties":{"Pob_total":341.0},"geometry":{"type":"Polygon","coordinates":[[[-79.33781024612232,-2.430766704093668],[-79.33853472653742,-2.431508494041375],[-79.33918876146781,-2.430785052336557],[-79.33982490187925,-2.431379137349034],[-79.34045522027067,-2.430641470753641],[-79.33906242088315,-2.429383117271009],[-79.33781024612232,-2.430766704093668]]]}},{"type":"Feature","properties":{"Pob_total":504.0},"geometry":{"type":"Polygon","coordinates":[[[-79.33783966369842,-2.433880993478495],[-79.33942896102961,-2.432198517622387],[-79.33683488416585,-2.429944659740407],[-79.33532292199438,-2.431645245999414],[-79.33783966369842,-2.433880993478495]]]}},{"type":"Feature","properties":{"Pob_total":641.0},"geometry":{"type":"Polygon","coordinates":[[[-79.34048626200614,-2.436115332804652],[-79.34213595140348,-2.43442588692732],[-79.33942896102961,-2.432198517622387],[-79.3379058783866,-2.433931315777536],[-79.34048626200614,-2.436115332804652]]]}},{"type":"Feature","properties":{"Pob_total":446.0},"geometry":{"type":"Polygon","coordinates":[[[-79.33939731099457,-2.437344938306934],[-79.34051891598594,-2.436142970821634],[-79.33754518203948,-2.433657193079252],[-79.33649526381834,-2.434792687805639],[-79.33939731099457,-2.437344938306934]]]}},{"type":"Feature","properties":{"Pob_total":519.0},"geometry":{"type":"Polygon","coordinates":[[[-79.3364252081083,-2.43472635580187],[-79.33754518203948,-2.433657193079252],[-79.33532292199438,-2.431645245999414],[-79.33432080587008,-2.432772375211623],[-79.3364252081083,-2.43472635580187]]]}},{"type":"Feature","properties":{"Pob_total":521.0},"geometry":{"type":"Polygon","coordinates":[[[-79.3317498578284,-2.438931285674203],[-79.33268637971386,-2.439033273028512],[-79.3345977773322,-2.43689975761496],[-79.33422170090299,-2.436570087972332],[-79.33614733915218,-2.434463253566994],[-79.33432080587008,-2.432772375211623],[-79.32996071411313,-2.437534061748384],[-79.3317498578284,-2.438931285674203]]]}},{"type":"Feature","properties":{"Pob_total":444.0},"geometry":{"type":"Polygon","coordinates":[[[-79.3355852912071,-2.437749617594805],[-79.33747642201244,-2.435684776060288],[-79.33614733915218,-2.434463253566994],[-79.33422170090299,-2.436570087972332],[-79.3355852912071,-2.437749617594805]]]}},{"type":"Feature","properties":{"Pob_total":495.0},"geometry":{"type":"Polygon","coordinates":[[[-79.33621450239545,-2.438293270338854],[-79.33771424024191,-2.439310695936435],[-79.33942689704136,-2.437370507956591],[-79.33747642201244,-2.435684776060288],[-79.33561545028246,-2.437775572338698],[-79.33621450239545,-2.438293270338854]]]}},{"type":"Feature","properties":{"Pob_total":353.0},"geometry":{"type":"Polygon","coordinates":[[[-79.33309125790942,-2.438581346111422],[-79.33268637971386,-2.439033273028512],[-79.33690688340623,-2.439104787187921],[-79.33745892920652,-2.439599427033163],[-79.33771424024191,-2.439310695936435],[-79.3345977773322,-2.43689975761496],[-79.33309125790942,-2.438581346111422]]]}},{"type":"Feature","properties":{"Pob_total":399.0},"geometry":{"type":"Polygon","coordinates":[[[-79.33767936645481,-2.430737742676626],[-79.33906242088315,-2.429383117271009],[-79.33810879092132,-2.428511820109038],[-79.33683488416585,-2.429944659740407],[-79.33767936645481,-2.430737742676626]]]}},{"type":"Feature","properties":{"Pob_total":343.0},"geometry":{"type":"Polygon","coordinates":[[[-79.33560692180633,-2.43068358503947],[-79.3363591212038,-2.430046652603783],[-79.33421115963402,-2.428100069147804],[-79.33356298245027,-2.428959395970338],[-79.33560692180633,-2.43068358503947]]]}},{"type":"Feature","properties":{"Pob_total":282.0},"geometry":{"type":"Polygon","coordinates":[[[-79.33423176446746,-2.430765756544557],[-79.33528573165269,-2.431687075871348],[-79.3365575090281,-2.430256639272211],[-79.3363591212038,-2.430046652603783],[-79.33570846699058,-2.430773720894549],[-79.33405876731462,-2.429309369347392],[-79.33346812948504,-2.430098229184648],[-79.33423176446746,-2.430765756544557]]]}},{"type":"Feature","properties":{"Pob_total":662.0},"geometry":{"type":"Polygon","coordinates":[[[-79.33296257876533,-2.430793963737395],[-79.33159123255052,-2.431891146536926],[-79.33290218879638,-2.433099376343221],[-79.33231332626654,-2.433737993461912],[-79.33296412371298,-2.434298295832833],[-79.33528573165269,-2.431687075871348],[-79.33346812948504,-2.430098229184648],[-79.33296257876533,-2.430793963737395]]]}},{"type":"Feature","properties":{"Pob_total":481.0},"geometry":{"type":"Polygon","coordinates":[[[-79.33033576688793,-2.433293386167616],[-79.32955693647854,-2.433902553893391],[-79.3308657993446,-2.43501259823587],[-79.3314822818398,-2.434324080782408],[-79.33229374838832,-2.435045481907113],[-79.33296412371298,-2.434298295832833],[-79.33231332626654,-2.433737993461912],[-79.33290218879638,-2.433099376343221],[-79.33159123255052,-2.431891146536926],[-79.33033576688793,-2.433293386167616]]]}},{"type":"Feature","properties":{"Pob_total":429.0},"geometry":{"type":"Polygon","coordinates":[[[-79.32437758553903,-2.430795684070205],[-79.32284245575639,-2.432437472606662],[-79.32407248096285,-2.4338472796163],[-79.32514089667002,-2.432545870391838],[-79.32751416388753,-2.434530604018063],[-79.32781145300235,-2.4341666534612],[-79.32866885262071,-2.43489252127104],[-79.32897761185065,-2.434502041634855],[-79.33107951020881,-2.436340677607953],[-79.33229374838832,-2.435045481907113],[-79.3314822818398,-2.434324080782408],[-79.3308657993446,-2.43501259823587],[-79.32955693647854,-2.433902553893391],[-79.33019332671964,-2.433182149941558],[-79.32776363805603,-2.430981812908768],[-79.32650326659906,-2.432479847002913],[-79.32437758553903,-2.430795684070205]]]}},{"type":"Feature","properties":{"Pob_total":382.0},"geometry":{"type":"Polygon","coordinates":[[[-79.32724301034769,-2.434862557514164],[-79.32691149720755,-2.435268405030694],[-79.3297950816704,-2.437710737461763],[-79.33107951020881,-2.436340677607953],[-79.32897761185065,-2.434502041634855],[-79.32866885262071,-2.43489252127104],[-79.32781145300235,-2.4341666534612],[-79.32724301034769,-2.434862557514164]]]}},{"type":"Feature","properties":{"Pob_total":388.0},"geometry":{"type":"Polygon","coordinates":[[[-79.32472518198954,-2.434692166925434],[-79.3256572996494,-2.435898743935605],[-79.32646811618527,-2.434900811006365],[-79.32691149720755,-2.435268405030694],[-79.32751416388753,-2.434530604018063],[-79.32514089667002,-2.432545870391838],[-79.32407248096285,-2.4338472796163],[-79.32472518198954,-2.434692166925434]]]}},{"type":"Feature","properties":{"Pob_total":392.0},"geometry":{"type":"Polygon","coordinates":[[[-79.32571259933822,-2.437066915693949],[-79.32526733026296,-2.437557120199187],[-79.3260206958981,-2.438244760729313],[-79.32694949540894,-2.437171902105174],[-79.32882120759518,-2.43874953488179],[-79.3297950816704,-2.437710737461763],[-79.32646811618527,-2.434900811006365],[-79.3256572996494,-2.435898743935605],[-79.32601164287205,-2.43633907606299],[-79.32571259933822,-2.437066915693949]]]}},{"type":"Feature","properties":{"Pob_total":431.0},"geometry":{"type":"Polygon","coordinates":[[[-79.31868697357005,-2.431743963743522],[-79.31828055081728,-2.432630535025305],[-79.32205833884349,-2.43388583905134],[-79.32302966789321,-2.434730207223266],[-79.3219451367694,-2.435920894324262],[-79.32627386411852,-2.440691448394097],[-79.3233671707589,-2.443837548769046],[-79.32399397009262,-2.444448575095726],[-79.33027417333055,-2.43778595215385],[-79.32996071411313,-2.437534061748384],[-79.32882120759518,-2.43874953488179],[-79.32694949540894,-2.437171902105174],[-79.3260206958981,-2.438244760729313],[-79.32526733026296,-2.437557120199187],[-79.32601164287205,-2.43633907606299],[-79.32284245575639,-2.432437472606662],[-79.31897491515396,-2.430933657231023],[-79.31868697357005,-2.431743963743522]]]}},{"type":"Feature","properties":{"Pob_total":395.0},"geometry":{"type":"Polygon","coordinates":[[[-79.31999550968271,-2.448163441095103],[-79.32009797794299,-2.448586210006692],[-79.32399397009262,-2.444448575095726],[-79.3233671707589,-2.443837548769046],[-79.32627386411852,-2.440691448394097],[-79.32496397621378,-2.43946452012007],[-79.32117710167621,-2.443524461182776],[-79.32250815549943,-2.444782315435653],[-79.32095407716166,-2.446425164743326],[-79.3213080643596,-2.446763425448481],[-79.31999550968271,-2.448163441095103]]]}},{"type":"Feature","properties":{"Pob_total":327.0},"geometry":{"type":"Polygon","coordinates":[[[-79.31952883505508,-2.448563234472243],[-79.3213080643596,-2.446763425448481],[-79.32095407716166,-2.446425164743326],[-79.32250815549943,-2.444782315435653],[-79.32117710167621,-2.443524461182776],[-79.31792686254626,-2.447033234144757],[-79.31952883505508,-2.448563234472243]]]}},{"type":"Feature","properties":{"Pob_total":294.0},"geometry":{"type":"Polygon","coordinates":[[[-79.31444059042676,-2.454229348528172],[-79.31485259100015,-2.454627272340399],[-79.31691520573887,-2.454467821877141],[-79.3193606724426,-2.453517183620896],[-79.31825086601118,-2.452632862581407],[-79.31854811148682,-2.452326438137515],[-79.31798028659107,-2.451834102239369],[-79.31828663959413,-2.451527049016044],[-79.31746189978676,-2.450818075434078],[-79.31444059042676,-2.454229348528172]]]}},{"type":"Feature","properties":{"Pob_total":362.0},"geometry":{"type":"Polygon","coordinates":[[[-79.31882432785522,-2.453089811441569],[-79.3193606724426,-2.453517183620896],[-79.32116925468512,-2.451666579999084],[-79.32113075970292,-2.450917619062199],[-79.31904059734632,-2.449181978796885],[-79.31746189978676,-2.450818075434078],[-79.31828663959413,-2.451527049016044],[-79.31798028659107,-2.451834102239369],[-79.31854811148682,-2.452326438137515],[-79.31825086601118,-2.452632862581407],[-79.31882432785522,-2.453089811441569]]]}},{"type":"Feature","properties":{"Pob_total":600.0},"geometry":{"type":"Polygon","coordinates":[[[-79.31292192762655,-2.44750432420001],[-79.31526289335059,-2.450159686921519],[-79.31572239905411,-2.451563527207612],[-79.31383773061263,-2.453264938121563],[-79.31357180562154,-2.454880374261659],[-79.31904059734632,-2.449181978796885],[-79.32113075970292,-2.450917619062199],[-79.32104812156021,-2.449310113955885],[-79.32024057492849,-2.449199510178927],[-79.31999550968271,-2.448163441095103],[-79.319578543458,-2.448608189615481],[-79.31792686254626,-2.447033234144757],[-79.31741017281283,-2.447550881002663],[-79.30938240041337,-2.438402846248724],[-79.30812783208927,-2.439793869378329],[-79.30934595992375,-2.441176188244167],[-79.30827526539544,-2.442233582041125],[-79.31292192762655,-2.44750432420001]]]}},{"type":"Feature","properties":{"Pob_total":416.0},"geometry":{"type":"Polygon","coordinates":[[[-79.2893635646325,-2.455425539625385],[-79.29053245651177,-2.456419360817868],[-79.2909863667085,-2.459483903230983],[-79.29566154095892,-2.462777850139554],[-79.29678219905809,-2.464753424751664],[-79.2984371728735,-2.463212582994248],[-79.29959469551126,-2.463470748769836],[-79.29944940819816,-2.466918308078494],[-79.30041577051954,-2.466886487116932],[-79.30044011494057,-2.468020393271853],[-79.30179352228735,-2.467757899789866],[-79.30909981236935,-2.459772554950896],[-79.30794808654947,-2.458804710758849],[-79.30712711102623,-2.459920862811534],[-79.30114425922486,-2.455403430199699],[-79.2994532474803,-2.454693530205556],[-79.29753596963721,-2.454728160849884],[-79.29256949429318,-2.455784858917938],[-79.29079469945364,-2.45541399047588],[-79.28861805904126,-2.454365844701761],[-79.2893635646325,-2.455425539625385]]]}},{"type":"Feature","properties":{"Pob_total":331.0},"geometry":{"type":"Polygon","coordinates":[[[-79.29717120638203,-2.466371511865254],[-79.29724415613482,-2.466992759920591],[-79.29520509096054,-2.467106264113925],[-79.29518877079094,-2.468122881555507],[-79.30044011494057,-2.468020393271853],[-79.30041577051954,-2.466886487116932],[-79.29944940819816,-2.466918308078494],[-79.29959469551126,-2.463470748769836],[-79.2984371728735,-2.463212582994248],[-79.29678219905809,-2.464753424751664],[-79.29717120638203,-2.466371511865254]]]}},{"type":"Feature","properties":{"Pob_total":594.0},"geometry":{"type":"Polygon","coordinates":[[[-79.2919204153904,-2.466743683165808],[-79.28902224452347,-2.466387203593406],[-79.2893199000855,-2.466879430912861],[-79.28890487239914,-2.467066629883581],[-79.28934154359963,-2.468000245472093],[-79.29267188585416,-2.468171994168712],[-79.29518877079094,-2.468122881555507],[-79.29520509096054,-2.467106264113925],[-79.29724415613482,-2.466992759920591],[-79.29649573213554,-2.46398208558522],[-79.29566154095892,-2.462777850139554],[-79.2909863667085,-2.459483903230983],[-79.2928049517453,-2.464672531909784],[-79.29256160035527,-2.466357867753471],[-79.2919204153904,-2.466743683165808]]]}},{"type":"Feature","properties":{"Pob_total":545.0},"geometry":{"type":"Polygon","coordinates":[[[-79.28133493715147,-2.466363331356953],[-79.28070974816563,-2.466894328986771],[-79.28072066571535,-2.467796535834346],[-79.28246729221114,-2.468534077162852],[-79.2848599889896,-2.46811349219287],[-79.28551497245726,-2.468684318890975],[-79.28774908975825,-2.46918033671725],[-79.28808209104157,-2.467883423006275],[-79.28934154359963,-2.468000245472093],[-79.28902224452347,-2.466387203593406],[-79.28519928789153,-2.466863666507806],[-79.2833797806051,-2.466332428394112],[-79.28176029736044,-2.465239926537879],[-79.28133493715147,-2.466363331356953]]]}},{"type":"Feature","properties":{"Pob_total":505.0},"geometry":{"type":"Polygon","coordinates":[[[-79.28807912693313,-2.467900812658568],[-79.28774908975825,-2.46918033671725],[-79.28812104023788,-2.469305853722492],[-79.2905261058129,-2.469831723033327],[-79.29274923401272,-2.46962631224831],[-79.29398081018782,-2.470628056591301],[-79.29412545633656,-2.470022311609984],[-79.29474625218937,-2.47001128356291],[-79.29474833815729,-2.468131476194942],[-79.28807912693313,-2.467900812658568]]]}},{"type":"Feature","properties":{"Pob_total":508.0},"geometry":{"type":"Polygon","coordinates":[[[-79.29475696250567,-2.470352964782477],[-79.29603871697283,-2.471173096970186],[-79.29649323411532,-2.470386844657821],[-79.29743795901095,-2.470293436794829],[-79.29738243414138,-2.468080071493633],[-79.29474833815729,-2.468131476194942],[-79.29474625218937,-2.47001128356291],[-79.29412545633656,-2.470022311609984],[-79.29411128438524,-2.470633288319813],[-79.29475696250567,-2.470352964782477]]]}},{"type":"Feature","properties":{"Pob_total":327.0},"geometry":{"type":"Polygon","coordinates":[[[-79.29805039648983,-2.470392989593993],[-79.29870321625576,-2.47076486246555],[-79.30021599896223,-2.470457227497043],[-79.30194583317521,-2.46859630768573],[-79.30173261528456,-2.467803699342574],[-79.29738243414138,-2.468080071493633],[-79.29743795901095,-2.470293436794829],[-79.29805039648983,-2.470392989593993]]]}},{"type":"Feature","properties":{"Pob_total":293.0},"geometry":{"type":"Polygon","coordinates":[[[-79.30021599896223,-2.470457227497043],[-79.29870321625576,-2.47076486246555],[-79.29686531792852,-2.470291366725239],[-79.29645915358084,-2.470853718537787],[-79.2975466447993,-2.470658393361747],[-79.29836990747224,-2.471685930362931],[-79.29912570777552,-2.471611115262942],[-79.29974225890285,-2.472150782369774],[-79.30121571792237,-2.472439693474259],[-79.30291159084746,-2.471764165474279],[-79.30543933951189,-2.47291288280122],[-79.30614686003379,-2.472696748340362],[-79.30717945731703,-2.471383912006396],[-79.30907261866261,-2.471964991278873],[-79.30905975714589,-2.472676308765426],[-79.30950693681388,-2.472990939038323],[-79.308369092009,-2.467798576054095],[-79.31139465984448,-2.465167385376373],[-79.30937238899386,-2.462810888907959],[-79.30759995241135,-2.461428862325118],[-79.30173261528456,-2.467803699342574],[-79.30194583317521,-2.46859630768573],[-79.30021599896223,-2.470457227497043]]]}},{"type":"Feature","properties":{"Pob_total":350.0},"geometry":{"type":"Polygon","coordinates":[[[-79.11229891109657,-2.458022646540935],[-79.10984352695586,-2.460174261735164],[-79.11076823512761,-2.461931309164699],[-79.11374436283683,-2.464486183605318],[-79.11533861800278,-2.464881748236325],[-79.11716609764888,-2.463856142565036],[-79.11889432762638,-2.461778762506862],[-79.11895056410883,-2.461170028100174],[-79.11450131227913,-2.460865691786837],[-79.11486483595117,-2.461658422263769],[-79.11377595415979,-2.462556436105188],[-79.11229891109657,-2.458022646540935]]]}},{"type":"Feature","properties":{"Pob_total":522.0},"geometry":{"type":"Polygon","coordinates":[[[-79.11308986628278,-2.460021460743436],[-79.11377595415979,-2.462556436105188],[-79.11486483595117,-2.461658422263769],[-79.11450131227913,-2.460865691786837],[-79.1187219892404,-2.461009749066441],[-79.11897320592644,-2.461584047260495],[-79.11942734080114,-2.461189558341671],[-79.11934743035563,-2.460402502702472],[-79.11760866484408,-2.458371256735325],[-79.11502264089134,-2.457960417373627],[-79.11395496053585,-2.457356646181702],[-79.11317801909799,-2.457357533730499],[-79.11229891109657,-2.458022646540935],[-79.11308986628278,-2.460021460743436]]]}},{"type":"Feature","properties":{"Pob_total":205.0},"geometry":{"type":"Polygon","coordinates":[[[-79.18746968488601,-2.51434615127146],[-79.18710450687973,-2.515057151785077],[-79.1875682387555,-2.515962451016016],[-79.18754124673244,-2.516980789041134],[-79.18887920121924,-2.517875545171484],[-79.1907156702084,-2.517488624326206],[-79.1891093696437,-2.51520263511008],[-79.18746968488601,-2.51434615127146]]]}},{"type":"Feature","properties":{"Pob_total":444.0},"geometry":{"type":"Polygon","coordinates":[[[-79.3290685829459,-2.514755350844314],[-79.32744161182663,-2.515005223584382],[-79.32741675985699,-2.514344805630655],[-79.32662970387919,-2.514289708084257],[-79.32513924976513,-2.517683325852353],[-79.33017135422261,-2.5206362620652],[-79.33358070099591,-2.519095895270563],[-79.33674552901539,-2.520153764645835],[-79.33761212487292,-2.519937050760437],[-79.33838815323897,-2.518965533825815],[-79.3366369606663,-2.517894452278685],[-79.33471374269114,-2.515868402285457],[-79.3318093571881,-2.515520401102938],[-79.331700055741,-2.514734603712337],[-79.33112787675515,-2.514761133692617],[-79.33103153948555,-2.514239961687589],[-79.32900771025942,-2.514291935480545],[-79.3290685829459,-2.514755350844314]]]}},{"type":"Feature","properties":{"Pob_total":354.0},"geometry":{"type":"Polygon","coordinates":[[[-79.32667406885119,-2.514193032124674],[-79.32741675985699,-2.514344805630655],[-79.32744161182663,-2.515005223584382],[-79.32909431544736,-2.514951306650502],[-79.32900771025942,-2.514291935480545],[-79.33103153948555,-2.514239961687589],[-79.33112787675515,-2.514761133692617],[-79.331700055741,-2.514734603712337],[-79.3318093571881,-2.515520401102938],[-79.33471374269114,-2.515868402285457],[-79.3366369606663,-2.517894452278685],[-79.3384058320992,-2.518926127605612],[-79.33555084466308,-2.514566262162329],[-79.3309621647498,-2.51348760283595],[-79.32969892220063,-2.512855021526588],[-79.32734730501943,-2.512792680697308],[-79.32667406885119,-2.514193032124674]]]}},{"type":"Feature","properties":{"Pob_total":474.0},"geometry":{"type":"Polygon","coordinates":[[[-79.12567623835612,-2.522825938187709],[-79.1264944931628,-2.523187492],[-79.12689672377392,-2.526448919422577],[-79.12761283983693,-2.526532283970553],[-79.12936115945647,-2.525795007250295],[-79.12957685829873,-2.526813667283872],[-79.13241951545466,-2.528957980325734],[-79.13467175446364,-2.52885078809776],[-79.13578549510113,-2.526480656936524],[-79.13495487478501,-2.525016612359823],[-79.13330238300354,-2.5236594529094],[-79.12551980653609,-2.522210253096065],[-79.12567623835612,-2.522825938187709]]]}},{"type":"Feature","properties":{"Pob_total":380.0},"geometry":{"type":"Polygon","coordinates":[[[-79.09196214134926,-2.44278456930757],[-79.09376139622339,-2.442743107080854],[-79.09574572362665,-2.441417711081967],[-79.09579745845377,-2.440458001671048],[-79.09496448886473,-2.439266422099342],[-79.09334110828216,-2.438663442203357],[-79.09283039557661,-2.4395048742219],[-79.0905204743712,-2.44115751683263],[-79.09196214134926,-2.44278456930757]]]}},{"type":"Feature","properties":{"Pob_total":118.0},"geometry":{"type":"Polygon","coordinates":[[[-79.41358175610968,-2.911491082673151],[-79.41476317434211,-2.911493046025996],[-79.41490973890285,-2.910996285872999],[-79.41448986217135,-2.907438144136172],[-79.4140323394554,-2.906967618514376],[-79.41317080719006,-2.907037151823114],[-79.41233912143761,-2.908199052563339],[-79.41230923870121,-2.911326786724389],[-79.41358175610968,-2.911491082673151]]]}},{"type":"Feature","properties":{"Pob_total":160.0},"geometry":{"type":"Polygon","coordinates":[[[-79.43208646520905,-2.916158169611774],[-79.43441398071214,-2.915805357532277],[-79.43511652995356,-2.913031788443843],[-79.43142203400495,-2.908895223478629],[-79.42988328046138,-2.909276565989427],[-79.43081433345121,-2.911990551825819],[-79.43096331870416,-2.913852654484136],[-79.43182303848633,-2.914772685326752],[-79.43208646520905,-2.916158169611774]]]}},{"type":"Feature","properties":{"Pob_total":357.0},"geometry":{"type":"Polygon","coordinates":[[[-79.39143278236851,-2.753847265181674],[-79.38836392011267,-2.753873453987071],[-79.38905997967792,-2.759137569664716],[-79.38732672572702,-2.762993049925341],[-79.385970747515,-2.764937035493909],[-79.38777611923693,-2.766209063568191],[-79.39021107780148,-2.766629425452773],[-79.39163149035254,-2.768628747842267],[-79.39301370124545,-2.768009006557216],[-79.39444243738966,-2.766532366328502],[-79.39506657765725,-2.766547268011183],[-79.39608354790327,-2.767369943247758],[-79.39662446289375,-2.766386928951755],[-79.39529701457313,-2.765156165665215],[-79.39597639921247,-2.763684761738884],[-79.39587550639172,-2.762014442084911],[-79.396320885799,-2.761169481500474],[-79.39497496620427,-2.760984723474916],[-79.39385391092435,-2.76233411651799],[-79.39143049424752,-2.762886003303737],[-79.39178801429064,-2.761590741711575],[-79.39121232076404,-2.760398572985763],[-79.39212755431069,-2.759981293587669],[-79.3922832031125,-2.758368950708108],[-79.39175560198402,-2.756861763294452],[-79.39184035336962,-2.754405592446378],[-79.39143278236851,-2.753847265181674]]]}},{"type":"Feature","properties":{"Pob_total":361.0},"geometry":{"type":"Polygon","coordinates":[[[-79.3920831679156,-2.760011740714515],[-79.39121232076404,-2.760398572985763],[-79.39178801429064,-2.761590741711575],[-79.39160029774075,-2.763016189959616],[-79.39392465291283,-2.762295144545151],[-79.39497496620427,-2.760984723474916],[-79.39643975231924,-2.761265366893879],[-79.39587550639172,-2.762014442084911],[-79.39597639921247,-2.763684761738884],[-79.39529701457313,-2.765156165665215],[-79.39662446289375,-2.766386928951755],[-79.39722218818417,-2.766519307344983],[-79.39810790257393,-2.766013928550799],[-79.39816572872621,-2.764412001940071],[-79.398604073098,-2.763887782183934],[-79.40088818000893,-2.763646056832888],[-79.4026888059611,-2.764873638156824],[-79.403592580001,-2.764891527582916],[-79.40267308993039,-2.7626329868314],[-79.39990718668288,-2.761874065910563],[-79.39228241334041,-2.758188273381902],[-79.3920831679156,-2.760011740714515]]]}},{"type":"Feature","properties":{"Pob_total":374.0},"geometry":{"type":"Polygon","coordinates":[[[-79.3981611491517,-2.76484179180513],[-79.39810790257393,-2.766013928550799],[-79.39722218818417,-2.766519307344983],[-79.39662512205024,-2.766382969675535],[-79.39608354790327,-2.767369943247758],[-79.3945443878481,-2.76650322564181],[-79.39301370124545,-2.768009006557216],[-79.39163013491505,-2.768626153213604],[-79.39335020394273,-2.771242731309269],[-79.39539798311995,-2.772078390081667],[-79.39908935095153,-2.772254510055334],[-79.40179592287646,-2.771337045347149],[-79.40135533657882,-2.771043952232291],[-79.40164931291123,-2.770662096349045],[-79.40380539592698,-2.769396839648179],[-79.4044809494414,-2.766601502264796],[-79.403592580001,-2.764891527582916],[-79.4026888059611,-2.764873638156824],[-79.40067603860277,-2.763631020514538],[-79.39847718375638,-2.763937512538583],[-79.3981611491517,-2.76484179180513]]]}},{"type":"Feature","properties":{"Pob_total":220.0},"geometry":{"type":"Polygon","coordinates":[[[-79.69142391578474,-2.97770577248109],[-79.6912467890384,-2.978062269861852],[-79.69270934748056,-2.977846875078948],[-79.6929179321258,-2.980120213350103],[-79.69546130603155,-2.979369384278777],[-79.6957088667602,-2.976925203601366],[-79.69509691134711,-2.975725307146678],[-79.69211363604039,-2.975820185441866],[-79.69081604208013,-2.976467945082149],[-79.69045185366464,-2.977347361104898],[-79.69142391578474,-2.97770577248109]]]}},{"type":"Feature","properties":{"Pob_total":291.0},"geometry":{"type":"Polygon","coordinates":[[[-79.68690613857258,-2.981733148115036],[-79.6888744104345,-2.981864687552433],[-79.6896452960284,-2.981072161088404],[-79.69138866218164,-2.980526123802062],[-79.68813093457103,-2.979022725227084],[-79.68690613857258,-2.981733148115036]]]}},{"type":"Feature","properties":{"Pob_total":577.0},"geometry":{"type":"Polygon","coordinates":[[[-79.68295009047242,-2.977010130939424],[-79.68119801470036,-2.977344481624255],[-79.68134780643273,-2.977682334477361],[-79.68252786289995,-2.977552221215952],[-79.68761072152361,-2.980042519370833],[-79.68903698872336,-2.97718390408346],[-79.68797385423676,-2.977030648841065],[-79.68852074213156,-2.97638472365038],[-79.68741396571794,-2.976056861668804],[-79.68295009047242,-2.977010130939424]]]}},{"type":"Feature","properties":{"Pob_total":407.0},"geometry":{"type":"Polygon","coordinates":[[[-79.68364673862088,-2.979926156177463],[-79.68610610161103,-2.981117975009001],[-79.68645375259047,-2.980384309644884],[-79.68723125196513,-2.980787362790503],[-79.68761072152361,-2.980042519370833],[-79.68252786289995,-2.977552221215952],[-79.68134780643273,-2.977682334477361],[-79.68364673862088,-2.979926156177463]]]}},{"type":"Feature","properties":{"Pob_total":345.0},"geometry":{"type":"Polygon","coordinates":[[[-79.68615158671709,-2.981027882974054],[-79.6849385390119,-2.980578816326747],[-79.68403217445325,-2.983481619086259],[-79.68399548517216,-2.984460134989876],[-79.68546438761564,-2.985541534333065],[-79.6876248553921,-2.981805762774972],[-79.68689807846388,-2.981823550068771],[-79.68723125196513,-2.980787362790503],[-79.68645375259047,-2.980384309644884],[-79.68615158671709,-2.981027882974054]]]}},{"type":"Feature","properties":{"Pob_total":140.0},"geometry":{"type":"Polygon","coordinates":[[[-79.6897677939756,-2.977487064570806],[-79.68917779361728,-2.97864965075048],[-79.69258705376029,-2.978943813754296],[-79.69270934748056,-2.977846875078948],[-79.6912467890384,-2.978062269861852],[-79.69142391578474,-2.97770577248109],[-79.69045185366464,-2.977347361104898],[-79.69081604208013,-2.976467945082149],[-79.69009459091475,-2.976688438706935],[-79.6897677939756,-2.977487064570806]]]}},{"type":"Feature","properties":{"Pob_total":340.0},"geometry":{"type":"Polygon","coordinates":[[[-79.68837134658446,-2.976606593265624],[-79.68797385423676,-2.977030648841065],[-79.68903698872336,-2.97718390408346],[-79.68813093457103,-2.979022725227084],[-79.69138866218164,-2.980526123802062],[-79.69244808508351,-2.979864041284741],[-79.6929179321258,-2.980120213350103],[-79.69284248636639,-2.978930070969625],[-79.68917779361728,-2.97864965075048],[-79.69009459091475,-2.976688438706935],[-79.68837134658446,-2.976606593265624]]]}},{"type":"Feature","properties":{"Pob_total":589.0},"geometry":{"type":"Polygon","coordinates":[[[-79.62024380096194,-2.849505835935123],[-79.62134526268856,-2.851149430224922],[-79.62370336086397,-2.8524067248074],[-79.6259250117658,-2.851406068125632],[-79.62799067023967,-2.849665342021534],[-79.62770043415101,-2.849294789063267],[-79.62691533509648,-2.84952766231013],[-79.62455887899985,-2.849163156021334],[-79.62195006250235,-2.847339543706659],[-79.62096013839844,-2.848127468893761],[-79.62103411051012,-2.84853175227084],[-79.62015910832329,-2.848838297955502],[-79.62024380096194,-2.849505835935123]]]}},{"type":"Feature","properties":{"Pob_total":268.0},"geometry":{"type":"Polygon","coordinates":[[[-79.59702064701197,-2.906941851699189],[-79.59611989860223,-2.907540813441004],[-79.59550634298105,-2.907072374431171],[-79.59602318786149,-2.910154691536372],[-79.59678936519447,-2.910094071276342],[-79.59751876218625,-2.908678487129316],[-79.59702064701197,-2.906941851699189]]]}},{"type":"Feature","properties":{"Pob_total":336.0},"geometry":{"type":"Polygon","coordinates":[[[-79.63550464772214,-2.971319766544762],[-79.63612613717049,-2.971334643655089],[-79.63720006284427,-2.967140196059398],[-79.6367369496135,-2.965085661367036],[-79.63531489589401,-2.965161966282242],[-79.63506778340648,-2.965911583005181],[-79.63550464772214,-2.971319766544762]]]}},{"type":"Feature","properties":{"Pob_total":180.0},"geometry":{"type":"Polygon","coordinates":[[[-79.52126159706512,-2.966350788446177],[-79.52326144602101,-2.965176574260863],[-79.52410886916121,-2.963579549598194],[-79.52404122713507,-2.962818138642051],[-79.52204331870674,-2.963976797323933],[-79.52133078739838,-2.965323757230622],[-79.52126159706512,-2.966350788446177]]]}},{"type":"Feature","properties":{"Pob_total":116.0},"geometry":{"type":"Polygon","coordinates":[[[-79.73133467144923,-2.528347494715594],[-79.7307992039042,-2.535834910712418],[-79.73079122969799,-2.544014318482079],[-79.72918983520584,-2.54793204476338],[-79.72256866598791,-2.555082429140942],[-79.72110122108332,-2.55919002799473],[-79.72124870402521,-2.563100975424718],[-79.72177238619518,-2.564773365617207],[-79.72594154140367,-2.571182913053128],[-79.72729704787673,-2.57731579065674],[-79.72729386397361,-2.580510859350567],[-79.72630987748506,-2.585801638652745],[-79.72261926530881,-2.596129866796069],[-79.72148492906223,-2.602114883142395],[-79.72173488560595,-2.607543493623727],[-79.72358407587275,-2.610950918379157],[-79.73072348062038,-2.62004991464363],[-79.73566529568092,-2.629450766369428],[-79.73942264110218,-2.635000248469844],[-79.74056110251739,-2.636486389301904],[-79.74478811109131,-2.639640675332718],[-79.74894350977334,-2.642108482447397],[-79.75146907964093,-2.64302475842905],[-79.7594374010108,-2.642981669391822],[-79.76393420687255,-2.643753922898305],[-79.78446142475275,-2.648933770775014],[-79.79771365732881,-2.653702487822054],[-79.80589991421306,-2.658369767322011],[-79.81433199897641,-2.664874156309654],[-79.81645634283164,-2.667021644254789],[-79.81827007766651,-2.659288977556714],[-79.82043689487477,-2.643573065968721],[-79.82078664947892,-2.632980834374461],[-79.82022924066969,-2.623526725154564],[-79.81842780970923,-2.612135166543984],[-79.81357297382125,-2.595957006927133],[-79.81052130014812,-2.589348028347236],[-79.80871541840443,-2.582740231025332],[-79.80781534166915,-2.576361087758274],[-79.8075947651244,-2.569982585411951],[-79.80567563169816,-2.563374695566473],[-79.80315724081167,-2.55674805826575],[-79.79394498960836,-2.540550825870986],[-79.78347986179722,-2.529513964980247],[-79.78015019103508,-2.526627803058265],[-79.77795980260782,-2.525214255841795],[-79.77538831065029,-2.524217406266464],[-79.77032041713208,-2.526102959277436],[-79.75736950824862,-2.529338008940368],[-79.75226900705518,-2.52923582393377],[-79.7502017971412,-2.528673615068641],[-79.74434780743698,-2.525786081649022],[-79.74088241477403,-2.52337165863767],[-79.73683722730026,-2.519589848509384],[-79.73410805910567,-2.518335157622452],[-79.73328481231431,-2.518626480862241],[-79.73258201613211,-2.519502147851959],[-79.73133467144923,-2.528347494715594]]]}},{"type":"Feature","properties":{"Pob_total":289.0},"geometry":{"type":"Polygon","coordinates":[[[-79.77047050188125,-2.971485113125715],[-79.76937589144721,-2.971460227412364],[-79.76940985030066,-2.972001995521402],[-79.77013761217108,-2.972446838322799],[-79.76906649444713,-2.973227538486324],[-79.76852499298882,-2.972941170022503],[-79.76643470592666,-2.973613233367785],[-79.76447820183728,-2.973543591511703],[-79.76268787686467,-2.974845468322838],[-79.76051233595709,-2.975687451859033],[-79.75896868174533,-2.974975236333697],[-79.7582755045607,-2.975042890218361],[-79.75667059712406,-2.976804339811959],[-79.75590843308589,-2.97841980725582],[-79.75441613652772,-2.979101283922978],[-79.75228318186056,-2.981921618138994],[-79.74818401472517,-2.982796080624824],[-79.74545895402026,-2.982745273696069],[-79.7442297305564,-2.984508706769351],[-79.7387670834209,-2.984801059612014],[-79.73811877466485,-2.984197816199784],[-79.73794097517501,-2.982702868632487],[-79.7351998500113,-2.983026569232341],[-79.73305773574262,-2.981077294788185],[-79.73251328097926,-2.981311269536363],[-79.73125118624924,-2.981019469981953],[-79.7300812205946,-2.981695273034239],[-79.72915645810808,-2.981738622498848],[-79.72730900193254,-2.979389004181229],[-79.72590034466806,-2.979162426662659],[-79.72880160042901,-2.989715763099674],[-79.73003242268089,-2.990034030823442],[-79.73667937764856,-2.990533856527938],[-79.74410950521832,-2.986451536256688],[-79.7516216823782,-2.98464826432076],[-79.75127095645337,-2.98699264917426],[-79.75013260570714,-2.988507084075961],[-79.74608713643731,-2.996688109136166],[-79.73472133746283,-3.008327123213818],[-79.7337073652194,-3.008703751806253],[-79.7340260381696,-3.0098862359183],[-79.7344593401319,-3.009973908374393],[-79.73730621588872,-3.00623158551106],[-79.73983040394039,-3.004081410197927],[-79.74537970600848,-3.001420633438589],[-79.74668246162256,-3.000177004902818],[-79.74901748511638,-2.998829363791117],[-79.74986663227081,-2.997666902933551],[-79.74974054156112,-2.994257329558551],[-79.75137553603788,-2.993170424219112],[-79.75108596597025,-2.992031542571489],[-79.75152035665256,-2.990974369499898],[-79.75214475445269,-2.990854879817081],[-79.75243807105701,-2.990049422074704],[-79.75271935641369,-2.990648182332876],[-79.75323156107216,-2.990210436678825],[-79.75393330680043,-2.988384421353379],[-79.75490574247628,-2.987291014558753],[-79.75544348594993,-2.985036978039641],[-79.75792370839132,-2.984501142978697],[-79.75961480306347,-2.985649591791482],[-79.76063497317595,-2.984417918854493],[-79.76212229811694,-2.983628796413683],[-79.76314608215222,-2.98213699026231],[-79.76700063241121,-2.981749043245951],[-79.76882839278248,-2.980957757804857],[-79.77153343024098,-2.981788039280841],[-79.77239603569274,-2.981668318138543],[-79.7728331800203,-2.973142822274826],[-79.77176554908866,-2.97072719803074],[-79.77047050188125,-2.971485113125715]]]}},{"type":"Feature","properties":{"Pob_total":313.0},"geometry":{"type":"Polygon","coordinates":[[[-79.79430266457705,-2.789441068214585],[-79.79355519591083,-2.79037906532123],[-79.79447512992488,-2.792045005779867],[-79.79509098361086,-2.792055023771414],[-79.79613906582631,-2.79130225477623],[-79.79666130641772,-2.791977292330079],[-79.79657492594326,-2.792529473663629],[-79.79532140791656,-2.793097710980375],[-79.79470265863662,-2.793942736026631],[-79.79473876444465,-2.795631085845793],[-79.79526338237162,-2.796341317755724],[-79.79638210158959,-2.796481456478574],[-79.79787030485821,-2.795171784266404],[-79.79833985758684,-2.795396190635342],[-79.7981846484137,-2.796120885664648],[-79.79677626545045,-2.797068648988568],[-79.79677417127827,-2.799122400657064],[-79.79756236145465,-2.800434855124685],[-79.80010239052673,-2.800627313904163],[-79.80035863420818,-2.801818411507026],[-79.79956811934412,-2.802784070900516],[-79.79982364716943,-2.804556389243736],[-79.79163730551423,-2.811042008647394],[-79.79120937720803,-2.812420032426824],[-79.79163230778722,-2.815889595086178],[-79.79038833964407,-2.818788565177697],[-79.78815317800566,-2.82177870089881],[-79.78545395971662,-2.823833193064725],[-79.78205404038113,-2.828926157490055],[-79.77999878022177,-2.830795168554487],[-79.77954973772492,-2.830434615229426],[-79.77313709203978,-2.83368608064391],[-79.76421487183494,-2.835466684826129],[-79.76273058419305,-2.836412913614977],[-79.76084047099548,-2.836882552649317],[-79.75180523340624,-2.836748121215289],[-79.74653666810013,-2.833990598441366],[-79.74456572106281,-2.833949111053517],[-79.74123641723716,-2.835201448165946],[-79.73943698946283,-2.835018044150726],[-79.73911047862647,-2.835411950228544],[-79.73757827389379,-2.835589994705491],[-79.73192916849625,-2.833173538194559],[-79.73151934425758,-2.834243450003003],[-79.73173817784497,-2.834929285800103],[-79.73071990311647,-2.836245810591655],[-79.73012198406232,-2.836075201001204],[-79.7297789686245,-2.836506982649735],[-79.7289601119315,-2.83642856626909],[-79.72674786463173,-2.8372589683579],[-79.72553482278249,-2.837105494182803],[-79.72443694875597,-2.837996817965584],[-79.72400905121386,-2.839051234600893],[-79.72044997586228,-2.841300245226095],[-79.71987596053371,-2.841398104230337],[-79.71968576840803,-2.840852403335221],[-79.71853599713381,-2.84075181273921],[-79.71774047645982,-2.840150445439825],[-79.71599683503655,-2.841105526075299],[-79.70313871498094,-2.843219692066133],[-79.70264483926705,-2.84431606916884],[-79.70244773241895,-2.846587240378047],[-79.7046983081178,-2.881357234314457],[-79.70892473888375,-2.881125711742744],[-79.71308527462037,-2.877167582863683],[-79.72232853022619,-2.874407241065744],[-79.72318654762014,-2.873750288829696],[-79.75226994620691,-2.862750986521843],[-79.75478823014856,-2.861504794632916],[-79.75702101392467,-2.861317558567546],[-79.75924794621136,-2.862124074234057],[-79.76067378441176,-2.86419330505671],[-79.76066702731187,-2.870478781431786],[-79.75947969750756,-2.871229960432994],[-79.75934340321977,-2.871989317170562],[-79.76067142806812,-2.877791384756107],[-79.76226321522111,-2.887847500119515],[-79.76561639894219,-2.89617994685526],[-79.76623683533393,-2.896533468734371],[-79.77666024310072,-2.896367778872012],[-79.77879224946089,-2.897361778115544],[-79.77967148335546,-2.89614174039541],[-79.78052385130377,-2.895733100818568],[-79.78086898725692,-2.896366714722803],[-79.78255581159672,-2.896487201753022],[-79.78464588615935,-2.897753584500745],[-79.78600479422845,-2.897884568695685],[-79.78890565710651,-2.896391266377397],[-79.79269202061823,-2.893348843969834],[-79.79745582801749,-2.890360081456831],[-79.79867498667875,-2.890013861377582],[-79.80127208767254,-2.890523588020967],[-79.81145149715313,-2.886023229037735],[-79.81275968826738,-2.887355047075986],[-79.81472528957704,-2.888021467103116],[-79.8187080205149,-2.890257330676876],[-79.82116494839643,-2.889931910670028],[-79.82512120716521,-2.890286788083808],[-79.82731073410908,-2.888854308941433],[-79.8293809677858,-2.888830849342623],[-79.8303221230466,-2.888330896963552],[-79.83145141534331,-2.888686723190392],[-79.83238683643015,-2.888340531171648],[-79.83341253263164,-2.889012378614677],[-79.83414115933958,-2.888991600880007],[-79.83560717957025,-2.888023278789857],[-79.83578993288164,-2.88703800913388],[-79.83647670529425,-2.886211116539659],[-79.84204506781904,-2.882635141385636],[-79.84410310268363,-2.880456365911187],[-79.844843219989,-2.879123972629968],[-79.84062775553801,-2.875670652700836],[-79.83951221734223,-2.873631357019972],[-79.8350736647513,-2.868059415334077],[-79.83219087559996,-2.862178720493349],[-79.8310142382183,-2.860801383269893],[-79.8315256704211,-2.858562313689641],[-79.8306444957678,-2.857776744605811],[-79.82997794975236,-2.855848714195174],[-79.82855154000237,-2.855234628320351],[-79.82796252523569,-2.854393005655466],[-79.82695942636279,-2.85426543817549],[-79.82690440184115,-2.853523677171607],[-79.82839229617622,-2.852219613478401],[-79.82851137373441,-2.851534019123372],[-79.8264546767797,-2.849088183203598],[-79.82586087590688,-2.846573650049494],[-79.8247802283824,-2.844586134490846],[-79.82344495335546,-2.84389326924309],[-79.82130361576688,-2.843859873797256],[-79.81943997679512,-2.844363681892375],[-79.82023427426239,-2.842532488018308],[-79.82254731137984,-2.841614325115609],[-79.82254043558918,-2.83924611077695],[-79.81932843064614,-2.836541130025831],[-79.8162372651501,-2.836529470623931],[-79.81467672640044,-2.830809038625048],[-79.81329013778837,-2.829385731196513],[-79.8146316925613,-2.828208531762519],[-79.81400436823272,-2.827643476519987],[-79.81431737731839,-2.82679717710903],[-79.81378084610529,-2.825409112919208],[-79.81309119387504,-2.820670595892762],[-79.81230980202292,-2.820348696394295],[-79.81278863786764,-2.810313672694139],[-79.81360713009832,-2.807742989911949],[-79.81341763745661,-2.80654161126978],[-79.81486027419065,-2.80410542709253],[-79.81531557669092,-2.80040011675077],[-79.81587093606191,-2.800062392698305],[-79.81536965560348,-2.798504321621345],[-79.81353216380874,-2.796438371474316],[-79.81129204202884,-2.79490929155273],[-79.81075648892731,-2.795233466374555],[-79.80980333773427,-2.793980660727803],[-79.80847103963748,-2.793167964358244],[-79.8074117026411,-2.791067528419436],[-79.80394861876398,-2.790047339595808],[-79.80477983146089,-2.792585323026654],[-79.80313942354128,-2.789665717346023],[-79.80023657842472,-2.789179931287479],[-79.79820093476265,-2.789459169770852],[-79.79666250874949,-2.788247199550381],[-79.79609332316979,-2.788227848735198],[-79.79430266457705,-2.789441068214585]]]}},{"type":"Feature","properties":{"Pob_total":82.0},"geometry":{"type":"Polygon","coordinates":[[[-79.7587891469368,-2.811321931290441],[-79.75530581490338,-2.814293973741028],[-79.75199770806528,-2.815253008822195],[-79.75091972641734,-2.815454602633771],[-79.74816871686815,-2.815003861164683],[-79.74560924156502,-2.815788665841718],[-79.74282465562312,-2.815488124605343],[-79.73930805854663,-2.816096860878248],[-79.7385422674116,-2.816043523361834],[-79.73706392087725,-2.814991824855598],[-79.73570643551963,-2.814850334056609],[-79.73447003383887,-2.815409033420281],[-79.73304327485452,-2.817136249701932],[-79.72834029330343,-2.81815005520005],[-79.7228046547707,-2.818756515441548],[-79.72120384010165,-2.818299713769497],[-79.72021357908775,-2.816600986674445],[-79.71967429448917,-2.816337870466656],[-79.71354647576833,-2.817553478643169],[-79.71158436627618,-2.816919803674519],[-79.71044546373835,-2.815367825593243],[-79.70809087237768,-2.817196923810887],[-79.70698658760479,-2.819025258300063],[-79.70679682683897,-2.820539493545923],[-79.70781788912619,-2.833304984487989],[-79.70313871498094,-2.843219692066133],[-79.71599683503655,-2.841105526075299],[-79.71774047645982,-2.840150445439825],[-79.71853599713381,-2.84075181273921],[-79.71968576840803,-2.840852403335221],[-79.71987596053371,-2.841398104230337],[-79.72044997586228,-2.841300245226095],[-79.72400905121386,-2.839051234600893],[-79.72443694875597,-2.837996817965584],[-79.72553482278249,-2.837105494182803],[-79.72674786463173,-2.8372589683579],[-79.7289601119315,-2.83642856626909],[-79.7297789686245,-2.836506982649735],[-79.73012198406232,-2.836075201001204],[-79.73071990311647,-2.836245810591655],[-79.73173817784497,-2.834929285800103],[-79.73151934425758,-2.834243450003003],[-79.73192916849625,-2.833173538194559],[-79.73757827389379,-2.835589994705491],[-79.73911047862647,-2.835411950228544],[-79.73943698946283,-2.835018044150726],[-79.74123641723716,-2.835201448165946],[-79.74456572106281,-2.833949111053517],[-79.74653666810013,-2.833990598441366],[-79.75180523340624,-2.836748121215289],[-79.76084047099548,-2.836882552649317],[-79.76273058419305,-2.836412913614977],[-79.76421487183494,-2.835466684826129],[-79.77313709203978,-2.83368608064391],[-79.77954973772492,-2.830434615229426],[-79.77999878022177,-2.830795168554487],[-79.78205404038113,-2.828926157490055],[-79.78545395971662,-2.823833193064725],[-79.7892238714934,-2.8206576440564],[-79.79150983510222,-2.816486796297192],[-79.79120937720803,-2.812420032426824],[-79.79163730551423,-2.811042008647394],[-79.79982364716943,-2.804556389243736],[-79.79956811934412,-2.802784070900516],[-79.80020382694134,-2.802146162695841],[-79.80039362925645,-2.801162626400375],[-79.80010239052673,-2.800627313904163],[-79.79823149818925,-2.800677163136636],[-79.79703086938682,-2.799864778672669],[-79.79677626545045,-2.797068648988568],[-79.7981846484137,-2.796120885664648],[-79.79833985758684,-2.795396190635342],[-79.79787030485821,-2.795171784266404],[-79.79638210158959,-2.796481456478574],[-79.79526338237162,-2.796341317755724],[-79.7946838746905,-2.795530491203101],[-79.79470265863662,-2.793942736026631],[-79.79532140791656,-2.793097710980375],[-79.79657492594326,-2.792529473663629],[-79.79666130641772,-2.791977292330079],[-79.79613906582631,-2.79130225477623],[-79.79509098361086,-2.792055023771414],[-79.79447512992488,-2.792045005779867],[-79.79355519591083,-2.79037906532123],[-79.79219094131464,-2.790181771445231],[-79.7910293633702,-2.790756741046425],[-79.78935896355941,-2.79022995826695],[-79.7587891469368,-2.811321931290441]]]}},{"type":"Feature","properties":{"Pob_total":127.0},"geometry":{"type":"Polygon","coordinates":[[[-79.69582400521885,-2.808487737623993],[-79.69469238375349,-2.812038565462002],[-79.69324870569417,-2.813232422784325],[-79.69784013950678,-2.816869885083765],[-79.69798724128142,-2.817350608034759],[-79.69254553545076,-2.817758916828078],[-79.69097396007888,-2.818435946032925],[-79.68992234922973,-2.81826580471194],[-79.68785902672865,-2.819410513822533],[-79.68761230546757,-2.820521912214794],[-79.68791988983858,-2.820645990751249],[-79.68737831555009,-2.821348237144015],[-79.68802980535521,-2.82201610781435],[-79.68779052284144,-2.822508227245329],[-79.68815921081189,-2.822769944523015],[-79.68769269055677,-2.822958991759064],[-79.6884318917382,-2.823860314142391],[-79.68685845305755,-2.824426624244979],[-79.68603424669455,-2.82432809725439],[-79.6858594303767,-2.825565114379536],[-79.68516453188947,-2.825584223284629],[-79.68169531038575,-2.829783582712207],[-79.68057385022469,-2.829651336663445],[-79.68074205398398,-2.830692021012422],[-79.68038833926336,-2.831429205365585],[-79.67973740209801,-2.832025857378277],[-79.67775439078498,-2.83260027208057],[-79.6778959731552,-2.833157310813248],[-79.67713951071131,-2.833683201202398],[-79.67705647860842,-2.834322740828883],[-79.67614100799287,-2.83458606416871],[-79.67540489511246,-2.835963433927124],[-79.6720292380878,-2.836538765732048],[-79.67110451569971,-2.836158189568402],[-79.66987616372307,-2.836996832803912],[-79.66861947371433,-2.836893359087241],[-79.6683078975355,-2.838451740707925],[-79.66754770560965,-2.839479589761663],[-79.66766353882701,-2.841230390063035],[-79.6671344351004,-2.841469910852204],[-79.66717914610344,-2.842250960890469],[-79.66650351773352,-2.843032261170177],[-79.66570145551005,-2.843387143793633],[-79.66492328708951,-2.845101359027837],[-79.66370199030254,-2.844878076796222],[-79.66337408033702,-2.84537659285324],[-79.66279635210955,-2.845423224155482],[-79.6625914939905,-2.846080071725619],[-79.66153744177221,-2.846383464451407],[-79.66149223513057,-2.847207098613732],[-79.66113082152043,-2.847271436232718],[-79.66053925123722,-2.848634119612314],[-79.65952276126326,-2.848968576018463],[-79.65904051224776,-2.851081176763858],[-79.65734496755141,-2.851336962519608],[-79.65662806426649,-2.85287260638088],[-79.65598845121772,-2.853147442585649],[-79.65572044535114,-2.854187428937458],[-79.65410161240897,-2.85492012365694],[-79.65418528457286,-2.855603263982545],[-79.65372287935898,-2.856184644796134],[-79.65276400215907,-2.856168140465494],[-79.65194153317526,-2.856657203676167],[-79.65065317632204,-2.858089510195296],[-79.64850039493157,-2.859346052755658],[-79.64843699642505,-2.859945446153839],[-79.64776638661174,-2.859800665456779],[-79.64667348896187,-2.862001522908594],[-79.64606947557355,-2.861983623519492],[-79.645790062444,-2.862536452464899],[-79.64347512387218,-2.863758779797435],[-79.64141868857621,-2.865515225935121],[-79.64269816644303,-2.866539483071391],[-79.64461818208555,-2.866418489918633],[-79.64518729660713,-2.87125506756693],[-79.6450478917987,-2.873908551242155],[-79.64400119964988,-2.874737858068188],[-79.63813921507437,-2.875312231516605],[-79.63543986537636,-2.877523798018891],[-79.63284978214722,-2.877408985773053],[-79.63356296981809,-2.886029215600148],[-79.63426047363672,-2.886066117207043],[-79.63448138674856,-2.885626642454973],[-79.63606023312072,-2.885051147151387],[-79.63629984638216,-2.884165984866068],[-79.63662961510632,-2.884774439510986],[-79.6384448633277,-2.884348999943611],[-79.63875760752728,-2.884902352892559],[-79.6401032172027,-2.883935397643028],[-79.64169102965784,-2.884066274812183],[-79.64246386067835,-2.882976709511914],[-79.64346147632033,-2.882808590762463],[-79.64394285091693,-2.882253021573287],[-79.64459421179642,-2.88263321612912],[-79.64519931299526,-2.881739349721809],[-79.64641827261177,-2.882514198099859],[-79.64751923397634,-2.880831337252514],[-79.64859015765418,-2.879979174825104],[-79.65006965902863,-2.878892792179855],[-79.6503074226151,-2.879339781900297],[-79.65200154329969,-2.878262333635216],[-79.6510721475443,-2.87802019392082],[-79.65136248073999,-2.874988642053932],[-79.6527208985756,-2.874896099065897],[-79.65345747681967,-2.874177842186705],[-79.65390555252228,-2.875088250151383],[-79.65498195419896,-2.874004815007344],[-79.65595517983196,-2.874151039117014],[-79.65611210879447,-2.87357083774696],[-79.65535606618879,-2.872626872219371],[-79.6563307551061,-2.871672922785742],[-79.65747257376893,-2.871492836671867],[-79.65770305288079,-2.869703830164921],[-79.65907282718776,-2.869898815035124],[-79.65863493032123,-2.868044442996647],[-79.65888816575941,-2.867258861082751],[-79.66065476950602,-2.867260937133131],[-79.66154542912825,-2.866077058320992],[-79.66148597157286,-2.865532959483],[-79.66356476553166,-2.865801395998373],[-79.66360240611988,-2.864447199794941],[-79.66552473513045,-2.864824345944585],[-79.66511739534975,-2.863759869003204],[-79.66590768709992,-2.863019229103648],[-79.66686926640625,-2.862887396322293],[-79.6669223472683,-2.86062007795448],[-79.6675332734001,-2.860264434298599],[-79.66775405962237,-2.859449685968434],[-79.66880349940355,-2.859571291139445],[-79.66937691919229,-2.85897592189587],[-79.67011350004748,-2.859019831314583],[-79.67086045347142,-2.857473986090383],[-79.670680023809,-2.856753918963936],[-79.67187181243156,-2.855819822054605],[-79.67174059893023,-2.855010089089073],[-79.67285906616686,-2.854237983212281],[-79.67281216932076,-2.853009313429641],[-79.67342508324926,-2.852797384881576],[-79.67393864277966,-2.851290517917334],[-79.67488752990837,-2.85115911179597],[-79.6760544092587,-2.852492999654036],[-79.67734896852262,-2.851986096674692],[-79.67766112571246,-2.850471305856936],[-79.67912888401233,-2.850558830329657],[-79.6790694252089,-2.849531746428307],[-79.68054974605116,-2.848619310692031],[-79.67984671147454,-2.847397298973283],[-79.68075181493998,-2.846927024513703],[-79.68040866152619,-2.845565416308914],[-79.68085443910905,-2.845512474689425],[-79.68143350710953,-2.846507775638349],[-79.68224365422982,-2.846798494810086],[-79.6832262276792,-2.84646958304268],[-79.68275449863779,-2.84552984947251],[-79.68589689554084,-2.844679905737308],[-79.68606736858142,-2.843794178150543],[-79.68700747787251,-2.84298937515707],[-79.68552718445912,-2.842375362840698],[-79.68535818388297,-2.841561424627917],[-79.68742919998127,-2.840259280202074],[-79.68802229677613,-2.839427759256974],[-79.68895642844072,-2.839214283768146],[-79.68948955185792,-2.8381190420715],[-79.69078404262922,-2.838296612872575],[-79.6911570653479,-2.83886775406826],[-79.69111998810165,-2.840002635049609],[-79.6920525604816,-2.840376515414949],[-79.69255702981188,-2.839164381601152],[-79.69461938849709,-2.838758263626669],[-79.69480094671937,-2.837363962560105],[-79.69524194136217,-2.836921545217858],[-79.69602098244448,-2.837280233520463],[-79.69625067456626,-2.835634001928477],[-79.69598509115704,-2.835109472390895],[-79.69724010436737,-2.835519347928082],[-79.69715402721101,-2.834626541129766],[-79.69765743835497,-2.834111924965884],[-79.6976869376563,-2.833230736408013],[-79.69869103195819,-2.833515418990973],[-79.69964373691472,-2.832533426843264],[-79.70100884523883,-2.833516041179774],[-79.7011215982245,-2.832993295039233],[-79.70167019978089,-2.833335619766459],[-79.70244864465855,-2.83229020489851],[-79.7032615804393,-2.832990093008201],[-79.70403857666575,-2.831790101294934],[-79.70512664636674,-2.832763265371638],[-79.70617324579253,-2.832515336347754],[-79.70509684971059,-2.822363225123973],[-79.7056696848835,-2.821637167676894],[-79.70686302682577,-2.821386085217814],[-79.70698658760479,-2.819025258300063],[-79.70770790938683,-2.817639688863415],[-79.71044546373835,-2.815367825593243],[-79.70964210448228,-2.81457202302842],[-79.70729090230449,-2.813498959644231],[-79.70747588014525,-2.812712377579702],[-79.70852381824088,-2.811984607656614],[-79.70876677585127,-2.810793124985037],[-79.70831862695104,-2.810225676645973],[-79.70740983099847,-2.809993257885624],[-79.70599865172997,-2.810562587836716],[-79.705361095892,-2.810442223293033],[-79.7032990398414,-2.81253416441686],[-79.70136519155855,-2.813145233725295],[-79.69992769269514,-2.812356838951235],[-79.69921571090103,-2.811048589058073],[-79.69960773999112,-2.810331665373536],[-79.70129960480925,-2.810021156716637],[-79.70133603047782,-2.808297210525109],[-79.70027770157118,-2.808018339363397],[-79.69852812713253,-2.808490767536723],[-79.69691789187893,-2.807829453341533],[-79.69582400521885,-2.808487737623993]]]}},{"type":"Feature","properties":{"Pob_total":337.0},"geometry":{"type":"Polygon","coordinates":[[[-79.68203043254931,-2.809134069004626],[-79.6817072528391,-2.809567176852865],[-79.67964332729413,-2.810042386398354],[-79.67510875751779,-2.809275466853518],[-79.67282672320788,-2.810246446574985],[-79.67168175717497,-2.813913266783744],[-79.6721558741364,-2.814913418024565],[-79.67322257730522,-2.815089386836593],[-79.67304844693034,-2.815704080985541],[-79.67177193884562,-2.816608518324858],[-79.67221141602847,-2.818786128447131],[-79.67207860976337,-2.823159386505771],[-79.6688446040766,-2.826223845986535],[-79.66767066358314,-2.827918855399585],[-79.66326103231539,-2.831947216430524],[-79.65899227171535,-2.834119974980076],[-79.65744532600793,-2.834334056499754],[-79.65501111125877,-2.837315999571116],[-79.65345196108109,-2.837004364086753],[-79.65250120346917,-2.838859522224032],[-79.64817731078338,-2.842362770087466],[-79.64134551307298,-2.843910156484985],[-79.63769438194072,-2.846155841537948],[-79.63493750932248,-2.849106923986508],[-79.63393516930682,-2.849291599987647],[-79.63303989372963,-2.848925409306097],[-79.63184015198209,-2.84961926978377],[-79.63103566156641,-2.853171810711085],[-79.63144737070392,-2.854466831966333],[-79.63086154080632,-2.855433071382872],[-79.63091564495485,-2.856992756325672],[-79.63001986382946,-2.858088502005254],[-79.62903578281905,-2.858016685985063],[-79.62925083112037,-2.858722498656145],[-79.62837268874571,-2.859505326105926],[-79.62745186907092,-2.863272937262267],[-79.62539700382641,-2.866513065551546],[-79.62475573151221,-2.868849908774054],[-79.6237010753842,-2.869118248927653],[-79.6237994723351,-2.87003085744312],[-79.62307188276647,-2.870901042801488],[-79.6233404480185,-2.871230402964079],[-79.62154777701026,-2.87318326932128],[-79.62044789817006,-2.873352785623123],[-79.62033171641514,-2.874071310909922],[-79.61974590249069,-2.874329541324958],[-79.61973952027707,-2.875033096358857],[-79.63231770208449,-2.87491769111786],[-79.6326785756343,-2.875388073501002],[-79.63284978214722,-2.877408985773053],[-79.63543986537636,-2.877523798018891],[-79.63813921507437,-2.875312231516605],[-79.64400119964988,-2.874737858068188],[-79.6450478917987,-2.873908551242155],[-79.6452415273128,-2.87302287545994],[-79.64461818208555,-2.866418489918633],[-79.64269816644303,-2.866539483071391],[-79.64141868857621,-2.865515225935121],[-79.64347512387218,-2.863758779797435],[-79.645790062444,-2.862536452464899],[-79.64606947557355,-2.861983623519492],[-79.64667348896187,-2.862001522908594],[-79.64776638661174,-2.859800665456779],[-79.64843699642505,-2.859945446153839],[-79.64850039493157,-2.859346052755658],[-79.65065317632204,-2.858089510195296],[-79.65194153317526,-2.856657203676167],[-79.65276400215907,-2.856168140465494],[-79.65372287935898,-2.856184644796134],[-79.65418528457286,-2.855603263982545],[-79.65410161240897,-2.85492012365694],[-79.65572044535114,-2.854187428937458],[-79.65598845121772,-2.853147442585649],[-79.65662806426649,-2.85287260638088],[-79.65734496755141,-2.851336962519608],[-79.65904051224776,-2.851081176763858],[-79.65952276126326,-2.848968576018463],[-79.66053925123722,-2.848634119612314],[-79.66113082152043,-2.847271436232718],[-79.66149223513057,-2.847207098613732],[-79.66153744177221,-2.846383464451407],[-79.6625914939905,-2.846080071725619],[-79.66279635210955,-2.845423224155482],[-79.66337408033702,-2.84537659285324],[-79.66370199030254,-2.844878076796222],[-79.66492328708951,-2.845101359027837],[-79.66570145551005,-2.843387143793633],[-79.66650351773352,-2.843032261170177],[-79.66717914610344,-2.842250960890469],[-79.6671344351004,-2.841469910852204],[-79.66766353882701,-2.841230390063035],[-79.66754770560965,-2.839479589761663],[-79.6683078975355,-2.838451740707925],[-79.66861947371433,-2.836893359087241],[-79.66987616372307,-2.836996832803912],[-79.67110451569971,-2.836158189568402],[-79.6720292380878,-2.836538765732048],[-79.67540489511246,-2.835963433927124],[-79.67614100799287,-2.83458606416871],[-79.67705647860842,-2.834322740828883],[-79.67713951071131,-2.833683201202398],[-79.6778959731552,-2.833157310813248],[-79.67775439078498,-2.83260027208057],[-79.67973740209801,-2.832025857378277],[-79.68038833926336,-2.831429205365585],[-79.68074205398398,-2.830692021012422],[-79.68057385022469,-2.829651336663445],[-79.68169531038575,-2.829783582712207],[-79.68516453188947,-2.825584223284629],[-79.6858594303767,-2.825565114379536],[-79.68603424669455,-2.82432809725439],[-79.68685845305755,-2.824426624244979],[-79.6884318917382,-2.823860314142391],[-79.68769269055677,-2.822958991759064],[-79.68815921081189,-2.822769944523015],[-79.68779052284144,-2.822508227245329],[-79.68802980535521,-2.82201610781435],[-79.68737831555009,-2.821348237144015],[-79.68791988983858,-2.820645990751249],[-79.68761230546757,-2.820521912214794],[-79.68785902672865,-2.819410513822533],[-79.68992234922973,-2.81826580471194],[-79.69097396007888,-2.818435946032925],[-79.69254553545076,-2.817758916828078],[-79.69798724128142,-2.817350608034759],[-79.69784013950678,-2.816869885083765],[-79.69324870569417,-2.813232422784325],[-79.69195264710207,-2.81274333795711],[-79.69163181142655,-2.809625498815906],[-79.69098454711671,-2.808411693538977],[-79.68910359522951,-2.808383486793651],[-79.68776650453054,-2.809229826893121],[-79.68602849740684,-2.80898003126274],[-79.68504361212207,-2.808078894998409],[-79.68415035089394,-2.806447410016496],[-79.68313820735385,-2.805991812120245],[-79.68237230964291,-2.806707291716716],[-79.68203043254931,-2.809134069004626]]]}},{"type":"Feature","properties":{"Pob_total":192.0},"geometry":{"type":"Polygon","coordinates":[[[-79.61371726642864,-2.875939437457369],[-79.61007372108517,-2.876339174936888],[-79.60882926440647,-2.877528531452429],[-79.60840740023227,-2.880441509607909],[-79.60752964253052,-2.880676384225791],[-79.60666131388963,-2.881547313721438],[-79.60481487989158,-2.881268054777546],[-79.6027421273468,-2.882506812266549],[-79.601660455769,-2.88261832362293],[-79.60102675788775,-2.883520311764552],[-79.59993494521913,-2.883580515009481],[-79.59930142130783,-2.884338878580441],[-79.5979436863528,-2.884921946498094],[-79.59562199958857,-2.887529528107876],[-79.59488194574874,-2.895602390346689],[-79.61276457135321,-2.894093000607743],[-79.61425714038221,-2.894277346620786],[-79.61937359892683,-2.893364935632478],[-79.61982524578252,-2.893824181052859],[-79.63403040434706,-2.89251623951656],[-79.63248966681738,-2.875015125666472],[-79.61959969062713,-2.875035368441117],[-79.61371726642864,-2.875939437457369]]]}},{"type":"Feature","properties":{"Pob_total":377.0},"geometry":{"type":"Polygon","coordinates":[[[-79.66141376443315,-2.865665829588218],[-79.66154542912825,-2.866077058320992],[-79.66065476950602,-2.867260937133131],[-79.65888816575941,-2.867258861082751],[-79.65863493032123,-2.868044442996647],[-79.65907282718776,-2.869898815035124],[-79.65770305288079,-2.869703830164921],[-79.65747257376893,-2.871492836671867],[-79.6563307551061,-2.871672922785742],[-79.65535606618879,-2.872626872219371],[-79.65611210879447,-2.87357083774696],[-79.65595517983196,-2.874151039117014],[-79.65498195419896,-2.874004815007344],[-79.65390555252228,-2.875088250151383],[-79.65345747681967,-2.874177842186705],[-79.6527208985756,-2.874896099065897],[-79.65136248073999,-2.874988642053932],[-79.6510721475443,-2.87802019392082],[-79.65200154329969,-2.878262333635216],[-79.6503074226151,-2.879339781900297],[-79.65006965902863,-2.878892792179855],[-79.64859015765418,-2.879979174825104],[-79.64735420210036,-2.881030119740173],[-79.6465442788003,-2.882455378132905],[-79.64519931299526,-2.881739349721809],[-79.64459421179642,-2.88263321612912],[-79.64394285091693,-2.882253021573287],[-79.64346147632033,-2.882808590762463],[-79.64246386067835,-2.882976709511914],[-79.64169102965784,-2.884066274812183],[-79.6401032172027,-2.883935397643028],[-79.63875760752728,-2.884902352892559],[-79.6384448633277,-2.884348999943611],[-79.63662961510632,-2.884774439510986],[-79.63629984638216,-2.884165984866068],[-79.63606023312072,-2.885051147151387],[-79.63448138674856,-2.885626642454973],[-79.63426047363672,-2.886066117207043],[-79.63356296981809,-2.886029215600148],[-79.63486814174834,-2.902525913444859],[-79.6347384149715,-2.904582767549772],[-79.63690945908532,-2.9045214188997],[-79.63793271094131,-2.903918306777346],[-79.63911069892265,-2.903907792262743],[-79.6397892292088,-2.903237605979825],[-79.64097448351353,-2.903243377209237],[-79.6434599856157,-2.901948764197978],[-79.64456348867218,-2.902769701458009],[-79.64631538306125,-2.902318951779775],[-79.64726383409781,-2.902586450907205],[-79.64793802171275,-2.902009679407992],[-79.64924819879334,-2.901812181904668],[-79.64957063239773,-2.903000562372616],[-79.65025572384572,-2.903317940748075],[-79.6515887726282,-2.90257237197234],[-79.65170365979917,-2.902941795902276],[-79.65314566472526,-2.903471810597719],[-79.6548321443722,-2.903571597058989],[-79.65635967047349,-2.902909463188408],[-79.65779053045472,-2.903511544118178],[-79.65874803012213,-2.902748784964596],[-79.65972391769142,-2.902946484401721],[-79.66185353457873,-2.901662973676832],[-79.66327426170326,-2.901552597323499],[-79.66637645000493,-2.900398228597775],[-79.6629478337273,-2.87101892349049],[-79.66296460588012,-2.868349264834759],[-79.66254644991467,-2.865766041577312],[-79.66141376443315,-2.865665829588218]]]}},{"type":"Feature","properties":{"Pob_total":338.0},"geometry":{"type":"Polygon","coordinates":[[[-79.70341230236984,-2.832377845618328],[-79.70320975020391,-2.833006134392375],[-79.7023875431188,-2.832311754034026],[-79.70167019978089,-2.833335619766459],[-79.7011215982245,-2.832993295039233],[-79.70100884523883,-2.833516041179774],[-79.69964373691472,-2.832533426843264],[-79.69869103195819,-2.833515418990973],[-79.6976869376563,-2.833230736408013],[-79.69765743835497,-2.834111924965884],[-79.69715402721101,-2.834626541129766],[-79.69724010436737,-2.835519347928082],[-79.69598509115704,-2.835109472390895],[-79.69625067456626,-2.835634001928477],[-79.69602098244448,-2.837280233520463],[-79.69524194136217,-2.836921545217858],[-79.69480094671937,-2.837363962560105],[-79.69461938849709,-2.838758263626669],[-79.69255702981188,-2.839164381601152],[-79.6920525604816,-2.840376515414949],[-79.69111998810165,-2.840002635049609],[-79.6911570653479,-2.83886775406826],[-79.69078404262922,-2.838296612872575],[-79.6896493145404,-2.838033751409253],[-79.68895642844072,-2.839214283768146],[-79.68802229677613,-2.839427759256974],[-79.68742919998127,-2.840259280202074],[-79.68584878357653,-2.841086870004879],[-79.68530835831926,-2.842032230427492],[-79.68701709081529,-2.843079651452169],[-79.68606736858142,-2.843794178150543],[-79.68600559033085,-2.844571945910306],[-79.68275449863779,-2.84552984947251],[-79.6832262276792,-2.84646958304268],[-79.68224365422982,-2.846798494810086],[-79.68153164496516,-2.846586938113571],[-79.6809515707779,-2.845607011971135],[-79.68048234349503,-2.845477678027855],[-79.68075181493998,-2.846927024513703],[-79.67984671147454,-2.847397298973283],[-79.68052952419569,-2.848682690667614],[-79.6790694252089,-2.849531746428307],[-79.67912888401233,-2.850558830329657],[-79.67757954917101,-2.850539769430354],[-79.67734896852262,-2.851986096674692],[-79.67590976810939,-2.852489304956329],[-79.67488752990837,-2.85115911179597],[-79.67409823082826,-2.851123377328352],[-79.67342508324926,-2.852797384881576],[-79.67281216932076,-2.853009313429641],[-79.67285906616686,-2.854237983212281],[-79.67174059893023,-2.855010089089073],[-79.67187181243156,-2.855819822054605],[-79.670680023809,-2.856753918963936],[-79.67086045347142,-2.857473986090383],[-79.67011350004748,-2.859019831314583],[-79.66937691919229,-2.85897592189587],[-79.66880349940355,-2.859571291139445],[-79.66772120512817,-2.859468007352739],[-79.6675332734001,-2.860264434298599],[-79.66689578249478,-2.860723154862306],[-79.66686926640625,-2.862887396322293],[-79.66590768709992,-2.863019229103648],[-79.66511739534975,-2.863759869003204],[-79.66552473513045,-2.864824345944585],[-79.66360240611988,-2.864447199794941],[-79.66356476553166,-2.865801395998373],[-79.66254644991467,-2.865766041577312],[-79.66490347141895,-2.886709153213127],[-79.66572078682918,-2.886022838907204],[-79.66640047330347,-2.886116887541454],[-79.66650695473231,-2.885675457848922],[-79.66772375542816,-2.884927818876097],[-79.66835496069777,-2.884939323777774],[-79.66858837367451,-2.884416280149297],[-79.67207942801298,-2.884370177665048],[-79.67440305686061,-2.885009364055897],[-79.67654706878993,-2.883761635743554],[-79.6772357651747,-2.88431271259212],[-79.678890225975,-2.884554866240548],[-79.67893098454199,-2.88384473224983],[-79.68027623215221,-2.883806140573485],[-79.68070601613289,-2.882186480180021],[-79.68159572150488,-2.882228848137022],[-79.68255603205237,-2.881731877723938],[-79.68319502781891,-2.881933681146044],[-79.68436820032873,-2.880943480189178],[-79.68520925216394,-2.881524486164791],[-79.6864439384431,-2.881410869210848],[-79.68665369149903,-2.880961231443334],[-79.68845880341577,-2.881622040373433],[-79.69070008064529,-2.881605815250405],[-79.69194910052762,-2.880915883435131],[-79.693387376791,-2.881024718543638],[-79.6964973849783,-2.879644461208728],[-79.69703166688447,-2.878349064132969],[-79.69784252685804,-2.877559942024327],[-79.700162830221,-2.877106566332795],[-79.70044328263376,-2.877452936117507],[-79.70088832782406,-2.877026989014439],[-79.70212556041555,-2.877368030515307],[-79.70263068145903,-2.877114541559491],[-79.70273453288281,-2.876519609874011],[-79.70443059381913,-2.87687301451609],[-79.70242435070071,-2.845695226382047],[-79.70283446357415,-2.843830402134212],[-79.70698539496075,-2.835311244846124],[-79.70635727553999,-2.834662565968952],[-79.70617324579253,-2.832515336347754],[-79.70512664636674,-2.832763265371638],[-79.70403857666575,-2.831790101294934],[-79.70341230236984,-2.832377845618328]]]}},{"type":"Feature","properties":{"Pob_total":260.0},"geometry":{"type":"Polygon","coordinates":[[[-79.70263095417135,-2.876873319884527],[-79.70212556041555,-2.877368030515307],[-79.70088832782406,-2.877026989014439],[-79.70044328263376,-2.877452936117507],[-79.700162830221,-2.877106566332795],[-79.69784252685804,-2.877559942024327],[-79.69703166688447,-2.878349064132969],[-79.6964973849783,-2.879644461208728],[-79.693387376791,-2.881024718543638],[-79.69194910052762,-2.880915883435131],[-79.69070008064529,-2.881605815250405],[-79.68845880341577,-2.881622040373433],[-79.68665369149903,-2.880961231443334],[-79.6864439384431,-2.881410869210848],[-79.68520925216394,-2.881524486164791],[-79.68436820032873,-2.880943480189178],[-79.68319502781891,-2.881933681146044],[-79.68255603205237,-2.881731877723938],[-79.68159572150488,-2.882228848137022],[-79.68070601613289,-2.882186480180021],[-79.68027623215221,-2.883806140573485],[-79.67893098454199,-2.88384473224983],[-79.678890225975,-2.884554866240548],[-79.6772357651747,-2.88431271259212],[-79.67654706878993,-2.883761635743554],[-79.67440305686061,-2.885009364055897],[-79.67207942801298,-2.884370177665048],[-79.66858837367451,-2.884416280149297],[-79.66835496069777,-2.884939323777774],[-79.66650695473231,-2.885675457848922],[-79.66640047330347,-2.886116887541454],[-79.66565166786644,-2.886051427966046],[-79.66490347141895,-2.886709153213127],[-79.66637645000493,-2.900398228597775],[-79.66989675178253,-2.900515244266609],[-79.67393640644627,-2.899626941725155],[-79.67736322513416,-2.901802211200321],[-79.67961823877161,-2.902688512886927],[-79.68306508634508,-2.90156984011796],[-79.686784627552,-2.904711490524947],[-79.68847457858048,-2.904554004007661],[-79.68937922140124,-2.904923717589429],[-79.69460835919936,-2.904249997726053],[-79.69473443900952,-2.903344412118993],[-79.69368254934183,-2.902726166198687],[-79.69519896622432,-2.901709676308684],[-79.69679035728889,-2.902308555938858],[-79.69759636318369,-2.904605838162349],[-79.70019460370906,-2.904549598940774],[-79.70082164272168,-2.905074823301491],[-79.70133543318494,-2.906461331739556],[-79.70419726550341,-2.908125215151195],[-79.70434698775087,-2.90099257237028],[-79.7057207462643,-2.900276616560121],[-79.70601625748299,-2.899005745351463],[-79.70443059381913,-2.87687301451609],[-79.70282485389951,-2.876515101149712],[-79.70263095417135,-2.876873319884527]]]}},{"type":"Feature","properties":{"Pob_total":371.0},"geometry":{"type":"Polygon","coordinates":[[[-79.75563072213636,-2.861584089834133],[-79.75478823014856,-2.861504794632916],[-79.75226994620691,-2.862750986521843],[-79.72318654762014,-2.873750288829696],[-79.72232853022619,-2.874407241065744],[-79.71308527462037,-2.877167582863683],[-79.70892473888375,-2.881125711742744],[-79.7046983081178,-2.881357234314457],[-79.70565076680657,-2.894383977355871],[-79.708374109849,-2.901442690552273],[-79.71871860010786,-2.901394461944391],[-79.71870830256644,-2.906187894592879],[-79.72883019763655,-2.909481761990667],[-79.7330875163144,-2.912251742910968],[-79.73555001268188,-2.913124627994398],[-79.73933643391165,-2.913053544569473],[-79.74605676910625,-2.911575547834349],[-79.74750774906147,-2.911651697195434],[-79.75005937873684,-2.912645222140165],[-79.7514490785218,-2.915110406082493],[-79.75219887203154,-2.915715315201545],[-79.75967359416364,-2.913553504986091],[-79.76552149363442,-2.914867119421259],[-79.76847601329315,-2.91605243544503],[-79.769627139577,-2.915740684256056],[-79.7728802385255,-2.913524669310359],[-79.772459624388,-2.911728416372765],[-79.77325503298857,-2.909927067996802],[-79.77788977893535,-2.904066958625],[-79.78425426047399,-2.904450018352834],[-79.7930676784648,-2.902143944760612],[-79.80485385286771,-2.903568604350407],[-79.80894711421669,-2.902053442316104],[-79.81287843548546,-2.907023696617207],[-79.81389213963575,-2.907155429730198],[-79.81526065456993,-2.908154879540406],[-79.81744507625145,-2.908278511650047],[-79.81831729010094,-2.907961641898078],[-79.81855115780564,-2.909108909274996],[-79.8218083138442,-2.909211701448285],[-79.82259351489404,-2.908619102594754],[-79.82323241895288,-2.906760951248739],[-79.82457840500045,-2.904947836814081],[-79.8244037362799,-2.90272688053863],[-79.82487593404653,-2.902444010184614],[-79.82661912271465,-2.902676474139755],[-79.82684882741725,-2.902380171009834],[-79.82645611629175,-2.901852574053632],[-79.82469986128315,-2.901580558460309],[-79.8245429140441,-2.901237722674053],[-79.82696918752958,-2.900067261646198],[-79.82703339898119,-2.901358938040505],[-79.82860636105808,-2.901413294044304],[-79.82879690898957,-2.900952203112494],[-79.82805315090553,-2.897623557857219],[-79.82839492487692,-2.896694745410127],[-79.83019162500688,-2.895872879716439],[-79.83098585313324,-2.894733658516961],[-79.83208586618268,-2.895802354686147],[-79.83359414417572,-2.895013132243041],[-79.8337026820578,-2.894568490837961],[-79.8333130817328,-2.894261598570464],[-79.83153512005636,-2.894319926685684],[-79.83115824028418,-2.89280301054864],[-79.83295471645917,-2.892192013098629],[-79.83432603536248,-2.890731578385714],[-79.83625731072198,-2.890759928884061],[-79.83675578761478,-2.890408983157926],[-79.83681693746817,-2.889782092378724],[-79.83571100371995,-2.887746429430543],[-79.83522399093123,-2.888416352644389],[-79.83383023394916,-2.889094758243462],[-79.83238683643015,-2.888340531171648],[-79.83145141534331,-2.888686723190392],[-79.8303221230466,-2.888330896963552],[-79.8293809677858,-2.888830849342623],[-79.82731073410908,-2.888854308941433],[-79.82512120716521,-2.890286788083808],[-79.82116494839643,-2.889931910670028],[-79.81893457424393,-2.890316812371633],[-79.81275968826738,-2.887355047075986],[-79.81145149715313,-2.886023229037735],[-79.80127208767254,-2.890523588020967],[-79.79867498667875,-2.890013861377582],[-79.79745582801749,-2.890360081456831],[-79.79269202061823,-2.893348843969834],[-79.78890565710651,-2.896391266377397],[-79.78630173348411,-2.897822476773915],[-79.78464588615935,-2.897753584500745],[-79.78255581159672,-2.896487201753022],[-79.78086898725692,-2.896366714722803],[-79.78052385130377,-2.895733100818568],[-79.77967148335546,-2.89614174039541],[-79.77879224946089,-2.897361778115544],[-79.77666024310072,-2.896367778872012],[-79.76585101077062,-2.89643536252167],[-79.76226321522111,-2.887847500119515],[-79.76067142806812,-2.877791384756107],[-79.75934340321977,-2.871989317170562],[-79.75947969750756,-2.871229960432994],[-79.76066702731187,-2.870478781431786],[-79.76067378441176,-2.86419330505671],[-79.76023690467662,-2.863197267956394],[-79.75879124757805,-2.861855546402522],[-79.75770642178965,-2.861375758362405],[-79.75563072213636,-2.861584089834133]]]}},{"type":"Feature","properties":{"Pob_total":250.0},"geometry":{"type":"Polygon","coordinates":[[[-79.71198801152065,-2.906046409106199],[-79.71340420798256,-2.911516690928095],[-79.71446944548383,-2.911409149418651],[-79.71496462164802,-2.911810538006789],[-79.71564267954199,-2.91122216965639],[-79.71697402823021,-2.911665345600909],[-79.72133477119722,-2.911070381126539],[-79.72373575580082,-2.911745409201504],[-79.72378928424139,-2.912623534213425],[-79.72408928443993,-2.912237030840377],[-79.72501273696194,-2.912704156959715],[-79.72505763449416,-2.913338336027744],[-79.72576517784368,-2.913892135565521],[-79.72094230588404,-2.914716323654307],[-79.71990341248126,-2.916421791196274],[-79.71775474010465,-2.917356732544058],[-79.71718984292083,-2.918502053429861],[-79.71525946337444,-2.918437976098142],[-79.7150287032304,-2.918925040434369],[-79.71437141692448,-2.918483085613052],[-79.7116620847374,-2.918411323421612],[-79.71141681032996,-2.919240803430502],[-79.70933773625751,-2.921302230090779],[-79.70853357541326,-2.921150979972031],[-79.70750666969496,-2.920141331925324],[-79.70813009947015,-2.928081376840772],[-79.70886156763095,-2.929576588131666],[-79.711403907004,-2.931516167294381],[-79.71221549799627,-2.930265794591787],[-79.714080060311,-2.929594282004539],[-79.71834573971142,-2.930501287268674],[-79.72444611792866,-2.929919794855576],[-79.72634567469336,-2.930087157269023],[-79.72884154117723,-2.929625407873575],[-79.73262540114358,-2.927298112893103],[-79.73446950531373,-2.927061596231789],[-79.7387953779489,-2.927745614673436],[-79.7395258992276,-2.927489476084215],[-79.74170139843613,-2.925398148827972],[-79.74314918638294,-2.925214529292638],[-79.74545308153768,-2.92557605661391],[-79.74687986469674,-2.926687095983527],[-79.7565357794054,-2.92639422390599],[-79.75894212414323,-2.923673497242494],[-79.7611262818282,-2.923765617778579],[-79.7626885713705,-2.92260339261425],[-79.76416644889956,-2.9234986465514],[-79.76471922692916,-2.923431672976444],[-79.7652960043696,-2.921907901447192],[-79.76673532556774,-2.921768223217283],[-79.76675372920943,-2.92057775695958],[-79.76424852956843,-2.916880111794633],[-79.76484909003085,-2.91563433100467],[-79.7643890870252,-2.914564043214587],[-79.75967359416364,-2.913553504986091],[-79.75219887203154,-2.915715315201545],[-79.7514490785218,-2.915110406082493],[-79.75005937873684,-2.912645222140165],[-79.74750774906147,-2.911651697195434],[-79.74605676910625,-2.911575547834349],[-79.74096116672112,-2.912848240476423],[-79.73555001268188,-2.913124627994398],[-79.7330875163144,-2.912251742910968],[-79.72883019763655,-2.909481761990667],[-79.71946571757162,-2.906355263045184],[-79.71198801152065,-2.906046409106199]]]}},{"type":"Feature","properties":{"Pob_total":380.0},"geometry":{"type":"Polygon","coordinates":[[[-79.74076879362543,-2.926150992436909],[-79.7395258992276,-2.927489476084215],[-79.7387953779489,-2.927745614673436],[-79.73446950531373,-2.927061596231789],[-79.73262540114358,-2.927298112893103],[-79.72884154117723,-2.929625407873575],[-79.72634567469336,-2.930087157269023],[-79.72444611792866,-2.929919794855576],[-79.71834573971142,-2.930501287268674],[-79.71499777056995,-2.929579935070105],[-79.71221549799627,-2.930265794591787],[-79.711403907004,-2.931516167294381],[-79.71394196126126,-2.933011849088408],[-79.71494501593268,-2.934047541927942],[-79.71763024005399,-2.946821222832852],[-79.72592940137199,-2.945872880997418],[-79.7345908443117,-2.943387874159056],[-79.7379721840774,-2.943708107567295],[-79.7397282584228,-2.943468424376376],[-79.74530784186359,-2.94089886344181],[-79.75012851346172,-2.941052628655395],[-79.7530638643112,-2.941601930129016],[-79.75506061087569,-2.941440992900539],[-79.75584811837997,-2.941799961968476],[-79.76069997194413,-2.953152288941352],[-79.76462443377372,-2.947152247644241],[-79.75625348766485,-2.933371250658915],[-79.75327297250519,-2.926661877564956],[-79.74687986469674,-2.926687095983527],[-79.74545308153768,-2.92557605661391],[-79.74314918638294,-2.925214529292638],[-79.74170139843613,-2.925398148827972],[-79.74076879362543,-2.926150992436909]]]}},{"type":"Feature","properties":{"Pob_total":184.0},"geometry":{"type":"Polygon","coordinates":[[[-79.71763024005399,-2.946821222832852],[-79.71952910666646,-2.956106870593292],[-79.72590243701559,-2.979162654310456],[-79.72730900193254,-2.979389004181229],[-79.72915645810808,-2.981738622498848],[-79.7300812205946,-2.981695273034239],[-79.73125118624924,-2.981019469981953],[-79.73251328097926,-2.981311269536363],[-79.73305773574262,-2.981077294788185],[-79.7351998500113,-2.983026569232341],[-79.73794097517501,-2.982702868632487],[-79.73811877466485,-2.984197816199784],[-79.7387670834209,-2.984801059612014],[-79.7442297305564,-2.984508706769351],[-79.74545895402026,-2.982745273696069],[-79.74818401472517,-2.982796080624824],[-79.75228318186056,-2.981921618138994],[-79.75441613652772,-2.979101283922978],[-79.75590843308589,-2.97841980725582],[-79.75667059712406,-2.976804339811959],[-79.7582755045607,-2.975042890218361],[-79.75896868174533,-2.974975236333697],[-79.76051233595709,-2.975687451859033],[-79.76268787686467,-2.974845468322838],[-79.76447820183728,-2.973543591511703],[-79.76643470592666,-2.973613233367785],[-79.76852499298882,-2.972941170022503],[-79.76928642553698,-2.973159773889159],[-79.77013761217108,-2.972446838322799],[-79.76940985030066,-2.972001995521402],[-79.76937589144721,-2.971460227412364],[-79.77047050188125,-2.971485113125715],[-79.77176554908866,-2.97072719803074],[-79.7722416809767,-2.968418426270371],[-79.77210250978194,-2.966105602713331],[-79.77320920771338,-2.963493638824522],[-79.77290516299621,-2.963054030252661],[-79.77287944530362,-2.959790405155941],[-79.77407187089084,-2.957703123786628],[-79.77398330912797,-2.956890675211987],[-79.77078907059655,-2.95542610473379],[-79.76731945687273,-2.952801251299483],[-79.76419739665585,-2.947759431354891],[-79.76058977216037,-2.953188565961681],[-79.75572379764535,-2.941547921120269],[-79.74530784186359,-2.94089886344181],[-79.7397282584228,-2.943468424376376],[-79.7379721840774,-2.943708107567295],[-79.7345908443117,-2.943387874159056],[-79.72592940137199,-2.945872880997418],[-79.71763024005399,-2.946821222832852]]]}},{"type":"Feature","properties":{"Pob_total":145.0},"geometry":{"type":"Polygon","coordinates":[[[-79.70508326082162,-2.93676633814548],[-79.70451660959812,-2.936945521492881],[-79.70363816730725,-2.936045282608605],[-79.70250578145286,-2.935609341217842],[-79.7013727566246,-2.935727914650611],[-79.70038259351468,-2.937182947812554],[-79.69938481426645,-2.93766307990172],[-79.69862341628642,-2.941034236334398],[-79.69599369664179,-2.944034883961641],[-79.69412997721936,-2.945341183344837],[-79.69139818088854,-2.946446025016848],[-79.6860112115255,-2.946750613395247],[-79.68721206540724,-2.976060277851669],[-79.6899511330498,-2.97673754025382],[-79.6926032361363,-2.975752625898725],[-79.69847693670711,-2.975709572955195],[-79.70156708323815,-2.976420394219032],[-79.70293002021263,-2.976058439759211],[-79.7044345407026,-2.974750665035012],[-79.70723170925827,-2.973383909223074],[-79.70885499698198,-2.973345541171245],[-79.71117348749864,-2.973895344436842],[-79.71314588086032,-2.975655375390699],[-79.7148349156294,-2.975105360693033],[-79.7179827009383,-2.976486746995612],[-79.72030749754563,-2.976760841954765],[-79.72020959669898,-2.978380686494468],[-79.72397259743137,-2.979183955387791],[-79.72582568554529,-2.980672077300876],[-79.7262895196918,-2.980556070288789],[-79.71952910666646,-2.956106870593292],[-79.71494501593268,-2.934047541927942],[-79.71394196126126,-2.933011849088408],[-79.711403907004,-2.931516167294381],[-79.70847400512258,-2.935017431051166],[-79.70508326082162,-2.93676633814548]]]}},{"type":"Feature","properties":{"Pob_total":216.0},"geometry":{"type":"Polygon","coordinates":[[[-79.67171506708674,-2.938710947499179],[-79.67236589810527,-2.941017655873167],[-79.67346576245956,-2.940985801709854],[-79.67448457970143,-2.941483982865279],[-79.67738038352374,-2.941273874474307],[-79.67878394167306,-2.941964729002652],[-79.67963404364777,-2.941591071326032],[-79.68108210783832,-2.939764403385156],[-79.68352975054165,-2.939588869309778],[-79.68484426845869,-2.936409523167369],[-79.68742051497493,-2.934742682705923],[-79.69029711343877,-2.931944717435659],[-79.69023151180242,-2.930945597942782],[-79.68833572900358,-2.930328845639843],[-79.68839937689134,-2.929421708846985],[-79.68682325701558,-2.929132613856587],[-79.6896256591901,-2.928189479000925],[-79.6889012448718,-2.927013629210696],[-79.67262781672437,-2.910177887959775],[-79.66331067697632,-2.911592803740489],[-79.66215534220171,-2.919528278522548],[-79.6636067505616,-2.929778919850231],[-79.66640509035173,-2.930859382448153],[-79.6682593776773,-2.932343547076246],[-79.66949319438321,-2.933953027170114],[-79.67171506708674,-2.938710947499179]]]}},{"type":"Feature","properties":{"Pob_total":302.0},"geometry":{"type":"Polygon","coordinates":[[[-79.67037007223098,-2.900466057776483],[-79.66681899433432,-2.900260079509898],[-79.66431222662172,-2.900901536157054],[-79.66327426170326,-2.901552597323499],[-79.66185353457873,-2.901662973676832],[-79.65972391769142,-2.902946484401721],[-79.65874803012213,-2.902748784964596],[-79.65779053045472,-2.903511544118178],[-79.65635967047349,-2.902909463188408],[-79.6548321443722,-2.903571597058989],[-79.65347865109501,-2.903504940692192],[-79.65372490989289,-2.909566393050496],[-79.6554758129391,-2.910068678953192],[-79.65550249370717,-2.912879515497289],[-79.6725432532014,-2.910180772669213],[-79.67980354197641,-2.910136054080647],[-79.68657241342801,-2.909076088828763],[-79.6893908222726,-2.908203857461325],[-79.69206721190203,-2.908091746252743],[-79.6850800438815,-2.904375754515456],[-79.68306508634508,-2.90156984011796],[-79.67961823877161,-2.902688512886927],[-79.67736322513416,-2.901802211200321],[-79.67393640644627,-2.899626941725155],[-79.67037007223098,-2.900466057776483]]]}},{"type":"Feature","properties":{"Pob_total":148.0},"geometry":{"type":"Polygon","coordinates":[[[-79.64726383409781,-2.902586450907205],[-79.64631538306125,-2.902318951779775],[-79.64448180975762,-2.902768789043655],[-79.64331413344163,-2.901975722002309],[-79.64097448351353,-2.903243377209237],[-79.6397892292088,-2.903237605979825],[-79.63911069892265,-2.903907792262743],[-79.63793271094131,-2.903918306777346],[-79.63690945908532,-2.9045214188997],[-79.63323105783535,-2.904680481852807],[-79.63200740161365,-2.905716390338108],[-79.62962894979017,-2.905207281021306],[-79.6275341629134,-2.906836158000071],[-79.624485967705,-2.905606466907105],[-79.62361285886304,-2.905754360419605],[-79.62264082587448,-2.905137248077175],[-79.62196822598251,-2.90625223062284],[-79.62123698078283,-2.905952690218696],[-79.62055506781392,-2.906363916040335],[-79.61964530003885,-2.905810188325372],[-79.61816846807587,-2.906503887741394],[-79.61621811726434,-2.906303328422229],[-79.6134886892954,-2.907781071207096],[-79.6119597579181,-2.907379243831288],[-79.61070192168064,-2.908033948059121],[-79.60751418692591,-2.908149882702728],[-79.60751016886836,-2.911423723937204],[-79.60905199897901,-2.911602973306683],[-79.6127807618544,-2.91107713468759],[-79.61839650924512,-2.91138288224813],[-79.62096858278059,-2.912672335072378],[-79.62271086001462,-2.914519077212768],[-79.62565928410588,-2.915794256009429],[-79.63206947222172,-2.916561736753586],[-79.63508370654112,-2.916405921361631],[-79.63829125944345,-2.915339073652089],[-79.6537264673538,-2.91314638726951],[-79.65347865109501,-2.903504940692192],[-79.65177728390053,-2.902983941396465],[-79.6515887726282,-2.90257237197234],[-79.65059290698754,-2.903295824313526],[-79.64979550895708,-2.903165079776345],[-79.64924819879334,-2.901812181904668],[-79.64793802171275,-2.902009679407992],[-79.64726383409781,-2.902586450907205]]]}},{"type":"Feature","properties":{"Pob_total":198.0},"geometry":{"type":"Polygon","coordinates":[[[-79.64712852468965,-2.933807111171585],[-79.65122865518937,-2.935663858951185],[-79.65413740624793,-2.937562262730963],[-79.65573986838254,-2.939515367238089],[-79.66015582481837,-2.943220025677939],[-79.66538995905418,-2.942167119897857],[-79.66810503957014,-2.940450518847674],[-79.66929715080377,-2.940494004330889],[-79.67092723517915,-2.941589412918026],[-79.67236589810527,-2.941017655873167],[-79.67087976342955,-2.936597649758463],[-79.66888178427394,-2.933143121951141],[-79.66640509035173,-2.930859382448153],[-79.66410727558338,-2.930164816706561],[-79.66336177202561,-2.929264715860514],[-79.6634329833342,-2.927243889520438],[-79.662757718399,-2.925069046637508],[-79.66213485505031,-2.92026945331229],[-79.66308494794217,-2.913257294259045],[-79.66198504308954,-2.912952624045701],[-79.66137410665776,-2.912204068644443],[-79.66082945616078,-2.91236302038098],[-79.66191740928664,-2.914190090828975],[-79.66021557774782,-2.914124025424634],[-79.65843939758997,-2.915311438557124],[-79.65777864754182,-2.915472273050672],[-79.6572473388812,-2.915108681413851],[-79.65690475726947,-2.915735417164554],[-79.65569137806183,-2.914850676452712],[-79.65524298024576,-2.913982047408521],[-79.65474799120793,-2.913998161441691],[-79.65342347515863,-2.915472596884552],[-79.6501480162936,-2.917449941530165],[-79.64873018939407,-2.917811291317677],[-79.64804683895284,-2.921727661401055],[-79.64956393623633,-2.927500246006277],[-79.64953397072584,-2.930072111731158],[-79.6485632586131,-2.932430109029083],[-79.64712852468965,-2.933807111171585]]]}},{"type":"Feature","properties":{"Pob_total":205.0},"geometry":{"type":"Polygon","coordinates":[[[-79.61609915616631,-2.900050950336597],[-79.6161865763501,-2.898146687013345],[-79.61585242930308,-2.897099048338865],[-79.6151668378853,-2.896943540137609],[-79.61544812183197,-2.894104322466842],[-79.59491960502379,-2.895605450843643],[-79.59448425100717,-2.902062250485959],[-79.59948222435754,-2.903612651171507],[-79.60266655752949,-2.901829361483186],[-79.60592346355365,-2.90174874044687],[-79.60752324942854,-2.900752294573595],[-79.60751418692591,-2.908149882702728],[-79.61070192168064,-2.908033948059121],[-79.6119597579181,-2.907379243831288],[-79.6134886892954,-2.907781071207096],[-79.61621811726434,-2.906303328422229],[-79.61816846807587,-2.906503887741394],[-79.61964530003885,-2.905810188325372],[-79.62055506781392,-2.906363916040335],[-79.62123698078283,-2.905952690218696],[-79.62196822598251,-2.90625223062284],[-79.62264082587448,-2.905137248077175],[-79.62361285886304,-2.905754360419605],[-79.624485967705,-2.905606466907105],[-79.6275341629134,-2.906836158000071],[-79.62953203095198,-2.905237552349595],[-79.63174647392259,-2.905762109210096],[-79.63323105783535,-2.904680481852807],[-79.6347384149715,-2.904582767549772],[-79.63403040434706,-2.89251623951656],[-79.61982524578252,-2.893824181052859],[-79.6185314810772,-2.896294629338309],[-79.61935704676307,-2.896801601550278],[-79.61887668449641,-2.897479831640365],[-79.61916832643267,-2.899570317046898],[-79.61609915616631,-2.900050950336597]]]}},{"type":"Feature","properties":{"Pob_total":244.0},"geometry":{"type":"Polygon","coordinates":[[[-79.66805689016202,-2.962698406881668],[-79.66624969281791,-2.963342856834073],[-79.66300935659034,-2.966944989285531],[-79.6624730961285,-2.969339419862413],[-79.66091245016023,-2.971866009196736],[-79.6612710592224,-2.974322456540138],[-79.66426123465571,-2.972542235314486],[-79.67076422896471,-2.972607222111812],[-79.67375894366191,-2.973652922151649],[-79.67497895677825,-2.974568000706818],[-79.67795909585212,-2.974899921184181],[-79.68119801470036,-2.977344481624255],[-79.68721206540724,-2.976060277851669],[-79.6860112115255,-2.946750613395247],[-79.68520303167908,-2.947183979103894],[-79.68479054722847,-2.948191240489242],[-79.6836852496979,-2.949292195939611],[-79.68134046833671,-2.949623426149184],[-79.67936878009199,-2.952452397886544],[-79.6781736486411,-2.952676363444444],[-79.67725656034933,-2.954521176092266],[-79.67632952794683,-2.954427090113532],[-79.67411424452628,-2.957371431751174],[-79.67286407478224,-2.958030094914614],[-79.67156858583266,-2.959880593715954],[-79.6705388244473,-2.960232635974353],[-79.66955785724855,-2.962140036644006],[-79.66805689016202,-2.962698406881668]]]}},{"type":"Feature","properties":{"Pob_total":119.0},"geometry":{"type":"Polygon","coordinates":[[[-79.68974465573984,-2.914552747886511],[-79.69334059499471,-2.924536848610592],[-79.69410171700449,-2.929970122822746],[-79.69023151180242,-2.930945597942782],[-79.69011660110655,-2.932266682218426],[-79.68742051497493,-2.934742682705923],[-79.68484426845869,-2.936409523167369],[-79.68352975054165,-2.939588869309778],[-79.68602465560353,-2.938795436620393],[-79.68802860258052,-2.937262176895726],[-79.69149333535364,-2.937450439753029],[-79.69212929001621,-2.93682864209103],[-79.6936212201453,-2.937319342387595],[-79.6946612824679,-2.93702550959679],[-79.69527412861649,-2.936377108711107],[-79.69938481426645,-2.93766307990172],[-79.70038259351468,-2.937182947812554],[-79.7013727566246,-2.935727914650611],[-79.70322102967273,-2.93583497889559],[-79.70451660959812,-2.936945521492881],[-79.70847400512258,-2.935017431051166],[-79.711403907004,-2.931516167294381],[-79.70886156763095,-2.929576588131666],[-79.70813009947015,-2.928081376840772],[-79.70750666969496,-2.920141331925324],[-79.70714151582673,-2.920065185248069],[-79.70620044306924,-2.920933473798693],[-79.70302384424755,-2.918287394172461],[-79.70137613066596,-2.918143484439911],[-79.70047157180379,-2.917608438010956],[-79.69829133570012,-2.915477879144714],[-79.69487730080945,-2.915552961302053],[-79.69366835492237,-2.914760508708053],[-79.68974465573984,-2.914552747886511]]]}},{"type":"Feature","properties":{"Pob_total":121.0},"geometry":{"type":"Polygon","coordinates":[[[-79.69451818166999,-2.904283719420915],[-79.68937922140124,-2.904923717589429],[-79.68847457858048,-2.904554004007661],[-79.68699620700781,-2.904791420539496],[-79.68353973031834,-2.901823413308398],[-79.6850800438815,-2.904375754515456],[-79.69206721190203,-2.908091746252743],[-79.6893908222726,-2.908203857461325],[-79.68762106609782,-2.908756590921517],[-79.68973345585401,-2.914521573956963],[-79.69366835492237,-2.914760508708053],[-79.69487730080945,-2.915552961302053],[-79.69829133570012,-2.915477879144714],[-79.70047157180379,-2.917608438010956],[-79.70137613066596,-2.918143484439911],[-79.70302384424755,-2.918287394172461],[-79.70620044306924,-2.920933473798693],[-79.70721466847971,-2.920052335781493],[-79.70793267194986,-2.920258569567758],[-79.70863075268902,-2.921211691316124],[-79.70933773625751,-2.921302230090779],[-79.71141681032996,-2.919240803430502],[-79.7116620847374,-2.918411323421612],[-79.71437141692448,-2.918483085613052],[-79.7150287032304,-2.918925040434369],[-79.71525946337444,-2.918437976098142],[-79.71718984292083,-2.918502053429861],[-79.71775474010465,-2.917356732544058],[-79.71990341248126,-2.916421791196274],[-79.72094230588404,-2.914716323654307],[-79.72282806014775,-2.914144040349799],[-79.7257620284591,-2.913971998811047],[-79.72575800824231,-2.913627116367808],[-79.72505763449416,-2.913338336027744],[-79.72501273696194,-2.912704156959715],[-79.72408928443993,-2.912237030840377],[-79.72378928424139,-2.912623534213425],[-79.72373575580082,-2.911745409201504],[-79.7217135980716,-2.911143713200902],[-79.72042046600573,-2.911110493532903],[-79.71988784773859,-2.911480268506262],[-79.71861906784083,-2.911231901005439],[-79.71697402823021,-2.911665345600909],[-79.71564267954199,-2.91122216965639],[-79.71529157529709,-2.911614831199003],[-79.71540117025884,-2.915970159863276],[-79.71120409834687,-2.916713576322267],[-79.70860821378707,-2.916011857485507],[-79.7071924072325,-2.916103029832189],[-79.7068403170135,-2.911267262427486],[-79.70591870102284,-2.910728504481032],[-79.70513128243593,-2.908998020675416],[-79.70391555102458,-2.90778944427375],[-79.70133543318494,-2.906461331739556],[-79.70082164272168,-2.905074823301491],[-79.70019460370906,-2.904549598940774],[-79.69759636318369,-2.904605838162349],[-79.69657381380216,-2.902164133847822],[-79.69505585214505,-2.901701551024115],[-79.69385947865342,-2.902506586568093],[-79.69368482787633,-2.902777181097116],[-79.69483425884471,-2.903530395329126],[-79.69451818166999,-2.904283719420915]]]}},{"type":"Feature","properties":{"Pob_total":71.0},"geometry":{"type":"Polygon","coordinates":[[[-79.67980354197641,-2.910136054080647],[-79.67262781672437,-2.910177887959775],[-79.68865922914874,-2.926747029836855],[-79.6896256591901,-2.928189479000925],[-79.69334422620449,-2.927701108669999],[-79.69348334431268,-2.929760924625259],[-79.6936650622567,-2.930134447610553],[-79.69410171700449,-2.929970122822746],[-79.69334059499471,-2.924536848610592],[-79.68762106609782,-2.908756590921517],[-79.67980354197641,-2.910136054080647]]]}},{"type":"Feature","properties":{"Pob_total":183.0},"geometry":{"type":"Polygon","coordinates":[[[-79.65550249370717,-2.912879515497289],[-79.65000248963213,-2.913592841217495],[-79.64873018939407,-2.917811291317677],[-79.6501480162936,-2.917449941530165],[-79.65342347515863,-2.915472596884552],[-79.65474799120793,-2.913998161441691],[-79.65524298024576,-2.913982047408521],[-79.65569137806183,-2.914850676452712],[-79.65690475726947,-2.915735417164554],[-79.6572473388812,-2.915108681413851],[-79.65777864754182,-2.915472273050672],[-79.65843939758997,-2.915311438557124],[-79.66021557774782,-2.914124025424634],[-79.66191740928664,-2.914190090828975],[-79.66082945616078,-2.91236302038098],[-79.66137410665776,-2.912204068644443],[-79.66198504308954,-2.912952624045701],[-79.66308494794217,-2.913257294259045],[-79.66331067697632,-2.911592803740489],[-79.65550249370717,-2.912879515497289]]]}},{"type":"Feature","properties":{"Pob_total":218.0},"geometry":{"type":"Polygon","coordinates":[[[-79.6115531111847,-2.911245922407832],[-79.60751016886836,-2.911423723937204],[-79.60750860249175,-2.912698978341458],[-79.61057487346307,-2.914920601142624],[-79.61380325732343,-2.914718230667518],[-79.62415372880079,-2.919421230147777],[-79.63552690377287,-2.927202237289527],[-79.63711258338513,-2.927560635934553],[-79.63949949519632,-2.928876825836844],[-79.64281795648752,-2.931413619767087],[-79.64641690286896,-2.933481723240288],[-79.64712852468965,-2.933807111171585],[-79.64774570245235,-2.933510909392012],[-79.6485632586131,-2.932430109029083],[-79.64953397072584,-2.930072111731158],[-79.64962445800457,-2.928057635125651],[-79.648171758278,-2.922703383592038],[-79.64808867346149,-2.920355760535097],[-79.65000248963213,-2.913592841217495],[-79.63829125944345,-2.915339073652089],[-79.63508370654112,-2.916405921361631],[-79.63206947222172,-2.916561736753586],[-79.62565928410588,-2.915794256009429],[-79.62271086001462,-2.914519077212768],[-79.62096858278059,-2.912672335072378],[-79.61839650924512,-2.91138288224813],[-79.6115531111847,-2.911245922407832]]]}},{"type":"Feature","properties":{"Pob_total":112.0},"geometry":{"type":"Polygon","coordinates":[[[-79.62848161373331,-2.850612068643738],[-79.62702381588488,-2.852265574770346],[-79.6230111300353,-2.854282858122769],[-79.61825122547923,-2.854218180429533],[-79.61743894127306,-2.854584925705785],[-79.6170392959079,-2.856030937556105],[-79.61519982743769,-2.858475439668902],[-79.6156649728633,-2.859845556295646],[-79.61428127955597,-2.866137660892904],[-79.61477866208094,-2.868272099134285],[-79.6145422997528,-2.869677269080167],[-79.61283496836805,-2.872506620356043],[-79.61215098913658,-2.872813549359361],[-79.61179221926952,-2.874187790715715],[-79.60996368844975,-2.875980844187751],[-79.60990444378943,-2.876614714811667],[-79.61084083242208,-2.876046443219609],[-79.61140051603753,-2.87634712771564],[-79.61973952027707,-2.875033096358857],[-79.61974590249069,-2.874329541324958],[-79.62033171641514,-2.874071310909922],[-79.62044789817006,-2.873352785623123],[-79.62154777701026,-2.87318326932128],[-79.6233404480185,-2.871230402964079],[-79.62307188276647,-2.870901042801488],[-79.6237994723351,-2.87003085744312],[-79.62365151036926,-2.869193980760899],[-79.62475573151221,-2.868849908774054],[-79.62539700382641,-2.866513065551546],[-79.62697845496642,-2.864402377251449],[-79.62828510567506,-2.860768273142395],[-79.62829980866022,-2.859672832077291],[-79.62925083112037,-2.858722498656145],[-79.62903578281905,-2.858016685985063],[-79.63001986382946,-2.858088502005254],[-79.63094579052235,-2.856907233262382],[-79.63086154080632,-2.855433071382872],[-79.63144737070392,-2.854466831966333],[-79.63103566156641,-2.853171810711085],[-79.63184015198209,-2.84961926978377],[-79.62848161373331,-2.850612068643738]]]}},{"type":"Feature","properties":{"Pob_total":28.0},"geometry":{"type":"Polygon","coordinates":[[[-79.59493056497816,-2.597194698204687],[-79.59355083120609,-2.598039739446313],[-79.59222074118422,-2.59725465952544],[-79.58387696630172,-2.621829031589657],[-79.5828693014541,-2.622469227270023],[-79.58139944051078,-2.625512922916167],[-79.5785535845727,-2.627836409688837],[-79.57793902147806,-2.628999044094677],[-79.57803811505381,-2.629791611766017],[-79.57889314041047,-2.629483157056592],[-79.58048714748922,-2.630410929971621],[-79.58266048256294,-2.629606298834613],[-79.58458999142105,-2.630574155887409],[-79.58574699074894,-2.630249155266283],[-79.58755352488848,-2.630693385035796],[-79.58986452860866,-2.62990960733217],[-79.59177335883518,-2.630961816154527],[-79.59296002187867,-2.631053693856095],[-79.59439449450662,-2.631752092403945],[-79.60156413446931,-2.63004546625588],[-79.60394130889664,-2.631145852707054],[-79.60640260958277,-2.630352621060631],[-79.60654567994966,-2.631258213356153],[-79.60878159646973,-2.632829465710134],[-79.60986426286648,-2.632474149380785],[-79.60966334059245,-2.630855613015886],[-79.61130700535125,-2.631242289708756],[-79.6114293540675,-2.630718847432921],[-79.6123704347756,-2.631120836535215],[-79.61309436955024,-2.630340208615742],[-79.61453593300685,-2.630255714285086],[-79.614761142719,-2.631385791092489],[-79.61596006327413,-2.63187389736219],[-79.61624912222051,-2.631187888723726],[-79.61492451290644,-2.628070079946814],[-79.61392397213834,-2.627222373669486],[-79.61427316356132,-2.62644915428271],[-79.6157324747035,-2.625866924039872],[-79.61543618931451,-2.624728074712543],[-79.61382532531358,-2.624543825610266],[-79.61283613780407,-2.626564321853746],[-79.61186320102858,-2.627008425770649],[-79.6119323169948,-2.623563756969369],[-79.61094552915537,-2.623409393912808],[-79.60962358110162,-2.624466153955602],[-79.60846212625407,-2.624764080900957],[-79.60789685279244,-2.624062823063773],[-79.60789933854628,-2.621814987867537],[-79.6060350144202,-2.621156066130975],[-79.60605033636645,-2.620426266644598],[-79.60706102705579,-2.618646641944979],[-79.60672127091833,-2.617449361471561],[-79.6056838211025,-2.617178169607389],[-79.60383136937256,-2.618913061722064],[-79.60310602775313,-2.618591129426684],[-79.60249750915546,-2.61762709036804],[-79.60251351000271,-2.616284247022549],[-79.60334254779484,-2.614708771763677],[-79.60165869315465,-2.61492583180736],[-79.60154471478181,-2.612998989673409],[-79.60007362556983,-2.611129015168409],[-79.60077869386201,-2.610093465745992],[-79.60309438554492,-2.609431921584618],[-79.60352314009658,-2.608892335515375],[-79.60344457764239,-2.60774643597897],[-79.60012778239675,-2.608093042766756],[-79.59936636507904,-2.607588618772003],[-79.59925812463888,-2.607033838061152],[-79.6001735829123,-2.60604961066629],[-79.60149502287334,-2.605430743075988],[-79.60178602290028,-2.604774233621735],[-79.60157354469115,-2.603462149810871],[-79.600390585706,-2.60203534529647],[-79.60009464299434,-2.60095277711029],[-79.6001761430956,-2.599870630831496],[-79.6012337631224,-2.598434209047702],[-79.60113932736074,-2.596677485966898],[-79.59978528602046,-2.596119253110959],[-79.59744858918317,-2.597285088238711],[-79.59685464035398,-2.596277280852633],[-79.59620905565187,-2.596028423431942],[-79.59493056497816,-2.597194698204687]]]}},{"type":"Feature","properties":{"Pob_total":184.0},"geometry":{"type":"Polygon","coordinates":[[[-79.54217354592356,-2.61977089158129],[-79.54329919333098,-2.61960497263395],[-79.543787421431,-2.620096464804604],[-79.54753098987338,-2.629397983517819],[-79.54843505192804,-2.629652183736872],[-79.55089494162898,-2.63169640965845],[-79.55344275923227,-2.632913195037908],[-79.55504288439893,-2.632776261498708],[-79.55538898758924,-2.634474585900177],[-79.55688241082747,-2.6332206301447],[-79.55900363963494,-2.633856186963186],[-79.56037597358744,-2.633419950801745],[-79.56070710870067,-2.631377161748866],[-79.56159005981839,-2.631382797381129],[-79.56184430750157,-2.63192574350679],[-79.56236007285574,-2.631923084528924],[-79.56287192758727,-2.631174094033629],[-79.56515972981317,-2.629908197542858],[-79.56647183214277,-2.629527683767253],[-79.56857611693377,-2.629728719728636],[-79.56922694968372,-2.629185187923989],[-79.569286392567,-2.628397594183025],[-79.570176904899,-2.627758266060033],[-79.57100266144859,-2.62798996699635],[-79.5711831160425,-2.62883398809337],[-79.57192280462392,-2.629633535167982],[-79.57332591062628,-2.629973942764836],[-79.57464137628476,-2.629563124432483],[-79.57555176297231,-2.630440827014764],[-79.57745685047776,-2.630568543630438],[-79.5785535845727,-2.627836409688837],[-79.58139944051078,-2.625512922916167],[-79.5828693014541,-2.622469227270023],[-79.58387696630172,-2.621829031589657],[-79.58433405899608,-2.620639533958069],[-79.58363865582695,-2.619876584071392],[-79.58395869084474,-2.619426631202808],[-79.58371281836865,-2.618462141483281],[-79.58282199174232,-2.618502553281066],[-79.5826563587227,-2.618002758775614],[-79.57988399069473,-2.618181309073351],[-79.57837528612478,-2.618900690932648],[-79.57775104002049,-2.618125067944338],[-79.57701029502823,-2.61834074314325],[-79.57673405807381,-2.617751647668581],[-79.57442558414795,-2.61759652841086],[-79.57388191138678,-2.61698976232621],[-79.57242037136933,-2.61648062083044],[-79.57115554340027,-2.612444451901196],[-79.56825601445769,-2.614709264730692],[-79.56232027138358,-2.62071990295742],[-79.55770579699005,-2.623440311451831],[-79.5558808847106,-2.622718906455393],[-79.55493959978548,-2.622897630737922],[-79.55416686089174,-2.62378638228388],[-79.55377272404658,-2.622801631192465],[-79.55445270577283,-2.620720273067476],[-79.55308123865676,-2.618504037886163],[-79.55323344986053,-2.617094023277705],[-79.55150282836337,-2.616221296559913],[-79.54832654935143,-2.615486968791308],[-79.54734924816044,-2.614244120620467],[-79.54516694020937,-2.61336329692949],[-79.54406911873586,-2.612180865748372],[-79.543063750912,-2.61380096516572],[-79.54327762642096,-2.615110802960539],[-79.54207639762011,-2.616925099266322],[-79.54240210862369,-2.618655167504475],[-79.54217354592356,-2.61977089158129]]]}},{"type":"Feature","properties":{"Pob_total":81.0},"geometry":{"type":"Polygon","coordinates":[[[-79.52666851668715,-2.591046991132681],[-79.52344050268191,-2.599383273247739],[-79.53458303837317,-2.604474200009133],[-79.5347781077918,-2.605165215581941],[-79.53364492355087,-2.60927099119493],[-79.53468015111126,-2.6120262571994],[-79.5364662971408,-2.610441570904769],[-79.53818872681043,-2.611991948745552],[-79.54182134396709,-2.60931057650478],[-79.54588813000801,-2.608164427308177],[-79.54849352786805,-2.607751026679959],[-79.55379370872694,-2.607764733408343],[-79.55580976888695,-2.609175342741138],[-79.56361709941072,-2.619261424310208],[-79.57159363944787,-2.611931330186142],[-79.57166731871907,-2.611271004527675],[-79.56959078673113,-2.609691049715097],[-79.5694456223409,-2.60906710298831],[-79.56849798266231,-2.608699277599798],[-79.56671128765313,-2.608807302476654],[-79.56345934024496,-2.605746095943196],[-79.56213999707836,-2.605876448856755],[-79.56133042989381,-2.605409563353885],[-79.55707210679877,-2.598694073861735],[-79.55591074044303,-2.597593783000025],[-79.55226656749102,-2.595488547599105],[-79.54826901353725,-2.594861527993789],[-79.54719825879302,-2.595146541296692],[-79.54484057864828,-2.5968007041312],[-79.54201844564324,-2.596773924013592],[-79.5409221555807,-2.596505128737118],[-79.53899746158879,-2.5951976514308],[-79.5368896183397,-2.592922785059755],[-79.53539483135764,-2.591974132139335],[-79.5332872019709,-2.591714197840616],[-79.52810710405218,-2.588809393494051],[-79.52666851668715,-2.591046991132681]],[[-79.56075945980415,-2.61232556642395],[-79.56105391506394,-2.612500701286348],[-79.55978198375915,-2.61349919378389],[-79.55817863113748,-2.61157251908347],[-79.55956373661961,-2.611139959783584],[-79.56075945980415,-2.61232556642395]]]}},{"type":"Feature","properties":{"Pob_total":135.0},"geometry":{"type":"Polygon","coordinates":[[[-79.55145966008638,-2.607890733376891],[-79.54849352786805,-2.607751026679959],[-79.54258962760689,-2.60899346072505],[-79.53818872681043,-2.611991948745552],[-79.5364662971408,-2.610441570904769],[-79.53468015111126,-2.6120262571994],[-79.53555497847942,-2.613594703694325],[-79.53327299400104,-2.613056950632848],[-79.53157132881648,-2.613993819145384],[-79.5268240842076,-2.618406438047582],[-79.52476457850968,-2.622340427058047],[-79.51999493623107,-2.623341734973762],[-79.51796225375898,-2.622413664239061],[-79.5162113198192,-2.62248465656772],[-79.51500860433512,-2.621484766262838],[-79.51214763541203,-2.621660606686034],[-79.51085500346905,-2.622329495057738],[-79.50866906763932,-2.622262941526438],[-79.50617619020709,-2.62425659313468],[-79.50502416817373,-2.628136067411277],[-79.50507119083869,-2.629355883131986],[-79.50603389958142,-2.630712730701541],[-79.50605784896922,-2.631748474775976],[-79.50453740129328,-2.633556884633258],[-79.505365623188,-2.637664203159559],[-79.50430447991921,-2.640945156622248],[-79.5042278542286,-2.64440917166882],[-79.50305003552202,-2.645377167731393],[-79.5035911515084,-2.648679317975963],[-79.50315684704985,-2.649301195916827],[-79.50573172038371,-2.655668319807696],[-79.51122360884105,-2.663062833107674],[-79.51290644633859,-2.659382927882004],[-79.51489494619564,-2.656446212352666],[-79.51594690754186,-2.655524360492445],[-79.51585333437296,-2.653522085269216],[-79.51513147237497,-2.652671260395466],[-79.51794283819379,-2.650635129065638],[-79.51731379253553,-2.649020831609852],[-79.51750587118195,-2.648277282630203],[-79.51950219435643,-2.647584916327271],[-79.52045841819687,-2.646314834877113],[-79.52044309549048,-2.645128421879667],[-79.52113467352635,-2.643947294539601],[-79.51705458870534,-2.641610038117836],[-79.51749946995592,-2.64063101513976],[-79.52124319334818,-2.638148384447627],[-79.52168087442719,-2.635644433448495],[-79.52246327644357,-2.635873275722352],[-79.5228894996542,-2.635382691762023],[-79.52409782541699,-2.63529893548696],[-79.5248910666219,-2.634801009531722],[-79.5254807150798,-2.632224157440182],[-79.5264641329373,-2.631440300838893],[-79.52751426054792,-2.629597373193133],[-79.52768744982394,-2.627000305708875],[-79.52928757766061,-2.626626597449137],[-79.52974043415456,-2.625425086915269],[-79.53212653548975,-2.625532722083985],[-79.53282858411936,-2.624719763485721],[-79.53362156493868,-2.625209440097822],[-79.53413571703486,-2.624190866752211],[-79.53542419436761,-2.624778892621827],[-79.537065249099,-2.624553090847385],[-79.53804746770585,-2.625335201628753],[-79.53906208313573,-2.625480917230945],[-79.54103483294223,-2.623370255433597],[-79.54229330775354,-2.622766857585074],[-79.54240210862369,-2.618655167504475],[-79.54205415031102,-2.617033332197459],[-79.54327762642096,-2.615110802960539],[-79.543063750912,-2.61380096516572],[-79.54390343349087,-2.612210951788343],[-79.54516694020937,-2.61336329692949],[-79.54734924816044,-2.614244120620467],[-79.54832654935143,-2.615486968791308],[-79.55150282836337,-2.616221296559913],[-79.55323344986053,-2.617094023277705],[-79.55308123865676,-2.618504037886163],[-79.55445270577283,-2.620720273067476],[-79.55377272404658,-2.622801631192465],[-79.55416686089174,-2.62378638228388],[-79.55493959978548,-2.622897630737922],[-79.5558808847106,-2.622718906455393],[-79.55770579699005,-2.623440311451831],[-79.56232027138358,-2.62071990295742],[-79.56361709941072,-2.619261424310208],[-79.55580976888695,-2.609175342741138],[-79.55379370872694,-2.607764733408343],[-79.55145966008638,-2.607890733376891]]]}},{"type":"Feature","properties":{"Pob_total":375.0},"geometry":{"type":"Polygon","coordinates":[[[-79.54217354592356,-2.61977089158129],[-79.54233773348619,-2.622688948706226],[-79.54040925386441,-2.623928086845301],[-79.53927366689302,-2.625424459721934],[-79.53804746770585,-2.625335201628753],[-79.537065249099,-2.624553090847385],[-79.53542419436761,-2.624778892621827],[-79.53405188877247,-2.624201893191953],[-79.53362156493868,-2.625209440097822],[-79.53282858411936,-2.624719763485721],[-79.53212653548975,-2.625532722083985],[-79.5297958663462,-2.625394945036089],[-79.52928757766061,-2.626626597449137],[-79.52768744982394,-2.627000305708875],[-79.52751426054792,-2.629597373193133],[-79.5264641329373,-2.631440300838893],[-79.5254807150798,-2.632224157440182],[-79.5248910666219,-2.634801009531722],[-79.52409782541699,-2.63529893548696],[-79.5228894996542,-2.635382691762023],[-79.52246327644357,-2.635873275722352],[-79.52168087442719,-2.635644433448495],[-79.52124319334818,-2.638148384447627],[-79.51749946995592,-2.64063101513976],[-79.51705458870534,-2.641610038117836],[-79.52113467352635,-2.643947294539601],[-79.52350797374883,-2.639796829044704],[-79.52440729587641,-2.639181458315347],[-79.52529966011959,-2.639204769167331],[-79.5258225125423,-2.636537670160747],[-79.52714961275228,-2.635482448787483],[-79.52983717132058,-2.635061108633306],[-79.53029149093203,-2.635686953920342],[-79.53151796054762,-2.636086708073779],[-79.532122753277,-2.635085973149354],[-79.53399666115575,-2.633929823991414],[-79.5349053887825,-2.633880158918674],[-79.53755493887212,-2.631348223874915],[-79.53983354827851,-2.631261457990188],[-79.54156107720118,-2.630073011084034],[-79.54303070652155,-2.630413526843541],[-79.5448665900435,-2.630011315433012],[-79.54515586501464,-2.631750839417629],[-79.54624124437545,-2.631836310653594],[-79.54815912192612,-2.633248172955208],[-79.54981768858741,-2.632982586100581],[-79.55013799117361,-2.633792864083976],[-79.55448278984184,-2.634039319975789],[-79.55515730920287,-2.634423475431537],[-79.55504288439893,-2.632776261498708],[-79.55344275923227,-2.632913195037908],[-79.55089494162898,-2.63169640965845],[-79.54843505192804,-2.629652183736872],[-79.54753098987338,-2.629397983517819],[-79.543787421431,-2.620096464804604],[-79.54329919333098,-2.61960497263395],[-79.54217354592356,-2.61977089158129]]]}},{"type":"Feature","properties":{"Pob_total":72.0},"geometry":{"type":"Polygon","coordinates":[[[-79.56829748539883,-2.629825533218143],[-79.5666158207664,-2.629521428566469],[-79.56515972981317,-2.629908197542858],[-79.56287192758727,-2.631174094033629],[-79.56236007285574,-2.631923084528924],[-79.56184430750157,-2.63192574350679],[-79.56159005981839,-2.631382797381129],[-79.56064535979972,-2.631424843810162],[-79.56019150935026,-2.633744241860323],[-79.56088539312232,-2.633933166445305],[-79.56062661349368,-2.634519562589323],[-79.56094669013179,-2.635064032550646],[-79.56040592071045,-2.635928210046201],[-79.55933690831684,-2.635912045856636],[-79.55945384360601,-2.636831431808741],[-79.56006173535232,-2.637427336073864],[-79.55949644791492,-2.638730398690968],[-79.55714234333648,-2.638357300111745],[-79.55692368023267,-2.639481235691285],[-79.55568439641458,-2.640034107949685],[-79.55602798783677,-2.640694733347937],[-79.55320467974731,-2.640964842436385],[-79.5531229722999,-2.641551530967227],[-79.55378597752566,-2.642234960132383],[-79.55375509919111,-2.642729549393382],[-79.55288888463912,-2.642478283049449],[-79.5523163373496,-2.643439459378626],[-79.55096454954052,-2.64414160128108],[-79.54996399994556,-2.643869465568863],[-79.54878027187851,-2.645212759294963],[-79.54864766392075,-2.647034183342686],[-79.55156878491671,-2.648584523788334],[-79.55178558436765,-2.649850959746088],[-79.55229740609714,-2.649996719244466],[-79.55209821690167,-2.652772949678128],[-79.55279266899656,-2.654567763795846],[-79.55508884430716,-2.65419548955281],[-79.55539091357808,-2.654987388675452],[-79.55514606399859,-2.657742134213566],[-79.55657650822315,-2.659178399709613],[-79.55766618251965,-2.659541626451851],[-79.55792126208515,-2.661379792809627],[-79.55673447944885,-2.662313022654136],[-79.5566508871722,-2.664129264560465],[-79.55574952423775,-2.66462499982724],[-79.55429708392005,-2.667012304136394],[-79.55478550947606,-2.668794579202573],[-79.55400589332965,-2.670001235243493],[-79.55444173198657,-2.671298862315042],[-79.55418369548886,-2.672156486347911],[-79.55447815874915,-2.67483625666621],[-79.55292392550209,-2.678341920472684],[-79.55253057724225,-2.680155890722799],[-79.5516474891442,-2.681542034182562],[-79.55081205763038,-2.682016220411262],[-79.55018281720581,-2.681905946668758],[-79.54989854394871,-2.680900353113331],[-79.54934176208062,-2.68073852403409],[-79.54812978734941,-2.68104575762379],[-79.54678601680072,-2.682074193112732],[-79.54493096299818,-2.681957119559487],[-79.54273111962708,-2.686687364457269],[-79.54388370950501,-2.687546668481064],[-79.5477633180851,-2.687665443891122],[-79.5498878051393,-2.686432006385651],[-79.55109528170277,-2.687047631894585],[-79.55368116402646,-2.6870172463184],[-79.55355572639215,-2.68485630329298],[-79.55661644838248,-2.681618199574952],[-79.55692105187495,-2.679936074458726],[-79.55834652559216,-2.679098551174098],[-79.55721726868315,-2.677731999348577],[-79.55760346264036,-2.676645798725817],[-79.55904670008803,-2.675764339120398],[-79.56057371259514,-2.67244782807011],[-79.56359207826657,-2.67086529574744],[-79.56530199063168,-2.667632281030917],[-79.56597428612953,-2.667296080998745],[-79.56591543129265,-2.665772335435894],[-79.56762718284165,-2.663424015966844],[-79.56754706222712,-2.662167049113277],[-79.56892163008446,-2.660916932380653],[-79.56935232261152,-2.658890894811868],[-79.57051044684204,-2.657610675927293],[-79.57196594868633,-2.657457167577237],[-79.5722719833305,-2.656607002433151],[-79.57409508352379,-2.656344844296774],[-79.57445664637406,-2.655616026276524],[-79.57406243968877,-2.654143257596167],[-79.5747738159211,-2.65359952844089],[-79.57491078459438,-2.652264484975666],[-79.57725795165719,-2.650168026148477],[-79.57722745910321,-2.649068390218563],[-79.57941395590765,-2.647796030587154],[-79.58006558720008,-2.645056549310462],[-79.57925952304606,-2.644170913329733],[-79.57995505350725,-2.643239158391718],[-79.57955317760862,-2.640113452093583],[-79.58238243714317,-2.64008938115731],[-79.58282851294855,-2.638656012533494],[-79.58388703509989,-2.637143844043166],[-79.58515056477576,-2.636303354093609],[-79.58628496868053,-2.634886594205048],[-79.58632684377841,-2.63411814803339],[-79.58807848857195,-2.632675044584294],[-79.58799069691801,-2.631809315395703],[-79.58878732979244,-2.630447606872373],[-79.58755352488848,-2.630693385035796],[-79.58574699074894,-2.630249155266283],[-79.58458999142105,-2.630574155887409],[-79.58266048256294,-2.629606298834613],[-79.58012003487403,-2.63041530445705],[-79.5785387459055,-2.629455709728847],[-79.57745685047776,-2.630568543630438],[-79.57563088921114,-2.63045367031507],[-79.57464137628476,-2.629563124432483],[-79.57332591062628,-2.629973942764836],[-79.57192280462392,-2.629633535167982],[-79.5711831160425,-2.62883398809337],[-79.57100266144859,-2.62798996699635],[-79.570176904899,-2.627758266060033],[-79.569286392567,-2.628397594183025],[-79.56916198357342,-2.629294908992915],[-79.56829748539883,-2.629825533218143]],[[-79.57080080290265,-2.638617548431823],[-79.57139552266739,-2.639627738521062],[-79.57278806489471,-2.638630673748306],[-79.57275109259625,-2.639546259592599],[-79.5740198467356,-2.639739396365912],[-79.57391604248055,-2.643001693738076],[-79.57035213760209,-2.642431055660722],[-79.56923596601766,-2.64155224108861],[-79.5690876944682,-2.640198674250058],[-79.57080080290265,-2.638617548431823]]]}},{"type":"Feature","properties":{"Pob_total":114.0},"geometry":{"type":"Polygon","coordinates":[[[-79.58856287529908,-2.630910781569773],[-79.58799069691801,-2.631809315395703],[-79.58807848857195,-2.632675044584294],[-79.58632684377841,-2.63411814803339],[-79.58628496868053,-2.634886594205048],[-79.58515056477576,-2.636303354093609],[-79.58388703509989,-2.637143844043166],[-79.58282851294855,-2.638656012533494],[-79.58238243714317,-2.64008938115731],[-79.57955317760862,-2.640113452093583],[-79.57995505350725,-2.643239158391718],[-79.57925952304606,-2.644170913329733],[-79.58006558720008,-2.645056549310462],[-79.57941395590765,-2.647796030587154],[-79.57722745910321,-2.649068390218563],[-79.57725795165719,-2.650168026148477],[-79.57491078459438,-2.652264484975666],[-79.5747738159211,-2.65359952844089],[-79.57406243968877,-2.654143257596167],[-79.57445664637406,-2.655616026276524],[-79.57409508352379,-2.656344844296774],[-79.5722719833305,-2.656607002433151],[-79.57196594868633,-2.657457167577237],[-79.57051044684204,-2.657610675927293],[-79.56935232261152,-2.658890894811868],[-79.56892163008446,-2.660916932380653],[-79.56754706222712,-2.662167049113277],[-79.56762718284165,-2.663424015966844],[-79.56591543129265,-2.665772335435894],[-79.56597428612953,-2.667296080998745],[-79.56530199063168,-2.667632281030917],[-79.56359207826657,-2.67086529574744],[-79.56057371259514,-2.67244782807011],[-79.55904670008803,-2.675764339120398],[-79.55760346264036,-2.676645798725817],[-79.55721726868315,-2.677731999348577],[-79.55834652559216,-2.679098551174098],[-79.55692105187495,-2.679936074458726],[-79.55661644838248,-2.681618199574952],[-79.55355572639215,-2.68485630329298],[-79.55368116402646,-2.6870172463184],[-79.5540422417337,-2.68741353732677],[-79.55631055683192,-2.687465522377625],[-79.55780060921664,-2.686479756842449],[-79.5585167744345,-2.686862903078373],[-79.55924453082963,-2.68610269727411],[-79.56114159437055,-2.68615079607843],[-79.56313798942189,-2.685009696995849],[-79.56469124132748,-2.686665531022124],[-79.5662917745015,-2.687420802124306],[-79.56866910393286,-2.687164846484376],[-79.5696451784124,-2.686323073670686],[-79.5705709963366,-2.686471309888165],[-79.5709386086056,-2.686126072011158],[-79.57194419984623,-2.686973339775408],[-79.57265428539492,-2.686945321870643],[-79.57453940557998,-2.68629010674041],[-79.57548381051753,-2.684367502444199],[-79.57854122355123,-2.683240540752964],[-79.57744580820966,-2.681042279533628],[-79.57838730891152,-2.679197745406501],[-79.58023617819858,-2.679561351198262],[-79.58126626061187,-2.680218892999089],[-79.580595772141,-2.682282924875282],[-79.58178360461747,-2.682126360020295],[-79.58466571604065,-2.679551820970875],[-79.58689397896828,-2.676894026650301],[-79.58980165750626,-2.676090184766162],[-79.59149507378763,-2.676254031644712],[-79.59456275860566,-2.674731698142929],[-79.59622675895503,-2.674506869925476],[-79.59724531812653,-2.672584763011795],[-79.59850316382101,-2.672437426252785],[-79.59861164867728,-2.67154505525688],[-79.6001145957497,-2.670104474754273],[-79.60013598638926,-2.669400578235155],[-79.60215005942236,-2.666347337227878],[-79.60430674834771,-2.664823378490524],[-79.60464806086632,-2.663780771929697],[-79.60434619963945,-2.662691216917543],[-79.60518267870066,-2.659985733185251],[-79.6057184540142,-2.659482389727363],[-79.60693530372228,-2.659553229710349],[-79.60739478560033,-2.65859206301247],[-79.60825886454053,-2.65797576385519],[-79.60825056492365,-2.657194772223066],[-79.60670449086231,-2.657016566664013],[-79.60857775355997,-2.655826005641068],[-79.60726486223236,-2.654703833291859],[-79.60736229756823,-2.654351484513164],[-79.60831087948198,-2.654005523742297],[-79.60906802074756,-2.654596072551452],[-79.60973778439772,-2.654184315210476],[-79.60984307298766,-2.653403089624133],[-79.60920950166421,-2.652733000441229],[-79.61005676482417,-2.652109352334649],[-79.60984919124927,-2.650820112885601],[-79.61079176183232,-2.649731055615276],[-79.61018908615138,-2.647968893036186],[-79.61071138992637,-2.647845302222178],[-79.61101759949264,-2.646975124731161],[-79.61288501790585,-2.645197920907465],[-79.61545007691271,-2.645111347516461],[-79.61551483607803,-2.642019591546581],[-79.61789227976067,-2.63965722748155],[-79.61793094791551,-2.638926843699943],[-79.61737182838336,-2.638022502615597],[-79.6175670290551,-2.637414845597265],[-79.61861109071519,-2.637737357171462],[-79.61930171904784,-2.63698852600821],[-79.62212890921272,-2.636671534712702],[-79.62054823777575,-2.635141010356324],[-79.62152200066737,-2.633952484131323],[-79.62163162014896,-2.633259275657579],[-79.61987572765074,-2.632958095307825],[-79.61878282824247,-2.630300329899383],[-79.61727238076276,-2.63118173144296],[-79.61624912222051,-2.631187888723726],[-79.61583662113838,-2.631921515365259],[-79.614761142719,-2.631385791092489],[-79.61453593300685,-2.630255714285086],[-79.61309436955024,-2.630340208615742],[-79.6123704347756,-2.631120836535215],[-79.6114293540675,-2.630718847432921],[-79.61130700535125,-2.631242289708756],[-79.60985957088016,-2.6307809447798],[-79.60986426286648,-2.632474149380785],[-79.60915663031822,-2.632823463945024],[-79.60831494449842,-2.632731987419718],[-79.60666903595877,-2.63136977848795],[-79.60640260958277,-2.630352621060631],[-79.60394130889664,-2.631145852707054],[-79.60156413446931,-2.63004546625588],[-79.59439449450662,-2.631752092403945],[-79.59296002187867,-2.631053693856095],[-79.59170531253002,-2.630933068238427],[-79.5901461568772,-2.629948094476586],[-79.58878732979244,-2.630447606872373],[-79.58856287529908,-2.630910781569773]]]}},{"type":"Feature","properties":{"Pob_total":364.0},"geometry":{"type":"Polygon","coordinates":[[[-79.63690928558158,-2.636651087649887],[-79.63404353704951,-2.638097850590101],[-79.63177898787931,-2.638377547612904],[-79.63031694980654,-2.639222527134204],[-79.62617568255178,-2.639071970043638],[-79.62505490788875,-2.639937783172059],[-79.62448163899525,-2.63971233179964],[-79.62430885770016,-2.638447113385564],[-79.62273218232967,-2.637949080507056],[-79.62212890921272,-2.636671534712702],[-79.61930171904784,-2.63698852600821],[-79.61861109071519,-2.637737357171462],[-79.6175670290551,-2.637414845597265],[-79.61737182838336,-2.638022502615597],[-79.61793094791551,-2.638926843699943],[-79.61789227976067,-2.63965722748155],[-79.61551483607803,-2.642019591546581],[-79.61545007691271,-2.645111347516461],[-79.61288501790585,-2.645197920907465],[-79.61101759949264,-2.646975124731161],[-79.61071138992637,-2.647845302222178],[-79.61018908615138,-2.647968893036186],[-79.61079176183232,-2.649731055615276],[-79.60984919124927,-2.650820112885601],[-79.61005676482417,-2.652109352334649],[-79.60920950166421,-2.652733000441229],[-79.60984307298766,-2.653403089624133],[-79.60973778439772,-2.654184315210476],[-79.60906802074756,-2.654596072551452],[-79.60831087948198,-2.654005523742297],[-79.60736229756823,-2.654351484513164],[-79.60726486223236,-2.654703833291859],[-79.60857775355997,-2.655826005641068],[-79.60670449086231,-2.657016566664013],[-79.60825056492365,-2.657194772223066],[-79.60830185858397,-2.657890975690751],[-79.60739478560033,-2.65859206301247],[-79.60693530372228,-2.659553229710349],[-79.6057184540142,-2.659482389727363],[-79.60518267870066,-2.659985733185251],[-79.60434619963945,-2.662691216917543],[-79.60464806086632,-2.663780771929697],[-79.60430674834771,-2.664823378490524],[-79.60164993772102,-2.667020823034105],[-79.60363840631751,-2.666760008580549],[-79.60696032570281,-2.668609888977298],[-79.60714480228143,-2.667692666562087],[-79.60675748145545,-2.667193049719939],[-79.60833361228575,-2.66359650582669],[-79.60840147088366,-2.662647853374432],[-79.60914212573815,-2.661605297502556],[-79.60997460629316,-2.662890854063372],[-79.61020705581367,-2.66424344098003],[-79.61069901771769,-2.664643032777626],[-79.61528135504359,-2.663608532917869],[-79.61645843103547,-2.662910594022021],[-79.61592450272526,-2.668725396519487],[-79.61867312406734,-2.671400633486152],[-79.62314888555767,-2.669746915617297],[-79.62346827067162,-2.670006088934116],[-79.6233791999356,-2.671070085738179],[-79.62431096939787,-2.672013285202194],[-79.62672247416761,-2.671787194278746],[-79.62945476416729,-2.669318534912919],[-79.63153143796019,-2.669314843659933],[-79.63444797950358,-2.66765167996987],[-79.63684298225604,-2.664258506329815],[-79.6400165279368,-2.66212689502643],[-79.64200682615873,-2.659270493274564],[-79.64142702159153,-2.653481374564019],[-79.64166234195531,-2.651789769652545],[-79.64205274886355,-2.650725481400586],[-79.64526686608548,-2.64696487084045],[-79.64728796618348,-2.640944520731833],[-79.6473055695491,-2.639396274725635],[-79.64498411121679,-2.640982701048212],[-79.6429278614093,-2.641345665537816],[-79.64143423593698,-2.638979187716652],[-79.64117909091303,-2.637661620043511],[-79.64018065652962,-2.636872859355765],[-79.63901939866987,-2.636805029934729],[-79.63825069659528,-2.635867168339712],[-79.63771612804116,-2.633071350733895],[-79.63720303415784,-2.633469366945352],[-79.6373749424446,-2.635551994605674],[-79.63690928558158,-2.636651087649887]]]}},{"type":"Feature","properties":{"Pob_total":192.0},"geometry":{"type":"Polygon","coordinates":[[[-79.6473055695491,-2.639396274725635],[-79.64721572542722,-2.641297358989282],[-79.64555785654638,-2.646343560532973],[-79.64205274886355,-2.650725481400586],[-79.64166234195531,-2.651789769652545],[-79.64142702159153,-2.653481374564019],[-79.64208883371931,-2.658790230412848],[-79.64177538333972,-2.659711879999223],[-79.63952045932848,-2.662593583258887],[-79.63684298225604,-2.664258506329815],[-79.63486670068411,-2.667271011844862],[-79.63153143796019,-2.669314843659933],[-79.63230632264708,-2.670465180965345],[-79.6315662022548,-2.670804368343905],[-79.63099194151349,-2.672315057834858],[-79.63102039273124,-2.67372555215344],[-79.63262452027197,-2.678093778810962],[-79.63428351295089,-2.679926014332568],[-79.63433916915147,-2.681216045077349],[-79.63513528276773,-2.682162337388256],[-79.63430461708643,-2.683035252002475],[-79.6334841254358,-2.683198468437457],[-79.63009207974606,-2.685436920917839],[-79.63973281183203,-2.689134144470306],[-79.64127217136591,-2.690525267779199],[-79.64288446258662,-2.689886279491984],[-79.64323367035865,-2.691297159901466],[-79.64387586162667,-2.691767647643768],[-79.64548838218099,-2.691048509569461],[-79.64724479577376,-2.688948793079154],[-79.64870388860204,-2.687889402976749],[-79.64969414905455,-2.68885356367115],[-79.65132760799126,-2.689457923123537],[-79.65282133809114,-2.689291803242316],[-79.65386219349404,-2.689969488318365],[-79.65574761898304,-2.688484018565485],[-79.65808101775941,-2.688084565433042],[-79.65822029205262,-2.686805095341895],[-79.65975649901851,-2.686119673392666],[-79.65994116208591,-2.683956597655097],[-79.66179442850213,-2.680348766657653],[-79.66393215170464,-2.679324913589529],[-79.66391664177968,-2.677866638547627],[-79.66453648915778,-2.677134525326423],[-79.66413183222517,-2.676153017016875],[-79.66433123848712,-2.675062548921155],[-79.66666018866995,-2.673929726335318],[-79.66705497069894,-2.673478468741601],[-79.66691605759956,-2.671435597449153],[-79.67003811575026,-2.669521357970917],[-79.66930621831798,-2.667400055936158],[-79.6723459288782,-2.663421372786746],[-79.67279154085352,-2.660931149931106],[-79.6743167588556,-2.659128485180864],[-79.67491250201887,-2.657536280023489],[-79.67764638021018,-2.655666167984151],[-79.68112925519924,-2.654396148112449],[-79.68253601682503,-2.654283147705802],[-79.683420522365,-2.653387497503276],[-79.68540635374099,-2.653319159498724],[-79.68724710488105,-2.650441662370854],[-79.68768037777666,-2.648522754954005],[-79.68867220539242,-2.647681658763156],[-79.69063379767974,-2.644733004112217],[-79.69630149379964,-2.643657519933728],[-79.69985662335489,-2.643622189690266],[-79.70130816554517,-2.644034255443937],[-79.70418500060185,-2.645967525040132],[-79.70397084836294,-2.643424138396652],[-79.70276054078785,-2.641802610168642],[-79.70149826751205,-2.641304989616046],[-79.69946614251609,-2.641353941802965],[-79.69817631676435,-2.639440390940506],[-79.6970302048545,-2.63890639806409],[-79.69431558243303,-2.639253860808515],[-79.69249311288685,-2.640083957],[-79.689961506382,-2.639516564282308],[-79.6886872195468,-2.63961993138331],[-79.68594057786544,-2.641390548002158],[-79.68367771111494,-2.64189886798486],[-79.68099473366209,-2.643495429032842],[-79.67863462706528,-2.644022495693831],[-79.67642986795556,-2.643738309730177],[-79.67587982606625,-2.642734926216445],[-79.67453559253283,-2.641974895419638],[-79.67280506143501,-2.640024086064524],[-79.67079822896694,-2.640757530987629],[-79.66963575013051,-2.640117010181728],[-79.66888402601305,-2.638535296335238],[-79.66712868258094,-2.638150640989724],[-79.66645363756068,-2.638552400453439],[-79.66501046896879,-2.638588924107522],[-79.66208050547948,-2.637237307299678],[-79.66088300596064,-2.637481574656655],[-79.65608338374756,-2.637201243798447],[-79.6534697381131,-2.638289450498263],[-79.65124912451998,-2.638405389986137],[-79.6473055695491,-2.639396274725635]]]}},{"type":"Feature","properties":{"Pob_total":142.0},"geometry":{"type":"Polygon","coordinates":[[[-79.72653598287553,-2.705548577002607],[-79.72754128920596,-2.708975386493583],[-79.72603574653807,-2.713675554282867],[-79.72388990923753,-2.718443054325809],[-79.72652743852032,-2.721540464366164],[-79.72954815684382,-2.723037493864712],[-79.73093005079762,-2.724172203413776],[-79.73214466428944,-2.726066555939338],[-79.73383343936509,-2.727665184013013],[-79.73854509309179,-2.728726156085054],[-79.74228293449633,-2.730301177474304],[-79.74528558780983,-2.729607600213833],[-79.74528405079442,-2.720875053692851],[-79.74772673817192,-2.720413910660683],[-79.74777855792986,-2.712190100620622],[-79.74725289307584,-2.701963549290542],[-79.74648040494313,-2.701497463768401],[-79.74464609950532,-2.701375133906189],[-79.74347544555654,-2.701685931466424],[-79.74217894632986,-2.702626097306087],[-79.73914137277833,-2.702770726776916],[-79.73560125379437,-2.704611734947448],[-79.73279860625495,-2.703930032306632],[-79.73072388283062,-2.704688725485593],[-79.72878602875137,-2.70469216044174],[-79.72653598287553,-2.705548577002607]]]}},{"type":"Feature","properties":{"Pob_total":278.0},"geometry":{"type":"Polygon","coordinates":[[[-79.70350771624271,-2.703472325971893],[-79.70222231167008,-2.704429687295296],[-79.70082389881622,-2.707368710130856],[-79.69934997543982,-2.708487580925187],[-79.69691552750908,-2.706335393647469],[-79.69622883076644,-2.706233532221244],[-79.69233948625137,-2.706848256276287],[-79.69157114538051,-2.707900857520738],[-79.69051333333846,-2.707977042658195],[-79.69030452680097,-2.708525827190627],[-79.69070600385051,-2.709222883104389],[-79.69013442453367,-2.711224662798094],[-79.68684165350857,-2.709760278102051],[-79.68373261467771,-2.712158244005885],[-79.6836948409971,-2.714154807790171],[-79.68406042847094,-2.714516902426397],[-79.68339714832956,-2.71555133802786],[-79.68215772475114,-2.715224102910181],[-79.6804509322435,-2.715666234939799],[-79.67876072284805,-2.714586623291721],[-79.67786497639901,-2.71458998138715],[-79.67533704120069,-2.717315511641152],[-79.67397916110852,-2.716332675964914],[-79.67171659569871,-2.716815121650356],[-79.67262905161856,-2.719195341810351],[-79.67303054089628,-2.723574188114564],[-79.67371015085163,-2.725578505758892],[-79.67533399063612,-2.725901891614774],[-79.6788518884944,-2.724502517222459],[-79.67872400197122,-2.725746125264996],[-79.67726029627673,-2.728588563572421],[-79.67512531690215,-2.728687118735494],[-79.68046313482625,-2.740392458907273],[-79.68071598656418,-2.74235026848731],[-79.68032992285018,-2.743764330581397],[-79.68289937566796,-2.743778568881239],[-79.68401911601013,-2.743357330827414],[-79.68516710918298,-2.744658042458775],[-79.68893970021846,-2.745729651595538],[-79.69574315950793,-2.743097311864123],[-79.69565810668617,-2.741189489575336],[-79.69801380519567,-2.740291393509131],[-79.70075217418857,-2.739549711637199],[-79.70158370873692,-2.739741428219196],[-79.70137682472918,-2.740520874383126],[-79.70172675133414,-2.741023776384343],[-79.70764254476613,-2.738433547239513],[-79.70951516763019,-2.737051005401539],[-79.71753558770962,-2.728540923818505],[-79.71837594683834,-2.729222260150006],[-79.71834345786455,-2.729617387142888],[-79.72603574653807,-2.713675554282867],[-79.72754128920596,-2.708975386493583],[-79.72653598287553,-2.705548577002607],[-79.72405210208474,-2.706628921118107],[-79.72254488652976,-2.70647944622422],[-79.71927392563033,-2.704131576767406],[-79.7168266294117,-2.702948820767669],[-79.71584894438399,-2.702862220427696],[-79.7149462623655,-2.703469160014128],[-79.71259825553203,-2.703329634030075],[-79.70971423842309,-2.700668040119218],[-79.7077445078543,-2.69979330345908],[-79.70511486627218,-2.700879026642399],[-79.70350771624271,-2.703472325971893]]]}},{"type":"Feature","properties":{"Pob_total":312.0},"geometry":{"type":"Polygon","coordinates":[[[-79.6706591551047,-2.717761225116714],[-79.66944202212892,-2.71770163284851],[-79.67000694775423,-2.718446627181273],[-79.66913198350883,-2.719841420512408],[-79.67002337753848,-2.720776170688433],[-79.66954827751678,-2.722026240794161],[-79.66790509154949,-2.722283818867617],[-79.66494005353691,-2.72479229401919],[-79.66301631020322,-2.725559573130909],[-79.66206156705097,-2.726697129260812],[-79.66048771715812,-2.726960558353751],[-79.65980248280802,-2.727571837019843],[-79.65965581237819,-2.728360901543356],[-79.6586597243865,-2.729628465798242],[-79.65885626114526,-2.731649509265457],[-79.6581935770563,-2.733658556323143],[-79.65632338402156,-2.735190591397609],[-79.65675767793088,-2.738142132743787],[-79.65526707704161,-2.739801031291184],[-79.65403114097808,-2.742394061864184],[-79.65404803377167,-2.744824165282837],[-79.65139081918923,-2.7462593295153],[-79.65074585448423,-2.748240342802682],[-79.65079918468135,-2.750145998329646],[-79.65567129140632,-2.745153109941714],[-79.65715491845546,-2.747436831766403],[-79.6570634036005,-2.747952600622185],[-79.66418318171812,-2.754608953992126],[-79.6773951296813,-2.750120165918514],[-79.6804968254483,-2.743386449842005],[-79.68067649388475,-2.741288023028542],[-79.67423509700188,-2.726737998071899],[-79.67095092367602,-2.72958965907958],[-79.66983245872565,-2.727414200653468],[-79.66929069092528,-2.726090207940753],[-79.67268523109102,-2.72471701487073],[-79.6725645365695,-2.724443622553124],[-79.67316649584357,-2.724185793153962],[-79.67262905161856,-2.719195341810351],[-79.67171659569871,-2.716815121650356],[-79.6706591551047,-2.717761225116714]]]}},{"type":"Feature","properties":{"Pob_total":163.0},"geometry":{"type":"Polygon","coordinates":[[[-79.63011251652489,-2.685370951490158],[-79.6297225782435,-2.685870957196291],[-79.6285844422025,-2.685427921452727],[-79.6280584602695,-2.686260204847124],[-79.62738601597866,-2.685676495177772],[-79.62700571823503,-2.685873892705458],[-79.6239052681626,-2.685040780269297],[-79.61579482132295,-2.689308892872196],[-79.61698225143003,-2.689780934009263],[-79.61827877694971,-2.692645588867521],[-79.6210389525949,-2.690455999006679],[-79.62223863455571,-2.690390431458952],[-79.62294268201802,-2.690949451323418],[-79.62339041003047,-2.693587583162355],[-79.62480882415828,-2.693125483410523],[-79.62463484374284,-2.693881491322633],[-79.62283395590485,-2.695109490297615],[-79.62245152413841,-2.695837583909104],[-79.62273027884933,-2.696850784657025],[-79.62199719768567,-2.696995024112405],[-79.62179742464339,-2.698209281678506],[-79.62110344825724,-2.69805075705193],[-79.62101116967264,-2.699090308349372],[-79.62062720958302,-2.699416192883006],[-79.62079239152541,-2.700008066942561],[-79.6195448382661,-2.700724047096359],[-79.61926623871433,-2.70189018637081],[-79.61799423840174,-2.703066043398087],[-79.61807758972003,-2.703405756056244],[-79.61887086373834,-2.70332264026461],[-79.61937121305047,-2.703869223000026],[-79.61811851413182,-2.70411985870724],[-79.61690602206419,-2.705798740244714],[-79.61732238265313,-2.706807305993306],[-79.61899102351285,-2.707859360027452],[-79.61869709538767,-2.709371247964184],[-79.61904701589158,-2.711772845476541],[-79.62193331147525,-2.714936936686508],[-79.62481198500645,-2.717569769476609],[-79.63328680536678,-2.721322122085878],[-79.63486198928075,-2.71831189229465],[-79.64162843510134,-2.711299518202845],[-79.65624763762973,-2.709272103726973],[-79.65782107293792,-2.708461653535406],[-79.64027348834288,-2.689496981110059],[-79.63011251652489,-2.685370951490158]]]}},{"type":"Feature","properties":{"Pob_total":95.0},"geometry":{"type":"Polygon","coordinates":[[[-79.61475016890994,-2.692270114953834],[-79.6143039282981,-2.693352490372557],[-79.61234134071837,-2.693296704955277],[-79.6115691843689,-2.694913409095248],[-79.61089445337596,-2.694841005453827],[-79.61025090196365,-2.694000227475425],[-79.6093326780314,-2.694429686939339],[-79.60935225798059,-2.695325825494373],[-79.6084297176705,-2.69567442315721],[-79.60789588477417,-2.695317461636142],[-79.60574266288805,-2.695232323702248],[-79.60439652068125,-2.694465533140529],[-79.60272742934355,-2.694471481019725],[-79.60153573659917,-2.695185876532366],[-79.60042887405423,-2.694701089667708],[-79.59939350070229,-2.694780027589839],[-79.59759293206025,-2.696350755443101],[-79.596681450352,-2.695209393249047],[-79.59527182147396,-2.694993772002945],[-79.59466782686886,-2.695357377564516],[-79.59299884768976,-2.695193098095228],[-79.59152481816453,-2.696549479205061],[-79.58905576725692,-2.696446759331007],[-79.58850833294515,-2.696976026817368],[-79.5876813287801,-2.697071837848052],[-79.58631606037356,-2.696608354635363],[-79.58519713769472,-2.699179693508441],[-79.5837746751464,-2.699721139893617],[-79.58368834834155,-2.701185939085089],[-79.58288271426889,-2.701389215095808],[-79.58291818899004,-2.702830912497731],[-79.57918172645323,-2.706129037532688],[-79.57886303729121,-2.707628651248784],[-79.57763140243854,-2.708489751111795],[-79.57727827944312,-2.709403359261072],[-79.57948661244761,-2.712143677620468],[-79.5901970027818,-2.719484990017062],[-79.59270553661342,-2.720692013204512],[-79.59470780218527,-2.719840123932091],[-79.5941656691974,-2.71538555972202],[-79.59422636124165,-2.714352182640676],[-79.59469173093619,-2.714178671783039],[-79.59473237546503,-2.711769152709142],[-79.5956085769768,-2.711808250085552],[-79.59556145875405,-2.711335884600427],[-79.59772132260397,-2.712775702457256],[-79.5981939103159,-2.714419723801513],[-79.59822474751203,-2.718687665553513],[-79.59768245251784,-2.719888347725472],[-79.59693088604668,-2.720438011552118],[-79.59734846755579,-2.721002201325554],[-79.59844836598614,-2.720998435203277],[-79.60098874933782,-2.722081651755295],[-79.60345078072805,-2.728883962771181],[-79.60323648688995,-2.730724145886317],[-79.60229910759243,-2.732289531441122],[-79.60164167877255,-2.734508152169596],[-79.60269834071923,-2.734484335228553],[-79.60281237200827,-2.735119652238322],[-79.60321438592666,-2.73483142682946],[-79.60325200744121,-2.735431200436128],[-79.6037419004111,-2.735526557235199],[-79.60300790525902,-2.736598177526069],[-79.60337242679105,-2.737853957948183],[-79.60397523724588,-2.737681464079628],[-79.60384528047877,-2.738373927817061],[-79.60477052150536,-2.738678085656314],[-79.60368437008175,-2.739154447792159],[-79.60468329654817,-2.73967358495549],[-79.6047687202091,-2.74023642413186],[-79.60537128247738,-2.74028045139646],[-79.60502515605893,-2.74186000310626],[-79.604465796809,-2.741556362503054],[-79.604249637844,-2.742356986794671],[-79.60626080354109,-2.743866218691601],[-79.60605542900798,-2.744285365293389],[-79.60659343002881,-2.744394255422024],[-79.6060113343221,-2.74523768314779],[-79.60763077957068,-2.74568030869239],[-79.60835648562862,-2.746106242785839],[-79.60862617587354,-2.74684837637936],[-79.61128980021165,-2.747968737485499],[-79.61085243144119,-2.749505679782306],[-79.61294657260082,-2.751146783434931],[-79.6130336150007,-2.751790393120866],[-79.61398653832666,-2.75235922048298],[-79.61581218857366,-2.752613235644217],[-79.61769085771587,-2.751035096739245],[-79.61860393017285,-2.752238430241556],[-79.62044643770811,-2.752619893158938],[-79.62083799309212,-2.753533289904373],[-79.62024743317626,-2.756652198894757],[-79.62153466864301,-2.756846975431042],[-79.62181284911887,-2.757330722133732],[-79.62201129393861,-2.758558007925458],[-79.62144514834944,-2.759996585832464],[-79.62170519153206,-2.760453720977682],[-79.62274887940377,-2.760867812793093],[-79.62421354733567,-2.760387357554436],[-79.62628521372392,-2.760802097500498],[-79.62677646493393,-2.760040131667481],[-79.62741010665052,-2.759898416088081],[-79.62904009350675,-2.760439171432636],[-79.6295352552902,-2.760267356862043],[-79.63049068519564,-2.758582307358167],[-79.63181185880691,-2.759467927845154],[-79.63256649119364,-2.758131034929655],[-79.63332707436649,-2.757964046821175],[-79.63379029074646,-2.758593261019389],[-79.633114666337,-2.760764958342318],[-79.63430188517005,-2.761994746677037],[-79.63579978405822,-2.762507304985289],[-79.63611761778016,-2.761983544620884],[-79.63568661365004,-2.760472623899378],[-79.63585945438022,-2.759712001590917],[-79.63722251103879,-2.759526079013333],[-79.63862812798786,-2.760037802972583],[-79.63884017664401,-2.758412213122215],[-79.64111703220439,-2.758579524896241],[-79.64178725831451,-2.75710938880176],[-79.64253120034772,-2.756546679783338],[-79.64362636318201,-2.759254224059477],[-79.64487673708832,-2.759531602673774],[-79.64614391217091,-2.757834856030371],[-79.64742360900185,-2.753485638884277],[-79.64907820963272,-2.753027519181128],[-79.65091609508553,-2.751548568328829],[-79.65069882489011,-2.748551782392263],[-79.65139081918923,-2.7462593295153],[-79.65404803377167,-2.744824165282837],[-79.65403114097808,-2.742394061864184],[-79.65526707704161,-2.739801031291184],[-79.65675767793088,-2.738142132743787],[-79.65680245857978,-2.737244205754755],[-79.653642568408,-2.734956564552023],[-79.65175648287686,-2.732986189813895],[-79.64980225111132,-2.730182083795602],[-79.64883976715853,-2.726012885764548],[-79.64622479845998,-2.727225633739466],[-79.64447666072515,-2.72546380389957],[-79.63510798627922,-2.722373427403154],[-79.62481198500645,-2.717569769476609],[-79.62010472358487,-2.713117106531452],[-79.61872544205163,-2.711054651856113],[-79.61899102351285,-2.707859360027452],[-79.61732238265313,-2.706807305993306],[-79.61690602206419,-2.705798740244714],[-79.61811851413182,-2.70411985870724],[-79.61937121305047,-2.703869223000026],[-79.61887086373834,-2.70332264026461],[-79.61807758972003,-2.703405756056244],[-79.61799423840174,-2.703066043398087],[-79.61926623871433,-2.70189018637081],[-79.6195448382661,-2.700724047096359],[-79.62079239152541,-2.700008066942561],[-79.62062720958302,-2.699416192883006],[-79.62101116967264,-2.699090308349372],[-79.62110344825724,-2.69805075705193],[-79.62179742464339,-2.698209281678506],[-79.62199719768567,-2.696995024112405],[-79.62273027884933,-2.696850784657025],[-79.62245152413841,-2.695837583909104],[-79.62283395590485,-2.695109490297615],[-79.62463484374284,-2.693881491322633],[-79.62480882415828,-2.693125483410523],[-79.62339041003047,-2.693587583162355],[-79.62294268201802,-2.690949451323418],[-79.62223863455571,-2.690390431458952],[-79.6210389525949,-2.690455999006679],[-79.61827877694971,-2.692645588867521],[-79.61749043529983,-2.690575016253543],[-79.61647429638847,-2.689472237200908],[-79.61647592804822,-2.690983244398422],[-79.61539740226735,-2.691443290898595],[-79.61475016890994,-2.692270114953834]]]}},{"type":"Feature","properties":{"Pob_total":242.0},"geometry":{"type":"Polygon","coordinates":[[[-79.58680670102896,-2.686108604585262],[-79.58524762789983,-2.686896720848776],[-79.58615180161149,-2.689450701063414],[-79.58474248223442,-2.69272580151117],[-79.58419341204637,-2.695608836755992],[-79.58424888045363,-2.696797952530914],[-79.58473597838044,-2.69740521678188],[-79.58631606037356,-2.696608354635363],[-79.5876813287801,-2.697071837848052],[-79.58850833294515,-2.696976026817368],[-79.58905576725692,-2.696446759331007],[-79.59152481816453,-2.696549479205061],[-79.59299884768976,-2.695193098095228],[-79.59466782686886,-2.695357377564516],[-79.59514733795613,-2.695001225850032],[-79.596681450352,-2.695209393249047],[-79.59759293206025,-2.696350755443101],[-79.59995793049045,-2.694644651162217],[-79.60122371223801,-2.695209574426796],[-79.60257920110263,-2.69448008226759],[-79.60439652068125,-2.694465533140529],[-79.60574266288805,-2.695232323702248],[-79.60789588477417,-2.695317461636142],[-79.6084297176705,-2.69567442315721],[-79.60935225798059,-2.695325825494373],[-79.60956137002825,-2.694212070549874],[-79.610462425809,-2.694011322440568],[-79.6113414672555,-2.694985052392019],[-79.61234134071837,-2.693296704955277],[-79.6143039282981,-2.693352490372557],[-79.61539740226735,-2.691443290898595],[-79.61647592804822,-2.690983244398422],[-79.61647139145703,-2.689491286066589],[-79.61579482132295,-2.689308892872196],[-79.61584230270184,-2.686304005746138],[-79.61618337476034,-2.685587003982948],[-79.6142165139593,-2.684833732308192],[-79.61292137257638,-2.684838722543021],[-79.61158886468857,-2.685461223009787],[-79.6085694315142,-2.685470803307088],[-79.60644349912882,-2.686255909632842],[-79.60563067737603,-2.684699116755399],[-79.60570946993961,-2.679282565882231],[-79.60507598193729,-2.677276529329356],[-79.6029463072854,-2.676969052126969],[-79.59778325835973,-2.681036941841612],[-79.58680670102896,-2.686108604585262]]]}},{"type":"Feature","properties":{"Pob_total":253.0},"geometry":{"type":"Polygon","coordinates":[[[-79.60194797966214,-2.667216630486704],[-79.60164993772102,-2.667020823034105],[-79.6007677578171,-2.668237384732851],[-79.60014999996287,-2.670051787279774],[-79.59861164867728,-2.67154505525688],[-79.59850316382101,-2.672437426252785],[-79.59724531812653,-2.672584763011795],[-79.59622675895503,-2.674506869925476],[-79.59456275860566,-2.674731698142929],[-79.59149507378763,-2.676254031644712],[-79.58980165750626,-2.676090184766162],[-79.58689397896828,-2.676894026650301],[-79.58194910657457,-2.682032402176826],[-79.57982790242549,-2.682457997505862],[-79.5776378845816,-2.68375121279364],[-79.57548381051753,-2.684367502444199],[-79.57463422492039,-2.686190278335681],[-79.57366636315675,-2.686620643999017],[-79.57194419984623,-2.686973339775408],[-79.5709386086056,-2.686126072011158],[-79.5705709963366,-2.686471309888165],[-79.5696451784124,-2.686323073670686],[-79.56866910393286,-2.687164846484376],[-79.5662917745015,-2.687420802124306],[-79.56469124132748,-2.686665531022124],[-79.56313798942189,-2.685009696995849],[-79.56114159437055,-2.68615079607843],[-79.55924453082963,-2.68610269727411],[-79.5585167744345,-2.686862903078373],[-79.55780060921664,-2.686479756842449],[-79.55607091882044,-2.687505755754559],[-79.55438146527456,-2.68750383973619],[-79.55349008545254,-2.686910478804341],[-79.55109528170277,-2.687047631894585],[-79.5498878051393,-2.686432006385651],[-79.5477633180851,-2.687665443891122],[-79.54388370950501,-2.687546668481064],[-79.54243254575034,-2.686675882038144],[-79.540841254144,-2.68680104483074],[-79.53988130331601,-2.687993442688881],[-79.53807242048724,-2.68792181133727],[-79.53653750922851,-2.690094795806312],[-79.53442343336229,-2.690359681165007],[-79.534291713878,-2.691534438118828],[-79.53303366132785,-2.692237994111351],[-79.53200031575282,-2.694855092773367],[-79.53065250479709,-2.696081735143828],[-79.53083215314993,-2.697244475846047],[-79.52972934850688,-2.698150619153277],[-79.52969802423638,-2.698997195476854],[-79.52884840551305,-2.700112832288409],[-79.5271595649254,-2.700801472859715],[-79.52436544345773,-2.703322982309533],[-79.52212138428858,-2.706570754079402],[-79.51972230749705,-2.708741092603197],[-79.51930703690489,-2.710843496431854],[-79.5198459657693,-2.711931338358265],[-79.51892061590914,-2.712885972506902],[-79.51897732857765,-2.713952331317932],[-79.51814965481698,-2.714900842587533],[-79.51872586381062,-2.715802154669569],[-79.51789752408918,-2.716556761836022],[-79.51753301627976,-2.718470294427447],[-79.51850298571185,-2.720464608064191],[-79.52098632183295,-2.721880975209136],[-79.52184836987426,-2.723730272036481],[-79.52544697179205,-2.726162749790368],[-79.52807630105123,-2.72594847125932],[-79.52863905372494,-2.724606753172404],[-79.52875565858606,-2.721304463190843],[-79.53375105984306,-2.72266148249659],[-79.53569292853986,-2.720412420378798],[-79.53750919592878,-2.720438147023284],[-79.53973995707815,-2.718170521965654],[-79.54202589350609,-2.716761419962284],[-79.5433339007791,-2.714474030916175],[-79.5455013084543,-2.712823114720882],[-79.5461567601238,-2.711704876992742],[-79.54627631194695,-2.709646761286089],[-79.54872048967931,-2.708638117182225],[-79.54919662406306,-2.707801836458924],[-79.55154481523431,-2.708780337522048],[-79.55235885410049,-2.708391240206772],[-79.55260530721927,-2.707916266103943],[-79.55180755033547,-2.707317129259669],[-79.5526660862603,-2.706642742208353],[-79.5531064220027,-2.707096924000536],[-79.55427127634047,-2.704529689561521],[-79.55973225007682,-2.700594576769892],[-79.56047137160418,-2.700964277958428],[-79.56102896162847,-2.700448155961145],[-79.56259647621219,-2.700531143911445],[-79.56348772318695,-2.699028063671719],[-79.56509244558308,-2.698826380814548],[-79.56615970704145,-2.697851594579131],[-79.56669139030988,-2.698875484638981],[-79.56868591705675,-2.699432704692746],[-79.57050801030557,-2.70070484699218],[-79.57145309252516,-2.699845585870121],[-79.57219908894903,-2.699724458392108],[-79.57497710959967,-2.701410682497475],[-79.57667641713986,-2.700779222881043],[-79.57895534170142,-2.700719767516996],[-79.58170098955887,-2.69946818625742],[-79.58222714202391,-2.698135497010894],[-79.58305034075087,-2.697363265123006],[-79.58473597838044,-2.69740521678188],[-79.58424888045363,-2.696797952530914],[-79.58419341204637,-2.695608836755992],[-79.58474248223442,-2.69272580151117],[-79.58615180161149,-2.689450701063414],[-79.58524762789983,-2.686896720848776],[-79.59800924959345,-2.680897376510188],[-79.6029463072854,-2.676969052126969],[-79.60245225688485,-2.676770772423918],[-79.60317085508511,-2.676348730903313],[-79.60342590403846,-2.674442396349891],[-79.60504587852421,-2.674199307289037],[-79.60542112408243,-2.673381747780691],[-79.60780953688132,-2.672098137344439],[-79.60810114558205,-2.670673412140112],[-79.60675324112921,-2.67089979922754],[-79.6091393673535,-2.668237451442635],[-79.60684201644358,-2.668588118164039],[-79.60363840631751,-2.666760008580549],[-79.60194797966214,-2.667216630486704]]]}},{"type":"Feature","properties":{"Pob_total":60.0},"geometry":{"type":"Polygon","coordinates":[[[-79.58473597838044,-2.69740521678188],[-79.58314727553882,-2.697301516208743],[-79.58222714202391,-2.698135497010894],[-79.58170098955887,-2.69946818625742],[-79.57908553928047,-2.700670176768706],[-79.57667641713986,-2.700779222881043],[-79.57526104711107,-2.701408031709122],[-79.57219908894903,-2.699724458392108],[-79.57145309252516,-2.699845585870121],[-79.57050801030557,-2.70070484699218],[-79.56868591705675,-2.699432704692746],[-79.56669139030988,-2.698875484638981],[-79.56615970704145,-2.697851594579131],[-79.56509244558308,-2.698826380814548],[-79.56348772318695,-2.699028063671719],[-79.56259647621219,-2.700531143911445],[-79.56102896162847,-2.700448155961145],[-79.56047137160418,-2.700964277958428],[-79.55973225007682,-2.700594576769892],[-79.55427127634047,-2.704529689561521],[-79.5531064220027,-2.707096924000536],[-79.5526660862603,-2.706642742208353],[-79.55180755033547,-2.707317129259669],[-79.55260530721927,-2.707916266103943],[-79.55235885410049,-2.708391240206772],[-79.55154481523431,-2.708780337522048],[-79.54919662406306,-2.707801836458924],[-79.54872048967931,-2.708638117182225],[-79.54627631194695,-2.709646761286089],[-79.5461567601238,-2.711704876992742],[-79.5455013084543,-2.712823114720882],[-79.5433339007791,-2.714474030916175],[-79.54202589350609,-2.716761419962284],[-79.53973995707815,-2.718170521965654],[-79.53750919592878,-2.720438147023284],[-79.53569292853986,-2.720412420378798],[-79.53375105984306,-2.72266148249659],[-79.52875565858606,-2.721304463190843],[-79.52863905372494,-2.724606753172404],[-79.52799040658252,-2.725966373441618],[-79.52785628146424,-2.729043783571733],[-79.52834344716722,-2.729627916575766],[-79.53078193890008,-2.730747669410444],[-79.53177008549683,-2.733052855582499],[-79.53373653523359,-2.734366114534065],[-79.53384882628247,-2.735587653379915],[-79.53481960154276,-2.736129226638152],[-79.5359646480927,-2.735361070032963],[-79.53772410361225,-2.73545619699729],[-79.53887653623529,-2.73616684485073],[-79.53958006423447,-2.737263666693459],[-79.54051400739975,-2.737327664911304],[-79.54092486738024,-2.737910063818548],[-79.54047556007394,-2.738554268913076],[-79.54059908229513,-2.739491749264762],[-79.5413778327676,-2.740266061247647],[-79.54188338962742,-2.740038859176236],[-79.54156411541793,-2.739135868527716],[-79.5429040271539,-2.73899497004614],[-79.54271913414053,-2.737783376428662],[-79.54442616433442,-2.737505362775501],[-79.54778002766933,-2.738692145802465],[-79.54739955940808,-2.739234601568534],[-79.54766282306463,-2.739674737879377],[-79.54870492052885,-2.739181201080805],[-79.55048732240455,-2.740553010669702],[-79.55428939175624,-2.738052395793013],[-79.55448580228814,-2.739945031313248],[-79.55621337259826,-2.739872147148801],[-79.55712105401585,-2.739191405487593],[-79.55824949020058,-2.739605544377593],[-79.55862625972289,-2.739296417655132],[-79.5584908916059,-2.738023378894078],[-79.5576700742302,-2.737815909268515],[-79.55702085114639,-2.73709267796657],[-79.55828909633136,-2.73513325358041],[-79.55904232916295,-2.734618102313751],[-79.55842823336818,-2.733172466337883],[-79.55863434367467,-2.732519092449629],[-79.55966064696668,-2.732520328178583],[-79.56085612018029,-2.731392330220561],[-79.56116654199127,-2.732040537997156],[-79.56282815067874,-2.732293872614376],[-79.5639227057892,-2.730184002320564],[-79.56571215494598,-2.730711523974686],[-79.56718483753369,-2.730327280946752],[-79.56887166722818,-2.729106070149525],[-79.56911841079206,-2.727321309176423],[-79.5705677731237,-2.726880323659703],[-79.5713860193699,-2.726140306963127],[-79.57168646995854,-2.724339508278833],[-79.57272035824029,-2.72362543207564],[-79.5729826378669,-2.722541249943158],[-79.57251166410072,-2.720287865002518],[-79.57072318970124,-2.718934803974972],[-79.57046249128268,-2.718139418507254],[-79.57117319593296,-2.716834006289939],[-79.57232141985673,-2.71578515367806],[-79.57177178894216,-2.715183693917839],[-79.57244441279444,-2.714058757257934],[-79.5725213459913,-2.712032490266544],[-79.57295011721013,-2.711389863068441],[-79.57408512348536,-2.711485628291659],[-79.57473839845836,-2.710905127818039],[-79.57655641731589,-2.710601941832619],[-79.57763140243854,-2.708489751111795],[-79.57886303729121,-2.707628651248784],[-79.57918172645323,-2.706129037532688],[-79.58291818899004,-2.702830912497731],[-79.58288271426889,-2.701389215095808],[-79.58368834834155,-2.701185939085089],[-79.5837746751464,-2.699721139893617],[-79.58519713769472,-2.699179693508441],[-79.58619375342187,-2.696678304651495],[-79.58473597838044,-2.69740521678188]]]}},{"type":"Feature","properties":{"Pob_total":381.0},"geometry":{"type":"Polygon","coordinates":[[[-79.6364244208895,-2.783611044266254],[-79.63475709836213,-2.783695145574954],[-79.62641088789876,-2.786853899243547],[-79.62099387508059,-2.78799852433097],[-79.61599595553693,-2.788547715318502],[-79.61089993241563,-2.788563227801332],[-79.60956902178627,-2.791779358628374],[-79.61056409429447,-2.791965911283622],[-79.61353517898927,-2.794136735562536],[-79.61488673409674,-2.794660197507019],[-79.61621554349736,-2.79409920872443],[-79.61875620595968,-2.796155649404216],[-79.61955314296726,-2.795765239445212],[-79.62105598660415,-2.796990629596298],[-79.62255246927491,-2.796963452040599],[-79.62156889486162,-2.798507257378926],[-79.62396745757646,-2.800181128991403],[-79.62418750565789,-2.802155602209551],[-79.62537060148908,-2.804149843636551],[-79.62600306688303,-2.804730787750306],[-79.62899581306947,-2.805273630320728],[-79.6298736553956,-2.80647739124977],[-79.63010080025259,-2.80854250201401],[-79.63150008452556,-2.811594203683643],[-79.63249767282034,-2.811235498406931],[-79.63275293020997,-2.812409676463973],[-79.63331112422304,-2.81274344045341],[-79.63393247911218,-2.811979100424586],[-79.63530305575637,-2.812420180787675],[-79.63557108067357,-2.814066223048167],[-79.63706098345544,-2.815472847239393],[-79.63884110575916,-2.816068252081499],[-79.64016664631926,-2.815638836661762],[-79.64261836229454,-2.816210512364592],[-79.64714763191097,-2.819526988290686],[-79.6492365183965,-2.81907457561235],[-79.65105418723788,-2.817621791320798],[-79.65873875663128,-2.818597017288732],[-79.6592990421674,-2.818924534471358],[-79.65945027974979,-2.820076893710513],[-79.66033155137949,-2.820681725851556],[-79.66187279188775,-2.820654563695459],[-79.66300174372755,-2.820039028130698],[-79.66485356520103,-2.820029042232073],[-79.66652372140126,-2.81927746143132],[-79.66834204915449,-2.819535602742956],[-79.6689346266377,-2.819234375379267],[-79.66903929485754,-2.818708824298913],[-79.67082782757645,-2.817719319339859],[-79.6711601280529,-2.815312844907603],[-79.67070002709808,-2.813170380527779],[-79.67167967573504,-2.812374581572877],[-79.6732308645502,-2.809908993067265],[-79.6754322956657,-2.809297414353502],[-79.67549235451337,-2.807865535475407],[-79.65447780896892,-2.8143046319233],[-79.65018094772788,-2.810896728555393],[-79.64979667798508,-2.809178459661993],[-79.64852950820145,-2.807817690738446],[-79.64892642467059,-2.8061960198997],[-79.64853881658267,-2.805899273161395],[-79.6486274829479,-2.804742674476991],[-79.64793543600372,-2.803942338036324],[-79.64946447003493,-2.801824621058985],[-79.64932483400311,-2.800598295732391],[-79.64877686731128,-2.799969611798712],[-79.64925385822187,-2.799266952919401],[-79.64934072916363,-2.797552576748762],[-79.64878030614696,-2.796728155322969],[-79.64905384697131,-2.794122026169801],[-79.64880341682125,-2.793111466415231],[-79.64779035951332,-2.792302170613982],[-79.64662854745924,-2.789273364093964],[-79.64738771965534,-2.78424033421583],[-79.64178109226265,-2.783617238695094],[-79.6364244208895,-2.783611044266254]]]}},{"type":"Feature","properties":{"Pob_total":253.0},"geometry":{"type":"Polygon","coordinates":[[[-79.66587474304514,-2.782376700328186],[-79.64738771965534,-2.78424033421583],[-79.64662854745924,-2.789273364093964],[-79.64779035951332,-2.792302170613982],[-79.64880341682125,-2.793111466415231],[-79.64905384697131,-2.794122026169801],[-79.64878030614696,-2.796728155322969],[-79.64934072916363,-2.797552576748762],[-79.64925385822187,-2.799266952919401],[-79.64877686731128,-2.799969611798712],[-79.64932483400311,-2.800598295732391],[-79.64946447003493,-2.801824621058985],[-79.64793543600372,-2.803942338036324],[-79.6486274829479,-2.804742674476991],[-79.64853881658267,-2.805899273161395],[-79.64892642467059,-2.8061960198997],[-79.64852950820145,-2.807817690738446],[-79.64979667798508,-2.809178459661993],[-79.65018094772788,-2.810896728555393],[-79.65447780896892,-2.8143046319233],[-79.67549235451337,-2.807865535475407],[-79.67224624975465,-2.803781332840939],[-79.67215054068568,-2.801865579624396],[-79.67370713361795,-2.797205312946971],[-79.67350323188053,-2.79535012654906],[-79.672284314868,-2.793202823801057],[-79.67191761936301,-2.791576733129369],[-79.67237666727497,-2.791059360331216],[-79.67268021040837,-2.788600208568561],[-79.67002160540518,-2.786480766777074],[-79.6690354901254,-2.782197235286449],[-79.66587474304514,-2.782376700328186]]]}},{"type":"Feature","properties":{"Pob_total":202.0},"geometry":{"type":"Polygon","coordinates":[[[-79.6472784772217,-2.754089284805735],[-79.64614391217091,-2.757834856030371],[-79.64487673708832,-2.759531602673774],[-79.64362636318201,-2.759254224059477],[-79.64253120034772,-2.756546679783338],[-79.64178725831451,-2.75710938880176],[-79.64111703220439,-2.758579524896241],[-79.63884017664401,-2.758412213122215],[-79.63862812798786,-2.760037802972583],[-79.63722251103879,-2.759526079013333],[-79.63585945438022,-2.759712001590917],[-79.63568661365004,-2.760472623899378],[-79.63611761778016,-2.761983544620884],[-79.63579978405822,-2.762507304985289],[-79.63430188517005,-2.761994746677037],[-79.633114666337,-2.760764958342318],[-79.63379029074646,-2.758593261019389],[-79.63350915002398,-2.758018251893486],[-79.63256649119364,-2.758131034929655],[-79.63181185880691,-2.759467927845154],[-79.63049068519564,-2.758582307358167],[-79.6295352552902,-2.760267356862043],[-79.62909551329156,-2.760426663796214],[-79.62937030300202,-2.761597241300533],[-79.63070055131004,-2.761863964103117],[-79.63138091765842,-2.763337276041769],[-79.6312131367068,-2.764231306626224],[-79.62994063076003,-2.764906265868735],[-79.63035591093153,-2.765530632581774],[-79.63029376785151,-2.766072684913899],[-79.62963291600528,-2.766487147752573],[-79.63023502147242,-2.76757408343208],[-79.62984968604471,-2.768288056412704],[-79.63004199784554,-2.769769938815092],[-79.63107755753603,-2.770382364569413],[-79.63132444729543,-2.771096528524806],[-79.63312133654252,-2.772154189534029],[-79.63311569882619,-2.774638963547762],[-79.6337681833953,-2.775956953862631],[-79.63808813976308,-2.778607192759954],[-79.63810665083358,-2.779408372273879],[-79.63599916425628,-2.781614051075111],[-79.63475709836213,-2.783695145574954],[-79.64178109226265,-2.783617238695094],[-79.64856722893751,-2.784278758634262],[-79.65088219412267,-2.783706198164056],[-79.6690354901254,-2.782197235286449],[-79.66932683213204,-2.779865402213365],[-79.66907767925437,-2.776646786719881],[-79.66935904567778,-2.776154174079065],[-79.67125202933343,-2.775229693751254],[-79.67154829928738,-2.774196050417859],[-79.67690453291124,-2.773747855750028],[-79.67767204063031,-2.772705692043353],[-79.67890496614446,-2.772122339157321],[-79.67882757269142,-2.770613971389456],[-79.68252508871149,-2.770323341728026],[-79.6827104207814,-2.769064626227784],[-79.68351251393315,-2.768381294255067],[-79.68362797052532,-2.76596451485887],[-79.68455273962884,-2.764800052077934],[-79.68534735478161,-2.762732516090892],[-79.68534635618751,-2.762086637213359],[-79.68460952703165,-2.761358557495672],[-79.68148134107166,-2.759964628836213],[-79.68047881625434,-2.758803720238202],[-79.67763213330012,-2.752656810565096],[-79.6773951296813,-2.750120165918514],[-79.66418318171812,-2.754608953992126],[-79.6570634036005,-2.747952600622185],[-79.65715491845546,-2.747436831766403],[-79.65567129140632,-2.745153109941714],[-79.65079918468135,-2.750145998329646],[-79.65100124937645,-2.751169156780745],[-79.65065983098711,-2.751959169996117],[-79.64907820963272,-2.753027519181128],[-79.64779120261737,-2.7531748359278],[-79.6472784772217,-2.754089284805735]]]}},{"type":"Feature","properties":{"Pob_total":274.0},"geometry":{"type":"Polygon","coordinates":[[[-79.68226161824012,-2.770417653907485],[-79.67882757269142,-2.770613971389456],[-79.67890496614446,-2.772122339157321],[-79.67767204063031,-2.772705692043353],[-79.67690453291124,-2.773747855750028],[-79.67154829928738,-2.774196050417859],[-79.67125202933343,-2.775229693751254],[-79.66948893589176,-2.776067493216425],[-79.66907767925437,-2.776646786719881],[-79.66914540720113,-2.783525130540434],[-79.67002160540518,-2.786480766777074],[-79.67268021040837,-2.788600208568561],[-79.67237666727497,-2.791059360331216],[-79.67191761936301,-2.791576733129369],[-79.672284314868,-2.793202823801057],[-79.67350323188053,-2.79535012654906],[-79.67371117676127,-2.796968440376011],[-79.67342576838902,-2.798731540509416],[-79.67215054068568,-2.801865579624396],[-79.67224624975465,-2.803781332840939],[-79.67550141527158,-2.807879887029357],[-79.6754322956657,-2.809297414353502],[-79.67964332729413,-2.810042386398354],[-79.68186963743705,-2.809368675261675],[-79.68237230964291,-2.806707291716716],[-79.68284116980065,-2.806081953729414],[-79.68343514365827,-2.805992148081503],[-79.6843134490235,-2.806617864658456],[-79.68440554858716,-2.805812067358449],[-79.68538922807444,-2.805746735540171],[-79.68572229980224,-2.801076695716259],[-79.68528817027396,-2.797550606905784],[-79.68394899029862,-2.793843242795004],[-79.68408748575504,-2.793219951581533],[-79.68612091342821,-2.791486026959185],[-79.68768996386818,-2.791911346152998],[-79.68976363250397,-2.790873352672583],[-79.69152898714505,-2.790781622945522],[-79.69348319857782,-2.788602772070171],[-79.69698595353766,-2.78709087264437],[-79.6983725349956,-2.785272801744238],[-79.69961386360443,-2.785162475495499],[-79.7007142871739,-2.783777956436799],[-79.69735432020414,-2.777468913675823],[-79.69184057217423,-2.765416571004],[-79.69045716088333,-2.763711749425907],[-79.68460952703165,-2.761358557495672],[-79.68534635618751,-2.762086637213359],[-79.68534735478161,-2.762732516090892],[-79.68455273962884,-2.764800052077934],[-79.68357247913747,-2.766123458068252],[-79.68351251393315,-2.768381294255067],[-79.6827104207814,-2.769064626227784],[-79.6826872075081,-2.770129695787435],[-79.68226161824012,-2.770417653907485]]]}},{"type":"Feature","properties":{"Pob_total":215.0},"geometry":{"type":"Polygon","coordinates":[[[-79.77155745574389,-2.737737405797205],[-79.77110926676484,-2.738601948403908],[-79.77153729017027,-2.740643799443343],[-79.77089380874101,-2.742202223155302],[-79.76844661806024,-2.743105868237905],[-79.76795629735376,-2.743105360859406],[-79.76766220601154,-2.742625023359362],[-79.76856903665495,-2.739844909901279],[-79.76824330559816,-2.738992360486801],[-79.76653365033881,-2.739171858358345],[-79.76503442905144,-2.739833847370582],[-79.76171813575228,-2.739381698934306],[-79.75960831902046,-2.739718877560817],[-79.75238148612249,-2.744359997086224],[-79.75226998968586,-2.745121174189371],[-79.74564741139598,-2.749915431905435],[-79.74197331742997,-2.755818969737187],[-79.74056577184592,-2.756257031059187],[-79.73735849489472,-2.758803640991131],[-79.73642065045817,-2.758850069805473],[-79.7351807375274,-2.75760242142109],[-79.7339094726213,-2.758245286052313],[-79.7359103602363,-2.760923649992526],[-79.73587118609025,-2.76198999326386],[-79.72219690379728,-2.792711167837805],[-79.71899227808127,-2.791677557211594],[-79.71657074863455,-2.796468624101122],[-79.70792599210587,-2.79908433275483],[-79.71353768037574,-2.811084391038787],[-79.71309361242812,-2.813199644561339],[-79.71081849641831,-2.815055633875957],[-79.71100642943706,-2.815608293724012],[-79.71408395614245,-2.816426365281852],[-79.71797439974132,-2.814351641600328],[-79.7288250493548,-2.789505996384327],[-79.73655732626302,-2.793015295804202],[-79.73297746075154,-2.801038566523893],[-79.7435933183999,-2.805575562174811],[-79.74956036649367,-2.808482577140155],[-79.7500049801753,-2.809011003734646],[-79.75110142099705,-2.807319598458714],[-79.7587891469368,-2.811321931290441],[-79.78935896355941,-2.79022995826695],[-79.7910293633702,-2.790756741046425],[-79.79219094131464,-2.790181771445231],[-79.79355064341573,-2.79038431039766],[-79.79460349261707,-2.789044890892309],[-79.79609332316979,-2.788227848735198],[-79.79666250874949,-2.788247199550381],[-79.79820093476265,-2.789459169770852],[-79.80018584115493,-2.789184220042472],[-79.80005416517245,-2.788369580110498],[-79.8019857993918,-2.786971107595354],[-79.80245191771778,-2.785657246881827],[-79.80166605889713,-2.783371486335346],[-79.80202095650382,-2.781558406600901],[-79.80344183402026,-2.779167525496588],[-79.80341309102558,-2.777697404085349],[-79.80262520207374,-2.775370580263343],[-79.8007710536011,-2.772388354470301],[-79.79920393012098,-2.7715634836883],[-79.79806155791263,-2.771635676487777],[-79.79770359556927,-2.772035284004904],[-79.79732856357434,-2.771522681454495],[-79.7974027542784,-2.7702062530679],[-79.79615722893749,-2.769546236095823],[-79.79807801363049,-2.769234689558009],[-79.79868159185581,-2.76860857081364],[-79.79882188928352,-2.766582082694026],[-79.79766762005202,-2.759535823199294],[-79.79616431472404,-2.756540756679902],[-79.79383330966313,-2.754420227833693],[-79.79514325852162,-2.75128944356263],[-79.79469821271735,-2.744899947196448],[-79.7938952205058,-2.740425104557676],[-79.79336810063656,-2.739902583844358],[-79.79013871507162,-2.739300448338215],[-79.78873958691841,-2.739956611137313],[-79.78832162849288,-2.739629198525956],[-79.7866322631768,-2.742718702350289],[-79.78519623236842,-2.743200607273965],[-79.78204180143497,-2.740732164315242],[-79.77971386088241,-2.737581222953601],[-79.77770070567536,-2.73788190742631],[-79.77562712987479,-2.73739460746491],[-79.77455468145563,-2.735638362787721],[-79.7735136675769,-2.735818940375841],[-79.77267621941357,-2.737254154776143],[-79.77155745574389,-2.737737405797205]]]}},{"type":"Feature","properties":{"Pob_total":298.0},"geometry":{"type":"Polygon","coordinates":[[[-79.69961386360443,-2.785162475495499],[-79.6983725349956,-2.785272801744238],[-79.69698595353766,-2.78709087264437],[-79.69348319857782,-2.788602772070171],[-79.69152898714505,-2.790781622945522],[-79.68976363250397,-2.790873352672583],[-79.68768996386818,-2.791911346152998],[-79.68612091342821,-2.791486026959185],[-79.68408748575504,-2.793219951581533],[-79.68394899029862,-2.793843242795004],[-79.68528817027396,-2.797550606905784],[-79.68572229980224,-2.801076695716259],[-79.68538922807444,-2.805746735540171],[-79.68440554858716,-2.805812067358449],[-79.6843134490235,-2.806617864658456],[-79.6853285782908,-2.808457487747599],[-79.68656019965157,-2.809124113830709],[-79.68776650453054,-2.809229826893121],[-79.68960961626678,-2.808292750662825],[-79.69098454711671,-2.808411693538977],[-79.69163181142655,-2.809625498815906],[-79.69195264710207,-2.81274333795711],[-79.69256179470615,-2.813239690060453],[-79.69338024542577,-2.813210879767081],[-79.69442729999923,-2.812420089440659],[-79.6951909349111,-2.810971469596738],[-79.69553596125023,-2.808822954700503],[-79.69654960653726,-2.807886892673213],[-79.69852812713253,-2.808490767536723],[-79.70027770157118,-2.808018339363397],[-79.70133603047782,-2.808297210525109],[-79.70129960480925,-2.810021156716637],[-79.69960773999112,-2.810331665373536],[-79.69921571090103,-2.811048589058073],[-79.69992769269514,-2.812356838951235],[-79.70136519155855,-2.813145233725295],[-79.7032990398414,-2.81253416441686],[-79.705361095892,-2.810442223293033],[-79.7078585391901,-2.810051609171274],[-79.70876677585127,-2.810793124985037],[-79.70874292205438,-2.811556745856893],[-79.70747588014525,-2.812712377579702],[-79.70729090230449,-2.813498959644231],[-79.70964210448228,-2.81457202302842],[-79.71044546373835,-2.815367825593243],[-79.71309361242812,-2.813199644561339],[-79.71358122468114,-2.811817514824917],[-79.71336813827178,-2.810493944404126],[-79.7109020404628,-2.805211183253172],[-79.70849054352674,-2.805926203806977],[-79.70760485059468,-2.803997316309011],[-79.70705617290463,-2.803924678215755],[-79.70579076972841,-2.801744916958643],[-79.70624423784767,-2.801122032050812],[-79.70576452829494,-2.799621132668269],[-79.70708856068644,-2.799226697054784],[-79.70766889032856,-2.798532300330498],[-79.7007142871739,-2.783777956436799],[-79.69961386360443,-2.785162475495499]]]}},{"type":"Feature","properties":{"Pob_total":276.0},"geometry":{"type":"Polygon","coordinates":[[[-79.76675082039486,-2.698020624153233],[-79.76187999285239,-2.697745749971939],[-79.76066194703111,-2.698132257604099],[-79.76025480091526,-2.699376732352302],[-79.76088065418236,-2.702601850696653],[-79.7572253130011,-2.704924613015403],[-79.75574409834468,-2.704657782714412],[-79.7538192835539,-2.70157418616774],[-79.75223543732515,-2.70028454227025],[-79.7506403959047,-2.700308451831885],[-79.74850517608958,-2.701674728286561],[-79.74725289307584,-2.701963549290542],[-79.74777855792986,-2.712190100620622],[-79.74772673817192,-2.720413910660683],[-79.74528405079442,-2.720875053692851],[-79.74528558780983,-2.729607600213833],[-79.74228293449633,-2.730301177474304],[-79.73854509309179,-2.728726156085054],[-79.73383343936509,-2.727665184013013],[-79.73214466428944,-2.726066555939338],[-79.73093005079762,-2.724172203413776],[-79.72954815684382,-2.723037493864712],[-79.72652743852032,-2.721540464366164],[-79.72388990923753,-2.718443054325809],[-79.71834345786455,-2.729617387142888],[-79.71837594683834,-2.729222260150006],[-79.71753558770962,-2.728540923818505],[-79.70951516763019,-2.737051005401539],[-79.70784612232123,-2.738321432345606],[-79.69958902010954,-2.742090601738934],[-79.69502529465687,-2.743703699442017],[-79.69492714589454,-2.743412568724931],[-79.68893970021846,-2.745729651595538],[-79.68516710918298,-2.744658042458775],[-79.68401911601013,-2.743357330827414],[-79.68289937566796,-2.743778568881239],[-79.68032992285018,-2.743764330581397],[-79.67762974878278,-2.749265619917192],[-79.67731787291476,-2.750850793935914],[-79.67763213330012,-2.752656810565096],[-79.68047881625434,-2.758803720238202],[-79.68268459518063,-2.76066502735827],[-79.68953197839612,-2.763206937518804],[-79.69147630859868,-2.764737818361181],[-79.70792599210587,-2.79908433275483],[-79.71657074863455,-2.796468624101122],[-79.71899227808127,-2.791677557211594],[-79.72219690379728,-2.792711167837805],[-79.73587118609025,-2.76198999326386],[-79.7359103602363,-2.760923649992526],[-79.73368898701511,-2.757950145236309],[-79.73467866572,-2.757366581243826],[-79.73269912852315,-2.75483663413175],[-79.73666869655771,-2.754284381401233],[-79.73987673516089,-2.751763105663458],[-79.74023541742716,-2.751263566923489],[-79.73998197361036,-2.750817071663098],[-79.74498964797066,-2.749175677489281],[-79.74564741139598,-2.749915431905435],[-79.75226998968586,-2.745121174189371],[-79.75238148612249,-2.744359997086224],[-79.75989043549264,-2.73959543577223],[-79.76171813575228,-2.739381698934306],[-79.76503442905144,-2.739833847370582],[-79.76653365033881,-2.739171858358345],[-79.76824330559816,-2.738992360486801],[-79.76856903665495,-2.739844909901279],[-79.76772420050267,-2.742949419835713],[-79.77031376141302,-2.742632045936658],[-79.77089380874101,-2.742202223155302],[-79.77153729017027,-2.740643799443343],[-79.77128186338462,-2.738057173677396],[-79.77267621941357,-2.737254154776143],[-79.7735136675769,-2.735818940375841],[-79.77455468145563,-2.735638362787721],[-79.77562712987479,-2.73739460746491],[-79.77770070567536,-2.73788190742631],[-79.77971386088241,-2.737581222953601],[-79.78159496371252,-2.740273262387898],[-79.78366602433292,-2.742264855187473],[-79.7857983358642,-2.743235820795562],[-79.7866322631768,-2.742718702350289],[-79.7884697225947,-2.739847114779978],[-79.78822713789386,-2.739633268626643],[-79.788597697745,-2.738949025931874],[-79.79052888294224,-2.736732510974684],[-79.79025889216067,-2.728077967385375],[-79.78982632717664,-2.727362795590448],[-79.78894713490116,-2.727399445481705],[-79.79005986661666,-2.726879845825095],[-79.79060994925581,-2.717637386993117],[-79.78927752546996,-2.717757252856308],[-79.78161012508062,-2.715970914839864],[-79.77910396355986,-2.716291827970003],[-79.77750577515043,-2.715047970696426],[-79.77737873132803,-2.709773516058354],[-79.77627704946647,-2.709743242864222],[-79.77465459091216,-2.708633715434516],[-79.7736948264548,-2.706132649511111],[-79.77419006462233,-2.698290856330555],[-79.77246026227907,-2.696623302907268],[-79.76857823739316,-2.697180609946979],[-79.76675082039486,-2.698020624153233]]]}},{"type":"Feature","properties":{"Pob_total":166.0},"geometry":{"type":"Polygon","coordinates":[[[-79.52686402447628,-2.588238405928569],[-79.52333680616303,-2.588990006851136],[-79.52198056686923,-2.590186483919346],[-79.52206149469912,-2.590968978487419],[-79.52090632572713,-2.591626212029948],[-79.52012916055182,-2.592639859417717],[-79.51973033005639,-2.594343467389179],[-79.51879352446893,-2.595909696097067],[-79.51770729985643,-2.596820055299544],[-79.5174113433753,-2.598443017453227],[-79.51589177134183,-2.600953471828677],[-79.51453056388716,-2.601610990395473],[-79.50927889569405,-2.602859804456772],[-79.50893659920311,-2.603803860998773],[-79.50773616145301,-2.605013514288339],[-79.5038005142829,-2.606249297722473],[-79.5034470521246,-2.607581322733865],[-79.50244110226316,-2.608959415448933],[-79.50011876806195,-2.61115032463659],[-79.49875502665964,-2.611429864399636],[-79.4984619489581,-2.612793971424488],[-79.49621533671754,-2.616590804452137],[-79.49635802709848,-2.621973826407207],[-79.49582336448125,-2.623673481196767],[-79.49478675022694,-2.624032499672178],[-79.4927877863543,-2.626453035608639],[-79.49148527141668,-2.626434635554991],[-79.4905603941659,-2.627610648607326],[-79.48536806622502,-2.6299808120879],[-79.4832270063854,-2.632755752282715],[-79.48235442279996,-2.633053767764785],[-79.48130254358608,-2.634740520496215],[-79.48036902874316,-2.635302081284931],[-79.48021293326633,-2.638323623599459],[-79.4789102154189,-2.642465828183829],[-79.48015267429673,-2.644324595154165],[-79.4809847883986,-2.644853509085396],[-79.48377387260332,-2.650194079104458],[-79.48175191493233,-2.651786478687682],[-79.48043535408348,-2.65360737176341],[-79.48936027179667,-2.653619435230707],[-79.49055227399363,-2.650899950504651],[-79.49296814697622,-2.649738595844261],[-79.49618118753929,-2.6487840416531],[-79.50029360023719,-2.64890010644179],[-79.50093867229212,-2.648529905670097],[-79.50244991965499,-2.649505545895283],[-79.50349977458144,-2.648909647926274],[-79.50305003552202,-2.645377167731393],[-79.5042278542286,-2.64440917166882],[-79.50430447991921,-2.640945156622248],[-79.505365623188,-2.637664203159559],[-79.50453740129328,-2.633556884633258],[-79.50605784896922,-2.631748474775976],[-79.50603389958142,-2.630712730701541],[-79.50524326147288,-2.629781518137449],[-79.50502487701513,-2.628826574038496],[-79.5060048648605,-2.624567500566483],[-79.5070756447102,-2.622783861687559],[-79.50901567441721,-2.621183324021946],[-79.51183751398636,-2.617807677999606],[-79.51217866133427,-2.616930546515563],[-79.51179131281312,-2.615498329421584],[-79.52676778716706,-2.601084382802486],[-79.52394244075984,-2.599886801183177],[-79.52340309472434,-2.59907148043887],[-79.52625943269085,-2.591825749299119],[-79.52810710405218,-2.588809393494051],[-79.52686402447628,-2.588238405928569]]]}},{"type":"Feature","properties":{"Pob_total":130.0},"geometry":{"type":"Polygon","coordinates":[[[-79.50678207041673,-2.623553970696423],[-79.50900086535566,-2.622147484617805],[-79.51071774198385,-2.622352665444293],[-79.51201037484904,-2.62168377727195],[-79.51413908993513,-2.621773500353951],[-79.51476826081255,-2.621450565266323],[-79.5162113198192,-2.62248465656772],[-79.51796225375898,-2.622413664239061],[-79.51999493623107,-2.623341734973762],[-79.52482314967992,-2.622318247932757],[-79.5268240842076,-2.618406438047582],[-79.53157132881648,-2.613993819145384],[-79.53327299400104,-2.613056950632848],[-79.53555497847942,-2.613594703694325],[-79.53366977415718,-2.609555727610696],[-79.5347781077918,-2.605165215581941],[-79.53458303837317,-2.604474200009133],[-79.52676778716706,-2.601084382802486],[-79.51179131281312,-2.615498329421584],[-79.51217866133427,-2.616930546515563],[-79.51183751398636,-2.617807677999606],[-79.50901567441721,-2.621183324021946],[-79.5070756447102,-2.622783861687559],[-79.50678207041673,-2.623553970696423]]]}},{"type":"Feature","properties":{"Pob_total":173.0},"geometry":{"type":"Polygon","coordinates":[[[-79.63328680536678,-2.721322122085878],[-79.636350935401,-2.722837955188242],[-79.64500602791486,-2.725695963706307],[-79.64622479845998,-2.727225633739466],[-79.64883976715853,-2.726012885764548],[-79.64980225111132,-2.730182083795602],[-79.65175648287686,-2.732986189813895],[-79.653642568408,-2.734956564552023],[-79.65680245857978,-2.737244205754755],[-79.65632338402156,-2.735190591397609],[-79.6581935770563,-2.733658556323143],[-79.65885626114526,-2.731649509265457],[-79.6586597243865,-2.729628465798242],[-79.65965581237819,-2.728360901543356],[-79.65980248280802,-2.727571837019843],[-79.66048771715812,-2.726960558353751],[-79.66206156705097,-2.726697129260812],[-79.66301631020322,-2.725559573130909],[-79.66494005353691,-2.72479229401919],[-79.66790509154949,-2.722283818867617],[-79.66954827751678,-2.722026240794161],[-79.67002337753848,-2.720776170688433],[-79.66913198350883,-2.719841420512408],[-79.67000694775423,-2.718446627181273],[-79.66944202212892,-2.71770163284851],[-79.6706591551047,-2.717761225116714],[-79.67171659569871,-2.716815121650356],[-79.67018408325644,-2.713555686845182],[-79.66914488528546,-2.712732657419001],[-79.66122010702009,-2.71129511057934],[-79.66005452107639,-2.710744901018351],[-79.65782107293792,-2.708461653535406],[-79.65624763762973,-2.709272103726973],[-79.64162843510134,-2.711299518202845],[-79.63486198928075,-2.71831189229465],[-79.63328680536678,-2.721322122085878]]]}},{"type":"Feature","properties":{"Pob_total":182.0},"geometry":{"type":"Polygon","coordinates":[[[-79.72153921275662,-2.806062787111454],[-79.71797439974132,-2.814351641600328],[-79.71408395614245,-2.816426365281852],[-79.71186873740241,-2.815991390196396],[-79.71100642943706,-2.815608293724012],[-79.71081849641831,-2.815055633875957],[-79.71044546373835,-2.815367825593243],[-79.71158436627618,-2.816919803674519],[-79.71231068233627,-2.817327291346179],[-79.7146118739487,-2.817520098656405],[-79.71967429448917,-2.816337870466656],[-79.7219170479678,-2.818685531329838],[-79.72834029330343,-2.81815005520005],[-79.73304327485452,-2.817136249701932],[-79.73447003383887,-2.815409033420281],[-79.73570643551963,-2.814850334056609],[-79.73706392087725,-2.814991824855598],[-79.7385422674116,-2.816043523361834],[-79.73930805854663,-2.816096860878248],[-79.74282465562312,-2.815488124605343],[-79.74560924156502,-2.815788665841718],[-79.74816871686815,-2.815003861164683],[-79.75091972641734,-2.815454602633771],[-79.75199770806528,-2.815253008822195],[-79.75530581490338,-2.814293973741028],[-79.7587891469368,-2.811321931290441],[-79.75110142099705,-2.807319598458714],[-79.7500049801753,-2.809011003734646],[-79.74956036649367,-2.808482577140155],[-79.7435933183999,-2.805575562174811],[-79.73297746075154,-2.801038566523893],[-79.73655732626302,-2.793015295804202],[-79.7288250493548,-2.789505996384327],[-79.72153921275662,-2.806062787111454]]]}},{"type":"Feature","properties":{"Pob_total":178.0},"geometry":{"type":"Polygon","coordinates":[[[-79.64127217136591,-2.690525267779199],[-79.66005452107639,-2.710744901018351],[-79.66122010702009,-2.71129511057934],[-79.66914488528546,-2.712732657419001],[-79.67018408325644,-2.713555686845182],[-79.67171659569871,-2.716815121650356],[-79.67397916110852,-2.716332675964914],[-79.6751976723866,-2.717358320250805],[-79.67786497639901,-2.71458998138715],[-79.67876072284805,-2.714586623291721],[-79.6804509322435,-2.715666234939799],[-79.68215772475114,-2.715224102910181],[-79.68339714832956,-2.71555133802786],[-79.68406042847094,-2.714516902426397],[-79.6836948409971,-2.714154807790171],[-79.6836672985261,-2.712341960345193],[-79.68493467294007,-2.710937533392636],[-79.6869400483917,-2.709762736957574],[-79.69013442453367,-2.711224662798094],[-79.69070600385051,-2.709222883104389],[-79.69035234846741,-2.70813279826519],[-79.69157114538051,-2.707900857520738],[-79.69222746608997,-2.706887479493131],[-79.69683903102886,-2.70629343375772],[-79.69934997543982,-2.708487580925187],[-79.70082389881622,-2.707368710130856],[-79.70222231167008,-2.704429687295296],[-79.70357246372237,-2.703398138648897],[-79.70499242983738,-2.700986527660494],[-79.70760015639713,-2.699786365606217],[-79.70971423842309,-2.700668040119218],[-79.71259825553203,-2.703329634030075],[-79.7149462623655,-2.703469160014128],[-79.71584894438399,-2.702862220427696],[-79.7168266294117,-2.702948820767669],[-79.72335713646345,-2.706684717148838],[-79.72878602875137,-2.70469216044174],[-79.73072388283062,-2.704688725485593],[-79.73279860625495,-2.703930032306632],[-79.7360586123204,-2.704502735235303],[-79.73914137277833,-2.702770726776916],[-79.74217894632986,-2.702626097306087],[-79.74347544555654,-2.701685931466424],[-79.74464609950532,-2.701375133906189],[-79.74648040494313,-2.701497463768401],[-79.74757399323664,-2.702024095225593],[-79.75114239801682,-2.700261354129109],[-79.74344433823286,-2.694273638990349],[-79.7205406086391,-2.674723065999496],[-79.71912951033255,-2.67366306105032],[-79.71517592068355,-2.671907270414787],[-79.71222437346286,-2.669692722588936],[-79.70911515091152,-2.665580403225235],[-79.70894913143671,-2.66471170982869],[-79.70870723779058,-2.6600404304607],[-79.71014093611325,-2.656224833805251],[-79.71027349383125,-2.654371159011327],[-79.70748303925619,-2.650821172348679],[-79.70676476937152,-2.650608762619314],[-79.70464054627969,-2.648475378991235],[-79.7041405171459,-2.647766902483323],[-79.70418500060185,-2.645967525040132],[-79.70130816554517,-2.644034255443937],[-79.69985662335489,-2.643622189690266],[-79.69630149379964,-2.643657519933728],[-79.69063379767974,-2.644733004112217],[-79.68867220539242,-2.647681658763156],[-79.68768037777666,-2.648522754954005],[-79.68724710488105,-2.650441662370854],[-79.68540635374099,-2.653319159498724],[-79.683420522365,-2.653387497503276],[-79.68253601682503,-2.654283147705802],[-79.68112925519924,-2.654396148112449],[-79.67764638021018,-2.655666167984151],[-79.67505531968635,-2.657371730180603],[-79.6743167588556,-2.659128485180864],[-79.67279154085352,-2.660931149931106],[-79.6723459288782,-2.663421372786746],[-79.66936645416934,-2.667254142230729],[-79.67003811575026,-2.669521357970917],[-79.66691605759956,-2.671435597449153],[-79.66705497069894,-2.673478468741601],[-79.66666018866995,-2.673929726335318],[-79.66433123848712,-2.675062548921155],[-79.66413183222517,-2.676153017016875],[-79.66453648915778,-2.677134525326423],[-79.66391664177968,-2.677866638547627],[-79.66393215170464,-2.679324913589529],[-79.66179442850213,-2.680348766657653],[-79.65994116208591,-2.683956597655097],[-79.65975649901851,-2.686119673392666],[-79.65822029205262,-2.686805095341895],[-79.65808101775941,-2.688084565433042],[-79.65574761898304,-2.688484018565485],[-79.65386219349404,-2.689969488318365],[-79.65282133809114,-2.689291803242316],[-79.65132760799126,-2.689457923123537],[-79.64969414905455,-2.68885356367115],[-79.64870388860204,-2.687889402976749],[-79.64724479577376,-2.688948793079154],[-79.64548838218099,-2.691048509569461],[-79.64387586162667,-2.691767647643768],[-79.64323367035865,-2.691297159901466],[-79.64288446258662,-2.689886279491984],[-79.64127217136591,-2.690525267779199]]]}},{"type":"Feature","properties":{"Pob_total":51.0},"geometry":{"type":"Polygon","coordinates":[[[-79.67094144792104,-2.814765939868931],[-79.67104100972749,-2.817400197915556],[-79.66834204915449,-2.819535602742956],[-79.66652372140126,-2.81927746143132],[-79.66532575749336,-2.819913454364006],[-79.66300174372755,-2.820039028130698],[-79.66125306486273,-2.820706034690785],[-79.66012150375025,-2.820615004849707],[-79.65926574942742,-2.819720505948414],[-79.65836763159878,-2.819610932356789],[-79.65656928034636,-2.821003065012694],[-79.65559764707491,-2.820995063988413],[-79.65471586940639,-2.820442687369246],[-79.65364449045984,-2.820897196264621],[-79.65329158138779,-2.821475092328275],[-79.65351635612453,-2.822814666887904],[-79.65128280252246,-2.823750888143124],[-79.65098719206333,-2.82456074967894],[-79.65148092838496,-2.826043901007897],[-79.64731768947811,-2.830685287619227],[-79.64627269950945,-2.834048703200328],[-79.64500621225135,-2.835191615165612],[-79.64460609157446,-2.836754935359502],[-79.64189284111907,-2.838117185304212],[-79.6403068809643,-2.840533533419384],[-79.63896865112399,-2.841478545360553],[-79.63837537320588,-2.843365420873259],[-79.6364463168395,-2.844788449662203],[-79.63515230742358,-2.846676569539147],[-79.63329248047044,-2.848197079259668],[-79.63289201478489,-2.848664694996977],[-79.63316089244084,-2.849083792731903],[-79.63493750932248,-2.849106923986508],[-79.63769438194072,-2.846155841537948],[-79.64134551307298,-2.843910156484985],[-79.64817731078338,-2.842362770087466],[-79.65250120346917,-2.838859522224032],[-79.65345196108109,-2.837004364086753],[-79.65443663693381,-2.837365030848302],[-79.65522786789236,-2.837200288482506],[-79.65744532600793,-2.834334056499754],[-79.65899227171535,-2.834119974980076],[-79.66272733246423,-2.832300643075717],[-79.66487599728855,-2.830157696862248],[-79.66600237666921,-2.829576335165831],[-79.67226466744496,-2.822689782471956],[-79.67221141602847,-2.818786128447131],[-79.67177193884562,-2.816608518324858],[-79.67304844693034,-2.815704080985541],[-79.67322257730522,-2.815089386836593],[-79.6722293356291,-2.814960103817378],[-79.67172595546234,-2.814360614657214],[-79.67224463700612,-2.811371225114605],[-79.67070002709808,-2.813170380527779],[-79.67094144792104,-2.814765939868931]]]}},{"type":"Feature","properties":{"Pob_total":93.0},"geometry":{"type":"Polygon","coordinates":[[[-79.54309393551836,-2.630407179690287],[-79.54156107720118,-2.630073011084034],[-79.53983354827851,-2.631261457990188],[-79.53767524973136,-2.631286232244369],[-79.5349053887825,-2.633880158918674],[-79.53399666115575,-2.633929823991414],[-79.532122753277,-2.635085973149354],[-79.53151796054762,-2.636086708073779],[-79.52936592248496,-2.63506660983139],[-79.52719864907382,-2.635461886483165],[-79.52670564028811,-2.636154346886854],[-79.52588917832975,-2.636439168618423],[-79.52529966011959,-2.639204769167331],[-79.52440729587641,-2.639181458315347],[-79.52350797374883,-2.639796829044704],[-79.52044309549048,-2.645128421879667],[-79.52045841819687,-2.646314834877113],[-79.51943239954224,-2.647667314648033],[-79.51750587118195,-2.648277282630203],[-79.51731379253553,-2.649020831609852],[-79.51794283819379,-2.650635129065638],[-79.51509723757358,-2.652797925658358],[-79.51585333437296,-2.653522085269216],[-79.51612945034773,-2.65493726205213],[-79.51585560649649,-2.655766177511947],[-79.51489494619564,-2.656446212352666],[-79.51290644633859,-2.659382927882004],[-79.51122360884105,-2.663062833107674],[-79.50573172038371,-2.655668319807696],[-79.50316079740504,-2.649317225822874],[-79.50111456002163,-2.651453303906391],[-79.501511057165,-2.653067794554774],[-79.50068434693269,-2.654516591863023],[-79.50064435351972,-2.656585702185528],[-79.5016635435748,-2.659946948740105],[-79.50191994494263,-2.663075649977033],[-79.49898431739156,-2.66587523064984],[-79.49879630476384,-2.667702053695022],[-79.49780852608419,-2.669077870255607],[-79.49552293173208,-2.670595887815424],[-79.48306172813629,-2.689268863355457],[-79.48830302699605,-2.692981705189275],[-79.48826110532275,-2.701947154771646],[-79.49278728972843,-2.702956377977654],[-79.49843679683461,-2.702764170291471],[-79.50217894276793,-2.701857541212329],[-79.50487168461471,-2.703152164506462],[-79.50597465105757,-2.704921259846391],[-79.5095601671106,-2.70407030774656],[-79.51327907752852,-2.704461878850551],[-79.51442843624557,-2.705294434128931],[-79.51601875654904,-2.705532345892895],[-79.52270800456041,-2.703772798352716],[-79.52523815916288,-2.702524464095424],[-79.5271595649254,-2.700801472859715],[-79.52884840551305,-2.700112832288409],[-79.52969802423638,-2.698997195476854],[-79.52972934850688,-2.698150619153277],[-79.53083215314993,-2.697244475846047],[-79.53065250479709,-2.696081735143828],[-79.53200031575282,-2.694855092773367],[-79.53303366132785,-2.692237994111351],[-79.534291713878,-2.691534438118828],[-79.53442343336229,-2.690359681165007],[-79.53653750922851,-2.690094795806312],[-79.53704112389394,-2.688983432792832],[-79.53818220259838,-2.687870934383797],[-79.53988130331601,-2.687993442688881],[-79.540841254144,-2.68680104483074],[-79.54273111962708,-2.686687364457269],[-79.54493096299818,-2.681957119559487],[-79.54678601680072,-2.682074193112732],[-79.54812978734941,-2.68104575762379],[-79.54934176208062,-2.68073852403409],[-79.54989854394871,-2.680900353113331],[-79.5504138099663,-2.682103113346313],[-79.5516474891442,-2.681542034182562],[-79.55267627996093,-2.679843317356416],[-79.55292392550209,-2.678341920472684],[-79.55447815874915,-2.67483625666621],[-79.55418369548886,-2.672156486347911],[-79.55444173198657,-2.671298862315042],[-79.55400589332965,-2.670001235243493],[-79.55478734622282,-2.668916768042174],[-79.55436325704083,-2.666797131403953],[-79.55574952423775,-2.66462499982724],[-79.5566508871722,-2.664129264560465],[-79.55673447944885,-2.662313022654136],[-79.55791834020636,-2.661184705903461],[-79.55766618251965,-2.659541626451851],[-79.55657650822315,-2.659178399709613],[-79.55514606399859,-2.657742134213566],[-79.55539091357808,-2.654987388675452],[-79.55501493921841,-2.654099806078535],[-79.55354486720302,-2.654653300845864],[-79.55276664751125,-2.6545173568381],[-79.55209821690167,-2.652772949678128],[-79.55242890482286,-2.650448357858961],[-79.55226851046469,-2.649942329500246],[-79.55178558436765,-2.649850959746088],[-79.55156878491671,-2.648584523788334],[-79.55126630026439,-2.648368042194641],[-79.55076546170798,-2.648980844181139],[-79.55073884935588,-2.649719372814186],[-79.54862657516786,-2.648433712076883],[-79.54875012032242,-2.645311305742894],[-79.54980256499476,-2.643951848775472],[-79.55096454954052,-2.64414160128108],[-79.5523163373496,-2.643439459378626],[-79.55288888463912,-2.642478283049449],[-79.55375509919111,-2.642729549393382],[-79.55378597752566,-2.642234960132383],[-79.5531229722999,-2.641551530967227],[-79.55320467974731,-2.640964842436385],[-79.55602798783677,-2.640694733347937],[-79.55568439641458,-2.640034107949685],[-79.55692368023267,-2.639481235691285],[-79.55714234333648,-2.638357300111745],[-79.55949644791492,-2.638730398690968],[-79.56006173535232,-2.637427336073864],[-79.55945384360601,-2.636831431808741],[-79.55933690831684,-2.635912045856636],[-79.56040592071045,-2.635928210046201],[-79.56094669013179,-2.635064032550646],[-79.56062661349368,-2.634519562589323],[-79.56088539312232,-2.633933166445305],[-79.56027657148513,-2.633913014273752],[-79.56045825932686,-2.633343712801513],[-79.55900363963494,-2.633856186963186],[-79.55723524871834,-2.633192370520532],[-79.5555408911636,-2.634468340652478],[-79.55448278984184,-2.634039319975789],[-79.55013799117361,-2.633792864083976],[-79.54981768858741,-2.632982586100581],[-79.54815912192612,-2.633248172955208],[-79.54624124437545,-2.631836310653594],[-79.5452396973417,-2.631814607081362],[-79.5448665900435,-2.630011315433012],[-79.54309393551836,-2.630407179690287]],[[-79.53372593605256,-2.64950859473879],[-79.5335502671121,-2.650518827883296],[-79.5318930852231,-2.650496400514407],[-79.53084657445152,-2.647326969392914],[-79.53165490532969,-2.645530918958546],[-79.53185246890433,-2.646366130080081],[-79.53372696103347,-2.648637316913117],[-79.53372593605256,-2.64950859473879]]]}},{"type":"Feature","properties":{"Pob_total":40.0},"geometry":{"type":"Polygon","coordinates":[[[-79.56282815067874,-2.732293872614376],[-79.56116973961369,-2.733510763121748],[-79.56175207048678,-2.736635593643958],[-79.56115469222527,-2.737235226939456],[-79.5611522768548,-2.739261570524086],[-79.55980861866549,-2.740198282521096],[-79.56133821171018,-2.740596172468824],[-79.56184054460397,-2.741413467484546],[-79.56148972417455,-2.742210560230678],[-79.56229260041016,-2.74336212784835],[-79.5629980250239,-2.743497195583172],[-79.56368573717205,-2.74430639418258],[-79.56609962776,-2.744137678142045],[-79.56913702215074,-2.74627097542122],[-79.5693741661305,-2.745880781277393],[-79.57079932851703,-2.746451463744622],[-79.57183381011251,-2.745182354220298],[-79.57303947919598,-2.744721820567065],[-79.57464463780757,-2.744666944868574],[-79.57534863938572,-2.744109125175555],[-79.57699530632294,-2.745158053981796],[-79.57842151971111,-2.743853497136023],[-79.58054499894969,-2.746176512255715],[-79.58150804696332,-2.745225028956726],[-79.58382637088674,-2.746383825894458],[-79.58511177501454,-2.745580414491668],[-79.58584456318407,-2.746319297301498],[-79.5875110752191,-2.745725258357179],[-79.58726468460588,-2.747138767503224],[-79.58775171527222,-2.747756074247464],[-79.58950885749944,-2.746807875951486],[-79.58947328603998,-2.74554136225148],[-79.59167520882269,-2.744420396439585],[-79.59206552011382,-2.744836713918268],[-79.59119472561228,-2.746277072517861],[-79.59145926162827,-2.747031137940831],[-79.59447017223768,-2.746180463362273],[-79.59754186407226,-2.746891803979997],[-79.59817218820538,-2.746035868136242],[-79.5977799877387,-2.745307700384078],[-79.59861814651859,-2.744546431265927],[-79.59909882006062,-2.745068492685867],[-79.59976511215625,-2.745069276313591],[-79.59976433333095,-2.745739731192205],[-79.60020806015235,-2.746168230050738],[-79.5998740478249,-2.746912818435191],[-79.60016970814763,-2.747360137245221],[-79.60004112713283,-2.748642199340363],[-79.60203178088956,-2.750539691286352],[-79.60273522032882,-2.750465992621752],[-79.60321762933867,-2.749498092053475],[-79.60569827963809,-2.749165729551168],[-79.60583499490477,-2.750715638871685],[-79.6078815423595,-2.74987600805059],[-79.6083616181708,-2.750919565462713],[-79.6100998007295,-2.752448831240447],[-79.61076601474842,-2.752524044625125],[-79.61072800556218,-2.753346856853166],[-79.61135764437488,-2.753083498406351],[-79.61169316619475,-2.7511096855656],[-79.61303213854156,-2.751744897821005],[-79.61294657260082,-2.751146783434931],[-79.61085243144119,-2.749505679782306],[-79.61128980021165,-2.747968737485499],[-79.60862617587354,-2.74684837637936],[-79.60835648562862,-2.746106242785839],[-79.60763077957068,-2.74568030869239],[-79.6060113343221,-2.74523768314779],[-79.60659343002881,-2.744394255422024],[-79.60605542900798,-2.744285365293389],[-79.60626080354109,-2.743866218691601],[-79.604249637844,-2.742356986794671],[-79.604465796809,-2.741556362503054],[-79.60502515605893,-2.74186000310626],[-79.60537128247738,-2.74028045139646],[-79.6047687202091,-2.74023642413186],[-79.60468329654817,-2.73967358495549],[-79.60368437008175,-2.739154447792159],[-79.60477052150536,-2.738678085656314],[-79.60384528047877,-2.738373927817061],[-79.60397523724588,-2.737681464079628],[-79.60337242679105,-2.737853957948183],[-79.60300790525902,-2.736598177526069],[-79.6037419004111,-2.735526557235199],[-79.60325200744121,-2.735431200436128],[-79.60321438592666,-2.73483142682946],[-79.60281237200827,-2.735119652238322],[-79.60269834071923,-2.734484335228553],[-79.60164167877255,-2.734508152169596],[-79.60351928224478,-2.729225376224043],[-79.60098874933782,-2.722081651755295],[-79.59844836598614,-2.720998435203277],[-79.59734846755579,-2.721002201325554],[-79.59669213051728,-2.720575296682016],[-79.59672368147613,-2.719817134237615],[-79.5961611517997,-2.719339818330016],[-79.59461574449732,-2.719409217794189],[-79.59470780218527,-2.719840123932091],[-79.59270553661342,-2.720692013204512],[-79.59065725120973,-2.719740245942978],[-79.57948661244761,-2.712143677620468],[-79.5772249022961,-2.709095811231299],[-79.5763981458404,-2.710738322088852],[-79.57473839845836,-2.710905127818039],[-79.5737546937408,-2.711557591375893],[-79.57295011721013,-2.711389863068441],[-79.57236727828423,-2.712495191919624],[-79.57244441279444,-2.714058757257934],[-79.57177178894216,-2.715183693917839],[-79.57229353270374,-2.715484490911822],[-79.57221826942593,-2.716084757296616],[-79.57050074576642,-2.7178838742758],[-79.57072318970124,-2.718934803974972],[-79.57251166410072,-2.720287865002518],[-79.5729826378669,-2.722541249943158],[-79.57272035824029,-2.72362543207564],[-79.57168646995854,-2.724339508278833],[-79.5713860193699,-2.726140306963127],[-79.5705677731237,-2.726880323659703],[-79.56911841079206,-2.727321309176423],[-79.56887166722818,-2.729106070149525],[-79.56718483753369,-2.730327280946752],[-79.56608629070487,-2.730724092023724],[-79.56366615198,-2.730297651883812],[-79.56282815067874,-2.732293872614376]]]}},{"type":"Feature","properties":{"Pob_total":131.0},"geometry":{"type":"Polygon","coordinates":[[[-79.62540781952055,-2.760631948779701],[-79.62442819833657,-2.764418883834221],[-79.62288911454407,-2.764687159665077],[-79.62225796045892,-2.765634006666702],[-79.6221474092655,-2.766656348079167],[-79.62121973147573,-2.767657296006069],[-79.62161145457087,-2.768971000247447],[-79.62151858151188,-2.770649895005719],[-79.62247287108028,-2.771764827831287],[-79.62183971220709,-2.772572839172542],[-79.6219238905708,-2.774137258094381],[-79.6200420737244,-2.77543989209206],[-79.61902163188924,-2.775450091685504],[-79.61858867918814,-2.776341270970677],[-79.61627029770183,-2.776558622623708],[-79.61089993241563,-2.788563227801332],[-79.61728245419474,-2.788437731414656],[-79.62641088789876,-2.786853899243547],[-79.63479817942091,-2.783674560108695],[-79.63599916425628,-2.781614051075111],[-79.63810665083358,-2.779408372273879],[-79.63769775774715,-2.778148999837529],[-79.6337681833953,-2.775956953862631],[-79.63311569882619,-2.774638963547762],[-79.63312133654252,-2.772154189534029],[-79.63132444729543,-2.771096528524806],[-79.63107755753603,-2.770382364569413],[-79.63004199784554,-2.769769938815092],[-79.62984968604471,-2.768288056412704],[-79.63023502147242,-2.76757408343208],[-79.62963291600528,-2.766487147752573],[-79.63029376785151,-2.766072684913899],[-79.63035591093153,-2.765530632581774],[-79.62994063076003,-2.764906265868735],[-79.63135098737261,-2.763947288561047],[-79.63070055131004,-2.761863964103117],[-79.62952775054352,-2.761715905068468],[-79.62909551329156,-2.760426663796214],[-79.62741010665052,-2.759898416088081],[-79.62677646493393,-2.760040131667481],[-79.62628521372392,-2.760802097500498],[-79.62540781952055,-2.760631948779701]]]}},{"type":"Feature","properties":{"Pob_total":94.0},"geometry":{"type":"Polygon","coordinates":[[[-79.54120094511435,-2.549044356833587],[-79.54072361642534,-2.549700320945432],[-79.5419555049529,-2.551086037273347],[-79.54163687422398,-2.553401349863218],[-79.54047314085561,-2.554424532339492],[-79.5396664846011,-2.554465504407195],[-79.53870375586146,-2.555222312768995],[-79.53778875086806,-2.557308368411545],[-79.5375519739197,-2.559063852435877],[-79.53785716365229,-2.56043148313069],[-79.53989256872367,-2.56215910466682],[-79.54186532243604,-2.562367027939358],[-79.54423293870846,-2.561672762912499],[-79.54531944225275,-2.561978691241593],[-79.54481879683583,-2.563571828142573],[-79.54250122131131,-2.565033179904022],[-79.54247529255744,-2.566448813880801],[-79.54501224355991,-2.565060607174135],[-79.5485546694961,-2.562389415755306],[-79.54788440524881,-2.562094479705616],[-79.5500269745647,-2.560413826063853],[-79.55207094255478,-2.556896872968789],[-79.55320019472578,-2.555844331755599],[-79.54710783097825,-2.550647445736922],[-79.54614545821984,-2.548545670613981],[-79.54616592131345,-2.546172963329197],[-79.54260144775024,-2.547687792098171],[-79.54120094511435,-2.549044356833587]]]}},{"type":"Feature","properties":{"Pob_total":385.0},"geometry":{"type":"Polygon","coordinates":[[[-79.60483813506362,-2.560750250158502],[-79.60212439685392,-2.560686080978553],[-79.60141790153943,-2.56129726400256],[-79.60096592804786,-2.562863378654327],[-79.60165741286511,-2.564871358411399],[-79.60105823657409,-2.56626528292677],[-79.5965731790119,-2.568028045646274],[-79.59539722311158,-2.566818237911356],[-79.59486067427252,-2.570198464931492],[-79.5931519534259,-2.574972912792806],[-79.59463585692622,-2.5755495835186],[-79.59424115609004,-2.575987448315616],[-79.61839369810488,-2.565907769653722],[-79.61837905884393,-2.564314375231821],[-79.6164581241401,-2.562574319397693],[-79.6145719929229,-2.562425399007275],[-79.61314882212724,-2.561799650684097],[-79.61109479958156,-2.559349573835671],[-79.60806640390358,-2.557657264909933],[-79.60654510883678,-2.557753518394771],[-79.60576381366819,-2.560016912585954],[-79.60483813506362,-2.560750250158502]]]}},{"type":"Feature","properties":{"Pob_total":241.0},"geometry":{"type":"Polygon","coordinates":[[[-79.58064414833024,-2.562544791145354],[-79.57987497302632,-2.565207290198359],[-79.57781818087234,-2.566218044144075],[-79.5756151605575,-2.56609203744786],[-79.57324162707994,-2.566707465607848],[-79.57157163996936,-2.567938775929684],[-79.5754042090668,-2.570542842134748],[-79.5703548288778,-2.575853558071917],[-79.56926694606291,-2.576491705615544],[-79.56947936521495,-2.577186244929505],[-79.56911921651692,-2.578658509978776],[-79.56816342254676,-2.579967598011977],[-79.56393492318077,-2.581912821712689],[-79.56403479859566,-2.582903178044031],[-79.567369007024,-2.585958943150291],[-79.57005009975009,-2.586078780982959],[-79.57140235934821,-2.586953759842844],[-79.57176761634874,-2.589945222574024],[-79.57223179231174,-2.590275830543596],[-79.57294892236727,-2.590175078697944],[-79.5738852040477,-2.588261662404232],[-79.57439386477964,-2.58493094540592],[-79.57335090330113,-2.582903571113571],[-79.57407436894653,-2.581644996668022],[-79.57587223708475,-2.581388035673481],[-79.57775980981951,-2.582197592825015],[-79.57813236268672,-2.583188259957557],[-79.57736753509634,-2.585315163575443],[-79.57735105761213,-2.586508520285886],[-79.57796634384532,-2.587174457950169],[-79.57992544316038,-2.587242680688638],[-79.58150728690362,-2.586005377808486],[-79.58269094622305,-2.584117613990928],[-79.58518108164769,-2.583419612587818],[-79.58603728373808,-2.579733185981623],[-79.59463585692622,-2.5755495835186],[-79.5931519534259,-2.574972912792806],[-79.59486067427252,-2.570198464931492],[-79.59539722311158,-2.566818237911356],[-79.59435801574715,-2.565519640520479],[-79.58874458857377,-2.565733730281501],[-79.5836537097878,-2.563864677562776],[-79.58193039866079,-2.56231146107857],[-79.58064414833024,-2.562544791145354]]]}},{"type":"Feature","properties":{"Pob_total":127.0},"geometry":{"type":"Polygon","coordinates":[[[-79.55483351247076,-2.558223011721902],[-79.55440747074893,-2.560661667141975],[-79.55414531906537,-2.560591012874408],[-79.55314890752656,-2.563979033184174],[-79.55487752049119,-2.564679813621528],[-79.55497278664437,-2.565245673780451],[-79.55577733141361,-2.565899711258427],[-79.55599744238256,-2.567733172819194],[-79.55389318657713,-2.571067121437024],[-79.55595183154519,-2.572374548729126],[-79.55759600916737,-2.574062365547977],[-79.5601760622154,-2.574197329076459],[-79.56309120066072,-2.577206908986311],[-79.56614525101077,-2.577926391634912],[-79.56809073486559,-2.576372986467695],[-79.56887888979541,-2.576192746668545],[-79.56926694606291,-2.576491705615544],[-79.5703548288778,-2.575853558071917],[-79.5754042090668,-2.570542842134748],[-79.57385925558353,-2.569224719896793],[-79.55997062682887,-2.561417230938092],[-79.55575433434763,-2.55796643687741],[-79.55584070611289,-2.558241636319589],[-79.55519408341841,-2.557704101072219],[-79.55483351247076,-2.558223011721902]]]}},{"type":"Feature","properties":{"Pob_total":186.0},"geometry":{"type":"Polygon","coordinates":[[[-79.54913665052688,-2.545372819598728],[-79.54823681017893,-2.547015236904347],[-79.5462374762493,-2.548850639225542],[-79.54710783097825,-2.550647445736922],[-79.55320019472578,-2.555844331755599],[-79.5543296855863,-2.556067071676712],[-79.55575433434763,-2.55796643687741],[-79.55997062682887,-2.561417230938092],[-79.57157163996936,-2.567938775929684],[-79.57324162707994,-2.566707465607848],[-79.5756151605575,-2.56609203744786],[-79.57781818087234,-2.566218044144075],[-79.57987497302632,-2.565207290198359],[-79.58064414833024,-2.562544791145354],[-79.5793831573212,-2.563024606187366],[-79.57819674072933,-2.562931489571945],[-79.57689890249036,-2.560940148348477],[-79.57729064436974,-2.559525830815097],[-79.57903745218819,-2.558381516189951],[-79.57888480861249,-2.557131817832985],[-79.57791474842975,-2.556725415579786],[-79.57507896690083,-2.557015990307165],[-79.57316927371009,-2.556206083909931],[-79.57337563855326,-2.555294125941609],[-79.5750622391488,-2.552872684587689],[-79.57482427902133,-2.551399148244177],[-79.57382669582972,-2.54974577083449],[-79.57265082257635,-2.549631775489201],[-79.57054367714763,-2.551318405414902],[-79.56925342391855,-2.551598460099715],[-79.56837818503345,-2.550740752286817],[-79.56739531938855,-2.548169469117175],[-79.56590846900325,-2.54791508453026],[-79.5625676564601,-2.55001971963512],[-79.56027131595528,-2.550579122053407],[-79.55923544540155,-2.549765451227966],[-79.55940447634121,-2.549115637233013],[-79.56053610368151,-2.548575239271904],[-79.56114963700935,-2.547770193262323],[-79.56113029706691,-2.54699829072267],[-79.56045998513322,-2.546156059051814],[-79.5586743004958,-2.545837711646386],[-79.55678146270735,-2.546797046785238],[-79.55534076363102,-2.546788652409005],[-79.55448661159163,-2.546029352824341],[-79.55304869339102,-2.543529284458927],[-79.55123076233704,-2.542914114101968],[-79.54913665052688,-2.545372819598728]]]}},{"type":"Feature","properties":{"Pob_total":278.0},"geometry":{"type":"Polygon","coordinates":[[[-79.53805377554623,-2.551035302026627],[-79.53628315117479,-2.551073902576282],[-79.53508426189393,-2.551560028540854],[-79.53338526082047,-2.553745050763672],[-79.53213284930897,-2.553933195041517],[-79.5299965982197,-2.555806248429229],[-79.52837111236428,-2.558451753070518],[-79.52784575697358,-2.558661040691837],[-79.52648735945891,-2.563441772858426],[-79.52563784211053,-2.564103915080404],[-79.52436016630466,-2.567612109932182],[-79.52446973604101,-2.569473948160883],[-79.52199326910142,-2.572054993473186],[-79.51982247606432,-2.572485792076604],[-79.51824035215118,-2.574457995357527],[-79.51348374266524,-2.575415377301935],[-79.5120623238263,-2.576408756399168],[-79.51096094079283,-2.576648199345642],[-79.50813278362384,-2.579726302135998],[-79.50380950943388,-2.578565663976311],[-79.50262790474063,-2.57917413141318],[-79.49882915376162,-2.5798115941017],[-79.49702364078912,-2.581735333676027],[-79.49565163264195,-2.581412722332111],[-79.49422999430034,-2.58258260785956],[-79.49324105401622,-2.582196253010275],[-79.48835576039723,-2.584020003179312],[-79.48596288657996,-2.58332703370013],[-79.48385619511393,-2.583533143764713],[-79.4805977485918,-2.586081005431066],[-79.4787108893404,-2.589288511863013],[-79.47646989287993,-2.590596365030751],[-79.47498069036165,-2.590423375040587],[-79.47361733294501,-2.591769828613579],[-79.47174439659555,-2.59221692459946],[-79.46988638721542,-2.595842488803346],[-79.47266381031247,-2.600024423772866],[-79.47329066291753,-2.603076097381086],[-79.47037168059809,-2.605484194348616],[-79.47089414707965,-2.606537893357979],[-79.47004688365902,-2.607480125764245],[-79.46974349677559,-2.612891212969993],[-79.46855706595795,-2.614392025470425],[-79.46799421350006,-2.616246582608813],[-79.4662715953919,-2.618510124441356],[-79.46522806881372,-2.620768166333298],[-79.46818975260013,-2.617401625232195],[-79.4717969942228,-2.61199567442533],[-79.47242317267369,-2.609301919720614],[-79.47203539149703,-2.6072975186466],[-79.47309982103705,-2.605835804508515],[-79.47271992779925,-2.605457729522917],[-79.47391012183671,-2.604599519101339],[-79.473214691437,-2.60426271910702],[-79.47357367311685,-2.603174215556995],[-79.47446065263082,-2.601972314454548],[-79.47583172419354,-2.60256428269976],[-79.47663777245447,-2.600857118473686],[-79.47499218507691,-2.594980768724905],[-79.47611173424323,-2.593120412839963],[-79.4831554319377,-2.589503924396702],[-79.48995929048314,-2.586828838095708],[-79.49617073542404,-2.583510250151206],[-79.49860241835708,-2.583756959382013],[-79.50217930386165,-2.58309421206131],[-79.51473290484407,-2.579171665104549],[-79.52323608660978,-2.575855034584189],[-79.53053516528585,-2.573569511453494],[-79.53794569109641,-2.568856290238544],[-79.54247529255744,-2.566448813880801],[-79.54250122131131,-2.565033179904022],[-79.54481879683583,-2.563571828142573],[-79.54531944225275,-2.561978691241593],[-79.54423293870846,-2.561672762912499],[-79.54186532243604,-2.562367027939358],[-79.53989256872367,-2.56215910466682],[-79.53785716365229,-2.56043148313069],[-79.5375832655238,-2.558184106870965],[-79.53870375586146,-2.555222312768995],[-79.53906405349768,-2.554742843126716],[-79.54122423378584,-2.553892950131365],[-79.54201743592655,-2.551741239594909],[-79.54169599413625,-2.550522470874098],[-79.54047905434786,-2.549555260966007],[-79.53805377554623,-2.551035302026627]]]}},{"type":"Feature","properties":{"Pob_total":304.0},"geometry":{"type":"Polygon","coordinates":[[[-79.5094893797204,-2.539671603593057],[-79.50849252719041,-2.540154753129087],[-79.5083362222293,-2.540780487645633],[-79.50969798421036,-2.543057032254061],[-79.50732651070204,-2.544594991487619],[-79.5055672835826,-2.544508686290889],[-79.50481457739032,-2.543388384306885],[-79.50439574672397,-2.543339749452214],[-79.50111275714107,-2.546549745805446],[-79.4990533529253,-2.547305653838764],[-79.49895653394663,-2.548232372621026],[-79.49954209740531,-2.548991376454586],[-79.49897168084145,-2.549779858532056],[-79.50016788345005,-2.550764699653826],[-79.50226085711284,-2.550501219096646],[-79.5074006245791,-2.546872527546738],[-79.51379248557357,-2.548030705065581],[-79.52481687288409,-2.547606330244478],[-79.52702348025791,-2.546794175602659],[-79.52808719388123,-2.54910425632087],[-79.5269764684954,-2.555796945507832],[-79.52708717916047,-2.55949654689818],[-79.52576667163167,-2.56094261650459],[-79.52531623405376,-2.562121169361125],[-79.52395905664393,-2.562131176126837],[-79.52276068814066,-2.563634447090057],[-79.52551032506231,-2.564733329156417],[-79.52563784211053,-2.564103915080404],[-79.52648735945891,-2.563441772858426],[-79.52784575697358,-2.558661040691837],[-79.52837111236428,-2.558451753070518],[-79.5299965982197,-2.555806248429229],[-79.53213284930897,-2.553933195041517],[-79.53338526082047,-2.553745050763672],[-79.53508426189393,-2.551560028540854],[-79.53628315117479,-2.551073902576282],[-79.53805377554623,-2.551035302026627],[-79.54014249565274,-2.549507481207494],[-79.54072361642534,-2.549700320945432],[-79.54120094511435,-2.549044356833587],[-79.53715906251956,-2.545200529143512],[-79.53126466253387,-2.54127835324862],[-79.5293469680274,-2.539518511540683],[-79.52870500050183,-2.540309251688822],[-79.52876301343476,-2.542584302061565],[-79.52808486457437,-2.543964764130966],[-79.52691347296869,-2.543958341656122],[-79.52614187305709,-2.543150040644438],[-79.52569482460392,-2.541103060025848],[-79.52364527265205,-2.540760475370065],[-79.52262440636667,-2.54159210612363],[-79.5224131160376,-2.545349638091523],[-79.52116216099705,-2.545749389471113],[-79.51961653600564,-2.544792903812795],[-79.51922375392847,-2.54387332068539],[-79.51965447949182,-2.542512894797605],[-79.5207253586091,-2.542102805576318],[-79.52173136099944,-2.541022334854919],[-79.52177844966285,-2.539575137841415],[-79.5180167185369,-2.535274763439302],[-79.51664324365726,-2.535384899061402],[-79.51480100146178,-2.538164816327579],[-79.5094893797204,-2.539671603593057]]]}},{"type":"Feature","properties":{"Pob_total":334.0},"geometry":{"type":"Polygon","coordinates":[[[-79.49897168084145,-2.549779858532056],[-79.49736130189835,-2.551215624036224],[-79.49485905274923,-2.551983035936567],[-79.4936612943373,-2.552788088416179],[-79.4896192452541,-2.560282207194578],[-79.48895706876993,-2.56362763373399],[-79.48605747843493,-2.566404669887568],[-79.48338631103567,-2.568303286574091],[-79.48200664516817,-2.571106188539665],[-79.48145264278409,-2.574030440910484],[-79.48098516467005,-2.574631715667144],[-79.47230711794937,-2.581915710345883],[-79.46688282547834,-2.585410616566762],[-79.46096235951673,-2.588262017933093],[-79.45906012361179,-2.590955884357752],[-79.45658400035059,-2.593151528878159],[-79.45295590958766,-2.594952508115666],[-79.44811773422155,-2.596567813133938],[-79.4455904443024,-2.598023291457176],[-79.44523867220441,-2.603239978390397],[-79.44730702297807,-2.602511133095791],[-79.45067112916507,-2.600535528445658],[-79.45427147846296,-2.599655571064719],[-79.4560437589739,-2.598749485438872],[-79.4577721180715,-2.598544231437761],[-79.45920354084437,-2.599150919923641],[-79.46033220327072,-2.599094572565614],[-79.46123007635364,-2.598460312151859],[-79.46348079492547,-2.598805419639247],[-79.46496495722475,-2.597393647137085],[-79.46861160262142,-2.596647125557696],[-79.46988638721542,-2.595842488803346],[-79.47174439659555,-2.59221692459946],[-79.47361733294501,-2.591769828613579],[-79.47498069036165,-2.590423375040587],[-79.47646989287993,-2.590596365030751],[-79.4787108893404,-2.589288511863013],[-79.4805977485918,-2.586081005431066],[-79.48385619511393,-2.583533143764713],[-79.48596288657996,-2.58332703370013],[-79.48835576039723,-2.584020003179312],[-79.49324105401622,-2.582196253010275],[-79.49422999430034,-2.58258260785956],[-79.49565163264195,-2.581412722332111],[-79.49702364078912,-2.581735333676027],[-79.49882915376162,-2.5798115941017],[-79.50262790474063,-2.57917413141318],[-79.50380950943388,-2.578565663976311],[-79.50813278362384,-2.579726302135998],[-79.51096094079283,-2.576648199345642],[-79.5120623238263,-2.576408756399168],[-79.51348374266524,-2.575415377301935],[-79.51824035215118,-2.574457995357527],[-79.51982247606432,-2.572485792076604],[-79.52199326910142,-2.572054993473186],[-79.52446973604101,-2.569473948160883],[-79.52436016630466,-2.567612109932182],[-79.52551032506231,-2.564733329156417],[-79.52276068814066,-2.563634447090057],[-79.52395905664393,-2.562131176126837],[-79.52531623405376,-2.562121169361125],[-79.52576667163167,-2.56094261650459],[-79.52708717916047,-2.55949654689818],[-79.5269764684954,-2.555796945507832],[-79.52808719388123,-2.54910425632087],[-79.52702348025791,-2.546794175602659],[-79.52481687288409,-2.547606330244478],[-79.51379248557357,-2.548030705065581],[-79.5074006245791,-2.546872527546738],[-79.50226085711284,-2.550501219096646],[-79.50016788345005,-2.550764699653826],[-79.49897168084145,-2.549779858532056]]]}},{"type":"Feature","properties":{"Pob_total":210.0},"geometry":{"type":"Polygon","coordinates":[[[-79.49914023969868,-2.583705689319808],[-79.49617073542404,-2.583510250151206],[-79.48995929048314,-2.586828838095708],[-79.4831554319377,-2.589503924396702],[-79.47798113385045,-2.592078899246915],[-79.47545350482103,-2.593885049608556],[-79.47499218507691,-2.594980768724905],[-79.4766778421909,-2.600363376252736],[-79.47583172419354,-2.60256428269976],[-79.47620648296663,-2.602787978098073],[-79.47438700352673,-2.605000078357942],[-79.47225898431071,-2.606748378987516],[-79.47201796765859,-2.607803043277794],[-79.4723946198671,-2.609784373399264],[-79.4717969942228,-2.61199567442533],[-79.46818975260013,-2.617401625232195],[-79.46518771543582,-2.620863163163213],[-79.471492316905,-2.620798720747151],[-79.47156127544477,-2.621095042719826],[-79.47135570515329,-2.621893863847871],[-79.46771357774705,-2.62495786080634],[-79.46624422948855,-2.628731114338245],[-79.46636336922023,-2.632503972951373],[-79.4675862482414,-2.63469082475396],[-79.46782968225706,-2.637192912299719],[-79.46701318594414,-2.641846559626304],[-79.4691820397573,-2.641994511078971],[-79.47228914035766,-2.637819904894275],[-79.47494676337512,-2.636535518921813],[-79.47739633746795,-2.637064878678547],[-79.48028460395109,-2.636620032143632],[-79.48036902874316,-2.635302081284931],[-79.48130254358608,-2.634740520496215],[-79.48235442279996,-2.633053767764785],[-79.4832270063854,-2.632755752282715],[-79.48536806622502,-2.6299808120879],[-79.4905603941659,-2.627610648607326],[-79.49148527141668,-2.626434635554991],[-79.49087627118178,-2.624870763356893],[-79.49560887940481,-2.621380312658905],[-79.49635802709848,-2.621973826407207],[-79.49602425000903,-2.617185936104916],[-79.49728577344302,-2.614386909762648],[-79.4984619489581,-2.612793971424488],[-79.49875502665964,-2.611429864399636],[-79.50011876806195,-2.61115032463659],[-79.50244110226316,-2.608959415448933],[-79.5034470521246,-2.607581322733865],[-79.50388046573794,-2.606168629998047],[-79.50773616145301,-2.605013514288339],[-79.50893659920311,-2.603803860998773],[-79.50927889569405,-2.602859804456772],[-79.51453056388716,-2.601610990395473],[-79.51621197031899,-2.600676921408805],[-79.5174113433753,-2.598443017453227],[-79.51770729985643,-2.596820055299544],[-79.51879352446893,-2.595909696097067],[-79.51973033005639,-2.594343467389179],[-79.52012916055182,-2.592639859417717],[-79.52090632572713,-2.591626212029948],[-79.52191296343698,-2.591176275229225],[-79.52198056686923,-2.590186483919346],[-79.52333680616303,-2.588990006851136],[-79.52686402447628,-2.588238405928569],[-79.52810710405218,-2.588809393494051],[-79.53098622782593,-2.586686993586918],[-79.53106605482309,-2.584833593323927],[-79.53753322681618,-2.576573150175821],[-79.54244369017641,-2.569341274397201],[-79.54170664750882,-2.56822758141387],[-79.53774490823511,-2.568992986255786],[-79.53053516528585,-2.573569511453494],[-79.52323608660978,-2.575855034584189],[-79.51473290484407,-2.579171665104549],[-79.50217930386165,-2.58309421206131],[-79.49914023969868,-2.583705689319808]]]}},{"type":"Feature","properties":{"Pob_total":174.0},"geometry":{"type":"Polygon","coordinates":[[[-79.5502616021067,-2.564232726142524],[-79.54906687777915,-2.566753150442576],[-79.54953192850054,-2.568821634716728],[-79.54189697428671,-2.570154133440233],[-79.53753322681618,-2.576573150175821],[-79.53106605482309,-2.584833593323927],[-79.53098622782593,-2.586686993586918],[-79.52810710405218,-2.588809393494051],[-79.5332872019709,-2.591714197840616],[-79.53539483135764,-2.591974132139335],[-79.5409221555807,-2.596505128737118],[-79.54484057864828,-2.5968007041312],[-79.54719825879302,-2.595146541296692],[-79.5492318947717,-2.595020229699556],[-79.55162055306728,-2.590866552543877],[-79.55197322061538,-2.589169971539436],[-79.55203949149673,-2.587806720123486],[-79.55070765635715,-2.586445675260354],[-79.56215343921583,-2.577994732557838],[-79.56271126944306,-2.580833227094186],[-79.56926694606291,-2.576491705615544],[-79.56851137193802,-2.576177169697097],[-79.56683228600922,-2.57763771311159],[-79.56500416663836,-2.577864160528297],[-79.56309120066072,-2.577206908986311],[-79.56061510234558,-2.574421266102064],[-79.55759600916737,-2.574062365547977],[-79.55595183154519,-2.572374548729126],[-79.55389318657713,-2.571067121437024],[-79.55599744238256,-2.567733172819194],[-79.55577733141361,-2.565899711258427],[-79.55497278664437,-2.565245673780451],[-79.55181583429692,-2.564263697096331],[-79.5502616021067,-2.564232726142524]]]}},{"type":"Feature","properties":{"Pob_total":156.0},"geometry":{"type":"Polygon","coordinates":[[[-79.5492629144432,-2.594890040461303],[-79.55226656749102,-2.595488547599105],[-79.55591074044303,-2.597593783000025],[-79.55707210679877,-2.598694073861735],[-79.56133042989381,-2.605409563353885],[-79.56213999707836,-2.605876448856755],[-79.56345934024496,-2.605746095943196],[-79.56671128765313,-2.608807302476654],[-79.56849798266231,-2.608699277599798],[-79.5694456223409,-2.60906710298831],[-79.56959078673113,-2.609691049715097],[-79.57166731871907,-2.611271004527675],[-79.57115554340027,-2.612444451901196],[-79.57132987359691,-2.613760044119608],[-79.57194963576028,-2.614199849465956],[-79.57242037136933,-2.61648062083044],[-79.57388191138678,-2.61698976232621],[-79.57442558414795,-2.61759652841086],[-79.57673405807381,-2.617751647668581],[-79.57701029502823,-2.61834074314325],[-79.57775104002049,-2.618125067944338],[-79.57837528612478,-2.618900690932648],[-79.57988399069473,-2.618181309073351],[-79.5826563587227,-2.618002758775614],[-79.58282199174232,-2.618502553281066],[-79.58371281836865,-2.618462141483281],[-79.58395869084474,-2.619426631202808],[-79.58363865582695,-2.619876584071392],[-79.58433405899608,-2.620639533958069],[-79.58759546080867,-2.611093070727279],[-79.58029003644407,-2.601972359803931],[-79.57867155138088,-2.599231926933405],[-79.57673410184466,-2.597281874028854],[-79.5751480257221,-2.596370047307923],[-79.57511533604931,-2.591663472218024],[-79.57094567286627,-2.591065905322736],[-79.56335875726714,-2.583526812267559],[-79.56215343921583,-2.577994732557838],[-79.55070765635715,-2.586445675260354],[-79.55203949149673,-2.587806720123486],[-79.55197322061538,-2.589169971539436],[-79.55162055306728,-2.590866552543877],[-79.5492629144432,-2.594890040461303]]]}},{"type":"Feature","properties":{"Pob_total":260.0},"geometry":{"type":"Polygon","coordinates":[[[-79.54785445731387,-2.542233433430814],[-79.54619494112941,-2.546036157275953],[-79.5462374762493,-2.548850639225542],[-79.54823681017893,-2.547015236904347],[-79.55123076233704,-2.542914114101968],[-79.54804385807951,-2.541800273807528],[-79.54785445731387,-2.542233433430814]]]}},{"type":"Feature","properties":{"Pob_total":417.0},"geometry":{"type":"Polygon","coordinates":[[[-79.53226215452635,-2.538033253577188],[-79.53204406225788,-2.538901358713666],[-79.5304283909141,-2.538858888562063],[-79.5293469680274,-2.539518511540683],[-79.53126466253387,-2.54127835324862],[-79.53715906251956,-2.545200529143512],[-79.54120094511435,-2.549044356833587],[-79.54260144775024,-2.547687792098171],[-79.54616592131345,-2.546172963329197],[-79.54804385807951,-2.541800273807528],[-79.5436969287214,-2.539386875811398],[-79.54218388169065,-2.537871880967185],[-79.54103122630728,-2.537424034165406],[-79.53916557724246,-2.536908693825644],[-79.53756968849306,-2.53723188007804],[-79.53645274103596,-2.538200528238123],[-79.53561486043976,-2.537955824997164],[-79.53508686312125,-2.536035700766451],[-79.53431560661097,-2.534917640191807],[-79.53206948680095,-2.534265085362972],[-79.53116960202759,-2.535279678342217],[-79.53223283904657,-2.537164865105088],[-79.53226215452635,-2.538033253577188]]]}},{"type":"Feature","properties":{"Pob_total":346.0},"geometry":{"type":"Polygon","coordinates":[[[-79.56271126944306,-2.580833227094186],[-79.56335875726714,-2.583526812267559],[-79.57094567286627,-2.591065905322736],[-79.57511533604931,-2.591663472218024],[-79.5751480257221,-2.596370047307923],[-79.57673410184466,-2.597281874028854],[-79.57867155138088,-2.599231926933405],[-79.58029003644407,-2.601972359803931],[-79.58759546080867,-2.611093070727279],[-79.59227870181272,-2.597121978124994],[-79.59243384669912,-2.594829050714794],[-79.59199488034733,-2.594016043306143],[-79.59069877519309,-2.593390703771548],[-79.58771290494667,-2.594038328877023],[-79.58389818344858,-2.59365486938317],[-79.58313601955251,-2.592877609938036],[-79.58342449201544,-2.591785556351132],[-79.5849433934083,-2.590144179838179],[-79.5841722024239,-2.58941205114537],[-79.58312180987527,-2.589510179047077],[-79.58178495502183,-2.58889477709507],[-79.58178623967586,-2.587739204584571],[-79.58286429180185,-2.586982070451259],[-79.58652776710238,-2.586119497091587],[-79.58661071617922,-2.584169555265394],[-79.5855163830118,-2.583419012059882],[-79.58338317124785,-2.583707055766413],[-79.58231186837267,-2.584452350647763],[-79.58150728690362,-2.586005377808486],[-79.58023869857166,-2.587070373956549],[-79.57838533193693,-2.587276493433588],[-79.57735105761213,-2.586508520285886],[-79.57736753509634,-2.585315163575443],[-79.57813236268672,-2.583188259957557],[-79.57775980981951,-2.582197592825015],[-79.57587223708475,-2.581388035673481],[-79.57407436894653,-2.581644996668022],[-79.57335090330113,-2.582903571113571],[-79.57439386477964,-2.58493094540592],[-79.5738852040477,-2.588261662404232],[-79.57294892236727,-2.590175078697944],[-79.57223179231174,-2.590275830543596],[-79.57176761634874,-2.589945222574024],[-79.57140235934821,-2.586953759842844],[-79.57005009975009,-2.586078780982959],[-79.567369007024,-2.585958943150291],[-79.56392909800115,-2.582603446276779],[-79.56424335051936,-2.581542465870415],[-79.56662241856439,-2.580813908466765],[-79.56851732105233,-2.579571900648346],[-79.5694436005585,-2.57756198988741],[-79.56926694606291,-2.576491705615544],[-79.56271126944306,-2.580833227094186]]]}},{"type":"Feature","properties":{"Pob_total":105.0},"geometry":{"type":"Polygon","coordinates":[[[-79.55238050048489,-2.538924734457459],[-79.55245583695734,-2.539418584139744],[-79.5504354293831,-2.540844159257051],[-79.5492479941508,-2.542389436962555],[-79.55304869339102,-2.543529284458927],[-79.55448661159163,-2.546029352824341],[-79.55534076363102,-2.546788652409005],[-79.55678146270735,-2.546797046785238],[-79.5586743004958,-2.545837711646386],[-79.56045998513322,-2.546156059051814],[-79.56113029706691,-2.54699829072267],[-79.56114963700935,-2.547770193262323],[-79.55925604228462,-2.549406617832303],[-79.55982036479537,-2.550477051197291],[-79.5625676564601,-2.55001971963512],[-79.56514143144379,-2.548187694316715],[-79.56641159969837,-2.547888759804037],[-79.56714100949645,-2.545654343608219],[-79.56624737718101,-2.544459780134312],[-79.56628720324382,-2.543083835609215],[-79.56687503303631,-2.54204105869755],[-79.5661221854332,-2.540638455810891],[-79.5661077496095,-2.53954175931652],[-79.5626622739762,-2.539251735827452],[-79.56049406250915,-2.540393856171712],[-79.5554097628586,-2.53826187135739],[-79.55238050048489,-2.538924734457459]]]}},{"type":"Feature","properties":{"Pob_total":262.0},"geometry":{"type":"Polygon","coordinates":[[[-79.55093483152169,-2.524444506662519],[-79.54976505109316,-2.524806590676343],[-79.54861288280402,-2.526316125904089],[-79.5469361680508,-2.527593086897999],[-79.54603795674946,-2.529008028494644],[-79.54243924627932,-2.531600363695386],[-79.54034528111357,-2.532626043883677],[-79.5470845647106,-2.535739227786241],[-79.54839128892998,-2.536873440325746],[-79.55082228118417,-2.536360634640412],[-79.55690283620389,-2.531397504693202],[-79.55654689786535,-2.529970306862907],[-79.55727155171557,-2.529172220603681],[-79.55686754213575,-2.528346644904698],[-79.55557113507027,-2.528633254704223],[-79.55459647032315,-2.528195691924883],[-79.55417406893712,-2.52664320786841],[-79.5554680585385,-2.524772937887457],[-79.5543245657689,-2.52475082277743],[-79.55353873657798,-2.523181956447115],[-79.55261483027311,-2.522549189124483],[-79.55093483152169,-2.524444506662519]]]}},{"type":"Feature","properties":{"Pob_total":343.0},"geometry":{"type":"Polygon","coordinates":[[[-79.53750950636939,-2.51611461879221],[-79.53326788105353,-2.528354454201908],[-79.53230735133164,-2.528879910962368],[-79.54034528111357,-2.532626043883677],[-79.54243924627932,-2.531600363695386],[-79.54603795674946,-2.529008028494644],[-79.5469361680508,-2.527593086897999],[-79.54861288280402,-2.526316125904089],[-79.54976505109316,-2.524806590676343],[-79.55093483152169,-2.524444506662519],[-79.55261483027311,-2.522549189124483],[-79.55200614333637,-2.522131211448989],[-79.55186331721056,-2.520606928070117],[-79.5507903086178,-2.520553997484399],[-79.54937904229124,-2.519409328099761],[-79.54878414846354,-2.517903986364372],[-79.54845922628678,-2.518090475439492],[-79.54839440455095,-2.519379647402027],[-79.54709822550029,-2.519877885123766],[-79.5464283654482,-2.518673630358736],[-79.54556073842697,-2.518222712720841],[-79.54537541201411,-2.516673694781232],[-79.54045405846453,-2.516839740190211],[-79.53750950636939,-2.51611461879221]]]}},{"type":"Feature","properties":{"Pob_total":318.0},"geometry":{"type":"Polygon","coordinates":[[[-79.53370941097207,-2.499828789032275],[-79.5318666695406,-2.499218965273684],[-79.53097172917575,-2.500049841639951],[-79.53049635010703,-2.499652220289455],[-79.52919616094134,-2.502874187040285],[-79.51580604235446,-2.519526714895304],[-79.52788833414135,-2.526772953308541],[-79.53230735133164,-2.528879910962368],[-79.53326788105353,-2.528354454201908],[-79.53778856962717,-2.514470441069383],[-79.53897498008976,-2.513372823697836],[-79.54078130577375,-2.510016586749186],[-79.54466197592946,-2.509420037683474],[-79.54641059753179,-2.507244881769357],[-79.54604904725937,-2.507134230844555],[-79.54614131983041,-2.506225939754092],[-79.54554528007058,-2.506252768725258],[-79.5453046258108,-2.505863421421694],[-79.5455200487694,-2.504832177187573],[-79.54599253609679,-2.504966828388854],[-79.5455611432804,-2.504261356596094],[-79.5461487948806,-2.503521656878281],[-79.54507234551866,-2.502306510857493],[-79.54525649795511,-2.501828730312687],[-79.54453827606046,-2.499633188162452],[-79.54358382888479,-2.499714429989996],[-79.54299930166687,-2.502582045135087],[-79.54228236907585,-2.503125163451635],[-79.53950543500072,-2.502967508360149],[-79.53849939041983,-2.502058717403639],[-79.53822578603673,-2.500328179048937],[-79.5364631634457,-2.499472268123854],[-79.53465734070372,-2.497842582248438],[-79.53370941097207,-2.499828789032275]]]}},{"type":"Feature","properties":{"Pob_total":372.0},"geometry":{"type":"Polygon","coordinates":[[[-79.51538936865362,-2.534213362898258],[-79.51540572244988,-2.537491171767143],[-79.51664324365726,-2.535384899061402],[-79.5180167185369,-2.535274763439302],[-79.52150143636474,-2.538970528565108],[-79.52173136099944,-2.541022334854919],[-79.5207253586091,-2.542102805576318],[-79.51965447949182,-2.542512894797605],[-79.51922375392847,-2.54387332068539],[-79.51961653600564,-2.544792903812795],[-79.52116216099705,-2.545749389471113],[-79.5224131160376,-2.545349638091523],[-79.52262440636667,-2.54159210612363],[-79.52364527265205,-2.540760475370065],[-79.52569482460392,-2.541103060025848],[-79.52614187305709,-2.543150040644438],[-79.52691347296869,-2.543958341656122],[-79.52808486457437,-2.543964764130966],[-79.52876301343476,-2.542584302061565],[-79.52870500050183,-2.540309251688822],[-79.52985252794394,-2.53909182253704],[-79.53204406225788,-2.538901358713666],[-79.53220596643015,-2.53860701419336],[-79.53223283904657,-2.537164865105088],[-79.53119449826463,-2.535589470858763],[-79.53166541046821,-2.534396655034243],[-79.53319023350387,-2.534403470692904],[-79.53431560661097,-2.534917640191807],[-79.53508686312125,-2.536035700766451],[-79.53534771461636,-2.537549272919614],[-79.53613969566877,-2.538200171967041],[-79.53756968849306,-2.53723188007804],[-79.53916557724246,-2.536908693825644],[-79.54218388169065,-2.537871880967185],[-79.5436969287214,-2.539386875811398],[-79.54678207927313,-2.540894055980827],[-79.54770775216231,-2.53956596850233],[-79.54839128892998,-2.536873440325746],[-79.5470845647106,-2.535739227786241],[-79.52866401091076,-2.527178015298424],[-79.52042584425715,-2.522306088808368],[-79.51955555418466,-2.523988733163218],[-79.51834320964355,-2.524464782201612],[-79.51768117838219,-2.525192972591435],[-79.51673341024477,-2.527056300778466],[-79.51538936865362,-2.534213362898258]]]}},{"type":"Feature","properties":{"Pob_total":224.0},"geometry":{"type":"Polygon","coordinates":[[[-79.50964382123635,-2.526138271299418],[-79.50565930961785,-2.525157354406339],[-79.50217833693067,-2.525338153425814],[-79.50148770457216,-2.52598761453553],[-79.50093976986497,-2.525941130331448],[-79.50028693346728,-2.529939064681014],[-79.49891494723164,-2.531923157808393],[-79.4987978138686,-2.532948297931744],[-79.49972391321118,-2.533390633490298],[-79.5022588167002,-2.532802182041181],[-79.50378485264379,-2.531732489558895],[-79.50439565623661,-2.531844914774024],[-79.50499915805734,-2.533922531480931],[-79.50399677163172,-2.536252184292938],[-79.50534423152992,-2.536807256412409],[-79.50801027602522,-2.536683398852248],[-79.50825646383477,-2.537744994855261],[-79.50743673297123,-2.539297924258446],[-79.50771917188436,-2.539567388855187],[-79.51014333699004,-2.539561444399494],[-79.51480100146178,-2.538164816327579],[-79.51540572244988,-2.537491171767143],[-79.51528665296645,-2.534743830530895],[-79.51687263194422,-2.52682078501334],[-79.51559058894125,-2.526905052353066],[-79.51233376486448,-2.524988864864618],[-79.50964382123635,-2.526138271299418]]]}},{"type":"Feature","properties":{"Pob_total":349.0},"geometry":{"type":"Polygon","coordinates":[[[-79.45328087782167,-2.500284156037284],[-79.44981893860385,-2.501357736860657],[-79.44944535531566,-2.503421342850735],[-79.44736101662916,-2.504327681262648],[-79.44693468119661,-2.506409460173508],[-79.44750263766771,-2.509130945626685],[-79.4469894822853,-2.510645882512159],[-79.44551965351108,-2.509585651365342],[-79.44150753621967,-2.51082261866423],[-79.44672336387289,-2.511903993850763],[-79.44787421858437,-2.514135732578821],[-79.44958689434962,-2.513316607494448],[-79.45058192524353,-2.513259190058443],[-79.45445908773694,-2.516924804906283],[-79.4558956367027,-2.516251762983873],[-79.45667525339823,-2.517021651053137],[-79.45584474765928,-2.518160023962631],[-79.45369754450076,-2.518922840494165],[-79.45434217075635,-2.520231244335279],[-79.454038189665,-2.520732811702046],[-79.45207871403063,-2.52113038989674],[-79.45141945276659,-2.521707410591051],[-79.45129971139956,-2.519624760507275],[-79.45017405870523,-2.520873444733659],[-79.4498982506388,-2.522640082121405],[-79.44860702982909,-2.524663247015857],[-79.4490690145195,-2.52559467014526],[-79.44864631766312,-2.526416506707295],[-79.44872585853017,-2.527279918166444],[-79.44792249703917,-2.528349283257939],[-79.4468215227387,-2.528644049756327],[-79.44529636855401,-2.529864113129765],[-79.44549532190999,-2.53034981756385],[-79.44665280682946,-2.530101879587927],[-79.44626583467212,-2.530820658070466],[-79.44528249816317,-2.530864154032348],[-79.44572106768621,-2.532204144222941],[-79.44637177242267,-2.532247889377802],[-79.44610658242404,-2.534072232338745],[-79.44450876069936,-2.533106697732061],[-79.44300347482462,-2.533717684139939],[-79.44218601148516,-2.533338122297162],[-79.44156986450746,-2.534099676581164],[-79.44073595237374,-2.534087815801939],[-79.44039889182123,-2.53532476622251],[-79.43842030606726,-2.537101715496911],[-79.43806068930678,-2.539143161164737],[-79.43591049912668,-2.540940605152104],[-79.43607755026626,-2.542081305691005],[-79.43538570023759,-2.542531291252225],[-79.43526676517746,-2.544518674466612],[-79.43388708926102,-2.545131422120995],[-79.43313717492472,-2.546348281386027],[-79.43237461830094,-2.545350238927209],[-79.4158164659343,-2.556800084465563],[-79.42533933138466,-2.564018562361818],[-79.42715687736464,-2.563977448046989],[-79.42831845850222,-2.562981627068677],[-79.42911157510625,-2.562947097142709],[-79.4313349575129,-2.561761418604284],[-79.43122959658476,-2.559829445523745],[-79.43196713703432,-2.558584584381628],[-79.43179754848761,-2.557799000821546],[-79.43105347969437,-2.557030765470123],[-79.43144926446782,-2.556336149550201],[-79.43325520714302,-2.554866914551893],[-79.4350777442981,-2.554517082141935],[-79.43630970445778,-2.55264993429625],[-79.43835766116221,-2.551451801177937],[-79.43951615158626,-2.550956710864367],[-79.4407813530405,-2.551292265009506],[-79.44150969524024,-2.55021889807638],[-79.44265877536952,-2.550084885859515],[-79.44280356201726,-2.549110107760973],[-79.4441404314471,-2.549563100989312],[-79.44426781745604,-2.548127905021805],[-79.44648656689901,-2.546713301175354],[-79.44857765195617,-2.546968600150271],[-79.44830152710102,-2.5451898725524],[-79.44871550856611,-2.544278607206182],[-79.4494514459902,-2.544351716178506],[-79.45097614354867,-2.545364625289915],[-79.45463912780752,-2.544691989429138],[-79.45869026617255,-2.542178211922699],[-79.45848594059498,-2.540390537069025],[-79.45906504741379,-2.539570888043189],[-79.45989624015603,-2.53948045804331],[-79.46142267773557,-2.540479396460719],[-79.46315242497373,-2.540284595873621],[-79.46513035616206,-2.538511753800786],[-79.4688647543791,-2.536596510291314],[-79.47196385943606,-2.536127609764065],[-79.4756658274141,-2.532818908209096],[-79.47620213038908,-2.5315542842153],[-79.47909074475619,-2.52846266731104],[-79.48076288885933,-2.527292463608362],[-79.47669651786215,-2.522947670854547],[-79.47591642122508,-2.524883610622326],[-79.47467519121724,-2.525452844538765],[-79.47226017540547,-2.525833901934168],[-79.47087810502266,-2.525476813861138],[-79.47238379210962,-2.524699614003411],[-79.4714053150306,-2.523349994479194],[-79.46857804551236,-2.520564018015355],[-79.46654633045777,-2.520260475922937],[-79.46685973646082,-2.519006467510356],[-79.4687477520625,-2.518814801391037],[-79.47115593187188,-2.519196391685818],[-79.47276385960949,-2.520079064792076],[-79.47481895435959,-2.520200231126251],[-79.47548631452895,-2.520692552379034],[-79.47718640993553,-2.52003832755285],[-79.47800215533667,-2.521372166366723],[-79.47958872982466,-2.520670325839269],[-79.48058446302905,-2.521536494751929],[-79.48207321635535,-2.517962680430332],[-79.48160594722033,-2.516136834769607],[-79.4789963395277,-2.513443053202875],[-79.47489736161825,-2.513375303215388],[-79.47361502013322,-2.512870285582133],[-79.47342791839795,-2.512335055516178],[-79.47418277975743,-2.508968586059756],[-79.47107304369418,-2.506735252595385],[-79.46947162595343,-2.50645720492703],[-79.46723138196077,-2.507261943002703],[-79.46617581824292,-2.505993679939815],[-79.46503530864923,-2.5030650834015],[-79.46264853037835,-2.50099426516573],[-79.46102729185621,-2.500555451585128],[-79.45850748863577,-2.500814620102616],[-79.45730756560845,-2.499182102132355],[-79.4545720356761,-2.498188558648549],[-79.45367340201831,-2.498944791090333],[-79.45328087782167,-2.500284156037284]]]}},{"type":"Feature","properties":{"Pob_total":244.0},"geometry":{"type":"Polygon","coordinates":[[[-79.4395290141442,-2.513950024306721],[-79.43887930708654,-2.513837283249391],[-79.43629309300427,-2.515766539859874],[-79.43289492613765,-2.5169254611844],[-79.43144440110811,-2.516881930106177],[-79.43040063982649,-2.516338140042386],[-79.42936839474332,-2.516622397573313],[-79.42921916407782,-2.517494116449239],[-79.42830348783193,-2.518005492125129],[-79.42759912556865,-2.526304280841007],[-79.42091117091267,-2.530346864752442],[-79.42617062598184,-2.54964036973521],[-79.43237461830094,-2.545350238927209],[-79.43313717492472,-2.546348281386027],[-79.43388708926102,-2.545131422120995],[-79.43526676517746,-2.544518674466612],[-79.43538570023759,-2.542531291252225],[-79.43607755026626,-2.542081305691005],[-79.43591049912668,-2.540940605152104],[-79.43806068930678,-2.539143161164737],[-79.43842030606726,-2.537101715496911],[-79.44039889182123,-2.53532476622251],[-79.44073595237374,-2.534087815801939],[-79.44156986450746,-2.534099676581164],[-79.44218601148516,-2.533338122297162],[-79.44300347482462,-2.533717684139939],[-79.44450876069936,-2.533106697732061],[-79.44595556685687,-2.534254099125826],[-79.44637177242267,-2.532247889377802],[-79.44572106768621,-2.532204144222941],[-79.44528249816317,-2.530864154032348],[-79.44626583467212,-2.530820658070466],[-79.44665280682946,-2.530101879587927],[-79.44549532190999,-2.53034981756385],[-79.44529636855401,-2.529864113129765],[-79.4468215227387,-2.528644049756327],[-79.44792249703917,-2.528349283257939],[-79.44872585853017,-2.527279918166444],[-79.44864631766312,-2.526416506707295],[-79.4490690145195,-2.52559467014526],[-79.44860702982909,-2.524663247015857],[-79.4498982506388,-2.522640082121405],[-79.45017405870523,-2.520873444733659],[-79.45129971139956,-2.519624760507275],[-79.45141945276659,-2.521707410591051],[-79.45207871403063,-2.52113038989674],[-79.454038189665,-2.520732811702046],[-79.45434217075635,-2.520231244335279],[-79.45369754450076,-2.518922840494165],[-79.45584474765928,-2.518160023962631],[-79.45667525339823,-2.517021651053137],[-79.4558956367027,-2.516251762983873],[-79.45445908773694,-2.516924804906283],[-79.45058192524353,-2.513259190058443],[-79.44958689434962,-2.513316607494448],[-79.44787421858437,-2.514135732578821],[-79.44672336387289,-2.511903993850763],[-79.44168419363875,-2.510845463399173],[-79.4395290141442,-2.513950024306721]]]}},{"type":"Feature","properties":{"Pob_total":223.0},"geometry":{"type":"Polygon","coordinates":[[[-79.55470246607682,-2.52830027166901],[-79.55557113507027,-2.528633254704223],[-79.55686754213575,-2.528346644904698],[-79.55727155171557,-2.529172220603681],[-79.55654689786535,-2.529970306862907],[-79.55690283620389,-2.531397504693202],[-79.55993466104522,-2.52904074612283],[-79.55970127740069,-2.528008114812087],[-79.55890917920344,-2.527062566382807],[-79.55707565376632,-2.52538807038692],[-79.5554680585385,-2.524772937887457],[-79.55417406893712,-2.52664320786841],[-79.55470246607682,-2.52830027166901]]]}},{"type":"Feature","properties":{"Pob_total":114.0},"geometry":{"type":"Polygon","coordinates":[[[-79.55092922784233,-2.536547100650878],[-79.55238050048489,-2.538924734457459],[-79.5554097628586,-2.53826187135739],[-79.56049406250915,-2.540393856171712],[-79.5626622739762,-2.539251735827452],[-79.5661077496095,-2.53954175931652],[-79.56577441339884,-2.538376741146566],[-79.56503249715983,-2.537747069443398],[-79.56307295446497,-2.537714044637441],[-79.56199955830769,-2.538156917422569],[-79.56088300369474,-2.537210008314094],[-79.5601044936757,-2.537148361607497],[-79.55923486496528,-2.536131274605498],[-79.55869718041978,-2.536636333005674],[-79.55749749036438,-2.536790460576766],[-79.55627280717059,-2.534909074889338],[-79.55597360891838,-2.533054049454288],[-79.55540371832046,-2.53256222372731],[-79.55140641693353,-2.535703030997698],[-79.55092922784233,-2.536547100650878]]]}},{"type":"Feature","properties":{"Pob_total":284.0},"geometry":{"type":"Polygon","coordinates":[[[-79.55690283620389,-2.531397504693202],[-79.55540371832046,-2.53256222372731],[-79.55597360891838,-2.533054049454288],[-79.55627280717059,-2.534909074889338],[-79.55742462856006,-2.536728607505538],[-79.55869718041978,-2.536636333005674],[-79.55923486496528,-2.536131274605498],[-79.5601044936757,-2.537148361607497],[-79.56088300369474,-2.537210008314094],[-79.56199955830769,-2.538156917422569],[-79.56307295446497,-2.537714044637441],[-79.56503249715983,-2.537747069443398],[-79.56611077296033,-2.539243281073935],[-79.56603448922402,-2.538123792732081],[-79.56649554705977,-2.537382678922554],[-79.5661764491385,-2.536928575574465],[-79.56483941127524,-2.536861878427846],[-79.56440704338618,-2.536375179733767],[-79.56161610630451,-2.536208186784024],[-79.56134452492032,-2.535316486649958],[-79.56230631685429,-2.53471367797439],[-79.5619594601612,-2.534562433966955],[-79.56173829780698,-2.532880506651196],[-79.56039844141935,-2.531951167845069],[-79.55993466104522,-2.52904074612283],[-79.55690283620389,-2.531397504693202]]]}},{"type":"Feature","properties":{"Pob_total":134.0},"geometry":{"type":"Polygon","coordinates":[[[-79.54831236570337,-2.505628096809467],[-79.54656853866699,-2.506803613299184],[-79.54611949025721,-2.507920064910111],[-79.54466197592946,-2.509420037683474],[-79.54078130577375,-2.510016586749186],[-79.53897498008976,-2.513372823697836],[-79.53778856962717,-2.514470441069383],[-79.53753631795546,-2.515956653466663],[-79.54045405846453,-2.516839740190211],[-79.54537541201411,-2.516673694781232],[-79.54518344372339,-2.516250304331109],[-79.54558014690879,-2.515637555841946],[-79.544909085469,-2.514869861493608],[-79.54536193961734,-2.514383612135652],[-79.54496384713252,-2.513327263163957],[-79.54587892803414,-2.513717365688159],[-79.5461012017401,-2.514303584919049],[-79.54694973850137,-2.514288524785724],[-79.54767219739423,-2.513708607122977],[-79.54796476067337,-2.514323303089555],[-79.5481643200616,-2.513328487726112],[-79.54559094640996,-2.511888137192774],[-79.54578714297777,-2.51108912472178],[-79.54523972247088,-2.510651499386984],[-79.54610604472565,-2.509348120261885],[-79.54584225358292,-2.508819647630391],[-79.5471620803138,-2.508882349582041],[-79.5477983570862,-2.509391159059039],[-79.54850432309705,-2.508677819233554],[-79.54850792201961,-2.507205344179559],[-79.54895888130417,-2.506883783614188],[-79.5484934030011,-2.506425902712915],[-79.54894483343136,-2.505185275056942],[-79.54836551287288,-2.504399688460517],[-79.54831236570337,-2.505628096809467]]]}},{"type":"Feature","properties":{"Pob_total":124.0},"geometry":{"type":"Polygon","coordinates":[[[-79.49617043878301,-2.530582712849743],[-79.45471635040725,-2.574590641764716],[-79.46408743919538,-2.586856085252942],[-79.47230711794937,-2.581915710345883],[-79.48098516467005,-2.574631715667144],[-79.48145264278409,-2.574030440910484],[-79.48200664516817,-2.571106188539665],[-79.48338631103567,-2.568303286574091],[-79.48605747843493,-2.566404669887568],[-79.48895706876993,-2.56362763373399],[-79.4896192452541,-2.560282207194578],[-79.4936612943373,-2.552788088416179],[-79.49485905274923,-2.551983035936567],[-79.49736130189835,-2.551215624036224],[-79.49875101004471,-2.550013576728086],[-79.49954209740531,-2.548991376454586],[-79.49895653394663,-2.548232372621026],[-79.4990533529253,-2.547305653838764],[-79.50111275714107,-2.546549745805446],[-79.50439574672397,-2.543339749452214],[-79.50481457739032,-2.543388384306885],[-79.5055672835826,-2.544508686290889],[-79.50732651070204,-2.544594991487619],[-79.50969798421036,-2.543057032254061],[-79.5083362222293,-2.540780487645633],[-79.50906605725609,-2.539686582508233],[-79.50743673297123,-2.539297924258446],[-79.50825646383477,-2.537744994855261],[-79.50801027602522,-2.536683398852248],[-79.50534423152992,-2.536807256412409],[-79.50399677163172,-2.536252184292938],[-79.50499915805734,-2.533922531480931],[-79.50439565623661,-2.531844914774024],[-79.50378485264379,-2.531732489558895],[-79.5022588167002,-2.532802182041181],[-79.49972391321118,-2.533390633490298],[-79.49804940535928,-2.53221427884416],[-79.49652702357831,-2.530175949845069],[-79.49617043878301,-2.530582712849743]]]}},{"type":"Feature","properties":{"Pob_total":81.0},"geometry":{"type":"Polygon","coordinates":[[[-79.42667636878137,-2.498849316488946],[-79.42926632518054,-2.510403700502807],[-79.42830348783193,-2.518005492125129],[-79.42921916407782,-2.517494116449239],[-79.42956478262367,-2.516464283260023],[-79.43289492613765,-2.5169254611844],[-79.43629309300427,-2.515766539859874],[-79.43887930708654,-2.513837283249391],[-79.4394479046812,-2.51402933116045],[-79.4416905276067,-2.510508505937271],[-79.44448397244842,-2.510111300233156],[-79.44551965351108,-2.509585651365342],[-79.4469894822853,-2.510645882512159],[-79.44750263766771,-2.509130945626685],[-79.44693468119661,-2.506409460173508],[-79.44736101662916,-2.504327681262648],[-79.44231300739045,-2.502890483488856],[-79.44115483298025,-2.501904517529017],[-79.44017776905977,-2.500322763164019],[-79.43870879081628,-2.500761505834358],[-79.43752520826789,-2.499464533745521],[-79.43566928628815,-2.500343297100162],[-79.43414991386672,-2.499849149990808],[-79.43183025080931,-2.500727367811855],[-79.43032413990554,-2.499909378426232],[-79.42849523555279,-2.499725801126997],[-79.42656830423971,-2.49836721574426],[-79.42667636878137,-2.498849316488946]]]}},{"type":"Feature","properties":{"Pob_total":313.0},"geometry":{"type":"Polygon","coordinates":[[[-79.69848701841326,-2.603102969224008],[-79.69494134238856,-2.602638004027649],[-79.69014204953092,-2.602984124657747],[-79.68900596191466,-2.602673123270821],[-79.69274183515545,-2.630465242260725],[-79.69138434756647,-2.631544324634797],[-79.68996145810988,-2.63951971813566],[-79.69249311288685,-2.640083957],[-79.69431558243303,-2.639253860808515],[-79.6970302048545,-2.63890639806409],[-79.69817631676435,-2.639440390940506],[-79.69946614251609,-2.641353941802965],[-79.70149826751205,-2.641304989616046],[-79.70276054078785,-2.641802610168642],[-79.70397084836294,-2.643424138396652],[-79.7041405171459,-2.647766902483323],[-79.70676476937152,-2.650608762619314],[-79.70748303925619,-2.650821172348679],[-79.71027349383125,-2.654371159011327],[-79.71014093611325,-2.656224833805251],[-79.70870723779058,-2.6600404304607],[-79.70894913143671,-2.66471170982869],[-79.70911515091152,-2.665580403225235],[-79.71222437346286,-2.669692722588936],[-79.71517592068355,-2.671907270414787],[-79.71912951033255,-2.67366306105032],[-79.7205406086391,-2.674723065999496],[-79.74936463264763,-2.699122402576867],[-79.75114239801682,-2.700261354129109],[-79.75278463494213,-2.70052927132427],[-79.75574409834468,-2.704657782714412],[-79.75779376193626,-2.704721118030716],[-79.76088065418236,-2.702601850696653],[-79.76027575619759,-2.698723695623119],[-79.76121026243621,-2.697765472901231],[-79.7658167078354,-2.698117117399936],[-79.7692379855172,-2.697028212888193],[-79.77246026227907,-2.696623302907268],[-79.77423629368127,-2.698396360153826],[-79.77363895986588,-2.705180222981926],[-79.77419144663746,-2.70790437659615],[-79.77627704946647,-2.709743242864222],[-79.77865483478365,-2.70933748829313],[-79.78277708202398,-2.704006330429174],[-79.7850125369648,-2.702745311557611],[-79.78660885150086,-2.702709014309239],[-79.78859895670168,-2.706019400460511],[-79.78875781936333,-2.707360935192006],[-79.79039774029731,-2.710519740827756],[-79.79320848014879,-2.71162704060997],[-79.79593156309335,-2.712182902948685],[-79.81009086215882,-2.713905582394423],[-79.81725986035408,-2.714277686391284],[-79.83150803194164,-2.714109073033344],[-79.8364080115271,-2.714752633191623],[-79.84759827259344,-2.715064930898673],[-79.84515663420238,-2.709218012091468],[-79.83648047506453,-2.691614546346063],[-79.82363525890742,-2.676393351760564],[-79.81603031218529,-2.666528467143481],[-79.80589991421306,-2.658369767322011],[-79.79771365732881,-2.653702487822054],[-79.78446142475275,-2.648933770775014],[-79.76393420687255,-2.643753922898305],[-79.7594374010108,-2.642981669391822],[-79.75146907964093,-2.64302475842905],[-79.74894350977334,-2.642108482447397],[-79.74478811109131,-2.639640675332718],[-79.74056110251739,-2.636486389301904],[-79.73566529568092,-2.629450766369428],[-79.73222798699645,-2.622432874316571],[-79.73012163496729,-2.619140029798777],[-79.72475367215952,-2.612691385779974],[-79.72130591014125,-2.616688540604807],[-79.71925645651599,-2.618188015296583],[-79.71726534792522,-2.618708196706187],[-79.71518433078043,-2.618084305895547],[-79.71114601224251,-2.614937500892913],[-79.71004385747847,-2.613652555430397],[-79.70943912311303,-2.612585718795828],[-79.70858633514582,-2.608201290450963],[-79.70783526608882,-2.606258996996229],[-79.70693351805521,-2.604385397010453],[-79.7050395351282,-2.602104569578935],[-79.70439643907888,-2.601697701552999],[-79.70257559499397,-2.601544355140363],[-79.69848701841326,-2.603102969224008]]]}},{"type":"Feature","properties":{"Pob_total":427.0},"geometry":{"type":"Polygon","coordinates":[[[-79.67612724771469,-2.59118963493767],[-79.6740875790943,-2.590843254285036],[-79.67031452626674,-2.591858216612351],[-79.66905143503169,-2.595022229542242],[-79.68082762200983,-2.598350264521728],[-79.66150048512117,-2.624699124729004],[-79.66443116799348,-2.627840687413553],[-79.66152917944962,-2.633506885246961],[-79.66414422500806,-2.634339024848667],[-79.66947249364856,-2.635221895706337],[-79.67354837123435,-2.637837079581395],[-79.67510747668007,-2.640773728141253],[-79.67810613157158,-2.643114880725113],[-79.6790179492097,-2.643258760772808],[-79.68052561619234,-2.64288158045367],[-79.68267275363779,-2.64018593937076],[-79.68526594591772,-2.639572754551731],[-79.68891320853682,-2.638014695842065],[-79.69003772740191,-2.638147375556483],[-79.69138434756647,-2.631544324634797],[-79.69274183515545,-2.630465242260725],[-79.68900596191466,-2.602673123270821],[-79.68790569208228,-2.600826856909809],[-79.68753302002503,-2.597101810570396],[-79.68477564833663,-2.59566689890446],[-79.68416744161864,-2.594633550245213],[-79.68407977092654,-2.593352894077622],[-79.6852809980992,-2.590235354563831],[-79.68514518339664,-2.589168075595502],[-79.683456779017,-2.586749765355218],[-79.6815268542959,-2.586196971136346],[-79.677996796316,-2.590551318174267],[-79.67612724771469,-2.59118963493767]]]}},{"type":"Feature","properties":{"Pob_total":198.0},"geometry":{"type":"Polygon","coordinates":[[[-79.66050981349706,-2.603834989272628],[-79.6579688326164,-2.603866688774128],[-79.65714707112963,-2.604287405592955],[-79.65474347045355,-2.602981745768561],[-79.65114966645083,-2.602539105610707],[-79.648407245036,-2.602515259876233],[-79.6457887237887,-2.60320194588386],[-79.63587237227652,-2.608937090947439],[-79.63620402413864,-2.609647854378883],[-79.62901108891093,-2.613714339999677],[-79.62597443799872,-2.616782430686164],[-79.624944897699,-2.617113526684801],[-79.62600767940006,-2.632203688043439],[-79.62460768155687,-2.635057106162303],[-79.62223598535829,-2.636852879397077],[-79.62273218232967,-2.637949080507056],[-79.62430885770016,-2.638447113385564],[-79.62448163899525,-2.63971233179964],[-79.62505490788875,-2.639937783172059],[-79.62617568255178,-2.639071970043638],[-79.62830457045163,-2.638967291327586],[-79.62941683521899,-2.639425880405292],[-79.63177898787931,-2.638377547612904],[-79.63404353704951,-2.638097850590101],[-79.63690928558158,-2.636651087649887],[-79.6373749424446,-2.635551994605674],[-79.63720303415784,-2.633469366945352],[-79.63771612804116,-2.633071350733895],[-79.63825069659528,-2.635867168339712],[-79.63901939866987,-2.636805029934729],[-79.64018065652962,-2.636872859355765],[-79.64117909091303,-2.637661620043511],[-79.64143423593698,-2.638979187716652],[-79.6429278614093,-2.641345665537816],[-79.64498411121679,-2.640982701048212],[-79.6458697820328,-2.640085750121885],[-79.64837410718279,-2.638980392748171],[-79.6534697381131,-2.638289450498263],[-79.65608338374756,-2.637201243798447],[-79.65870294276088,-2.637278981508403],[-79.66151656848258,-2.633532970865615],[-79.66443116799348,-2.627840687413553],[-79.66150048512117,-2.624699124729004],[-79.68082762200983,-2.598350264521728],[-79.66906649346738,-2.59502676148168],[-79.66833391444453,-2.599575711293255],[-79.66638261279572,-2.600218944446629],[-79.66449804259776,-2.602488408839779],[-79.66050981349706,-2.603834989272628]],[[-79.64621234892799,-2.633667822848455],[-79.64791380749895,-2.634466069172663],[-79.6494805063645,-2.633898415237991],[-79.65012052734714,-2.635160298406887],[-79.64937018753452,-2.636547148692569],[-79.64969043255927,-2.637278601227442],[-79.64730629214387,-2.639332690214026],[-79.64641462045982,-2.638327522910434],[-79.64526669969459,-2.635317979462146],[-79.64560055937676,-2.634827914385116],[-79.64527909888497,-2.634310001879448],[-79.64621234892799,-2.633667822848455]]]}},{"type":"Feature","properties":{"Pob_total":337.0},"geometry":{"type":"Polygon","coordinates":[[[-79.64044947584408,-2.573047580235802],[-79.6375954542657,-2.572514402332299],[-79.63671854777681,-2.573153730644939],[-79.6360595254842,-2.574894831891763],[-79.63528540264595,-2.575437883374145],[-79.6317605012399,-2.574924622470225],[-79.63007469200437,-2.575195509343505],[-79.62816305211636,-2.576111387798107],[-79.62637523298237,-2.575044634938591],[-79.62374502468964,-2.576473775833935],[-79.62243644601747,-2.576240809003939],[-79.62305482015869,-2.57817972602868],[-79.62578759511418,-2.578398581117676],[-79.6290180943506,-2.587312771967901],[-79.63021549892476,-2.588358163737196],[-79.62747849153732,-2.59029522825816],[-79.62533215281034,-2.592565308675209],[-79.62984912822085,-2.596382918703254],[-79.63048154240934,-2.596292256943554],[-79.6436129963559,-2.587260057912637],[-79.64848165936935,-2.583262237370165],[-79.64824908322143,-2.581440782365766],[-79.64693063722895,-2.58014979155143],[-79.64691094015372,-2.579658916417323],[-79.64934275975843,-2.57953012580259],[-79.65015944926724,-2.578294818372706],[-79.65001387450778,-2.577854044950535],[-79.64890650158544,-2.577767188075178],[-79.64826207726603,-2.577215728266034],[-79.64813152490868,-2.574070066053398],[-79.64264078208404,-2.572354577802637],[-79.64044947584408,-2.573047580235802]]]}},{"type":"Feature","properties":{"Pob_total":323.0},"geometry":{"type":"Polygon","coordinates":[[[-79.61811834559548,-2.566027131973485],[-79.58741194724686,-2.578836117513826],[-79.58611187962104,-2.579678391721488],[-79.60121050467907,-2.592559964292124],[-79.60332986610754,-2.593529167508722],[-79.60452611615058,-2.592524449796672],[-79.60400241391851,-2.592063469581029],[-79.60531738035898,-2.590981408715193],[-79.60613393842455,-2.592144185964822],[-79.60591984283109,-2.593244520227709],[-79.60619457541355,-2.593750358190193],[-79.60674864124864,-2.592876026383801],[-79.606787940471,-2.590571110797951],[-79.6071256821432,-2.590031443774375],[-79.61276124744728,-2.588865948572386],[-79.61743727131015,-2.586179369244258],[-79.6191680534021,-2.586800712953013],[-79.62035063925424,-2.589728329457668],[-79.62347739604226,-2.590976709945233],[-79.62533215281034,-2.592565308675209],[-79.62747849153732,-2.59029522825816],[-79.63021549892476,-2.588358163737196],[-79.6290180943506,-2.587312771967901],[-79.62578759511418,-2.578398581117676],[-79.62305482015869,-2.57817972602868],[-79.62201189010887,-2.57511213200522],[-79.62337196508645,-2.572556807393095],[-79.62320224551227,-2.571944659843224],[-79.62068307222977,-2.571978642826279],[-79.61958833660611,-2.571475644079741],[-79.61928512037763,-2.570520653213422],[-79.62016299498481,-2.568979462973557],[-79.62001782583555,-2.568171514798021],[-79.6190209246124,-2.567228011018873],[-79.61839369810488,-2.565907769653722],[-79.61811834559548,-2.566027131973485]]]}},{"type":"Feature","properties":{"Pob_total":314.0},"geometry":{"type":"Polygon","coordinates":[[[-79.60178616035786,-2.6046496088294],[-79.60149502287334,-2.605430743075988],[-79.6001735829123,-2.60604961066629],[-79.59925812463888,-2.607033838061152],[-79.59936636507904,-2.607588618772003],[-79.60012778239675,-2.608093042766756],[-79.60344457764239,-2.60774643597897],[-79.60352314009658,-2.608892335515375],[-79.60309438554492,-2.609431921584618],[-79.60077869386201,-2.610093465745992],[-79.60007362556983,-2.611129015168409],[-79.60154471478181,-2.612998989673409],[-79.60165869315465,-2.61492583180736],[-79.60334254779484,-2.614708771763677],[-79.60251351000271,-2.616284247022549],[-79.60281608783787,-2.618284281657243],[-79.60383136937256,-2.618913061722064],[-79.6056838211025,-2.617178169607389],[-79.60672127091833,-2.617449361471561],[-79.60706102705579,-2.618646641944979],[-79.60605033636645,-2.620426266644598],[-79.6060350144202,-2.621156066130975],[-79.60789933854628,-2.621814987867537],[-79.60789685279244,-2.624062823063773],[-79.60846212625407,-2.624764080900957],[-79.60962358110162,-2.624466153955602],[-79.61094552915537,-2.623409393912808],[-79.6119323169948,-2.623563756969369],[-79.61186320102858,-2.627008425770649],[-79.61283613780407,-2.626564321853746],[-79.61382532531358,-2.624543825610266],[-79.61543618931451,-2.624728074712543],[-79.6157324747035,-2.625866924039872],[-79.61390976338771,-2.626945026365927],[-79.61398907629545,-2.627412199248181],[-79.61492451290644,-2.628070079946814],[-79.61572738457114,-2.630486679203569],[-79.61674975751566,-2.631283323515866],[-79.61878282824247,-2.630300329899383],[-79.61987572765074,-2.632958095307825],[-79.62139229554766,-2.633113044961249],[-79.62174016356698,-2.633544026674394],[-79.62060655999987,-2.634900233997496],[-79.6206712955675,-2.635425777576701],[-79.62223968181044,-2.636850352859381],[-79.62320925612448,-2.636225360916719],[-79.62536496711114,-2.634044244052076],[-79.62606417711939,-2.631035751955568],[-79.6247897294707,-2.615520867625654],[-79.62378893965881,-2.613046926395086],[-79.60649235099338,-2.597066053936579],[-79.60501790395993,-2.598831951545051],[-79.6034574405893,-2.598351006615388],[-79.60269859907682,-2.598565035067306],[-79.6031615328359,-2.60382451754368],[-79.60250116719503,-2.604670549981769],[-79.60178616035786,-2.6046496088294]]]}},{"type":"Feature","properties":{"Pob_total":123.0},"geometry":{"type":"Polygon","coordinates":[[[-79.66116909670723,-2.633990416647382],[-79.65870294276088,-2.637278981508403],[-79.66208050547948,-2.637237307299678],[-79.66501046896879,-2.638588924107522],[-79.66645363756068,-2.638552400453439],[-79.66712868258094,-2.638150640989724],[-79.66888402601305,-2.638535296335238],[-79.66963575013051,-2.640117010181728],[-79.67079822896694,-2.640757530987629],[-79.67238948533141,-2.640000304715862],[-79.67340412403185,-2.640336999458944],[-79.67453559253283,-2.641974895419638],[-79.67696703287814,-2.643891295793966],[-79.67863462706528,-2.644022495693831],[-79.68099473366209,-2.643495429032842],[-79.68367771111494,-2.64189886798486],[-79.68594057786544,-2.641390548002158],[-79.6886872195468,-2.63961993138331],[-79.689961506382,-2.639516564282308],[-79.69003772740191,-2.638147375556483],[-79.68891320853682,-2.638014695842065],[-79.68526594591772,-2.639572754551731],[-79.68267275363779,-2.64018593937076],[-79.68052561619234,-2.64288158045367],[-79.67854741556533,-2.643238540906548],[-79.67510747668007,-2.640773728141253],[-79.67354837123435,-2.637837079581395],[-79.66947249364856,-2.635221895706337],[-79.66414422500806,-2.634339024848667],[-79.66152917944962,-2.633506885246961],[-79.66116909670723,-2.633990416647382]]]}},{"type":"Feature","properties":{"Pob_total":260.0},"geometry":{"type":"Polygon","coordinates":[[[-79.6436129963559,-2.587260057912637],[-79.6301300310577,-2.596426908056124],[-79.62347739604226,-2.590976709945233],[-79.62035063925424,-2.589728329457668],[-79.6191680534021,-2.586800712953013],[-79.61743727131015,-2.586179369244258],[-79.61276124744728,-2.588865948572386],[-79.6071256821432,-2.590031443774375],[-79.60656060490794,-2.59344271960809],[-79.60525493735176,-2.594395496441769],[-79.60609642329443,-2.595397432561177],[-79.6054244081583,-2.596154955502911],[-79.62321841255715,-2.612292083679847],[-79.62441114665259,-2.614245818439972],[-79.624944897699,-2.617113526684801],[-79.62597443799872,-2.616782430686164],[-79.62901108891093,-2.613714339999677],[-79.63620402413864,-2.609647854378883],[-79.63587237227652,-2.608937090947439],[-79.6457887237887,-2.60320194588386],[-79.648407245036,-2.602515259876233],[-79.65114966645083,-2.602539105610707],[-79.65474347045355,-2.602981745768561],[-79.65714707112963,-2.604287405592955],[-79.6579688326164,-2.603866688774128],[-79.66176767089713,-2.603629835790581],[-79.66449804259776,-2.602488408839779],[-79.66638261279572,-2.600218944446629],[-79.66805995303406,-2.599756106261602],[-79.66865100412572,-2.599059804380458],[-79.66908326125318,-2.594630877279173],[-79.66951167900864,-2.593674933016451],[-79.66855300829278,-2.593506652468448],[-79.66755534689509,-2.591550335265109],[-79.66588497899134,-2.59123264254702],[-79.66478626366408,-2.59011112592217],[-79.65969085501088,-2.590328945301432],[-79.65623170298085,-2.589517678366541],[-79.65196255165142,-2.587379058618859],[-79.64848165936935,-2.583262237370165],[-79.6436129963559,-2.587260057912637]]]}},{"type":"Feature","properties":{"Pob_total":140.0},"geometry":{"type":"Polygon","coordinates":[[[-79.58522982549205,-2.583220956154855],[-79.58661071617922,-2.584169555265394],[-79.58652776710238,-2.586119497091587],[-79.58211709831127,-2.587265005807919],[-79.58162396569934,-2.588361948985968],[-79.58239498346236,-2.589247551507035],[-79.5841722024239,-2.58941205114537],[-79.5849433934083,-2.590144179838179],[-79.58342449201544,-2.591785556351132],[-79.58313601955251,-2.592877609938036],[-79.58339583409285,-2.593338326901923],[-79.58771290494667,-2.594038328877023],[-79.59069877519309,-2.593390703771548],[-79.59142981903426,-2.593582069120044],[-79.59243384669912,-2.594829050714794],[-79.59222074118422,-2.59725465952544],[-79.5930284365469,-2.597951576889447],[-79.5944946309921,-2.597668590428554],[-79.59586792050841,-2.596086427827464],[-79.59685464035398,-2.596277280852633],[-79.59744858918317,-2.597285088238711],[-79.59978528602046,-2.596119253110959],[-79.60100703000545,-2.596487543344877],[-79.60115066257244,-2.595808191954164],[-79.60011799299055,-2.594348953975674],[-79.60058450120675,-2.593854464397063],[-79.59946851546302,-2.592823721403383],[-79.60039558405548,-2.591864714028902],[-79.59371127168326,-2.586161955662212],[-79.59323421353122,-2.586761381323975],[-79.59291584676257,-2.586514118090616],[-79.5924487371822,-2.586939119610823],[-79.59083382862921,-2.586103784108848],[-79.59035074297573,-2.586805443452538],[-79.58929125804791,-2.585988237710335],[-79.59111579849643,-2.583947596894004],[-79.58611187962104,-2.579678391721488],[-79.58522982549205,-2.583220956154855]]]}},{"type":"Feature","properties":{"Pob_total":321.0},"geometry":{"type":"Polygon","coordinates":[[[-79.52419328396495,-2.404191753552388],[-79.50602569415905,-2.404271733803386],[-79.48110132306502,-2.405013766410036],[-79.47112489141143,-2.404593299519111],[-79.47120667207538,-2.406160242246107],[-79.47083041998022,-2.406768744462422],[-79.46572302894474,-2.408287800780015],[-79.46371535951467,-2.41074582741549],[-79.4476649737083,-2.419933947445476],[-79.4535210144832,-2.427819382527466],[-79.45377477774989,-2.429218657910126],[-79.46056890030012,-2.438983257700216],[-79.46417660886168,-2.443322091707355],[-79.46794293507232,-2.448785636161435],[-79.47886113654947,-2.466517232343214],[-79.47995188893675,-2.467351149662719],[-79.48280503658346,-2.467566758149468],[-79.48494488926471,-2.468866728710638],[-79.48657351471999,-2.468777058071566],[-79.48709988944826,-2.469976340788459],[-79.48799102083967,-2.470343362616782],[-79.48830733852586,-2.472183078782234],[-79.49079818098188,-2.473942789733057],[-79.49149863301344,-2.473961855110643],[-79.49208183220478,-2.473184737587379],[-79.49285195196904,-2.473226223014374],[-79.5050396207023,-2.447035896415125],[-79.50691453978702,-2.445141817314681],[-79.5071636510719,-2.442273473887905],[-79.50924093156472,-2.442438249512546],[-79.51247084561486,-2.440516715345035],[-79.51515917278427,-2.440479261031186],[-79.51629527511689,-2.442128793917847],[-79.51790962807648,-2.442004773260862],[-79.52174716888844,-2.443812391336709],[-79.5303378879256,-2.445916801859194],[-79.53406695235577,-2.448374373599691],[-79.53452798359332,-2.451249734803205],[-79.53488384391228,-2.450793033490534],[-79.5394511561018,-2.450118720218904],[-79.54057913721144,-2.449100222367602],[-79.54228403560892,-2.44941627320144],[-79.5434041860333,-2.448985272269202],[-79.54447596704416,-2.450208665409015],[-79.54480416903523,-2.451709631127879],[-79.54681907298179,-2.452318052088186],[-79.54804703740754,-2.453304296544851],[-79.5515392063401,-2.453122498641374],[-79.55161885169643,-2.431036479716824],[-79.54238366101043,-2.431022842647736],[-79.54233386186483,-2.40411023883293],[-79.52419328396495,-2.404191753552388]]]}},{"type":"Feature","properties":{"Pob_total":333.0},"geometry":{"type":"Polygon","coordinates":[[[-79.54469010864047,-2.382195557002938],[-79.54264770627456,-2.382167891346791],[-79.54268257606003,-2.400879764244107],[-79.54227283511003,-2.404675433222144],[-79.5421760468766,-2.417435467094296],[-79.54238366101043,-2.431022842647736],[-79.55144488780515,-2.431093995264301],[-79.55169434997657,-2.424582711788573],[-79.55237917415053,-2.423228624445303],[-79.58032333546736,-2.395861217482815],[-79.58879627213713,-2.389841210121241],[-79.57638561446983,-2.384936135829971],[-79.5650032703772,-2.384814677451328],[-79.55361005272442,-2.382163902625977],[-79.54469010864047,-2.382195557002938]]]}},{"type":"Feature","properties":{"Pob_total":196.0},"geometry":{"type":"Polygon","coordinates":[[[-79.61961030454236,-2.389999132268258],[-79.6180850491797,-2.390140495812952],[-79.61792817330888,-2.389235686548191],[-79.61346302973526,-2.387920752574697],[-79.61073779838533,-2.388975377415666],[-79.60376312162529,-2.387946649593085],[-79.60373265637199,-2.388938594143756],[-79.6029741061725,-2.388804418413959],[-79.60317498378647,-2.389201146419571],[-79.60249447200763,-2.39178776357962],[-79.60179798274521,-2.392832403505047],[-79.60002483200822,-2.393341776023804],[-79.60025856260273,-2.398643372155976],[-79.59983142050896,-2.399145323572299],[-79.59939989602353,-2.403948993325042],[-79.59824175236434,-2.405521144117506],[-79.59771830278413,-2.409479429458116],[-79.59439509407548,-2.409238957301571],[-79.59261012673524,-2.409883211924476],[-79.59234494578726,-2.413257039068645],[-79.58935386161187,-2.418410804620574],[-79.58898935587312,-2.423519445778132],[-79.59062354753105,-2.426067283622283],[-79.59178952505064,-2.430462016428375],[-79.59595190942335,-2.436132965514233],[-79.59659675579016,-2.438335205704592],[-79.59865060545717,-2.440022005384314],[-79.60099996705867,-2.441220954744062],[-79.60591438038624,-2.442393166100008],[-79.61194714342052,-2.44179163782693],[-79.61369270651599,-2.442146445778421],[-79.61633099475442,-2.441384011039947],[-79.61883542149467,-2.441820362650775],[-79.62111960795676,-2.444390526190293],[-79.62308952366944,-2.445640236087865],[-79.62455398067068,-2.448701663619298],[-79.62640986939039,-2.45029288384032],[-79.62809513747354,-2.452505737935647],[-79.62353652987862,-2.410651989957517],[-79.62213522616173,-2.410249707573865],[-79.62162580045938,-2.409116552110642],[-79.62163962525014,-2.408693104132376],[-79.62225835416882,-2.408526861762649],[-79.6243060905967,-2.406574242907277],[-79.6248727714453,-2.40495802468825],[-79.62590944424211,-2.403986608905598],[-79.62630417407784,-2.403018795157981],[-79.62649035467842,-2.400727924768183],[-79.62557946670762,-2.39991942424356],[-79.62483536302742,-2.397152601967703],[-79.62606986205778,-2.397159271286772],[-79.62602410256395,-2.398049202023163],[-79.62698180901648,-2.398257104092426],[-79.62893137264186,-2.39373265520749],[-79.62846730166707,-2.392284619239939],[-79.6260291123224,-2.38987697352665],[-79.62582967391296,-2.387438289240501],[-79.62632125591635,-2.385635131322378],[-79.62588134695226,-2.3850283486326],[-79.62438257311769,-2.386119962459448],[-79.6220317135856,-2.386954579075108],[-79.62010680923362,-2.388768228463459],[-79.61961030454236,-2.389999132268258]]]}},{"type":"Feature","properties":{"Pob_total":193.0},"geometry":{"type":"Polygon","coordinates":[[[-79.58861873918414,-2.389875667635704],[-79.58032333546736,-2.395861217482815],[-79.57587301688966,-2.400267068522548],[-79.58021019639644,-2.404978007795333],[-79.58193052724766,-2.407794543959516],[-79.58452749881901,-2.410830994912724],[-79.58288494369658,-2.41679678263435],[-79.58183907360853,-2.42275640069874],[-79.58017013417667,-2.427983337484331],[-79.5744411216204,-2.438225488096126],[-79.57418909608467,-2.441286627239286],[-79.57477724119009,-2.448347583375309],[-79.57452531165887,-2.450754394401669],[-79.57036274944943,-2.461056454356969],[-79.57112763802863,-2.466299556984588],[-79.572494164539,-2.465983028437716],[-79.57380030429333,-2.464785249869421],[-79.57587636977512,-2.464080933601627],[-79.57688546029402,-2.464181500418193],[-79.57791224016998,-2.463122517461007],[-79.580967824064,-2.463776607109135],[-79.58305333320962,-2.462986276421351],[-79.58370902336917,-2.463262916606427],[-79.58409295747603,-2.462446985200009],[-79.58490196995014,-2.462040488467944],[-79.58645246646951,-2.462669811902282],[-79.58654854462493,-2.462205307023674],[-79.58771852826243,-2.462459157375829],[-79.58820061616954,-2.46193518755375],[-79.5909575270686,-2.462642481116843],[-79.59178006469845,-2.46203014456764],[-79.5939113843561,-2.461885608562204],[-79.59595770688263,-2.462876498749795],[-79.59596452222232,-2.460922922662946],[-79.59686299584905,-2.460869603237495],[-79.5970341497553,-2.460496974848851],[-79.5978294080634,-2.460685663884607],[-79.59821062073453,-2.45988491473737],[-79.60023513817306,-2.460317918036312],[-79.60071865439849,-2.459628881758402],[-79.6024939816685,-2.459733671006799],[-79.60553505355088,-2.458642304173176],[-79.60659122374564,-2.45887720611453],[-79.60798086376752,-2.461675099611909],[-79.60846187158026,-2.461925681352399],[-79.61148396393426,-2.460934403469524],[-79.61194994936677,-2.461538785011117],[-79.61452414779383,-2.461490094307376],[-79.61432918222926,-2.462890150768466],[-79.61657824283633,-2.463254902542911],[-79.61708187692247,-2.465021263347076],[-79.61763266261686,-2.464584537533148],[-79.61868901264282,-2.465179584390431],[-79.61863380357323,-2.465871246276324],[-79.6192375710609,-2.466897785965343],[-79.61883357699463,-2.467994186511344],[-79.61986555974168,-2.467807135178965],[-79.61985924197904,-2.468699453880805],[-79.62067063438066,-2.468170382361328],[-79.62263221180459,-2.468163194057753],[-79.62760279767241,-2.456426797191393],[-79.6281944390495,-2.454105415338334],[-79.62809513747354,-2.452505737935647],[-79.62640986939039,-2.45029288384032],[-79.62455398067068,-2.448701663619298],[-79.62308952366944,-2.445640236087865],[-79.62111960795676,-2.444390526190293],[-79.61883542149467,-2.441820362650775],[-79.61633099475442,-2.441384011039947],[-79.61369270651599,-2.442146445778421],[-79.61194714342052,-2.44179163782693],[-79.60591438038624,-2.442393166100008],[-79.60099996705867,-2.441220954744062],[-79.59865060545717,-2.440022005384314],[-79.59659675579016,-2.438335205704592],[-79.59595190942335,-2.436132965514233],[-79.59178952505064,-2.430462016428375],[-79.59062354753105,-2.426067283622283],[-79.58898935587312,-2.423519445778132],[-79.58935386161187,-2.418410804620574],[-79.59234494578726,-2.413257039068645],[-79.59261012673524,-2.409883211924476],[-79.59439509407548,-2.409238957301571],[-79.59771830278413,-2.409479429458116],[-79.59824175236434,-2.405521144117506],[-79.59939989602353,-2.403948993325042],[-79.59983142050896,-2.399145323572299],[-79.60025856260273,-2.398643372155976],[-79.60002483200822,-2.393341776023804],[-79.60179798274521,-2.392832403505047],[-79.60284841134018,-2.391057699249308],[-79.60317498378647,-2.389201146419571],[-79.6029741061725,-2.388804418413959],[-79.60181111934914,-2.388658701186225],[-79.60205457038735,-2.389946780172733],[-79.60147994308353,-2.389906578973702],[-79.60118176397961,-2.389651766374925],[-79.60107896974122,-2.387541786123263],[-79.58861873918414,-2.389875667635704]]]}},{"type":"Feature","properties":{"Pob_total":223.0},"geometry":{"type":"Polygon","coordinates":[[[-79.6024939816685,-2.459733671006799],[-79.60071865439849,-2.459628881758402],[-79.60023513817306,-2.460317918036312],[-79.59821062073453,-2.45988491473737],[-79.5978294080634,-2.460685663884607],[-79.5971485434446,-2.460485608492258],[-79.59686299584905,-2.460869603237495],[-79.59608852733824,-2.460834599469238],[-79.59595770688263,-2.462876498749795],[-79.5939113843561,-2.461885608562204],[-79.59178006469845,-2.46203014456764],[-79.5909575270686,-2.462642481116843],[-79.58820061616954,-2.46193518755375],[-79.58771852826243,-2.462459157375829],[-79.58654854462493,-2.462205307023674],[-79.58645246646951,-2.462669811902282],[-79.58490196995014,-2.462040488467944],[-79.58409295747603,-2.462446985200009],[-79.58370902336917,-2.463262916606427],[-79.58305333320962,-2.462986276421351],[-79.58009995662484,-2.463801638213291],[-79.57791224016998,-2.463122517461007],[-79.57688546029402,-2.464181500418193],[-79.57587636977512,-2.464080933601627],[-79.57380030429333,-2.464785249869421],[-79.5949823155078,-2.500327088969162],[-79.61609439115678,-2.482968017899353],[-79.62263221180459,-2.468163194057753],[-79.62067063438066,-2.468170382361328],[-79.61985924197904,-2.468699453880805],[-79.61986555974168,-2.467807135178965],[-79.61883357699463,-2.467994186511344],[-79.6192375710609,-2.466897785965343],[-79.61863380357323,-2.465871246276324],[-79.61868901264282,-2.465179584390431],[-79.61763266261686,-2.464584537533148],[-79.61708187692247,-2.465021263347076],[-79.61657824283633,-2.463254902542911],[-79.61432918222926,-2.462890150768466],[-79.61452414779383,-2.461490094307376],[-79.61421764265643,-2.461360258731524],[-79.61194994936677,-2.461538785011117],[-79.61148396393426,-2.460934403469524],[-79.60846187158026,-2.461925681352399],[-79.60798086376752,-2.461675099611909],[-79.60659122374564,-2.45887720611453],[-79.60615597426384,-2.458725890289885],[-79.6024939816685,-2.459733671006799]]]}},{"type":"Feature","properties":{"Pob_total":257.0},"geometry":{"type":"Polygon","coordinates":[[[-79.50242897691606,-2.452758872366566],[-79.49285195196904,-2.473226223014374],[-79.49501254491668,-2.475048317068594],[-79.49506960441092,-2.476673131194471],[-79.49604606662828,-2.476495168828216],[-79.49716811431144,-2.475357533031249],[-79.49747592989709,-2.476057343208517],[-79.49881375560436,-2.475901493962717],[-79.49922128268392,-2.476610913226533],[-79.49988414568206,-2.47639614489697],[-79.50087468048555,-2.477376367645643],[-79.5020834538988,-2.477802367460945],[-79.50306552737155,-2.478866763435335],[-79.50342990752164,-2.480283284761734],[-79.51192783750331,-2.484554778615149],[-79.51443628935122,-2.490316576424235],[-79.5151344131062,-2.49058172003069],[-79.51762317907833,-2.489938686861926],[-79.51838959219275,-2.490170443020189],[-79.52024238196068,-2.491419701384407],[-79.52228976895573,-2.493954521585634],[-79.52562605683033,-2.496859154026652],[-79.52801122495562,-2.497770849058676],[-79.53079231619236,-2.499984161875623],[-79.53151281203934,-2.499228156094926],[-79.53370941097207,-2.499828789032275],[-79.53465734070372,-2.497842582248438],[-79.5364631634457,-2.499472268123854],[-79.53822578603673,-2.500328179048937],[-79.53849939041983,-2.502058717403639],[-79.53950543500072,-2.502967508360149],[-79.54228236907585,-2.503125163451635],[-79.54299930166687,-2.502582045135087],[-79.54358382888479,-2.499714429989996],[-79.54453827606046,-2.499633188162452],[-79.54525649795511,-2.501828730312687],[-79.54507234551866,-2.502306510857493],[-79.54613566403955,-2.503442686201327],[-79.5455611432804,-2.504261356596094],[-79.54599253609679,-2.504966828388854],[-79.5455200487694,-2.504832177187573],[-79.5453046258108,-2.505863421421694],[-79.54554528007058,-2.506252768725258],[-79.54614131983041,-2.506225939754092],[-79.54604904725937,-2.507134230844555],[-79.54641059753179,-2.507244881769357],[-79.54831236570337,-2.505628096809467],[-79.54831369518315,-2.504419255820571],[-79.54894483343136,-2.505185275056942],[-79.5484934030011,-2.506425902712915],[-79.54895888130417,-2.506883783614188],[-79.54850792201961,-2.507205344179559],[-79.54850432309705,-2.508677819233554],[-79.5477983570862,-2.509391159059039],[-79.5471620803138,-2.508882349582041],[-79.54589570128557,-2.508789138810806],[-79.54610604472565,-2.509348120261885],[-79.54527634927781,-2.510463874713276],[-79.54578714297777,-2.51108912472178],[-79.54559094640996,-2.511888137192774],[-79.54695039447357,-2.512392872079204],[-79.54725591338322,-2.512999713867924],[-79.54823239055608,-2.513493348718643],[-79.54789052852942,-2.514363466866996],[-79.54767219739423,-2.513708607122977],[-79.54694973850137,-2.514288524785724],[-79.5461012017401,-2.514303584919049],[-79.54587892803414,-2.513717365688159],[-79.54496384713252,-2.513327263163957],[-79.54536193961734,-2.514383612135652],[-79.544909085469,-2.514869861493608],[-79.54558014690879,-2.515637555841946],[-79.54516965338392,-2.516360175160957],[-79.54565150151018,-2.516977615983276],[-79.54556073842697,-2.518222712720841],[-79.5464283654482,-2.518673630358736],[-79.54729228224778,-2.519878102752651],[-79.54839440455095,-2.519379647402027],[-79.54845922628678,-2.518090475439492],[-79.54888111366348,-2.517961524847675],[-79.54937904229124,-2.519409328099761],[-79.5507903086178,-2.520553997484399],[-79.55186331721056,-2.520606928070117],[-79.55205288129227,-2.522232648770718],[-79.55353873657798,-2.523181956447115],[-79.55401098091966,-2.524440348459507],[-79.55724845064937,-2.525505204654514],[-79.55961207623643,-2.527840968549324],[-79.55993466104522,-2.52904074612283],[-79.57621223104542,-2.516424868668512],[-79.5949823155078,-2.500327088969162],[-79.57380030429333,-2.464785249869421],[-79.572494164539,-2.465983028437716],[-79.57092781908763,-2.466395753729097],[-79.57015303983323,-2.467664283578226],[-79.56953594905816,-2.467957376734185],[-79.56929572459543,-2.469004081529742],[-79.56562615993973,-2.470525978537583],[-79.56514598700203,-2.469344462470951],[-79.5652273226449,-2.467880558029001],[-79.56468996134191,-2.46711483462907],[-79.564278306579,-2.465099603583554],[-79.56440886911724,-2.460998543267261],[-79.56353496449827,-2.460456123341902],[-79.56258447509772,-2.460641319403676],[-79.56149630817751,-2.459494783179874],[-79.56023098111226,-2.459369058569667],[-79.55919260292256,-2.457581613691805],[-79.5592497963309,-2.456155581229998],[-79.55857870700808,-2.455662127738108],[-79.55626005054759,-2.456205080108816],[-79.55584355113042,-2.455022098127144],[-79.55333447384366,-2.451533206406894],[-79.55232341193256,-2.452948162222421],[-79.54804703740754,-2.453304296544851],[-79.54681907298179,-2.452318052088186],[-79.54480416903523,-2.451709631127879],[-79.54447596704416,-2.450208665409015],[-79.5434041860333,-2.448985272269202],[-79.54228403560892,-2.44941627320144],[-79.54057913721144,-2.449100222367602],[-79.5394511561018,-2.450118720218904],[-79.53488384391228,-2.450793033490534],[-79.53452798359332,-2.451249734803205],[-79.53406695235577,-2.448374373599691],[-79.52965281598581,-2.445566043657543],[-79.52174716888844,-2.443812391336709],[-79.51790962807648,-2.442004773260862],[-79.51629527511689,-2.442128793917847],[-79.51515917278427,-2.440479261031186],[-79.51317938600178,-2.440367006775024],[-79.51187143258423,-2.440778420246687],[-79.50977427962177,-2.442317831863885],[-79.5071636510719,-2.442273473887905],[-79.50691453978702,-2.445141817314681],[-79.5050396207023,-2.447035896415125],[-79.50242897691606,-2.452758872366566]]]}},{"type":"Feature","properties":{"Pob_total":288.0},"geometry":{"type":"Polygon","coordinates":[[[-79.55993466104522,-2.52904074612283],[-79.56039844141935,-2.531951167845069],[-79.56173829780698,-2.532880506651196],[-79.5619594601612,-2.534562433966955],[-79.56230631685429,-2.53471367797439],[-79.56134452492032,-2.535316486649958],[-79.56161610630451,-2.536208186784024],[-79.56440704338618,-2.536375179733767],[-79.56483941127524,-2.536861878427846],[-79.5659855418006,-2.536841990729647],[-79.56645582202677,-2.5371988563708],[-79.56603448922402,-2.538123792732081],[-79.5660983646178,-2.540466498098191],[-79.56687503303631,-2.54204105869755],[-79.56628720324382,-2.543083835609215],[-79.56624737718101,-2.544459780134312],[-79.56714144496247,-2.545829982547643],[-79.56641159969837,-2.547888759804037],[-79.56739531938855,-2.548169469117175],[-79.56837818503345,-2.550740752286817],[-79.56925342391855,-2.551598460099715],[-79.57054367714763,-2.551318405414902],[-79.57265082257635,-2.549631775489201],[-79.57382669582972,-2.54974577083449],[-79.57482427902133,-2.551399148244177],[-79.5750622391488,-2.552872684587689],[-79.57337563855326,-2.555294125941609],[-79.57316927371009,-2.556206083909931],[-79.57507896690083,-2.557015990307165],[-79.57791474842975,-2.556725415579786],[-79.57903339234981,-2.557405640625661],[-79.57885744548211,-2.558670463343595],[-79.57729064436974,-2.559525830815097],[-79.57695594007927,-2.560429041614323],[-79.57738541522268,-2.562040195044592],[-79.57819674072933,-2.562931489571945],[-79.5793831573212,-2.563024606187366],[-79.58162013833228,-2.562256040126863],[-79.5836537097878,-2.563864677562776],[-79.58874458857377,-2.565733730281501],[-79.59435801574715,-2.565519640520479],[-79.5965731790119,-2.568028045646274],[-79.60105823657409,-2.56626528292677],[-79.60165741286511,-2.564871358411399],[-79.60096592804786,-2.562863378654327],[-79.60141790153943,-2.56129726400256],[-79.60212439685392,-2.560686080978553],[-79.60397400538696,-2.560834977636947],[-79.60536169000909,-2.560506039634356],[-79.60654510883678,-2.557753518394771],[-79.60806640390358,-2.557657264909933],[-79.61109479958156,-2.559349573835671],[-79.61314882212724,-2.561799650684097],[-79.6145719929229,-2.562425399007275],[-79.6164581241401,-2.562574319397693],[-79.61837905884393,-2.564314375231821],[-79.61861998209011,-2.566615613246186],[-79.62012688074165,-2.568612245979093],[-79.61932097187879,-2.571132654628764],[-79.62005041781528,-2.571818845242283],[-79.62320224551227,-2.571944659843224],[-79.62337228011023,-2.572263065486625],[-79.62204321619068,-2.574648277810356],[-79.62243644601747,-2.576240809003939],[-79.62374502468964,-2.576473775833935],[-79.62637523298237,-2.575044634938591],[-79.62816305211636,-2.576111387798107],[-79.63007469200437,-2.575195509343505],[-79.6317605012399,-2.574924622470225],[-79.63528540264595,-2.575437883374145],[-79.6360595254842,-2.574894831891763],[-79.63671854777681,-2.573153730644939],[-79.6375954542657,-2.572514402332299],[-79.63849227624861,-2.572460287908183],[-79.63992915050656,-2.57310898424945],[-79.64264078208404,-2.572354577802637],[-79.64546722629257,-2.573080486019287],[-79.64813152490868,-2.574070066053398],[-79.64826207726603,-2.577215728266034],[-79.648651036793,-2.577669000408182],[-79.65013538074736,-2.578037765630438],[-79.64998767478805,-2.578886788693428],[-79.64934275975843,-2.57953012580259],[-79.64691094015372,-2.579658916417323],[-79.64693063722895,-2.58014979155143],[-79.64824908322143,-2.581440782365766],[-79.64876911656694,-2.583988553517029],[-79.65037354630644,-2.585215952709668],[-79.65196255165142,-2.587379058618859],[-79.65623170298085,-2.589517678366541],[-79.65969085501088,-2.590328945301432],[-79.66478626366408,-2.59011112592217],[-79.66588497899134,-2.59123264254702],[-79.66755534689509,-2.591550335265109],[-79.66855300829278,-2.593506652468448],[-79.66951167900864,-2.593674933016451],[-79.67031452626674,-2.591858216612351],[-79.6736220133018,-2.59089784200483],[-79.67544266070861,-2.591202685082139],[-79.67750360387207,-2.590839959249237],[-79.68116387416849,-2.586348055852435],[-79.68249883215888,-2.586308141717354],[-79.68393556778402,-2.587149580748321],[-79.68528170093848,-2.589553763569063],[-79.68407977092654,-2.593352894077622],[-79.68439263362913,-2.59532914595347],[-79.68753302002503,-2.597101810570396],[-79.68790569208228,-2.600826856909809],[-79.68900596191466,-2.602673123270821],[-79.69014204953092,-2.602984124657747],[-79.69494134238856,-2.602638004027649],[-79.69733683705839,-2.603177507984272],[-79.700315391342,-2.602588505262817],[-79.70257559499397,-2.601544355140363],[-79.70439643907888,-2.601697701552999],[-79.70646182673515,-2.603723967777724],[-79.70783526608882,-2.606258996996229],[-79.70858633514582,-2.608201290450963],[-79.70943912311303,-2.612585718795828],[-79.71004385747847,-2.613652555430397],[-79.71114601224251,-2.614937500892913],[-79.71518433078043,-2.618084305895547],[-79.71726534792522,-2.618708196706187],[-79.71925645651599,-2.618188015296583],[-79.72130591014125,-2.616688540604807],[-79.72475367215952,-2.612691385779974],[-79.72173488560595,-2.607543493623727],[-79.72148492906223,-2.602114883142395],[-79.72261926530881,-2.596129866796069],[-79.72630987748506,-2.585801638652745],[-79.72729386397361,-2.580510859350567],[-79.72705646740391,-2.575824514848888],[-79.72594154140367,-2.571182913053128],[-79.72524295793802,-2.569774307577038],[-79.71876945571523,-2.569439605357775],[-79.71704216181182,-2.569926311830905],[-79.71042253686846,-2.570254290688955],[-79.70842527984307,-2.570921578502994],[-79.70329603578936,-2.573783619395096],[-79.6996802488199,-2.574123616464331],[-79.69743230117616,-2.573687169929468],[-79.68837024035533,-2.568162986823417],[-79.68043729746398,-2.558261828068108],[-79.67986306959747,-2.556935604003657],[-79.67323523734018,-2.554167529560704],[-79.67247618809706,-2.553483684888163],[-79.67082187102115,-2.550234486371008],[-79.66945321095756,-2.549046384291446],[-79.66852105261457,-2.548790709966906],[-79.66598842092579,-2.548903861005026],[-79.66356891879661,-2.550933174053545],[-79.6629171765144,-2.553205340321264],[-79.66150517891376,-2.555111653586438],[-79.66077880670858,-2.560233102919039],[-79.65746292910393,-2.562772358853789],[-79.65514081475514,-2.562134472397485],[-79.65253021292935,-2.559625021262405],[-79.65282413165048,-2.557185471762196],[-79.65059720460033,-2.554140266410895],[-79.64947330748065,-2.553829305887451],[-79.64931537113834,-2.553243957098539],[-79.64838937783887,-2.552707543118928],[-79.64770219789018,-2.551350408730082],[-79.64564251930918,-2.551701421886023],[-79.64570279840213,-2.552451277560677],[-79.6438174161175,-2.553563657660523],[-79.64252453725089,-2.55497648721165],[-79.6404505761297,-2.554794932646594],[-79.6391148110282,-2.554227146739456],[-79.63813875900635,-2.554522405425825],[-79.63633576726008,-2.553482720371188],[-79.63509862245931,-2.553462860655779],[-79.63455764812,-2.553591891507766],[-79.63459725128754,-2.554241237157197],[-79.63344393130383,-2.555576835586578],[-79.63311309464697,-2.553771963313862],[-79.63147346882323,-2.553624957265844],[-79.63254678088671,-2.538851132164799],[-79.63083387627806,-2.53744818811159],[-79.6303861080042,-2.535656861981803],[-79.62813023907786,-2.535057347152542],[-79.6285990786312,-2.533989693914799],[-79.62769734591184,-2.533754302079675],[-79.6269339742811,-2.532956853701572],[-79.62502664472208,-2.533937231925556],[-79.62450807891109,-2.533121774181025],[-79.62252030249059,-2.532787451443258],[-79.62225123357265,-2.532307904127991],[-79.61555123998288,-2.532185966082784],[-79.58970402883003,-2.533505616276263],[-79.58926654993336,-2.522217533475782],[-79.5863533699951,-2.521762130617603],[-79.58430967759686,-2.509382570258992],[-79.57621223104542,-2.516424868668512],[-79.55993466104522,-2.52904074612283]]]}},{"type":"Feature","properties":{"Pob_total":273.0},"geometry":{"type":"Polygon","coordinates":[[[-79.61948322757405,-2.475598260306682],[-79.61677136504919,-2.482001153450119],[-79.6152481242643,-2.483813779994428],[-79.58430967759686,-2.509382570258992],[-79.5863533699951,-2.521762130617603],[-79.58926654993336,-2.522217533475782],[-79.58970402883003,-2.533505616276263],[-79.61555123998288,-2.532185966082784],[-79.62225123357265,-2.532307904127991],[-79.62252030249059,-2.532787451443258],[-79.62450807891109,-2.533121774181025],[-79.62502664472208,-2.533937231925556],[-79.6269339742811,-2.532956853701572],[-79.62769734591184,-2.533754302079675],[-79.6285990786312,-2.533989693914799],[-79.62813023907786,-2.535057347152542],[-79.6303861080042,-2.535656861981803],[-79.63083387627806,-2.53744818811159],[-79.63254678088671,-2.538851132164799],[-79.63147346882323,-2.553624957265844],[-79.63311309464697,-2.553771963313862],[-79.63344393130383,-2.555576835586578],[-79.63459725128754,-2.554241237157197],[-79.63455764812,-2.553591891507766],[-79.63509862245931,-2.553462860655779],[-79.63633576726008,-2.553482720371188],[-79.63813875900635,-2.554522405425825],[-79.6391148110282,-2.554227146739456],[-79.6404505761297,-2.554794932646594],[-79.64252453725089,-2.55497648721165],[-79.6438174161175,-2.553563657660523],[-79.64570279840213,-2.552451277560677],[-79.64564251930918,-2.551701421886023],[-79.64770219789018,-2.551350408730082],[-79.64838937783887,-2.552707543118928],[-79.64931537113834,-2.553243957098539],[-79.64947330748065,-2.553829305887451],[-79.65059720460033,-2.554140266410895],[-79.65282413165048,-2.557185471762196],[-79.65253021292935,-2.559625021262405],[-79.65514081475514,-2.562134472397485],[-79.65746292910393,-2.562772358853789],[-79.66077880670858,-2.560233102919039],[-79.66150517891376,-2.555111653586438],[-79.6629171765144,-2.553205340321264],[-79.66317686357701,-2.551569512574634],[-79.66393771897944,-2.550505195545423],[-79.66598842092579,-2.548903861005026],[-79.66765778208752,-2.54869719835263],[-79.66945321095756,-2.549046384291446],[-79.67082187102115,-2.550234486371008],[-79.67247618809706,-2.553483684888163],[-79.67323523734018,-2.554167529560704],[-79.67986306959747,-2.556935604003657],[-79.68043729746398,-2.558261828068108],[-79.68837024035533,-2.568162986823417],[-79.69743230117616,-2.573687169929468],[-79.6996802488199,-2.574123616464331],[-79.70329603578936,-2.573783619395096],[-79.70842527984307,-2.570921578502994],[-79.71042253686846,-2.570254290688955],[-79.71704216181182,-2.569926311830905],[-79.71876945571523,-2.569439605357775],[-79.72524295793802,-2.569774307577038],[-79.72177238619518,-2.564773365617207],[-79.72124870402521,-2.563100975424718],[-79.72110122108332,-2.55919002799473],[-79.72256866598791,-2.555082429140942],[-79.72918983520584,-2.54793204476338],[-79.73079122969799,-2.544014318482079],[-79.7307992039042,-2.535834910712418],[-79.7314134388381,-2.5264754233909],[-79.73258201613211,-2.519502147851959],[-79.73374028521086,-2.518417845286977],[-79.73056952234397,-2.503127652441307],[-79.72767218667038,-2.502621600466456],[-79.72262557224221,-2.503232033434778],[-79.71816887293025,-2.50519825627479],[-79.70929416411312,-2.511730415989941],[-79.70662602364926,-2.512515993158623],[-79.70416493265489,-2.512492802985315],[-79.69883203162044,-2.510627540559643],[-79.68669420561027,-2.50784967642745],[-79.67261081720974,-2.501537701291247],[-79.66834196393617,-2.501214218357086],[-79.6658041833119,-2.500573359687968],[-79.66507416429019,-2.499604296478091],[-79.66569607912658,-2.497078285991224],[-79.66555586254832,-2.491614026910705],[-79.66372081876838,-2.489127541953949],[-79.66330669720472,-2.486508760265092],[-79.66121857409851,-2.486538966302341],[-79.65804855478875,-2.488376123265659],[-79.65198475469202,-2.487717879731025],[-79.64541687962021,-2.481524873409363],[-79.64450607346625,-2.477501445954412],[-79.6215176882031,-2.47906404656593],[-79.61948322757405,-2.475598260306682]]]}},{"type":"Feature","properties":{"Pob_total":110.0},"geometry":{"type":"Polygon","coordinates":[[[-79.63231489081235,-2.440051866577219],[-79.62891612080925,-2.442231467004969],[-79.62786188561356,-2.442036837253759],[-79.62700355605106,-2.442447768394342],[-79.62817923841068,-2.453229351244311],[-79.62806139341436,-2.455122240498402],[-79.61948322757405,-2.475598260306682],[-79.6215176882031,-2.47906404656593],[-79.64450607346625,-2.477501445954412],[-79.64541687962021,-2.481524873409363],[-79.65198475469202,-2.487717879731025],[-79.65804855478875,-2.488376123265659],[-79.66121857409851,-2.486538966302341],[-79.66330669720472,-2.486508760265092],[-79.66372081876838,-2.489127541953949],[-79.66555586254832,-2.491614026910705],[-79.66569607912658,-2.497078285991224],[-79.66507416429019,-2.499604296478091],[-79.6658041833119,-2.500573359687968],[-79.66834196393617,-2.501214218357086],[-79.67261081720974,-2.501537701291247],[-79.68669420561027,-2.50784967642745],[-79.69883203162044,-2.510627540559643],[-79.70416493265489,-2.512492802985315],[-79.70662602364926,-2.512515993158623],[-79.70929416411312,-2.511730415989941],[-79.71752224797736,-2.505626302421298],[-79.72075496111731,-2.503956228635114],[-79.72371204337102,-2.502942695633739],[-79.72846905351554,-2.50266809586663],[-79.72511253818854,-2.501347662272938],[-79.71657615171344,-2.495660640838194],[-79.70937627836093,-2.492360532228037],[-79.70040310313239,-2.48708283712632],[-79.6993849132649,-2.486657395685324],[-79.6935496797575,-2.486739415490533],[-79.69139661040083,-2.486181119410215],[-79.68706366360453,-2.482752077522091],[-79.68517444215632,-2.480262149604131],[-79.68245448436836,-2.479103224466698],[-79.67871551727418,-2.475056514693683],[-79.6762406649632,-2.475057792927749],[-79.67527972405223,-2.474681930819332],[-79.66380308791813,-2.467203515604001],[-79.65156818594483,-2.453483434648854],[-79.65167831124656,-2.451962942375007],[-79.65056603082688,-2.451698916918002],[-79.64776089404687,-2.449217792432922],[-79.64675891976094,-2.449473392019992],[-79.64522323248111,-2.448907636089045],[-79.64234844079421,-2.44670120040324],[-79.64126869828135,-2.443075054847662],[-79.63815420515134,-2.442902941979624],[-79.63408114674397,-2.441301445625296],[-79.63284985795273,-2.4400346842503],[-79.63231489081235,-2.440051866577219]]]}},{"type":"Feature","properties":{"Pob_total":256.0},"geometry":{"type":"Polygon","coordinates":[[[-79.6391935518918,-2.408012346834091],[-79.63582526284101,-2.413172303336911],[-79.63368402080151,-2.417977269659531],[-79.6293719673984,-2.422438146358291],[-79.6295385877118,-2.422920845573584],[-79.63046648823416,-2.423098064019169],[-79.63070827484334,-2.424003572551351],[-79.63122583713105,-2.423672254681991],[-79.6311268306283,-2.421887855659476],[-79.6316979749945,-2.420940931664219],[-79.63311314512454,-2.423458815800093],[-79.63371447133532,-2.423080459298198],[-79.6337839187264,-2.421619750952157],[-79.63450057110498,-2.422716489597836],[-79.63507230075898,-2.422439761316337],[-79.63538923742966,-2.422745695884121],[-79.6360022348146,-2.422294722566086],[-79.63674934100341,-2.422796180352681],[-79.63682194944589,-2.423740773267849],[-79.63622415573298,-2.423914548457551],[-79.63665976796058,-2.42460083296276],[-79.63812386918713,-2.424516116309514],[-79.63869374726316,-2.423574613620372],[-79.63989998192751,-2.423910566386404],[-79.6383922788159,-2.424792517274881],[-79.6375908606256,-2.426082271974152],[-79.64011224426051,-2.425840702855731],[-79.64132947307054,-2.42462742909381],[-79.64175950304717,-2.424694158141985],[-79.64094487648701,-2.42642527610692],[-79.64160463966158,-2.427767878967876],[-79.6399833905203,-2.428439429129914],[-79.63994908787869,-2.429021047729282],[-79.64088367607408,-2.429352026117557],[-79.64181095383628,-2.429173245735101],[-79.6417205296061,-2.428776371330259],[-79.64339376955822,-2.428719990471004],[-79.64405261206969,-2.429277616949176],[-79.64438929683764,-2.428901974018928],[-79.64398150193111,-2.427279514172054],[-79.6448183286431,-2.42825969930169],[-79.64590255975736,-2.428492962699604],[-79.64492105151024,-2.430119000728296],[-79.64504126554617,-2.430670748407857],[-79.64669225617456,-2.43056812422261],[-79.64779664478316,-2.430968189557361],[-79.64776908679097,-2.431460728347121],[-79.64680405071627,-2.431811976936315],[-79.64812038946097,-2.432657043750807],[-79.64862902236236,-2.434249668915015],[-79.6501316981143,-2.436348251623979],[-79.65129985245227,-2.437105913217428],[-79.6519011486415,-2.438298049153843],[-79.65537526720267,-2.44098623766079],[-79.65648210799242,-2.443813961863707],[-79.65728474530032,-2.444378154285294],[-79.6637105250729,-2.443746938083704],[-79.66783575558898,-2.444239820412296],[-79.66779683529475,-2.447053555547349],[-79.66941979554058,-2.448652432513156],[-79.67082499701881,-2.448956762349376],[-79.67058686279131,-2.449810231964032],[-79.67092434914746,-2.450012520648972],[-79.6717918682391,-2.449517685030377],[-79.67178101717673,-2.448179995137974],[-79.67267373575775,-2.447838177245475],[-79.67260950960986,-2.447152699556021],[-79.67307997354033,-2.447218445156833],[-79.67384115808912,-2.448638988510929],[-79.67486274824176,-2.449243821823432],[-79.67601500629458,-2.448967537238396],[-79.67676274016708,-2.447564811139838],[-79.67724957436145,-2.447483697046767],[-79.67791310959366,-2.449214212430482],[-79.67727877476028,-2.450796565367558],[-79.67766757046326,-2.451417088919503],[-79.67927432882004,-2.450945420414689],[-79.67930868204425,-2.449003443631049],[-79.68021831391044,-2.447959901411415],[-79.68156304041851,-2.449968522046829],[-79.68191847827674,-2.451519220131384],[-79.68503443923301,-2.4507879254494],[-79.68392849227195,-2.453479542174545],[-79.68261424683479,-2.45347824150018],[-79.68193217914808,-2.45409770450485],[-79.68201221822257,-2.455207506341643],[-79.68327716605467,-2.455845218009126],[-79.68447836394593,-2.455307865496559],[-79.68582711888922,-2.453203988067405],[-79.68748338508806,-2.45188374560353],[-79.68908967052803,-2.451901647701318],[-79.69041920672872,-2.452865806170476],[-79.69246381619983,-2.452639343543879],[-79.69308148635093,-2.451497584609732],[-79.69318228382377,-2.448496505516932],[-79.69204891902787,-2.447927704570994],[-79.69081341226288,-2.446146027368151],[-79.69023991791568,-2.438899209328695],[-79.68931913432357,-2.436438248540406],[-79.68607916310263,-2.430950123123676],[-79.68630859061169,-2.42987825623715],[-79.68785319713251,-2.428092503770054],[-79.68816275865564,-2.426495154527423],[-79.68693003440413,-2.426940160978392],[-79.68531332445812,-2.425732458140243],[-79.68312480221034,-2.425366577081616],[-79.67995414912954,-2.41930416889366],[-79.67958224665539,-2.417056384669586],[-79.6783984849039,-2.416519332340403],[-79.67776663885151,-2.414528706611708],[-79.67514016313282,-2.412478352143946],[-79.67467682841267,-2.402595461341742],[-79.67520758099127,-2.393400049713716],[-79.6740995907896,-2.393341136454012],[-79.67104110735738,-2.394642382870594],[-79.65631896720363,-2.401986597302374],[-79.65200767682016,-2.403181051010581],[-79.64284775945083,-2.407309698010337],[-79.6391935518918,-2.408012346834091]]]}},{"type":"Feature","properties":{"Pob_total":420.0},"geometry":{"type":"Polygon","coordinates":[[[-79.71912890721616,-2.384228087707959],[-79.71816881282831,-2.385820975622247],[-79.71412468022136,-2.385314630382128],[-79.71350545858508,-2.38600805659242],[-79.71241111059494,-2.385935234308249],[-79.71020893088891,-2.387476710763336],[-79.70754092964367,-2.391039922957606],[-79.69302772403856,-2.39131330008757],[-79.68707896658647,-2.392193004744412],[-79.67688363741257,-2.392865226338885],[-79.67520758099127,-2.393400049713716],[-79.67467682841267,-2.402595461341742],[-79.67514016313282,-2.412478352143946],[-79.67776663885151,-2.414528706611708],[-79.6783984849039,-2.416519332340403],[-79.67958224665539,-2.417056384669586],[-79.67995414912954,-2.41930416889366],[-79.68312480221034,-2.425366577081616],[-79.68531332445812,-2.425732458140243],[-79.68693003440413,-2.426940160978392],[-79.68816275865564,-2.426495154527423],[-79.68785319713251,-2.428092503770054],[-79.68630859061169,-2.42987825623715],[-79.68607916310263,-2.430950123123676],[-79.68931913432357,-2.436438248540406],[-79.69023991791568,-2.438899209328695],[-79.69058604298893,-2.445092854583865],[-79.69163061198859,-2.447486959847405],[-79.69256250433313,-2.448272810024298],[-79.6936281407471,-2.448561015772008],[-79.69599844101549,-2.447998571972384],[-79.69763529884436,-2.448076733234603],[-79.70062236925642,-2.449419780483594],[-79.70153477289475,-2.450703365987293],[-79.70306315211326,-2.454734826374461],[-79.70451260681624,-2.461657070432524],[-79.70708799754827,-2.465574672660685],[-79.7087615340117,-2.467127032148719],[-79.71615288794835,-2.470838750814069],[-79.71804526701474,-2.472477474432624],[-79.71857732200556,-2.473435232691557],[-79.71899403186221,-2.475579850922962],[-79.7187543703855,-2.477388817468063],[-79.7154830532688,-2.484497943120868],[-79.71523377989027,-2.486393031182199],[-79.71598263927342,-2.489504799944332],[-79.71702860777289,-2.490482192780763],[-79.72154834435626,-2.491587453519277],[-79.7228430423418,-2.491244107802556],[-79.72593798918001,-2.489418777557741],[-79.72810841113912,-2.48896139872888],[-79.73105872959648,-2.489059985178997],[-79.7321813701086,-2.489501429209778],[-79.7336078025561,-2.490747207588438],[-79.7338439944181,-2.492594929866706],[-79.73347955237509,-2.495504591229754],[-79.73049784165843,-2.503293695213443],[-79.73374028521086,-2.518417845286977],[-79.73539057811618,-2.518677206037474],[-79.73683722730026,-2.519589848509384],[-79.74088241477403,-2.52337165863767],[-79.74434780743698,-2.525786081649022],[-79.7502017971412,-2.528673615068641],[-79.75226900705518,-2.52923582393377],[-79.75736950824862,-2.529338008940368],[-79.77032041713208,-2.526102959277436],[-79.77538831065029,-2.524217406266464],[-79.77604586292274,-2.523232685301808],[-79.77047042033489,-2.524373207547724],[-79.76459290848382,-2.524618898770767],[-79.76190470631214,-2.523970163286607],[-79.7599784093546,-2.52284354709962],[-79.75496204150258,-2.518339647066446],[-79.74779282967732,-2.510884125712787],[-79.74521033220488,-2.506614111571349],[-79.74439842823652,-2.504684158180419],[-79.74402297864361,-2.502200607462123],[-79.74511519193727,-2.497663077892506],[-79.75022734973668,-2.48882291325388],[-79.75224774432463,-2.483428315559393],[-79.75192273174216,-2.481150940581814],[-79.74866055984484,-2.471012914662491],[-79.74816579621427,-2.468327340725526],[-79.74850846176612,-2.465747871000361],[-79.75243376940983,-2.462409592305219],[-79.75391140907092,-2.461814200188697],[-79.75812194475576,-2.461421146516691],[-79.76143646591653,-2.460409699928126],[-79.76455692832725,-2.458447235841318],[-79.7669758398171,-2.456327282354264],[-79.77254609061964,-2.450228943917083],[-79.77852744701944,-2.438069060717363],[-79.7785299105004,-2.435335734370522],[-79.77713169560892,-2.433429413068033],[-79.77360065677867,-2.432374662885244],[-79.7714825106931,-2.431219605607215],[-79.76974705434438,-2.429470865847978],[-79.76884518833901,-2.427932548576196],[-79.76874257940479,-2.426150361627262],[-79.77155987818706,-2.422483918301765],[-79.77218939007163,-2.417837067405907],[-79.77646634539896,-2.413508005493241],[-79.77764948418807,-2.411307658420426],[-79.77733887845766,-2.409001132276728],[-79.77657527869248,-2.408231694999723],[-79.77223431474461,-2.406480616968838],[-79.77164507642583,-2.404977533088152],[-79.77268865385484,-2.40344098229961],[-79.77491264300383,-2.402744128522719],[-79.77637256656982,-2.401801980457161],[-79.77717292494106,-2.400300146307887],[-79.77675995501819,-2.39589694260231],[-79.77700620173015,-2.39243779486557],[-79.7760019654983,-2.388802810875053],[-79.77596874131451,-2.387090569168387],[-79.77739408833195,-2.385938721090076],[-79.77979143706821,-2.385591429395145],[-79.78076956374792,-2.384742425409911],[-79.78070197701012,-2.382353864180383],[-79.77747985455841,-2.380936587713346],[-79.77709172074704,-2.379500076689912],[-79.77735210602725,-2.378608145376554],[-79.77802323529932,-2.37804298073769],[-79.78176623364831,-2.377545825905627],[-79.78256712312326,-2.377024293487615],[-79.78304353270927,-2.376480712100842],[-79.78315312713553,-2.374848799891641],[-79.78025734230063,-2.371342857375854],[-79.77811478966072,-2.370213411044636],[-79.77735377104723,-2.370991832768272],[-79.77617720795789,-2.370250712839203],[-79.77642800041907,-2.371921390778223],[-79.7759230523686,-2.372407276128825],[-79.77097587579715,-2.373677768396344],[-79.7686388343743,-2.374734744033532],[-79.76698031763189,-2.374791995834467],[-79.7641078453865,-2.372685902733943],[-79.76204434312628,-2.37181572088192],[-79.75966353569738,-2.369029363615459],[-79.75848178324757,-2.368443118539951],[-79.75728063962146,-2.368574174702895],[-79.75658553667341,-2.369441857057808],[-79.75724114800508,-2.370763776410105],[-79.75710921204471,-2.371424318428576],[-79.75650917131333,-2.370895240640812],[-79.7558139933034,-2.371838433071722],[-79.7546319394661,-2.371591987124973],[-79.75448153743217,-2.371912733733133],[-79.7557750768892,-2.373386224758098],[-79.75703309370421,-2.372613446706369],[-79.75740826886772,-2.37278367830011],[-79.7582693709196,-2.375153404308766],[-79.75708673164566,-2.375586491747155],[-79.75650439580205,-2.376246638433448],[-79.75515336945291,-2.37609439554404],[-79.75408325247169,-2.376584214059508],[-79.75432830053177,-2.375376361858396],[-79.75322185692734,-2.37454480771151],[-79.7512382669856,-2.374089239306119],[-79.75009591710747,-2.374471112213953],[-79.74959500126378,-2.375906542578387],[-79.74951992962576,-2.380022649143241],[-79.74636256802061,-2.385488099916908],[-79.74620484543857,-2.388874248693739],[-79.74332687778559,-2.394112778341869],[-79.736709070582,-2.393103044005778],[-79.73292884467938,-2.389362945086343],[-79.72141190835876,-2.382917001388349],[-79.71912890721616,-2.384228087707959]]]}},{"type":"Feature","properties":{"Pob_total":189.0},"geometry":{"type":"Polygon","coordinates":[[[-79.55161885169643,-2.431036479716824],[-79.5515392063401,-2.453122498641374],[-79.55232341193256,-2.452948162222421],[-79.55333447384366,-2.451533206406894],[-79.55584355113042,-2.455022098127144],[-79.55626005054759,-2.456205080108816],[-79.55857870700808,-2.455662127738108],[-79.5592497963309,-2.456155581229998],[-79.55919260292256,-2.457581613691805],[-79.56023098111226,-2.459369058569667],[-79.56149630817751,-2.459494783179874],[-79.56258447509772,-2.460641319403676],[-79.56418375850593,-2.460697760324028],[-79.56445705330583,-2.461178665583875],[-79.56436665302027,-2.465644886888779],[-79.5652273226449,-2.467880558029001],[-79.56534959535152,-2.46999116463546],[-79.5659207967341,-2.470478000883687],[-79.56929572459543,-2.469004081529742],[-79.56953594905816,-2.467957376734185],[-79.57112763802863,-2.466299556984588],[-79.57036274944943,-2.461056454356969],[-79.57452531165887,-2.450754394401669],[-79.57477724119009,-2.448347583375309],[-79.57418909608467,-2.441286627239286],[-79.5744411216204,-2.438225488096126],[-79.58017013417667,-2.427983337484331],[-79.58183907360853,-2.42275640069874],[-79.58288494369658,-2.41679678263435],[-79.58452749881901,-2.410830994912724],[-79.58193052724766,-2.407794543959516],[-79.58021019639644,-2.404978007795333],[-79.57587301688966,-2.400267068522548],[-79.55237917415053,-2.423228624445303],[-79.55163325855925,-2.425122766051526],[-79.55161885169643,-2.431036479716824]]]}},{"type":"Feature","properties":{"Pob_total":256.0},"geometry":{"type":"Polygon","coordinates":[[[-79.62566060315599,-2.429179847454791],[-79.62700355605106,-2.442447768394342],[-79.62786188561356,-2.442036837253759],[-79.62891612080925,-2.442231467004969],[-79.63266668174188,-2.439949118153047],[-79.63408114674397,-2.441301445625296],[-79.63815420515134,-2.442902941979624],[-79.64126869828135,-2.443075054847662],[-79.64234844079421,-2.44670120040324],[-79.64522323248111,-2.448907636089045],[-79.64675891976094,-2.449473392019992],[-79.64776089404687,-2.449217792432922],[-79.65056603082688,-2.451698916918002],[-79.65167831124656,-2.451962942375007],[-79.65156818594483,-2.453483434648854],[-79.66380308791813,-2.467203515604001],[-79.67527972405223,-2.474681930819332],[-79.6762406649632,-2.475057792927749],[-79.67871551727418,-2.475056514693683],[-79.68245448436836,-2.479103224466698],[-79.68517444215632,-2.480262149604131],[-79.68706366360453,-2.482752077522091],[-79.69139661040083,-2.486181119410215],[-79.6935496797575,-2.486739415490533],[-79.6993849132649,-2.486657395685324],[-79.70040310313239,-2.48708283712632],[-79.70937627836093,-2.492360532228037],[-79.71657615171344,-2.495660640838194],[-79.72511253818854,-2.501347662272938],[-79.73056952234397,-2.503127652441307],[-79.73347955237509,-2.495504591229754],[-79.7338439944181,-2.492594929866706],[-79.7336078025561,-2.490747207588438],[-79.7321813701086,-2.489501429209778],[-79.73105872959648,-2.489059985178997],[-79.72810841113912,-2.48896139872888],[-79.72593798918001,-2.489418777557741],[-79.7228430423418,-2.491244107802556],[-79.72154834435626,-2.491587453519277],[-79.71702860777289,-2.490482192780763],[-79.71598263927342,-2.489504799944332],[-79.71523377989027,-2.486393031182199],[-79.7154830532688,-2.484497943120868],[-79.7187543703855,-2.477388817468063],[-79.71899403186221,-2.475579850922962],[-79.71857732200556,-2.473435232691557],[-79.71804526701474,-2.472477474432624],[-79.71615288794835,-2.470838750814069],[-79.7087615340117,-2.467127032148719],[-79.70708799754827,-2.465574672660685],[-79.70451260681624,-2.461657070432524],[-79.7025696489309,-2.453298481510581],[-79.70124980118636,-2.450147897429353],[-79.70012782491791,-2.449055540266888],[-79.69687403658011,-2.447961161204314],[-79.69318228382377,-2.448496505516932],[-79.69308148635093,-2.451497584609732],[-79.69246381619983,-2.452639343543879],[-79.69041920672872,-2.452865806170476],[-79.68908967052803,-2.451901647701318],[-79.68748338508806,-2.45188374560353],[-79.68582711888922,-2.453203988067405],[-79.68447836394593,-2.455307865496559],[-79.68327716605467,-2.455845218009126],[-79.68201221822257,-2.455207506341643],[-79.68193217914808,-2.45409770450485],[-79.68261424683479,-2.45347824150018],[-79.68392849227195,-2.453479542174545],[-79.68503443923301,-2.4507879254494],[-79.68191847827674,-2.451519220131384],[-79.68156304041851,-2.449968522046829],[-79.68021831391044,-2.447959901411415],[-79.67930868204425,-2.449003443631049],[-79.67927432882004,-2.450945420414689],[-79.67766757046326,-2.451417088919503],[-79.67727877476028,-2.450796565367558],[-79.67791310959366,-2.449214212430482],[-79.67724957436145,-2.447483697046767],[-79.67676274016708,-2.447564811139838],[-79.67601500629458,-2.448967537238396],[-79.67486274824176,-2.449243821823432],[-79.67384115808912,-2.448638988510929],[-79.67286917551739,-2.4470876804224],[-79.6725113079671,-2.448017528681811],[-79.67178101717673,-2.448179995137974],[-79.6717918682391,-2.449517685030377],[-79.67092434914746,-2.450012520648972],[-79.67058686279131,-2.449810231964032],[-79.67082499701881,-2.448956762349376],[-79.66941979554058,-2.448652432513156],[-79.66779683529475,-2.447053555547349],[-79.66783575558898,-2.444239820412296],[-79.66675620978911,-2.443973105036999],[-79.6637105250729,-2.443746938083704],[-79.65728474530032,-2.444378154285294],[-79.65648210799242,-2.443813961863707],[-79.65537526720267,-2.44098623766079],[-79.6519011486415,-2.438298049153843],[-79.65129985245227,-2.437105913217428],[-79.6501316981143,-2.436348251623979],[-79.64862902236236,-2.434249668915015],[-79.64812038946097,-2.432657043750807],[-79.64478730845815,-2.431046927078887],[-79.64374317091605,-2.430106508877523],[-79.63945918473716,-2.429834108337956],[-79.63228561042081,-2.42621537701511],[-79.63131179094036,-2.425558119603304],[-79.63051454249171,-2.424305648312273],[-79.6277678580665,-2.422474060340403],[-79.62670298904435,-2.420177850773308],[-79.62537328108648,-2.419242748722553],[-79.62451683438816,-2.419370490097546],[-79.62566060315599,-2.429179847454791]]]}},{"type":"Feature","properties":{"Pob_total":144.0},"geometry":{"type":"Polygon","coordinates":[[[-79.6312679519243,-2.423372381625175],[-79.63070827484334,-2.424003572551351],[-79.63046648823416,-2.423098064019169],[-79.62934922537764,-2.422600882698715],[-79.62921381881173,-2.423494957391743],[-79.63085504260826,-2.424623217171819],[-79.63131179094036,-2.425558119603304],[-79.63945918473716,-2.429834108337956],[-79.64374317091605,-2.430106508877523],[-79.64478730845815,-2.431046927078887],[-79.64680405071627,-2.431811976936315],[-79.64783783458785,-2.431323410672805],[-79.64739160767334,-2.430724212662684],[-79.64504126554617,-2.430670748407857],[-79.64514314019803,-2.429598889973039],[-79.6460041587326,-2.428595900531401],[-79.6448183286431,-2.42825969930169],[-79.64398150193111,-2.427279514172054],[-79.64438929683764,-2.428901974018928],[-79.64405261206969,-2.429277616949176],[-79.64339376955822,-2.428719990471004],[-79.6417205296061,-2.428776371330259],[-79.64181095383628,-2.429173245735101],[-79.64088367607408,-2.429352026117557],[-79.63994908787869,-2.429021047729282],[-79.6399833905203,-2.428439429129914],[-79.64160463966158,-2.427767878967876],[-79.64094487648701,-2.42642527610692],[-79.64175950304717,-2.424694158141985],[-79.64132947307054,-2.42462742909381],[-79.64011224426051,-2.425840702855731],[-79.6375908606256,-2.426082271974152],[-79.6383922788159,-2.424792517274881],[-79.63989998192751,-2.423910566386404],[-79.63869374726316,-2.423574613620372],[-79.63812386918713,-2.424516116309514],[-79.63665976796058,-2.42460083296276],[-79.63622415573298,-2.423914548457551],[-79.63682194944589,-2.423740773267849],[-79.63674934100341,-2.422796180352681],[-79.6360022348146,-2.422294722566086],[-79.63538923742966,-2.422745695884121],[-79.63507230075898,-2.422439761316337],[-79.63450057110498,-2.422716489597836],[-79.6337839187264,-2.421619750952157],[-79.63371447133532,-2.423080459298198],[-79.63311314512454,-2.423458815800093],[-79.6316979749945,-2.420940931664219],[-79.6311268306283,-2.421887855659476],[-79.6312679519243,-2.423372381625175]]]}},{"type":"Feature","properties":{"Pob_total":49.0},"geometry":{"type":"Polygon","coordinates":[[[-79.27276679385108,-2.387836669521907],[-79.27048579983311,-2.387787867314271],[-79.2675797709731,-2.388900932390948],[-79.26505551296914,-2.388912945723036],[-79.26336692829918,-2.389415593363586],[-79.25605788474385,-2.397092472789056],[-79.2546367722714,-2.399243526178122],[-79.2523736703709,-2.398040458774298],[-79.24955730325493,-2.397636267855256],[-79.2364002278419,-2.400312543663814],[-79.23353333119594,-2.402021390546638],[-79.23136460678107,-2.402195053630739],[-79.22994772401151,-2.403605119547598],[-79.22756556397924,-2.405122400736313],[-79.2274268951751,-2.407578150176063],[-79.22806205729998,-2.408069545067902],[-79.2268730683667,-2.408632814653441],[-79.22653937485107,-2.409441438682872],[-79.22727263212458,-2.410755312252695],[-79.22842049714656,-2.411746897260914],[-79.22814274615924,-2.412814038630274],[-79.22899689996453,-2.413663632132605],[-79.22912521072683,-2.415241495185571],[-79.23094605271933,-2.416964072677291],[-79.23224624172622,-2.417318161054483],[-79.23281358141665,-2.418047567312405],[-79.23254910207085,-2.42003908243941],[-79.23320378383396,-2.420595885771941],[-79.23447362627,-2.420714368222974],[-79.23438905343343,-2.421938385284918],[-79.2348908520189,-2.423223026282902],[-79.23706659181562,-2.424026415526628],[-79.23743247176282,-2.425299578128598],[-79.23901993084269,-2.426892093762836],[-79.24114041631637,-2.431136665172294],[-79.24177181106928,-2.433569650983013],[-79.24143733181788,-2.435802166056662],[-79.24403262255406,-2.437487605641318],[-79.24438539629928,-2.438608474080147],[-79.24758241418682,-2.439486625434522],[-79.24896927350377,-2.439381630921594],[-79.24969802612165,-2.44002968551296],[-79.25113611369235,-2.440432982738846],[-79.25127026012933,-2.440906896961829],[-79.25060199166052,-2.442284166384788],[-79.25123719351026,-2.443593949857198],[-79.25207258185726,-2.444308790651661],[-79.25375204257263,-2.444731375101492],[-79.25559850109201,-2.44685831265025],[-79.2574322855517,-2.450373775799508],[-79.25831484092413,-2.450983509247509],[-79.25750537854927,-2.451691604844438],[-79.25757263879362,-2.452169339765105],[-79.25919800030181,-2.454245716998635],[-79.25983307039897,-2.456702330833008],[-79.26120158439403,-2.457728039849272],[-79.2614022200019,-2.458652381839431],[-79.26527443752752,-2.458834125837019],[-79.26843618368729,-2.460999578666796],[-79.273009180924,-2.460992248140975],[-79.27529338443387,-2.462776535726034],[-79.2811328801014,-2.464592030367284],[-79.28235576413083,-2.465802221285211],[-79.28460623322404,-2.466713726738388],[-79.28966276067929,-2.466367685489209],[-79.291886935903,-2.466763828696884],[-79.29256160035527,-2.466357867753471],[-79.29277822604367,-2.465652972161446],[-79.29264561364408,-2.463680006259259],[-79.29108967929898,-2.46030866303246],[-79.29053245651177,-2.456419360817868],[-79.28892798262741,-2.455148040368924],[-79.28858845241623,-2.453843124510521],[-79.2908978144674,-2.451139115701471],[-79.29131563948425,-2.449615814214112],[-79.29185255217205,-2.445902163279118],[-79.29209714355493,-2.430613657956758],[-79.29412514730369,-2.424251963191316],[-79.29714187655878,-2.420133465306183],[-79.29839396825338,-2.41925262513873],[-79.29877381646504,-2.41716599453438],[-79.30058198535187,-2.415744522676967],[-79.30132357266793,-2.414666840949282],[-79.30219298710203,-2.410203928779143],[-79.30116632325107,-2.408322561050126],[-79.30235968878587,-2.406404237673901],[-79.30177407404814,-2.404537779758126],[-79.30205888042865,-2.40308703574167],[-79.30255675090629,-2.402379465642027],[-79.30553902021374,-2.402147123493143],[-79.30784825784599,-2.399993396326616],[-79.30514482179943,-2.398339739045925],[-79.30127560900753,-2.397463011409137],[-79.30014950350287,-2.398065787422441],[-79.29805155733811,-2.397543114680777],[-79.29687234156611,-2.39805403348252],[-79.29463838955063,-2.396865796879867],[-79.29281406361655,-2.396465631365833],[-79.29080611275779,-2.397036824408297],[-79.28946808395675,-2.396859268250121],[-79.2867259313357,-2.394645631654071],[-79.28599808616521,-2.39296207970962],[-79.28377956525074,-2.391605656821777],[-79.28224323522191,-2.391917259932056],[-79.27852520165185,-2.39034174410454],[-79.27554185307807,-2.388000660550532],[-79.27377218900101,-2.387555335753273],[-79.27276679385108,-2.387836669521907]]]}},{"type":"Feature","properties":{"Pob_total":159.0},"geometry":{"type":"Polygon","coordinates":[[[-79.09088797656862,-2.460913805975793],[-79.09158708548881,-2.462772863282832],[-79.0894301086386,-2.464086128776644],[-79.08803902129557,-2.465880166943633],[-79.08593284965194,-2.465928418440866],[-79.08548845974948,-2.466371331302811],[-79.08711489291127,-2.467224485201903],[-79.09078909482619,-2.468198335049176],[-79.09304599788534,-2.467237765119289],[-79.09458638240964,-2.468105113932875],[-79.09651743264999,-2.468062479101072],[-79.1004063413086,-2.470679845350055],[-79.1034649468434,-2.47114426711072],[-79.10292674045563,-2.469793868691949],[-79.10274936689896,-2.465117648012197],[-79.10201551860362,-2.462638965462483],[-79.10218050884906,-2.461361223243899],[-79.09819043341686,-2.460873643049398],[-79.09512671363998,-2.460945805843175],[-79.09112781191756,-2.45952099706623],[-79.09088797656862,-2.460913805975793]]]}},{"type":"Feature","properties":{"Pob_total":326.0},"geometry":{"type":"Polygon","coordinates":[[[-79.07633861634301,-2.465972861115366],[-79.0708086727891,-2.468239941365559],[-79.07339199889654,-2.470983757802366],[-79.07270890008223,-2.472684564522504],[-79.07388996081019,-2.472844508508811],[-79.07482084190592,-2.471876731858965],[-79.0770134613809,-2.47166587414829],[-79.07699116448758,-2.472102300671289],[-79.0757236800117,-2.472334386463322],[-79.07563286209009,-2.472782468256411],[-79.07786388394086,-2.474055641969111],[-79.07868035796022,-2.47555110674366],[-79.07996132027355,-2.476720504067665],[-79.08205932099764,-2.477159717574942],[-79.08401110854874,-2.476957369300729],[-79.08717702006112,-2.4786270532788],[-79.08816651409151,-2.478628494863245],[-79.08923328593222,-2.477826212536192],[-79.09142231974667,-2.477331761890147],[-79.09162486135615,-2.475500841512573],[-79.09461502181387,-2.473973756438116],[-79.09876042434352,-2.474138464062672],[-79.10267583985595,-2.472937016139736],[-79.10436600995875,-2.472991326185163],[-79.10478949759843,-2.473840263662666],[-79.1061304473196,-2.474745576194006],[-79.10670098686784,-2.473896477392823],[-79.10522405502863,-2.471588660876741],[-79.1004063413086,-2.470679845350055],[-79.09651743264999,-2.468062479101072],[-79.09458638240964,-2.468105113932875],[-79.09304599788534,-2.467237765119289],[-79.09078909482619,-2.468198335049176],[-79.08711489291127,-2.467224485201903],[-79.08484179433665,-2.466131565365731],[-79.0838536682708,-2.467152352036252],[-79.0821985541717,-2.467683816823921],[-79.08013023484024,-2.466482230589881],[-79.07673791776016,-2.465685086462918],[-79.07633861634301,-2.465972861115366]]]}},{"type":"Feature","properties":{"Pob_total":105.0},"geometry":{"type":"Polygon","coordinates":[[[-79.07997932549385,-2.47671364478152],[-79.08159232916913,-2.47935450450258],[-79.08280808362082,-2.480461921266421],[-79.08204455033196,-2.481891270532162],[-79.08401358945463,-2.484740011339127],[-79.0843503481169,-2.487605473857829],[-79.0876978116151,-2.489188245162274],[-79.08919392623001,-2.490334681995698],[-79.0905463269877,-2.494685879592133],[-79.09339305731707,-2.497761868512714],[-79.0934369554096,-2.499370925028164],[-79.09677427496959,-2.498259774083735],[-79.09817037260056,-2.49722691675076],[-79.09892323422942,-2.497527827053915],[-79.10299224139553,-2.497502699253865],[-79.10399215591194,-2.49689165793658],[-79.10695718757411,-2.496457429972895],[-79.10977013100846,-2.495100938572394],[-79.11449187208227,-2.493840133050788],[-79.11636763081472,-2.4917831142871],[-79.1169919818004,-2.48825948334668],[-79.11846804280513,-2.485708498584653],[-79.11898057334493,-2.4854283235799],[-79.11840165057323,-2.484161304240086],[-79.11646469102804,-2.48333227327949],[-79.11435190545237,-2.481730064760846],[-79.11289846688233,-2.481333397289271],[-79.11172719850896,-2.47982629494984],[-79.11140468474368,-2.477953830621699],[-79.10945423182493,-2.47701663722496],[-79.1071542593937,-2.474994788561334],[-79.10670098686784,-2.473896477392823],[-79.1061304473196,-2.474745576194006],[-79.10478949759843,-2.473840263662666],[-79.10424028578467,-2.472957057486383],[-79.10252739448177,-2.472948740195102],[-79.09876042434352,-2.474138464062672],[-79.09410128810393,-2.4741240241444],[-79.09162486135615,-2.475500841512573],[-79.09142231974667,-2.477331761890147],[-79.08923328593222,-2.477826212536192],[-79.08816651409151,-2.478628494863245],[-79.08673956969032,-2.478473318041739],[-79.08401110854874,-2.476957369300729],[-79.08205932099764,-2.477159717574942],[-79.07997932549385,-2.47671364478152]]]}},{"type":"Feature","properties":{"Pob_total":291.0},"geometry":{"type":"Polygon","coordinates":[[[-79.07593946554582,-2.455686773714592],[-79.07854877172988,-2.457561170532895],[-79.08095064176054,-2.460243769775051],[-79.08183256491276,-2.462182834997041],[-79.08073754752681,-2.464058109330038],[-79.08175339833237,-2.464973548808028],[-79.08548845974948,-2.466371331302811],[-79.08593284965194,-2.465928418440866],[-79.08760523213196,-2.466018793854314],[-79.08863234024601,-2.465396721981199],[-79.0894301086386,-2.464086128776644],[-79.09158708548881,-2.462772863282832],[-79.09088797656862,-2.460913805975793],[-79.09112781191756,-2.45952099706623],[-79.08788161731425,-2.457547795313647],[-79.08544831206243,-2.455144724656026],[-79.07918133315361,-2.453592264017159],[-79.07593946554582,-2.455686773714592]]]}},{"type":"Feature","properties":{"Pob_total":436.0},"geometry":{"type":"Polygon","coordinates":[[[-79.06537653487206,-2.47181321171885],[-79.06387674066893,-2.472070914631753],[-79.05860539537959,-2.475445192113818],[-79.05567214239476,-2.476553062778904],[-79.05497976688682,-2.477237958096873],[-79.05521875054322,-2.479332513847573],[-79.0560857710295,-2.480112924231453],[-79.05663734874962,-2.481557272205631],[-79.05659350173127,-2.48307290333307],[-79.05826152527469,-2.484338886470293],[-79.05905409649048,-2.487042385197116],[-79.05886175622618,-2.488357973581921],[-79.05981969989662,-2.488874315933638],[-79.0606625964938,-2.490353455128925],[-79.05962840713163,-2.493940677203525],[-79.05969103059778,-2.49506549415706],[-79.05900520922448,-2.496385059470331],[-79.0601897340901,-2.499446680136212],[-79.06126578007948,-2.501077391108277],[-79.06279584681542,-2.501507727653712],[-79.06497514913478,-2.500825573299541],[-79.06858116038424,-2.502384517099558],[-79.0704438296077,-2.502307334731349],[-79.07413672553257,-2.503029149078008],[-79.07510213967252,-2.50358588757993],[-79.07826877517411,-2.503582392685786],[-79.0796433740169,-2.504147250294938],[-79.08063145985354,-2.503659371737543],[-79.08156640316463,-2.502487905760481],[-79.08255982296818,-2.502738303610424],[-79.08576017840163,-2.502308421357486],[-79.08745947669483,-2.500886816364871],[-79.08973630529128,-2.499910909893496],[-79.0934369554096,-2.499370925028164],[-79.09339305731707,-2.497761868512714],[-79.0905463269877,-2.494685879592133],[-79.08919392623001,-2.490334681995698],[-79.0876978116151,-2.489188245162274],[-79.0843503481169,-2.487605473857829],[-79.08401358945463,-2.484740011339127],[-79.08204455033196,-2.481891270532162],[-79.08280808362082,-2.480461921266421],[-79.08159232916913,-2.47935450450258],[-79.08029828762413,-2.476994291005791],[-79.07868035796022,-2.47555110674366],[-79.07792439697033,-2.474110885674182],[-79.07556417989558,-2.472656232746889],[-79.07699116448758,-2.472102300671289],[-79.07711631416613,-2.471723168688743],[-79.07495782750306,-2.471830545108159],[-79.07388996081019,-2.472844508508811],[-79.07278897565502,-2.472764791862219],[-79.07339199889654,-2.470983757802366],[-79.0708086727891,-2.468239941365559],[-79.0671040135622,-2.47037322649269],[-79.06537653487206,-2.47181321171885]]]}},{"type":"Feature","properties":{"Pob_total":221.0},"geometry":{"type":"Polygon","coordinates":[[[-79.5006021201311,-2.528264491945169],[-79.50117608140172,-2.524294408196152],[-79.5041099854423,-2.512490562432385],[-79.501141879941,-2.510630604800153],[-79.49865570063406,-2.511505323278098],[-79.49776856193232,-2.510400311776503],[-79.49309144304551,-2.5080463255315],[-79.48267192887876,-2.514551413681481],[-79.4841608425599,-2.517200747216949],[-79.48711248584821,-2.519878560946078],[-79.48897953122764,-2.522451825964849],[-79.49016092485996,-2.523074792693029],[-79.49259758041534,-2.52288463052077],[-79.49402482402715,-2.523981600942907],[-79.49538090412932,-2.524330738749527],[-79.49652402627311,-2.526263303518245],[-79.49813156770712,-2.526965357393539],[-79.49808773080609,-2.526381790765294],[-79.49876742126838,-2.526722801417514],[-79.49929808274133,-2.528154490215786],[-79.5006021201311,-2.528264491945169]]]}},{"type":"Feature","properties":{"Pob_total":336.0},"geometry":{"type":"Polygon","coordinates":[[[-79.41831502876664,-2.476484772637858],[-79.41827752470219,-2.478003155356755],[-79.41763993836466,-2.47950047395485],[-79.41784454678961,-2.480441618457575],[-79.4200692069618,-2.480801770428108],[-79.4206093989705,-2.482035969178279],[-79.41989792259008,-2.483285493691358],[-79.41804688861232,-2.49140818184299],[-79.41904231408093,-2.495284758255548],[-79.41909105024632,-2.497187643398433],[-79.42198485003514,-2.497111170269439],[-79.42667636878137,-2.498849316488946],[-79.42656830423971,-2.49836721574426],[-79.42849523555279,-2.499725801126997],[-79.43032413990554,-2.499909378426232],[-79.43183025080931,-2.500727367811855],[-79.43414991386672,-2.499849149990808],[-79.43566928628815,-2.500343297100162],[-79.43752520826789,-2.499464533745521],[-79.43870879081628,-2.500761505834358],[-79.44017776905977,-2.500322763164019],[-79.44177240253725,-2.502527095079433],[-79.44421889729858,-2.503333299839958],[-79.44466497864214,-2.50381469161736],[-79.44573883446739,-2.50380212624716],[-79.44705033412916,-2.504407924930313],[-79.44944535531566,-2.503421342850735],[-79.44831132285329,-2.500456526983137],[-79.44857359616323,-2.498886425482319],[-79.44973038558672,-2.496382208536629],[-79.44757935646848,-2.494224507252136],[-79.44736807285395,-2.492826454309354],[-79.44504832733675,-2.492530700604016],[-79.4444221808643,-2.491267453645807],[-79.44313390927189,-2.490736060376796],[-79.44313531663511,-2.489541202493457],[-79.44099229574837,-2.491590244698472],[-79.43921046118136,-2.491441626571695],[-79.43918888386692,-2.490754006230023],[-79.44101645310177,-2.490091000452646],[-79.44059449959751,-2.488841652681463],[-79.43939382885009,-2.487992563987643],[-79.43736512590868,-2.488114063326175],[-79.43636906055801,-2.486929242265874],[-79.4345957576079,-2.486874689180726],[-79.43412146372566,-2.485105267285948],[-79.43509994574026,-2.483663681695282],[-79.43507413317508,-2.483059260179934],[-79.4329451279773,-2.482390128176318],[-79.43236361300386,-2.480958453752554],[-79.43082170523272,-2.481628850449675],[-79.43016837127331,-2.479886982206372],[-79.43085463688924,-2.478428772874393],[-79.42862363895733,-2.47809630697457],[-79.42670154781872,-2.476516900270773],[-79.42554931364515,-2.476926929438923],[-79.42462283471893,-2.476449589249675],[-79.42355696649844,-2.47697267547495],[-79.42279362203736,-2.474730747911873],[-79.42190088158978,-2.473936016490842],[-79.41987254523565,-2.474006043331333],[-79.41801322252367,-2.475160873382085],[-79.41831502876664,-2.476484772637858]]]}},{"type":"Feature","properties":{"Pob_total":213.0},"geometry":{"type":"Polygon","coordinates":[[[-79.35322252301496,-2.448846859554733],[-79.35043400812812,-2.449124052040529],[-79.34867703286484,-2.451468186229544],[-79.34693132788962,-2.452029525930271],[-79.34293413035162,-2.45608802435708],[-79.3417274175415,-2.456525581729399],[-79.3376429862869,-2.456810985697119],[-79.33653991953112,-2.457484063216665],[-79.33537315271771,-2.457611930765177],[-79.33328622521385,-2.459041425090351],[-79.33136757591478,-2.461651268822267],[-79.32809142954254,-2.463754429293903],[-79.32080523107365,-2.466905885428044],[-79.31927328208965,-2.46894068169594],[-79.31836747675848,-2.469236772853884],[-79.3183675238952,-2.472119655506649],[-79.31698487546535,-2.47864782003796],[-79.31805950301049,-2.477650720497016],[-79.31923838082088,-2.477197341078457],[-79.3204643685665,-2.477103124666051],[-79.32109743173903,-2.47753908442135],[-79.32325146404904,-2.475406883440012],[-79.32516790684187,-2.475157899063423],[-79.3261663857297,-2.473515730202891],[-79.32714560362061,-2.473532426907374],[-79.32752749651259,-2.472718924552443],[-79.32821801022935,-2.472516229565614],[-79.32852881611801,-2.471959534253731],[-79.33107975379484,-2.472013401623102],[-79.33259762836282,-2.471393398736727],[-79.33320113843857,-2.471596544283124],[-79.33372709164865,-2.470691971098847],[-79.33491277360025,-2.471193639059471],[-79.33449506422897,-2.469807143548481],[-79.33550770544399,-2.469772237049791],[-79.33543550956118,-2.468976881445108],[-79.3363220788859,-2.46895293841546],[-79.33612003186794,-2.467305722990732],[-79.33756292505088,-2.467976275594376],[-79.33910009950439,-2.468028111677213],[-79.3396401012899,-2.468472811175212],[-79.3402099642898,-2.467898729354195],[-79.34084794747477,-2.467930632612924],[-79.34090152775754,-2.467285550582723],[-79.34170412123277,-2.466610380574963],[-79.34322766174763,-2.466420014656648],[-79.34389301154566,-2.467003864423607],[-79.34410220842115,-2.466231281970022],[-79.34479928915772,-2.465735759452275],[-79.34449134983299,-2.464710497850735],[-79.34468108930155,-2.463602835847126],[-79.34520463864513,-2.463468015798957],[-79.34579851210789,-2.464122132299625],[-79.3463411478358,-2.463314512843315],[-79.34849261326795,-2.463726659443414],[-79.34993315398377,-2.463399263540426],[-79.35379491648598,-2.459897016417579],[-79.35715972421654,-2.458218185260712],[-79.36072436048373,-2.452381430311017],[-79.36337461812195,-2.450399459395712],[-79.36894233666618,-2.447914375731762],[-79.36091754096805,-2.441307819314514],[-79.35630610453589,-2.447341933233083],[-79.35322252301496,-2.448846859554733]]]}},{"type":"Feature","properties":{"Pob_total":276.0},"geometry":{"type":"Polygon","coordinates":[[[-79.40536367009737,-2.419864601295404],[-79.40523204692272,-2.420416750494294],[-79.40607657724313,-2.422272404208607],[-79.40453700856537,-2.424411935352825],[-79.40298539370905,-2.424557246282404],[-79.40129873214063,-2.425923188338113],[-79.39813656035979,-2.425648144373929],[-79.39642229519004,-2.424729280756556],[-79.39555170242281,-2.426149716182499],[-79.39439086979127,-2.426430227096824],[-79.39439732132166,-2.426981619621106],[-79.39517950006261,-2.427715527243222],[-79.39374642389097,-2.427985766385759],[-79.3930387247127,-2.428818197982628],[-79.39222739664532,-2.42802474877078],[-79.3916499532476,-2.428653130909474],[-79.39074007661179,-2.428848111741091],[-79.39040514940139,-2.430440821293987],[-79.38906532390456,-2.430096114613027],[-79.38921834223443,-2.431240031355469],[-79.38764915327889,-2.432553448903783],[-79.38705028004009,-2.432298521146289],[-79.38638160385555,-2.433050323380512],[-79.38566967509101,-2.432900797245613],[-79.38364417424005,-2.433914773499334],[-79.38101662460438,-2.434398558016892],[-79.3817175358957,-2.436989151957075],[-79.38078940312838,-2.438309833700577],[-79.38078813509615,-2.439367106205831],[-79.38176763315629,-2.453536919034904],[-79.38225706371085,-2.454372709633261],[-79.3884190292554,-2.454733494992141],[-79.38840607033005,-2.455541342080493],[-79.3904715362078,-2.455704094886416],[-79.38973052038463,-2.458500899556039],[-79.38941694751024,-2.464508675056556],[-79.39248400065746,-2.476990149896765],[-79.39374633083021,-2.476012033607825],[-79.39441911592579,-2.475983003947506],[-79.39557424259053,-2.476784572377552],[-79.39650773919007,-2.473248227441769],[-79.39750649226674,-2.472451971765857],[-79.39809748993315,-2.471195991491792],[-79.40013320125007,-2.470879204099975],[-79.40114169606207,-2.470054558831284],[-79.40203312612289,-2.470349455137478],[-79.40287969111579,-2.47011741828924],[-79.40313235077065,-2.469519760331322],[-79.40228848146208,-2.467502120581707],[-79.40263764233953,-2.466134427178856],[-79.40451372940339,-2.464403652481608],[-79.4054476659533,-2.46275793182412],[-79.40806657549241,-2.463409576241621],[-79.40919533939721,-2.463137353413287],[-79.40956583419434,-2.460908274276924],[-79.4090681287764,-2.460020955813961],[-79.40982951571861,-2.459505020226258],[-79.41043536863114,-2.458365703863693],[-79.41229941859777,-2.458276759632194],[-79.41358834585729,-2.45896732378425],[-79.41424113432586,-2.457446508822235],[-79.41551080043703,-2.45716675758],[-79.41534611898258,-2.459258263926908],[-79.41574535799803,-2.459778746574438],[-79.41647911938823,-2.459735936002255],[-79.41916628344141,-2.457955439766328],[-79.419707596726,-2.455954720618629],[-79.419775854828,-2.453578309330132],[-79.42031651547106,-2.453189620235333],[-79.42086424218274,-2.45338198964346],[-79.42075829636468,-2.452627621084763],[-79.421426717335,-2.453181612917979],[-79.422351124044,-2.452811097076618],[-79.42264122217624,-2.454620353597746],[-79.42345682977151,-2.455016613338282],[-79.42403200133178,-2.454343356741232],[-79.42495869578227,-2.454552180654351],[-79.4265112055949,-2.453839464815119],[-79.42667812001814,-2.453277234734677],[-79.42735346011682,-2.45306007477879],[-79.4273439171003,-2.452533089023612],[-79.42871916860952,-2.452615824856467],[-79.42935936277233,-2.452236559984664],[-79.42974192073144,-2.452495386469598],[-79.43051909960838,-2.451386635932472],[-79.431360711149,-2.451154474484587],[-79.43085258870384,-2.450545872113538],[-79.43131856964588,-2.448433355896187],[-79.43195870296016,-2.448180699513937],[-79.43257149370245,-2.448474431329668],[-79.43283062488938,-2.447862475688443],[-79.43489407847544,-2.44741378375095],[-79.43552204978965,-2.446716612286111],[-79.43565989368868,-2.445785449629188],[-79.43492292176366,-2.445575047899336],[-79.4354147115843,-2.444842085625994],[-79.43504007752247,-2.44465028320905],[-79.43509130623602,-2.443896187412937],[-79.43576853203432,-2.443677484920138],[-79.43639314384532,-2.441688772350265],[-79.43735902081642,-2.440207537686808],[-79.43756238240883,-2.438831859840179],[-79.43915589828701,-2.438874676713005],[-79.44017449353797,-2.438220547001253],[-79.44054960745721,-2.437374306396582],[-79.44242237321313,-2.436192645781885],[-79.44352899750633,-2.433893373281069],[-79.44336058806705,-2.433345489757334],[-79.444439991988,-2.432663297070275],[-79.44536372597864,-2.432630266209803],[-79.44645425277734,-2.433616388017763],[-79.44744535437566,-2.433174655360009],[-79.44776479131656,-2.433827983384296],[-79.44849131308412,-2.433900536183759],[-79.44955995680469,-2.432486955748844],[-79.44955376826711,-2.43153156408294],[-79.45084171015375,-2.431218046217321],[-79.45310334713862,-2.428460109595736],[-79.45367913608119,-2.428403672033007],[-79.43461252973862,-2.401490348607231],[-79.43448650498138,-2.402799464075616],[-79.43356082898542,-2.402744864174009],[-79.43351169797512,-2.402148646337944],[-79.43310831265167,-2.402103145997819],[-79.43254276204486,-2.402890747633128],[-79.43163349217795,-2.402642449958587],[-79.43088962208041,-2.404311788082467],[-79.4303607227895,-2.403636067160999],[-79.42888135148604,-2.40531884543466],[-79.42931429795726,-2.406165111208756],[-79.42896462139065,-2.40648422166432],[-79.42858617848589,-2.406485052987275],[-79.42829074390977,-2.40584342364943],[-79.42798369882043,-2.406542057472461],[-79.42759662268755,-2.406466005841569],[-79.42755548971014,-2.405486526991593],[-79.42698124870557,-2.404990993716709],[-79.42712030580756,-2.404084434629814],[-79.42655123313442,-2.4038647405538],[-79.42357504521061,-2.405195974778045],[-79.42342332602614,-2.405852641034897],[-79.42240941058759,-2.406532096752548],[-79.42153642136647,-2.408350039574312],[-79.41971105599329,-2.407931284359226],[-79.41891324343418,-2.408494050384173],[-79.41715143917527,-2.408083596023881],[-79.41641999448228,-2.408556452660611],[-79.41404817222177,-2.408970336432734],[-79.41330578406368,-2.40856983454218],[-79.41291091719415,-2.409320267273874],[-79.41057031332458,-2.410877655019359],[-79.40915518666924,-2.412730305617298],[-79.40718510939173,-2.416820322945799],[-79.40650860098417,-2.417134157716025],[-79.40556680375863,-2.418487240350355],[-79.40536367009737,-2.419864601295404]]]}},{"type":"Feature","properties":{"Pob_total":298.0},"geometry":{"type":"Polygon","coordinates":[[[-79.37573646562423,-2.443935840766681],[-79.3748732545347,-2.445838355679435],[-79.37376061197122,-2.445738978732897],[-79.37308426554557,-2.446278596962329],[-79.37217629589122,-2.446080168796681],[-79.3718008488831,-2.4476156524501],[-79.3708713401418,-2.447384912305697],[-79.37118264862762,-2.448399149995742],[-79.37037741608604,-2.447782857627761],[-79.36930723186872,-2.447669781014049],[-79.36337461812195,-2.450399459395712],[-79.36163480299219,-2.45165545446707],[-79.36026052194474,-2.453026199091233],[-79.35715972421654,-2.458218185260712],[-79.35451030234347,-2.459480420447376],[-79.35978203764014,-2.464574350407405],[-79.35990131641793,-2.465178033913483],[-79.36086084621073,-2.465662057331998],[-79.36121868322628,-2.46747317941368],[-79.36253709206159,-2.468923339606731],[-79.36277607332066,-2.469768609457287],[-79.36385577932674,-2.470132069660256],[-79.36469470809351,-2.471098807441781],[-79.36565069044508,-2.474479898064333],[-79.36708780475641,-2.477016597499519],[-79.36814201908797,-2.478020370505404],[-79.36997026766429,-2.481397354939874],[-79.37228914182404,-2.48384519140403],[-79.37261377025877,-2.485939690631106],[-79.37663120878811,-2.49186646825957],[-79.37744249400258,-2.495254153401867],[-79.37885706692467,-2.497295107408104],[-79.38020511180153,-2.500354088259636],[-79.38202199947364,-2.500886813623302],[-79.38365538077156,-2.499813884493726],[-79.38637188407947,-2.498829448003378],[-79.38806349450272,-2.49737889455227],[-79.39141448146793,-2.497223232239162],[-79.39363291499116,-2.497960127863149],[-79.39520557831796,-2.496930098840621],[-79.39734061123005,-2.497127954748903],[-79.39856733332988,-2.496560795008673],[-79.39755947649203,-2.496078590224154],[-79.39815534408542,-2.495127661782419],[-79.39842205075077,-2.493191127489073],[-79.39716826214413,-2.489100562008672],[-79.39392750134952,-2.483526439248478],[-79.38959533927152,-2.465701098363031],[-79.3893991835265,-2.462760450855181],[-79.38973052038463,-2.458500899556039],[-79.3904715362078,-2.455704094886416],[-79.38840607033005,-2.455541342080493],[-79.38780657172943,-2.456186994126262],[-79.38302013152362,-2.455957523916037],[-79.38039004368841,-2.45879384686479],[-79.37807882937345,-2.458845530256324],[-79.37460230797035,-2.452788312622065],[-79.37245485301656,-2.451229945962493],[-79.37396338051525,-2.448928688813722],[-79.37392458115222,-2.446120255081709],[-79.3760289195315,-2.446114650670328],[-79.37604177402885,-2.447978923900231],[-79.37733321555791,-2.447832708103777],[-79.38072416121672,-2.444946267696632],[-79.38078940312838,-2.438309833700577],[-79.3817175358957,-2.436989151957075],[-79.3815928460289,-2.436476051403546],[-79.38061395277113,-2.437360688923783],[-79.37947199834014,-2.437715179026747],[-79.37934155542827,-2.438148023028086],[-79.38017664991315,-2.439358050556122],[-79.37833181452602,-2.440336143720675],[-79.37701396981065,-2.442050282322096],[-79.37674480877155,-2.442989394041155],[-79.37573646562423,-2.443935840766681]]]}},{"type":"Feature","properties":{"Pob_total":116.0},"geometry":{"type":"Polygon","coordinates":[[[-79.3490174120578,-2.46367295742065],[-79.3463411478358,-2.463314512843315],[-79.34579851210789,-2.464122132299625],[-79.34487170296899,-2.463459193229308],[-79.3445173629199,-2.463889939669512],[-79.34479928915772,-2.465735759452275],[-79.34410220842115,-2.466231281970022],[-79.34389301154566,-2.467003864423607],[-79.34322766174763,-2.466420014656648],[-79.34170412123277,-2.466610380574963],[-79.34090152775754,-2.467285550582723],[-79.34084794747477,-2.467930632612924],[-79.3402099642898,-2.467898729354195],[-79.3396401012899,-2.468472811175212],[-79.33910009950439,-2.468028111677213],[-79.33756292505088,-2.467976275594376],[-79.33612003186794,-2.467305722990732],[-79.3363220788859,-2.46895293841546],[-79.33543550956118,-2.468976881445108],[-79.33550770544399,-2.469772237049791],[-79.33449506422897,-2.469807143548481],[-79.33491277360025,-2.471193639059471],[-79.33372709164865,-2.470691971098847],[-79.33320113843857,-2.471596544283124],[-79.33259762836282,-2.471393398736727],[-79.33107975379484,-2.472013401623102],[-79.32852881611801,-2.471959534253731],[-79.32821801022935,-2.472516229565614],[-79.32752749651259,-2.472718924552443],[-79.32714560362061,-2.473532426907374],[-79.3261663857297,-2.473515730202891],[-79.32516790684187,-2.475157899063423],[-79.32325146404904,-2.475406883440012],[-79.32109743173903,-2.47753908442135],[-79.31973832518872,-2.477102206261421],[-79.31785701786183,-2.477794159844966],[-79.31698487546535,-2.47864782003796],[-79.31696348065934,-2.482320955171134],[-79.31452964113774,-2.483091143982423],[-79.31105547475408,-2.483260256316673],[-79.31057531456656,-2.484263796945339],[-79.31088902581048,-2.485740404140452],[-79.31213449709206,-2.486869044136665],[-79.31318778285979,-2.490076918081621],[-79.31445748903985,-2.490466490886257],[-79.31739421204118,-2.492393181532857],[-79.32083921507454,-2.492705853110433],[-79.32866374475793,-2.495652583326375],[-79.3343538243561,-2.501533031619595],[-79.33551972181141,-2.503339873762541],[-79.33524588793243,-2.505097853935535],[-79.33452136687742,-2.506445546482702],[-79.33436906339526,-2.509638878572508],[-79.33366481242598,-2.510239711516754],[-79.3312829307018,-2.510637095752868],[-79.3308825612227,-2.511571826160724],[-79.33309889367047,-2.511480814828052],[-79.33491942142318,-2.510779252630631],[-79.3368196829143,-2.511591157807512],[-79.33980703968498,-2.510586053714135],[-79.34069265643967,-2.511267592131398],[-79.34454088704145,-2.512070261108481],[-79.34655883246326,-2.513261633694915],[-79.34677824560072,-2.512800369638029],[-79.34662405171973,-2.509357150288125],[-79.34763712277828,-2.505840596768036],[-79.34731180234282,-2.503336189998233],[-79.34641441926028,-2.498883189539374],[-79.34454805559321,-2.494725619489755],[-79.34287037546403,-2.480837144186134],[-79.3412689308917,-2.476653244533053],[-79.34554175914548,-2.479215619448456],[-79.3507466833431,-2.479266250043057],[-79.35373219017784,-2.483074986480595],[-79.36540332037886,-2.473605005645728],[-79.36469470809351,-2.471098807441781],[-79.36385577932674,-2.470132069660256],[-79.36277607332066,-2.469768609457287],[-79.36253709206159,-2.468923339606731],[-79.36121868322628,-2.46747317941368],[-79.36086084621073,-2.465662057331998],[-79.35990131641793,-2.465178033913483],[-79.35978203764014,-2.464574350407405],[-79.35451030234347,-2.459480420447376],[-79.34993315398377,-2.463399263540426],[-79.3490174120578,-2.46367295742065]]]}},{"type":"Feature","properties":{"Pob_total":207.0},"geometry":{"type":"Polygon","coordinates":[[[-79.47796175752622,-2.466979421820587],[-79.47578731479305,-2.468446756116613],[-79.47136581828765,-2.468387689893291],[-79.47089079003463,-2.468927243213018],[-79.47071775243104,-2.47146574807884],[-79.46982148738549,-2.472445704577324],[-79.46840112694908,-2.470103788503041],[-79.46737990234764,-2.469495678383695],[-79.4666010852489,-2.470151815915961],[-79.46638652500205,-2.470945799016924],[-79.46541543066706,-2.4711596499679],[-79.46536816124751,-2.471837070137451],[-79.46393226535496,-2.472295198938366],[-79.46334625641629,-2.471915584724176],[-79.46108590101387,-2.472372846844344],[-79.46032260093725,-2.471814140130506],[-79.46023226193023,-2.472722938113319],[-79.45935760164349,-2.47305509896685],[-79.45945772052357,-2.474186776934486],[-79.45900663867225,-2.47477410209219],[-79.45757233238228,-2.473889028887172],[-79.45623723197711,-2.47447451738748],[-79.45504517313162,-2.474331956395383],[-79.45288967108353,-2.475709890482594],[-79.45300861342824,-2.47680839769184],[-79.4520062213272,-2.477411714928891],[-79.45014286098397,-2.477399317492913],[-79.44956250326577,-2.476804191506945],[-79.44828804747137,-2.47694950885377],[-79.43166414221159,-2.479893998930384],[-79.43082170523272,-2.481628850449675],[-79.43236361300386,-2.480958453752554],[-79.4329451279773,-2.482390128176318],[-79.43507413317508,-2.483059260179934],[-79.43509994574026,-2.483663681695282],[-79.43418492330508,-2.48474350321727],[-79.4344040591326,-2.486584631690982],[-79.43679139365572,-2.486636185600512],[-79.4387803600788,-2.487420639279486],[-79.48318348959619,-2.491906719800126],[-79.48453868170847,-2.491514958919868],[-79.48787612842531,-2.491869968590577],[-79.48912044031157,-2.490621253070147],[-79.49029388076465,-2.490327583035032],[-79.49484628049889,-2.490740129128149],[-79.49895058263043,-2.492289883014424],[-79.50334249480197,-2.490006026434973],[-79.50399551739574,-2.488800116537868],[-79.50394080332286,-2.487404836761435],[-79.5046714638909,-2.486801254594829],[-79.50635540167586,-2.486654025362011],[-79.50873805820054,-2.487438755985248],[-79.51162201922072,-2.486233548220335],[-79.51273344437477,-2.486229963695767],[-79.51169063878437,-2.484382583744283],[-79.50342990752164,-2.480283284761734],[-79.50257331726282,-2.47821630596407],[-79.50087468048555,-2.477376367645643],[-79.49988414568206,-2.47639614489697],[-79.49922128268392,-2.476610913226533],[-79.49881375560436,-2.475901493962717],[-79.49827456168708,-2.475772096558229],[-79.49747592989709,-2.476057343208517],[-79.49698253411844,-2.475344842577747],[-79.49623503360527,-2.476376002477718],[-79.49506960441092,-2.476673131194471],[-79.49501254491668,-2.475048317068594],[-79.49270962210483,-2.47313055397374],[-79.49208183220478,-2.473184737587379],[-79.49125294132784,-2.473989068843689],[-79.48954347618974,-2.473200210608636],[-79.48920750371336,-2.472595874730077],[-79.48830733852586,-2.472183078782234],[-79.48799102083967,-2.470343362616782],[-79.48709988944826,-2.469976340788459],[-79.48657351471999,-2.468777058071566],[-79.48494488926471,-2.468866728710638],[-79.48280503658346,-2.467566758149468],[-79.4797336500767,-2.467277735131041],[-79.47878893500355,-2.466041349993225],[-79.47796175752622,-2.466979421820587]]]}},{"type":"Feature","properties":{"Pob_total":213.0},"geometry":{"type":"Polygon","coordinates":[[[-79.40832849818192,-2.463409888190371],[-79.40618313683989,-2.462789197662724],[-79.40526613786066,-2.46289960798622],[-79.40451372940339,-2.464403652481608],[-79.40244568535267,-2.466575070983152],[-79.40231840863488,-2.467740274274296],[-79.40313235077065,-2.469519760331322],[-79.40287969111579,-2.47011741828924],[-79.40203312612289,-2.470349455137478],[-79.40114169606207,-2.470054558831284],[-79.40013320125007,-2.470879204099975],[-79.39809748993315,-2.471195991491792],[-79.39750649226674,-2.472451971765857],[-79.39650773919007,-2.473248227441769],[-79.39557424259053,-2.476784572377552],[-79.39441911592579,-2.475983003947506],[-79.39374633083021,-2.476012033607825],[-79.39248400065746,-2.476990149896765],[-79.39392750134952,-2.483526439248478],[-79.39649375314868,-2.487947835556839],[-79.40523235171952,-2.487702511550465],[-79.40708890298184,-2.485955449871409],[-79.40850542787875,-2.485604906857616],[-79.40912089752801,-2.482019136336476],[-79.41240431993205,-2.48132798497136],[-79.41507855708055,-2.479581878656521],[-79.41807572837186,-2.475442572358803],[-79.41790747905391,-2.474709652031732],[-79.4184316983215,-2.474025130954318],[-79.41697539868719,-2.472142770768522],[-79.41809873632752,-2.470921768842676],[-79.41819367786545,-2.469718263657227],[-79.41594040294613,-2.460377809303361],[-79.40998394459375,-2.459057223414544],[-79.4090681287764,-2.460020955813961],[-79.40956583419434,-2.460908274276924],[-79.40931148136785,-2.462934825563954],[-79.40832849818192,-2.463409888190371]]]}},{"type":"Feature","properties":{"Pob_total":330.0},"geometry":{"type":"Polygon","coordinates":[[[-79.51162201922072,-2.486233548220335],[-79.50873805820054,-2.487438755985248],[-79.50635540167586,-2.486654025362011],[-79.5046714638909,-2.486801254594829],[-79.50394080332286,-2.487404836761435],[-79.50399551739574,-2.488800116537868],[-79.50334249480197,-2.490006026434973],[-79.49871306882677,-2.492317648172949],[-79.49484628049889,-2.490740129128149],[-79.49308687777224,-2.490513376437122],[-79.48974923280589,-2.490326959223192],[-79.48787612842531,-2.491869968590577],[-79.48453868170847,-2.491514958919868],[-79.48318348959619,-2.491906719800126],[-79.4387803600788,-2.487420639279486],[-79.43679139365572,-2.486636185600512],[-79.4344040591326,-2.486584631690982],[-79.43480921592608,-2.486957600970731],[-79.43636906055801,-2.486929242265874],[-79.43736512590868,-2.488114063326175],[-79.43939382885009,-2.487992563987643],[-79.44059449959751,-2.488841652681463],[-79.44101645310177,-2.490091000452646],[-79.43918888386692,-2.490754006230023],[-79.43908740973296,-2.491249844189099],[-79.43952666746064,-2.491625770066265],[-79.44116513287672,-2.491502181225538],[-79.44313531663511,-2.489541202493457],[-79.44313390927189,-2.490736060376796],[-79.4444221808643,-2.491267453645807],[-79.44504832733675,-2.492530700604016],[-79.44736807285395,-2.492826454309354],[-79.44757935646848,-2.494224507252136],[-79.44973038558672,-2.496382208536629],[-79.44857359616323,-2.498886425482319],[-79.44831132285329,-2.500456526983137],[-79.44856034221093,-2.501729810392451],[-79.44954739479043,-2.503010211011671],[-79.44981893860385,-2.501357736860657],[-79.45328087782167,-2.500284156037284],[-79.45367340201831,-2.498944791090333],[-79.4545720356761,-2.498188558648549],[-79.45730756560845,-2.499182102132355],[-79.45850748863577,-2.500814620102616],[-79.46102729185621,-2.500555451585128],[-79.46328515345212,-2.50141735491559],[-79.46503530864923,-2.5030650834015],[-79.46617581824292,-2.505993679939815],[-79.46723138196077,-2.507261943002703],[-79.46947162595343,-2.50645720492703],[-79.47190973486353,-2.507095762808714],[-79.47380698480154,-2.506633641557534],[-79.47665895266488,-2.508688574474328],[-79.47747884942032,-2.508842279854781],[-79.4785220707277,-2.508092045478448],[-79.47873902078987,-2.50632593944855],[-79.47969197387133,-2.506423373829532],[-79.4793466471007,-2.503202118056669],[-79.47971290427138,-2.497930049800424],[-79.48393439021997,-2.500613171535032],[-79.48644831292212,-2.498583265437097],[-79.48797209959527,-2.498440858894155],[-79.48906570447343,-2.498612504631818],[-79.49008019255365,-2.499635183599404],[-79.49120041636642,-2.499335217464919],[-79.49319065977315,-2.501131731460495],[-79.49429873053646,-2.50013762590303],[-79.49554790613722,-2.500937910010587],[-79.49595334346559,-2.499379827635245],[-79.49725506278033,-2.499761074539751],[-79.49881919631164,-2.498387725715479],[-79.50110989334223,-2.499385722399722],[-79.50247677413876,-2.498770843094003],[-79.50466970179946,-2.498773340641124],[-79.50543834549896,-2.499487245352252],[-79.51288979726175,-2.494754831293298],[-79.51521812232335,-2.495309498997647],[-79.52064225376641,-2.495123514641622],[-79.52254884993759,-2.495627603671804],[-79.52421355945728,-2.495562066229715],[-79.52228976895573,-2.493954521585634],[-79.52024238196068,-2.491419701384407],[-79.51838959219275,-2.490170443020189],[-79.51762317907833,-2.489938686861926],[-79.5151344131062,-2.49058172003069],[-79.51443628935122,-2.490316576424235],[-79.51336326855419,-2.488463961783223],[-79.51273344437477,-2.486229963695767],[-79.51162201922072,-2.486233548220335]]]}},{"type":"Feature","properties":{"Pob_total":237.0},"geometry":{"type":"Polygon","coordinates":[[[-79.47190973486353,-2.507095762808714],[-79.47423969535927,-2.509054667747831],[-79.47342791839795,-2.512335055516178],[-79.47361502013322,-2.512870285582133],[-79.47489736161825,-2.513375303215388],[-79.4789963395277,-2.513443053202875],[-79.48160594722033,-2.516136834769607],[-79.48207321635535,-2.517962680430332],[-79.48058446302905,-2.521536494751929],[-79.48200977213592,-2.523372607120979],[-79.48840479482075,-2.52513478316946],[-79.48898551625432,-2.525853288392949],[-79.48882355950325,-2.528750991494693],[-79.48917848799377,-2.529536483435395],[-79.4913062844496,-2.529538970053754],[-79.49365420045538,-2.528566120116491],[-79.49427986554775,-2.528724202108301],[-79.49617043878301,-2.530582712849743],[-79.49652702357831,-2.530175949845069],[-79.4987978138686,-2.532948297931744],[-79.49891494723164,-2.531923157808393],[-79.50028693346728,-2.529939064681014],[-79.5006021201311,-2.528264491945169],[-79.49929808274133,-2.528154490215786],[-79.49876742126838,-2.526722801417514],[-79.49808773080609,-2.526381790765294],[-79.49813156770712,-2.526965357393539],[-79.49652402627311,-2.526263303518245],[-79.49538090412932,-2.524330738749527],[-79.49402482402715,-2.523981600942907],[-79.49259758041534,-2.52288463052077],[-79.49016092485996,-2.523074792693029],[-79.48897953122764,-2.522451825964849],[-79.48711248584821,-2.519878560946078],[-79.4841608425599,-2.517200747216949],[-79.48267192887876,-2.514551413681481],[-79.49309144304551,-2.5080463255315],[-79.48933352474121,-2.505280321908297],[-79.48825179275461,-2.502970190181627],[-79.48843360703921,-2.502690297011069],[-79.4966863799363,-2.505595413860943],[-79.49989780417893,-2.503823118538556],[-79.50208278677623,-2.50161422380667],[-79.50543834549896,-2.499487245352252],[-79.50525289755248,-2.49899405261162],[-79.50247677413876,-2.498770843094003],[-79.50110989334223,-2.499385722399722],[-79.49881919631164,-2.498387725715479],[-79.49725506278033,-2.499761074539751],[-79.49595334346559,-2.499379827635245],[-79.49554790613722,-2.500937910010587],[-79.49429873053646,-2.50013762590303],[-79.49319065977315,-2.501131731460495],[-79.49120041636642,-2.499335217464919],[-79.49008019255365,-2.499635183599404],[-79.48906570447343,-2.498612504631818],[-79.48797209959527,-2.498440858894155],[-79.48644831292212,-2.498583265437097],[-79.48393439021997,-2.500613171535032],[-79.47971290427138,-2.497930049800424],[-79.4793466471007,-2.503202118056669],[-79.47969197387133,-2.506423373829532],[-79.47873902078987,-2.50632593944855],[-79.47829850662781,-2.508421162589812],[-79.47747884942032,-2.508842279854781],[-79.47665895266488,-2.508688574474328],[-79.47380698480154,-2.506633641557534],[-79.47190973486353,-2.507095762808714]]]}},{"type":"Feature","properties":{"Pob_total":131.0},"geometry":{"type":"Polygon","coordinates":[[[-79.37943455742442,-2.43624746724148],[-79.37709108465947,-2.436168955298879],[-79.37600271063539,-2.437129236806349],[-79.37492549879572,-2.436732016571618],[-79.37431269901849,-2.437892910103971],[-79.3733704849075,-2.437836879817444],[-79.37264756749602,-2.437183522626816],[-79.37182107469492,-2.438915158500901],[-79.37053283974164,-2.439785208344802],[-79.369091186177,-2.438967293539707],[-79.36888692384629,-2.438431132959815],[-79.36845243953059,-2.438529541708339],[-79.36823017909217,-2.439271286492306],[-79.36791401297653,-2.438184606795904],[-79.36728609024384,-2.438240367268175],[-79.36704354763366,-2.437761134099814],[-79.36634628068079,-2.438205496695112],[-79.36537424625783,-2.437608990224756],[-79.36476716123182,-2.438053732190354],[-79.36327946712606,-2.43821154277106],[-79.36310735083022,-2.438528757271659],[-79.36345520140792,-2.438692595015375],[-79.36268646115168,-2.439131894170913],[-79.36270390728455,-2.439648022153197],[-79.36999497161173,-2.446168256322693],[-79.36804505987054,-2.447273822395748],[-79.36894233666618,-2.447914375731762],[-79.37037741608604,-2.447782857627761],[-79.37118264862762,-2.448399149995742],[-79.3708713401418,-2.447384912305697],[-79.3718008488831,-2.4476156524501],[-79.37217629589122,-2.446080168796681],[-79.37308426554557,-2.446278596962329],[-79.37376061197122,-2.445738978732897],[-79.3748732545347,-2.445838355679435],[-79.37573646562423,-2.443935840766681],[-79.37674480877155,-2.442989394041155],[-79.37701396981065,-2.442050282322096],[-79.37833181452602,-2.440336143720675],[-79.38004649116421,-2.439553956537003],[-79.38021758440291,-2.439113020641787],[-79.37934993194249,-2.437911093872481],[-79.3815928460289,-2.436476051403546],[-79.38101662460438,-2.434398558016892],[-79.37943455742442,-2.43624746724148]]]}},{"type":"Feature","properties":{"Pob_total":199.0},"geometry":{"type":"Polygon","coordinates":[[[-79.3619356044393,-2.439578267418711],[-79.36203272911521,-2.440525049199597],[-79.36091754096805,-2.441307819314514],[-79.36585898904185,-2.445670700600711],[-79.36804505987054,-2.447273822395748],[-79.36999497161173,-2.446168256322693],[-79.36270390728455,-2.439648022153197],[-79.3619356044393,-2.439578267418711]]]}},{"type":"Feature","properties":{"Pob_total":137.0},"geometry":{"type":"Polygon","coordinates":[[[-79.34236048050695,-2.479176245678303],[-79.34315072180326,-2.482568837513513],[-79.34434618567833,-2.493801952646327],[-79.34488213438236,-2.495835835547745],[-79.34641441926028,-2.498883189539374],[-79.34759708683993,-2.50535745383676],[-79.34749915939688,-2.50687343646225],[-79.34662405171973,-2.509357150288125],[-79.34655883246326,-2.513261633694915],[-79.34732677118882,-2.513587180197089],[-79.34856403014057,-2.512931780485025],[-79.35178277231917,-2.513452043452702],[-79.35527173848335,-2.512412362762153],[-79.3572545344377,-2.512555660985466],[-79.35907567499125,-2.511361304845241],[-79.36056874643052,-2.511339714055949],[-79.36269365497961,-2.50974687557356],[-79.3648976701985,-2.510207215008062],[-79.36571458052111,-2.50990321276697],[-79.36730311644247,-2.508145447352551],[-79.36835358809809,-2.507607099889662],[-79.37206343071178,-2.507189381847851],[-79.36616290520048,-2.503336669610926],[-79.35830297502213,-2.488895918329738],[-79.35605234971779,-2.486025707515811],[-79.35235252584769,-2.484250929936278],[-79.35373219017784,-2.483074986480595],[-79.3507466833431,-2.479266250043057],[-79.34554175914548,-2.479215619448456],[-79.3412689308917,-2.476653244533053],[-79.34236048050695,-2.479176245678303]]]}},{"type":"Feature","properties":{"Pob_total":237.0},"geometry":{"type":"Polygon","coordinates":[[[-79.35373219017784,-2.483074986480595],[-79.35235252584769,-2.484250929936278],[-79.35605234971779,-2.486025707515811],[-79.3570852658562,-2.48722156016363],[-79.3594253575893,-2.490729683116618],[-79.364656241452,-2.500837118806057],[-79.3668162309624,-2.503990150579695],[-79.37206343071178,-2.507189381847851],[-79.37502774313198,-2.505926073009688],[-79.37746993182128,-2.503153487456407],[-79.3793837421719,-2.502772029976499],[-79.38158650205857,-2.500984980103228],[-79.38052098767784,-2.50057541687959],[-79.37981331177835,-2.499796082123205],[-79.37885706692467,-2.497295107408104],[-79.37744249400258,-2.495254153401867],[-79.37663120878811,-2.49186646825957],[-79.37261377025877,-2.485939690631106],[-79.37228914182404,-2.48384519140403],[-79.36997026766429,-2.481397354939874],[-79.36814201908797,-2.478020370505404],[-79.36708780475641,-2.477016597499519],[-79.36540332037886,-2.473605005645728],[-79.35373219017784,-2.483074986480595]]]}},{"type":"Feature","properties":{"Pob_total":174.0},"geometry":{"type":"Polygon","coordinates":[[[-79.41394891854566,-2.480345165584523],[-79.41240431993205,-2.48132798497136],[-79.40912089752801,-2.482019136336476],[-79.40850542787875,-2.485604906857616],[-79.40708890298184,-2.485955449871409],[-79.40523235171952,-2.487702511550465],[-79.39649375314868,-2.487947835556839],[-79.39716826214413,-2.489100562008672],[-79.39849701164192,-2.493659584384947],[-79.39755947649203,-2.496078590224154],[-79.39856733332988,-2.496560795008673],[-79.40152780739731,-2.496643464374074],[-79.40249674177664,-2.497226210055147],[-79.40552125964045,-2.49726569227689],[-79.40717696998153,-2.498923400712456],[-79.40918481073102,-2.498273671502422],[-79.41388934819479,-2.497975911015154],[-79.41649914829544,-2.49694552963214],[-79.41909105024632,-2.497187643398433],[-79.41904231408093,-2.495284758255548],[-79.41804688861232,-2.49140818184299],[-79.41989792259008,-2.483285493691358],[-79.4205934157388,-2.48163947615808],[-79.41973284954459,-2.480631980845957],[-79.41847992329339,-2.48072462935917],[-79.41775130184837,-2.480215688274288],[-79.41763993836466,-2.47950047395485],[-79.41837164295409,-2.477419952378105],[-79.41807572837186,-2.475442572358803],[-79.41566663284748,-2.479038155531502],[-79.41394891854566,-2.480345165584523]]]}},{"type":"Feature","properties":{"Pob_total":197.0},"geometry":{"type":"Polygon","coordinates":[[[-79.44821706043967,-2.43391016887543],[-79.44734063813806,-2.43314360520742],[-79.44668619284052,-2.433651654414177],[-79.44536372597864,-2.432630266209803],[-79.44420789102297,-2.432768027433878],[-79.44336058806705,-2.433345489757334],[-79.44352899750633,-2.433893373281069],[-79.44233820572467,-2.436277108327085],[-79.44054960745721,-2.437374306396582],[-79.44017449353797,-2.438220547001253],[-79.43915589828701,-2.438874676713005],[-79.43756238240883,-2.438831859840179],[-79.43735902081642,-2.440207537686808],[-79.43639314384532,-2.441688772350265],[-79.43576853203432,-2.443677484920138],[-79.43509130623602,-2.443896187412937],[-79.43504007752247,-2.44465028320905],[-79.4354147115843,-2.444842085625994],[-79.43492292176366,-2.445575047899336],[-79.43565989368868,-2.445785449629188],[-79.43552204978965,-2.446716612286111],[-79.43489407847544,-2.44741378375095],[-79.43283062488938,-2.447862475688443],[-79.43257149370245,-2.448474431329668],[-79.43195870296016,-2.448180699513937],[-79.43131856964588,-2.448433355896187],[-79.43085258870384,-2.450545872113538],[-79.431360711149,-2.451154474484587],[-79.43051909960838,-2.451386635932472],[-79.42974192073144,-2.452495386469598],[-79.42935936277233,-2.452236559984664],[-79.42871916860952,-2.452615824856467],[-79.4273439171003,-2.452533089023612],[-79.42735346011682,-2.45306007477879],[-79.42667812001814,-2.453277234734677],[-79.4265112055949,-2.453839464815119],[-79.42495869578227,-2.454552180654351],[-79.42403200133178,-2.454343356741232],[-79.42345682977151,-2.455016613338282],[-79.42264122217624,-2.454620353597746],[-79.422351124044,-2.452811097076618],[-79.421426717335,-2.453181612917979],[-79.42075829636468,-2.452627621084763],[-79.42086424218274,-2.45338198964346],[-79.42031651547106,-2.453189620235333],[-79.419775854828,-2.453578309330132],[-79.419707596726,-2.455954720618629],[-79.41916628344141,-2.457955439766328],[-79.41647911938823,-2.459735936002255],[-79.41574535799803,-2.459778746574438],[-79.41534611898258,-2.459258263926908],[-79.41551080043703,-2.45716675758],[-79.41424113432586,-2.457446508822235],[-79.41358834585729,-2.45896732378425],[-79.412067736855,-2.458251162130893],[-79.41065207122142,-2.458284931228158],[-79.4101276849492,-2.458664229104898],[-79.40998394459375,-2.459057223414544],[-79.41594040294613,-2.460377809303361],[-79.41819367786545,-2.469718263657227],[-79.41809873632752,-2.470921768842676],[-79.41697539868719,-2.472142770768522],[-79.4184316983215,-2.474025130954318],[-79.41790747905391,-2.474709652031732],[-79.41801322252367,-2.475160873382085],[-79.41987254523565,-2.474006043331333],[-79.42190088158978,-2.473936016490842],[-79.42279362203736,-2.474730747911873],[-79.42355696649844,-2.47697267547495],[-79.42462283471893,-2.476449589249675],[-79.42554931364515,-2.476926929438923],[-79.42670154781872,-2.476516900270773],[-79.42862363895733,-2.47809630697457],[-79.43065749620128,-2.478311876440778],[-79.43086569905441,-2.478884046173321],[-79.4302915125613,-2.479393068728731],[-79.43017969437393,-2.48012050412101],[-79.43082170523272,-2.481628850449675],[-79.43166414221159,-2.479893998930384],[-79.44828804747137,-2.47694950885377],[-79.44956250326577,-2.476804191506945],[-79.45014286098397,-2.477399317492913],[-79.4520062213272,-2.477411714928891],[-79.45300861342824,-2.47680839769184],[-79.45288967108353,-2.475709890482594],[-79.45504517313162,-2.474331956395383],[-79.45623723197711,-2.47447451738748],[-79.45757233238228,-2.473889028887172],[-79.45900663867225,-2.47477410209219],[-79.45945772052357,-2.474186776934486],[-79.45935760164349,-2.47305509896685],[-79.46023226193023,-2.472722938113319],[-79.46032260093725,-2.471814140130506],[-79.46108590101387,-2.472372846844344],[-79.46334625641629,-2.471915584724176],[-79.46393226535496,-2.472295198938366],[-79.46536816124751,-2.471837070137451],[-79.46541543066706,-2.4711596499679],[-79.46638652500205,-2.470945799016924],[-79.4666010852489,-2.470151815915961],[-79.46737990234764,-2.469495678383695],[-79.46840112694908,-2.470103788503041],[-79.46982148738549,-2.472445704577324],[-79.47071775243104,-2.47146574807884],[-79.47089079003463,-2.468927243213018],[-79.47136581828765,-2.468387689893291],[-79.47578731479305,-2.468446756116613],[-79.47878893500355,-2.466041349993225],[-79.46794293507232,-2.448785636161435],[-79.46417660886168,-2.443322091707355],[-79.46056890030012,-2.438983257700216],[-79.45377477774989,-2.429218657910126],[-79.45367913608119,-2.428403672033007],[-79.45310334713862,-2.428460109595736],[-79.45084171015375,-2.431218046217321],[-79.44955376826711,-2.43153156408294],[-79.44955995680469,-2.432486955748844],[-79.44821706043967,-2.43391016887543]]]}},{"type":"Feature","properties":{"Pob_total":374.0},"geometry":{"type":"Polygon","coordinates":[[[-79.26010158633723,-2.458708386358451],[-79.25879920455264,-2.460130171158094],[-79.25636786959475,-2.459780224455638],[-79.25435770090665,-2.461616318432612],[-79.25219331310072,-2.460157359136519],[-79.25125400346559,-2.461460678267555],[-79.25161113626181,-2.462342976029641],[-79.25166628844542,-2.465198251753483],[-79.25361494028131,-2.46783147353053],[-79.25373260236698,-2.470735483964028],[-79.25240398108932,-2.47370550760459],[-79.25271681613575,-2.479487133465078],[-79.2537616694904,-2.48084322493794],[-79.25385093648384,-2.482765682193824],[-79.2551757406563,-2.484140294507835],[-79.24783205707466,-2.485329815687844],[-79.24804677418591,-2.488522506660794],[-79.24757685554502,-2.48961759333821],[-79.24763647070687,-2.491512153958116],[-79.24727248902997,-2.49261526213742],[-79.24824720134102,-2.495598896260455],[-79.24795247951292,-2.497218534205313],[-79.24836791755834,-2.498194903264663],[-79.24851271948513,-2.50068382422678],[-79.25207614922093,-2.50231696310696],[-79.25535992545868,-2.501997370901784],[-79.25659275273753,-2.501134886490895],[-79.25892504349238,-2.500304080892167],[-79.26062135273015,-2.498795618016275],[-79.26261570263782,-2.499088331774234],[-79.2637940468515,-2.498533951054159],[-79.2652949636406,-2.499406124062731],[-79.26659642833887,-2.499347423348593],[-79.27398931568412,-2.497266357632139],[-79.27545531593547,-2.497280378764981],[-79.27635631936755,-2.497462855730421],[-79.2822919657332,-2.501576262105352],[-79.28257959300292,-2.50216885204592],[-79.28233806511732,-2.50308706512836],[-79.28402942106094,-2.505385621639983],[-79.28684031598667,-2.506162822063149],[-79.28807680905425,-2.507107153916539],[-79.29146667470467,-2.508214047464546],[-79.29048289079186,-2.500270170166998],[-79.2921838171396,-2.497328238146198],[-79.29228866180085,-2.491180449134759],[-79.27682510783801,-2.468452050411623],[-79.27320050258199,-2.465338369771546],[-79.271858958621,-2.463489271709434],[-79.2719046850723,-2.462768415566269],[-79.27271138794214,-2.462499123335853],[-79.27454744827169,-2.462997145260907],[-79.27492269829348,-2.46256047549589],[-79.273009180924,-2.460992248140975],[-79.26843618368729,-2.460999578666796],[-79.26527443752752,-2.458834125837019],[-79.26010158633723,-2.458708386358451]]]}},{"type":"Feature","properties":{"Pob_total":243.0},"geometry":{"type":"Polygon","coordinates":[[[-79.31555738499897,-2.471429179019874],[-79.31431202055488,-2.470571212690359],[-79.3126324067842,-2.471895900060803],[-79.31159025039808,-2.471460324027029],[-79.3095678799014,-2.47300567430584],[-79.30905975714589,-2.472676308765426],[-79.30907261866261,-2.471964991278873],[-79.30717945731703,-2.471383912006396],[-79.3059309788476,-2.47284116396291],[-79.3045491017215,-2.472650845845018],[-79.3043494022681,-2.473782438043547],[-79.30298588293117,-2.474986960860632],[-79.30191769027131,-2.475161124443827],[-79.30082945977144,-2.476098589269402],[-79.30052297626561,-2.477273983970314],[-79.3006603983295,-2.481108172311359],[-79.3000634624282,-2.483149703318649],[-79.3011924237951,-2.486425304886716],[-79.30031670042975,-2.489975954473306],[-79.30057639303205,-2.491145021693769],[-79.29889648318108,-2.493364298856725],[-79.29842627437998,-2.495428957480147],[-79.29771150930618,-2.496440771074356],[-79.29470171779259,-2.49856282016166],[-79.29297472075858,-2.497691632567647],[-79.29216278254934,-2.496739700388569],[-79.2921838171396,-2.497328238146198],[-79.29048289079186,-2.500270170166998],[-79.29146667470467,-2.508214047464546],[-79.29269783601228,-2.509736935316957],[-79.29543350932845,-2.509075887484769],[-79.2974000991245,-2.510264873135822],[-79.29924238790612,-2.509778547495113],[-79.30072260397012,-2.512003592318371],[-79.30254603968719,-2.513483269475359],[-79.30388582554956,-2.514030041565294],[-79.30581207168473,-2.513200680473478],[-79.30755198862289,-2.513102550640874],[-79.31003542973876,-2.511470714503192],[-79.31054875417782,-2.511514410305465],[-79.31224810599726,-2.513022604536086],[-79.31616960738809,-2.513156778958376],[-79.32127749944271,-2.511141056465614],[-79.3267060950965,-2.512039512685435],[-79.3308825612227,-2.511571826160724],[-79.3312829307018,-2.510637095752868],[-79.33426378229449,-2.509844476225631],[-79.33452136687742,-2.506445546482702],[-79.33524588793243,-2.505097853935535],[-79.33551972181141,-2.503339873762541],[-79.33068168477703,-2.497432864284687],[-79.32819057935261,-2.495397958305992],[-79.32083921507454,-2.492705853110433],[-79.31739421204118,-2.492393181532857],[-79.31445748903985,-2.490466490886257],[-79.31318778285979,-2.490076918081621],[-79.31213449709206,-2.486869044136665],[-79.31088902581048,-2.485740404140452],[-79.31051156896741,-2.484755754499307],[-79.31105547475408,-2.483260256316673],[-79.31452964113774,-2.483091143982423],[-79.31696348065934,-2.482320955171134],[-79.31708985239634,-2.477748062396897],[-79.31860594532806,-2.469979160700663],[-79.31842112556977,-2.469758362781705],[-79.31771306576643,-2.470188195396719],[-79.31708879031059,-2.471055282016242],[-79.31555738499897,-2.471429179019874]]]}},{"type":"Feature","properties":{"Pob_total":207.0},"geometry":{"type":"Polygon","coordinates":[[[-79.35935524915477,-2.404938672930429],[-79.35944546738759,-2.405254134657131],[-79.35222881343863,-2.413004771604651],[-79.35387963140278,-2.434704946414806],[-79.353640668943,-2.434990077245991],[-79.36091754096805,-2.441307819314514],[-79.36203272911521,-2.440525049199597],[-79.36200200703121,-2.439390879093943],[-79.36264723488728,-2.439744808077394],[-79.36268646115168,-2.439131894170913],[-79.3633715261748,-2.438813765322124],[-79.36311323522065,-2.438347534715172],[-79.36476716123182,-2.438053732190354],[-79.36502173169627,-2.437658119768515],[-79.36573438264665,-2.43802189651976],[-79.36607883547443,-2.437799485217429],[-79.36634628068079,-2.438205496695112],[-79.36704354763366,-2.437761134099814],[-79.36728609024384,-2.438240367268175],[-79.36791401297653,-2.438184606795904],[-79.36823017909217,-2.439271286492306],[-79.36845243953059,-2.438529541708339],[-79.36888692384629,-2.438431132959815],[-79.369091186177,-2.438967293539707],[-79.37053283974164,-2.439785208344802],[-79.37182107469492,-2.438915158500901],[-79.37264756749602,-2.437183522626816],[-79.3733704849075,-2.437836879817444],[-79.37431269901849,-2.437892910103971],[-79.37492549879572,-2.436732016571618],[-79.37600271063539,-2.437129236806349],[-79.37709108465947,-2.436168955298879],[-79.37943455742442,-2.43624746724148],[-79.38101666630779,-2.434363618400583],[-79.38022826947689,-2.433274742045443],[-79.37909271165535,-2.417887067177539],[-79.37118803525244,-2.42142034011905],[-79.37037900138336,-2.415621307890518],[-79.37018405093283,-2.403432051407633],[-79.36924006881297,-2.394040189036256],[-79.35935524915477,-2.404938672930429]]]}},{"type":"Feature","properties":{"Pob_total":223.0},"geometry":{"type":"Polygon","coordinates":[[[-79.36924006881297,-2.394040189036256],[-79.37018405093283,-2.403432051407633],[-79.37037900138336,-2.415621307890518],[-79.37118803525244,-2.42142034011905],[-79.37909271165535,-2.417887067177539],[-79.38022826947689,-2.433274742045443],[-79.38101662460438,-2.434398558016892],[-79.38364417424005,-2.433914773499334],[-79.38566967509101,-2.432900797245613],[-79.38638160385555,-2.433050323380512],[-79.38705028004009,-2.432298521146289],[-79.38764915327889,-2.432553448903783],[-79.38921834223443,-2.431240031355469],[-79.38906532390456,-2.430096114613027],[-79.39040514940139,-2.430440821293987],[-79.39074007661179,-2.428848111741091],[-79.3916499532476,-2.428653130909474],[-79.39222739664532,-2.42802474877078],[-79.3930387247127,-2.428818197982628],[-79.39374642389097,-2.427985766385759],[-79.39517950006261,-2.427715527243222],[-79.39439732132166,-2.426981619621106],[-79.39439086979127,-2.426430227096824],[-79.39555170242281,-2.426149716182499],[-79.39642229519004,-2.424729280756556],[-79.39813656035979,-2.425648144373929],[-79.40129873214063,-2.425923188338113],[-79.40298539370905,-2.424557246282404],[-79.40453700856537,-2.424411935352825],[-79.40507985263211,-2.423840476398715],[-79.40607657724313,-2.422272404208607],[-79.40523204692272,-2.420416750494294],[-79.40536367009737,-2.419864601295404],[-79.39460636976546,-2.415099820145092],[-79.39499416481141,-2.407293251501655],[-79.39465783484158,-2.405967070977654],[-79.38737325750417,-2.394339011364906],[-79.37849061689943,-2.384036892506992],[-79.36924006881297,-2.394040189036256]]]}},{"type":"Feature","properties":{"Pob_total":196.0},"geometry":{"type":"Polygon","coordinates":[[[-79.31178532059975,-2.397267428641031],[-79.3107232071504,-2.397472442865593],[-79.30969586336423,-2.398842665564434],[-79.30665201945943,-2.400801554095825],[-79.30553902021374,-2.402147123493143],[-79.30255675090629,-2.402379465642027],[-79.30205888042865,-2.40308703574167],[-79.30177407404814,-2.404537779758126],[-79.30235968878587,-2.406404237673901],[-79.30116632325107,-2.408322561050126],[-79.30219298710203,-2.410203928779143],[-79.30132357266793,-2.414666840949282],[-79.30058198535187,-2.415744522676967],[-79.29877381646504,-2.41716599453438],[-79.29839396825338,-2.41925262513873],[-79.29714187655878,-2.420133465306183],[-79.29412514730369,-2.424251963191316],[-79.29209714355493,-2.430613657956758],[-79.29185255217205,-2.445902163279118],[-79.29131563948425,-2.449615814214112],[-79.2908978144674,-2.451139115701471],[-79.28887227912699,-2.453179405963219],[-79.28860778483698,-2.454339914861479],[-79.2939168958134,-2.451638686222037],[-79.30247318957649,-2.442630810649653],[-79.30427246025657,-2.438239183958315],[-79.30565553560875,-2.436017844548693],[-79.30765994193001,-2.430220620123214],[-79.31459537180548,-2.429773538694446],[-79.31540003321938,-2.428558916657526],[-79.31879263662947,-2.427496487197379],[-79.32040842190551,-2.42616868652413],[-79.32152181140626,-2.425769180445187],[-79.32152337067274,-2.424436483026166],[-79.3228137975915,-2.423157286728117],[-79.32321816133465,-2.421447531474548],[-79.3236738495877,-2.421131670736695],[-79.32386834003916,-2.42002447663203],[-79.32470325550966,-2.418692714706717],[-79.3247538156553,-2.417133722655577],[-79.3253490942966,-2.416846609080576],[-79.32526854310096,-2.415013354946328],[-79.3246589506975,-2.414656663415021],[-79.32404803391609,-2.415451264369056],[-79.32289613082845,-2.414423347729457],[-79.32432088995664,-2.413855648970047],[-79.32451630290096,-2.41294360762832],[-79.32315687672303,-2.413390932034251],[-79.32214834179551,-2.412320508999742],[-79.32140989057561,-2.412202037899396],[-79.32208180566215,-2.411373239822623],[-79.32089361203843,-2.409370692717931],[-79.31919101892473,-2.409813250372442],[-79.31921515939781,-2.409045512173276],[-79.31821503289558,-2.407357269280724],[-79.31678470956753,-2.407121740105811],[-79.31725241246033,-2.405876796175882],[-79.31655391135267,-2.405080313752586],[-79.31355540153969,-2.404936720035194],[-79.31357360158839,-2.404540559976291],[-79.31432352520677,-2.404097644560212],[-79.31338158530254,-2.40254865216728],[-79.31289520442536,-2.399820174506017],[-79.31326102516589,-2.396057689369322],[-79.31178532059975,-2.397267428641031]]]}},{"type":"Feature","properties":{"Pob_total":235.0},"geometry":{"type":"Polygon","coordinates":[[[-79.34382350956834,-2.432398188026971],[-79.33745892920652,-2.439599427033163],[-79.33690688340623,-2.439104787187921],[-79.33193425902405,-2.439053206749756],[-79.33027417333055,-2.43778595215385],[-79.32009797794299,-2.448586210006692],[-79.32024057492849,-2.449199510178927],[-79.32104812156021,-2.449310113955885],[-79.32116925468512,-2.451666579999084],[-79.31919775758105,-2.453683882592114],[-79.31691520573887,-2.454467821877141],[-79.31485259100015,-2.454627272340399],[-79.31431387840459,-2.454106966093686],[-79.30759995241135,-2.461428862325118],[-79.30937238899386,-2.462810888907959],[-79.31139465984448,-2.465167385376373],[-79.308369092009,-2.467798576054095],[-79.30950693681388,-2.472990939038323],[-79.31159025039808,-2.471460324027029],[-79.31287221893525,-2.471811740190016],[-79.31431202055488,-2.470571212690359],[-79.31530561586446,-2.471440978510719],[-79.31708879031059,-2.471055282016242],[-79.31771306576643,-2.470188195396719],[-79.3183510315915,-2.470085547425946],[-79.31836747675848,-2.469236772853884],[-79.31927328208965,-2.46894068169594],[-79.32080523107365,-2.466905885428044],[-79.32809142954254,-2.463754429293903],[-79.33136757591478,-2.461651268822267],[-79.33328622521385,-2.459041425090351],[-79.33537315271771,-2.457611930765177],[-79.33653991953112,-2.457484063216665],[-79.3376429862869,-2.456810985697119],[-79.3417274175415,-2.456525581729399],[-79.34293413035162,-2.45608802435708],[-79.34693132788962,-2.452029525930271],[-79.34867703286484,-2.451468186229544],[-79.35043400812812,-2.449124052040529],[-79.35368025797632,-2.448779687231978],[-79.35630610453589,-2.447341933233083],[-79.36091754096805,-2.441307819314514],[-79.353640668943,-2.434990077245991],[-79.34817614347045,-2.433596910309574],[-79.34438551618018,-2.430249175040696],[-79.34382350956834,-2.432398188026971]]]}},{"type":"Feature","properties":{"Pob_total":113.0},"geometry":{"type":"Polygon","coordinates":[[[-79.31671705213225,-2.406953492600405],[-79.31693556755006,-2.407273671099902],[-79.31821503289558,-2.407357269280724],[-79.3193728992003,-2.409961513160037],[-79.32080420725954,-2.409254467395498],[-79.32208180566215,-2.411373239822623],[-79.32140989057561,-2.412202037899396],[-79.32214834179551,-2.412320508999742],[-79.32315687672303,-2.413390932034251],[-79.32451630290096,-2.41294360762832],[-79.32458009496463,-2.413564414168436],[-79.32403598428607,-2.414063473737856],[-79.32298814693235,-2.414171426087065],[-79.32305493101448,-2.414624302516703],[-79.32404803391609,-2.415451264369056],[-79.3246589506975,-2.414656663415021],[-79.32526854310096,-2.415013354946328],[-79.32531881717105,-2.416975347779064],[-79.32477645693132,-2.417073160816027],[-79.32470325550966,-2.418692714706717],[-79.32386834003916,-2.42002447663203],[-79.3236738495877,-2.421131670736695],[-79.32321816133465,-2.421447531474548],[-79.32309913809729,-2.422600576902437],[-79.32152337067274,-2.424436483026166],[-79.32164108980126,-2.425576707854205],[-79.31879263662947,-2.427496487197379],[-79.31540003321938,-2.428558916657526],[-79.31459537180548,-2.429773538694446],[-79.30765994193001,-2.430220620123214],[-79.30565553560875,-2.436017844548693],[-79.30427246025657,-2.438239183958315],[-79.30247318957649,-2.442630810649653],[-79.2939168958134,-2.451638686222037],[-79.28861805904126,-2.454365844701761],[-79.29079469945364,-2.45541399047588],[-79.29256949429318,-2.455784858917938],[-79.29753596963721,-2.454728160849884],[-79.2994532474803,-2.454693530205556],[-79.30114425922486,-2.455403430199699],[-79.30712711102623,-2.459920862811534],[-79.30794808654947,-2.458804710758849],[-79.30909981236935,-2.459772554950896],[-79.3135227933387,-2.454830441468662],[-79.31383773061263,-2.453264938121563],[-79.31572239905411,-2.451563527207612],[-79.31526289335059,-2.450159686921519],[-79.30827526539544,-2.442233582041125],[-79.30934595992375,-2.441176188244167],[-79.30812783208927,-2.439793869378329],[-79.30872783159376,-2.439049286975871],[-79.30938240041337,-2.438402846248724],[-79.31741017281283,-2.447550881002663],[-79.32496397621378,-2.43946452012007],[-79.32384353594153,-2.437661563556648],[-79.3219451367694,-2.435920894324262],[-79.32302966789321,-2.434730207223266],[-79.32205833884349,-2.43388583905134],[-79.31828055081728,-2.432630535025305],[-79.31897491515396,-2.430933657231023],[-79.32284245575639,-2.432437472606662],[-79.32437758553903,-2.430795684070205],[-79.32650326659906,-2.432479847002913],[-79.32776363805603,-2.430981812908768],[-79.33033565974866,-2.433293505405769],[-79.33252805304939,-2.430788395198928],[-79.3327603648958,-2.428329759277261],[-79.32877282029854,-2.425942182179991],[-79.33053653493926,-2.42336656872304],[-79.33064558654539,-2.422132665188091],[-79.33168494008896,-2.42112758182429],[-79.32914581997103,-2.420230882885963],[-79.32565045653882,-2.418016460260737],[-79.32782734661821,-2.41444330558468],[-79.3264820189567,-2.412686301813359],[-79.31975750462652,-2.407713300161558],[-79.31794918598402,-2.406910387769971],[-79.31671705213225,-2.406953492600405]]]}},{"type":"Feature","properties":{"Pob_total":163.0},"geometry":{"type":"Polygon","coordinates":[[[-79.2719046850723,-2.462768415566269],[-79.271858958621,-2.463489271709434],[-79.27320050258199,-2.465338369771546],[-79.27682510783801,-2.468452050411623],[-79.2921848408243,-2.490949987569731],[-79.29216278254934,-2.496739700388569],[-79.29403101388934,-2.498388142946404],[-79.29508955208411,-2.49839313115805],[-79.29802643605252,-2.496052776457136],[-79.2985703750684,-2.493987581411608],[-79.30057639303205,-2.491145021693769],[-79.30031670042975,-2.489975954473306],[-79.30120226905635,-2.486670658411442],[-79.30102108257546,-2.48527995490317],[-79.3000634624282,-2.483149703318649],[-79.30073255384944,-2.480300623320623],[-79.30064595372157,-2.476517594202444],[-79.30176571367346,-2.475251270792569],[-79.30298588293117,-2.474986960860632],[-79.3043494022681,-2.473782438043547],[-79.3045491017215,-2.472650845845018],[-79.30291159084746,-2.471764165474279],[-79.30224019004993,-2.471859799284891],[-79.30172764759932,-2.472458974718116],[-79.29974225890285,-2.472150782369774],[-79.29912570777552,-2.471611115262942],[-79.29823549675301,-2.471609977429629],[-79.29713454703595,-2.470544918872928],[-79.29592382772644,-2.471159384954076],[-79.29516803685857,-2.470384960831112],[-79.29398081018782,-2.470628056591301],[-79.29274923401272,-2.46962631224831],[-79.290192247279,-2.469776854344004],[-79.28551497245726,-2.468684318890975],[-79.2848599889896,-2.46811349219287],[-79.28220592948048,-2.468459315899744],[-79.28072066571535,-2.467796535834346],[-79.28070974816563,-2.466894328986771],[-79.28175912596825,-2.465408021134958],[-79.2811328801014,-2.464592030367284],[-79.27492269829348,-2.46256047549589],[-79.27454744827169,-2.462997145260907],[-79.27271138794214,-2.462499123335853],[-79.2719046850723,-2.462768415566269]]]}},{"type":"Feature","properties":{"Pob_total":259.0},"geometry":{"type":"Polygon","coordinates":[[[-79.18374962718738,-2.479062321239557],[-79.18314803880963,-2.48045463114223],[-79.18222948004637,-2.480317065540407],[-79.18069972473766,-2.480905809220235],[-79.18208500984142,-2.483326229938298],[-79.181994633328,-2.484061446275354],[-79.18271614417151,-2.485495500586228],[-79.18427450426945,-2.487391873843557],[-79.18449255839617,-2.488287206368398],[-79.18402541211884,-2.489195342235885],[-79.18501900566567,-2.489239387215929],[-79.18500829601757,-2.489836543229743],[-79.18560220388423,-2.489915848776296],[-79.1847577556246,-2.490468636779895],[-79.18527211943979,-2.490858082890688],[-79.18434058141413,-2.491697567615188],[-79.18634213518128,-2.491488491407672],[-79.18909287914958,-2.490373688846782],[-79.19009226845522,-2.490613873082994],[-79.19125220784703,-2.492249399344724],[-79.19305073912935,-2.492955726974222],[-79.19417345175653,-2.494402673449791],[-79.19601025101952,-2.49454346280951],[-79.19702181887477,-2.495022467266593],[-79.19815571589612,-2.497437219379635],[-79.19859277155106,-2.497546301210898],[-79.19905847963824,-2.495062147773279],[-79.19982303561717,-2.494223763350351],[-79.20047506437001,-2.491707451177567],[-79.19996959653936,-2.488543194893914],[-79.20011594962075,-2.486969794671556],[-79.20363737466344,-2.481734532547482],[-79.19983087232103,-2.479874822714041],[-79.19995572678982,-2.479231517371151],[-79.19844780641105,-2.478832410552144],[-79.19722281710997,-2.476319790922136],[-79.1953826100842,-2.474991193338482],[-79.19356363702576,-2.472330377144017],[-79.19009946856202,-2.470450532508182],[-79.18437605484512,-2.477382617531994],[-79.18374962718738,-2.479062321239557]]]}},{"type":"Feature","properties":{"Pob_total":314.0},"geometry":{"type":"Polygon","coordinates":[[[-79.15660279664277,-2.474831756336195],[-79.15736571401727,-2.477889335854533],[-79.15572925669802,-2.48074040116684],[-79.15605736945261,-2.482967733961789],[-79.15658906411979,-2.483875265354329],[-79.15864914372368,-2.485369159216201],[-79.1586465685822,-2.487226290956929],[-79.16212894699139,-2.489818923872548],[-79.16227927570073,-2.491155866558064],[-79.16620617649669,-2.490722593448793],[-79.16973570353238,-2.491523448146548],[-79.1706168251168,-2.490432839256306],[-79.17370094521158,-2.490518773073671],[-79.17564279304824,-2.489786780183756],[-79.17700028682006,-2.491247861310191],[-79.17848129679285,-2.491423391850813],[-79.17878500422964,-2.491903409701365],[-79.18311486509567,-2.492142356319247],[-79.18434058141413,-2.491697567615188],[-79.18527211943979,-2.490858082890688],[-79.1847577556246,-2.490468636779895],[-79.18560220388423,-2.489915848776296],[-79.18500829601757,-2.489836543229743],[-79.18501900566567,-2.489239387215929],[-79.18402541211884,-2.489195342235885],[-79.18449255839617,-2.488287206368398],[-79.18427450426945,-2.487391873843557],[-79.18271614417151,-2.485495500586228],[-79.181994633328,-2.484061446275354],[-79.18208500984142,-2.483326229938298],[-79.18069972473766,-2.480905809220235],[-79.18222948004637,-2.480317065540407],[-79.18314803880963,-2.48045463114223],[-79.18437605484512,-2.477382617531994],[-79.19009946856202,-2.470450532508182],[-79.18537018473454,-2.469905179767545],[-79.17955537363241,-2.472366246091827],[-79.17756363811414,-2.474073536384465],[-79.17304290900296,-2.474928602626105],[-79.17102588810201,-2.474830090760321],[-79.16424377778645,-2.466456599797301],[-79.15773432665391,-2.462863213489649],[-79.1581529565368,-2.469035171197059],[-79.1568562565534,-2.472808140893399],[-79.15660279664277,-2.474831756336195]]]}},{"type":"Feature","properties":{"Pob_total":298.0},"geometry":{"type":"Polygon","coordinates":[[[-79.15502240406823,-2.442984420615622],[-79.15362145008686,-2.445608418701452],[-79.15169454249678,-2.44673842557004],[-79.15129600368229,-2.447589220260407],[-79.1504814638051,-2.448061832152488],[-79.14601413268721,-2.44863565711248],[-79.14259505052668,-2.450003476725882],[-79.1403361698072,-2.449155887364858],[-79.13431163395656,-2.451660819069938],[-79.13320598162177,-2.452902443076077],[-79.13280884774271,-2.45891100234617],[-79.13414282161827,-2.45890323913478],[-79.13577631511673,-2.458307886150545],[-79.13698261738038,-2.458855351290216],[-79.13912129536656,-2.457844774177498],[-79.14023862326837,-2.458670567517304],[-79.14464608305359,-2.45866559675685],[-79.14584996675057,-2.459981251031588],[-79.15311308592734,-2.461118441253702],[-79.15485345593042,-2.462991490862074],[-79.15792139548215,-2.46286868380257],[-79.16217136325282,-2.46513306744093],[-79.16424377778645,-2.466456599797301],[-79.16713223155823,-2.470049315348777],[-79.17034306970962,-2.461219708775746],[-79.17449330741157,-2.459858965969036],[-79.17515774930563,-2.459100480794468],[-79.17632874956655,-2.458775913795967],[-79.17686160079451,-2.457598397496021],[-79.17705146461878,-2.454371467303046],[-79.1781948973452,-2.453358086513638],[-79.18039631078388,-2.44917093814094],[-79.18155836372978,-2.448078272103256],[-79.18281578245913,-2.448263898310422],[-79.18373388244457,-2.447283065583958],[-79.18308343283995,-2.446546319269395],[-79.1813877599768,-2.446360838634319],[-79.1804330453077,-2.445340651448289],[-79.17926742698504,-2.445220181926613],[-79.17805070783308,-2.444357241238641],[-79.17579868109138,-2.444198714965478],[-79.1719433978841,-2.442789743457784],[-79.16995717138212,-2.443247128534457],[-79.16724632537276,-2.442647815508906],[-79.16309859982339,-2.443079280430215],[-79.15768385216407,-2.441691467476283],[-79.15573734231641,-2.442304143434972],[-79.15502240406823,-2.442984420615622]]]}},{"type":"Feature","properties":{"Pob_total":278.0},"geometry":{"type":"Polygon","coordinates":[[[-79.10218050884906,-2.461361223243899],[-79.10562793106872,-2.462381278582602],[-79.10984352695586,-2.460174261735164],[-79.11326950005353,-2.457348729971312],[-79.11255946753955,-2.45611800676023],[-79.11006728634848,-2.454354251704734],[-79.10927745210869,-2.452989215105148],[-79.10742628155474,-2.452303740837563],[-79.10660169594843,-2.450594240011177],[-79.10566400992082,-2.449654430511676],[-79.10601565333361,-2.447839258670836],[-79.10507682876224,-2.446049666133199],[-79.10589867721836,-2.445680546371193],[-79.10894880209361,-2.446202951732424],[-79.11210561682412,-2.445525508725556],[-79.11069515687456,-2.444228631300593],[-79.1108550311397,-2.443338031038603],[-79.11308336876468,-2.44240275215087],[-79.11638145946199,-2.440285951784768],[-79.11717550028156,-2.440929140135077],[-79.11788234590307,-2.440760531599024],[-79.11849546273119,-2.441589221160903],[-79.12029097994017,-2.440953714211587],[-79.12047307749457,-2.439877118544135],[-79.11920993032552,-2.438812607131339],[-79.11915811100151,-2.437171171505549],[-79.11631180932942,-2.437484727102871],[-79.11351146379626,-2.439958927098152],[-79.11313330750247,-2.440883959810137],[-79.10955444624257,-2.441540474169117],[-79.10655467625146,-2.443126874107227],[-79.10247955245352,-2.443557220998485],[-79.10524959802271,-2.454789165233619],[-79.10386653332195,-2.458809796174168],[-79.10307729942525,-2.459502030500421],[-79.10184974689686,-2.459810208954427],[-79.10218050884906,-2.461361223243899]]]}},{"type":"Feature","properties":{"Pob_total":242.0},"geometry":{"type":"Polygon","coordinates":[[[-79.13784686461106,-2.458511279951395],[-79.13676113873477,-2.458855040407286],[-79.13577631511673,-2.458307886150545],[-79.12935913727344,-2.45978496888192],[-79.12828559951606,-2.459729575426699],[-79.12597765445517,-2.458619933522049],[-79.12413916085015,-2.458680835288991],[-79.12181361106656,-2.460470652747661],[-79.12104135458243,-2.46051062178937],[-79.11998143828302,-2.459919290496992],[-79.11954592975485,-2.46017015571665],[-79.11942734080114,-2.461189558341671],[-79.11716609764888,-2.463856142565036],[-79.11533861800278,-2.464881748236325],[-79.11374436283683,-2.464486183605318],[-79.11076823512761,-2.461931309164699],[-79.10984352695586,-2.460174261735164],[-79.10562793106872,-2.462381278582602],[-79.10218050884906,-2.461361223243899],[-79.10201551860362,-2.462638965462483],[-79.10274936689896,-2.465117648012197],[-79.1030403583888,-2.470311332649711],[-79.1034649468434,-2.47114426711072],[-79.10522405502863,-2.471588660876741],[-79.10586816345302,-2.47218464130775],[-79.1071974397488,-2.475038704274927],[-79.11022621965373,-2.477589472681482],[-79.1113817978425,-2.477926942426492],[-79.11172719850896,-2.47982629494984],[-79.11289846688233,-2.481333397289271],[-79.11435190545237,-2.481730064760846],[-79.11646469102804,-2.48333227327949],[-79.11840165057323,-2.484161304240086],[-79.11898057334493,-2.4854283235799],[-79.12337181856843,-2.485031083088067],[-79.12494451265798,-2.486034037102509],[-79.12917619312385,-2.485092038060489],[-79.13181666505345,-2.485252954017878],[-79.13300494830982,-2.484720308417568],[-79.13607971851124,-2.48717633971776],[-79.13806463978412,-2.486833409714087],[-79.13976731239012,-2.487197288022172],[-79.14256546873393,-2.486352594972803],[-79.14455311668632,-2.484060888913152],[-79.14691263695101,-2.484017070879077],[-79.1494688779162,-2.482217654846608],[-79.15092245030168,-2.482621383897242],[-79.15264328922935,-2.481180048526274],[-79.15361497343827,-2.481648165051984],[-79.15520285612978,-2.483961929493479],[-79.15658906411979,-2.483875265354329],[-79.15563333688173,-2.481250803011499],[-79.15736571401727,-2.477889335854533],[-79.15660279664277,-2.474831756336195],[-79.1568562565534,-2.472808140893399],[-79.1581529565368,-2.469035171197059],[-79.15773432665391,-2.462863213489649],[-79.15485345593042,-2.462991490862074],[-79.15311308592734,-2.461118441253702],[-79.14584996675057,-2.459981251031588],[-79.14464608305359,-2.45866559675685],[-79.14023862326837,-2.458670567517304],[-79.13912129536656,-2.457844774177498],[-79.13784686461106,-2.458511279951395]]]}},{"type":"Feature","properties":{"Pob_total":273.0},"geometry":{"type":"Polygon","coordinates":[[[-79.18515619559572,-2.447247508581103],[-79.18373388244457,-2.447283065583958],[-79.18267995368936,-2.448318332160956],[-79.18155836372978,-2.448078272103256],[-79.18039631078388,-2.44917093814094],[-79.1781948973452,-2.453358086513638],[-79.17705146461878,-2.454371467303046],[-79.17686160079451,-2.457598397496021],[-79.17632874956655,-2.458775913795967],[-79.17515774930563,-2.459100480794468],[-79.17449330741157,-2.459858965969036],[-79.17034306970962,-2.461219708775746],[-79.16713223155823,-2.470049315348777],[-79.170778714535,-2.474676634566582],[-79.17304290900296,-2.474928602626105],[-79.17756363811414,-2.474073536384465],[-79.17955537363241,-2.472366246091827],[-79.18537018473454,-2.469905179767545],[-79.19029947279755,-2.470492708177331],[-79.19356363702576,-2.472330377144017],[-79.1953826100842,-2.474991193338482],[-79.19722281710997,-2.476319790922136],[-79.19844780641105,-2.478832410552144],[-79.19995572678982,-2.479231517371151],[-79.19983087232103,-2.479874822714041],[-79.20363885908378,-2.481735822253247],[-79.20327121718887,-2.479213336741905],[-79.2023273439663,-2.476611047597554],[-79.20370712099135,-2.475166769454515],[-79.20478741705494,-2.469856114620621],[-79.20731689706794,-2.465211131157008],[-79.20690552068811,-2.463645110488678],[-79.20710767664652,-2.461399541852586],[-79.20911033518695,-2.456113063502279],[-79.20827010956368,-2.456080470365109],[-79.20669488050117,-2.457070383301728],[-79.20520663627131,-2.455780835481262],[-79.20191083509445,-2.456599559068834],[-79.20040073911653,-2.45596430141312],[-79.19865890124817,-2.456004155362133],[-79.19752914639965,-2.453427558726862],[-79.19555681719714,-2.453213814098617],[-79.19440452796795,-2.451798078340318],[-79.19281073031365,-2.450993848408971],[-79.19146940921594,-2.449704499207148],[-79.18941264256054,-2.449870561161864],[-79.18628887526621,-2.447628974391399],[-79.18515619559572,-2.447247508581103]]]}},{"type":"Feature","properties":{"Pob_total":261.0},"geometry":{"type":"Polygon","coordinates":[[[-79.22949084282685,-2.503758263962576],[-79.22907019810906,-2.502401120581842],[-79.22927167525081,-2.498200025030367],[-79.22976989035236,-2.496107109503193],[-79.22909665084819,-2.492938347672246],[-79.22709208370343,-2.487933947142821],[-79.22319567880939,-2.488707262673832],[-79.22114225679191,-2.490571647311738],[-79.22041138521912,-2.490573014294331],[-79.21121426116473,-2.487317704550597],[-79.20835658320517,-2.48515263695168],[-79.20730617526011,-2.485361366829276],[-79.20363737466344,-2.481734532547482],[-79.20011594962075,-2.486969794671556],[-79.19996959653936,-2.488543194893914],[-79.20047506437001,-2.491707451177567],[-79.19982303561717,-2.494223763350351],[-79.19905847963824,-2.495062147773279],[-79.19859277155106,-2.497546301210898],[-79.20030171190078,-2.499037961044424],[-79.2010987854748,-2.499250688333911],[-79.2030155650432,-2.498596162285827],[-79.20446617154803,-2.498709540261498],[-79.20520763370989,-2.499100404068736],[-79.20549283101006,-2.501116849432011],[-79.20684310600447,-2.501720179630609],[-79.21029706385406,-2.502682828705574],[-79.21151983204403,-2.502584260330174],[-79.21238206366432,-2.503754979590086],[-79.21790786432936,-2.504076650666856],[-79.2206040345097,-2.505272154242371],[-79.22184471099987,-2.505039939697087],[-79.22393990778447,-2.503494542046921],[-79.22442879590439,-2.502303385297803],[-79.22504938068248,-2.502003489421309],[-79.22765437950835,-2.503477319892188],[-79.22949084282685,-2.503758263962576]]]}},{"type":"Feature","properties":{"Pob_total":155.0},"geometry":{"type":"Polygon","coordinates":[[[-79.12136216824489,-2.450378150000386],[-79.12106068785396,-2.451919970397985],[-79.12143816944204,-2.455459815855991],[-79.12085844224168,-2.458434898528684],[-79.11998143828302,-2.459919290496992],[-79.12104135458243,-2.46051062178937],[-79.12181361106656,-2.460470652747661],[-79.12334031224626,-2.459049725248054],[-79.12490413674837,-2.458553054472285],[-79.12657159414721,-2.458779637789557],[-79.12828559951606,-2.459729575426699],[-79.13051238302849,-2.459736847095563],[-79.13144801625296,-2.459080598409498],[-79.13280884774271,-2.45891100234617],[-79.13320598162177,-2.452902443076077],[-79.13431163395656,-2.451660819069938],[-79.1403361698072,-2.449155887364858],[-79.14259505052668,-2.450003476725882],[-79.14601413268721,-2.44863565711248],[-79.1504814638051,-2.448061832152488],[-79.15129600368229,-2.447589220260407],[-79.15169454249678,-2.44673842557004],[-79.15362145008686,-2.445608418701452],[-79.15425853158331,-2.444012763175833],[-79.15573734231641,-2.442304143434972],[-79.15808102671592,-2.441702500485129],[-79.16205823042318,-2.442956511150941],[-79.16461501325888,-2.443064889276693],[-79.16724632537276,-2.442647815508906],[-79.16995717138212,-2.443247128534457],[-79.17140833701282,-2.442757368736509],[-79.17324317195074,-2.443035761061443],[-79.17340996628843,-2.441790644540243],[-79.17283511258496,-2.440680859762367],[-79.17080630795786,-2.439972361318156],[-79.17058231197171,-2.438837853060199],[-79.16434724881502,-2.435477131836939],[-79.16377185735394,-2.434770620614399],[-79.1638998795243,-2.432754445417749],[-79.16352492295158,-2.432073414382636],[-79.16157056711461,-2.431919511926316],[-79.15931452211258,-2.432496118455963],[-79.15686081763965,-2.431005697434678],[-79.15679904457724,-2.43054536343959],[-79.15503321968684,-2.430795249696216],[-79.15283860314523,-2.431801842563423],[-79.1518435116246,-2.43355633870999],[-79.14848576624635,-2.435923654791139],[-79.14213250478277,-2.439257532580713],[-79.14010177736473,-2.439278970087644],[-79.13656500933743,-2.441261412744733],[-79.13572861072463,-2.441944128264672],[-79.13531738883664,-2.443770741760667],[-79.13410779336722,-2.445240251345056],[-79.1306188718826,-2.445254943218651],[-79.12856763450412,-2.446451100377263],[-79.12751602231029,-2.448356531429542],[-79.12554720465205,-2.44865131091002],[-79.12303640274004,-2.45009167655814],[-79.12136216824489,-2.450378150000386]]]}},{"type":"Feature","properties":{"Pob_total":300.0},"geometry":{"type":"Polygon","coordinates":[[[-79.24087524757373,-2.480335620736825],[-79.23757514800825,-2.480594658508091],[-79.23570493417272,-2.482768777679337],[-79.23281622470621,-2.483256766929983],[-79.22954322801334,-2.487052808950447],[-79.22709208370343,-2.487933947142821],[-79.22909665084819,-2.492938347672246],[-79.22976989035236,-2.496107109503193],[-79.22927167525081,-2.498200025030367],[-79.22907019810906,-2.502401120581842],[-79.22949084282685,-2.503758263962576],[-79.2316268081467,-2.502023909176666],[-79.23309700760713,-2.501489937491023],[-79.2386985611748,-2.502894268193246],[-79.23963565701172,-2.50252198207323],[-79.24144412961763,-2.502621870344258],[-79.24194550358773,-2.502037856035115],[-79.24383532424058,-2.501683090226531],[-79.24456329165983,-2.500709584455306],[-79.24530647771887,-2.500434480053431],[-79.24857224322187,-2.500600194861323],[-79.24795247951292,-2.497218534205313],[-79.24824720134102,-2.495598896260455],[-79.24727248902997,-2.49261526213742],[-79.24763647070687,-2.491512153958116],[-79.24757685554502,-2.48961759333821],[-79.24804677418591,-2.488522506660794],[-79.24783205707466,-2.485329815687844],[-79.24378735092618,-2.482202324066448],[-79.24170783355432,-2.479821588241035],[-79.24087524757373,-2.480335620736825]]]}},{"type":"Feature","properties":{"Pob_total":262.0},"geometry":{"type":"Polygon","coordinates":[[[-79.12172210143528,-2.436905872104727],[-79.12016629879828,-2.436249501191017],[-79.11915811100151,-2.437171171505549],[-79.11920993032552,-2.438812607131339],[-79.12047307749457,-2.439877118544135],[-79.12029097994017,-2.440953714211587],[-79.11849546273119,-2.441589221160903],[-79.11788234590307,-2.440760531599024],[-79.11717550028156,-2.440929140135077],[-79.11638145946199,-2.440285951784768],[-79.11060328652168,-2.443754280544661],[-79.11210561682412,-2.445525508725556],[-79.11342542147534,-2.445803872038891],[-79.11369066088655,-2.447767036755169],[-79.11829279608662,-2.447241348783414],[-79.11896771308479,-2.448055461223213],[-79.11938121020725,-2.4498231643902],[-79.12003284420996,-2.450315702923362],[-79.12136216824489,-2.450378150000386],[-79.12210699783692,-2.448230114976504],[-79.1232559348462,-2.447200720457272],[-79.12416762279766,-2.443849842656294],[-79.12407472451707,-2.442903531088686],[-79.12491798843082,-2.440971376673976],[-79.1245114606878,-2.440580908473535],[-79.12479891678986,-2.44016237964077],[-79.12454457015876,-2.438946745857258],[-79.12597133623063,-2.437817177477966],[-79.12680203285089,-2.432621460782067],[-79.12462715281002,-2.432821807855916],[-79.12433549768447,-2.43354822187677],[-79.12460486701745,-2.434240689951909],[-79.1237448634162,-2.435806521780432],[-79.12172210143528,-2.436905872104727]]]}},{"type":"Feature","properties":{"Pob_total":109.0},"geometry":{"type":"Polygon","coordinates":[[[-79.2084018908923,-2.45736209147675],[-79.20694914949003,-2.4622199527808],[-79.20731689706794,-2.465211131157008],[-79.20478741705494,-2.469856114620621],[-79.20370712099135,-2.475166769454515],[-79.2023273439663,-2.476611047597554],[-79.20327121718887,-2.479213336741905],[-79.20363885908378,-2.481735822253247],[-79.20730617526011,-2.485361366829276],[-79.20835658320517,-2.48515263695168],[-79.21021998999089,-2.486768372874324],[-79.21346521188028,-2.48831245945122],[-79.21674365830025,-2.489029721567663],[-79.21830933682361,-2.489956902893683],[-79.22092540923452,-2.490629409330022],[-79.22319567880939,-2.488707262673832],[-79.2291439161554,-2.487340648990065],[-79.23258800074842,-2.48341796674631],[-79.23570493417272,-2.482768777679337],[-79.23770073749424,-2.480537041998022],[-79.24087524757373,-2.480335620736825],[-79.24170783355432,-2.479821588241035],[-79.24378735092618,-2.482202324066448],[-79.24783205707466,-2.485329815687844],[-79.2551757406563,-2.484140294507835],[-79.25385093648384,-2.482765682193824],[-79.2537616694904,-2.48084322493794],[-79.25271681613575,-2.479487133465078],[-79.25240398108932,-2.47370550760459],[-79.25373260236698,-2.470735483964028],[-79.25361494028131,-2.46783147353053],[-79.25166628844542,-2.465198251753483],[-79.25161113626181,-2.462342976029641],[-79.25125400346559,-2.461460678267555],[-79.24912328885621,-2.461917571846106],[-79.24779318576199,-2.461028348554336],[-79.24138201529543,-2.462966052245605],[-79.23747862726911,-2.46132607048023],[-79.23562083939653,-2.461494864120985],[-79.23415123328282,-2.460761143346307],[-79.23356194001316,-2.461569969897658],[-79.2320909618321,-2.461879398213079],[-79.23187490356895,-2.461380888370093],[-79.23085357561823,-2.461130415407876],[-79.22963271788082,-2.459587413976018],[-79.22761942339554,-2.460300919307759],[-79.22647432385746,-2.460003570014409],[-79.22509797927071,-2.458989719815698],[-79.2235936959883,-2.458738597645878],[-79.22146044521331,-2.45652489389854],[-79.21876552706932,-2.457642275055177],[-79.21630373085885,-2.458059342044824],[-79.21396719990955,-2.457402291878924],[-79.21042253319911,-2.457304104618606],[-79.20911033518695,-2.456113063502279],[-79.2084018908923,-2.45736209147675]]]}},{"type":"Feature","properties":{"Pob_total":186.0},"geometry":{"type":"Polygon","coordinates":[[[-79.13161677973342,-2.421968504071635],[-79.13008529120387,-2.421999582180447],[-79.12761723967833,-2.424694040778234],[-79.1280628639004,-2.426264577937113],[-79.1275975901611,-2.428962335023409],[-79.12780400898697,-2.431296343232254],[-79.12680203285089,-2.432621460782067],[-79.12595320379003,-2.437862363571887],[-79.12455812717408,-2.438894771702365],[-79.12479891678986,-2.44016237964077],[-79.1245114606878,-2.440580908473535],[-79.12491798843082,-2.440971376673976],[-79.12407472451707,-2.442903531088686],[-79.12416762279766,-2.443849842656294],[-79.1232559348462,-2.447200720457272],[-79.12210699783692,-2.448230114976504],[-79.12136216824489,-2.450378150000386],[-79.12303640274004,-2.45009167655814],[-79.12554720465205,-2.44865131091002],[-79.12751602231029,-2.448356531429542],[-79.12856763450412,-2.446451100377263],[-79.1306188718826,-2.445254943218651],[-79.13410779336722,-2.445240251345056],[-79.13531738883664,-2.443770741760667],[-79.13572861072463,-2.441944128264672],[-79.13676198311576,-2.441131475629265],[-79.14010177736473,-2.439278970087644],[-79.14186266119921,-2.439357983977959],[-79.1444477089822,-2.438171837236418],[-79.15162453169106,-2.433738244552084],[-79.15301804136922,-2.431674137255898],[-79.1543469890751,-2.430934471620807],[-79.15679904457724,-2.43054536343959],[-79.15656268137992,-2.429114967704631],[-79.15561094450142,-2.428760801658622],[-79.15415705005466,-2.42913686886004],[-79.15325721109349,-2.427472153059683],[-79.1523562097664,-2.426664379903884],[-79.14942515480813,-2.426105858087203],[-79.14819819702483,-2.42544886155688],[-79.1479118519463,-2.4241076064586],[-79.14513400563709,-2.421457349577726],[-79.14100259726631,-2.419132884138165],[-79.13663746699976,-2.418007802114506],[-79.13483093767856,-2.418984249940282],[-79.13299053293059,-2.419357614984824],[-79.13259995294247,-2.421164546947231],[-79.13161677973342,-2.421968504071635]]]}},{"type":"Feature","properties":{"Pob_total":344.0},"geometry":{"type":"Polygon","coordinates":[[[-79.10894880209361,-2.446202951732424],[-79.10589867721836,-2.445680546371193],[-79.10507682876224,-2.446049666133199],[-79.10601565333361,-2.447839258670836],[-79.10566400992082,-2.449654430511676],[-79.10660169594843,-2.450594240011177],[-79.10742628155474,-2.452303740837563],[-79.10927745210869,-2.452989215105148],[-79.11006728634848,-2.454354251704734],[-79.11255946753955,-2.45611800676023],[-79.11326950005353,-2.457348729971312],[-79.11760866484408,-2.458371256735325],[-79.11959181956102,-2.460601489526164],[-79.1195045285297,-2.460222057468198],[-79.120688591862,-2.458901963278659],[-79.12122738769413,-2.456778332803271],[-79.12151268590092,-2.45463391159787],[-79.12106147311549,-2.451680622665877],[-79.12136216824489,-2.450378150000386],[-79.11956421439226,-2.450040976797991],[-79.11896771308479,-2.448055461223213],[-79.11829279608662,-2.447241348783414],[-79.11414768811149,-2.447915427916147],[-79.11346174906286,-2.447400055008009],[-79.11359728755878,-2.446205406475411],[-79.1131052635413,-2.44556326321503],[-79.10894880209361,-2.446202951732424]]]}},{"type":"Feature","properties":{"Pob_total":14.0},"geometry":{"type":"Polygon","coordinates":[[[-79.27514069341137,-2.510970131184115],[-79.27298427401637,-2.513215620892315],[-79.27223971200053,-2.513354344262677],[-79.26888607982676,-2.512961305173028],[-79.26637380781536,-2.512051499095257],[-79.26553712131239,-2.51223494886051],[-79.26468750681029,-2.510900621668603],[-79.26329859059062,-2.510535791911661],[-79.26025543055866,-2.514102035505279],[-79.25654327069122,-2.516474611650901],[-79.25440978064613,-2.519375584577493],[-79.25195398223903,-2.520294830814995],[-79.24988151176692,-2.522194732474191],[-79.24993586156991,-2.523171887416049],[-79.2488257549136,-2.524432037029059],[-79.24904322817306,-2.529620742943857],[-79.24868965993014,-2.531056535868519],[-79.24894874936301,-2.531887472614553],[-79.25047744526361,-2.532747980392673],[-79.25146053121938,-2.535304091766552],[-79.25159073185313,-2.537108677689702],[-79.25109296396498,-2.540333576128667],[-79.24831871952901,-2.542198591037689],[-79.24662817371136,-2.543743332568325],[-79.24587416788168,-2.54514167921521],[-79.24340875098797,-2.547015411311153],[-79.24080220099526,-2.556274359181087],[-79.23972650275958,-2.557514632127353],[-79.23665953437568,-2.559447997166684],[-79.23559463961269,-2.562381983812043],[-79.23281192608039,-2.563292261338993],[-79.23271061388976,-2.564788422066169],[-79.23212323589617,-2.565621709996453],[-79.23222781984776,-2.567115983213913],[-79.23302059613096,-2.568815222320586],[-79.23282453669572,-2.570026222301681],[-79.23534869206843,-2.57349472943805],[-79.23549445303014,-2.577081920414781],[-79.23424848303593,-2.578473128708122],[-79.23570143433119,-2.582439765906352],[-79.23518225294391,-2.58303676472398],[-79.23411429633869,-2.582741391105761],[-79.23365959315872,-2.583067466428224],[-79.23327401541951,-2.589983360991139],[-79.23265380780751,-2.591000973532512],[-79.22996238563076,-2.593198652901778],[-79.22947330472779,-2.596135850465012],[-79.23094804769222,-2.599987323905447],[-79.23051932078258,-2.602187264633517],[-79.23069701198428,-2.603980596175767],[-79.22978093202298,-2.607795693305889],[-79.22962295391693,-2.61197211931142],[-79.22907324108098,-2.614518854317084],[-79.22973759179955,-2.619872721663263],[-79.22917190924558,-2.62321311464752],[-79.22920446703309,-2.625639678410161],[-79.2303750488027,-2.627400606858815],[-79.23075225569441,-2.635252843199285],[-79.2295879539288,-2.638150004981761],[-79.22839697932207,-2.639299169451744],[-79.22827739906832,-2.641324476245441],[-79.23230831611593,-2.647143174390914],[-79.23206040228983,-2.650193292701389],[-79.23343836265722,-2.652136378241018],[-79.23604385979914,-2.654494207245295],[-79.23635723626984,-2.657410580842674],[-79.2371671268993,-2.659704711934708],[-79.23699013783792,-2.66105741988866],[-79.23746989268078,-2.661490773272846],[-79.24002860406183,-2.661364693449448],[-79.24177133755637,-2.66052396335816],[-79.24221507815655,-2.650794851258348],[-79.24328776958042,-2.644818007829787],[-79.24379991482249,-2.642891130686136],[-79.24686829031057,-2.639227974992449],[-79.24748525086096,-2.632586098498468],[-79.24696869303875,-2.632372136386881],[-79.24679083577657,-2.631660579529595],[-79.24926398090007,-2.629326867453817],[-79.24824367500146,-2.625126311700906],[-79.2466047742555,-2.622127403286361],[-79.24573784046314,-2.61846602222681],[-79.245356698001,-2.614110296945232],[-79.24572557402274,-2.611818192607725],[-79.2473661618466,-2.608468145957992],[-79.24821367345909,-2.604665114086268],[-79.25040670196368,-2.602086895966239],[-79.24949448148259,-2.602031367854635],[-79.24880940870831,-2.600852770633248],[-79.24966014923939,-2.597429258535639],[-79.24934965880031,-2.593314348363987],[-79.2506321488505,-2.589564982627948],[-79.2502064219595,-2.587969965949148],[-79.25054906437065,-2.585298553508004],[-79.25125674150833,-2.583820037848837],[-79.25334557178628,-2.582963856062136],[-79.25530688198344,-2.580470104199496],[-79.25600651902094,-2.57835223953921],[-79.25536805816117,-2.575356637900037],[-79.25551733556279,-2.572427778998054],[-79.25700677621086,-2.57116969567483],[-79.25798545787653,-2.569606802304371],[-79.25991125270478,-2.570077772374391],[-79.26085157992712,-2.569813019379582],[-79.26163510206867,-2.568637620496422],[-79.26447408529346,-2.567841488295493],[-79.27302632279552,-2.563107098429964],[-79.27520830192795,-2.563228971154646],[-79.2761630553756,-2.565269431975872],[-79.27830431655026,-2.565933366984315],[-79.28019511986328,-2.565285372400034],[-79.28168532722312,-2.563975792138059],[-79.28253289207437,-2.562475710623754],[-79.28552081562833,-2.559677484043703],[-79.28666979792756,-2.555846058557847],[-79.28667152042954,-2.554544958269739],[-79.28428936472169,-2.550638810667708],[-79.28453653477231,-2.547076114414254],[-79.28948557723511,-2.540373619772946],[-79.29014217790669,-2.53835174848857],[-79.29134642212912,-2.536961264935108],[-79.29198327383914,-2.534778034276293],[-79.2906925769238,-2.531810580345647],[-79.29019770222776,-2.529053794288987],[-79.28871192003815,-2.527512976892551],[-79.28880243682644,-2.525123025930787],[-79.28781947010118,-2.524327120950749],[-79.28800343555048,-2.522605210661502],[-79.28890337799633,-2.521158070259666],[-79.29014558855873,-2.521382801027736],[-79.28952597988619,-2.519120597357726],[-79.28972937129204,-2.516007897380023],[-79.2907497564432,-2.514930316022491],[-79.29104804875766,-2.513918795518396],[-79.28864777977662,-2.513267701048973],[-79.28691480247899,-2.513829163990859],[-79.28550401368982,-2.513395138688864],[-79.28408349528472,-2.51448990936245],[-79.28137016077301,-2.514876346027561],[-79.28164674896342,-2.51307534940081],[-79.27895761083379,-2.511050873324761],[-79.27797059154659,-2.511229163650147],[-79.27636719096044,-2.50986109983011],[-79.27514069341137,-2.510970131184115]]]}},{"type":"Feature","properties":{"Pob_total":148.0},"geometry":{"type":"Polygon","coordinates":[[[-79.38995567796808,-2.49726501525278],[-79.38806349450272,-2.49737889455227],[-79.38637188407947,-2.498829448003378],[-79.38158650205857,-2.500984980103228],[-79.3793837421719,-2.502772029976499],[-79.37746993182128,-2.503153487456407],[-79.37442079536983,-2.506253800515081],[-79.37136323339553,-2.507446609596175],[-79.36779340726741,-2.507841039166508],[-79.36571458052111,-2.50990321276697],[-79.3648976701985,-2.510207215008062],[-79.36269365497961,-2.50974687557356],[-79.36056874643052,-2.511339714055949],[-79.35907567499125,-2.511361304845241],[-79.3572545344377,-2.512555660985466],[-79.35527173848335,-2.512412362762153],[-79.35178277231917,-2.513452043452702],[-79.34856403014057,-2.512931780485025],[-79.34732677118882,-2.513587180197089],[-79.34720981574159,-2.514101672021755],[-79.34605660166137,-2.514279526932091],[-79.34310558957313,-2.51678629522661],[-79.3404773476413,-2.517834965715974],[-79.33881366642396,-2.517498098106629],[-79.33779288564202,-2.517983512240367],[-79.3384058320992,-2.518926127605612],[-79.33761212487292,-2.519937050760437],[-79.33572946254839,-2.520001656830942],[-79.33358070099591,-2.519095895270563],[-79.33005380059745,-2.520689663904188],[-79.33044183403,-2.523190067680931],[-79.33235439725402,-2.527793180451286],[-79.33388670099282,-2.528527928074555],[-79.33439008270064,-2.53012172285657],[-79.33414440044989,-2.531348390029125],[-79.33198966911583,-2.534295232547464],[-79.32971344362934,-2.541034357889041],[-79.32952523216962,-2.545526866732399],[-79.3300155969166,-2.546674271247647],[-79.32971051010398,-2.548840987136392],[-79.3282913628704,-2.552146881528693],[-79.3271550641448,-2.557822519095179],[-79.33353628587683,-2.560007094347486],[-79.34265558046793,-2.565060807705442],[-79.34488564492933,-2.565847710325174],[-79.35186036752785,-2.566437963170745],[-79.35594495832065,-2.567416478956021],[-79.35888976635636,-2.566325386795913],[-79.36192951996092,-2.564572075421284],[-79.36593794838626,-2.56203599941619],[-79.37286412224722,-2.556803529677851],[-79.37274766990728,-2.553045481119609],[-79.37491433835099,-2.548621019543451],[-79.37479479800317,-2.547310679445287],[-79.37581571128811,-2.546550236165029],[-79.3759403531121,-2.543787824857078],[-79.37677995394837,-2.542654405241912],[-79.37669235307013,-2.540023759078585],[-79.37871836472236,-2.538213378148223],[-79.38054162616497,-2.533777271602204],[-79.38064189104846,-2.526218907909843],[-79.3823932729107,-2.522706939167883],[-79.38528158894462,-2.514384203440788],[-79.38649864406202,-2.513402561606235],[-79.38697574994947,-2.511381997284344],[-79.38918942485299,-2.509647968789253],[-79.38942482801176,-2.507081692995068],[-79.39090287095073,-2.502808984058577],[-79.390521296465,-2.500279948034206],[-79.39106988965568,-2.499602385005832],[-79.3929895963395,-2.498761751337855],[-79.39302822358881,-2.497975799357259],[-79.3922662525212,-2.497529335158998],[-79.38995567796808,-2.49726501525278]]]}},{"type":"Feature","properties":{"Pob_total":332.0},"geometry":{"type":"Polygon","coordinates":[[[-79.18434058141413,-2.491697567615188],[-79.18311486509567,-2.492142356319247],[-79.18123404091115,-2.492116868016139],[-79.17778835258531,-2.497813878350254],[-79.17761947209647,-2.498878311979825],[-79.17817477763309,-2.499501206258893],[-79.17851385257521,-2.501425746220229],[-79.17782073028138,-2.504015977879593],[-79.17758802625656,-2.506964221285053],[-79.17897205231758,-2.50852580189959],[-79.179699732235,-2.511860059066535],[-79.17806496623896,-2.512825769556518],[-79.17822773819977,-2.51338192769254],[-79.17933162158594,-2.514029200388499],[-79.1795605283844,-2.514870743462226],[-79.17818300444654,-2.518022009157055],[-79.17840398193853,-2.520298767105629],[-79.1795357452627,-2.521461950221224],[-79.18274426761675,-2.522963440457895],[-79.18561256415593,-2.52533035899261],[-79.18693988867483,-2.525843933008975],[-79.18886699070289,-2.528044330130932],[-79.1891582016224,-2.529282662312209],[-79.18867387080878,-2.531743177565946],[-79.18879822716337,-2.535227708862576],[-79.19028155349868,-2.541128010983147],[-79.19159170610415,-2.542415020880343],[-79.19466266217066,-2.548045794776765],[-79.19621908645574,-2.549604115107204],[-79.1980484819043,-2.552829250356976],[-79.205078220714,-2.553666831898888],[-79.20559162697658,-2.551891216795672],[-79.20559707126908,-2.549455689341641],[-79.20773245019915,-2.545029963004619],[-79.20721750784985,-2.542505993483609],[-79.20870849965894,-2.539891226287838],[-79.20824238518907,-2.536769156820269],[-79.20678065561279,-2.535700994252889],[-79.20510091299998,-2.530632264719563],[-79.20439885865477,-2.526210451470118],[-79.20537080742176,-2.524879191893572],[-79.20499203603194,-2.522110723494189],[-79.20893867512879,-2.519614361593848],[-79.21169372786534,-2.516076069497932],[-79.21229223590844,-2.514696446852049],[-79.2164831193032,-2.508758999130224],[-79.21611588110154,-2.506001841815884],[-79.21716482060688,-2.504039703202023],[-79.21238206366432,-2.503754979590086],[-79.21151983204403,-2.502584260330174],[-79.21029706385406,-2.502682828705574],[-79.20684310600447,-2.501720179630609],[-79.20549283101006,-2.501116849432011],[-79.20520763370989,-2.499100404068736],[-79.20446617154803,-2.498709540261498],[-79.2030155650432,-2.498596162285827],[-79.20057836156042,-2.49919427939358],[-79.19979328790417,-2.498302127145152],[-79.19815571589612,-2.497437219379635],[-79.19702181887477,-2.495022467266593],[-79.19601025101952,-2.49454346280951],[-79.19417345175653,-2.494402673449791],[-79.19305073912935,-2.492955726974222],[-79.19125220784703,-2.492249399344724],[-79.19009226845522,-2.490613873082994],[-79.18909287914958,-2.490373688846782],[-79.18634213518128,-2.491488491407672],[-79.18434058141413,-2.491697567615188]],[[-79.18775740086902,-2.514492572882963],[-79.1891093696437,-2.51520263511008],[-79.1907156702084,-2.517488624326206],[-79.18887920121924,-2.517875545171484],[-79.18754124673244,-2.516980789041134],[-79.1875682387555,-2.515962451016016],[-79.18710450687973,-2.515057151785077],[-79.18746968488601,-2.51434615127146],[-79.18775740086902,-2.514492572882963]]]}},{"type":"Feature","properties":{"Pob_total":106.0},"geometry":{"type":"Polygon","coordinates":[[[-79.21716482060688,-2.504039703202023],[-79.21611588110154,-2.506001841815884],[-79.2164831193032,-2.508758999130224],[-79.21229223590844,-2.514696446852049],[-79.21169372786534,-2.516076069497932],[-79.20893867512879,-2.519614361593848],[-79.20499203603194,-2.522110723494189],[-79.20537080742176,-2.524879191893572],[-79.20439885865477,-2.526210451470118],[-79.20510091299998,-2.530632264719563],[-79.20678065561279,-2.535700994252889],[-79.20824238518907,-2.536769156820269],[-79.20870849965894,-2.539891226287838],[-79.20721750784985,-2.542505993483609],[-79.20767901294634,-2.544273113226212],[-79.20749717128565,-2.545997647473133],[-79.2054638141098,-2.549916944431108],[-79.20559162697658,-2.551891216795672],[-79.20512957930578,-2.553523059357054],[-79.20617179198761,-2.555028819514266],[-79.20864080219117,-2.553569271019582],[-79.21227253941592,-2.553542881335471],[-79.21326491999048,-2.55267717121213],[-79.2155577131629,-2.551989778379348],[-79.21711163293025,-2.550503794894406],[-79.22023565867015,-2.542862097167482],[-79.22136749000751,-2.538895553659395],[-79.22303991461106,-2.53005899231232],[-79.22274085068862,-2.528554959921932],[-79.22379485567603,-2.528764118714952],[-79.2245584239077,-2.528458349461078],[-79.22925036362237,-2.523574481288706],[-79.23010058559278,-2.524015477293184],[-79.23285507603661,-2.523818495383681],[-79.23440015827377,-2.522643051012074],[-79.2354697095186,-2.521322817329737],[-79.23497060320408,-2.520997505556814],[-79.23548149335566,-2.519915784417253],[-79.2353285016049,-2.518954235800673],[-79.23852352420228,-2.516832535509637],[-79.24015425858455,-2.51633848002931],[-79.24303747300144,-2.51420891340795],[-79.24364236862986,-2.512946182542494],[-79.24749020830599,-2.509340577137734],[-79.24842876471624,-2.507119562154892],[-79.25062592587479,-2.505400215270964],[-79.2517198350771,-2.502196079145888],[-79.24851271948513,-2.50068382422678],[-79.24530647771887,-2.500434480053431],[-79.24456329165983,-2.500709584455306],[-79.24383532424058,-2.501683090226531],[-79.24194550358773,-2.502037856035115],[-79.24144412961763,-2.502621870344258],[-79.23963565701172,-2.50252198207323],[-79.2386985611748,-2.502894268193246],[-79.23309700760713,-2.501489937491023],[-79.2316268081467,-2.502023909176666],[-79.22949084282685,-2.503758263962576],[-79.22765437950835,-2.503477319892188],[-79.22504938068248,-2.502003489421309],[-79.22442879590439,-2.502303385297803],[-79.22393990778447,-2.503494542046921],[-79.2213016329712,-2.505351076286894],[-79.21879356322701,-2.504278354574159],[-79.21716482060688,-2.504039703202023]]]}},{"type":"Feature","properties":{"Pob_total":42.0},"geometry":{"type":"Polygon","coordinates":[[[-79.2974000991245,-2.510264873135822],[-79.29705620835168,-2.511686709421836],[-79.2945601437901,-2.513697055952278],[-79.29296307289253,-2.513524952328595],[-79.29104804875766,-2.513918795518396],[-79.2907497564432,-2.514930316022491],[-79.28972937129204,-2.516007897380023],[-79.28952597988619,-2.519120597357726],[-79.29014558855873,-2.521382801027736],[-79.28904188510269,-2.521056608039306],[-79.28800343555048,-2.522605210661502],[-79.2878397284069,-2.524511348219537],[-79.28886777101924,-2.525353891210753],[-79.28871192003815,-2.527512976892551],[-79.29019770222776,-2.529053794288987],[-79.2906925769238,-2.531810580345647],[-79.29198327383914,-2.534778034276293],[-79.29134642212912,-2.536961264935108],[-79.29014217790669,-2.53835174848857],[-79.28948557723511,-2.540373619772946],[-79.28453653477231,-2.547076114414254],[-79.28428936472169,-2.550638810667708],[-79.28667152042954,-2.554544958269739],[-79.28606985216496,-2.558176994908906],[-79.28485464377238,-2.560412776287829],[-79.29252812658774,-2.564713477885075],[-79.29603162817355,-2.566009775854058],[-79.2975962210157,-2.565778770452972],[-79.29962676820524,-2.563703239187933],[-79.3027477626624,-2.562163276034721],[-79.30510405919429,-2.562011059510521],[-79.31150478321067,-2.563039233327161],[-79.31418921374332,-2.563062201595347],[-79.32262437699836,-2.55904304423594],[-79.3271550641448,-2.557822519095179],[-79.3282913628704,-2.552146881528693],[-79.32971051010398,-2.548840987136392],[-79.3300155969166,-2.546674271247647],[-79.32952523216962,-2.545526866732399],[-79.32971344362934,-2.541034357889041],[-79.33198966911583,-2.534295232547464],[-79.33414440044989,-2.531348390029125],[-79.33439008270064,-2.53012172285657],[-79.33388670099282,-2.528527928074555],[-79.33235439725402,-2.527793180451286],[-79.33035424733524,-2.52291287108173],[-79.32992304620183,-2.521055656035707],[-79.33017135422261,-2.5206362620652],[-79.32513924976513,-2.517683325852353],[-79.32665203251896,-2.514238868473042],[-79.32734730501943,-2.512792680697308],[-79.32969892220063,-2.512855021526588],[-79.3309621647498,-2.51348760283595],[-79.33555084466308,-2.514566262162329],[-79.33779288564202,-2.517983512240367],[-79.33881366642396,-2.517498098106629],[-79.3404773476413,-2.517834965715974],[-79.34310558957313,-2.51678629522661],[-79.34605660166137,-2.514279526932091],[-79.34720981574159,-2.514101672021755],[-79.34732677118882,-2.513587180197089],[-79.34386468507095,-2.51181131489995],[-79.34069265643967,-2.511267592131398],[-79.33936375946308,-2.510585488504013],[-79.3368196829143,-2.511591157807512],[-79.33491942142318,-2.510779252630631],[-79.33309889367047,-2.511480814828052],[-79.3275863423751,-2.512063327369042],[-79.32127749944271,-2.511141056465614],[-79.31819531395233,-2.512614378035796],[-79.31535671481795,-2.513184410822291],[-79.31224810599726,-2.513022604536086],[-79.31054875417782,-2.511514410305465],[-79.31003542973876,-2.511470714503192],[-79.30755198862289,-2.513102550640874],[-79.30581207168473,-2.513200680473478],[-79.30388582554956,-2.514030041565294],[-79.30254603968719,-2.513483269475359],[-79.30072260397012,-2.512003592318371],[-79.29924238790612,-2.509778547495113],[-79.2974000991245,-2.510264873135822]]]}},{"type":"Feature","properties":{"Pob_total":48.0},"geometry":{"type":"Polygon","coordinates":[[[-79.2517198350771,-2.502196079145888],[-79.25062592587479,-2.505400215270964],[-79.24842876471624,-2.507119562154892],[-79.24749020830599,-2.509340577137734],[-79.24364236862986,-2.512946182542494],[-79.24303747300144,-2.51420891340795],[-79.24015425858455,-2.51633848002931],[-79.23852352420228,-2.516832535509637],[-79.2353285016049,-2.518954235800673],[-79.23548149335566,-2.519915784417253],[-79.23497060320408,-2.520997505556814],[-79.2354697095186,-2.521322817329737],[-79.23440015827377,-2.522643051012074],[-79.23285507603661,-2.523818495383681],[-79.23010058559278,-2.524015477293184],[-79.22925036362237,-2.523574481288706],[-79.2245584239077,-2.528458349461078],[-79.22379485567603,-2.528764118714952],[-79.22274085068862,-2.528554959921932],[-79.22303991461106,-2.53005899231232],[-79.22165456176857,-2.5377198595035],[-79.22023565867015,-2.542862097167482],[-79.21809944050653,-2.54837878405624],[-79.21725847510487,-2.550295475614579],[-79.21604626377108,-2.551617359281992],[-79.21236443291541,-2.553366978872114],[-79.21475239373956,-2.555889653922126],[-79.2166152227605,-2.558925797009494],[-79.21891047257897,-2.560707966863412],[-79.22188662435201,-2.561126632199054],[-79.22395654644896,-2.560311421283822],[-79.22605426742959,-2.560856355512093],[-79.2285194145055,-2.560259437192545],[-79.23152797494225,-2.560336220491974],[-79.23523946014409,-2.557726646440858],[-79.23634995722968,-2.557211020928705],[-79.23760816860285,-2.55723437114806],[-79.2411934632666,-2.555247272166458],[-79.24208169052255,-2.550891772325995],[-79.24308105647818,-2.548778035868974],[-79.24334091715332,-2.547108004138519],[-79.24596483692643,-2.545048933713379],[-79.24684330185008,-2.543499834761482],[-79.25115946494083,-2.540091503857416],[-79.2516095998164,-2.536648419108952],[-79.25133053473013,-2.534822205673502],[-79.25047744526361,-2.532747980392673],[-79.24894874936301,-2.531887472614553],[-79.24868965993014,-2.531056535868519],[-79.24904322817306,-2.529620742943857],[-79.2488257549136,-2.524432037029059],[-79.24993586156991,-2.523171887416049],[-79.24988151176692,-2.522194732474191],[-79.25195398223903,-2.520294830814995],[-79.25440978064613,-2.519375584577493],[-79.25654327069122,-2.516474611650901],[-79.26025543055866,-2.514102035505279],[-79.26318341718758,-2.510603185436124],[-79.26468750681029,-2.510900621668603],[-79.26553712131239,-2.51223494886051],[-79.26637380781536,-2.512051499095257],[-79.26888607982676,-2.512961305173028],[-79.27251384615235,-2.513358321625033],[-79.27636719096044,-2.50986109983011],[-79.27775524713174,-2.511099650567036],[-79.27895761083379,-2.511050873324761],[-79.28164674896342,-2.51307534940081],[-79.28116651694144,-2.514735548162371],[-79.28184943078546,-2.51491776476789],[-79.28408349528472,-2.51448990936245],[-79.28550401368982,-2.513395138688864],[-79.28691480247899,-2.513829163990859],[-79.28864777977662,-2.513267701048973],[-79.29095076981937,-2.51391595183261],[-79.29296307289253,-2.513524952328595],[-79.29443365486543,-2.513752779008965],[-79.29724523882204,-2.511241043851192],[-79.2974000991245,-2.510264873135822],[-79.29543350932845,-2.509075887484769],[-79.29269783601228,-2.509736935316957],[-79.29146667470467,-2.508214047464546],[-79.28807680905425,-2.507107153916539],[-79.28684031598667,-2.506162822063149],[-79.28402942106094,-2.505385621639983],[-79.28233806511732,-2.50308706512836],[-79.28257959300292,-2.50216885204592],[-79.2822919657332,-2.501576262105352],[-79.27594786706902,-2.497377715779983],[-79.27398931568412,-2.497266357632139],[-79.26659642833887,-2.499347423348593],[-79.2652949636406,-2.499406124062731],[-79.2637940468515,-2.498533951054159],[-79.26261570263782,-2.499088331774234],[-79.26112618723523,-2.498687517788138],[-79.26022461961234,-2.49894011882023],[-79.25892504349238,-2.500304080892167],[-79.25659275273753,-2.501134886490895],[-79.25535992545868,-2.501997370901784],[-79.2517198350771,-2.502196079145888]]]}},{"type":"Feature","properties":{"Pob_total":172.0},"geometry":{"type":"Polygon","coordinates":[[[-79.18604275781503,-2.553665667662577],[-79.18558429662201,-2.554188130487526],[-79.18593075458438,-2.555253829086567],[-79.18510305335326,-2.556077779967253],[-79.1845662340761,-2.557462690928411],[-79.18232773476923,-2.559442437857164],[-79.18128033262975,-2.560999596618892],[-79.18078916759258,-2.565006348299848],[-79.18131528992305,-2.569422268544263],[-79.18115987891998,-2.572122406905026],[-79.17862028747247,-2.578619940889684],[-79.17860904418549,-2.583743657543825],[-79.17764609212003,-2.587588028984356],[-79.17840409579537,-2.59058317621446],[-79.17631280159468,-2.592109138653773],[-79.17692388092576,-2.595288718209277],[-79.17562220605055,-2.597932928965285],[-79.17621219893103,-2.600263477207406],[-79.17595508481108,-2.61280209297328],[-79.1769848746437,-2.614173161072426],[-79.17761258368512,-2.616651894316907],[-79.17931673677819,-2.629840283384278],[-79.18089394339115,-2.634990467778858],[-79.18095727440708,-2.637014180615404],[-79.1797758331503,-2.639267270353758],[-79.17519817575416,-2.644229988297386],[-79.17282462907578,-2.65015090591353],[-79.1678284649142,-2.6543466711695],[-79.16717414061668,-2.655387566121475],[-79.16722870250597,-2.656466923423089],[-79.16987989422199,-2.653441321299881],[-79.17325132621387,-2.650549766422005],[-79.17424369735687,-2.64891934693276],[-79.17444882712425,-2.646191815577],[-79.1753830032069,-2.644563661978976],[-79.17940909885746,-2.642768970647937],[-79.18631054025617,-2.63799120082691],[-79.18893597994717,-2.639129240140384],[-79.19014894421548,-2.639199100866764],[-79.19193848807919,-2.638493234457019],[-79.19366575721534,-2.638512574025281],[-79.1962618632082,-2.637178603481475],[-79.19891176410518,-2.636764238976923],[-79.1997746665404,-2.636032047800915],[-79.19967488009932,-2.635078276278668],[-79.20061881258555,-2.631826582514952],[-79.19864641545459,-2.627932800749005],[-79.19936502237292,-2.627053089994081],[-79.20141200242249,-2.627023497407251],[-79.20417571232112,-2.625227929478151],[-79.2045472325643,-2.624546109697137],[-79.20446595751228,-2.623086153667982],[-79.20711865907495,-2.62037140483214],[-79.20849695876514,-2.61709290661509],[-79.20984587755079,-2.611755811134417],[-79.20912400826154,-2.608978874044019],[-79.20957350198364,-2.606743639880047],[-79.21243312906421,-2.603578367735669],[-79.214380439037,-2.603181721068631],[-79.21854266263458,-2.600453584200531],[-79.21989027807192,-2.60022310094357],[-79.2239763309874,-2.597944243365748],[-79.22729707162675,-2.594464411803597],[-79.2298774336428,-2.593511864625408],[-79.23317339219032,-2.590248801101384],[-79.23365959315872,-2.583067466428224],[-79.23411429633869,-2.582741391105761],[-79.23518225294391,-2.58303676472398],[-79.23570143433119,-2.582439765906352],[-79.23424848303593,-2.578473128708122],[-79.23549445303014,-2.577081920414781],[-79.23541107673726,-2.574092179162229],[-79.23523222535326,-2.573254214459686],[-79.23282453669572,-2.570026222301681],[-79.23302059613096,-2.568815222320586],[-79.23222781984776,-2.567115983213913],[-79.23212323589617,-2.565621709996453],[-79.23271061388976,-2.564788422066169],[-79.23281192608039,-2.563292261338993],[-79.23559463961269,-2.562381983812043],[-79.23642986804131,-2.559732885204381],[-79.23988538470853,-2.557375140983501],[-79.2411934632666,-2.555247272166458],[-79.23760816860285,-2.55723437114806],[-79.23634995722968,-2.557211020928705],[-79.23523946014409,-2.557726646440858],[-79.23152797494225,-2.560336220491974],[-79.2285194145055,-2.560259437192545],[-79.22605426742959,-2.560856355512093],[-79.22395654644896,-2.560311421283822],[-79.2227505387415,-2.561035145201475],[-79.21976672541463,-2.560956656820677],[-79.21743507329688,-2.559815653749711],[-79.21475239373956,-2.555889653922126],[-79.21236443291541,-2.553366978872114],[-79.20864080219117,-2.553569271019582],[-79.20635500055761,-2.555050147120244],[-79.20582683507384,-2.554813300937864],[-79.20512957930578,-2.553523059357054],[-79.1980484819043,-2.552829250356976],[-79.19621908645574,-2.549604115107204],[-79.19466266217066,-2.548045794776765],[-79.19159170610415,-2.542415020880343],[-79.19028155349868,-2.541128010983147],[-79.18840899485147,-2.544351694337358],[-79.18849376279793,-2.545910204968707],[-79.18774039371793,-2.547978702172685],[-79.18732437038163,-2.552043407962346],[-79.18686168406963,-2.553073547878644],[-79.18604275781503,-2.553665667662577]]]}},{"type":"Feature","properties":{"Pob_total":47.0},"geometry":{"type":"Polygon","coordinates":[[[-79.14532748026923,-2.658438258516448],[-79.14616805456865,-2.661662654002315],[-79.14742600941996,-2.660860509287518],[-79.14894083141657,-2.661398457692683],[-79.1507613606049,-2.660672304440486],[-79.15214823804192,-2.661088619196341],[-79.15743809309622,-2.658912477728266],[-79.15935185881341,-2.659469998037035],[-79.15992066158168,-2.6591084370221],[-79.16081511774084,-2.659376614541869],[-79.16680618063624,-2.657113116932015],[-79.16722870250597,-2.656466923423089],[-79.16717414061668,-2.655387566121475],[-79.1678284649142,-2.6543466711695],[-79.17282462907578,-2.65015090591353],[-79.17519817575416,-2.644229988297386],[-79.1797758331503,-2.639267270353758],[-79.18095727440708,-2.637014180615404],[-79.18089394339115,-2.634990467778858],[-79.17931673677819,-2.629840283384278],[-79.17761258368512,-2.616651894316907],[-79.1769848746437,-2.614173161072426],[-79.17595508481108,-2.61280209297328],[-79.17621219893103,-2.600263477207406],[-79.17562220605055,-2.597932928965285],[-79.17692388092576,-2.595288718209277],[-79.17631280159468,-2.592109138653773],[-79.17840409579537,-2.59058317621446],[-79.17764609212003,-2.587588028984356],[-79.17860904418549,-2.583743657543825],[-79.17862028747247,-2.578619940889684],[-79.18115987891998,-2.572122406905026],[-79.18131528992305,-2.569422268544263],[-79.18078916759258,-2.565006348299848],[-79.18128033262975,-2.560999596618892],[-79.18232773476923,-2.559442437857164],[-79.1845662340761,-2.557462690928411],[-79.18510305335326,-2.556077779967253],[-79.18593075458438,-2.555253829086567],[-79.18561507758754,-2.554034446628018],[-79.18719855906568,-2.552507784735393],[-79.18774039371793,-2.547978702172685],[-79.18849376279793,-2.545910204968707],[-79.18840899485147,-2.544351694337358],[-79.19028683449977,-2.540677649420754],[-79.18879822716337,-2.535227708862576],[-79.18867387080878,-2.531743177565946],[-79.1891582016224,-2.529282662312209],[-79.18886699070289,-2.528044330130932],[-79.18693988867483,-2.525843933008975],[-79.18561256415593,-2.52533035899261],[-79.18274426761675,-2.522963440457895],[-79.1795357452627,-2.521461950221224],[-79.17840398193853,-2.520298767105629],[-79.17480524535767,-2.524310457447968],[-79.17291820570486,-2.527249842877763],[-79.16963068800692,-2.528694156638459],[-79.1686775222602,-2.529633488997664],[-79.16839900467261,-2.531353777668342],[-79.16396219622739,-2.534837386873741],[-79.16110898055925,-2.539162904757377],[-79.16204327171806,-2.544022445038828],[-79.16136220538772,-2.545618176614067],[-79.16167449692333,-2.546733094660098],[-79.16234661860112,-2.547393249062218],[-79.16313365117357,-2.551154384004771],[-79.16117636185548,-2.555316316954682],[-79.1622447475243,-2.557724937458953],[-79.16252623344367,-2.56001234116503],[-79.16214692523135,-2.560821814040812],[-79.1586530185505,-2.563358768108586],[-79.15846175332514,-2.565265254137319],[-79.15749996417502,-2.567734418648883],[-79.15724325218761,-2.573833935192007],[-79.15586911456425,-2.575427554455573],[-79.15314329212165,-2.576564645356851],[-79.15239085177512,-2.577987807070942],[-79.15307898138602,-2.58206997578909],[-79.15520742277495,-2.585324345415569],[-79.15526105174472,-2.586911446658605],[-79.15376699433544,-2.59034002236435],[-79.15302530109975,-2.595809545134012],[-79.15122439722705,-2.601794374368413],[-79.14945279348855,-2.604558710232804],[-79.14959634932036,-2.606616139641525],[-79.14900113498008,-2.609136172391212],[-79.15004718145276,-2.612454709803765],[-79.1511483153595,-2.614135676619645],[-79.15215586385379,-2.616910089306717],[-79.1520866131268,-2.618152854743244],[-79.15055347494473,-2.622161394544309],[-79.1516319895225,-2.627976668019829],[-79.15143617997018,-2.630223119753747],[-79.15078676772502,-2.631911894517299],[-79.1512700158415,-2.634196702831381],[-79.15215058619117,-2.636062363055775],[-79.15257897134713,-2.63884306137032],[-79.15376206640994,-2.641223683044965],[-79.15288576286507,-2.642968709568331],[-79.14643169022081,-2.649028087134966],[-79.14584358686983,-2.651838269380014],[-79.14625802083503,-2.653063478597999],[-79.14538318443464,-2.65400328452898],[-79.14501553343882,-2.656407616122575],[-79.14532748026923,-2.658438258516448]]]}},{"type":"Feature","properties":{"Pob_total":14.0},"geometry":{"type":"Polygon","coordinates":[[[-79.21969773696723,-2.600308097409439],[-79.21854266263458,-2.600453584200531],[-79.214380439037,-2.603181721068631],[-79.21243312906421,-2.603578367735669],[-79.20957350198364,-2.606743639880047],[-79.20912400826154,-2.608978874044019],[-79.20984587755079,-2.611755811134417],[-79.20849695876514,-2.61709290661509],[-79.20711865907495,-2.62037140483214],[-79.20446595751228,-2.623086153667982],[-79.2045472325643,-2.624546109697137],[-79.20417571232112,-2.625227929478151],[-79.20141200242249,-2.627023497407251],[-79.19936502237292,-2.627053089994081],[-79.19864641545459,-2.627932800749005],[-79.20061881258555,-2.631826582514952],[-79.19967488009932,-2.635078276278668],[-79.1997746665404,-2.636032047800915],[-79.19907114336965,-2.636670789065969],[-79.1962618632082,-2.637178603481475],[-79.19366575721534,-2.638512574025281],[-79.19193848807919,-2.638493234457019],[-79.19003473210137,-2.639211597898422],[-79.18616596087567,-2.63804831432937],[-79.17940909885746,-2.642768970647937],[-79.1753830032069,-2.644563661978976],[-79.17444882712425,-2.646191815577],[-79.17424369735687,-2.64891934693276],[-79.17325132621387,-2.650549766422005],[-79.16987989422199,-2.653441321299881],[-79.16680618063624,-2.657113116932015],[-79.16081511774084,-2.659376614541869],[-79.15992066158168,-2.6591084370221],[-79.15935185881341,-2.659469998037035],[-79.15743809309622,-2.658912477728266],[-79.15214823804192,-2.661088619196341],[-79.1507613606049,-2.660672304440486],[-79.14894083141657,-2.661398457692683],[-79.14742600941996,-2.660860509287518],[-79.14606238306452,-2.661617284226448],[-79.14501553343882,-2.656407616122575],[-79.14538318443464,-2.65400328452898],[-79.14625802083503,-2.653063478597999],[-79.14584358686983,-2.651838269380014],[-79.14643169022081,-2.649028087134966],[-79.1387567847971,-2.65649966185363],[-79.13821559579637,-2.657912982116645],[-79.13818362862386,-2.663628435160726],[-79.13724349807347,-2.665371084813452],[-79.13489878285279,-2.666074576460128],[-79.12795990100709,-2.667124604674418],[-79.12571404874603,-2.671239506896735],[-79.1164999408136,-2.671376477455566],[-79.11518637200372,-2.671819836101711],[-79.11458419557499,-2.672534715210957],[-79.11368395913942,-2.676836119388958],[-79.11273220679989,-2.67858440318709],[-79.11242759866742,-2.680214239121152],[-79.11277094722782,-2.68127124329855],[-79.11221236929951,-2.68234204991568],[-79.11232828249898,-2.683215338499623],[-79.1165557779929,-2.687318689410295],[-79.11741657784107,-2.688531486732646],[-79.11732941461516,-2.689377158927875],[-79.11806970762211,-2.690837251418467],[-79.11923950698697,-2.691727452675293],[-79.12237932865209,-2.693067659283094],[-79.12587711037776,-2.692712465813384],[-79.13332095484463,-2.693123253649984],[-79.13638895912887,-2.693605212470251],[-79.13863409626052,-2.694292637104906],[-79.13923436192961,-2.694834410780238],[-79.1410906252266,-2.701629583714412],[-79.14342298066927,-2.70739153332646],[-79.14408081214947,-2.716897059977725],[-79.14378369358154,-2.724993299458444],[-79.14461999999727,-2.726362579324643],[-79.1446538266417,-2.730108788827317],[-79.14611677334261,-2.732028259094236],[-79.15188138810234,-2.733880730389035],[-79.15503044554245,-2.733562088739187],[-79.16325798837063,-2.730461922791618],[-79.16857575500036,-2.726629146254163],[-79.1707772889296,-2.721781201466115],[-79.17259830440601,-2.719406604185622],[-79.18020800580398,-2.706666987239922],[-79.18363021807046,-2.702253278589188],[-79.18893455834673,-2.697672024597177],[-79.19726641994906,-2.694647053762038],[-79.20189442236328,-2.6892320038377],[-79.20846227188709,-2.682759989892697],[-79.21038215042971,-2.6825167831845],[-79.21290594819794,-2.681101130091263],[-79.21661001183044,-2.676857934360013],[-79.21867119256798,-2.669972301685458],[-79.22009884124196,-2.668460802247234],[-79.22312671154172,-2.667213781263756],[-79.22536402238049,-2.664065646272462],[-79.22602611526924,-2.659965294016575],[-79.22450692367124,-2.656252162776792],[-79.22570460118297,-2.651928593235742],[-79.2263527484322,-2.64717767857718],[-79.22723439931488,-2.645025696883182],[-79.22653399222784,-2.643398629477711],[-79.2268907664576,-2.642337347823519],[-79.22832823744481,-2.640599410879334],[-79.22844181362996,-2.639195242532944],[-79.2295879539288,-2.638150004981761],[-79.23074237346535,-2.635436942258517],[-79.2303750488027,-2.627400606858815],[-79.22925263473196,-2.625915281786923],[-79.2291198271372,-2.62380018084702],[-79.22973759179955,-2.619872721663263],[-79.22907324108098,-2.614518854317084],[-79.22962295391693,-2.61197211931142],[-79.22978093202298,-2.607795693305889],[-79.23069701198428,-2.603980596175767],[-79.23051932078258,-2.602187264633517],[-79.23094804769222,-2.599987323905447],[-79.22948830171042,-2.596538274234083],[-79.2298774336428,-2.593511864625408],[-79.22743351309178,-2.594371192950176],[-79.2239763309874,-2.597944243365748],[-79.21969773696723,-2.600308097409439]]]}},{"type":"Feature","properties":{"Pob_total":48.0},"geometry":{"type":"Polygon","coordinates":[[[-79.22602465536967,-2.661115430254056],[-79.22536402238049,-2.664065646272462],[-79.2234777084421,-2.666808092794102],[-79.22009884124196,-2.668460802247234],[-79.21867119256798,-2.669972301685458],[-79.21661001183044,-2.676857934360013],[-79.21438555621573,-2.679504160553659],[-79.21290594819794,-2.681101130091263],[-79.21073993422621,-2.682365909262082],[-79.20846227188709,-2.682759989892697],[-79.20189442236328,-2.6892320038377],[-79.19726641994906,-2.694647053762038],[-79.18893455834673,-2.697672024597177],[-79.18496831188989,-2.700949483949984],[-79.18020800580398,-2.706666987239922],[-79.17259830440601,-2.719406604185622],[-79.17803366636274,-2.719752203320116],[-79.17849455348029,-2.7176212697613],[-79.18028956103065,-2.717345415835796],[-79.18154492651485,-2.715494224587172],[-79.1825331262874,-2.715108162508643],[-79.18562213942265,-2.715348967910802],[-79.18699369557322,-2.716344191522392],[-79.19048562773496,-2.721006384960887],[-79.19155661879454,-2.721649943332717],[-79.19266475685029,-2.721627395601717],[-79.19540640558046,-2.720583848083062],[-79.19847452807007,-2.720634187585045],[-79.1993916432982,-2.719183056970159],[-79.20137231248053,-2.71934409030738],[-79.20134059314057,-2.71999745503678],[-79.20190117753592,-2.720298058642674],[-79.20185613472063,-2.719140448586824],[-79.20451594531781,-2.719883566930716],[-79.2049063674542,-2.72099448817289],[-79.20578938400871,-2.721258586055828],[-79.20667294500531,-2.722860170892177],[-79.2069101094581,-2.722287856982496],[-79.20790254913737,-2.722986796455669],[-79.2122594954657,-2.722710434637684],[-79.21245387051661,-2.723341269831096],[-79.21472236500665,-2.723043704467393],[-79.21558540634976,-2.720749520371611],[-79.21536270720192,-2.719866083439483],[-79.21573642790516,-2.720048847887681],[-79.21608048839524,-2.719243840621892],[-79.21835188625784,-2.71714949905634],[-79.21809423931154,-2.715989302496942],[-79.21914201269836,-2.715817511563475],[-79.21989855670198,-2.713961807032283],[-79.22196629914244,-2.711961644015127],[-79.22270688755144,-2.712220362826825],[-79.22370557083438,-2.710670113197254],[-79.22403807035283,-2.710990432221343],[-79.22539502315672,-2.710454122457238],[-79.22701531306971,-2.707724249268818],[-79.22814100191675,-2.706935852157453],[-79.22907540664036,-2.705561467743874],[-79.23047694186324,-2.701901404739595],[-79.23154439104421,-2.700365069677698],[-79.23088230379197,-2.697057274734662],[-79.23255265417374,-2.692787118133477],[-79.23389283222787,-2.691805581059158],[-79.23862539114879,-2.685510834095824],[-79.23927086185763,-2.683557178915192],[-79.23930645371631,-2.681176449530668],[-79.23987292489484,-2.680382956644048],[-79.23959055590844,-2.679323281693486],[-79.23987010536358,-2.67851562220048],[-79.24075021649114,-2.677601218430032],[-79.24135428851402,-2.677618731460671],[-79.24151831427352,-2.677103709463328],[-79.24218750856411,-2.677107117658081],[-79.24261837098364,-2.676188084411356],[-79.24340763453368,-2.675796585898321],[-79.24281997497545,-2.674701321328584],[-79.24209329878478,-2.669960239034679],[-79.24177133755637,-2.66052396335816],[-79.23875973480743,-2.661622340960099],[-79.23746989268078,-2.661490773272846],[-79.23699013783792,-2.66105741988866],[-79.2371671268993,-2.659704711934708],[-79.23635723626984,-2.657410580842674],[-79.23604385979914,-2.654494207245295],[-79.23343836265722,-2.652136378241018],[-79.23206040228983,-2.650193292701389],[-79.23230831611593,-2.647143174390914],[-79.23158645060808,-2.645677398368744],[-79.22845390423402,-2.641898036458116],[-79.22832823744481,-2.640599410879334],[-79.2268907664576,-2.642337347823519],[-79.22653399222784,-2.643398629477711],[-79.22723439931488,-2.645025696883182],[-79.2263527484322,-2.64717767857718],[-79.22570460118297,-2.651928593235742],[-79.22450692367124,-2.656252162776792],[-79.2257643250962,-2.658794427525878],[-79.22602465536967,-2.661115430254056]]]}},{"type":"Feature","properties":{"Pob_total":569.0},"geometry":{"type":"Polygon","coordinates":[[[-79.12459702165008,-2.532154154342939],[-79.12410612850118,-2.532035258412618],[-79.12338947398449,-2.530733223362433],[-79.12012272205331,-2.532510146133266],[-79.11843041436664,-2.531213922168462],[-79.11348972924456,-2.531176876684703],[-79.1118074372255,-2.532353240121783],[-79.10861454173101,-2.53341634674686],[-79.10775436077344,-2.534447517155003],[-79.10524693855524,-2.535424084583388],[-79.10401878331177,-2.534905889812511],[-79.10273783414554,-2.534894146109599],[-79.10079494679864,-2.536348779988336],[-79.10041160656681,-2.535662103063148],[-79.09960800480512,-2.535312614340961],[-79.09773671893096,-2.537111664432629],[-79.09559292280991,-2.536509462770138],[-79.09326881065022,-2.538841496454739],[-79.09136601170934,-2.538329157679015],[-79.08421787964892,-2.539154242197636],[-79.07672699315691,-2.53666011247283],[-79.07612447417448,-2.53993492634067],[-79.07615996452054,-2.542505693054776],[-79.07449975366532,-2.544113216511493],[-79.07238018860103,-2.550041537988065],[-79.0709578776209,-2.552658658742234],[-79.06974385185828,-2.553898097742258],[-79.07001232441459,-2.555572889298983],[-79.0696913213027,-2.556806258994039],[-79.06931966226726,-2.55746503744452],[-79.06790995691694,-2.558066453227887],[-79.06769885970706,-2.562814661767314],[-79.06523959345738,-2.565400798760523],[-79.0636315912162,-2.571234076594897],[-79.06096475655895,-2.576283048467541],[-79.06031474151561,-2.579474242519552],[-79.06253573369834,-2.583908449740373],[-79.06268685613401,-2.589179656430918],[-79.06112426250388,-2.596518597072263],[-79.0573309231867,-2.60578442976241],[-79.06390997404569,-2.608885170613731],[-79.06766574687133,-2.61122141914521],[-79.06828779478649,-2.620674148000854],[-79.08618015662157,-2.613623049035876],[-79.09027429836631,-2.605255316907362],[-79.0970079487958,-2.597780497714925],[-79.10391480315371,-2.591194840072228],[-79.10848512739811,-2.585329961510559],[-79.10885718262824,-2.584650049894382],[-79.10895350967164,-2.578537015135095],[-79.10771437493813,-2.569456238721557],[-79.10790030098796,-2.568476985689874],[-79.11049623202658,-2.565820557219712],[-79.11131784029624,-2.562972694685528],[-79.1127667477673,-2.559923750893403],[-79.11880750377772,-2.554925297562017],[-79.1217106812574,-2.549973908453127],[-79.12299289965779,-2.54701058063737],[-79.125675236536,-2.545100807436552],[-79.12694751085215,-2.542789487272763],[-79.12803538114936,-2.541787656372244],[-79.12812545308857,-2.539421985400037],[-79.12740471251537,-2.537708970448452],[-79.12790289701461,-2.535569856865076],[-79.12621194143681,-2.529695286932759],[-79.12459702165008,-2.532154154342939]]]}},{"type":"Feature","properties":{"Pob_total":171.0},"geometry":{"type":"Polygon","coordinates":[[[-79.1257173107202,-2.522972344339454],[-79.12594429562682,-2.529245153991134],[-79.12671206601745,-2.530577730265903],[-79.12790289701461,-2.535569856865076],[-79.12740471251537,-2.537708970448452],[-79.12812545308857,-2.539421985400037],[-79.12803538114936,-2.541787656372244],[-79.12919787903317,-2.543781623110283],[-79.12928437230643,-2.545839488108193],[-79.12866770490824,-2.548582178986698],[-79.12677345517434,-2.551692550294271],[-79.12558470349796,-2.555728334826427],[-79.1263529087384,-2.555951628244112],[-79.12820261454088,-2.555613265515842],[-79.12913448887903,-2.556249119840862],[-79.12929278196403,-2.559997083977916],[-79.128909314213,-2.562150586853027],[-79.13113885265984,-2.560748755548747],[-79.13242199565649,-2.560639952884108],[-79.13698183660281,-2.562153057972378],[-79.13830020459767,-2.562126049767882],[-79.14120397415168,-2.564373403325743],[-79.1433746612781,-2.564112800075913],[-79.146241395174,-2.564682025678965],[-79.14736670061345,-2.563993015550358],[-79.150218369026,-2.564414006334613],[-79.15278564178985,-2.563722735387281],[-79.15545866188015,-2.562388609437966],[-79.1585612502148,-2.562331334725565],[-79.16189102654577,-2.559756164050844],[-79.16232761927529,-2.558118489111884],[-79.16124349354875,-2.555905345513282],[-79.1612320243101,-2.554868255387326],[-79.16288908164384,-2.552180799976402],[-79.16313365117357,-2.551154384004771],[-79.16234661860112,-2.547393249062218],[-79.16167449692333,-2.546733094660098],[-79.16136220538772,-2.545618176614067],[-79.16204327171806,-2.544022445038828],[-79.16109093942272,-2.539970819406549],[-79.16120530684566,-2.538946206984144],[-79.15863830849486,-2.538849400949993],[-79.15480015052796,-2.537893553782134],[-79.15244034229718,-2.538976428142653],[-79.14984931291151,-2.538077698914288],[-79.14900142387214,-2.538564220510967],[-79.14080604348496,-2.539002289772929],[-79.14064775355183,-2.536136176524477],[-79.13983493721769,-2.534728660773232],[-79.13797389805832,-2.533767491447086],[-79.13630316377002,-2.532321569339454],[-79.1364051595369,-2.53090606016682],[-79.13572346118492,-2.52878439788639],[-79.13244755170574,-2.528973216509853],[-79.12957685829873,-2.526813667283872],[-79.12936115945647,-2.525795007250295],[-79.12761283983693,-2.526532283970553],[-79.12689672377392,-2.526448919422577],[-79.1264944931628,-2.523187492],[-79.1257173107202,-2.522972344339454]]]}},{"type":"Feature","properties":{"Pob_total":269.0},"geometry":{"type":"Polygon","coordinates":[[[-79.11753530596141,-2.555925566597618],[-79.1127667477673,-2.559923750893403],[-79.11131784029624,-2.562972694685528],[-79.11049623202658,-2.565820557219712],[-79.10800139291791,-2.568269167736528],[-79.10769933951633,-2.569042358270703],[-79.10895350967164,-2.578537015135095],[-79.10885718262824,-2.584650049894382],[-79.10848512739811,-2.585329961510559],[-79.10391480315371,-2.591194840072228],[-79.0970079487958,-2.597780497714925],[-79.09027429836631,-2.605255316907362],[-79.08618015662157,-2.613623049035876],[-79.06828779478649,-2.620674148000854],[-79.06844701245079,-2.624473292712348],[-79.06711312165564,-2.626290449742531],[-79.06651352786217,-2.6283887679717],[-79.06315680686835,-2.63110343007339],[-79.06407354181064,-2.633251670135593],[-79.0639721913043,-2.635247320385484],[-79.06479405850791,-2.636468354525717],[-79.06422823222651,-2.637471928872472],[-79.06387951286125,-2.640471838408394],[-79.06419441083963,-2.641203722715701],[-79.06518337925947,-2.641755472225092],[-79.06570689973651,-2.643404081973403],[-79.06449944695781,-2.645348632582043],[-79.0651922723746,-2.646352463179359],[-79.06359076269423,-2.648976973854528],[-79.0639839470235,-2.649842900137147],[-79.06204748556736,-2.651727522254363],[-79.06201671237194,-2.65347590129956],[-79.06068004435232,-2.654723647396532],[-79.05999456701876,-2.656655603006655],[-79.06025092654735,-2.657212393353827],[-79.06124843691133,-2.657967215697765],[-79.08092605711624,-2.66524378560021],[-79.0804031567144,-2.668937529692995],[-79.0796336219193,-2.670053599317249],[-79.08257007019256,-2.673523760324063],[-79.0837460958989,-2.678148517217397],[-79.08568843695444,-2.680602795103745],[-79.08688978366345,-2.681423965981973],[-79.08941649025127,-2.682305724897931],[-79.09280389119847,-2.682701131937238],[-79.0950808088732,-2.686235297045904],[-79.09730267996923,-2.691915062636095],[-79.09758823049577,-2.695407105258223],[-79.09686660813867,-2.697935268748574],[-79.09236137038154,-2.705823197023602],[-79.09076564614094,-2.705681659956832],[-79.09034619677564,-2.707674326134883],[-79.09035775246412,-2.709464546886871],[-79.091909687207,-2.713417545855365],[-79.09318733913199,-2.71523990679429],[-79.09499806581549,-2.71611894206293],[-79.09503614705172,-2.717008561363557],[-79.09400411349641,-2.717672052898256],[-79.09375271733569,-2.718409664976307],[-79.08923374559014,-2.722928096841896],[-79.08754515811299,-2.72562474362407],[-79.08761642635339,-2.72721774887664],[-79.09011578353955,-2.726400780659958],[-79.09061018411445,-2.725797143571755],[-79.09288309765795,-2.72478507114432],[-79.0930899129733,-2.724322359564436],[-79.0945188445137,-2.724350215426781],[-79.09557853591693,-2.723773390976663],[-79.09881276928687,-2.723098649713733],[-79.09931002379291,-2.723323951311655],[-79.09938856058406,-2.722780286320627],[-79.1000343171117,-2.723093352583654],[-79.1000365487455,-2.7222413240084],[-79.10055422920455,-2.722514486602453],[-79.1008482788537,-2.722040331946394],[-79.10184480246869,-2.722240110419357],[-79.10224705832363,-2.721571637146615],[-79.10282430238557,-2.721995171691451],[-79.10381164337765,-2.721910109383526],[-79.10367459273472,-2.721632212099332],[-79.10486094502733,-2.721132249580137],[-79.10596231813183,-2.721615479117723],[-79.1059857337617,-2.720785093583983],[-79.10637002422428,-2.721317283142537],[-79.10729093505759,-2.721280662624783],[-79.10755794866732,-2.7217113045848],[-79.10780583797556,-2.721375062198421],[-79.11093337259442,-2.721030327468839],[-79.11313004173884,-2.71995804085555],[-79.11588604536162,-2.716709365731678],[-79.11854633417894,-2.717198101132217],[-79.1207855276459,-2.716530129366608],[-79.12165720279481,-2.71707763694322],[-79.12244924209615,-2.715222333569951],[-79.1247968179859,-2.715942207979147],[-79.1273213326818,-2.715782134182591],[-79.12760294611375,-2.714645165792601],[-79.1283249484721,-2.715185642279541],[-79.13002732939748,-2.714463102919146],[-79.13224859462181,-2.715051403788144],[-79.13348688894332,-2.714804843373239],[-79.13411858716027,-2.715557322220087],[-79.13944631113516,-2.715371334866772],[-79.1438072979656,-2.714741204825289],[-79.14387625244217,-2.710987221202513],[-79.14342298066927,-2.70739153332646],[-79.1410906252266,-2.701629583714412],[-79.13893442231769,-2.694436273784602],[-79.13581966068587,-2.69349296998173],[-79.13065590641517,-2.69290441675471],[-79.12587711037776,-2.692712465813384],[-79.122605238904,-2.69310291044714],[-79.11923950698697,-2.691727452675293],[-79.11806970762211,-2.690837251418467],[-79.11732941461516,-2.689377158927875],[-79.11741657784107,-2.688531486732646],[-79.1165557779929,-2.687318689410295],[-79.11452408666298,-2.685110349219475],[-79.11253505953324,-2.683700854431515],[-79.11221236929951,-2.68234204991568],[-79.11278791226627,-2.681053264957775],[-79.11242759866742,-2.680214239121152],[-79.11273220679989,-2.67858440318709],[-79.11368395913942,-2.676836119388958],[-79.11458419557499,-2.672534715210957],[-79.11518637200372,-2.671819836101711],[-79.1164999408136,-2.671376477455566],[-79.12571404874603,-2.671239506896735],[-79.12795990100709,-2.667124604674418],[-79.13489878285279,-2.666074576460128],[-79.13724349807347,-2.665371084813452],[-79.13818362862386,-2.663628435160726],[-79.13821559579637,-2.657912982116645],[-79.1387567847971,-2.65649966185363],[-79.14272376312422,-2.652345727924244],[-79.14955288556916,-2.646263397634315],[-79.15364713143636,-2.641782063855985],[-79.15376206640994,-2.641223683044965],[-79.15257897134713,-2.63884306137032],[-79.15215058619117,-2.636062363055775],[-79.15080949604696,-2.632168275890257],[-79.1516319895225,-2.627976668019829],[-79.15055347494473,-2.622161394544309],[-79.15218224954572,-2.617312419691237],[-79.14900113498008,-2.609136172391212],[-79.14959634932036,-2.606616139641525],[-79.14945279348855,-2.604558710232804],[-79.15122439722705,-2.601794374368413],[-79.15302530109975,-2.595809545134012],[-79.15376699433544,-2.59034002236435],[-79.15526105174472,-2.586911446658605],[-79.15520742277495,-2.585324345415569],[-79.15307898138602,-2.58206997578909],[-79.15239085177512,-2.577987807070942],[-79.15314329212165,-2.576564645356851],[-79.15586911456425,-2.575427554455573],[-79.15724325218761,-2.573833935192007],[-79.15749996417502,-2.567734418648883],[-79.15846175332514,-2.565265254137319],[-79.15861645963138,-2.563461615581406],[-79.16214692523135,-2.560821814040812],[-79.16249875456805,-2.558663809204649],[-79.16232761927529,-2.558118489111884],[-79.16189102654577,-2.559756164050844],[-79.1585612502148,-2.562331334725565],[-79.15545866188015,-2.562388609437966],[-79.15278564178985,-2.563722735387281],[-79.150218369026,-2.564414006334613],[-79.14736670061345,-2.563993015550358],[-79.146241395174,-2.564682025678965],[-79.1433746612781,-2.564112800075913],[-79.14120397415168,-2.564373403325743],[-79.13830020459767,-2.562126049767882],[-79.13698183660281,-2.562153057972378],[-79.13242199565649,-2.560639952884108],[-79.13113885265984,-2.560748755548747],[-79.128909314213,-2.562150586853027],[-79.12929278196403,-2.559997083977916],[-79.12913448887903,-2.556249119840862],[-79.12820261454088,-2.555613265515842],[-79.1263529087384,-2.555951628244112],[-79.12558470349796,-2.555728334826427],[-79.12677345517434,-2.551692550294271],[-79.12866770490824,-2.548582178986698],[-79.12928437230643,-2.545839488108193],[-79.12919787903317,-2.543781623110283],[-79.12803538114936,-2.541787656372244],[-79.12694751085215,-2.542789487272763],[-79.125675236536,-2.545100807436552],[-79.12299289965779,-2.54701058063737],[-79.1192819467185,-2.554242585835492],[-79.11753530596141,-2.555925566597618]]]}},{"type":"Feature","properties":{"Pob_total":231.0},"geometry":{"type":"Polygon","coordinates":[[[-79.11320417059363,-2.494397491645136],[-79.11023599011276,-2.494948533447407],[-79.10747621094832,-2.496302558046685],[-79.10331601886872,-2.497293878242134],[-79.10388988389177,-2.498969306012091],[-79.10170661076542,-2.50230678182956],[-79.10171215282448,-2.503200516188823],[-79.10267617142873,-2.504799009093656],[-79.10077810448317,-2.510697558831665],[-79.10031396717712,-2.516151693814409],[-79.09937008714424,-2.517571547689923],[-79.10011994503937,-2.520134352295984],[-79.09984939188153,-2.520779293557109],[-79.09933919029785,-2.521149087349587],[-79.09775668994205,-2.520573782635873],[-79.09453071571413,-2.522131410437559],[-79.09339463595074,-2.521681431781069],[-79.09166747431028,-2.521639106579124],[-79.087266842757,-2.520200456258499],[-79.08843784865407,-2.522403462773062],[-79.08899606494,-2.524802227384741],[-79.0883558726351,-2.527195875270407],[-79.08862889256683,-2.528623649072346],[-79.0879681636366,-2.532634253101795],[-79.08807266220896,-2.533900466477031],[-79.08988815184885,-2.537972518512185],[-79.08970489727487,-2.538482663449382],[-79.09136601170934,-2.538329157679015],[-79.09326881065022,-2.538841496454739],[-79.09533087767701,-2.536615319869065],[-79.09646235329267,-2.536536339352867],[-79.09773671893096,-2.537111664432629],[-79.09960800480512,-2.535312614340961],[-79.10041160656681,-2.535662103063148],[-79.10079494679864,-2.536348779988336],[-79.10273783414554,-2.534894146109599],[-79.10401878331177,-2.534905889812511],[-79.10524693855524,-2.535424084583388],[-79.10775436077344,-2.534447517155003],[-79.10861454173101,-2.53341634674686],[-79.1118074372255,-2.532353240121783],[-79.11348972924456,-2.531176876684703],[-79.11843041436664,-2.531213922168462],[-79.12012272205331,-2.532510146133266],[-79.12338947398449,-2.530733223362433],[-79.12410612850118,-2.532035258412618],[-79.12459702165008,-2.532154154342939],[-79.12577891696458,-2.530654681707022],[-79.12621194143681,-2.529695286932759],[-79.12578781406661,-2.523241561131645],[-79.1245356991253,-2.523132575447405],[-79.12421614038797,-2.520582117025303],[-79.12246200670445,-2.521063267370494],[-79.12199354438654,-2.520118742759561],[-79.12040648139376,-2.51514134828518],[-79.11963451122497,-2.510524746417457],[-79.1178257757436,-2.507097864555648],[-79.1159076766863,-2.50540519939044],[-79.1159221404256,-2.504088139200584],[-79.11494956727873,-2.502829381030415],[-79.11363866593904,-2.499571042522944],[-79.11320417059363,-2.494397491645136]]]}},{"type":"Feature","properties":{"Pob_total":320.0},"geometry":{"type":"Polygon","coordinates":[[[-79.09346411426378,-2.499374525466646],[-79.08973630529128,-2.499910909893496],[-79.08745947669483,-2.500886816364871],[-79.08576017840163,-2.502308421357486],[-79.08255982296818,-2.502738303610424],[-79.08156640316463,-2.502487905760481],[-79.07994009701468,-2.504110774204352],[-79.07826877517411,-2.503582392685786],[-79.07574155231025,-2.503556348177746],[-79.07523785272039,-2.504854485489644],[-79.0759689677816,-2.506983951205311],[-79.07567333006646,-2.508921836420235],[-79.0727214853617,-2.510043911628193],[-79.07174616331442,-2.511014929312787],[-79.07165783160407,-2.51270627183676],[-79.07226596214689,-2.51599111008829],[-79.0698289979255,-2.519415641348004],[-79.0698242657706,-2.520186188187051],[-79.07185731631165,-2.52519409698392],[-79.073797819047,-2.527419670260168],[-79.0747264609011,-2.531666790268115],[-79.07672699315691,-2.53666011247283],[-79.08421787964892,-2.539154242197636],[-79.08970489727487,-2.538482663449382],[-79.08988815184885,-2.537972518512185],[-79.08807266220896,-2.533900466477031],[-79.0879681636366,-2.532634253101795],[-79.08862889256683,-2.528623649072346],[-79.0883558726351,-2.527195875270407],[-79.08899606494,-2.524802227384741],[-79.08843784865407,-2.522403462773062],[-79.087266842757,-2.520200456258499],[-79.09166747431028,-2.521639106579124],[-79.09339463595074,-2.521681431781069],[-79.09453071571413,-2.522131410437559],[-79.09775668994205,-2.520573782635873],[-79.09933919029785,-2.521149087349587],[-79.10002528192935,-2.520565886571672],[-79.09937008714424,-2.517571547689923],[-79.10031396717712,-2.516151693814409],[-79.10077810448317,-2.510697558831665],[-79.10267617142873,-2.504799009093656],[-79.10171215282448,-2.503200516188823],[-79.10167564291915,-2.502459730121238],[-79.10382752054026,-2.499136134882775],[-79.10387037927072,-2.498216970721038],[-79.1033160296401,-2.497292636767811],[-79.09892323422942,-2.497527827053915],[-79.09817037260056,-2.49722691675076],[-79.09677427496959,-2.498259774083735],[-79.09346411426378,-2.499374525466646]]]}},{"type":"Feature","properties":{"Pob_total":181.0},"geometry":{"type":"Polygon","coordinates":[[[-79.12142601872026,-2.485341954973342],[-79.11846804280513,-2.485708498584653],[-79.1169919818004,-2.48825948334668],[-79.11636763081472,-2.4917831142871],[-79.11449187208227,-2.493840133050788],[-79.1132039994982,-2.49439642622465],[-79.11363866593904,-2.499571042522944],[-79.11494956727873,-2.502829381030415],[-79.1159221404256,-2.504088139200584],[-79.1159076766863,-2.50540519939044],[-79.1178257757436,-2.507097864555648],[-79.11927228921903,-2.509642430203563],[-79.12070844647647,-2.516227391954592],[-79.12246200670445,-2.521063267370494],[-79.12421614038797,-2.520582117025303],[-79.12441909289932,-2.522880578972315],[-79.12475398898265,-2.523257124678886],[-79.12578781406661,-2.523241561131645],[-79.12551980653609,-2.522210253096065],[-79.13330238300354,-2.5236594529094],[-79.13495487478501,-2.525016612359823],[-79.13578549510113,-2.526480656936524],[-79.13656634567641,-2.52542813212541],[-79.13772885573462,-2.521899458084878],[-79.13610023856239,-2.520080141809859],[-79.13533512518065,-2.518196714131423],[-79.13340164664308,-2.516599154487084],[-79.13145050293673,-2.515668254414845],[-79.1286586482639,-2.513297433888761],[-79.12704132564451,-2.508328397366753],[-79.12617490787396,-2.507133943204537],[-79.12467400124183,-2.506156041249309],[-79.12374899588853,-2.50331592444769],[-79.12386800402892,-2.50083664828011],[-79.12761192130182,-2.489630367999735],[-79.12834618449463,-2.485423720691574],[-79.12494451265798,-2.486034037102509],[-79.12337181856843,-2.485031083088067],[-79.12142601872026,-2.485341954973342]]]}},{"type":"Feature","properties":{"Pob_total":39.0},"geometry":{"type":"Polygon","coordinates":[[[-79.14916647232302,-2.482443820234521],[-79.14691263695101,-2.484017070879077],[-79.14455311668632,-2.484060888913152],[-79.14256546873393,-2.486352594972803],[-79.13976731239012,-2.487197288022172],[-79.13806463978412,-2.486833409714087],[-79.13607971851124,-2.48717633971776],[-79.13300494830982,-2.484720308417568],[-79.13181666505345,-2.485252954017878],[-79.12917619312385,-2.485092038060489],[-79.12814001596527,-2.485758848260652],[-79.12761192130182,-2.489630367999735],[-79.12384195592058,-2.500946203227932],[-79.12399671413911,-2.504540399966596],[-79.12452630527197,-2.505133245295149],[-79.12467400124183,-2.506156041249309],[-79.12682489170355,-2.507906088410777],[-79.1286586482639,-2.513297433888761],[-79.13145050293673,-2.515668254414845],[-79.13340164664308,-2.516599154487084],[-79.13533512518065,-2.518196714131423],[-79.13610023856239,-2.520080141809859],[-79.13772885573462,-2.521899458084878],[-79.13792878145644,-2.520679828253241],[-79.1375366200326,-2.517572252956504],[-79.13786936048291,-2.517192408902352],[-79.139247932576,-2.517280017246627],[-79.14157750142792,-2.516560604706954],[-79.14185562495634,-2.515701261204131],[-79.14273372199072,-2.515006440306056],[-79.14218873281115,-2.512514062388869],[-79.14237915654967,-2.511681264688247],[-79.1456511038164,-2.510513780344334],[-79.14768181506163,-2.511266365988904],[-79.14867610167165,-2.511188572107056],[-79.14928327302705,-2.511862543592152],[-79.15045888041439,-2.511748311829389],[-79.14684115824146,-2.505350773530715],[-79.14737148957362,-2.504529488888998],[-79.14749957744533,-2.503125954395712],[-79.14982657145242,-2.499722470530072],[-79.15029345785803,-2.492737607229111],[-79.15004333821686,-2.486317158725996],[-79.15168230034924,-2.484006763145403],[-79.15156239361436,-2.482220700840181],[-79.15092245030168,-2.482621383897242],[-79.14982734777855,-2.482176961166327],[-79.14916647232302,-2.482443820234521]]]}},{"type":"Feature","properties":{"Pob_total":248.0},"geometry":{"type":"Polygon","coordinates":[[[-79.15045888041439,-2.511748311829389],[-79.14928327302705,-2.511862543592152],[-79.14867610167165,-2.511188572107056],[-79.14768181506163,-2.511266365988904],[-79.14582272398346,-2.510523694145804],[-79.14404143424657,-2.510838451359752],[-79.14223246646898,-2.511912535141639],[-79.14273372199072,-2.515006440306056],[-79.14185562495634,-2.515701261204131],[-79.14157750142792,-2.516560604706954],[-79.139247932576,-2.517280017246627],[-79.13786936048291,-2.517192408902352],[-79.1375366200326,-2.517572252956504],[-79.13781134352169,-2.521646909205674],[-79.13656634567641,-2.52542813212541],[-79.13477476175068,-2.528631581798332],[-79.1359435471192,-2.529104541361404],[-79.13593367816777,-2.530097185667502],[-79.1364051595369,-2.53090606016682],[-79.13617513744985,-2.532069737797376],[-79.13666159489502,-2.532778451696307],[-79.14002014974974,-2.534980031824805],[-79.14081305050888,-2.536732755339703],[-79.14080604348496,-2.539002289772929],[-79.14900142387214,-2.538564220510967],[-79.14984931291151,-2.538077698914288],[-79.15244034229718,-2.538976428142653],[-79.15480015052796,-2.537893553782134],[-79.15863830849486,-2.538849400949993],[-79.16120530684566,-2.538946206984144],[-79.16396219622739,-2.534837386873741],[-79.16839900467261,-2.531353777668342],[-79.1686775222602,-2.529633488997664],[-79.16963068800692,-2.528694156638459],[-79.17291820570486,-2.527249842877763],[-79.17480524535767,-2.524310457447968],[-79.178167397824,-2.520650638994345],[-79.17825797700512,-2.517707529546614],[-79.1795605283844,-2.514870743462226],[-79.17933162158594,-2.514029200388499],[-79.1780591172943,-2.513090614089883],[-79.1782138748037,-2.512613302090815],[-79.179699732235,-2.511860059066535],[-79.17897205231758,-2.50852580189959],[-79.17757727205353,-2.506876134502084],[-79.17668305315615,-2.509871199731159],[-79.17565269136072,-2.511124939756766],[-79.17551096522469,-2.513159474070952],[-79.17485072378815,-2.514821453367884],[-79.17412405113582,-2.515628467425697],[-79.17282639473757,-2.516168195673004],[-79.17182458797818,-2.515568628683202],[-79.16991522289925,-2.515382743843695],[-79.16768240447847,-2.513757834975787],[-79.16392147546014,-2.512764377953681],[-79.1593733005237,-2.512894937878448],[-79.15454330548475,-2.515185125394381],[-79.15271076169488,-2.515373814094241],[-79.15045888041439,-2.511748311829389]]]}},{"type":"Feature","properties":{"Pob_total":195.0},"geometry":{"type":"Polygon","coordinates":[[[-79.15156239361436,-2.482220700840181],[-79.15165168179638,-2.484172105969598],[-79.15004333821686,-2.486317158725996],[-79.15029345785803,-2.492737607229111],[-79.14982657145242,-2.499722470530072],[-79.14749957744533,-2.503125954395712],[-79.14737148957362,-2.504529488888998],[-79.14684115824146,-2.505350773530715],[-79.15271076169488,-2.515373814094241],[-79.15454330548475,-2.515185125394381],[-79.15868720948842,-2.513099142337009],[-79.1608950316888,-2.512652495653155],[-79.16392147546014,-2.512764377953681],[-79.16768240447847,-2.513757834975787],[-79.16991522289925,-2.515382743843695],[-79.17182458797818,-2.515568628683202],[-79.17282639473757,-2.516168195673004],[-79.17412405113582,-2.515628467425697],[-79.1752434667011,-2.513955380532149],[-79.17565269136072,-2.511124939756766],[-79.17668305315615,-2.509871199731159],[-79.17757727205353,-2.506876134502084],[-79.17851385257521,-2.501425746220229],[-79.17817477763309,-2.499501206258893],[-79.17761947209647,-2.498878311979825],[-79.17780895103424,-2.497742199630926],[-79.18123404091115,-2.492116868016139],[-79.17902842715156,-2.491954768984602],[-79.17819736144483,-2.491320955404824],[-79.17700028682006,-2.491247861310191],[-79.17564279304824,-2.489786780183756],[-79.17370094521158,-2.490518773073671],[-79.1706168251168,-2.490432839256306],[-79.16973570353238,-2.491523448146548],[-79.16620617649669,-2.490722593448793],[-79.16252265317341,-2.491237840674275],[-79.16203619543013,-2.490859607905819],[-79.1619567291593,-2.489635008970423],[-79.1586465685822,-2.487226290956929],[-79.158780609707,-2.485675465113655],[-79.15807173457398,-2.484735698654753],[-79.15682498554092,-2.48391762741563],[-79.15520285612978,-2.483961929493479],[-79.15405623346231,-2.482159989454197],[-79.15291942727508,-2.481247115170424],[-79.15234472876078,-2.481346326317683],[-79.15156239361436,-2.482220700840181]]]}},{"type":"Feature","properties":{"Pob_total":252.0},"geometry":{"type":"Polygon","coordinates":[[[-79.09621223829396,-2.441329987744894],[-79.09376139622339,-2.442743107080854],[-79.09236084620038,-2.442790419259063],[-79.09342703604405,-2.443522312501397],[-79.09243350424701,-2.443432293763389],[-79.09126933110646,-2.44398564817711],[-79.09106853646804,-2.44807401880899],[-79.09244091359066,-2.44993185732],[-79.09268187311335,-2.450987864419615],[-79.09088474256916,-2.454091608297809],[-79.09303624458519,-2.452516302454381],[-79.09475753644892,-2.449684857513094],[-79.09590979163315,-2.448665906163604],[-79.09630198305274,-2.447235636470417],[-79.09811941704427,-2.446334356508299],[-79.10005529875862,-2.444378652828679],[-79.1017445552074,-2.444097924520651],[-79.10243683106442,-2.443554924173206],[-79.10655467625146,-2.443126874107227],[-79.10955444624257,-2.441540474169117],[-79.11313330750247,-2.440883959810137],[-79.11351146379626,-2.439958927098152],[-79.11631180932942,-2.437484727102871],[-79.11846832436963,-2.43742941051975],[-79.11953869986512,-2.43702716545131],[-79.12016629879828,-2.436249501191017],[-79.12184681517903,-2.436890131702141],[-79.12370577872748,-2.435855114535013],[-79.12460486701745,-2.434240689951909],[-79.12433549768447,-2.43354822187677],[-79.12458088898603,-2.432861890941497],[-79.12680203285089,-2.432621460782067],[-79.1277533394309,-2.431466720921634],[-79.1275975901611,-2.428962335023409],[-79.12806533415242,-2.426364046758703],[-79.12761723967833,-2.424694040778234],[-79.12514285171417,-2.423575803766517],[-79.12424354917435,-2.421974895528999],[-79.12188011240052,-2.420852109073544],[-79.11981122593815,-2.420680793115968],[-79.11750724329048,-2.421102318896294],[-79.11646546548037,-2.421768554949538],[-79.11611438490607,-2.424054214347655],[-79.11491678782467,-2.425124416872555],[-79.11304368236746,-2.428434296794211],[-79.11240403260726,-2.431460392114409],[-79.11148794633313,-2.432210739007694],[-79.10763013756981,-2.432665835810103],[-79.10648902987394,-2.435342594230594],[-79.10209966184046,-2.438926028349374],[-79.09621223829396,-2.441329987744894]]]}},{"type":"Feature","properties":{"Pob_total":209.0},"geometry":{"type":"Polygon","coordinates":[[[-79.08865555123394,-2.402531858206113],[-79.08575613848588,-2.407650888963985],[-79.08740272557571,-2.408594277747433],[-79.08742709249246,-2.410571741007418],[-79.08712834952571,-2.413308203817756],[-79.08610920184363,-2.415241178516858],[-79.08630572126616,-2.41728478210283],[-79.08461673972884,-2.418172147637271],[-79.08517169021238,-2.419247758624887],[-79.08515654056649,-2.421822238086114],[-79.08771698560379,-2.426094001439869],[-79.08924125977501,-2.426275926305796],[-79.09185156022069,-2.425562470685998],[-79.09449501569459,-2.425372592418969],[-79.09723994530334,-2.426290331286222],[-79.09780033169675,-2.427344706139198],[-79.0996406639793,-2.428294631206348],[-79.10028109749129,-2.429067637834607],[-79.10119993963127,-2.429270384459716],[-79.10399042831506,-2.427391441319892],[-79.10575812548203,-2.425580685171976],[-79.10673004039991,-2.425439265102979],[-79.11153555801519,-2.422753463281744],[-79.11369474629713,-2.42243600561487],[-79.11520698865549,-2.421688232774036],[-79.11666385852341,-2.421714847290473],[-79.11834926192915,-2.420826701996555],[-79.12138868583963,-2.420748076587087],[-79.1230595707848,-2.421324387150478],[-79.12431663719596,-2.422040099939248],[-79.12514285171417,-2.423575803766517],[-79.12761723967833,-2.424694040778234],[-79.13016060748366,-2.421949411402888],[-79.13206811676442,-2.42180961860302],[-79.13272538247237,-2.42088929036147],[-79.13297315618918,-2.419376760682014],[-79.13355599672144,-2.419231165491262],[-79.13036380580776,-2.416635350786041],[-79.13011881170115,-2.415076663666497],[-79.1287325166838,-2.412687776716829],[-79.12760248866027,-2.412356544019182],[-79.1260870055293,-2.411218029412275],[-79.12465953743956,-2.40948917620127],[-79.12424659804643,-2.408008751358008],[-79.12448743822151,-2.405124597314369],[-79.12322041546994,-2.400398186252231],[-79.11924962310786,-2.397839034991798],[-79.11795221741669,-2.397446722645234],[-79.11618392255907,-2.397517810020789],[-79.11082695821561,-2.399043019636679],[-79.10849437475643,-2.400060085714963],[-79.10569008259606,-2.403526002662738],[-79.10249244361862,-2.404013164522516],[-79.10213478329176,-2.403747314679794],[-79.10136796469106,-2.402382424502393],[-79.09997328264012,-2.401099218826192],[-79.0989084306678,-2.398781960619991],[-79.0990074708384,-2.395945758026862],[-79.09834459445545,-2.394956806243858],[-79.09799913783024,-2.393192027017331],[-79.09657098999405,-2.392517497457578],[-79.09524659976712,-2.391052106825982],[-79.09463237876072,-2.388815772718488],[-79.09077035985496,-2.383561669427917],[-79.08893618544056,-2.386768803787724],[-79.08906626659838,-2.387674639551671],[-79.08942462677598,-2.388879543279048],[-79.09181904242553,-2.390988406062225],[-79.09220969462524,-2.392893576197657],[-79.09148117770565,-2.394640313761946],[-79.09134157574898,-2.397868693753341],[-79.08865555123394,-2.402531858206113]]]}},{"type":"Feature","properties":{"Pob_total":328.0},"geometry":{"type":"Polygon","coordinates":[[[-79.09088474256916,-2.454091608297809],[-79.08690205953441,-2.455254828113989],[-79.08544831206243,-2.455144724656026],[-79.08788161731425,-2.457547795313647],[-79.09342416956055,-2.460579731226765],[-79.10218050884906,-2.461361223243899],[-79.10184974689686,-2.459810208954427],[-79.10307729942525,-2.459502030500421],[-79.10386653332195,-2.458809796174168],[-79.10524959802271,-2.454789165233619],[-79.10247955245352,-2.443557220998485],[-79.1017445552074,-2.444097924520651],[-79.10005529875862,-2.444378652828679],[-79.09811941704427,-2.446334356508299],[-79.09638516455327,-2.447155640946168],[-79.09590979163315,-2.448665906163604],[-79.09475753644892,-2.449684857513094],[-79.09303624458519,-2.452516302454381],[-79.09088474256916,-2.454091608297809]]]}},{"type":"Feature","properties":{"Pob_total":312.0},"geometry":{"type":"Polygon","coordinates":[[[-79.04674973484141,-2.424462882679052],[-79.04612838224791,-2.424531232617112],[-79.05280199035329,-2.426073761321726],[-79.05579610039011,-2.428250101156958],[-79.0582751597806,-2.429267524326908],[-79.0603788485406,-2.431640699954037],[-79.06202436764045,-2.432740024044486],[-79.06559952689108,-2.433721037764417],[-79.06800167059878,-2.435344526292455],[-79.07364899478847,-2.441673278114814],[-79.07807201058408,-2.444480940041345],[-79.07998190676841,-2.446206191111555],[-79.08208023379147,-2.448981177007284],[-79.08471295673235,-2.4541752986467],[-79.085971216904,-2.455331532116882],[-79.09088474256916,-2.454091608297809],[-79.09247730308397,-2.451780566094565],[-79.09264703978813,-2.450448182628228],[-79.09106853646804,-2.44807401880899],[-79.09118978011959,-2.444295860682269],[-79.09228510439266,-2.443478468786096],[-79.09355999543855,-2.443447756467722],[-79.09199938670214,-2.442821260254135],[-79.0905204743712,-2.44115751683263],[-79.09471532852108,-2.437712224833395],[-79.09716764983219,-2.438250615145169],[-79.09827007152957,-2.437814618675724],[-79.09910577883156,-2.436472133154132],[-79.09948027830839,-2.434697960319749],[-79.10060284092006,-2.4341936288393],[-79.10078085420982,-2.4330326871516],[-79.1066248156726,-2.428238033866299],[-79.10673739532173,-2.427704160337022],[-79.10673004039991,-2.425439265102979],[-79.10555029320126,-2.425699027904521],[-79.10399042831506,-2.427391441319892],[-79.10112513610216,-2.42927561451343],[-79.09780033169675,-2.427344706139198],[-79.09723994530334,-2.426290331286222],[-79.09437943124476,-2.425354888805303],[-79.08924125977501,-2.426275926305796],[-79.08784419877419,-2.426053422311512],[-79.08443208107468,-2.427481233691239],[-79.08022037869395,-2.426837814448307],[-79.07906293240536,-2.425895262060108],[-79.07810459042018,-2.42617321384583],[-79.0743128822236,-2.425549184427692],[-79.07223585319599,-2.426148162335711],[-79.06930549887194,-2.42543700364783],[-79.06598592213442,-2.426158980132635],[-79.06453206681454,-2.42568509873519],[-79.05984968318627,-2.422558313597987],[-79.05584663885051,-2.421150554504183],[-79.05260823225431,-2.421898930630588],[-79.0497954145622,-2.42358691845023],[-79.04674973484141,-2.424462882679052]]]}},{"type":"Feature","properties":{"Pob_total":347.0},"geometry":{"type":"Polygon","coordinates":[[[-79.13690786663162,-2.389094942852065],[-79.13626674966913,-2.391193253528201],[-79.13297768849125,-2.395618598043368],[-79.13170247729033,-2.394278541481648],[-79.13108235202914,-2.391969558664462],[-79.1308570517111,-2.39286738720044],[-79.12974893677831,-2.393135891652373],[-79.12821436598685,-2.39518172249903],[-79.12608243477347,-2.395772113488377],[-79.12491481808816,-2.396742694491673],[-79.12322041546994,-2.400398186252231],[-79.12448743822151,-2.405124597314369],[-79.12429907014675,-2.408422417433052],[-79.12547084062926,-2.410626995467443],[-79.12760248866027,-2.412356544019182],[-79.1287325166838,-2.412687776716829],[-79.13011881170115,-2.415076663666497],[-79.13036380580776,-2.416635350786041],[-79.13244871524637,-2.418566302095186],[-79.13355599672144,-2.419231165491262],[-79.13663746699976,-2.418007802114506],[-79.14100259726631,-2.419132884138165],[-79.1431060917257,-2.420143944721046],[-79.1473865227455,-2.423451574985088],[-79.14819819702483,-2.42544886155688],[-79.14942515480813,-2.426105858087203],[-79.1523562097664,-2.426664379903884],[-79.15325721109349,-2.427472153059683],[-79.15415705005466,-2.42913686886004],[-79.15561094450142,-2.428760801658622],[-79.15656268137992,-2.429114967704631],[-79.15686081763965,-2.431005697434678],[-79.1582377290007,-2.431965351101217],[-79.15931452211258,-2.432496118455963],[-79.16157056711461,-2.431919511926316],[-79.16352492295158,-2.432073414382636],[-79.1638998795243,-2.432754445417749],[-79.16377185735394,-2.434770620614399],[-79.16434724881502,-2.435477131836939],[-79.17058231197171,-2.438837853060199],[-79.171206736268,-2.440350975988365],[-79.17283511258496,-2.440680859762367],[-79.17340996628843,-2.441790644540243],[-79.17326629877155,-2.443259741956194],[-79.17579868109138,-2.444198714965478],[-79.17805070783308,-2.444357241238641],[-79.17926742698504,-2.445220181926613],[-79.1797563529194,-2.445027151534588],[-79.18076563989256,-2.443918440247927],[-79.1803459105188,-2.441366518355213],[-79.1806911518215,-2.440159260204298],[-79.18509824167025,-2.433464652548063],[-79.18541602634679,-2.431270264703367],[-79.18864828289264,-2.423961049192556],[-79.18624029628683,-2.422642125789701],[-79.18544958077601,-2.420369845442623],[-79.18278436285885,-2.416711643826721],[-79.18073758100064,-2.414476213223087],[-79.1793719480164,-2.413661181521466],[-79.18340603907696,-2.401435687832389],[-79.18334764564328,-2.399911304477981],[-79.18224836237182,-2.397652733390844],[-79.18167668340743,-2.394733127484041],[-79.18035239191275,-2.39667525285236],[-79.17949482622424,-2.39689672754139],[-79.17800647502004,-2.394407708178074],[-79.17834787865435,-2.393419448299366],[-79.17666456769413,-2.389633096853352],[-79.17464183800026,-2.388396744138565],[-79.17329404805619,-2.388066352332327],[-79.17150192284947,-2.388655446809183],[-79.17045117668447,-2.38845077496435],[-79.16785972461571,-2.38899557836825],[-79.16593188358651,-2.390641457429043],[-79.16452701201638,-2.390380065797732],[-79.16428817191328,-2.39110395830255],[-79.16306574446415,-2.390612497231073],[-79.16289515766853,-2.39118700836711],[-79.15995889649064,-2.389883594865126],[-79.15784681585423,-2.390278095773895],[-79.15686554145405,-2.39090007723852],[-79.15627608401506,-2.39022110504223],[-79.15535882691404,-2.391373781550418],[-79.15404774994435,-2.38921983621991],[-79.15287882265554,-2.389667496150172],[-79.15174978116423,-2.390806591144879],[-79.15096392052943,-2.392519163097955],[-79.14792908987074,-2.39460351157097],[-79.14792555575667,-2.392596987022243],[-79.14631706256525,-2.390505860711764],[-79.14697725173768,-2.388321295240949],[-79.14532892090709,-2.384543431419334],[-79.14479855846503,-2.38090343273177],[-79.14349882763362,-2.381563227944497],[-79.14277890668137,-2.382779814557527],[-79.13690786663162,-2.389094942852065]]]}},{"type":"Feature","properties":{"Pob_total":160.0},"geometry":{"type":"Polygon","coordinates":[[[-79.18864828289264,-2.423961049192556],[-79.18541602634679,-2.431270264703367],[-79.18509824167025,-2.433464652548063],[-79.1806911518215,-2.440159260204298],[-79.1803459105188,-2.441366518355213],[-79.18076563989256,-2.443918440247927],[-79.17975292810692,-2.445029446389678],[-79.1813877599768,-2.446360838634319],[-79.18308343283995,-2.446546319269395],[-79.18373388244457,-2.447283065583958],[-79.18570174912162,-2.447290464438223],[-79.18941264256054,-2.449870561161864],[-79.19146940921594,-2.449704499207148],[-79.19281073031365,-2.450993848408971],[-79.19440452796795,-2.451798078340318],[-79.19555681719714,-2.453213814098617],[-79.19752914639965,-2.453427558726862],[-79.19865890124817,-2.456004155362133],[-79.20040073911653,-2.45596430141312],[-79.20191083509445,-2.456599559068834],[-79.20520663627131,-2.455780835481262],[-79.20669488050117,-2.457070383301728],[-79.20827010956368,-2.456080470365109],[-79.20911033518695,-2.456113063502279],[-79.21042253319911,-2.457304104618606],[-79.21396719990955,-2.457402291878924],[-79.21630373085885,-2.458059342044824],[-79.21876552706932,-2.457642275055177],[-79.22146044521331,-2.45652489389854],[-79.2235936959883,-2.458738597645878],[-79.22509797927071,-2.458989719815698],[-79.22647432385746,-2.460003570014409],[-79.22761942339554,-2.460300919307759],[-79.22963271788082,-2.459587413976018],[-79.23085357561823,-2.461130415407876],[-79.23187490356895,-2.461380888370093],[-79.2320909618321,-2.461879398213079],[-79.23356194001316,-2.461569969897658],[-79.23415123328282,-2.460761143346307],[-79.23562083939653,-2.461494864120985],[-79.23747862726911,-2.46132607048023],[-79.24138201529543,-2.462966052245605],[-79.24779318576199,-2.461028348554336],[-79.24912328885621,-2.461917571846106],[-79.25090391360247,-2.46157739102679],[-79.25154591397566,-2.461344614807418],[-79.25219331310072,-2.460157359136519],[-79.25435770090665,-2.461616318432612],[-79.25636786959475,-2.459780224455638],[-79.25879920455264,-2.460130171158094],[-79.26010158633723,-2.458708386358451],[-79.2614022200019,-2.458652381839431],[-79.26120158439403,-2.457728039849272],[-79.25983307039897,-2.456702330833008],[-79.25919800030181,-2.454245716998635],[-79.25757263879362,-2.452169339765105],[-79.25750537854927,-2.451691604844438],[-79.25831484092413,-2.450983509247509],[-79.2574322855517,-2.450373775799508],[-79.25559850109201,-2.44685831265025],[-79.25375204257263,-2.444731375101492],[-79.25207258185726,-2.444308790651661],[-79.25123719351026,-2.443593949857198],[-79.25060199166052,-2.442284166384788],[-79.25127026012933,-2.440906896961829],[-79.25113611369235,-2.440432982738846],[-79.24969802612165,-2.44002968551296],[-79.24896927350377,-2.439381630921594],[-79.24758241418682,-2.439486625434522],[-79.24438539629928,-2.438608474080147],[-79.24403262255406,-2.437487605641318],[-79.24143733181788,-2.435802166056662],[-79.24177181106928,-2.433569650983013],[-79.24099225754556,-2.430717426995804],[-79.23896789890065,-2.426804129890613],[-79.23743247176282,-2.425299578128598],[-79.23732721401218,-2.424313953359655],[-79.23671233345966,-2.423774021337199],[-79.23501546866963,-2.423354942949093],[-79.23440048037727,-2.422000794062978],[-79.23449930270924,-2.420742344232155],[-79.23320378383396,-2.420595885771941],[-79.23254910207085,-2.42003908243941],[-79.23281358141665,-2.418047567312405],[-79.23224624172622,-2.417318161054483],[-79.23094605271933,-2.416964072677291],[-79.22912521072683,-2.415241495185571],[-79.22899689996453,-2.413663632132605],[-79.22814274615924,-2.412814038630274],[-79.22842049714656,-2.411746897260914],[-79.22727263212458,-2.410755312252695],[-79.22653937485107,-2.409441438682872],[-79.22112735798183,-2.40688425200026],[-79.22065531407567,-2.404297681364425],[-79.22004322630792,-2.403558363623227],[-79.21145282555423,-2.400461071208087],[-79.20785263231944,-2.400294052470264],[-79.20590490078862,-2.404343075877194],[-79.20249501893413,-2.407264896793389],[-79.20128320088249,-2.410012993480553],[-79.1991739526352,-2.41127401282621],[-79.19530369734086,-2.41470202326906],[-79.19502440604833,-2.416099009989245],[-79.19387963153325,-2.417961990568986],[-79.1931853802319,-2.420819890986886],[-79.18864828289264,-2.423961049192556]]]}},{"type":"Feature","properties":{"Pob_total":168.0},"geometry":{"type":"Polygon","coordinates":[[[-79.10673004039991,-2.425439265102979],[-79.10665300039828,-2.4282039844926],[-79.10078085420982,-2.4330326871516],[-79.10058392262079,-2.43422127196201],[-79.09944964039288,-2.434749638020542],[-79.09910577883156,-2.436472133154132],[-79.09832534486628,-2.437761438018286],[-79.09716764983219,-2.438250615145169],[-79.09487892892123,-2.437660100987007],[-79.09334110828216,-2.438663442203357],[-79.09496448886473,-2.439266422099342],[-79.09579745845377,-2.440458001671048],[-79.09574572362665,-2.441417711081967],[-79.10209966184046,-2.438926028349374],[-79.10648902987394,-2.435342594230594],[-79.10763013756981,-2.432665835810103],[-79.11148794633313,-2.432210739007694],[-79.11240403260726,-2.431460392114409],[-79.11304368236746,-2.428434296794211],[-79.11491678782467,-2.425124416872555],[-79.11611438490607,-2.424054214347655],[-79.11646546548037,-2.421768554949538],[-79.11520698865549,-2.421688232774036],[-79.11369474629713,-2.42243600561487],[-79.11153555801519,-2.422753463281744],[-79.10673004039991,-2.425439265102979]]]}},{"type":"Feature","properties":{"Pob_total":55.0},"geometry":{"type":"Polygon","coordinates":[[[-79.02246253592008,-2.656291364643455],[-79.02139260739469,-2.656235855981705],[-79.0165880409206,-2.65377459801484],[-79.01531386065527,-2.652470201953871],[-79.01384955874413,-2.652547633192084],[-79.01284117285338,-2.653660385970514],[-79.01265141682865,-2.655548052969715],[-79.01326372681064,-2.657612780669632],[-79.01484727511908,-2.659588578242642],[-79.01449222448913,-2.661934926615431],[-79.01289402463091,-2.662373558406682],[-79.00820453401268,-2.66191760588528],[-79.0064204529243,-2.662380992588958],[-79.00590216633364,-2.663061656854802],[-79.00586330737477,-2.66506128470391],[-79.00525470697733,-2.666459109433364],[-79.0026318640606,-2.66727981078327],[-79.00174168674972,-2.666414723654533],[-79.00008776593022,-2.668179486129036],[-78.99699541760312,-2.670209732809043],[-78.99334624436084,-2.671252042421008],[-78.9926803240291,-2.671977730329666],[-78.99197266482022,-2.674062064467727],[-78.98893583458153,-2.676208575996564],[-78.9878710893692,-2.679050448936132],[-78.98741062034672,-2.679133593750102],[-78.98484863479966,-2.681906351246267],[-78.98333295323278,-2.682455009711585],[-78.98037062642585,-2.68482103191433],[-78.97780292104926,-2.685532847225981],[-78.9766621642104,-2.684928341828604],[-78.97588606584308,-2.685424781233407],[-78.97334654032304,-2.683930808571302],[-78.97014749139804,-2.684380802476652],[-78.96712809704337,-2.683568736119458],[-78.96301758293674,-2.683909347043028],[-78.96360907487784,-2.687021359603477],[-78.96637558876779,-2.689647592891043],[-78.96577381736309,-2.689656169179669],[-78.96686327891356,-2.691260931008133],[-78.96640650894605,-2.691825068468796],[-78.96692554600538,-2.692262362870083],[-78.96799754773366,-2.691760735967796],[-78.9683199661945,-2.692246524287324],[-78.96787549868309,-2.694176196493924],[-78.96885102190916,-2.696503082712721],[-78.9685261938367,-2.697037424065764],[-78.96909361512299,-2.698227854238639],[-78.96897441062369,-2.699519842415621],[-78.9694480126942,-2.700898991156704],[-78.96930595231062,-2.701442589207821],[-78.96822653158523,-2.701910926297403],[-78.96735000034336,-2.704175000430693],[-78.9678050002994,-2.703959999611124],[-78.96837333333157,-2.704306666306112],[-78.96952999985324,-2.703816666241349],[-78.9695483329289,-2.70462833344107],[-78.97052666648149,-2.705150000004705],[-78.97495424274472,-2.705772767610704],[-78.97917385743028,-2.710724921293453],[-78.98194729945493,-2.712729227151657],[-78.98255118715007,-2.715873843625169],[-78.98367531278939,-2.718595984981226],[-78.9851247634248,-2.719580245717463],[-78.9867389281787,-2.721766516406998],[-78.98749461942715,-2.723776777886669],[-78.9894002105671,-2.724920551230996],[-78.99063978881387,-2.726811666741278],[-79.0021194651275,-2.725819189127683],[-79.00249157187649,-2.725200215290038],[-79.00336544393218,-2.725246011309143],[-79.0035172366385,-2.724687221910674],[-79.00459475726744,-2.724633773640812],[-79.00506034625549,-2.723525152982924],[-79.0048443565502,-2.722716480595756],[-79.00539814672115,-2.722050225748052],[-79.0054142694182,-2.720638732532437],[-79.00415019962348,-2.719290214803692],[-79.00389828442643,-2.717744144019994],[-79.00548269657362,-2.716770380882734],[-79.00680240745533,-2.716512264220134],[-79.00808070304092,-2.715189065164135],[-79.00834873906648,-2.714360763131858],[-79.01016489099153,-2.71364026079342],[-79.01064692837298,-2.71225308320981],[-79.01013019864182,-2.711540389538364],[-79.00995974687746,-2.709873117476288],[-79.010475360603,-2.709452360874528],[-79.01206758967334,-2.705771628189982],[-79.01353884246586,-2.704376220515799],[-79.01370140341199,-2.702936793028877],[-79.01461945542987,-2.702518226658303],[-79.01453499599604,-2.700987709560578],[-79.01594545817301,-2.699646170579478],[-79.0165468833744,-2.697590195964156],[-79.01887983813441,-2.696746815535641],[-79.01907571029898,-2.696383747711276],[-79.01867870787362,-2.696019264000749],[-79.01975319892561,-2.695547962880448],[-79.01987206885207,-2.693149505909551],[-79.02128121243985,-2.692390230537858],[-79.02131411055227,-2.691562700451217],[-79.02188958774863,-2.690864814496837],[-79.02159093389264,-2.688498944257506],[-79.02379045125514,-2.687762464067536],[-79.02853337588391,-2.683998072201533],[-79.0312484110266,-2.68333835458894],[-79.03231500518785,-2.6825078777569],[-79.03258544510321,-2.681335517986563],[-79.033835384319,-2.679703606967785],[-79.03466880671903,-2.678948346482828],[-79.03565084460595,-2.679044408540304],[-79.03569945888843,-2.67816120563554],[-79.03719270635816,-2.677705912842578],[-79.03782866617144,-2.678544473863179],[-79.03846548212813,-2.678560958679928],[-79.03845743328569,-2.678195930909984],[-79.03971850403576,-2.67872292080381],[-79.04016210992616,-2.679584496967994],[-79.04115868054537,-2.679758254175907],[-79.04179391372942,-2.681002148609778],[-79.04599183963272,-2.684043118763324],[-79.04725934089932,-2.684040453659769],[-79.04863715189944,-2.685008046837749],[-79.0493750774176,-2.684717998135585],[-79.04948351186881,-2.685456523158478],[-79.0501670132012,-2.685633660284048],[-79.05004903196411,-2.686041434459526],[-79.05152707173708,-2.687253867804879],[-79.05344314817476,-2.687860292643966],[-79.05487053084819,-2.688930057730737],[-79.05568210565015,-2.688635412111134],[-79.05906994559186,-2.690685099336102],[-79.0597440081952,-2.690696211335164],[-79.06101354436987,-2.689868469286398],[-79.06266316954535,-2.690108355023412],[-79.06423917469873,-2.69096785781813],[-79.06579084614947,-2.691177206267853],[-79.06732657126206,-2.690837594225888],[-79.06826060857406,-2.691799423025457],[-79.06991282684847,-2.692457492452041],[-79.07058562289497,-2.693449828384848],[-79.07153437777392,-2.693521592731274],[-79.07209734510668,-2.694368266176655],[-79.07411925615754,-2.69516807036517],[-79.07398374926552,-2.697118914681951],[-79.07463624392102,-2.697360106349206],[-79.0758931902509,-2.699973231443776],[-79.07602474761217,-2.701395282661684],[-79.07694451688363,-2.701702748033898],[-79.07891982657756,-2.70439501174802],[-79.07995354334778,-2.708638596365467],[-79.07886626199522,-2.714069893350405],[-79.0774240988787,-2.714923951094235],[-79.07565220240416,-2.716863869139807],[-79.07583717120173,-2.720831938201322],[-79.07566125879394,-2.723522260035154],[-79.07522880943469,-2.724280815501662],[-79.07547556075495,-2.725687136997118],[-79.07513286811212,-2.727172445081329],[-79.07387849105744,-2.729307447197778],[-79.07484961754646,-2.730092995467533],[-79.07786282071625,-2.730256386262945],[-79.08327855190771,-2.728978965392519],[-79.08761642635339,-2.72721774887664],[-79.08754515811299,-2.72562474362407],[-79.08923374559014,-2.722928096841896],[-79.09375271733569,-2.718409664976307],[-79.09400411349641,-2.717672052898256],[-79.09503614705172,-2.717008561363557],[-79.09499806581549,-2.71611894206293],[-79.09318733913199,-2.71523990679429],[-79.09218501274415,-2.71393337403263],[-79.09077924124591,-2.710757311381798],[-79.0903166169889,-2.708222898131687],[-79.09076564614094,-2.705681659956832],[-79.09236137038154,-2.705823197023602],[-79.09548119149396,-2.700726352817144],[-79.09734050466726,-2.696720141854171],[-79.09768751610862,-2.693931299532572],[-79.09604748520621,-2.688291454613391],[-79.09433308325949,-2.684751649104792],[-79.09280389119847,-2.682701131937238],[-79.08941649025127,-2.682305724897931],[-79.08688978366345,-2.681423965981973],[-79.08568843695444,-2.680602795103745],[-79.0837460958989,-2.678148517217397],[-79.08257007019256,-2.673523760324063],[-79.0796336219193,-2.670053599317249],[-79.0804031567144,-2.668937529692995],[-79.08092605711624,-2.66524378560021],[-79.06124843691133,-2.657967215697765],[-79.06025092654735,-2.657212393353827],[-79.05859747726937,-2.653918776451882],[-79.05579240328207,-2.645781015857708],[-79.05464582189487,-2.637672790984717],[-79.04684839273314,-2.628854681349353],[-79.0441657703496,-2.622277475557336],[-79.03474212671013,-2.627185644526485],[-79.02951934674422,-2.637059175841744],[-79.0277502026795,-2.639360931787163],[-79.02581447075583,-2.645518262948642],[-79.02276144940869,-2.647728244053893],[-79.02222469912326,-2.648839337074106],[-79.02193574828426,-2.651116505797128],[-79.02236156784055,-2.652489163743516],[-79.0244265657456,-2.654823945340056],[-79.02360474060013,-2.65575517532697],[-79.02246253592008,-2.656291364643455]]]}},{"type":"Feature","properties":{"Pob_total":98.0},"geometry":{"type":"Polygon","coordinates":[[[-79.06588691287341,-2.930946702731557],[-79.0654582079884,-2.929215081401941],[-79.06372747273407,-2.929335456888421],[-79.06366083696871,-2.930673332057401],[-79.06285494621697,-2.930838182785917],[-79.06292546166011,-2.933154092916147],[-79.06338960528824,-2.93377702570801],[-79.06312192713345,-2.934471342170443],[-79.06591438712987,-2.935529964750087],[-79.06731040443327,-2.936529703349321],[-79.06751791728887,-2.936350221071182],[-79.06707381913427,-2.935832348160425],[-79.06760988574185,-2.934850158594218],[-79.06832208514315,-2.935413525584697],[-79.0703909269163,-2.935135096365626],[-79.07279367264107,-2.936757932277078],[-79.07326016452524,-2.937487966998296],[-79.07581687930089,-2.938222251331257],[-79.07887243755918,-2.937496493273594],[-79.07955490435695,-2.938046062656599],[-79.08172594843856,-2.936647045493207],[-79.08282606458013,-2.93646032573412],[-79.08561274836114,-2.937253125915423],[-79.08808333759791,-2.93729688674021],[-79.08943762869748,-2.937946796807667],[-79.09138579345539,-2.940323294684295],[-79.09233945554074,-2.94318436499581],[-79.0937294806374,-2.943240189122804],[-79.09450373161232,-2.944297802258152],[-79.09584202600172,-2.94457822947895],[-79.09632649824088,-2.945854703420722],[-79.09700672891661,-2.946407613536896],[-79.09766316693072,-2.946565979566454],[-79.09870050226662,-2.945915286452979],[-79.09996940131536,-2.946550671830369],[-79.10032923145613,-2.947719154744159],[-79.1002842825275,-2.949087947593607],[-79.09964785293705,-2.950546237125979],[-79.09989130692853,-2.951395066434482],[-79.10040307618699,-2.952177558285487],[-79.10171655336593,-2.951309407025944],[-79.10188194204063,-2.94895523410661],[-79.1012969897774,-2.946306730805354],[-79.09877541698985,-2.944323841364216],[-79.09832439736041,-2.943206743228521],[-79.0972047040542,-2.942465552172457],[-79.09680529247795,-2.940879806610173],[-79.09492693792727,-2.938267524108652],[-79.09381417735847,-2.9381754178466],[-79.09311549166536,-2.939392041551769],[-79.08281513403736,-2.93357196445901],[-79.07806324439986,-2.934376791900517],[-79.07551374669356,-2.935942267912485],[-79.0748487351106,-2.935811186740879],[-79.07179926745374,-2.932460511099638],[-79.07132297488994,-2.930993911271052],[-79.07037942662917,-2.930349945325621],[-79.06968016610314,-2.929057107387984],[-79.06941059926366,-2.927398094078933],[-79.06946626550148,-2.927925148912589],[-79.06795004225478,-2.929691020801334],[-79.06698468016273,-2.930599862017238],[-79.06588691287341,-2.930946702731557]]]}},{"type":"Feature","properties":{"Pob_total":117.0},"geometry":{"type":"Polygon","coordinates":[[[-79.1936672427045,-2.931683093704288],[-79.19264171092019,-2.931190740573741],[-79.19156712965629,-2.932336698747593],[-79.18985617011398,-2.932171814875028],[-79.18891903952225,-2.933400125095237],[-79.18618845391372,-2.933626948539775],[-79.18397517415407,-2.935676659424502],[-79.18186185427507,-2.935731564865506],[-79.17909157803396,-2.940553402498026],[-79.17747701174595,-2.940602627056568],[-79.17720825254585,-2.941948726629229],[-79.1760558373575,-2.943351729924137],[-79.17558066685304,-2.944714779084214],[-79.17288700788538,-2.946020137520236],[-79.17140773404923,-2.946156026107252],[-79.16944441715589,-2.947817041954863],[-79.16915381976061,-2.94936194144814],[-79.1682483374769,-2.94961980819237],[-79.16758288287971,-2.950334120414289],[-79.16637817641838,-2.95083788581747],[-79.16467667433956,-2.950149911638979],[-79.16374803735685,-2.950838578564011],[-79.16789534295488,-2.956717491654388],[-79.1677740865209,-2.957441674048204],[-79.16969170682333,-2.958749031528836],[-79.17187603573439,-2.961739887285308],[-79.17182957847524,-2.962208658182577],[-79.17345280432049,-2.96304216084933],[-79.17348608483591,-2.963809190905825],[-79.17520096361686,-2.966346068821339],[-79.17640827725963,-2.969452414046809],[-79.17663804284506,-2.97155822682691],[-79.17563536581679,-2.974141785347316],[-79.17463709752249,-2.975405882450206],[-79.17551384730899,-2.97671938910421],[-79.17532753555858,-2.978823878093278],[-79.17473917321006,-2.979402878290228],[-79.17553439594826,-2.985090720335324],[-79.1753695266411,-2.990381892202687],[-79.17628676628759,-2.990889204508003],[-79.1769124284999,-2.992021451970061],[-79.17860065049592,-2.99218920099813],[-79.17944228353078,-2.993476343835551],[-79.18159334423281,-2.993926261265509],[-79.18401490468628,-2.995446707383416],[-79.18521126201878,-2.995490473228847],[-79.18570183639027,-2.994984911974779],[-79.18911994867354,-2.996200649718741],[-79.19190662976216,-2.999302679433332],[-79.1971938314242,-3.001169941890735],[-79.19988452589045,-3.005896371176835],[-79.20283487703288,-3.005808202540955],[-79.20406847574057,-3.007295747657062],[-79.20633850772683,-3.008462097106606],[-79.20793163664662,-3.010110470349113],[-79.20882541067122,-3.010452938708137],[-79.21165749457212,-3.01042912224681],[-79.21404345353686,-3.009738034675343],[-79.21501661546355,-3.008721710069838],[-79.21644348517783,-3.008357195140985],[-79.22008150258242,-3.004273183024141],[-79.22346471068143,-3.003279160567388],[-79.22749639247239,-3.00377880547974],[-79.23035088136483,-3.005265001364096],[-79.22942527440834,-3.007491800920803],[-79.23027816033088,-3.008546387764934],[-79.2306518025861,-3.010665962413635],[-79.23168258897213,-3.011452001385005],[-79.23189777453557,-3.014166145802863],[-79.23166183181594,-3.015455064129108],[-79.2309203333127,-3.016272848281166],[-79.23073491948999,-3.018019044612082],[-79.22968194089334,-3.019218731693933],[-79.22972605017515,-3.019697883656904],[-79.22866252542369,-3.020131819409727],[-79.22877703383585,-3.020462424854591],[-79.22811667162563,-3.020885172970067],[-79.22681615105049,-3.020976000791975],[-79.22566024213944,-3.022245319650422],[-79.22244193435199,-3.022065575952572],[-79.22151051509087,-3.023296512596686],[-79.21990157312351,-3.023432107103575],[-79.21875243634702,-3.022086755615219],[-79.2173919986352,-3.021970228296409],[-79.21958471161027,-3.02455553226714],[-79.2203840877363,-3.030632327135575],[-79.22174341210385,-3.034924420494026],[-79.22264432315954,-3.036743278457301],[-79.22573877881909,-3.040499337447663],[-79.22771335190174,-3.047761551637078],[-79.23178893391571,-3.055724566952204],[-79.23279312759554,-3.058663632411146],[-79.23553815927188,-3.062604843762739],[-79.24179862860811,-3.05770887979492],[-79.24808786515314,-3.052074715515327],[-79.25220359788192,-3.050257374019849],[-79.25478716133287,-3.050948816206021],[-79.25917969006156,-3.053568509487014],[-79.26270042228253,-3.057709143634035],[-79.26665725564236,-3.06006461915446],[-79.26974122336382,-3.062463223069096],[-79.27370454348245,-3.06721247896645],[-79.2763035326478,-3.071770075904716],[-79.27860441260493,-3.072385888322037],[-79.2819826990608,-3.072570486662929],[-79.28914151754883,-3.072134148285288],[-79.29221652710724,-3.071571764142169],[-79.29862098214215,-3.069238131702209],[-79.30458846363456,-3.066172215110703],[-79.3076272125539,-3.065072258522283],[-79.31271519347524,-3.064094976989688],[-79.31652139449659,-3.061309193341571],[-79.31900780333034,-3.062029730600946],[-79.32082007900632,-3.061733981573037],[-79.33040510261566,-3.052970461543695],[-79.33126171331476,-3.051225042236105],[-79.33239942469473,-3.045359494710219],[-79.33315878606585,-3.044076731623135],[-79.33535782212932,-3.043363514456829],[-79.34033144600292,-3.039414853489458],[-79.35022202636212,-3.044371808887542],[-79.35243443283643,-3.044629026551528],[-79.35396494061848,-3.044064007197577],[-79.35519506177177,-3.040826160031966],[-79.35768816314939,-3.037127396345929],[-79.3609395952549,-3.028695490374704],[-79.36531469896568,-3.023792097251395],[-79.36435599279561,-3.021012958297109],[-79.36290678597517,-3.019635959040889],[-79.35383980742338,-3.016535224438616],[-79.35231180971579,-3.015900835600807],[-79.35089893034582,-3.014735095727453],[-79.35104312412835,-3.013873387235076],[-79.35453935410905,-3.012183601349891],[-79.35769392779942,-3.009631370016752],[-79.35890544326617,-3.006889406680564],[-79.35900353263932,-3.003413149486013],[-79.35727519929605,-3.002105113653966],[-79.35588855135278,-3.001878547047814],[-79.3450671338538,-2.996871022764074],[-79.34235582645138,-2.994069867727836],[-79.33789209985704,-2.987807428791929],[-79.33505962115005,-2.982502158949362],[-79.33457188091424,-2.979785738189298],[-79.33489654134303,-2.977819713136162],[-79.33366716488187,-2.975464543134251],[-79.33354481177697,-2.973649978244474],[-79.3356567638769,-2.971317838998183],[-79.33703592271758,-2.969110332150688],[-79.3376079536403,-2.966184371034533],[-79.33275587899244,-2.963552932417703],[-79.32797709599234,-2.961857011973304],[-79.32549715990879,-2.960345885033561],[-79.32330166480128,-2.958014486139246],[-79.32186546304499,-2.954821691515434],[-79.32180615853522,-2.944378832752613],[-79.32070520695366,-2.939779705180767],[-79.31954156979245,-2.938119827198677],[-79.31658746698979,-2.936247882799867],[-79.31499130131941,-2.93420215696347],[-79.3139454710002,-2.931755270109119],[-79.3128460537425,-2.926151217467062],[-79.30998161135231,-2.925627697068842],[-79.30689328548424,-2.92440875893278],[-79.3039488202452,-2.921707815763326],[-79.30211653759505,-2.916069155984204],[-79.30126929156118,-2.908941393403812],[-79.29936811961234,-2.90482677608495],[-79.29665688151422,-2.902126192199384],[-79.29419294634806,-2.901167788601178],[-79.29131200783324,-2.902506148359185],[-79.28449496659239,-2.910660572188823],[-79.27895169163301,-2.913641675503278],[-79.27553329597957,-2.921399204369952],[-79.27094764560603,-2.92871681376442],[-79.26803345105075,-2.931276846171818],[-79.26299596148324,-2.935012387332984],[-79.25863875813518,-2.934044333382106],[-79.25628722403613,-2.93520373703216],[-79.25534219118894,-2.935036232802282],[-79.25378892605019,-2.93750790482876],[-79.25066849035527,-2.9385939250337],[-79.2477869227434,-2.942690642401488],[-79.24703556128381,-2.94273693156503],[-79.24629134393433,-2.943910772066614],[-79.2442496314216,-2.945590761173631],[-79.24286014079794,-2.948270003524947],[-79.24302951218381,-2.950386000372805],[-79.24269888716884,-2.951013855083853],[-79.23932087358834,-2.952579844060153],[-79.23935443546026,-2.953371677426487],[-79.23794657487274,-2.955075343279264],[-79.23595250199622,-2.954157672075801],[-79.23574098987201,-2.953267168902108],[-79.23441602319853,-2.952619684169251],[-79.23423133558461,-2.951319170920321],[-79.23259383063767,-2.950478891948147],[-79.23166083554922,-2.948677541888243],[-79.23169182869098,-2.947295481632622],[-79.23024747667313,-2.946164222341087],[-79.22990660394863,-2.944872234899252],[-79.2263837526878,-2.940154400276398],[-79.22463126724939,-2.941036109149982],[-79.22370093851977,-2.941019078593125],[-79.22303316578045,-2.942046640027449],[-79.22092540324508,-2.941862405893667],[-79.22032096795135,-2.941056054862532],[-79.21842260531076,-2.939989059641999],[-79.21695544958826,-2.938190848362884],[-79.21628353527773,-2.935629509360907],[-79.21472429537519,-2.935184755956447],[-79.21299509994157,-2.935567713847317],[-79.21260028397172,-2.934627471355822],[-79.2114890276422,-2.934389723876969],[-79.21127915956106,-2.933801601860005],[-79.21039707359995,-2.933503466386193],[-79.20968608608537,-2.932544348087953],[-79.20889587568733,-2.932798819729078],[-79.20810141294353,-2.932192801893382],[-79.20599934033736,-2.931988780594059],[-79.203951712342,-2.932895412643847],[-79.20312279158738,-2.93274995571278],[-79.20233573248474,-2.933671333313594],[-79.19816343588401,-2.932689662501937],[-79.1945978258778,-2.932854851323795],[-79.1936672427045,-2.931683093704288]]]}},{"type":"Feature","properties":{"Pob_total":140.0},"geometry":{"type":"Polygon","coordinates":[[[-79.08541338881902,-2.954354471856136],[-79.08138257238784,-2.959401166203124],[-79.07339470167861,-2.96159807353646],[-79.07091557588717,-2.963924281783236],[-79.06942202590304,-2.964753699370063],[-79.06780900639959,-2.964720945751663],[-79.06636114884945,-2.965183971145897],[-79.06721558973622,-2.966290743190434],[-79.06835542884076,-2.966653330271565],[-79.07059708546366,-2.966694509191397],[-79.07129851514571,-2.966317245668092],[-79.07211758149006,-2.966978914881953],[-79.0731146283537,-2.966706148287345],[-79.07614314873659,-2.96767792686963],[-79.07852271287297,-2.967757398987291],[-79.079842597464,-2.968912994499096],[-79.08055757931434,-2.968572879421088],[-79.08214883518264,-2.970735704364131],[-79.08297192357917,-2.970062792326095],[-79.08398366173662,-2.970297926450254],[-79.08438411390034,-2.969847882951943],[-79.0847269509558,-2.970057076614824],[-79.08626070249369,-2.969600324255508],[-79.0877006809338,-2.971899118367493],[-79.08871412752598,-2.972556058987639],[-79.0884558615282,-2.973896981824631],[-79.09006201157214,-2.974125732666683],[-79.09129281203273,-2.975427471306153],[-79.0919469087683,-2.975279414918319],[-79.09240823703298,-2.976565168770594],[-79.0932205437176,-2.976988479459295],[-79.09353109100215,-2.977672772142313],[-79.09433894100923,-2.977759168854845],[-79.09516360822391,-2.978684871284657],[-79.09642097570725,-2.978661553901674],[-79.09844137383045,-2.97948001194708],[-79.09904043042084,-2.980382899423974],[-79.10139872005308,-2.981314332107302],[-79.1047009774006,-2.98420915413033],[-79.10651075069009,-2.984928774889747],[-79.10714315930431,-2.986004424458777],[-79.10907115273567,-2.986440961150184],[-79.11010122412921,-2.987967772930352],[-79.11246902093541,-2.988145649550128],[-79.11312135464759,-2.989355518664954],[-79.11770162006167,-2.988613821031264],[-79.11992474422969,-2.989515887838186],[-79.11990298022369,-2.990572149078168],[-79.12033620887468,-2.990790537755282],[-79.12264017180318,-2.990120226173387],[-79.12335325846024,-2.989141464448267],[-79.12462021605565,-2.990323092950241],[-79.12680773150633,-2.991177528173439],[-79.12792190578344,-2.990969388226548],[-79.12883773398399,-2.99157379679054],[-79.1298883629473,-2.990968956827866],[-79.13387108025462,-2.990933355797024],[-79.13572108218341,-2.991458970473667],[-79.1370480104692,-2.991173600855103],[-79.14042155714567,-2.99307088648487],[-79.14201321055576,-2.992557736453923],[-79.14630102976388,-2.99617007162276],[-79.14890892692794,-2.995720216714016],[-79.14892394456251,-2.996311243133837],[-79.15006306200999,-2.997702609350438],[-79.15142219819191,-2.997099534700872],[-79.15329239279527,-2.997619648671868],[-79.15438623300575,-2.998930279907204],[-79.15764891281174,-2.99994094063651],[-79.15967821106572,-3.002140295598846],[-79.16312548129126,-3.003201264713202],[-79.16723826797211,-3.006885179271675],[-79.16925968994407,-3.007462051026274],[-79.17060650461369,-3.007355809675684],[-79.17160225584679,-3.008176542054997],[-79.18169222459596,-3.012394122415888],[-79.18392792792125,-3.0139480089143],[-79.18400445221788,-3.015859886319045],[-79.18630634683106,-3.019379983104548],[-79.18887940574444,-3.020585578465086],[-79.18901729726838,-3.021125733922271],[-79.19105028459323,-3.022521672965141],[-79.19243499815087,-3.02285213829216],[-79.19347640315583,-3.022520573209667],[-79.19521962803445,-3.023569787423569],[-79.19563710616684,-3.023274976428219],[-79.19649436216672,-3.023507261303102],[-79.19779061495599,-3.024467926639257],[-79.19995164688915,-3.024592966917134],[-79.20140776238678,-3.0237376179052],[-79.20432291225467,-3.023205065023403],[-79.20556875418937,-3.02195148702764],[-79.20761085825168,-3.021047995032566],[-79.20805785173748,-3.021128851980623],[-79.20804646792438,-3.021818689164572],[-79.20960457176041,-3.022944985789008],[-79.21346332120586,-3.020857865331879],[-79.21486149655175,-3.020659406050366],[-79.2173919986352,-3.021970228296409],[-79.21875243634702,-3.022086755615219],[-79.22023888204878,-3.023483661891433],[-79.22151051509087,-3.023296512596686],[-79.22244193435199,-3.022065575952572],[-79.22598017638484,-3.022085518405898],[-79.22681615105049,-3.020976000791975],[-79.22811667162563,-3.020885172970067],[-79.22877703383585,-3.020462424854591],[-79.22866252542369,-3.020131819409727],[-79.22972605017515,-3.019697883656904],[-79.22968194089334,-3.019218731693933],[-79.23073491948999,-3.018019044612082],[-79.2309203333127,-3.016272848281166],[-79.23166183181594,-3.015455064129108],[-79.231867446458,-3.014398583603572],[-79.23185764146685,-3.011944207899386],[-79.2306518025861,-3.010665962413635],[-79.23027816033088,-3.008546387764934],[-79.22943892550585,-3.007561089656116],[-79.23035088136483,-3.005265001364096],[-79.22771985294047,-3.003869596169656],[-79.22346471068143,-3.003279160567388],[-79.22008150258242,-3.004273183024141],[-79.21644348517783,-3.008357195140985],[-79.21501661546355,-3.008721710069838],[-79.21404345353686,-3.009738034675343],[-79.21165749457212,-3.01042912224681],[-79.20882541067122,-3.010452938708137],[-79.20793163664662,-3.010110470349113],[-79.20633850772683,-3.008462097106606],[-79.20406847574057,-3.007295747657062],[-79.20283487703288,-3.005808202540955],[-79.19988452589045,-3.005896371176835],[-79.1971938314242,-3.001169941890735],[-79.19190662976216,-2.999302679433332],[-79.18911994867354,-2.996200649718741],[-79.18570183639027,-2.994984911974779],[-79.18521126201878,-2.995490473228847],[-79.18411934881173,-2.995489923729458],[-79.18159334423281,-2.993926261265509],[-79.17944228353078,-2.993476343835551],[-79.17860065049592,-2.99218920099813],[-79.1769124284999,-2.992021451970061],[-79.17567740438503,-2.990453068080581],[-79.17448498759397,-2.990536165958011],[-79.17234611242019,-2.988601773863003],[-79.17217717242059,-2.987911287719641],[-79.17115964465314,-2.987536588927477],[-79.17137024837915,-2.985602867979629],[-79.17096999616929,-2.984465303014224],[-79.16969105140005,-2.982923523485025],[-79.16860811666565,-2.982346801314437],[-79.1666176419074,-2.979395668735308],[-79.16430466838602,-2.97844371242148],[-79.1628968095158,-2.978721126630265],[-79.16070831178254,-2.978480823871672],[-79.15596445831724,-2.976269257107873],[-79.15455555367974,-2.974204074083389],[-79.15125737446941,-2.971758926603521],[-79.15010523481898,-2.97025054959869],[-79.14788835964615,-2.969950505298641],[-79.14744757335718,-2.969297998463861],[-79.14539003918341,-2.969559833375046],[-79.14312517056483,-2.968651792722476],[-79.14169602096362,-2.968822902981055],[-79.13980479641222,-2.967412741265021],[-79.13866189521038,-2.968193594390963],[-79.13788700072561,-2.967858898548749],[-79.13711393392295,-2.968529155746077],[-79.13505024122523,-2.966729612546817],[-79.13110253696412,-2.965995663074106],[-79.12979883123467,-2.966399354770176],[-79.12930410345957,-2.964992549484057],[-79.12905858682532,-2.965787119945409],[-79.12852293618268,-2.965827803930996],[-79.1268535997143,-2.964110577498977],[-79.12626339866692,-2.96294964873879],[-79.12434245473757,-2.962711379428126],[-79.12431221579881,-2.96427389989416],[-79.12316655742312,-2.963649761347878],[-79.1223866055541,-2.964136889850046],[-79.12185457794986,-2.961760799388744],[-79.12063661870849,-2.962682468604154],[-79.11945365467633,-2.96178401887572],[-79.11815479157877,-2.962148372002087],[-79.11780742689949,-2.960777811344649],[-79.11640065985644,-2.961344431156226],[-79.11580304402081,-2.960108985363009],[-79.11446230808927,-2.959441832241462],[-79.11146394068261,-2.95601166521752],[-79.10974262476897,-2.955384189455329],[-79.10882304411042,-2.954415569223134],[-79.10900176083992,-2.953822625709419],[-79.10815388203838,-2.953798209849389],[-79.10767342088545,-2.953332446549318],[-79.10767257504014,-2.953938714610593],[-79.1082998732396,-2.954262044506898],[-79.10820062168625,-2.955356325539956],[-79.10745912142886,-2.955606969490467],[-79.10782847600947,-2.956359356852868],[-79.10441892525769,-2.956925788060736],[-79.10288329092846,-2.956061538754096],[-79.10224107559989,-2.954725834794979],[-79.10137021695418,-2.954041579207067],[-79.09965322998227,-2.950512502182287],[-79.09618044740856,-2.950565149848521],[-79.09396296050615,-2.951592665883287],[-79.09277330017082,-2.953648027383022],[-79.09170786540348,-2.954368554464824],[-79.08788988193278,-2.954868853997076],[-79.08590340824377,-2.954123709282063],[-79.08541338881902,-2.954354471856136]]]}},{"type":"Feature","properties":{"Pob_total":213.0},"geometry":{"type":"Polygon","coordinates":[[[-79.06134898938596,-2.926188352586252],[-79.06082864525933,-2.926574172725299],[-79.05997997939367,-2.926343955839693],[-79.05940667407174,-2.927255429321603],[-79.06114597434383,-2.93110959160465],[-79.06086414395728,-2.932834005659853],[-79.0596081684025,-2.933600917080987],[-79.05526153646593,-2.934532462826547],[-79.05361333052169,-2.936089415516588],[-79.0550285079998,-2.937259051152994],[-79.05654711349322,-2.939595026765485],[-79.05887266270103,-2.940228848850036],[-79.05937156834803,-2.940825575104403],[-79.0606188803183,-2.94096120810804],[-79.06194786223212,-2.942603077736229],[-79.06313632102716,-2.943336542821502],[-79.06475572085543,-2.943664509505554],[-79.06652861833791,-2.945988545126407],[-79.06920510708207,-2.946942599725382],[-79.07090572098942,-2.950671165060355],[-79.07081796991788,-2.951909294622412],[-79.07149123598248,-2.952733637860518],[-79.07440492369732,-2.953834494392767],[-79.07590439486275,-2.953839182178681],[-79.0778436143832,-2.955485553915074],[-79.07948373782044,-2.956177304790628],[-79.08116760819253,-2.956325079328795],[-79.08386417830677,-2.955617070465559],[-79.08493567379531,-2.954352604426238],[-79.08590340824377,-2.954123709282063],[-79.08788988193278,-2.954868853997076],[-79.09170786540348,-2.954368554464824],[-79.09277330017082,-2.953648027383022],[-79.09396296050615,-2.951592665883287],[-79.09618044740856,-2.950565149848521],[-79.09965322998227,-2.950512502182287],[-79.09998293359408,-2.950133681970705],[-79.10032923145613,-2.947719154744159],[-79.09996940131536,-2.946550671830369],[-79.09870050226662,-2.945915286452979],[-79.09766316693072,-2.946565979566454],[-79.09700672891661,-2.946407613536896],[-79.09632649824088,-2.945854703420722],[-79.09584202600172,-2.94457822947895],[-79.09450373161232,-2.944297802258152],[-79.0937294806374,-2.943240189122804],[-79.09233945554074,-2.94318436499581],[-79.09138579345539,-2.940323294684295],[-79.08943762869748,-2.937946796807667],[-79.08808333759791,-2.93729688674021],[-79.08561274836114,-2.937253125915423],[-79.08282606458013,-2.93646032573412],[-79.08172594843856,-2.936647045493207],[-79.07955490435695,-2.938046062656599],[-79.07887243755918,-2.937496493273594],[-79.07581687930089,-2.938222251331257],[-79.07326016452524,-2.937487966998296],[-79.07279367264107,-2.936757932277078],[-79.0703909269163,-2.935135096365626],[-79.06832208514315,-2.935413525584697],[-79.06760988574185,-2.934850158594218],[-79.06707381913427,-2.935832348160425],[-79.06751791728887,-2.936350221071182],[-79.06731040443327,-2.936529703349321],[-79.06591438712987,-2.935529964750087],[-79.06318170253847,-2.934509232313373],[-79.06338960528824,-2.93377702570801],[-79.06292546166011,-2.933154092916147],[-79.06285494621697,-2.930838182785917],[-79.06366083696871,-2.930673332057401],[-79.06396390204725,-2.927063249038894],[-79.06334152194627,-2.925344908188579],[-79.06134898938596,-2.926188352586252]]]}},{"type":"Feature","properties":{"Pob_total":201.0},"geometry":{"type":"Polygon","coordinates":[[[-79.08120895753937,-2.92796329500643],[-79.08186578357734,-2.930051840154276],[-79.08183135890188,-2.932154660562497],[-79.08273097002808,-2.933522894115629],[-79.09311549166536,-2.939392041551769],[-79.09381417735847,-2.9381754178466],[-79.09492693792727,-2.938267524108652],[-79.09588273626845,-2.939875108306783],[-79.09619422063177,-2.939983581091124],[-79.09554745905719,-2.937592787821507],[-79.09229226577867,-2.935006543318792],[-79.09240056866881,-2.9303185565657],[-79.09145101853474,-2.929008017935678],[-79.09208209385574,-2.927760872467563],[-79.09110035928964,-2.928747461384399],[-79.09160959121539,-2.930006431460334],[-79.09099310260345,-2.929896873751831],[-79.08967229028647,-2.928385961411307],[-79.09078231150288,-2.926912664346999],[-79.08828013356042,-2.92811485168486],[-79.08727066659159,-2.92788282476649],[-79.08370369402137,-2.924136725502411],[-79.08077698352541,-2.924965722850666],[-79.08120895753937,-2.92796329500643]]]}},{"type":"Feature","properties":{"Pob_total":162.0},"geometry":{"type":"Polygon","coordinates":[[[-79.09210516204172,-2.92716556863243],[-79.09212303805678,-2.928082454437824],[-79.09145101853474,-2.929008017935678],[-79.09240056866881,-2.9303185565657],[-79.09229226577867,-2.935006543318792],[-79.09554745905719,-2.937592787821507],[-79.0972047040542,-2.942465552172457],[-79.09832439736041,-2.943206743228521],[-79.09877541698985,-2.944323841364216],[-79.1005201710599,-2.945378775728525],[-79.10137372113198,-2.946456597620378],[-79.10188194204063,-2.94895523410661],[-79.10171655336593,-2.951309407025944],[-79.10040307618699,-2.952177558285487],[-79.10288329092846,-2.956061538754096],[-79.10441892525769,-2.956925788060736],[-79.10782847600947,-2.956359356852868],[-79.10745912142886,-2.955606969490467],[-79.10820062168625,-2.955356325539956],[-79.1082998732396,-2.954262044506898],[-79.10767257504014,-2.953938714610593],[-79.10767342088545,-2.953332446549318],[-79.10815388203838,-2.953798209849389],[-79.10900176083992,-2.953822625709419],[-79.10882304411042,-2.954415569223134],[-79.10974262476897,-2.955384189455329],[-79.11146394068261,-2.95601166521752],[-79.11300373300058,-2.957404513107395],[-79.11446230808927,-2.959441832241462],[-79.11580304402081,-2.960108985363009],[-79.11640065985644,-2.961344431156226],[-79.11780742689949,-2.960777811344649],[-79.11815479157877,-2.962148372002087],[-79.11945365467633,-2.96178401887572],[-79.12063661870849,-2.962682468604154],[-79.12185457794986,-2.961760799388744],[-79.1223866055541,-2.964136889850046],[-79.12316655742312,-2.963649761347878],[-79.12431221579881,-2.96427389989416],[-79.12434245473757,-2.962711379428126],[-79.12626339866692,-2.96294964873879],[-79.1268535997143,-2.964110577498977],[-79.12852293618268,-2.965827803930996],[-79.12905858682532,-2.965787119945409],[-79.12930410345957,-2.964992549484057],[-79.12979883123467,-2.966399354770176],[-79.13110253696412,-2.965995663074106],[-79.13505024122523,-2.966729612546817],[-79.13711393392295,-2.968529155746077],[-79.13788700072561,-2.967858898548749],[-79.13866189521038,-2.968193594390963],[-79.13980479641222,-2.967412741265021],[-79.14169602096362,-2.968822902981055],[-79.14312517056483,-2.968651792722476],[-79.14539003918341,-2.969559833375046],[-79.14744757335718,-2.969297998463861],[-79.14788835964615,-2.969950505298641],[-79.15010523481898,-2.97025054959869],[-79.15125737446941,-2.971758926603521],[-79.15455555367974,-2.974204074083389],[-79.15596445831724,-2.976269257107873],[-79.16070831178254,-2.978480823871672],[-79.1628968095158,-2.978721126630265],[-79.16430466838602,-2.97844371242148],[-79.1666176419074,-2.979395668735308],[-79.16860811666565,-2.982346801314437],[-79.16969105140005,-2.982923523485025],[-79.17096999616929,-2.984465303014224],[-79.17137024837915,-2.985602867979629],[-79.17115964465314,-2.987536588927477],[-79.17217717242059,-2.987911287719641],[-79.17234611242019,-2.988601773863003],[-79.17448498759397,-2.990536165958011],[-79.1753695266411,-2.990381892202687],[-79.17553439594826,-2.985090720335324],[-79.17473917321006,-2.979402878290228],[-79.17532753555858,-2.978823878093278],[-79.17551384730899,-2.97671938910421],[-79.17463709752249,-2.975405882450206],[-79.17563536581679,-2.974141785347316],[-79.17663804284506,-2.97155822682691],[-79.17640827725963,-2.969452414046809],[-79.17520096361686,-2.966346068821339],[-79.17348608483591,-2.963809190905825],[-79.17345280432049,-2.96304216084933],[-79.17182957847524,-2.962208658182577],[-79.17187603573439,-2.961739887285308],[-79.16969170682333,-2.958749031528836],[-79.1677740865209,-2.957441674048204],[-79.16789534295488,-2.956717491654388],[-79.16374803735685,-2.950838578564011],[-79.16137815163967,-2.949984289231203],[-79.1598359146502,-2.950270020900908],[-79.15840269979519,-2.949947748987558],[-79.1551583193491,-2.95101850990289],[-79.15311447443429,-2.950588584805431],[-79.15203966756447,-2.949692294077745],[-79.1514360597855,-2.947708781831735],[-79.14967984858383,-2.945559454701182],[-79.14832821534888,-2.945796124675129],[-79.1443770501029,-2.943165276379145],[-79.14344298699096,-2.941493204239362],[-79.14328052994365,-2.939970518180487],[-79.1421397312235,-2.939798795050579],[-79.14135361185421,-2.937739951516637],[-79.13824557140377,-2.934790633016052],[-79.13483630846632,-2.934664473821992],[-79.13394450505257,-2.933574980915393],[-79.13264485778059,-2.933270690309503],[-79.13121884960059,-2.932186224961793],[-79.12853150613506,-2.932566755268826],[-79.12708931764386,-2.931768574804388],[-79.12581193198848,-2.932254146740852],[-79.12528287723657,-2.932703460539392],[-79.12488191648096,-2.934069192024133],[-79.12277842737322,-2.93647067840424],[-79.12109277940911,-2.936807457639749],[-79.11837376087315,-2.934992179166013],[-79.11757230991563,-2.933910734307242],[-79.11560784765443,-2.932891581212838],[-79.11479495347776,-2.931757706498903],[-79.10896841792707,-2.930907152458454],[-79.10751574523967,-2.928825750852592],[-79.1052162484179,-2.929418722057757],[-79.10409980899527,-2.928558673504579],[-79.10267479886268,-2.928684633964095],[-79.10175299173578,-2.927987085118747],[-79.09937454661502,-2.927575357884124],[-79.0984482138686,-2.926907081498667],[-79.09553552160759,-2.927134105555735],[-79.09372419363172,-2.926029791627297],[-79.0930896601914,-2.924786540165237],[-79.09210516204172,-2.92716556863243]]]}},{"type":"Feature","properties":{"Pob_total":214.0},"geometry":{"type":"Polygon","coordinates":[[[-79.0817592582076,-2.92009287886965],[-79.0836340388383,-2.920780484043844],[-79.0843309385221,-2.92193623327897],[-79.08370369402137,-2.924136725502411],[-79.08660834456704,-2.927543701372817],[-79.08828013356042,-2.92811485168486],[-79.09067452305246,-2.92683499044452],[-79.08967229028647,-2.928385961411307],[-79.09099310260345,-2.929896873751831],[-79.09160959121539,-2.930006431460334],[-79.09110035928964,-2.928747461384399],[-79.09208209385574,-2.927760872467563],[-79.09219321295834,-2.926416500918638],[-79.0930896601914,-2.924786540165237],[-79.09173820040628,-2.924336843812659],[-79.09070055061204,-2.922668567373748],[-79.08684937138581,-2.920678171208525],[-79.08521101402764,-2.918898994921209],[-79.08337572765608,-2.918245585092679],[-79.08247385111649,-2.917244505969839],[-79.08057437237375,-2.918856292438232],[-79.0817592582076,-2.92009287886965]]]}},{"type":"Feature","properties":{"Pob_total":18.0},"geometry":{"type":"Polygon","coordinates":[[[-79.32130271160409,-2.845502386981139],[-79.32013657731885,-2.845584440352803],[-79.31603359035682,-2.843509985429363],[-79.31431799832802,-2.843423726775239],[-79.31273473902706,-2.843990881992014],[-79.31066605823882,-2.84618187118998],[-79.30839893690516,-2.853070572155659],[-79.30628690971862,-2.856408758965541],[-79.30551984088748,-2.856977086782443],[-79.30502009399461,-2.856993072824384],[-79.302674579274,-2.854829055107558],[-79.29950449784916,-2.852705698894911],[-79.29529199095839,-2.851493515019713],[-79.28901978321204,-2.852028528543208],[-79.28666906121711,-2.853415118705092],[-79.28621850675249,-2.853967125377961],[-79.28608234572015,-2.85533206684776],[-79.28772531282509,-2.859454621719385],[-79.28741105191106,-2.869184931290417],[-79.28800649604835,-2.872016321497908],[-79.28952470735385,-2.876013068869223],[-79.28952286181273,-2.877252446419031],[-79.28846236351455,-2.879101545852913],[-79.283892162252,-2.883130984504233],[-79.28161262014544,-2.886988009267485],[-79.28069263137169,-2.889532359559263],[-79.28080603066688,-2.891659550535027],[-79.28227714346191,-2.893713471017212],[-79.28385753001048,-2.895105970924147],[-79.29138807055837,-2.899848822827366],[-79.29665688151422,-2.902126192199384],[-79.29881959668921,-2.90402203111553],[-79.30145175321513,-2.909477622283392],[-79.30211653759505,-2.916069155984204],[-79.3039488202452,-2.921707815763326],[-79.30689328548424,-2.92440875893278],[-79.30998161135231,-2.925627697068842],[-79.3128460537425,-2.926151217467062],[-79.3139454710002,-2.931755270109119],[-79.32055303530544,-2.931500502168544],[-79.323534129779,-2.929652958218918],[-79.32939448463202,-2.924677169667933],[-79.33133324739619,-2.921689763897453],[-79.33265454187976,-2.92064797021437],[-79.33506392465868,-2.920074694162613],[-79.33682104454181,-2.918938046867963],[-79.34052216742342,-2.91956028271813],[-79.34327886725912,-2.91896109042664],[-79.34125812308496,-2.916165921506991],[-79.34169361841117,-2.913592145242735],[-79.3417460911591,-2.908210798365402],[-79.34143955008626,-2.907481915450008],[-79.3404997910891,-2.907100983590701],[-79.34084717514274,-2.90378445277383],[-79.34230121768492,-2.902414197555624],[-79.3438533603745,-2.902490088546792],[-79.3442681331631,-2.902150858234613],[-79.34351027033675,-2.900478918232709],[-79.34364948647132,-2.89925349793761],[-79.34515552017501,-2.89936314246437],[-79.34600173580658,-2.898226381283563],[-79.34711027074458,-2.899168595566083],[-79.3477603814846,-2.899233756911899],[-79.34748476879206,-2.897326585452956],[-79.34600893541692,-2.894499226606555],[-79.3451701377244,-2.889832961618483],[-79.3441215901284,-2.887595497071147],[-79.34196289595012,-2.885597130400792],[-79.34113427173601,-2.885151443066418],[-79.339341955034,-2.885118617405475],[-79.33705820142762,-2.88204067372726],[-79.32825699733223,-2.87566226942403],[-79.32788892718403,-2.874878045121179],[-79.32818714292382,-2.873723221695417],[-79.33308756773033,-2.871488071066202],[-79.33605880377797,-2.869218324510901],[-79.33830615486092,-2.869405726415473],[-79.34362257877547,-2.870833973949285],[-79.34939757089235,-2.870054150911058],[-79.34981314033101,-2.86964626842629],[-79.35067216803692,-2.866319055916577],[-79.35193572567272,-2.865646075188884],[-79.35569796830276,-2.865140467617331],[-79.35673307761581,-2.86446452879836],[-79.3569366482321,-2.863618275937816],[-79.3568212119788,-2.862699497714273],[-79.35605733742725,-2.861566453632827],[-79.35565496548266,-2.85922012514566],[-79.35376793527696,-2.858946397402358],[-79.35137847149679,-2.857252406784001],[-79.34971427326026,-2.857838724659933],[-79.34821221811988,-2.855543910180482],[-79.34615772196136,-2.855790451089733],[-79.34534517417087,-2.854363792249339],[-79.34409820187189,-2.854016085209307],[-79.34348161876046,-2.853292004399211],[-79.3423876667115,-2.853681344908469],[-79.3395748518689,-2.852052602902513],[-79.34052590086749,-2.850965312817068],[-79.34225603807694,-2.84670526428506],[-79.34257400452317,-2.845684030058639],[-79.34230022924778,-2.844921573139132],[-79.34113484389256,-2.84448440608644],[-79.3385028189826,-2.844581107518739],[-79.33226880691966,-2.847469600869367],[-79.33124030069847,-2.844486833121009],[-79.33005207125835,-2.842550637505985],[-79.32888762778697,-2.841477024068372],[-79.32698932561833,-2.841022062634832],[-79.32488893819436,-2.842107671935792],[-79.32130271160409,-2.845502386981139]]]}},{"type":"Feature","properties":{"Pob_total":117.0},"geometry":{"type":"Polygon","coordinates":[[[-79.3538552157916,-2.865542771279954],[-79.35193572567272,-2.865646075188884],[-79.35067216803692,-2.866319055916577],[-79.34981314033101,-2.86964626842629],[-79.34939757089235,-2.870054150911058],[-79.34362257877547,-2.870833973949285],[-79.3363895055598,-2.869180798215444],[-79.33704660488132,-2.870293916062431],[-79.33871486492403,-2.870888411294447],[-79.34015125530568,-2.872924502773784],[-79.3421289077072,-2.873467627216617],[-79.34606020569197,-2.875872969878545],[-79.35039122547316,-2.877654995795221],[-79.3537889177483,-2.88050909163809],[-79.35853550709115,-2.889575169796088],[-79.35980870940375,-2.890540755869136],[-79.36259568335653,-2.891179726447263],[-79.36473068539968,-2.892494822193403],[-79.37040301991365,-2.902052685008591],[-79.37188646491781,-2.902881117211151],[-79.37261216919771,-2.903801783297238],[-79.37408398291888,-2.904530091662871],[-79.37746394165302,-2.905226428349138],[-79.38007889593435,-2.907081280220928],[-79.38421365131114,-2.909074695762324],[-79.38711977233535,-2.911953950459524],[-79.39180104843459,-2.913340782584338],[-79.39283108498795,-2.913234374399789],[-79.39497354708956,-2.911634483937429],[-79.39948940189389,-2.910814719906202],[-79.40052374687869,-2.911098534633825],[-79.40234713083458,-2.913222366149407],[-79.40555439704487,-2.915258096021756],[-79.40757556254084,-2.915928193670627],[-79.41033494187181,-2.9162107441236],[-79.41295259095882,-2.917374285444895],[-79.4141118548241,-2.919289711335819],[-79.41623645511159,-2.919595047599301],[-79.41744572762724,-2.92093818242247],[-79.41865542385777,-2.920376119789361],[-79.42101364323189,-2.923244715146736],[-79.42257265026592,-2.924204265929],[-79.42374814788268,-2.925523753482194],[-79.42631205817372,-2.924620479040236],[-79.4304343802932,-2.924199777639354],[-79.43164074121451,-2.923712847668843],[-79.43341515819,-2.920992484070889],[-79.43495252838794,-2.919915008696991],[-79.43446293655762,-2.91802863691388],[-79.43208646520905,-2.916158169611774],[-79.43182303848633,-2.914772685326752],[-79.43096331870416,-2.913852654484136],[-79.43017938902089,-2.909843706793275],[-79.4277472447539,-2.907272016962906],[-79.42621304768589,-2.904315964236188],[-79.42524394521175,-2.901072396170924],[-79.42627119869377,-2.895034708477383],[-79.426842074563,-2.894589836519122],[-79.42696596008552,-2.892675933365525],[-79.42776386162262,-2.891767893683995],[-79.42877064674256,-2.888488275655368],[-79.4268834199985,-2.886699640790785],[-79.42563194576464,-2.886283344635797],[-79.4224930965926,-2.886154352870395],[-79.41407811965743,-2.884024429617593],[-79.41202832583059,-2.882486242252393],[-79.40965302179153,-2.87939572590261],[-79.40780660652582,-2.8780548834431],[-79.40174204864459,-2.87609053446419],[-79.39995823084935,-2.874245689588838],[-79.39556894492377,-2.872587991315561],[-79.3929115160146,-2.870239639594381],[-79.38946040929422,-2.870485269045133],[-79.38817151799839,-2.871266381897514],[-79.38649920888484,-2.871280165883643],[-79.36021240348681,-2.868995369309284],[-79.35958577669922,-2.868654978160931],[-79.35565496548266,-2.85922012514566],[-79.35605733742725,-2.861566453632827],[-79.35694325162325,-2.863021974373448],[-79.3568388785164,-2.86419057615051],[-79.35569796830276,-2.865140467617331],[-79.3538552157916,-2.865542771279954]],[[-79.41485585363175,-2.911178983844216],[-79.41476317434211,-2.911493046025996],[-79.41230923870121,-2.911326786724389],[-79.41233912143761,-2.908199052563339],[-79.41317080719006,-2.907037151823114],[-79.41442599980728,-2.907235360446995],[-79.41485585363175,-2.911178983844216]]]}},{"type":"Feature","properties":{"Pob_total":48.0},"geometry":{"type":"Polygon","coordinates":[[[-79.33908201701547,-2.884874700555842],[-79.3396256782295,-2.885271049364496],[-79.34166806381205,-2.885410138067559],[-79.34426749865776,-2.887826671156189],[-79.34542253408098,-2.890753478408507],[-79.34600893541692,-2.894499226606555],[-79.34735172034279,-2.896969545787536],[-79.34782153286564,-2.898867412426019],[-79.34747396120659,-2.899322048003433],[-79.34600173580658,-2.898226381283563],[-79.34515552017501,-2.89936314246437],[-79.34364948647132,-2.89925349793761],[-79.34351027033675,-2.900478918232709],[-79.3442681331631,-2.902150858234613],[-79.3438533603745,-2.902490088546792],[-79.34230121768492,-2.902414197555624],[-79.34084717514274,-2.90378445277383],[-79.3404997910891,-2.907100983590701],[-79.34143955008626,-2.907481915450008],[-79.34175379962046,-2.908417532916956],[-79.34169361841117,-2.913592145242735],[-79.34125812308496,-2.916165921506991],[-79.34327886725912,-2.91896109042664],[-79.34052216742342,-2.91956028271813],[-79.33682104454181,-2.918938046867963],[-79.33506392465868,-2.920074694162613],[-79.33265454187976,-2.92064797021437],[-79.33133324739619,-2.921689763897453],[-79.32939448463202,-2.924677169667933],[-79.323534129779,-2.929652958218918],[-79.32055303530544,-2.931500502168544],[-79.3139454710002,-2.931755270109119],[-79.31602187521078,-2.935711114298334],[-79.31954156979245,-2.938119827198677],[-79.32070520695366,-2.939779705180767],[-79.32180615853522,-2.944378832752613],[-79.32163627498267,-2.952124828262776],[-79.3221471916967,-2.955793564720186],[-79.3237672336645,-2.958601399226592],[-79.32549715990879,-2.960345885033561],[-79.3272836443651,-2.96145722965104],[-79.34037426462766,-2.960215518356296],[-79.34146275031387,-2.95935563220417],[-79.3433470247304,-2.959145488640808],[-79.34521602009256,-2.958383778024769],[-79.34774134811425,-2.959156048082555],[-79.34954480195023,-2.958432843485369],[-79.3516990119895,-2.959323747565886],[-79.35360777107068,-2.961239959642493],[-79.35739952625836,-2.961820763417072],[-79.36146017565494,-2.964033808022984],[-79.36337001002845,-2.964198609777341],[-79.36529278400657,-2.9624721134157],[-79.36705229358647,-2.962466033156355],[-79.37025344481755,-2.957948653653574],[-79.37183313013126,-2.95715281621196],[-79.37529689080893,-2.952640400272489],[-79.37804470658321,-2.950432510129239],[-79.38327076630135,-2.943245498059991],[-79.38489836790015,-2.942324270067273],[-79.38601748378358,-2.940463677229061],[-79.38793017372562,-2.938939650166522],[-79.38827442818578,-2.936352562682462],[-79.38950970431293,-2.934390933064218],[-79.3900323427314,-2.932036782868143],[-79.39104452094509,-2.930403643898218],[-79.39391712021423,-2.927612727625239],[-79.39637556877238,-2.926225471266489],[-79.39727340714529,-2.925227098009178],[-79.39864463764572,-2.924988684881772],[-79.39941953699189,-2.925308394599416],[-79.40034130382035,-2.924878618103179],[-79.40159163221551,-2.925223965151757],[-79.40278686499839,-2.924202586352748],[-79.40883770219935,-2.922779805412758],[-79.41462993790502,-2.919498540049915],[-79.41397099770315,-2.91916127962387],[-79.41295259095882,-2.917374285444895],[-79.41033494187181,-2.9162107441236],[-79.40757556254084,-2.915928193670627],[-79.40555439704487,-2.915258096021756],[-79.40234713083458,-2.913222366149407],[-79.40052374687869,-2.911098534633825],[-79.39948940189389,-2.910814719906202],[-79.39497354708956,-2.911634483937429],[-79.39283108498795,-2.913234374399789],[-79.39180104843459,-2.913340782584338],[-79.38711977233535,-2.911953950459524],[-79.38421365131114,-2.909074695762324],[-79.38007889593435,-2.907081280220928],[-79.37746394165302,-2.905226428349138],[-79.37408398291888,-2.904530091662871],[-79.37261216919771,-2.903801783297238],[-79.37188646491781,-2.902881117211151],[-79.37040301991365,-2.902052685008591],[-79.36473068539968,-2.892494822193403],[-79.36259568335653,-2.891179726447263],[-79.35980870940375,-2.890540755869136],[-79.35853550709115,-2.889575169796088],[-79.3537889177483,-2.88050909163809],[-79.35039122547316,-2.877654995795221],[-79.34606020569197,-2.875872969878545],[-79.3421289077072,-2.873467627216617],[-79.34015125530568,-2.872924502773784],[-79.33871486492403,-2.870888411294447],[-79.33704660488132,-2.870293916062431],[-79.3363895055598,-2.869180798215444],[-79.33605880377797,-2.869218324510901],[-79.33308756773033,-2.871488071066202],[-79.32868308657523,-2.873281923593107],[-79.3280469606396,-2.874008328352877],[-79.32794263963035,-2.875176821963613],[-79.33705820142762,-2.88204067372726],[-79.33908201701547,-2.884874700555842]]]}},{"type":"Feature","properties":{"Pob_total":69.0},"geometry":{"type":"Polygon","coordinates":[[[-79.4726357888762,-2.903796766948563],[-79.47223311236841,-2.904648056591842],[-79.47136565484577,-2.905239697715237],[-79.46781063033968,-2.904671166750866],[-79.46682572992096,-2.905442070949396],[-79.4650229560011,-2.905452089111735],[-79.46360169451538,-2.906892721071284],[-79.45830572726837,-2.907248307623128],[-79.45672531310535,-2.908911447918796],[-79.45754588170524,-2.911987254724278],[-79.45895379144525,-2.914156791501239],[-79.45867207357306,-2.91713106280292],[-79.46039024788647,-2.919547738312975],[-79.46068107446547,-2.925413356299249],[-79.46146533165009,-2.92741228571615],[-79.46581288802156,-2.931082881251963],[-79.46617319698814,-2.932627778544949],[-79.46733858642862,-2.934166544617441],[-79.46691626593052,-2.937003262773089],[-79.46720272367334,-2.938086824918944],[-79.46617938436185,-2.939835472801011],[-79.46802804446921,-2.943095938160437],[-79.46886566415175,-2.947920943200828],[-79.46827148005698,-2.950780480925064],[-79.46672974771327,-2.953561112440382],[-79.46458313515247,-2.955116731156683],[-79.46404637105664,-2.956631359131819],[-79.4620240237589,-2.957885985429333],[-79.46187237594195,-2.960424892720288],[-79.46077053531936,-2.962577663776584],[-79.45949905838242,-2.967963676903896],[-79.45926158127776,-2.970825414218514],[-79.45597900956452,-2.979650292554926],[-79.45585782499042,-2.98021430982645],[-79.45715976302607,-2.98049805184659],[-79.45806336249423,-2.9803711768693],[-79.46104359320982,-2.978342151679058],[-79.46472733404364,-2.976722779087287],[-79.46849266331027,-2.973923116599508],[-79.47261732406585,-2.972710482446511],[-79.47433066649447,-2.968533094770041],[-79.47585762737808,-2.966773388504094],[-79.47808217100635,-2.962842869000128],[-79.47911148350232,-2.957521833407171],[-79.47918682502355,-2.954838908039253],[-79.48236617314934,-2.951309678383391],[-79.48354762447453,-2.947722254336855],[-79.48451795130828,-2.946724421400762],[-79.48810356332214,-2.944668041907326],[-79.49435964229053,-2.942054894372107],[-79.49117225716734,-2.93596290136502],[-79.49022394886207,-2.934990116582406],[-79.48705212946332,-2.933570435418259],[-79.485624132067,-2.930034249879386],[-79.48390295380621,-2.927695290627745],[-79.48347244527875,-2.925734959421848],[-79.479893667994,-2.917229515003902],[-79.48050759510288,-2.912866998608405],[-79.48010888907523,-2.912028954041501],[-79.48017772929896,-2.910387567418067],[-79.47962893362447,-2.909649822928771],[-79.47813107889299,-2.903881389995341],[-79.47466191503061,-2.902714440562832],[-79.4739991752304,-2.900492753304375],[-79.47340259801378,-2.900318391900166],[-79.47256743263436,-2.90104609772202],[-79.47211351955039,-2.902812368741035],[-79.4726357888762,-2.903796766948563]]]}},{"type":"Feature","properties":{"Pob_total":52.0},"geometry":{"type":"Polygon","coordinates":[[[-79.45753415311351,-2.914523460780132],[-79.45522256055264,-2.914111774805779],[-79.44878200446243,-2.919634906039939],[-79.44831459061274,-2.920842491679444],[-79.44741095737227,-2.920905450586066],[-79.44600179299847,-2.919868447949705],[-79.44310147707981,-2.921683457296503],[-79.44119548425284,-2.924722630409119],[-79.43936533834322,-2.926110718060963],[-79.4371747650529,-2.926585163181785],[-79.43463334759757,-2.926249342835105],[-79.43398011895216,-2.927101959266048],[-79.43388798488529,-2.928289436743988],[-79.43487973148505,-2.929031502299053],[-79.43547663970851,-2.930133310891332],[-79.43722096473844,-2.936605288747164],[-79.43702545414546,-2.93793288842641],[-79.43958504184448,-2.939784005092564],[-79.43900417339569,-2.941574644431311],[-79.44088071545805,-2.943917591671391],[-79.44077480771317,-2.944718976815043],[-79.43981231867423,-2.94550388290105],[-79.43957815575875,-2.947071718896793],[-79.44215800969064,-2.954087785607386],[-79.44155386318134,-2.955979045176185],[-79.44239704116923,-2.958458457983369],[-79.44183892328925,-2.962232757564555],[-79.44639606036186,-2.974036790832223],[-79.45585782499042,-2.98021430982645],[-79.45926158127776,-2.970825414218514],[-79.45949905838242,-2.967963676903896],[-79.46077053531936,-2.962577663776584],[-79.46187237594195,-2.960424892720288],[-79.4620240237589,-2.957885985429333],[-79.46404637105664,-2.956631359131819],[-79.46458313515247,-2.955116731156683],[-79.46672974771327,-2.953561112440382],[-79.46827148005698,-2.950780480925064],[-79.46886566415175,-2.947920943200828],[-79.46802804446921,-2.943095938160437],[-79.46617938436185,-2.939835472801011],[-79.46720272367334,-2.938086824918944],[-79.46691626593052,-2.937003262773089],[-79.46733858642862,-2.934166544617441],[-79.46617319698814,-2.932627778544949],[-79.46581288802156,-2.931082881251963],[-79.46155258384384,-2.927610733196456],[-79.46068107446547,-2.925413356299249],[-79.46039024788647,-2.919547738312975],[-79.45867207357306,-2.91713106280292],[-79.45900381182943,-2.91474668799774],[-79.4585590720073,-2.913441251227642],[-79.45753415311351,-2.914523460780132]]]}},{"type":"Feature","properties":{"Pob_total":326.0},"geometry":{"type":"Polygon","coordinates":[[[-79.42909899754179,-2.870443408863939],[-79.42815738170495,-2.871880494017375],[-79.42895466603534,-2.873518759515666],[-79.42801343287952,-2.876909350445232],[-79.42885273084725,-2.87912899355814],[-79.42828966804119,-2.881826733002455],[-79.4305956065823,-2.88662032163531],[-79.42878615952036,-2.888043633234024],[-79.42776386162262,-2.891767893683995],[-79.42696596008552,-2.892675933365525],[-79.426842074563,-2.894589836519122],[-79.42627119869377,-2.895034708477383],[-79.42524394521175,-2.901072396170924],[-79.42621304768589,-2.904315964236188],[-79.42830459358618,-2.908028749269818],[-79.42988328046138,-2.909276565989427],[-79.43142203400495,-2.908895223478629],[-79.43511652995356,-2.913031788443843],[-79.43441398071214,-2.915805357532277],[-79.43210004817533,-2.916181119799783],[-79.43446293655762,-2.91802863691388],[-79.43495252838794,-2.919915008696991],[-79.44189835837402,-2.919365073521591],[-79.44484775064164,-2.920511929389209],[-79.4462071222595,-2.919883836276573],[-79.44721821890242,-2.920821439600913],[-79.44831459061274,-2.920842491679444],[-79.44878200446243,-2.919634906039939],[-79.45466780930667,-2.914468417571962],[-79.45586480885925,-2.913974923941289],[-79.45728985084327,-2.914655249765184],[-79.4585590720073,-2.913441251227642],[-79.45754588170524,-2.911987254724278],[-79.45669390473131,-2.909253797311572],[-79.4570431925216,-2.908251875975352],[-79.4579839043874,-2.907370320722901],[-79.46360169451538,-2.906892721071284],[-79.4650229560011,-2.905452089111735],[-79.46682572992096,-2.905442070949396],[-79.46781063033968,-2.904671166750866],[-79.4711540692246,-2.905260483947937],[-79.47223311236841,-2.904648056591842],[-79.4726357888762,-2.903796766948563],[-79.47211351955039,-2.902812368741035],[-79.47256743263436,-2.90104609772202],[-79.47322122381505,-2.900341841805862],[-79.4739991752304,-2.900492753304375],[-79.47401812915271,-2.90010922947766],[-79.46969759949415,-2.894545436684852],[-79.4677028822846,-2.894358054941331],[-79.46677434791539,-2.893755752731555],[-79.46546151843867,-2.890159888660896],[-79.46412169558558,-2.888993149136295],[-79.4639182669929,-2.887559979677333],[-79.46252260436847,-2.88577718931482],[-79.46164408977718,-2.880745965064765],[-79.45894110993505,-2.879795416212123],[-79.45729720633051,-2.88015385039496],[-79.45532054789273,-2.879143152675996],[-79.45396118247456,-2.879140033520509],[-79.45315377363126,-2.87830972003007],[-79.45161634833156,-2.877419532209209],[-79.45111527370523,-2.877605508331978],[-79.45077231762262,-2.876866627941136],[-79.44942056162033,-2.876298558330558],[-79.4488978058161,-2.874888296691933],[-79.44746587580518,-2.874482089851794],[-79.4466339234062,-2.873111828465119],[-79.44410396003173,-2.870894213334845],[-79.44248110698138,-2.870931968362666],[-79.44054900542169,-2.870389961190568],[-79.43938322017492,-2.869793746750883],[-79.43773464880663,-2.868109459811927],[-79.43463814474566,-2.866890831705871],[-79.43249646520015,-2.866562866870495],[-79.4301349203364,-2.867653804030422],[-79.42909899754179,-2.870443408863939]]]}},{"type":"Feature","properties":{"Pob_total":130.0},"geometry":{"type":"Polygon","coordinates":[[[-79.36694683338169,-2.962490402613562],[-79.36529278400657,-2.9624721134157],[-79.36337001002845,-2.964198609777341],[-79.36146017565494,-2.964033808022984],[-79.35739952625836,-2.961820763417072],[-79.35360777107068,-2.961239959642493],[-79.3516990119895,-2.959323747565886],[-79.34954480195023,-2.958432843485369],[-79.34774134811425,-2.959156048082555],[-79.34521602009256,-2.958383778024769],[-79.3433470247304,-2.959145488640808],[-79.34146275031387,-2.95935563220417],[-79.34037426462766,-2.960215518356296],[-79.3272836443651,-2.96145722965104],[-79.32920894664647,-2.962478569534704],[-79.33275587899244,-2.963552932417703],[-79.3376079536403,-2.966184371034533],[-79.33703592271758,-2.969110332150688],[-79.3356567638769,-2.971317838998183],[-79.33354481177697,-2.973649978244474],[-79.33366716488187,-2.975464543134251],[-79.33489654134303,-2.977819713136162],[-79.33457188091424,-2.979785738189298],[-79.33557420033357,-2.983742347900697],[-79.33789209985704,-2.987807428791929],[-79.34235582645138,-2.994069867727836],[-79.34415207046261,-2.996065702095277],[-79.34611583816826,-2.997442080852847],[-79.35883259928583,-3.003039363238553],[-79.35918819743192,-3.004160435095861],[-79.35890544326617,-3.006889406680564],[-79.35769392779942,-3.009631370016752],[-79.35453935410905,-3.012183601349891],[-79.35104312412835,-3.013873387235076],[-79.35087078028616,-3.014447741465999],[-79.35105567729816,-3.015022633096136],[-79.35231180971579,-3.015900835600807],[-79.36290678597517,-3.019635959040889],[-79.36435599279561,-3.021012958297109],[-79.36534323436979,-3.023399332401949],[-79.36517455439196,-3.024184687716634],[-79.362240002483,-3.026929874433088],[-79.3609395952549,-3.028695490374704],[-79.36006932498763,-3.032089115055079],[-79.36291322869083,-3.033973267576563],[-79.3646427269884,-3.034537040141383],[-79.37018197957401,-3.035022418104674],[-79.37694502171176,-3.038343407623272],[-79.38286989733412,-3.032909134098423],[-79.38478006317806,-3.03400626318973],[-79.38715137220326,-3.034683197232772],[-79.38893802591699,-3.034377228272225],[-79.39199790077319,-3.031828543643933],[-79.395548322117,-3.02779353668325],[-79.39747586931702,-3.026561818886534],[-79.40268105769229,-3.026513453404337],[-79.40717648911591,-3.025145258738324],[-79.41302941299944,-3.02108542213062],[-79.41321311926805,-3.020873389934148],[-79.4082080673463,-3.019679455289888],[-79.40760180276735,-3.019983084084069],[-79.40729941308372,-3.019627357027182],[-79.40780042254754,-3.018313669507957],[-79.40904262349612,-3.016764081143829],[-79.41031178432486,-3.013059556887457],[-79.41033457253586,-3.011551136165212],[-79.412736503422,-3.009165087884862],[-79.41567583963321,-3.003330515241996],[-79.41786127535971,-3.000342819174459],[-79.4184850156365,-2.99746263527141],[-79.4177290665887,-2.995060934573599],[-79.41743191819822,-2.991313681153468],[-79.41649504136028,-2.989436428142866],[-79.41658886886877,-2.988049559574033],[-79.41549859314202,-2.985813592787959],[-79.41530486173878,-2.983721369451022],[-79.41368039548603,-2.981520633079801],[-79.41354524938652,-2.979532578144179],[-79.41482414458874,-2.977686476924189],[-79.41313329635197,-2.978319518918102],[-79.41186195286653,-2.981172717564078],[-79.4099157450063,-2.982481020896918],[-79.4054966166727,-2.98111057837677],[-79.40405290553166,-2.979464552476276],[-79.40002514335772,-2.977940834403225],[-79.39668871590568,-2.975645355223056],[-79.39175485129103,-2.976645313078476],[-79.38884546089284,-2.977691075774474],[-79.38573907292084,-2.977011424625146],[-79.38350078356757,-2.976968255215393],[-79.38093537046159,-2.978571481740258],[-79.38112721005132,-2.97056449250865],[-79.37866292353286,-2.963580112277647],[-79.37837050573457,-2.957380186542856],[-79.37690347598925,-2.951332821610108],[-79.37418878241618,-2.953892992910481],[-79.37183313013126,-2.95715281621196],[-79.37025344481755,-2.957948653653574],[-79.36694683338169,-2.962490402613562]]]}},{"type":"Feature","properties":{"Pob_total":74.0},"geometry":{"type":"Polygon","coordinates":[[[-79.43971616457185,-2.919380481100652],[-79.43477069674017,-2.919951196721839],[-79.43341515819,-2.920992484070889],[-79.43164074121451,-2.923712847668843],[-79.4304343802932,-2.924199777639354],[-79.42631205817372,-2.924620479040236],[-79.42406170330915,-2.925531434731601],[-79.42101364323189,-2.923244715146736],[-79.41865542385777,-2.920376119789361],[-79.41744572762724,-2.92093818242247],[-79.41581534754485,-2.919506635053188],[-79.41462993790502,-2.919498540049915],[-79.40883770219935,-2.922779805412758],[-79.40278686499839,-2.924202586352748],[-79.40159163221551,-2.925223965151757],[-79.40034130382035,-2.924878618103179],[-79.39941953699189,-2.925308394599416],[-79.39864463764572,-2.924988684881772],[-79.39727340714529,-2.925227098009178],[-79.39637556877238,-2.926225471266489],[-79.39430004209258,-2.927287263654024],[-79.39104452094509,-2.930403643898218],[-79.38975196044379,-2.932612712444541],[-79.38950970431293,-2.934390933064218],[-79.38827442818578,-2.936352562682462],[-79.38793017372562,-2.938939650166522],[-79.38601748378358,-2.940463677229061],[-79.38489836790015,-2.942324270067273],[-79.38327076630135,-2.943245498059991],[-79.37804470658321,-2.950432510129239],[-79.37690347598925,-2.951332821610108],[-79.37837050573457,-2.957380186542856],[-79.37866292353286,-2.963580112277647],[-79.38112721005132,-2.97056449250865],[-79.38093537046159,-2.978571481740258],[-79.38350078356757,-2.976968255215393],[-79.38573907292084,-2.977011424625146],[-79.38884546089284,-2.977691075774474],[-79.39175485129103,-2.976645313078476],[-79.39668871590568,-2.975645355223056],[-79.40002514335772,-2.977940834403225],[-79.40405290553166,-2.979464552476276],[-79.4054966166727,-2.98111057837677],[-79.4099157450063,-2.982481020896918],[-79.41186195286653,-2.981172717564078],[-79.41313329635197,-2.978319518918102],[-79.41482414458874,-2.977686476924189],[-79.41354524938652,-2.979532578144179],[-79.41368039548603,-2.981520633079801],[-79.41530486173878,-2.983721369451022],[-79.41549859314202,-2.985813592787959],[-79.41648156270533,-2.987668758679407],[-79.41649504136028,-2.989436428142866],[-79.41743191819822,-2.991313681153468],[-79.4177290665887,-2.995060934573599],[-79.41847955415926,-2.997760978001509],[-79.41786127535971,-3.000342819174459],[-79.41567583963321,-3.003330515241996],[-79.41313291699579,-3.008495812472729],[-79.41033457253586,-3.011551136165212],[-79.40979578973113,-3.014741345257351],[-79.40874085784,-3.017483317644217],[-79.40780042254754,-3.018313669507957],[-79.40739995557475,-3.019932031675757],[-79.4082080673463,-3.019679455289888],[-79.41321311926805,-3.020873389934148],[-79.42603590014014,-3.005587623191437],[-79.42730241374096,-3.002610777279009],[-79.42892753459134,-3.002309079730544],[-79.43217887278925,-3.000547098804354],[-79.43438967057669,-2.999942637672691],[-79.43588708883648,-2.998790642446267],[-79.44093828193397,-2.997451548435397],[-79.44270628322441,-2.996612472725869],[-79.44448961424737,-2.996450063572589],[-79.44557397837062,-2.995465215207271],[-79.4491442120087,-2.995863244697196],[-79.45196241149497,-2.993767395862922],[-79.45195088038237,-2.993006441164954],[-79.45267365420638,-2.99167306899016],[-79.45226617346884,-2.990314855451555],[-79.45075047796844,-2.988989349194372],[-79.45179292733467,-2.987671350295629],[-79.45080041927281,-2.984482598076864],[-79.45207548814966,-2.982777311871857],[-79.45190113164941,-2.982018300127096],[-79.45312421051207,-2.981918197264948],[-79.45496917703278,-2.980311474397936],[-79.45585782499042,-2.98021430982645],[-79.44639606036186,-2.974036790832223],[-79.44183892328925,-2.962232757564555],[-79.44239704116923,-2.958458457983369],[-79.44155386318134,-2.955979045176185],[-79.44215800969064,-2.954087785607386],[-79.43957815575875,-2.947071718896793],[-79.43981231867423,-2.94550388290105],[-79.44077480771317,-2.944718976815043],[-79.44088071545805,-2.943917591671391],[-79.43900417339569,-2.941574644431311],[-79.43958504184448,-2.939784005092564],[-79.43702545414546,-2.93793288842641],[-79.43722096473844,-2.936605288747164],[-79.43547663970851,-2.930133310891332],[-79.43487973148505,-2.929031502299053],[-79.43388798488529,-2.928289436743988],[-79.43398011895216,-2.927101959266048],[-79.43463334759757,-2.926249342835105],[-79.4371747650529,-2.926585163181785],[-79.43936533834322,-2.926110718060963],[-79.44119548425284,-2.924722630409119],[-79.44291520198925,-2.921875010855231],[-79.44480630251151,-2.920498126163138],[-79.44189835837402,-2.919365073521591],[-79.43971616457185,-2.919380481100652]]]}},{"type":"Feature","properties":{"Pob_total":88.0},"geometry":{"type":"Polygon","coordinates":[[[-79.37997508372565,-2.851391993382459],[-79.37660148057897,-2.852864999119353],[-79.37308409075598,-2.857835569005461],[-79.37263888473647,-2.86096013993405],[-79.37111542159566,-2.861814558194757],[-79.36865624581125,-2.861996709841384],[-79.36383014849629,-2.860423409550865],[-79.360039925517,-2.860935798212044],[-79.35565496548266,-2.85922012514566],[-79.35958577669922,-2.868654978160931],[-79.36079911493914,-2.869117468045661],[-79.38649920888484,-2.871280165883643],[-79.38817151799839,-2.871266381897514],[-79.38946040929422,-2.870485269045133],[-79.3929115160146,-2.870239639594381],[-79.39556894492377,-2.872587991315561],[-79.39995823084935,-2.874245689588838],[-79.40174204864459,-2.87609053446419],[-79.40780660652582,-2.8780548834431],[-79.40965302179153,-2.87939572590261],[-79.41202832583059,-2.882486242252393],[-79.41407811965743,-2.884024429617593],[-79.4224930965926,-2.886154352870395],[-79.42600820777395,-2.886333695117665],[-79.4287509803486,-2.888201297916646],[-79.4305956065823,-2.88662032163531],[-79.42833736979298,-2.882131297890858],[-79.42834014375505,-2.880501193783379],[-79.42885273084725,-2.87912899355814],[-79.42799850288418,-2.877104218234109],[-79.42895466603534,-2.873518759515666],[-79.42815738170495,-2.871880494017375],[-79.42657092027312,-2.872681101785572],[-79.42282558201126,-2.873228933566569],[-79.42026574181232,-2.874545560044899],[-79.41750835047259,-2.873528669435535],[-79.41712962638789,-2.871742402673334],[-79.414782538184,-2.870882263908348],[-79.41372393192621,-2.870922480949936],[-79.41367245729803,-2.869633162583626],[-79.41080360498843,-2.868389752377049],[-79.40934258914915,-2.865888988569249],[-79.4090701833375,-2.863909707247922],[-79.40772426478583,-2.862541086474005],[-79.40728408574846,-2.859732282065302],[-79.40578977298132,-2.858360745579992],[-79.4045579566392,-2.856374609753993],[-79.40310734186939,-2.855738462026713],[-79.40258380259722,-2.855005475017309],[-79.40141018610494,-2.854845128030385],[-79.39780727605175,-2.853215074014524],[-79.39606821427924,-2.851483169109384],[-79.39313224942796,-2.850244716918406],[-79.39136871679469,-2.851375933773887],[-79.38806837844831,-2.851065535926484],[-79.38562925494102,-2.849515138888284],[-79.38131244233352,-2.850086387369289],[-79.37997508372565,-2.851391993382459]]]}},{"type":"Feature","properties":{"Pob_total":97.0},"geometry":{"type":"Polygon","coordinates":[[[-79.50839250756225,-2.894558188055456],[-79.50554344229062,-2.895644396045992],[-79.50365197738236,-2.896874215123246],[-79.50217973383131,-2.896106612433277],[-79.49776925939311,-2.894979782644538],[-79.49087236279391,-2.89607583939188],[-79.48401247539721,-2.901540876474098],[-79.47978685531947,-2.903874543072638],[-79.47813107889299,-2.903881389995341],[-79.47962893362447,-2.909649822928771],[-79.48017772929896,-2.910387567418067],[-79.48010888907523,-2.912028954041501],[-79.48050759510288,-2.912866998608405],[-79.479893667994,-2.917229515003902],[-79.48347244527875,-2.925734959421848],[-79.48390295380621,-2.927695290627745],[-79.485624132067,-2.930034249879386],[-79.48705212946332,-2.933570435418259],[-79.49022394886207,-2.934990116582406],[-79.49117225716734,-2.93596290136502],[-79.49435964229053,-2.942054894372107],[-79.49824761127353,-2.940234661615079],[-79.50008298355881,-2.938444186172501],[-79.49970908936585,-2.93402402391545],[-79.49753517552004,-2.928616423206302],[-79.50273065847774,-2.918680023096969],[-79.50546161315516,-2.917649560148583],[-79.50878271023127,-2.915695379076671],[-79.51010315362585,-2.913270373688106],[-79.51041282552534,-2.911444450874656],[-79.51004656655113,-2.909300188982939],[-79.51075028535597,-2.9078378113925],[-79.51041562672424,-2.906906565390294],[-79.51073491757326,-2.904667617129357],[-79.51273946518224,-2.899167382755801],[-79.5124466821129,-2.895643834549498],[-79.51146102907832,-2.893486729017181],[-79.51176163989362,-2.891969278386647],[-79.50938534984404,-2.893270103978969],[-79.50839250756225,-2.894558188055456]]]}},{"type":"Feature","properties":{"Pob_total":38.0},"geometry":{"type":"Polygon","coordinates":[[[-79.06430016639197,-2.746347414429654],[-79.06204309260063,-2.746430910008177],[-79.06124535506456,-2.747149973104914],[-79.05989043941737,-2.74705851822499],[-79.05982086365317,-2.748089452440563],[-79.05340760133716,-2.75212165186276],[-79.0488003675033,-2.754506959434391],[-79.03887681534471,-2.754322814661021],[-79.03652792740186,-2.755689109247026],[-79.03126583520469,-2.756604084365628],[-79.03003008831385,-2.757489288677771],[-79.02893438895806,-2.757474450293614],[-79.02568734588252,-2.756364154183463],[-79.02470505583794,-2.75797129989428],[-79.02301272496406,-2.759013327027085],[-79.02132102512581,-2.760815661556925],[-79.01902209813606,-2.760888486850944],[-79.01745559995165,-2.761903768810124],[-79.01605179321436,-2.761649788316081],[-79.01393882979015,-2.763176988221228],[-79.01357251021504,-2.763663889352835],[-79.01418967063043,-2.764655702849561],[-79.01478504850756,-2.769283283793407],[-79.01414846117028,-2.770239259242959],[-79.01428113393565,-2.770917965169526],[-79.01343373559844,-2.77243886887084],[-79.01259019639618,-2.775582913583692],[-79.01198614384195,-2.776868239353953],[-79.0112008639933,-2.777479025693326],[-79.01045453603255,-2.780496196906709],[-79.00942510036602,-2.781068048549589],[-79.0084703211492,-2.783341286379719],[-79.00876378078816,-2.785399185671304],[-79.00772656818143,-2.789418378557098],[-79.00801869092732,-2.790392741498045],[-79.0069265373919,-2.792053619021034],[-79.0072732244325,-2.793035760515004],[-79.00698481656988,-2.794286617370631],[-79.00767544113195,-2.796127020381767],[-79.00744853119369,-2.797806370207397],[-79.00785641432367,-2.798756699683166],[-79.00717688109582,-2.800846942183687],[-79.0061846987856,-2.80154813019942],[-79.00513118160649,-2.803160154796258],[-79.00559114334928,-2.802717093746097],[-79.0064723098674,-2.802795085996586],[-79.00895686984617,-2.804279973787656],[-79.01079818684063,-2.804844422397437],[-79.01337878976008,-2.803028304741578],[-79.01443394226281,-2.802951802365075],[-79.01631819851788,-2.801673454662309],[-79.01945130839509,-2.80079215938576],[-79.02068339746242,-2.799765310716181],[-79.02239556991113,-2.799275534496118],[-79.02287596700698,-2.798658805341638],[-79.02382411557046,-2.799118366201288],[-79.02598659966144,-2.798094805826629],[-79.02732443517803,-2.797176175100714],[-79.0292457315502,-2.794110136645934],[-79.0301791461721,-2.794243810462462],[-79.03095973327375,-2.793220789592979],[-79.03196156305897,-2.79363441184099],[-79.03392064261412,-2.790766616381446],[-79.03842839022894,-2.790397129381892],[-79.03935732225013,-2.790903487838941],[-79.04146435280813,-2.791158643625896],[-79.0438652451033,-2.788967595010654],[-79.04716026154797,-2.788374883406396],[-79.04827239083741,-2.786628787365361],[-79.05029686246925,-2.785747773830419],[-79.05049971463458,-2.783725013997396],[-79.05234269868919,-2.781815560309053],[-79.05515251331803,-2.781765868380745],[-79.04588938287398,-2.771274190296556],[-79.0478682674911,-2.772459493720454],[-79.05051841475839,-2.772920035753554],[-79.0535232904384,-2.774101885531905],[-79.05466724908729,-2.774210287641304],[-79.054820886703,-2.773900678285564],[-79.05590023545376,-2.774644337319327],[-79.05718784709389,-2.774393109447255],[-79.05709688485442,-2.773875229724969],[-79.05825772844246,-2.773498198725157],[-79.05989706681235,-2.773933008096022],[-79.06123411075622,-2.773140883983802],[-79.06111083084834,-2.773858870892167],[-79.06173700314838,-2.774098790542877],[-79.06159475297112,-2.774706077885978],[-79.06213731569567,-2.774933916477055],[-79.06263968152824,-2.774501912604807],[-79.06356610338979,-2.775514944909432],[-79.06429607120423,-2.775459543938304],[-79.06439433095461,-2.775971924530642],[-79.06493400303857,-2.77549115347323],[-79.06546054629516,-2.77573018229505],[-79.06575627755059,-2.77524078113088],[-79.06750789987079,-2.775864195929391],[-79.0672811268784,-2.775308203094306],[-79.06765896745848,-2.775310086075523],[-79.06766585750593,-2.774888659539145],[-79.0682199208733,-2.774738749704021],[-79.06848554672686,-2.774071258743234],[-79.070230038498,-2.772657257251833],[-79.071912075632,-2.772832800264262],[-79.07241825363992,-2.772375924477191],[-79.0727537639018,-2.772586248303323],[-79.07291844460084,-2.772009465375236],[-79.0737400796202,-2.772321306505454],[-79.07397862588252,-2.771773752708584],[-79.07443114294456,-2.772415566400628],[-79.07494482626007,-2.771935824770227],[-79.07498339823415,-2.772440701839443],[-79.07569162394172,-2.771653942298702],[-79.07653066220787,-2.771601785929878],[-79.07787897719868,-2.76917324482526],[-79.07925098415231,-2.768613430581613],[-79.0795899583582,-2.767956092359778],[-79.0807075573232,-2.76768972531246],[-79.08105991230097,-2.767213606103349],[-79.08356600794058,-2.766756803706318],[-79.08445877556075,-2.765892036226939],[-79.08605621693664,-2.765216111643233],[-79.08708808047903,-2.765425475330879],[-79.0897253748479,-2.763784732978013],[-79.09089114807311,-2.761896391804392],[-79.09439779466004,-2.759741361517428],[-79.09530307935576,-2.758688342182082],[-79.0972720676047,-2.758009735801367],[-79.10009657202889,-2.75630242935045],[-79.10149398576726,-2.754567683722299],[-79.10132186472153,-2.754008069285292],[-79.10031107203773,-2.753607792711553],[-79.10001133815986,-2.753059000981537],[-79.10018645879464,-2.752461150690149],[-79.10141191769026,-2.751534852655337],[-79.10156155093608,-2.750059705201306],[-79.07578814473347,-2.750533876603978],[-79.06532439187647,-2.745917063511391],[-79.06430016639197,-2.746347414429654]]]}},{"type":"Feature","properties":{"Pob_total":176.0},"geometry":{"type":"Polygon","coordinates":[[[-79.10156155093608,-2.750059705201306],[-79.10141191769026,-2.751534852655337],[-79.10018645879464,-2.752461150690149],[-79.10001133815986,-2.753059000981537],[-79.10031107203773,-2.753607792711553],[-79.10132186472153,-2.754008069285292],[-79.10149398576726,-2.754567683722299],[-79.10009657202889,-2.75630242935045],[-79.0972720676047,-2.758009735801367],[-79.09530307935576,-2.758688342182082],[-79.09439779466004,-2.759741361517428],[-79.09070125703488,-2.762055040162745],[-79.0897253748479,-2.763784732978013],[-79.08708808047903,-2.765425475330879],[-79.08605621693664,-2.765216111643233],[-79.08445877556075,-2.765892036226939],[-79.08356600794058,-2.766756803706318],[-79.08105991230097,-2.767213606103349],[-79.0807075573232,-2.76768972531246],[-79.0795899583582,-2.767956092359778],[-79.07925098415231,-2.768613430581613],[-79.07787897719868,-2.76917324482526],[-79.07649519447668,-2.771625235386492],[-79.07569162394172,-2.771653942298702],[-79.07498339823415,-2.772440701839443],[-79.07494482626007,-2.771935824770227],[-79.07443114294456,-2.772415566400628],[-79.07397862588252,-2.771773752708584],[-79.0737400796202,-2.772321306505454],[-79.07291844460084,-2.772009465375236],[-79.0727537639018,-2.772586248303323],[-79.07241825363992,-2.772375924477191],[-79.071912075632,-2.772832800264262],[-79.070230038498,-2.772657257251833],[-79.06848554672686,-2.774071258743234],[-79.0682199208733,-2.774738749704021],[-79.06766585750593,-2.774888659539145],[-79.06765896745848,-2.775310086075523],[-79.0672811268784,-2.775308203094306],[-79.06750789987079,-2.775864195929391],[-79.06575627755059,-2.77524078113088],[-79.06546054629516,-2.77573018229505],[-79.06493400303857,-2.77549115347323],[-79.06439433095461,-2.775971924530642],[-79.06429607120423,-2.775459543938304],[-79.06356610338979,-2.775514944909432],[-79.06263968152824,-2.774501912604807],[-79.06213731569567,-2.774933916477055],[-79.06159475297112,-2.774706077885978],[-79.06173700314838,-2.774098790542877],[-79.06111083084834,-2.773858870892167],[-79.06123411075622,-2.773140883983802],[-79.05989706681235,-2.773933008096022],[-79.05825772844246,-2.773498198725157],[-79.05709688485442,-2.773875229724969],[-79.05718784709389,-2.774393109447255],[-79.05590023545376,-2.774644337319327],[-79.054820886703,-2.773900678285564],[-79.05466724908729,-2.774210287641304],[-79.0535232904384,-2.774101885531905],[-79.05051841475839,-2.772920035753554],[-79.0478682674911,-2.772459493720454],[-79.04588938287398,-2.771274190296556],[-79.05515251331803,-2.781765868380745],[-79.05234269868919,-2.781815560309053],[-79.05049971463458,-2.783725013997396],[-79.0502147296916,-2.785822597746502],[-79.04827239083741,-2.786628787365361],[-79.04709887866282,-2.788409321733042],[-79.04371402898327,-2.789057851783478],[-79.04146435280813,-2.791158643625896],[-79.03935732225013,-2.790903487838941],[-79.03842839022894,-2.790397129381892],[-79.03392064261412,-2.790766616381446],[-79.03196156305897,-2.79363441184099],[-79.03095973327375,-2.793220789592979],[-79.0301791461721,-2.794243810462462],[-79.0292457315502,-2.794110136645934],[-79.02732443517803,-2.797176175100714],[-79.02382411557046,-2.799118366201288],[-79.02287596700698,-2.798658805341638],[-79.02239556991113,-2.799275534496118],[-79.02068339746242,-2.799765310716181],[-79.01945130839509,-2.80079215938576],[-79.01631819851788,-2.801673454662309],[-79.01443394226281,-2.802951802365075],[-79.01337878976008,-2.803028304741578],[-79.01070067291612,-2.804869391484647],[-79.00658731780129,-2.803485875634904],[-79.0055758687415,-2.805263070595265],[-79.00717283505782,-2.806906654803748],[-79.00710368472406,-2.807811147005291],[-79.00517546709767,-2.809594056079077],[-79.00504324049334,-2.809128918968485],[-79.00383589362728,-2.808836730943235],[-79.0035801586942,-2.809082471704147],[-79.00443995355195,-2.810050892989384],[-79.00618723848663,-2.810660035893211],[-79.0086168297392,-2.810587314664178],[-79.00944122390874,-2.811111057853434],[-79.01115379925785,-2.811348796793993],[-79.01335514591669,-2.810753468870804],[-79.01551301713212,-2.811568817375358],[-79.01799484452127,-2.810218343289471],[-79.01895027590759,-2.808547732668496],[-79.0204039279506,-2.808439804676238],[-79.02193012026396,-2.807490774233437],[-79.02250898688523,-2.808209299720454],[-79.0270854368332,-2.80872240147745],[-79.0281773203053,-2.809916299400121],[-79.03039188825286,-2.810322788276535],[-79.0298118704485,-2.81047314263539],[-79.02992597986321,-2.811096189812364],[-79.03091302688621,-2.81151169614379],[-79.03136640380117,-2.811181323580553],[-79.03486541394352,-2.811228642686989],[-79.03494850644597,-2.810773463521116],[-79.04099776330432,-2.812175951264098],[-79.0423809910879,-2.811432810285472],[-79.04230306793178,-2.810705725068522],[-79.04351015017399,-2.809314515196794],[-79.04375599560491,-2.808126842095314],[-79.04506981521742,-2.807542243296902],[-79.04529761264322,-2.806717836716831],[-79.04720069689732,-2.806670939610838],[-79.04896210733989,-2.804209375971445],[-79.05285955091064,-2.803462446853533],[-79.05607751590277,-2.803554883464003],[-79.05736433994562,-2.803201054457071],[-79.05974861021696,-2.800748815835987],[-79.06053003994839,-2.795978111056934],[-79.06233510176101,-2.794509993756225],[-79.0635292144548,-2.79420762620224],[-79.06530041194848,-2.794474577491109],[-79.06563659183306,-2.794145266382318],[-79.07059580875797,-2.78758439124643],[-79.07237203522263,-2.783987422345619],[-79.07869823791793,-2.783918681106072],[-79.08345407825404,-2.78182188301083],[-79.08426021384172,-2.7796078667234],[-79.08508012931715,-2.778612332680175],[-79.08855333217407,-2.776568761577413],[-79.08952576146226,-2.773682507321784],[-79.09544205550564,-2.769190175357213],[-79.09987676401127,-2.76117460847119],[-79.10310109904343,-2.757247529363547],[-79.10448273248268,-2.754282730106384],[-79.10545629948123,-2.75062102565078],[-79.10156155093608,-2.750059705201306]]]}},{"type":"Feature","properties":{"Pob_total":41.0},"geometry":{"type":"Polygon","coordinates":[[[-79.12594347358554,-2.715701361707821],[-79.1247968179859,-2.715942207979147],[-79.12244924209615,-2.715222333569951],[-79.12165720279481,-2.71707763694322],[-79.1207855276459,-2.716530129366608],[-79.11854633417894,-2.717198101132217],[-79.11588604536162,-2.716709365731678],[-79.11313004173884,-2.71995804085555],[-79.11093337259442,-2.721030327468839],[-79.10780583797556,-2.721375062198421],[-79.10755794866732,-2.7217113045848],[-79.10729093505759,-2.721280662624783],[-79.10637002422428,-2.721317283142537],[-79.1059857337617,-2.720785093583983],[-79.10596231813183,-2.721615479117723],[-79.10486094502733,-2.721132249580137],[-79.10367459273472,-2.721632212099332],[-79.10381164337765,-2.721910109383526],[-79.10282430238557,-2.721995171691451],[-79.10224705832363,-2.721571637146615],[-79.10184480246869,-2.722240110419357],[-79.1008482788537,-2.722040331946394],[-79.10055422920455,-2.722514486602453],[-79.1000365487455,-2.7222413240084],[-79.09998509738867,-2.723112260325006],[-79.09938856058406,-2.722780286320627],[-79.09931002379291,-2.723323951311655],[-79.09881276928687,-2.723098649713733],[-79.09557853591693,-2.723773390976663],[-79.0945188445137,-2.724350215426781],[-79.09317106567984,-2.72429473039814],[-79.09288309765795,-2.72478507114432],[-79.08925378743788,-2.726787251325657],[-79.08163086808621,-2.729487244830742],[-79.07786282071625,-2.730256386262945],[-79.07484961754646,-2.730092995467533],[-79.07387849105744,-2.729307447197778],[-79.07179800798113,-2.729444376856871],[-79.06974331093232,-2.728602520939638],[-79.06307138329537,-2.728446453333189],[-79.0621022106893,-2.726849179105959],[-79.06072615109628,-2.726219537803037],[-79.05925165809488,-2.726359203658327],[-79.05851258412038,-2.727403333634737],[-79.05739181135455,-2.727496725440238],[-79.05602454872401,-2.728390822645574],[-79.0537310908056,-2.728092152724999],[-79.05348104678973,-2.727190374949128],[-79.05307292728978,-2.727239257983338],[-79.05220960613315,-2.728448281286029],[-79.05228878180414,-2.729356614430853],[-79.05159535570064,-2.729323043738246],[-79.05111004697088,-2.730230476584614],[-79.04927061257463,-2.73077886461785],[-79.04896513293855,-2.730194540085914],[-79.04753654454043,-2.73097876182052],[-79.04700512993105,-2.730491354068674],[-79.04641340561462,-2.730703167093341],[-79.04606737114746,-2.731933220732008],[-79.04669598626393,-2.732177510988305],[-79.04294947907059,-2.734156425809293],[-79.04047952784668,-2.736852690832552],[-79.03864102552083,-2.737844627356702],[-79.0379011618913,-2.739580594866549],[-79.03720558292119,-2.739627638447482],[-79.03487646864751,-2.741518311721053],[-79.03432605905442,-2.742423470067858],[-79.03136731317012,-2.743781801470181],[-79.02855546628568,-2.745923097563466],[-79.02592639595147,-2.748564417705239],[-79.02564300313165,-2.749372364360406],[-79.02488105226145,-2.749486830255317],[-79.02337558123268,-2.75085531042364],[-79.02237742318474,-2.751130773926374],[-79.02112173643775,-2.752775341837415],[-79.0160786319,-2.755489168312442],[-79.01337214840282,-2.755495759767158],[-79.01265873364662,-2.755891036944906],[-79.01302621152468,-2.758877996364003],[-79.01220386075624,-2.761193064517189],[-79.0132245086254,-2.762110053936456],[-79.01302758833185,-2.763409900666026],[-79.01357251021504,-2.763663889352835],[-79.01516633505082,-2.762006802076719],[-79.01605179321436,-2.761649788316081],[-79.01745559995165,-2.761903768810124],[-79.01902209813606,-2.760888486850944],[-79.02132102512581,-2.760815661556925],[-79.02301272496406,-2.759013327027085],[-79.02470505583794,-2.75797129989428],[-79.02568734588252,-2.756364154183463],[-79.02893438895806,-2.757474450293614],[-79.03003008831385,-2.757489288677771],[-79.03126583520469,-2.756604084365628],[-79.03652792740186,-2.755689109247026],[-79.03887681534471,-2.754322814661021],[-79.0488003675033,-2.754506959434391],[-79.05340760133716,-2.75212165186276],[-79.05982086365317,-2.748089452440563],[-79.05989043941737,-2.74705851822499],[-79.0613247754502,-2.747133372416278],[-79.06193909628878,-2.746462205426707],[-79.06415900573472,-2.746396010981332],[-79.06532439187647,-2.745917063511391],[-79.07578814473347,-2.750533876603978],[-79.10277239030815,-2.750014809916539],[-79.10545629948123,-2.75062102565078],[-79.10611663388906,-2.745993565353654],[-79.10779727808588,-2.742997600183934],[-79.10895222690581,-2.74184273455658],[-79.11129206153244,-2.741311423500076],[-79.11305326943916,-2.741461143709528],[-79.11528643167574,-2.742670535437229],[-79.11703027381668,-2.742140436044139],[-79.121466924313,-2.741753376088508],[-79.12423121160151,-2.739700513166358],[-79.12650501881407,-2.739775291756634],[-79.13011012972103,-2.738831509881449],[-79.13691715306341,-2.738201259449902],[-79.13820856974863,-2.737522827698381],[-79.14108558975425,-2.734227943915588],[-79.14611677334261,-2.732028259094236],[-79.1446538266417,-2.730108788827317],[-79.14461999999727,-2.726362579324643],[-79.14378369358154,-2.724993299458444],[-79.1436542389048,-2.721724208823435],[-79.14410131894695,-2.719004769228114],[-79.1438072979656,-2.714741204825289],[-79.13944631113516,-2.715371334866772],[-79.13411858716027,-2.715557322220087],[-79.13348688894332,-2.714804843373239],[-79.13224859462181,-2.715051403788144],[-79.13002732939748,-2.714463102919146],[-79.1283249484721,-2.715185642279541],[-79.12760294611375,-2.714645165792601],[-79.1273213326818,-2.715782134182591],[-79.12594347358554,-2.715701361707821]]]}},{"type":"Feature","properties":{"Pob_total":42.0},"geometry":{"type":"Polygon","coordinates":[[[-79.37618917542204,-2.766348255632352],[-79.37646755027119,-2.768640322553107],[-79.37619732200478,-2.772983667684413],[-79.37417031979466,-2.774271904652292],[-79.37383054777185,-2.775847337739086],[-79.37294922861028,-2.777433359434671],[-79.37274068095498,-2.779619628213877],[-79.37142802951833,-2.784505474370903],[-79.37123471554445,-2.786898437411196],[-79.37181036162582,-2.789150127755605],[-79.37104714260386,-2.790733645847447],[-79.37091221720367,-2.791989940089857],[-79.37166214013244,-2.795299764807996],[-79.37068191455893,-2.797911931862789],[-79.37078466529736,-2.799431307800341],[-79.37027367223722,-2.800274297128528],[-79.37122441485063,-2.802734693616217],[-79.36998852475615,-2.804601865524226],[-79.36946586031169,-2.806189147452332],[-79.36783501732434,-2.80795103563536],[-79.36724380869146,-2.809538488943558],[-79.36488206790587,-2.811531757802577],[-79.36406215456721,-2.81305060703426],[-79.36541896811377,-2.817496042263318],[-79.36726270434217,-2.819561241440182],[-79.36744796407491,-2.820859672125443],[-79.36715181631652,-2.821366042762476],[-79.37108812152624,-2.824105030812834],[-79.37262067001208,-2.824757037641896],[-79.37832049017432,-2.823377606217605],[-79.38098542889993,-2.824579039678018],[-79.38353067028888,-2.822918608162062],[-79.39013875672653,-2.822603178011418],[-79.39229345856361,-2.82168218303895],[-79.39412280283503,-2.822161219637646],[-79.39681707361238,-2.820753358011499],[-79.39863340639889,-2.820358770532335],[-79.40506909100232,-2.821322455758766],[-79.4090724796663,-2.823199242081968],[-79.41145984683246,-2.82267699751353],[-79.41208696532486,-2.821905630742739],[-79.41397075994546,-2.820982156557089],[-79.41027638589733,-2.813403595290393],[-79.41036642549955,-2.812667750821479],[-79.41151778541092,-2.811171086111204],[-79.41162736780927,-2.80874557811854],[-79.41216151490092,-2.80721569312539],[-79.4045561696042,-2.805197701433994],[-79.40221246295098,-2.802962402865927],[-79.40260509404818,-2.801795064140219],[-79.40442248915822,-2.799197999602373],[-79.40381741170495,-2.797112643813784],[-79.40368419567749,-2.79099353754038],[-79.40099260217687,-2.783545538590945],[-79.3996018661193,-2.781504700956828],[-79.39866184555385,-2.78083745942569],[-79.39824150227294,-2.776280601371185],[-79.39759773399729,-2.774812605573036],[-79.39593190942732,-2.773699260022103],[-79.39505471918952,-2.772596114803554],[-79.39382438616796,-2.772269965152633],[-79.39366589162586,-2.771422460759582],[-79.39243475851002,-2.770222439185879],[-79.3905656901312,-2.766892954517459],[-79.38990213631287,-2.766515033913641],[-79.38866806601223,-2.766563520417217],[-79.38608286356335,-2.765178301258137],[-79.38523258152547,-2.762743280885747],[-79.38190028765209,-2.759106624181197],[-79.37823942198622,-2.762895773198278],[-79.37597827122576,-2.763636130902858],[-79.37577420908707,-2.764498589226806],[-79.37618917542204,-2.766348255632352]]]}},{"type":"Feature","properties":{"Pob_total":173.0},"geometry":{"type":"Polygon","coordinates":[[[-79.4269009470134,-2.798247447411399],[-79.4250067243094,-2.801533590235248],[-79.42721114122106,-2.806793428372924],[-79.4270907842784,-2.809563774481191],[-79.42607775548379,-2.811669380446491],[-79.42655911106839,-2.818254676929751],[-79.42814579237844,-2.821912338849054],[-79.43026146608146,-2.824005636718053],[-79.43082002723898,-2.826263955921583],[-79.43159339829633,-2.827232758497482],[-79.43168439244667,-2.828323272509625],[-79.43355515013552,-2.829151036800313],[-79.43490416441493,-2.831386735821202],[-79.43687234259205,-2.832681557253223],[-79.43790385567628,-2.834254102593143],[-79.43810029250562,-2.836670018122046],[-79.43888131650183,-2.838911098414235],[-79.43833642323067,-2.841873237454569],[-79.4393015560894,-2.843452569889573],[-79.43878897192648,-2.845256084667485],[-79.44110243639182,-2.847446705486336],[-79.44289630868153,-2.848158341140492],[-79.44295362026442,-2.849285168956368],[-79.44464511893808,-2.849878739843926],[-79.44588724000042,-2.852565214990025],[-79.44701253283482,-2.853505026783571],[-79.45372086890406,-2.8558600341667],[-79.45471689707495,-2.855741369552493],[-79.45622780932469,-2.854312779987942],[-79.45754833595613,-2.853936355557125],[-79.46342501589271,-2.855541016688887],[-79.4651491701895,-2.854322963092782],[-79.46615602300943,-2.854117120847042],[-79.47242288107887,-2.855747678330089],[-79.47497432941927,-2.857414869004718],[-79.47632307838366,-2.856931284612962],[-79.47766934179901,-2.855733953670821],[-79.47951102023606,-2.855435698051848],[-79.4810336753782,-2.85587806010666],[-79.48327761423833,-2.855628802266329],[-79.48826442968472,-2.85589025373977],[-79.4960264567052,-2.856853522839502],[-79.4968201650893,-2.857809872307703],[-79.49643860210257,-2.859960280775911],[-79.49739172480908,-2.862205141180159],[-79.49959136861897,-2.86256264233182],[-79.49991260678425,-2.863572636269589],[-79.50262496119953,-2.864382677253597],[-79.50504500700656,-2.865976585555547],[-79.5060114080852,-2.869376018833008],[-79.50554149631049,-2.872511928217738],[-79.51568182372465,-2.872533070610068],[-79.51809853965014,-2.869551428495624],[-79.5150082559939,-2.865718460941942],[-79.51860436106787,-2.863639763253088],[-79.5206351928798,-2.859932641094361],[-79.52098391358294,-2.857900092990921],[-79.52204599788462,-2.856578328408124],[-79.52338001236419,-2.857073401372423],[-79.52481962282909,-2.855878916067125],[-79.52653868057706,-2.855546682051027],[-79.5277725335079,-2.856931552139657],[-79.52870563208224,-2.857232472356681],[-79.53006931258436,-2.857109868776921],[-79.53147235079882,-2.856309825931454],[-79.53213703106292,-2.853784406953499],[-79.5304835730767,-2.851825971845477],[-79.5317677641105,-2.848126343735836],[-79.53342075197962,-2.846899371440829],[-79.532945067466,-2.845936116178811],[-79.53309025974156,-2.844497664548708],[-79.53267097275668,-2.84267891457257],[-79.53377123643254,-2.840085761353212],[-79.53313669859754,-2.839056825415657],[-79.530723821952,-2.839311142936901],[-79.53018848043044,-2.838795764100076],[-79.53048029798057,-2.837844613349095],[-79.53144780485995,-2.837171432547136],[-79.53116662765603,-2.834747453098454],[-79.5322502399932,-2.833725317803881],[-79.53221911632414,-2.830580845437629],[-79.53417029032943,-2.826804446067737],[-79.53382003135144,-2.825102388257274],[-79.52929042223865,-2.819672460967998],[-79.5256142886402,-2.821087247066077],[-79.52028602476844,-2.821946598549177],[-79.51892299381973,-2.824224215146059],[-79.51844668432287,-2.82440593322503],[-79.51627231505299,-2.822944353333673],[-79.51242887931596,-2.822094626070989],[-79.50569734442023,-2.821310627346375],[-79.50395740349042,-2.820510164887302],[-79.5022605698732,-2.821451887509279],[-79.49691866597715,-2.820530356731801],[-79.49305229455027,-2.822453674374331],[-79.49263925625895,-2.823303352354455],[-79.49147263322072,-2.823760811884529],[-79.48990342826234,-2.825608144761468],[-79.48781130659309,-2.82604078416136],[-79.48692370538453,-2.824050697705331],[-79.48538274223615,-2.823116626723675],[-79.48122523756514,-2.821901658070936],[-79.47720375707567,-2.821296052852403],[-79.47423700283122,-2.818934068788484],[-79.47168958936133,-2.818423262713391],[-79.469319829401,-2.814660281540002],[-79.46629442396333,-2.8130911783735],[-79.46292400853447,-2.812693682419177],[-79.4599623726752,-2.813607246696582],[-79.4582023352556,-2.813718687309557],[-79.457309883165,-2.814234167788324],[-79.45464674274623,-2.814481683342656],[-79.44826225905521,-2.806768489073487],[-79.44618832344538,-2.805266425104218],[-79.44598016384548,-2.804228925352262],[-79.44489799912024,-2.804207651253728],[-79.44391083564653,-2.80644722892583],[-79.44114425182597,-2.80694271201041],[-79.43989292078199,-2.805728725324938],[-79.43738745846363,-2.805416344387164],[-79.4370113285232,-2.80382319982023],[-79.43613575536497,-2.804487605088047],[-79.43429352418606,-2.803201510818661],[-79.43278048787337,-2.803247017045424],[-79.4297087236522,-2.802149429799365],[-79.43056207876387,-2.800415320227123],[-79.43044644099454,-2.798489740882802],[-79.43094386235022,-2.797753518507479],[-79.43056653806467,-2.797063661704106],[-79.42853118532723,-2.798796181214333],[-79.4279164167216,-2.79889043556243],[-79.4269009470134,-2.798247447411399]]]}},{"type":"Feature","properties":{"Pob_total":46.0},"geometry":{"type":"Polygon","coordinates":[[[-79.39164003912452,-2.679224655307399],[-79.38749999092161,-2.677296643610129],[-79.3881517249922,-2.68333544944994],[-79.38726470672924,-2.685498282209532],[-79.3898382117759,-2.686803134808407],[-79.39007950830677,-2.687480808934644],[-79.3875814287865,-2.689692962757245],[-79.38601241333907,-2.693673247550512],[-79.387458244505,-2.696796602340005],[-79.3882989921462,-2.700151118886969],[-79.38730939345002,-2.702475054866183],[-79.38726806753277,-2.704693530648892],[-79.38912849924439,-2.704871188853899],[-79.39190332318974,-2.706019599396106],[-79.39296394619697,-2.70795260880176],[-79.39558386303466,-2.707779475613253],[-79.39729602976853,-2.708488764035225],[-79.39945221599908,-2.70828887563369],[-79.40387443403482,-2.711023698979726],[-79.40802642529675,-2.711697774342427],[-79.41039891114208,-2.713843052449013],[-79.41332212180302,-2.714075981152214],[-79.41856423849651,-2.720147546112936],[-79.42157649492746,-2.716150991739165],[-79.42466844712287,-2.713969041405474],[-79.42598602741319,-2.712555604197271],[-79.42979371289005,-2.703607167476147],[-79.42706566286155,-2.703351546823369],[-79.42499274856822,-2.701406190982537],[-79.42331157574826,-2.700697154944045],[-79.42217563864561,-2.698331678168878],[-79.42123910353217,-2.6985981482659],[-79.41760150745995,-2.696617385504984],[-79.41694860728268,-2.695848642759153],[-79.41633934263447,-2.694022400968044],[-79.41514892490034,-2.692978938273716],[-79.41272520349024,-2.692351944808867],[-79.41096263696298,-2.693475559714091],[-79.41056727318607,-2.693218660027284],[-79.40998155253797,-2.69169116306568],[-79.40989778087942,-2.687560142960168],[-79.40922613020888,-2.685301998852665],[-79.4084845861473,-2.684729835390212],[-79.4079707447756,-2.683465512165871],[-79.40749483857826,-2.681792925296535],[-79.40767379837976,-2.68039719539587],[-79.40652914964575,-2.679376675521756],[-79.40655051247894,-2.677805303215756],[-79.40512946287986,-2.67654060551259],[-79.3980190645117,-2.674992646258863],[-79.39398018637783,-2.678035715618324],[-79.39164003912452,-2.679224655307399]]]}},{"type":"Feature","properties":{"Pob_total":36.0},"geometry":{"type":"Polygon","coordinates":[[[-79.39412280283503,-2.822161219637646],[-79.39185925660769,-2.821729057318713],[-79.38954479923613,-2.822989668693332],[-79.3857300042514,-2.826232058509749],[-79.37922244339009,-2.833339951214329],[-79.3760588588447,-2.834383516179119],[-79.37211018591304,-2.838164039916338],[-79.36736956787809,-2.839254406792544],[-79.36010557754211,-2.840165275672064],[-79.3557646739031,-2.841289638463367],[-79.35008907312448,-2.843902722413158],[-79.34257474532684,-2.845164843631849],[-79.34052590086749,-2.850965312817068],[-79.3395748518689,-2.852052602902513],[-79.3423876667115,-2.853681344908469],[-79.34348161876046,-2.853292004399211],[-79.34409820187189,-2.854016085209307],[-79.34534517417087,-2.854363792249339],[-79.34615772196136,-2.855790451089733],[-79.34821221811988,-2.855543910180482],[-79.34997523035645,-2.857936497295759],[-79.35137847149679,-2.857252406784001],[-79.35377773552075,-2.85895066190083],[-79.35761526123913,-2.859821980193052],[-79.360039925517,-2.860935798212044],[-79.36383014849629,-2.860423409550865],[-79.36731404265349,-2.861684061179468],[-79.3697289043738,-2.862051774641646],[-79.37140273896618,-2.861716755805029],[-79.37263888473647,-2.86096013993405],[-79.37308409075598,-2.857835569005461],[-79.37660148057897,-2.852864999119353],[-79.37975522250025,-2.851548495123326],[-79.38110338467743,-2.850176434461768],[-79.38562925494102,-2.849515138888284],[-79.38725121817973,-2.850774365978393],[-79.39052518821678,-2.851481547049645],[-79.39184110808174,-2.851234071367811],[-79.39313224942796,-2.850244716918406],[-79.39606821427924,-2.851483169109384],[-79.39805604377293,-2.853357581373496],[-79.40141018610494,-2.854845128030385],[-79.40258380259722,-2.855005475017309],[-79.40310734186939,-2.855738462026713],[-79.40437831371642,-2.856199010464846],[-79.40578977298132,-2.858360745579992],[-79.40728408574846,-2.859732282065302],[-79.40772426478583,-2.862541086474005],[-79.4090701833375,-2.863909707247922],[-79.40934258914915,-2.865888988569249],[-79.41080360498843,-2.868389752377049],[-79.41367245729803,-2.869633162583626],[-79.41372393192621,-2.870922480949936],[-79.414782538184,-2.870882263908348],[-79.41712962638789,-2.871742402673334],[-79.41724383130544,-2.873262514255321],[-79.41890043135344,-2.874243872268748],[-79.42046051278788,-2.874514903429881],[-79.42282558201126,-2.873228933566569],[-79.42697030198117,-2.872526826881989],[-79.42851893217252,-2.871640522378347],[-79.4301349203364,-2.867653804030422],[-79.43249646520015,-2.866562866870495],[-79.43460167648045,-2.866885377069969],[-79.43514655125948,-2.865338923897567],[-79.43492108661657,-2.862996498814332],[-79.43714974150856,-2.860732760886821],[-79.43831319310473,-2.860919929473554],[-79.4389619967093,-2.856896936687606],[-79.4385918907177,-2.854220322947905],[-79.43953426427682,-2.851593619919376],[-79.43861332297939,-2.850194938316186],[-79.43875257853144,-2.845030938644818],[-79.4393015560894,-2.843452569889573],[-79.43833642323067,-2.841873237454569],[-79.43888131650183,-2.838911098414235],[-79.43810029250562,-2.836670018122046],[-79.43790385567628,-2.834254102593143],[-79.43718149706937,-2.833002749046384],[-79.43490416441493,-2.831386735821202],[-79.43355515013552,-2.829151036800313],[-79.43168439244667,-2.828323272509625],[-79.43159339829633,-2.827232758497482],[-79.43082002723898,-2.826263955921583],[-79.42936399455745,-2.826777645800421],[-79.42824167590194,-2.825527108907253],[-79.42601081243609,-2.824290346521937],[-79.4233552700002,-2.822112024195274],[-79.41490753534408,-2.820819294341375],[-79.41247501328229,-2.821674922489328],[-79.41145984683246,-2.82267699751353],[-79.40938110653246,-2.823233038354833],[-79.40506909100232,-2.821322455758766],[-79.39863340639889,-2.820358770532335],[-79.39681707361238,-2.820753358011499],[-79.39412280283503,-2.822161219637646]]]}},{"type":"Feature","properties":{"Pob_total":47.0},"geometry":{"type":"Polygon","coordinates":[[[-79.44592592297026,-2.64946979796375],[-79.44580958187099,-2.650977675832893],[-79.44761414763244,-2.651530706997448],[-79.44974165616277,-2.653369239084238],[-79.44847998906306,-2.656631383088301],[-79.4471593975436,-2.658343173764972],[-79.44689103611188,-2.662075727787095],[-79.4478146670798,-2.665306490560305],[-79.44986965789289,-2.667347846280365],[-79.44966133049124,-2.669184454497816],[-79.45001660383888,-2.672811252635632],[-79.45079992349164,-2.675660116757807],[-79.4503109858299,-2.676868096501669],[-79.44833591881537,-2.677723020781539],[-79.44683069026071,-2.679266587382704],[-79.44554054187768,-2.679832616594907],[-79.44391067999152,-2.681859219194671],[-79.44382828995728,-2.686353740032726],[-79.44273658719027,-2.688999792585765],[-79.44267920444763,-2.690566623490715],[-79.4418406521998,-2.693209471358664],[-79.44298766958528,-2.694322951996106],[-79.44290935770451,-2.696434100095162],[-79.44429834120245,-2.697939852738662],[-79.44493155863736,-2.699353741623528],[-79.44367995964018,-2.703673295179019],[-79.44194680438535,-2.705978468656807],[-79.44188041253769,-2.707475294970596],[-79.44033015756432,-2.710910336085185],[-79.43959659631203,-2.713982787833611],[-79.44120169118673,-2.714715154598617],[-79.44333027920989,-2.71761072208889],[-79.44619995580649,-2.714842065667045],[-79.44804609587483,-2.714226762648009],[-79.44959815306277,-2.710990119287951],[-79.45072109110733,-2.710689952885774],[-79.45209158097902,-2.709633961827233],[-79.45345021514818,-2.709772352924118],[-79.45387204567534,-2.705262152196019],[-79.45658435971337,-2.700266784225417],[-79.45751838675494,-2.6994251882957],[-79.45865025674824,-2.699377792770778],[-79.4595410747686,-2.698283003870146],[-79.46093119600272,-2.697548790487653],[-79.46028395346971,-2.695969465631683],[-79.46086219765162,-2.694125365587921],[-79.46453331961177,-2.693503553722736],[-79.46582303936368,-2.691642620451287],[-79.46783185570845,-2.689853215013628],[-79.4741754163067,-2.685034514374653],[-79.47439111934659,-2.684344377323466],[-79.4734629563423,-2.683081960922911],[-79.47404164511318,-2.681069169400824],[-79.47628802992512,-2.678776744996629],[-79.48302345841043,-2.675612373692434],[-79.48314523480433,-2.673704000905118],[-79.48390828810362,-2.672472355175985],[-79.48484405391395,-2.669444998949409],[-79.48693488222308,-2.667830627748814],[-79.48682767032336,-2.667323222493395],[-79.48586233613925,-2.666884035624445],[-79.48570068814836,-2.666180405396314],[-79.4880176567062,-2.663925370633731],[-79.48778732327794,-2.661576479684184],[-79.48913789379816,-2.658123468606441],[-79.48888124012697,-2.656855019023252],[-79.48758981886331,-2.656859584651162],[-79.4874176426476,-2.656086845027819],[-79.48796063204509,-2.654841267042715],[-79.48887980045133,-2.654486427316811],[-79.48936027179667,-2.653619435230707],[-79.48043535408348,-2.65360737176341],[-79.48175191493233,-2.651786478687682],[-79.48372612044315,-2.650342881837266],[-79.48375506912375,-2.649906376240505],[-79.4809847883986,-2.644853509085396],[-79.48015267429673,-2.644324595154165],[-79.4789102154189,-2.642465828183829],[-79.47821799816043,-2.643745127501672],[-79.47533694764707,-2.645486225273322],[-79.47356956368894,-2.648496448335881],[-79.47148684243248,-2.650352379305874],[-79.47148297707461,-2.651456079370462],[-79.47241975201221,-2.653091274061115],[-79.47211823253161,-2.653442796760357],[-79.46837144196432,-2.655803824342994],[-79.46603050527796,-2.656714689775794],[-79.46678439362955,-2.658172675185396],[-79.46624615574153,-2.660729048595039],[-79.46633308314698,-2.663524227368169],[-79.46586854107701,-2.664798369107833],[-79.46015693253854,-2.657301253107128],[-79.44592592297026,-2.64946979796375]]]}},{"type":"Feature","properties":{"Pob_total":172.0},"geometry":{"type":"Polygon","coordinates":[[[-79.3731435041719,-2.775147607816656],[-79.37085655647182,-2.774347726544085],[-79.36785155542498,-2.774549391235522],[-79.3655790201237,-2.775312664580291],[-79.36449317372043,-2.775165468978794],[-79.36321618248138,-2.776673839045817],[-79.36214249222083,-2.776905936788324],[-79.36068234361136,-2.778253708393705],[-79.35725617705236,-2.779306725971432],[-79.35665168968167,-2.779917113884251],[-79.35615262044251,-2.781883608732102],[-79.35498849542218,-2.782667563864611],[-79.35448871556487,-2.784231803178739],[-79.34357414250081,-2.789449323101127],[-79.34336493616499,-2.792615511978785],[-79.34212216313642,-2.795153273693574],[-79.34033060116852,-2.796536243813424],[-79.33945374668532,-2.798124161851252],[-79.33478558350728,-2.801110541250083],[-79.33316359343848,-2.801493101497013],[-79.3321836725964,-2.803012223763147],[-79.33048808037199,-2.803995051349692],[-79.33109829248933,-2.806341448777995],[-79.33336547759627,-2.809520024514998],[-79.3337923466245,-2.813559596409016],[-79.33590976089984,-2.816828127435537],[-79.33623501785017,-2.819901018239737],[-79.33862936499644,-2.824197093791769],[-79.34114628955345,-2.827501646767883],[-79.34168675971942,-2.829986625562964],[-79.34158052542925,-2.832960630990512],[-79.34278176130326,-2.833007956893511],[-79.34213722766916,-2.833853210450419],[-79.33917776460729,-2.834077475929616],[-79.33860811560228,-2.83516707180903],[-79.33726953406308,-2.836053976445833],[-79.33640528377693,-2.837836693166213],[-79.33729510611998,-2.838784261295618],[-79.33590839581676,-2.841679812220512],[-79.33464078684185,-2.842833642266428],[-79.33124030069847,-2.844486833121009],[-79.33226880691966,-2.847469600869367],[-79.3385028189826,-2.844581107518739],[-79.34113484389256,-2.84448440608644],[-79.34257474532684,-2.845164843631849],[-79.3450570079058,-2.844950642947417],[-79.3514788756183,-2.84338175324402],[-79.35421711367655,-2.836483833431033],[-79.3567469376341,-2.835128956893031],[-79.35738545883143,-2.834334604894404],[-79.36054093428854,-2.824425373470014],[-79.36207928705562,-2.822077469069932],[-79.36220930032425,-2.81830722105485],[-79.36339069859041,-2.814523268508071],[-79.36299250799145,-2.813838490651519],[-79.36408102420904,-2.813255370788479],[-79.36488206790587,-2.811531757802577],[-79.36724380869146,-2.809538488943558],[-79.36783501732434,-2.80795103563536],[-79.36946586031169,-2.806189147452332],[-79.36998852475615,-2.804601865524226],[-79.37122441485063,-2.802734693616217],[-79.37027367223722,-2.800274297128528],[-79.37078466529736,-2.799431307800341],[-79.37068191455893,-2.797911931862789],[-79.37166214013244,-2.795299764807996],[-79.37091221720367,-2.791989940089857],[-79.37104714260386,-2.790733645847447],[-79.37181036162582,-2.789150127755605],[-79.37123471554445,-2.786898437411196],[-79.37142802951833,-2.784505474370903],[-79.37274068095498,-2.779619628213877],[-79.37294922861028,-2.777433359434671],[-79.37383054777185,-2.775847337739086],[-79.37417031979466,-2.774271904652292],[-79.3731435041719,-2.775147607816656]]]}},{"type":"Feature","properties":{"Pob_total":217.0},"geometry":{"type":"Polygon","coordinates":[[[-79.40690041153128,-2.771256678840749],[-79.40216132401362,-2.771225095846447],[-79.3985524253485,-2.77232459299723],[-79.39539798311995,-2.772078390081667],[-79.39366589162586,-2.771422460759582],[-79.39382438616796,-2.772269965152633],[-79.39534935061391,-2.772795292544361],[-79.397933244164,-2.775380177554071],[-79.39866184555385,-2.78083745942569],[-79.3996018661193,-2.781504700956828],[-79.40099260217687,-2.783545538590945],[-79.40354333966744,-2.790405521697874],[-79.40381741170495,-2.797112643813784],[-79.40442248915822,-2.799197999602373],[-79.40260509404818,-2.801795064140219],[-79.40221246295098,-2.802962402865927],[-79.4045561696042,-2.805197701433994],[-79.41216151490092,-2.80721569312539],[-79.41162736780927,-2.80874557811854],[-79.41151778541092,-2.811171086111204],[-79.41036642549955,-2.812667750821479],[-79.41027638589733,-2.813403595290393],[-79.41397075994546,-2.820982156557089],[-79.41661059391524,-2.820988115690993],[-79.4233552700002,-2.822112024195274],[-79.42601081243609,-2.824290346521937],[-79.42824167590194,-2.825527108907253],[-79.42936399455745,-2.826777645800421],[-79.43082002723898,-2.826263955921583],[-79.43026146608146,-2.824005636718053],[-79.42814579237844,-2.821912338849054],[-79.42655911106839,-2.818254676929751],[-79.42607775548379,-2.811669380446491],[-79.4270907842784,-2.809563774481191],[-79.42721114122106,-2.806793428372924],[-79.4250067243094,-2.801533590235248],[-79.4269009470134,-2.798247447411399],[-79.42688642506805,-2.795689277072847],[-79.4275678067991,-2.793986732599375],[-79.42769961361867,-2.791517815696745],[-79.43044837863704,-2.790933665235423],[-79.43302269440966,-2.78950948615334],[-79.43491289652776,-2.789066973714319],[-79.43726747398637,-2.785607845674743],[-79.43967275630855,-2.785089502987355],[-79.44082699610378,-2.783951172461772],[-79.44308235656175,-2.783569356824378],[-79.44330639808217,-2.783017628857082],[-79.43955156082988,-2.782594643844608],[-79.43693657373727,-2.781246107209936],[-79.43353493651368,-2.777889469849405],[-79.43077705037561,-2.773749694409771],[-79.42695779851617,-2.773518963332158],[-79.42477924688255,-2.775228945007137],[-79.42379831968474,-2.769974871811455],[-79.42266674354391,-2.770571442945322],[-79.42110275803404,-2.769740868929708],[-79.41935371154926,-2.770116636523273],[-79.41887617148055,-2.769419821292711],[-79.41724095159756,-2.768871581984481],[-79.41189694401163,-2.770951748580797],[-79.40934781673833,-2.770520373942936],[-79.40690041153128,-2.771256678840749]]]}},{"type":"Feature","properties":{"Pob_total":162.0},"geometry":{"type":"Polygon","coordinates":[[[-79.51348651169994,-2.712508452941971],[-79.51284819836353,-2.712283128599783],[-79.51128292669159,-2.713033475187965],[-79.51030444186857,-2.71441120003138],[-79.50587463426847,-2.71484054609673],[-79.50226110043032,-2.716580270477102],[-79.49763081616294,-2.716406275028717],[-79.49510162268577,-2.718376492559043],[-79.49261096581981,-2.719149250734586],[-79.49006034027963,-2.719254577181181],[-79.48856451501845,-2.718247019173325],[-79.4874412969532,-2.718474050924516],[-79.48627121749435,-2.717907340165678],[-79.4850846902803,-2.720363424835779],[-79.48375388609043,-2.721610704430725],[-79.48037828216691,-2.720992812342385],[-79.47888818376964,-2.722180641228372],[-79.47570357393096,-2.720594748598224],[-79.47370132350343,-2.720821103801957],[-79.47090504759578,-2.723541359829233],[-79.46841383156936,-2.724184451851793],[-79.46632329094896,-2.725884183949964],[-79.45904203207394,-2.729314082026695],[-79.4565623016102,-2.726291266420027],[-79.45148872327783,-2.722052517382519],[-79.44515883747601,-2.73569621528682],[-79.44175869298955,-2.741914444848483],[-79.43779039370348,-2.751640990967096],[-79.43699816663315,-2.752038641485761],[-79.43684710574108,-2.753325628469919],[-79.43586026811225,-2.755438372336376],[-79.43466826734935,-2.757286403728219],[-79.43004362302949,-2.76142624363354],[-79.43045988308036,-2.764829006830577],[-79.42998790277112,-2.766598032353496],[-79.42785887067126,-2.768409620916759],[-79.42592644816416,-2.769049416110105],[-79.42505833877877,-2.768875252296091],[-79.42379831968474,-2.769974871811455],[-79.42477924688255,-2.775228945007137],[-79.42695779851617,-2.773518963332158],[-79.43077705037561,-2.773749694409771],[-79.43353493651368,-2.777889469849405],[-79.43693657373727,-2.781246107209936],[-79.43955156082988,-2.782594643844608],[-79.44262591513353,-2.782749034374364],[-79.44366672959174,-2.783195087761813],[-79.44716957390406,-2.782647427213979],[-79.44948335049405,-2.783125183130983],[-79.45043108750087,-2.782743885905238],[-79.45161774566107,-2.783433044496994],[-79.45419167944384,-2.783184117032979],[-79.45581615855953,-2.784088727020771],[-79.45674097637324,-2.783626991619525],[-79.45727087304714,-2.782403350730244],[-79.4581005273751,-2.782154653593623],[-79.46043799825053,-2.78420657501665],[-79.46298324726658,-2.785004492483544],[-79.46446162728523,-2.787127826001899],[-79.46631392560097,-2.787629646585908],[-79.46712659359034,-2.789599535833819],[-79.4705923961176,-2.789850420831311],[-79.47174613377648,-2.789583503902142],[-79.47364387638453,-2.789935794748331],[-79.47559702398925,-2.789448792759481],[-79.47654788552951,-2.790630701096537],[-79.47760793659434,-2.789226128979176],[-79.478981359505,-2.790257639640494],[-79.48043003780597,-2.788921121477409],[-79.48297826670415,-2.788835250260541],[-79.48517064883526,-2.787933881165809],[-79.48589094754121,-2.788104747179638],[-79.48924959268666,-2.793201134446177],[-79.49052015780333,-2.794221477481392],[-79.49024852538915,-2.795566946964422],[-79.49102586452808,-2.795657210773868],[-79.49125530044013,-2.796082026798003],[-79.49035448275541,-2.797106983911833],[-79.49165981843709,-2.798368572126822],[-79.49255023493295,-2.797883881250367],[-79.49394528320127,-2.798271672479692],[-79.49453794783174,-2.7974657261261],[-79.49636833185338,-2.798404394721043],[-79.49753309120123,-2.797976577316753],[-79.49917916347808,-2.798156860111006],[-79.50104985265,-2.79647464943555],[-79.50217932686513,-2.796133241686178],[-79.5028184515955,-2.796743965296271],[-79.50248979323516,-2.797673893891216],[-79.50338563513314,-2.798372238062431],[-79.5040784990413,-2.79841409406844],[-79.50415825882006,-2.799849649513982],[-79.50709237494702,-2.800345575671377],[-79.50700938238082,-2.801534839373956],[-79.5094138593095,-2.801866027916805],[-79.51069151133875,-2.803995251453842],[-79.51190372740967,-2.803670311296768],[-79.51234762890616,-2.802005522203619],[-79.51328554233551,-2.802445078573648],[-79.51451495207058,-2.802394641502281],[-79.51568827571047,-2.804170654479427],[-79.51715699182621,-2.803147206847648],[-79.52225296952724,-2.802538501479106],[-79.52282268589114,-2.803318454958786],[-79.52591929399378,-2.804306723747805],[-79.52907621983431,-2.807274984228836],[-79.5316291231018,-2.807625588939615],[-79.53330844714523,-2.808515558912872],[-79.53664985409755,-2.809339970478356],[-79.53963127500286,-2.811207247642738],[-79.53994972802002,-2.810879438396724],[-79.53995303578395,-2.808213609849914],[-79.5393021200047,-2.807187466092814],[-79.54133090004719,-2.804001516395373],[-79.54191568016014,-2.800395194722546],[-79.54815340870725,-2.788364891093097],[-79.53994751056953,-2.791857814903619],[-79.53087516125827,-2.791700491266236],[-79.52872404306008,-2.79128549990755],[-79.52648811347419,-2.789787740122986],[-79.52722987106513,-2.785971333691792],[-79.52792999300166,-2.784489993469739],[-79.53276076015236,-2.778242037059555],[-79.53320181089775,-2.777098403857652],[-79.53333438776937,-2.77444616176037],[-79.53118360024577,-2.767461351653402],[-79.53131848770344,-2.762910810286141],[-79.53504700309121,-2.759144833054712],[-79.53583909570277,-2.756402382765792],[-79.5360243196466,-2.752970031421696],[-79.53551260270619,-2.748470690977923],[-79.5354294865715,-2.74239861104319],[-79.53753631193716,-2.735421866848794],[-79.5359646480927,-2.735361070032963],[-79.53481960154276,-2.736129226638152],[-79.53384882628247,-2.735587653379915],[-79.53373653523359,-2.734366114534065],[-79.53177008549683,-2.733052855582499],[-79.53078193890008,-2.730747669410444],[-79.52834344716722,-2.729627916575766],[-79.52785628146424,-2.729043783571733],[-79.52799040658252,-2.725966373441618],[-79.52544697179205,-2.726162749790368],[-79.52184836987426,-2.723730272036481],[-79.52098632183295,-2.721880975209136],[-79.51850298571185,-2.720464608064191],[-79.51753301627976,-2.718470294427447],[-79.51789752408918,-2.716556761836022],[-79.51872586381062,-2.715802154669569],[-79.51814965481698,-2.714900842587533],[-79.51898981559702,-2.713520043231441],[-79.51806600581612,-2.713798546866715],[-79.51640786869075,-2.712224750567174],[-79.51348651169994,-2.712508452941971]]]}},{"type":"Feature","properties":{"Pob_total":84.0},"geometry":{"type":"Polygon","coordinates":[[[-79.45613558813639,-2.783966716994685],[-79.45529031182038,-2.78399796186572],[-79.45387157573718,-2.783127354157854],[-79.45161774566107,-2.783433044496994],[-79.45083115621415,-2.782800489262947],[-79.44948335049405,-2.783125183130983],[-79.44716957390406,-2.782647427213979],[-79.44330639808217,-2.783017628857082],[-79.44308235656175,-2.783569356824378],[-79.44082699610378,-2.783951172461772],[-79.43967275630855,-2.785089502987355],[-79.43726747398637,-2.785607845674743],[-79.43491289652776,-2.789066973714319],[-79.43302269440966,-2.78950948615334],[-79.43044837863704,-2.790933665235423],[-79.42769961361867,-2.791517815696745],[-79.4275678067991,-2.793986732599375],[-79.42688642506805,-2.795689277072847],[-79.42690075119522,-2.798247259038868],[-79.4279164167216,-2.79889043556243],[-79.42853118532723,-2.798796181214333],[-79.43056653806467,-2.797063661704106],[-79.43094386235022,-2.797753518507479],[-79.43044644099454,-2.798489740882802],[-79.43056207876387,-2.800415320227123],[-79.4297087236522,-2.802149429799365],[-79.43278048787337,-2.803247017045424],[-79.43429352418606,-2.803201510818661],[-79.43613575536497,-2.804487605088047],[-79.4370113285232,-2.80382319982023],[-79.43738745846363,-2.805416344387164],[-79.43989292078199,-2.805728725324938],[-79.44114425182597,-2.80694271201041],[-79.44391083564653,-2.80644722892583],[-79.44489799912024,-2.804207651253728],[-79.44598016384548,-2.804228925352262],[-79.44618832344538,-2.805266425104218],[-79.44826225905521,-2.806768489073487],[-79.45464674274623,-2.814481683342656],[-79.457309883165,-2.814234167788324],[-79.4582023352556,-2.813718687309557],[-79.4599623726752,-2.813607246696582],[-79.46292400853447,-2.812693682419177],[-79.46629442396333,-2.8130911783735],[-79.469319829401,-2.814660281540002],[-79.47168958936133,-2.818423262713391],[-79.47423700283122,-2.818934068788484],[-79.47720375707567,-2.821296052852403],[-79.48122523756514,-2.821901658070936],[-79.48538274223615,-2.823116626723675],[-79.48692370538453,-2.824050697705331],[-79.48781130659309,-2.82604078416136],[-79.48990342826234,-2.825608144761468],[-79.49147263322072,-2.823760811884529],[-79.49263925625895,-2.823303352354455],[-79.49305229455027,-2.822453674374331],[-79.49691866597715,-2.820530356731801],[-79.5022605698732,-2.821451887509279],[-79.50395740349042,-2.820510164887302],[-79.50569734442023,-2.821310627346375],[-79.51242887931596,-2.822094626070989],[-79.51627231505299,-2.822944353333673],[-79.51844668432287,-2.82440593322503],[-79.51892299381973,-2.824224215146059],[-79.52028602476844,-2.821946598549177],[-79.5256142886402,-2.821087247066077],[-79.52929042223865,-2.819672460967998],[-79.52756173756946,-2.817614645976306],[-79.52687250805968,-2.81466089720898],[-79.5270701491014,-2.812626513298494],[-79.52650466632858,-2.811694171366153],[-79.52712241332162,-2.810395870345932],[-79.52908004984832,-2.80953708346158],[-79.53018125376094,-2.807437182716543],[-79.52821897096632,-2.806763999529896],[-79.52591929399378,-2.804306723747805],[-79.52282268589114,-2.803318454958786],[-79.52200852750879,-2.80251856577238],[-79.51715699182621,-2.803147206847648],[-79.51568827571047,-2.804170654479427],[-79.51451495207058,-2.802394641502281],[-79.51328554233551,-2.802445078573648],[-79.51234762890616,-2.802005522203619],[-79.51190372740967,-2.803670311296768],[-79.51069151133875,-2.803995251453842],[-79.5094138593095,-2.801866027916805],[-79.50700938238082,-2.801534839373956],[-79.50709237494702,-2.800345575671377],[-79.50415825882006,-2.799849649513982],[-79.5040784990413,-2.79841409406844],[-79.50338563513314,-2.798372238062431],[-79.50248979323516,-2.797673893891216],[-79.5028184515955,-2.796743965296271],[-79.50217932686513,-2.796133241686178],[-79.50104985265,-2.79647464943555],[-79.49917916347808,-2.798156860111006],[-79.49753309120123,-2.797976577316753],[-79.49636833185338,-2.798404394721043],[-79.49453794783174,-2.7974657261261],[-79.49394528320127,-2.798271672479692],[-79.49255023493295,-2.797883881250367],[-79.49165981843709,-2.798368572126822],[-79.49035448275541,-2.797106983911833],[-79.49125530044013,-2.796082026798003],[-79.49102586452808,-2.795657210773868],[-79.49024852538915,-2.795566946964422],[-79.49052015780333,-2.794221477481392],[-79.48924959268666,-2.793201134446177],[-79.48589094754121,-2.788104747179638],[-79.48517064883526,-2.787933881165809],[-79.48297826670415,-2.788835250260541],[-79.48043003780597,-2.788921121477409],[-79.478981359505,-2.790257639640494],[-79.47760793659434,-2.789226128979176],[-79.47654788552951,-2.790630701096537],[-79.47559702398925,-2.789448792759481],[-79.47364387638453,-2.789935794748331],[-79.47174613377648,-2.789583503902142],[-79.4705923961176,-2.789850420831311],[-79.46712659359034,-2.789599535833819],[-79.46631392560097,-2.787629646585908],[-79.46446162728523,-2.787127826001899],[-79.46298324726658,-2.785004492483544],[-79.46043799825053,-2.78420657501665],[-79.4581005273751,-2.782154653593623],[-79.45727087304714,-2.782403350730244],[-79.45674097637324,-2.783626991619525],[-79.45613558813639,-2.783966716994685]]]}},{"type":"Feature","properties":{"Pob_total":103.0},"geometry":{"type":"Polygon","coordinates":[[[-79.31213663584478,-2.757974223922251],[-79.30964692395152,-2.758657407171206],[-79.30749881912232,-2.758730663218006],[-79.30569584108532,-2.760033088965435],[-79.30441587432219,-2.759955295394015],[-79.30231764749267,-2.760750972064826],[-79.30020102212234,-2.760825798369944],[-79.2985288563433,-2.763539199297052],[-79.29670235743207,-2.763282717752779],[-79.29617402650996,-2.76385095744786],[-79.29297242073798,-2.763207992543931],[-79.29067253635345,-2.763651485681741],[-79.28639548753148,-2.763484758295639],[-79.285340920964,-2.764027826555123],[-79.27976564459176,-2.761341025963551],[-79.28096777376008,-2.767246921136941],[-79.28280265738665,-2.772693257698532],[-79.28625177987581,-2.777808199306967],[-79.29053231628275,-2.778594728047755],[-79.29164241776527,-2.77935921052244],[-79.29211840840757,-2.78343846951352],[-79.29441120886392,-2.787456622376753],[-79.29709863330963,-2.790730666681204],[-79.29919007623651,-2.795009879212628],[-79.2996594452173,-2.795445710438011],[-79.30139663818572,-2.795603140318155],[-79.30201479420599,-2.79619961345313],[-79.30209623262323,-2.796981049992785],[-79.30108146518192,-2.798201379498682],[-79.30102596075758,-2.799086522608494],[-79.30179353704406,-2.800153905951557],[-79.30154335508801,-2.800832488644454],[-79.3035571822425,-2.80225372909112],[-79.30355836145829,-2.80293178059281],[-79.30267882538335,-2.80310593499796],[-79.2984706976423,-2.801505246545427],[-79.2936589955826,-2.80099759612999],[-79.29193422127894,-2.801391791376245],[-79.288631382137,-2.801168472584489],[-79.28523583618244,-2.800198336968226],[-79.28449131282034,-2.799245831438105],[-79.28359939232338,-2.798914272367846],[-79.28258495136659,-2.800272479546817],[-79.28145877425537,-2.803079197747261],[-79.28115773572979,-2.807228918064084],[-79.2794369201985,-2.809772415744851],[-79.27978141842824,-2.811830320011838],[-79.27858849586526,-2.81357787706995],[-79.27586071579697,-2.816105792755398],[-79.27460623546838,-2.820787978294801],[-79.27224527350113,-2.822902074040373],[-79.26949611099215,-2.824371080425895],[-79.2676799716584,-2.82482164557112],[-79.27032800897939,-2.826846703456904],[-79.27428127371408,-2.831594237029538],[-79.27612247567764,-2.832644272328771],[-79.27737942073678,-2.834073245544703],[-79.27909773869301,-2.837007186211058],[-79.27916375809532,-2.837409260899113],[-79.27843048239369,-2.8376761579727],[-79.27864591233055,-2.838413395321253],[-79.28324296659045,-2.844223525942128],[-79.28569340356648,-2.848606906823526],[-79.28621850675249,-2.853967125377961],[-79.28730288641262,-2.852846633614425],[-79.28901978321204,-2.852028528543208],[-79.29529199095839,-2.851493515019713],[-79.29950449784916,-2.852705698894911],[-79.302674579274,-2.854829055107558],[-79.30502009399461,-2.856993072824384],[-79.30551984088748,-2.856977086782443],[-79.30628690971862,-2.856408758965541],[-79.30839893690516,-2.853070572155659],[-79.31066605823882,-2.84618187118998],[-79.31273473902706,-2.843990881992014],[-79.31431799832802,-2.843423726775239],[-79.31603359035682,-2.843509985429363],[-79.32013657731885,-2.845584440352803],[-79.32090280530257,-2.845602311619152],[-79.32220298278929,-2.844984513362807],[-79.32488893819436,-2.842107671935792],[-79.32657285668607,-2.841054947013375],[-79.32888762778697,-2.841477024068372],[-79.33005207125835,-2.842550637505985],[-79.33124030069847,-2.844486833121009],[-79.33464078684185,-2.842833642266428],[-79.33590839581676,-2.841679812220512],[-79.33729510611998,-2.838784261295618],[-79.33640528377693,-2.837836693166213],[-79.33726953406308,-2.836053976445833],[-79.33860811560228,-2.83516707180903],[-79.33917776460729,-2.834077475929616],[-79.34213722766916,-2.833853210450419],[-79.34278176130326,-2.833007956893511],[-79.34158052542925,-2.832960630990512],[-79.34168675971942,-2.829986625562964],[-79.34114628955345,-2.827501646767883],[-79.33862936499644,-2.824197093791769],[-79.33623501785017,-2.819901018239737],[-79.33590976089984,-2.816828127435537],[-79.3337923466245,-2.813559596409016],[-79.33336547759627,-2.809520024514998],[-79.33109829248933,-2.806341448777995],[-79.33048808037199,-2.803995051349692],[-79.3321836725964,-2.803012223763147],[-79.33316359343848,-2.801493101497013],[-79.33478558350728,-2.801110541250083],[-79.33945374668532,-2.798124161851252],[-79.34033060116852,-2.796536243813424],[-79.34212216313642,-2.795153273693574],[-79.34336493616499,-2.792615511978785],[-79.34357414250081,-2.789449323101127],[-79.35448871556487,-2.784231803178739],[-79.35498849542218,-2.782667563864611],[-79.35627791700294,-2.781676508373024],[-79.35687967072674,-2.779594859361114],[-79.36068234361136,-2.778253708393705],[-79.36214249222083,-2.776905936788324],[-79.36321618248138,-2.776673839045817],[-79.36449317372043,-2.775165468978794],[-79.3622424884498,-2.775411484645916],[-79.36038192274235,-2.776518692274516],[-79.3570526461834,-2.77442215406888],[-79.35589945628573,-2.774918835919353],[-79.35266505596987,-2.774661101787727],[-79.35148653302626,-2.773835882637929],[-79.34446708816192,-2.772160733126018],[-79.33832455926566,-2.768851501363166],[-79.33527738756923,-2.767672138353539],[-79.3318196211754,-2.767244218339143],[-79.32798205403579,-2.765225062478562],[-79.32703799149382,-2.764483904259576],[-79.32417475202428,-2.760101884059103],[-79.32218586367053,-2.758784378244675],[-79.32000975974034,-2.758038670323729],[-79.31213663584478,-2.757974223922251]]]}},{"type":"Feature","properties":{"Pob_total":121.0},"geometry":{"type":"Polygon","coordinates":[[[-79.50050065663282,-2.648799607151087],[-79.49568842960018,-2.648880572842906],[-79.49055227399363,-2.650899950504651],[-79.4890538716085,-2.654293464784029],[-79.48809975439231,-2.654693838832031],[-79.48746559069619,-2.655926557355071],[-79.48758981886331,-2.656859584651162],[-79.4886431808457,-2.65671364674927],[-79.48912175311952,-2.657640325545799],[-79.48904966568634,-2.658720078172391],[-79.48778732327794,-2.661576479684184],[-79.4880176567062,-2.663925370633731],[-79.48570068814836,-2.666180405396314],[-79.48586233613925,-2.666884035624445],[-79.48682767032336,-2.667323222493395],[-79.48693488222308,-2.667830627748814],[-79.48484405391395,-2.669444998949409],[-79.48390828810362,-2.672472355175985],[-79.48314523480433,-2.673704000905118],[-79.48302345841043,-2.675612373692434],[-79.47628802992512,-2.678776744996629],[-79.47404164511318,-2.681069169400824],[-79.4734629563423,-2.683081960922911],[-79.47439111934659,-2.684344377323466],[-79.4741754163067,-2.685034514374653],[-79.46783185570845,-2.689853215013628],[-79.46582303936368,-2.691642620451287],[-79.46453331961177,-2.693503553722736],[-79.46086219765162,-2.694125365587921],[-79.46028395346971,-2.695969465631683],[-79.46093119600272,-2.697548790487653],[-79.4595410747686,-2.698283003870146],[-79.45865025674824,-2.699377792770778],[-79.45751838675494,-2.6994251882957],[-79.45658435971337,-2.700266784225417],[-79.45387204567534,-2.705262152196019],[-79.45345021514818,-2.709772352924118],[-79.45209158097902,-2.709633961827233],[-79.45072109110733,-2.710689952885774],[-79.44959815306277,-2.710990119287951],[-79.44804609587483,-2.714226762648009],[-79.44619995580649,-2.714842065667045],[-79.44333027920989,-2.71761072208889],[-79.45235622302545,-2.72261917485248],[-79.4565623016102,-2.726291266420027],[-79.45904203207394,-2.729314082026695],[-79.46632329094896,-2.725884183949964],[-79.46841383156936,-2.724184451851793],[-79.47090504759578,-2.723541359829233],[-79.47370132350343,-2.720821103801957],[-79.47570357393096,-2.720594748598224],[-79.47888818376964,-2.722180641228372],[-79.48037828216691,-2.720992812342385],[-79.48326119840834,-2.721696354405522],[-79.4850846902803,-2.720363424835779],[-79.48627121749435,-2.717907340165678],[-79.4874412969532,-2.718474050924516],[-79.48856451501845,-2.718247019173325],[-79.49006034027963,-2.719254577181181],[-79.49261096581981,-2.719149250734586],[-79.49510162268577,-2.718376492559043],[-79.49763081616294,-2.716406275028717],[-79.50004451308345,-2.7162672969171],[-79.50185379129155,-2.716679688295561],[-79.50587463426847,-2.71484054609673],[-79.51030444186857,-2.71441120003138],[-79.51128292669159,-2.713033475187965],[-79.51284819836353,-2.712283128599783],[-79.51640786869075,-2.712224750567174],[-79.51806600581612,-2.713798546866715],[-79.51898981559702,-2.713520043231441],[-79.51892061590914,-2.712885972506902],[-79.5198459657693,-2.711931338358265],[-79.51930703690489,-2.710843496431854],[-79.51972230749705,-2.708741092603197],[-79.52212138428858,-2.706570754079402],[-79.52523815916288,-2.702524464095424],[-79.52270800456041,-2.703772798352716],[-79.51601875654904,-2.705532345892895],[-79.51442843624557,-2.705294434128931],[-79.51327907752852,-2.704461878850551],[-79.5095601671106,-2.70407030774656],[-79.50597465105757,-2.704921259846391],[-79.50487168461471,-2.703152164506462],[-79.50217894276793,-2.701857541212329],[-79.49843679683461,-2.702764170291471],[-79.49278728972843,-2.702956377977654],[-79.48826110532275,-2.701947154771646],[-79.48830302699605,-2.692981705189275],[-79.48306172813629,-2.689268863355457],[-79.49552293173208,-2.670595887815424],[-79.49780852608419,-2.669077870255607],[-79.49879630476384,-2.667702053695022],[-79.49898431739156,-2.66587523064984],[-79.50191994494263,-2.663075649977033],[-79.5016635435748,-2.659946948740105],[-79.500683637235,-2.657046179037074],[-79.50063550787063,-2.654745888512436],[-79.501511057165,-2.653067794554774],[-79.5010212257007,-2.651589935804668],[-79.50316079740504,-2.649317225822874],[-79.50231482481523,-2.649499967952189],[-79.50093867229212,-2.648529905670097],[-79.50050065663282,-2.648799607151087]]]}},{"type":"Feature","properties":{"Pob_total":129.0},"geometry":{"type":"Polygon","coordinates":[[[-79.37139406033926,-2.59128648047731],[-79.36906986037735,-2.590793324813592],[-79.3669368951821,-2.588978083250995],[-79.36386446008058,-2.590954363578378],[-79.3620223699019,-2.592809705914457],[-79.36114165022364,-2.594492603256659],[-79.36027640844473,-2.601095214708357],[-79.35953023069973,-2.602981587254714],[-79.35701119617457,-2.606636039009874],[-79.35661741287082,-2.607826078953258],[-79.35512745246945,-2.608965933858768],[-79.35486395292021,-2.611479985319477],[-79.3526318272984,-2.61340255413386],[-79.35279886991114,-2.614531644662082],[-79.3506226648818,-2.61735173011831],[-79.34973018956853,-2.620718992132851],[-79.34667592909521,-2.622595313576475],[-79.34457308663504,-2.626704037894763],[-79.34528785014395,-2.629531011061216],[-79.34522836622037,-2.633795551075314],[-79.3460938830386,-2.636452261431283],[-79.34582746271545,-2.637529140287082],[-79.34638860758962,-2.639077821246207],[-79.34616915072164,-2.640063424076944],[-79.34927221430256,-2.644522829882503],[-79.35439173322085,-2.647780904727924],[-79.35704986222942,-2.648911239910232],[-79.35920542532374,-2.650850734204851],[-79.3582553053046,-2.654830799680894],[-79.35310732325155,-2.66999363282676],[-79.35219889427404,-2.674641518453618],[-79.35246790350661,-2.680539276203782],[-79.35111153070002,-2.685448126063127],[-79.35314983062516,-2.687731150786993],[-79.35488580463739,-2.688730794920869],[-79.3565350683366,-2.688879528415692],[-79.35861785684546,-2.689847265914223],[-79.35944025193203,-2.690786890637518],[-79.35957478911531,-2.692671155784867],[-79.36054407104098,-2.69338553084826],[-79.36107907107773,-2.693241019981437],[-79.36189898672386,-2.691862113311231],[-79.36403222183316,-2.690076125156639],[-79.36622996538703,-2.686163494988491],[-79.3689124409892,-2.684801546577697],[-79.37519628971192,-2.684454903507684],[-79.37717448201641,-2.683401906880059],[-79.38084863843729,-2.682557887513654],[-79.38185523289857,-2.683084469957761],[-79.38274978735902,-2.684772257052513],[-79.3848090222503,-2.686043693698839],[-79.38543767038593,-2.686145810860367],[-79.3872184697582,-2.685233970965848],[-79.3881517249922,-2.68333544944994],[-79.38777074881064,-2.681370801395568],[-79.38792392851681,-2.679486799167222],[-79.3873390542742,-2.676854477398218],[-79.38753028958705,-2.67530233236094],[-79.38923572357375,-2.670999899243282],[-79.39075132105451,-2.669100686686165],[-79.39060015415775,-2.668475852338821],[-79.39106362509645,-2.667311481955975],[-79.3935835522494,-2.664427299330556],[-79.39800332828676,-2.663800665218797],[-79.39994545341132,-2.662862499790622],[-79.40042956451616,-2.660259774899915],[-79.3999204545758,-2.658251994908961],[-79.40014484301994,-2.656909958129911],[-79.4025346162429,-2.653518043332761],[-79.40227390092313,-2.652548508332212],[-79.40092770480527,-2.650886085164985],[-79.40069865726686,-2.649776588225754],[-79.40198391984703,-2.648834607701846],[-79.40315487752176,-2.647164047354301],[-79.40563346708424,-2.645213629345764],[-79.40683169449268,-2.642665770005365],[-79.40894248552446,-2.639812703764848],[-79.41009604503974,-2.638862258507318],[-79.41259570433208,-2.634412088468977],[-79.41418562932641,-2.633258575565239],[-79.41520088022163,-2.63112091152095],[-79.41624698371133,-2.630517977168492],[-79.41933598577118,-2.626692681051095],[-79.41968634520902,-2.62494320112875],[-79.42293125433736,-2.623440778307237],[-79.42409318533507,-2.622357870849359],[-79.42484402002717,-2.620910222613482],[-79.42683752594056,-2.619629696142419],[-79.4282068240569,-2.617263995547676],[-79.42813381769822,-2.61640302091498],[-79.42861688929453,-2.615383309487322],[-79.43007917289168,-2.614120816642554],[-79.430233845815,-2.613405811025678],[-79.43157167370636,-2.611953924951099],[-79.4341286288021,-2.611542362596358],[-79.43432856142874,-2.610830865349005],[-79.43573977586432,-2.609351656834589],[-79.43631879685313,-2.607042886898915],[-79.43632140216633,-2.603506435486842],[-79.43533016660356,-2.603421074065453],[-79.4336138962767,-2.604408492481683],[-79.43188949882048,-2.604326392562295],[-79.42968572835088,-2.605030764904833],[-79.42753027309696,-2.606368240463096],[-79.42581798910908,-2.606240291720248],[-79.42103679761846,-2.609756404371684],[-79.41925301129821,-2.60920475737001],[-79.41176222566044,-2.608741473696532],[-79.40519176328637,-2.61754370289311],[-79.40476848060777,-2.619328804941423],[-79.40499353034167,-2.621275801378903],[-79.40431121256245,-2.623446730406655],[-79.40330710763756,-2.623944650144345],[-79.37810710637281,-2.621941044674015],[-79.37649896890478,-2.61831195056223],[-79.37553544313462,-2.614887613019759],[-79.37496272068125,-2.607375671085469],[-79.37524047954102,-2.600849163465357],[-79.37741755349771,-2.592210076588842],[-79.37725233624052,-2.588705072625996],[-79.37139406033926,-2.59128648047731]]]}},{"type":"Feature","properties":{"Pob_total":259.0},"geometry":{"type":"Polygon","coordinates":[[[-79.35888976635636,-2.566325386795913],[-79.35594495832065,-2.567416478956021],[-79.35186036752785,-2.566437963170745],[-79.34488564492933,-2.565847710325174],[-79.34265558046793,-2.565060807705442],[-79.33353628587683,-2.560007094347486],[-79.3271550641448,-2.557822519095179],[-79.32262437699836,-2.55904304423594],[-79.31418921374332,-2.563062201595347],[-79.31150478321067,-2.563039233327161],[-79.30510405919429,-2.562011059510521],[-79.3027477626624,-2.562163276034721],[-79.29962676820524,-2.563703239187933],[-79.2975962210157,-2.565778770452972],[-79.29891294407489,-2.569166186860341],[-79.30131774174662,-2.570684023345648],[-79.3024913462514,-2.57204006491784],[-79.30382347096716,-2.572377339820232],[-79.30457934135171,-2.575222031959456],[-79.30615762272797,-2.577567026518275],[-79.30619455084758,-2.580648686707329],[-79.30709016697618,-2.585248750821852],[-79.30652197895385,-2.588298763593415],[-79.30744216016134,-2.591736689426312],[-79.3088160175542,-2.592782418606054],[-79.31185083218061,-2.597039767145162],[-79.32470732415086,-2.616334772564148],[-79.32945538923371,-2.61301894887582],[-79.33434978197562,-2.611225512458119],[-79.33475945565785,-2.610414247091753],[-79.33550430620832,-2.610250651597505],[-79.33674234952055,-2.608694851897193],[-79.34033881068416,-2.605879775785509],[-79.34226570059072,-2.605355465455887],[-79.34585634777154,-2.603013657845237],[-79.35009214153544,-2.60131728161657],[-79.35274856445153,-2.600930005169019],[-79.35656453324168,-2.597685016460629],[-79.35944713598855,-2.596645538879994],[-79.36104611267936,-2.595059974007584],[-79.36133771089561,-2.593850958611063],[-79.36245109198705,-2.592258983752308],[-79.36794279149126,-2.588223923990459],[-79.36932630078773,-2.586462762464873],[-79.36981043208654,-2.584663516474147],[-79.3695511801046,-2.582849465069888],[-79.3688233381219,-2.581445549869273],[-79.37034473557608,-2.57949995789567],[-79.36941999455884,-2.577763506468022],[-79.36963958647493,-2.574685547155691],[-79.37175806615762,-2.568688690877325],[-79.37385558535316,-2.56472703502495],[-79.3732430447867,-2.562857151234822],[-79.37494021563322,-2.559767222212525],[-79.3747240326009,-2.558150410554783],[-79.3728620269892,-2.556793634350292],[-79.36593794838626,-2.56203599941619],[-79.35888976635636,-2.566325386795913]]]}},{"type":"Feature","properties":{"Pob_total":105.0},"geometry":{"type":"Polygon","coordinates":[[[-79.30398363576285,-2.616210875346176],[-79.30351239780497,-2.618859854660575],[-79.30223260309099,-2.62049698824105],[-79.29931273541729,-2.621742578598971],[-79.29729251865758,-2.624852164262989],[-79.29539514019152,-2.624893878171609],[-79.29492088549189,-2.62530098356061],[-79.29458252766759,-2.626618270028978],[-79.29483834303194,-2.628748702155699],[-79.29297802782013,-2.630758314223467],[-79.29271522529545,-2.631856861559571],[-79.2930532596228,-2.633827617862552],[-79.29429002106554,-2.636087270259186],[-79.29415973030991,-2.638856064207645],[-79.29529215896397,-2.642850208439348],[-79.29558277619526,-2.650203278032734],[-79.29784931672903,-2.654415887370877],[-79.29947747723935,-2.656386211183396],[-79.30426299005045,-2.655168233243559],[-79.31036893540418,-2.649850177019898],[-79.3130912102239,-2.648026926504888],[-79.31404926093639,-2.648155652039577],[-79.3183231820359,-2.650585493228003],[-79.3214361706936,-2.65023940419771],[-79.32573069215863,-2.647932634403599],[-79.32787499232181,-2.6482164208921],[-79.3295464540922,-2.647171210029931],[-79.33152862306463,-2.645164762510905],[-79.33276083863215,-2.646113701439617],[-79.33617053577963,-2.647427303594534],[-79.33979425732242,-2.645697333032566],[-79.34395225229945,-2.639249733144781],[-79.34582746271545,-2.637529140287082],[-79.3460938830386,-2.636452261431283],[-79.34528895063558,-2.634359752778154],[-79.34528785014395,-2.629531011061216],[-79.34461061623159,-2.626474661120007],[-79.34667592909521,-2.622595313576475],[-79.34973018956853,-2.620718992132851],[-79.3506226648818,-2.61735173011831],[-79.35279886991114,-2.614531644662082],[-79.3526318272984,-2.61340255413386],[-79.35486395292021,-2.611479985319477],[-79.35512745246945,-2.608965933858768],[-79.35661741287082,-2.607826078953258],[-79.35701119617457,-2.606636039009874],[-79.35953023069973,-2.602981587254714],[-79.36027640844473,-2.601095214708357],[-79.36104611267936,-2.595059974007584],[-79.35944713598855,-2.596645538879994],[-79.35656453324168,-2.597685016460629],[-79.35274856445153,-2.600930005169019],[-79.35009214153544,-2.60131728161657],[-79.34585634777154,-2.603013657845237],[-79.34226570059072,-2.605355465455887],[-79.34033881068416,-2.605879775785509],[-79.33674234952055,-2.608694851897193],[-79.33550430620832,-2.610250651597505],[-79.33475945565785,-2.610414247091753],[-79.33434978197562,-2.611225512458119],[-79.32945538923371,-2.61301894887582],[-79.32470732415086,-2.616334772564148],[-79.31185083218061,-2.597039767145162],[-79.3088160175542,-2.592782418606054],[-79.30740839695014,-2.591590673722634],[-79.30881207889567,-2.595310143914302],[-79.30798541010864,-2.598046016945091],[-79.30802922704082,-2.603093752070936],[-79.30648006293356,-2.606014659413648],[-79.30669827617592,-2.608386138250266],[-79.30398363576285,-2.616210875346176]]]}},{"type":"Feature","properties":{"Pob_total":166.0},"geometry":{"type":"Polygon","coordinates":[[[-79.34262745507668,-2.730073754069644],[-79.34708709611877,-2.734022734288639],[-79.35120551412167,-2.736420190155011],[-79.35502158605347,-2.737033833927886],[-79.35736021373546,-2.736801560655042],[-79.36223268480839,-2.738807098630532],[-79.36341563333897,-2.738953417757935],[-79.36523983859155,-2.739000772586723],[-79.36715294186774,-2.737953726207262],[-79.37043106036413,-2.737222799690153],[-79.37238706295743,-2.738241669974393],[-79.37322118726406,-2.738239913487905],[-79.37742223399685,-2.736139246013834],[-79.37985495233869,-2.735502004350198],[-79.38207025395711,-2.733827454229252],[-79.38117500182739,-2.730044468432768],[-79.38074182155961,-2.729491963407249],[-79.38072150551614,-2.728204695903235],[-79.37898986558338,-2.725580856668714],[-79.37718703981825,-2.724278516075241],[-79.37612853051407,-2.722138687525039],[-79.37671525976958,-2.714313329225428],[-79.37626022272852,-2.713289550507492],[-79.37378311228869,-2.711108090178978],[-79.37446603647385,-2.71095301972737],[-79.37472432709998,-2.709896115184874],[-79.37397239450269,-2.708768299092288],[-79.37474212055936,-2.706666660628746],[-79.37534887833384,-2.706058765027778],[-79.37442603275107,-2.705889550525225],[-79.37392647320029,-2.706706726277945],[-79.37271961868528,-2.706731481193074],[-79.37241710419379,-2.707337863396045],[-79.37131295725682,-2.707303308016744],[-79.3716945941676,-2.704959599331386],[-79.37384544943514,-2.703607797867027],[-79.37237409923301,-2.702260159729887],[-79.37152145224012,-2.700051798626401],[-79.3708367251203,-2.699579265032291],[-79.36872076810774,-2.700666775455438],[-79.36715509565597,-2.700801578348297],[-79.36644524123228,-2.700383026398915],[-79.36613592487477,-2.694557914169614],[-79.36536958200116,-2.690900993546697],[-79.36444710267342,-2.689365718749622],[-79.36189898672386,-2.691862113311231],[-79.36107907107773,-2.693241019981437],[-79.36054407104098,-2.69338553084826],[-79.35943579533472,-2.692374166171093],[-79.35957816181649,-2.69122332605682],[-79.35912147797238,-2.69030119370303],[-79.3565350683366,-2.688879528415692],[-79.35484716607756,-2.688708495865771],[-79.35311866889427,-2.690314776182695],[-79.35051608919434,-2.690702189308771],[-79.34974087176924,-2.691600305772667],[-79.34652919321218,-2.702997495235854],[-79.34661057286183,-2.703732913992634],[-79.34738984721368,-2.704631252805851],[-79.34750571605996,-2.705731069852205],[-79.34715436625805,-2.707260435725024],[-79.34627668677267,-2.708365681715639],[-79.34609656436918,-2.70975682648761],[-79.34752938876886,-2.718052455142731],[-79.34615297787975,-2.721319605991558],[-79.34612080864771,-2.722423110364379],[-79.34809844085548,-2.722832782783917],[-79.34855800081341,-2.724142154778989],[-79.3460622699559,-2.727629954417639],[-79.34262745507668,-2.730073754069644]]]}},{"type":"Feature","properties":{"Pob_total":217.0},"geometry":{"type":"Polygon","coordinates":[[[-79.42434684177029,-2.683045285671338],[-79.42325668025178,-2.683354533944154],[-79.42190765347664,-2.682498170304251],[-79.42056934398691,-2.679940894010958],[-79.41890191053638,-2.678080550487978],[-79.41703944033995,-2.678308114551929],[-79.41496863314352,-2.677036705060616],[-79.41282070669311,-2.677144788329302],[-79.41005203661898,-2.675403561495733],[-79.40788573278645,-2.672051920727926],[-79.40765404632455,-2.670466194512676],[-79.40717084098073,-2.669781061254132],[-79.4046937015034,-2.669750161430108],[-79.40177945172668,-2.667533958766072],[-79.39994545341132,-2.662862499790622],[-79.39800332828676,-2.663800665218797],[-79.39425057237403,-2.664126482416661],[-79.39313270594648,-2.664800296362691],[-79.39106362509645,-2.667311481955975],[-79.39060015415775,-2.668475852338821],[-79.39075132105451,-2.669100686686165],[-79.38923572357375,-2.670999899243282],[-79.38753028958705,-2.67530233236094],[-79.38749999092161,-2.677296643610129],[-79.38935228974262,-2.677953651628431],[-79.39132014628133,-2.679236804465405],[-79.39398018637783,-2.678035715618324],[-79.3980190645117,-2.674992646258863],[-79.40512946287986,-2.67654060551259],[-79.40655051247894,-2.677805303215756],[-79.40652914964575,-2.679376675521756],[-79.40767379837976,-2.68039719539587],[-79.40749483857826,-2.681792925296535],[-79.4079707447756,-2.683465512165871],[-79.4084845861473,-2.684729835390212],[-79.40922613020888,-2.685301998852665],[-79.40989778087942,-2.687560142960168],[-79.40998155253797,-2.69169116306568],[-79.41056727318607,-2.693218660027284],[-79.41096263696298,-2.693475559714091],[-79.41272520349024,-2.692351944808867],[-79.415629433524,-2.693253767876438],[-79.41760150745995,-2.696617385504984],[-79.42123910353217,-2.6985981482659],[-79.42217563864561,-2.698331678168878],[-79.42331157574826,-2.700697154944045],[-79.42499274856822,-2.701406190982537],[-79.42706566286155,-2.703351546823369],[-79.43694344603108,-2.704139797624624],[-79.43708709624283,-2.701759562226903],[-79.43789511327526,-2.700091150293982],[-79.43806417719001,-2.698614805808569],[-79.4394961833429,-2.697053002111171],[-79.440580984761,-2.694897304556819],[-79.44135368575118,-2.694543146926874],[-79.44225801473722,-2.692154427973122],[-79.44273658719027,-2.688999792585765],[-79.44382828995728,-2.686353740032726],[-79.44391067999152,-2.681859219194671],[-79.44554054187768,-2.679832616594907],[-79.44683069026071,-2.679266587382704],[-79.44833591881537,-2.677723020781539],[-79.4503109858299,-2.676868096501669],[-79.45078882701677,-2.675832562527269],[-79.45074313963677,-2.674616216402594],[-79.45001660383888,-2.672811252635632],[-79.44966133049124,-2.669184454497816],[-79.44986965789289,-2.667347846280365],[-79.4478146670798,-2.665306490560305],[-79.44726342226545,-2.662745261446466],[-79.4460066060592,-2.664912644837802],[-79.44447626574208,-2.66648891925355],[-79.44421952886637,-2.667692578018645],[-79.44206852531163,-2.669524353924949],[-79.44092272825812,-2.671661097134439],[-79.4393128329981,-2.67348215582351],[-79.43637024143737,-2.674885680608113],[-79.43263952780953,-2.675274665513157],[-79.42843893278572,-2.680213367816483],[-79.42434684177029,-2.683045285671338]]]}},{"type":"Feature","properties":{"Pob_total":256.0},"geometry":{"type":"Polygon","coordinates":[[[-79.40798275200514,-2.752321906283029],[-79.40614312683668,-2.751988038878228],[-79.4054835039923,-2.752359974703997],[-79.40424492069772,-2.754401925899785],[-79.40245822454636,-2.75579016238067],[-79.40235133723193,-2.756263195506925],[-79.40321129302029,-2.758238403672761],[-79.40573598643199,-2.760933693785109],[-79.40692329876782,-2.762789706325564],[-79.40730810420504,-2.764195989316987],[-79.40733385829537,-2.767187012945671],[-79.40690041153128,-2.771256678840749],[-79.40934781673833,-2.770520373942936],[-79.41189694401163,-2.770951748580797],[-79.41724095159756,-2.768871581984481],[-79.41887617148055,-2.769419821292711],[-79.41928573393096,-2.770102458066166],[-79.42110275803404,-2.769740868929708],[-79.42266674354391,-2.770571442945322],[-79.42505833877877,-2.768875252296091],[-79.42592644816416,-2.769049416110105],[-79.42785887067126,-2.768409620916759],[-79.42998790277112,-2.766598032353496],[-79.43045988308036,-2.764829006830577],[-79.43004362302949,-2.76142624363354],[-79.43266521957986,-2.758994898617911],[-79.43157259562628,-2.756717082214342],[-79.42996321025387,-2.755328809354591],[-79.42821326494688,-2.756636427691769],[-79.42261096354538,-2.75674516857939],[-79.42128636255354,-2.757242249419721],[-79.41864883634548,-2.755108341802265],[-79.41203161081131,-2.752894781429215],[-79.4111973876738,-2.752068168116862],[-79.4110570061079,-2.750836662541654],[-79.40798275200514,-2.752321906283029]]]}},{"type":"Feature","properties":{"Pob_total":102.0},"geometry":{"type":"Polygon","coordinates":[[[-79.38726806753277,-2.704693530648892],[-79.38739538118907,-2.705532302742001],[-79.38568583137473,-2.708369020568614],[-79.38554281927037,-2.710628152283436],[-79.38506135587487,-2.711759837352685],[-79.38423206624387,-2.712332079306331],[-79.3835271108922,-2.714014657550332],[-79.38330288335636,-2.715731244908644],[-79.38393253403157,-2.716918863162042],[-79.38261028437172,-2.718599794162662],[-79.38288129089274,-2.719517073053169],[-79.38255637716131,-2.720255026896284],[-79.38268547136717,-2.722514880434481],[-79.38391202380762,-2.724022263510647],[-79.38468696791365,-2.727399305630512],[-79.38383808596629,-2.732999386844736],[-79.38688911120703,-2.733015981521363],[-79.3886496756485,-2.733460489867744],[-79.38984784425726,-2.732584438568744],[-79.39067104075566,-2.732824112359064],[-79.39361399229745,-2.736013263357855],[-79.39888545688022,-2.737887187790436],[-79.40235567101921,-2.741868446792401],[-79.40472237005828,-2.742553042634978],[-79.40864704554734,-2.745176931873117],[-79.40932379625369,-2.746474410696139],[-79.40930377811115,-2.747945675450258],[-79.41074724556827,-2.749770239597832],[-79.4111973876738,-2.752068168116862],[-79.41203161081131,-2.752894781429215],[-79.41864883634548,-2.755108341802265],[-79.42128636255354,-2.757242249419721],[-79.42261096354538,-2.75674516857939],[-79.42821326494688,-2.756636427691769],[-79.4296560479234,-2.755592849147729],[-79.42996321025387,-2.755328809354591],[-79.42704699424554,-2.752057520020084],[-79.42602225457092,-2.748151589358108],[-79.42495603061212,-2.746395265696778],[-79.42290634201993,-2.744250127167565],[-79.42234294697839,-2.742492753382018],[-79.41745573553847,-2.738503033871273],[-79.41668813304432,-2.737481723397198],[-79.4155900359754,-2.736932318246028],[-79.41434041546488,-2.734866015958165],[-79.41365966791419,-2.732391611264141],[-79.41608203395585,-2.726947208853581],[-79.41744992215345,-2.722059285203609],[-79.41856423849651,-2.720147546112936],[-79.41332212180302,-2.714075981152214],[-79.41039891114208,-2.713843052449013],[-79.40802642529675,-2.711697774342427],[-79.40387443403482,-2.711023698979726],[-79.39945221599908,-2.70828887563369],[-79.39729602976853,-2.708488764035225],[-79.39558386303466,-2.707779475613253],[-79.39296394619697,-2.70795260880176],[-79.39190332318974,-2.706019599396106],[-79.38912849924439,-2.704871188853899],[-79.38726806753277,-2.704693530648892]]]}},{"type":"Feature","properties":{"Pob_total":71.0},"geometry":{"type":"Polygon","coordinates":[[[-79.27831011180423,-2.656033728827845],[-79.27836251006745,-2.65910396964208],[-79.27752669246688,-2.659747382843708],[-79.27485087024468,-2.663962513224874],[-79.27214938651571,-2.665923921613662],[-79.26914312060582,-2.666811852815515],[-79.26506739191707,-2.671696476872617],[-79.26303509398461,-2.673267690398646],[-79.26138117560495,-2.675613770564966],[-79.25990439830734,-2.675789992002559],[-79.25808542911457,-2.677651222761014],[-79.25626883056447,-2.6784667286465],[-79.2551386320875,-2.680095538908436],[-79.25124049550018,-2.682561807762478],[-79.24845149238692,-2.685193508090726],[-79.24703337371028,-2.687870841376426],[-79.24743826336703,-2.690036905041245],[-79.24647857186011,-2.694253573976592],[-79.2453523055099,-2.695717373574027],[-79.24347090782723,-2.696982704527047],[-79.24233119827336,-2.699511209522528],[-79.24075320141819,-2.71312262068349],[-79.24095886876033,-2.714863520108175],[-79.24261473760272,-2.717396076691857],[-79.24525246912975,-2.719648949568854],[-79.2508776630968,-2.720901295433879],[-79.25212968349386,-2.721806446773504],[-79.2543591635034,-2.726743418655663],[-79.25566113789779,-2.728632738035818],[-79.25815231706247,-2.731283380420645],[-79.26174327565063,-2.733176031104513],[-79.2629774403373,-2.73534947868398],[-79.26805672838587,-2.735213722407036],[-79.27172521419287,-2.735597201865792],[-79.27654909509351,-2.736679373819209],[-79.2789852556393,-2.737932166292209],[-79.28033408478792,-2.738188946436597],[-79.28653736805461,-2.737532750614303],[-79.2878604641487,-2.736277315648896],[-79.28920979477608,-2.736814776001766],[-79.29039784552822,-2.736685985868797],[-79.29120806607264,-2.736075206322763],[-79.29134337208794,-2.735143880111021],[-79.29222237265529,-2.734670921633681],[-79.29440473815465,-2.734620499984258],[-79.29541141020249,-2.735250607301536],[-79.29614194342703,-2.734835400148443],[-79.29735371376893,-2.735166203062127],[-79.2984360523806,-2.733474434212288],[-79.2999364960886,-2.733231772775319],[-79.30230706161268,-2.732110368256222],[-79.30672881096872,-2.731951962586707],[-79.30946889627731,-2.730762508109206],[-79.3131371996815,-2.730950445691092],[-79.31492950861131,-2.730096226323895],[-79.32291719020651,-2.730367247658071],[-79.3290680628304,-2.73215916437404],[-79.33141268485896,-2.733292203585825],[-79.33392733319155,-2.733735299982803],[-79.33464846890661,-2.734400432301396],[-79.3359260162531,-2.733225420976993],[-79.33669786226625,-2.733048164167984],[-79.33754961874799,-2.733750827026442],[-79.34076952567635,-2.73247984147991],[-79.34233060328357,-2.730200850634599],[-79.3460622699559,-2.727629954417639],[-79.34855800081341,-2.724142154778989],[-79.34809844085548,-2.722832782783917],[-79.34646404380982,-2.722640800009068],[-79.34605117544426,-2.72184858554457],[-79.34752938876886,-2.718052455142731],[-79.34609656436918,-2.70975682648761],[-79.34627668677267,-2.708365681715639],[-79.34715436625805,-2.707260435725024],[-79.34750571605996,-2.705731069852205],[-79.34738984721368,-2.704631252805851],[-79.34661057286183,-2.703732913992634],[-79.34652919321218,-2.702997495235854],[-79.34974087176924,-2.691600305772667],[-79.35051608919434,-2.690702189308771],[-79.35311866889427,-2.690314776182695],[-79.35484716607756,-2.688708495865771],[-79.35246323123877,-2.687192420727598],[-79.35111153070002,-2.685448126063127],[-79.35246790350661,-2.680539276203782],[-79.35219889427404,-2.674641518453618],[-79.35310732325155,-2.66999363282676],[-79.3582553053046,-2.654830799680894],[-79.35905022049734,-2.650503628008948],[-79.35704986222942,-2.648911239910232],[-79.35391577201501,-2.647498116913044],[-79.34862952769687,-2.643904221543824],[-79.34616915072164,-2.640063424076944],[-79.34638860758962,-2.639077821246207],[-79.34582746271545,-2.637529140287082],[-79.34395225229945,-2.639249733144781],[-79.33979425732242,-2.645697333032566],[-79.33617053577963,-2.647427303594534],[-79.33276083863215,-2.646113701439617],[-79.33152862306463,-2.645164762510905],[-79.3295464540922,-2.647171210029931],[-79.32787499232181,-2.6482164208921],[-79.32573069215863,-2.647932634403599],[-79.3214361706936,-2.65023940419771],[-79.3183231820359,-2.650585493228003],[-79.31404926093639,-2.648155652039577],[-79.3130912102239,-2.648026926504888],[-79.31036893540418,-2.649850177019898],[-79.30426299005045,-2.655168233243559],[-79.29947747723935,-2.656386211183396],[-79.29784931672903,-2.654415887370877],[-79.29558277619526,-2.650203278032734],[-79.29529215896397,-2.642850208439348],[-79.29415973030991,-2.638856064207645],[-79.29418200438161,-2.635637318471714],[-79.29277050815492,-2.63280030258719],[-79.29297802782013,-2.630758314223467],[-79.28780747702851,-2.635522644871667],[-79.28255140040257,-2.642034449204695],[-79.28087941148254,-2.64556286172304],[-79.28090803305817,-2.648414417462469],[-79.28003103165919,-2.650166917680316],[-79.27985278695436,-2.651951727228354],[-79.27857804902918,-2.654037147175526],[-79.27831011180423,-2.656033728827845]]]}},{"type":"Feature","properties":{"Pob_total":132.0},"geometry":{"type":"Polygon","coordinates":[[[-79.28019511986328,-2.565285372400034],[-79.27830431655026,-2.565933366984315],[-79.27720697543182,-2.565671178942439],[-79.2761630553756,-2.565269431975872],[-79.27537469088976,-2.563328154296784],[-79.27302632279552,-2.563107098429964],[-79.26447408529346,-2.567841488295493],[-79.26163510206867,-2.568637620496422],[-79.26085157992712,-2.569813019379582],[-79.25991125270478,-2.570077772374391],[-79.25785894681343,-2.569674270891356],[-79.25700677621086,-2.57116969567483],[-79.25542294324599,-2.572679577002993],[-79.25536805816117,-2.575356637900037],[-79.25600651902094,-2.57835223953921],[-79.25530688198344,-2.580470104199496],[-79.25334557178628,-2.582963856062136],[-79.2517805426677,-2.583457963178197],[-79.25063631658004,-2.584814703755061],[-79.2502064219595,-2.587969965949148],[-79.2506321488505,-2.589564982627948],[-79.24934965880031,-2.593314348363987],[-79.24966014923939,-2.597429258535639],[-79.24880940870831,-2.600852770633248],[-79.24949448148259,-2.602031367854635],[-79.25040670196368,-2.602086895966239],[-79.24821367345909,-2.604665114086268],[-79.2473661618466,-2.608468145957992],[-79.24572557402274,-2.611818192607725],[-79.245356698001,-2.614110296945232],[-79.24573784046314,-2.61846602222681],[-79.2466047742555,-2.622127403286361],[-79.24824367500146,-2.625126311700906],[-79.24926398090007,-2.629326867453817],[-79.24679083577657,-2.631660579529595],[-79.24696869303875,-2.632372136386881],[-79.24748525086096,-2.632586098498468],[-79.24686829031057,-2.639227974992449],[-79.24379991482249,-2.642891130686136],[-79.24328776958042,-2.644818007829787],[-79.24221507815655,-2.650794851258348],[-79.24177133755637,-2.66052396335816],[-79.24209329878478,-2.669960239034679],[-79.24304099619398,-2.675523725228696],[-79.24340763453368,-2.675796585898321],[-79.24471929968244,-2.67511654977929],[-79.24620893236117,-2.675252979867561],[-79.24559935745343,-2.679867901838104],[-79.24547618880698,-2.687151423393647],[-79.24601409839133,-2.688721915810032],[-79.24666094642133,-2.693815776063658],[-79.24743826336703,-2.690036905041245],[-79.24703337371028,-2.687870841376426],[-79.24854924786234,-2.685062433145682],[-79.25027943255508,-2.683807252316087],[-79.25124049550018,-2.682561807762478],[-79.2551386320875,-2.680095538908436],[-79.25626883056447,-2.6784667286465],[-79.25808542911457,-2.677651222761014],[-79.25990439830734,-2.675789992002559],[-79.26138117560495,-2.675613770564966],[-79.26303509398461,-2.673267690398646],[-79.26506739191707,-2.671696476872617],[-79.26914312060582,-2.666811852815515],[-79.27214938651571,-2.665923921613662],[-79.27485087024468,-2.663962513224874],[-79.27752669246688,-2.659747382843708],[-79.27836251006745,-2.65910396964208],[-79.27857804902918,-2.654037147175526],[-79.28005458818983,-2.651414221816148],[-79.28003103165919,-2.650166917680316],[-79.28090803305817,-2.648414417462469],[-79.28087941148254,-2.64556286172304],[-79.28255140040257,-2.642034449204695],[-79.28780747702851,-2.635522644871667],[-79.2944986287797,-2.629341638753065],[-79.29483834303194,-2.628748702155699],[-79.29458252766759,-2.626618270028978],[-79.29501392739284,-2.625187344323926],[-79.29729251865758,-2.624852164262989],[-79.29931273541729,-2.621742578598971],[-79.30223260309099,-2.62049698824105],[-79.30324319544899,-2.619315894077436],[-79.30669827617592,-2.608386138250266],[-79.30648006293356,-2.606014659413648],[-79.30794134439637,-2.603655747068316],[-79.30798541010864,-2.598046016945091],[-79.30875785922345,-2.595918668617632],[-79.30877375295283,-2.594780710275864],[-79.30673972156592,-2.589888470396121],[-79.30652197895385,-2.588298763593415],[-79.30709016697618,-2.585248750821852],[-79.30619455084758,-2.580648686707329],[-79.30623407538047,-2.577821059078794],[-79.30457934135171,-2.575222031959456],[-79.30382347096716,-2.572377339820232],[-79.3024913462514,-2.57204006491784],[-79.30131774174662,-2.570684023345648],[-79.29891294407489,-2.569166186860341],[-79.2975962210157,-2.565778770452972],[-79.29481526981773,-2.565755640528217],[-79.28485464377238,-2.560412776287829],[-79.28253289207437,-2.562475710623754],[-79.28168532722312,-2.563975792138059],[-79.28019511986328,-2.565285372400034]]]}},{"type":"Feature","properties":{"Pob_total":104.0},"geometry":{"type":"Polygon","coordinates":[[[-79.33760500455598,-2.733722835555271],[-79.33669786226625,-2.733048164167984],[-79.33572054544986,-2.733340798302527],[-79.33464846890661,-2.734400432301396],[-79.33392733319155,-2.733735299982803],[-79.33141268485896,-2.733292203585825],[-79.3290680628304,-2.73215916437404],[-79.32291719020651,-2.730367247658071],[-79.3153408001837,-2.730060901618507],[-79.3131371996815,-2.730950445691092],[-79.30946889627731,-2.730762508109206],[-79.30672881096872,-2.731951962586707],[-79.30230706161268,-2.732110368256222],[-79.2999364960886,-2.733231772775319],[-79.2984360523806,-2.733474434212288],[-79.29735371376893,-2.735166203062127],[-79.29614194342703,-2.734835400148443],[-79.29541141020249,-2.735250607301536],[-79.29440473815465,-2.734620499984258],[-79.29222237265529,-2.734670921633681],[-79.29134337208794,-2.735143880111021],[-79.29120806607264,-2.736075206322763],[-79.29039784552822,-2.736685985868797],[-79.28920979477608,-2.736814776001766],[-79.2878604641487,-2.736277315648896],[-79.28653736805461,-2.737532750614303],[-79.28318966943175,-2.73767742667185],[-79.28104258046312,-2.738221977663229],[-79.2789852556393,-2.737932166292209],[-79.27654909509351,-2.736679373819209],[-79.27172521419287,-2.735597201865792],[-79.26399408191328,-2.735204732460669],[-79.2629774403373,-2.73534947868398],[-79.2628844898026,-2.743385894197398],[-79.26641112096172,-2.750261768379532],[-79.27229209828903,-2.751490254896509],[-79.27588398446228,-2.752807479372005],[-79.27786220305926,-2.754041791543076],[-79.27875325386124,-2.755217008893375],[-79.27916334488165,-2.756575613948151],[-79.27976564459176,-2.761341025963551],[-79.28465498413696,-2.763868308881271],[-79.285340920964,-2.764027826555123],[-79.28740791026664,-2.763380088882435],[-79.29067253635345,-2.763651485681741],[-79.29297242073798,-2.763207992543931],[-79.29617402650996,-2.76385095744786],[-79.29670235743207,-2.763282717752779],[-79.2985288563433,-2.763539199297052],[-79.30020102212234,-2.760825798369944],[-79.30231764749267,-2.760750972064826],[-79.30441587432219,-2.759955295394015],[-79.30569584108532,-2.760033088965435],[-79.30749881912232,-2.758730663218006],[-79.30964692395152,-2.758657407171206],[-79.31305037461497,-2.757753965872684],[-79.32000975974034,-2.758038670323729],[-79.32218586367053,-2.758784378244675],[-79.32417475202428,-2.760101884059103],[-79.32703799149382,-2.764483904259576],[-79.3318196211754,-2.767244218339143],[-79.33527738756923,-2.767672138353539],[-79.33832455926566,-2.768851501363166],[-79.3437925399798,-2.771932166371614],[-79.34769060287225,-2.772728831132803],[-79.35085819288686,-2.773940629668503],[-79.35148653302626,-2.773835882637929],[-79.35266505596987,-2.774661101787727],[-79.35589945628573,-2.774918835919353],[-79.3570526461834,-2.77442215406888],[-79.36054197834252,-2.776541434370012],[-79.3622424884498,-2.775411484645916],[-79.36426441350564,-2.775073995225825],[-79.3655790201237,-2.775312664580291],[-79.368754119495,-2.774432538248856],[-79.37085655647182,-2.774347726544085],[-79.37299510599124,-2.775216855372108],[-79.37363348661155,-2.77441097827032],[-79.37605779165939,-2.7732119139583],[-79.37646755027119,-2.768640322553107],[-79.37577321839342,-2.76396990990732],[-79.3763663405071,-2.763370970064758],[-79.37823942198622,-2.762895773198278],[-79.38190028765209,-2.759106624181197],[-79.38060218776651,-2.755569155189649],[-79.38241456222825,-2.753220520271772],[-79.3840650652075,-2.749717361076458],[-79.38368469793612,-2.748206501513974],[-79.38389563865704,-2.745022145702499],[-79.38248644113321,-2.743105561739782],[-79.38270089230117,-2.741725825911661],[-79.38232101997058,-2.740312822219585],[-79.38250211870518,-2.739392900764238],[-79.38398481290555,-2.737941543769475],[-79.38493894488678,-2.735020000946292],[-79.38438764671602,-2.733549965213518],[-79.38383808596629,-2.732999386844736],[-79.38248154439155,-2.734680348014314],[-79.38072191481085,-2.73475302820855],[-79.37985495233869,-2.735502004350198],[-79.37742223399685,-2.736139246013834],[-79.37322118726406,-2.738239913487905],[-79.37238706295743,-2.738241669974393],[-79.37043106036413,-2.737222799690153],[-79.36715294186774,-2.737953726207262],[-79.36523983859155,-2.739000772586723],[-79.36223268480839,-2.738807098630532],[-79.35736021373546,-2.736801560655042],[-79.35502158605347,-2.737033833927886],[-79.35120551412167,-2.736420190155011],[-79.34708709611877,-2.734022734288639],[-79.34262745507668,-2.730073754069644],[-79.34076952567635,-2.73247984147991],[-79.33760500455598,-2.733722835555271]]]}},{"type":"Feature","properties":{"Pob_total":161.0},"geometry":{"type":"Polygon","coordinates":[[[-79.43880303813742,-2.855782542742627],[-79.4389619967093,-2.856896936687606],[-79.43831319310473,-2.860919929473554],[-79.43714974150856,-2.860732760886821],[-79.43492108661657,-2.862996498814332],[-79.43514655125948,-2.865338923897567],[-79.43460167648045,-2.866885377069969],[-79.43773464880663,-2.868109459811927],[-79.43938322017492,-2.869793746750883],[-79.44054900542169,-2.870389961190568],[-79.44248110698138,-2.870931968362666],[-79.44410396003173,-2.870894213334845],[-79.4466339234062,-2.873111828465119],[-79.44746587580518,-2.874482089851794],[-79.4488978058161,-2.874888296691933],[-79.44942056162033,-2.876298558330558],[-79.45077231762262,-2.876866627941136],[-79.45111527370523,-2.877605508331978],[-79.45161634833156,-2.877419532209209],[-79.45315377363126,-2.87830972003007],[-79.45396118247456,-2.879140033520509],[-79.45532054789273,-2.879143152675996],[-79.45729720633051,-2.88015385039496],[-79.45894110993505,-2.879795416212123],[-79.46164408977718,-2.880745965064765],[-79.46252260436847,-2.88577718931482],[-79.4639182669929,-2.887559979677333],[-79.46412169558558,-2.888993149136295],[-79.46546151843867,-2.890159888660896],[-79.46677434791539,-2.893755752731555],[-79.4677028822846,-2.894358054941331],[-79.46969759949415,-2.894545436684852],[-79.47279369787829,-2.898931698272279],[-79.47393544165598,-2.899925437381648],[-79.47428090606346,-2.902162980514107],[-79.47481871697586,-2.902831953953304],[-79.47637525086041,-2.903130511436088],[-79.47764752602892,-2.903920312452391],[-79.47978685531947,-2.903874543072638],[-79.48401247539721,-2.901540876474098],[-79.49087236279391,-2.89607583939188],[-79.49776925939311,-2.894979782644538],[-79.50217973383131,-2.896106612433277],[-79.50365197738236,-2.896874215123246],[-79.50554344229062,-2.895644396045992],[-79.50839250756225,-2.894558188055456],[-79.5054086990693,-2.891862138164921],[-79.50628794579703,-2.89022019964888],[-79.50556830694573,-2.889493745580894],[-79.50580460530475,-2.888392144988009],[-79.50490081202838,-2.886309854768301],[-79.50233681162982,-2.88272580145926],[-79.50576867065526,-2.871846502218676],[-79.5060114080852,-2.869376018833008],[-79.50511413694679,-2.866146431270388],[-79.50289750829191,-2.864517065361206],[-79.49991260678425,-2.863572636269589],[-79.49959136861897,-2.86256264233182],[-79.49739172480908,-2.862205141180159],[-79.49657412077634,-2.860674472332284],[-79.4968201650893,-2.857809872307703],[-79.49620787666224,-2.856925845561154],[-79.49430106962424,-2.856877937362774],[-79.49224510277871,-2.856230307669088],[-79.48327761423833,-2.855628802266329],[-79.48125042481603,-2.855893723563187],[-79.47951102023606,-2.855435698051848],[-79.47766934179901,-2.855733953670821],[-79.47632307838366,-2.856931284612962],[-79.47497432941927,-2.857414869004718],[-79.47242288107887,-2.855747678330089],[-79.46615602300943,-2.854117120847042],[-79.4651491701895,-2.854322963092782],[-79.46342501589271,-2.855541016688887],[-79.45754833595613,-2.853936355557125],[-79.45622780932469,-2.854312779987942],[-79.45471689707495,-2.855741369552493],[-79.45350451123561,-2.855821486343492],[-79.44701253283482,-2.853505026783571],[-79.44588724000042,-2.852565214990025],[-79.44464511893808,-2.849878739843926],[-79.44295362026442,-2.849285168956368],[-79.44289630868153,-2.848158341140492],[-79.44110243639182,-2.847446705486336],[-79.43878897192648,-2.845256084667485],[-79.43861332297939,-2.850194938316186],[-79.4395374398597,-2.85130693717069],[-79.4385918907177,-2.854220322947905],[-79.43880303813742,-2.855782542742627]]]}},{"type":"Feature","properties":{"Pob_total":164.0},"geometry":{"type":"Polygon","coordinates":[[[-79.37581571128811,-2.546550236165029],[-79.37479479800317,-2.547310679445287],[-79.37491433835099,-2.548621019543451],[-79.37262574476205,-2.553634402483546],[-79.3728620269892,-2.556793634350292],[-79.3747240326009,-2.558150410554783],[-79.3750188126803,-2.559272247673498],[-79.37445671536253,-2.561095744570636],[-79.37333077433705,-2.562428062607332],[-79.37387442463206,-2.564344008998468],[-79.37372199711851,-2.565132989744222],[-79.37175806615762,-2.568688690877325],[-79.36963958647493,-2.574685547155691],[-79.36941999455884,-2.577763506468022],[-79.37034473557608,-2.57949995789567],[-79.3688233381219,-2.581445549869273],[-79.3695511801046,-2.582849465069888],[-79.3698047359712,-2.585531139336729],[-79.36824611286143,-2.587868957696803],[-79.36693715749118,-2.588978288876913],[-79.36972861760232,-2.591078681747471],[-79.37158877936865,-2.591254718325918],[-79.37857321283732,-2.587767531341091],[-79.38022753601052,-2.582203603101156],[-79.38099005641195,-2.571740519474769],[-79.38432531809521,-2.567718167894319],[-79.39091786848576,-2.570226673901503],[-79.39382199031905,-2.570923532030756],[-79.39669985447702,-2.571045181576889],[-79.39711559374356,-2.57072918295298],[-79.39704870305283,-2.569785410775698],[-79.3976320166903,-2.568919958583954],[-79.40195331865235,-2.567946878897809],[-79.40263275139016,-2.568393491279404],[-79.40381388335881,-2.568088487188169],[-79.40477445600804,-2.56886101485881],[-79.4064501147665,-2.567505227244776],[-79.40737732947586,-2.568208258602587],[-79.40828363010236,-2.567128958484859],[-79.4094680894066,-2.567410332060671],[-79.41390364564775,-2.564794675985205],[-79.41456373200229,-2.564160184972945],[-79.41460785784496,-2.563447968553522],[-79.41629580254116,-2.562034928560856],[-79.41709053157945,-2.562402628827607],[-79.41802969427255,-2.561427267574248],[-79.41955467065692,-2.56187437734318],[-79.42068699009268,-2.560970784133827],[-79.4212116705943,-2.561863586739722],[-79.42210253131496,-2.561370188362896],[-79.4158164659343,-2.556800084465563],[-79.41329041818904,-2.55854607267014],[-79.41024641159134,-2.565625023808526],[-79.4090372739704,-2.566392395945887],[-79.40207242307046,-2.566747772611711],[-79.39916015090456,-2.565587352613948],[-79.39653845617919,-2.566924394878381],[-79.39553198826076,-2.566981551465045],[-79.39255255451872,-2.564740073435637],[-79.39071062741115,-2.562062384989499],[-79.39062163724181,-2.561521277256],[-79.39152054452607,-2.55962886205602],[-79.39144863369852,-2.557389592778188],[-79.38936314103292,-2.552187293963491],[-79.38804978650136,-2.55092326926276],[-79.38521191506716,-2.549987996007106],[-79.38454228947899,-2.547747975351224],[-79.38337476956798,-2.546205330831927],[-79.38277026611992,-2.546631230865335],[-79.38497969225749,-2.541182165562145],[-79.38208129279194,-2.537895665850507],[-79.38280279207574,-2.536812171733655],[-79.38277748014838,-2.536053393850804],[-79.38388185531808,-2.533514747199817],[-79.38765767690943,-2.530260292949946],[-79.38807157039805,-2.529092759267475],[-79.38747099187663,-2.528593350763066],[-79.38047805801864,-2.530426646355861],[-79.38054162616497,-2.533777271602204],[-79.37871836472236,-2.538213378148223],[-79.37669235307013,-2.540023759078585],[-79.37677995394837,-2.542654405241912],[-79.3759403531121,-2.543787824857078],[-79.37581571128811,-2.546550236165029]]]}},{"type":"Feature","properties":{"Pob_total":65.0},"geometry":{"type":"Polygon","coordinates":[[[-79.40968299093466,-2.567295816314435],[-79.40828363010236,-2.567128958484859],[-79.40737732947586,-2.568208258602587],[-79.4064501147665,-2.567505227244776],[-79.40462560967673,-2.568881806470639],[-79.40381388335881,-2.568088487188169],[-79.40263275139016,-2.568393491279404],[-79.40195331865235,-2.567946878897809],[-79.40066114556039,-2.568020413361479],[-79.3975054162336,-2.568987168204971],[-79.39704870305283,-2.569785410775698],[-79.39711559374356,-2.57072918295298],[-79.39669985447702,-2.571045181576889],[-79.39382199031905,-2.570923532030756],[-79.39091786848576,-2.570226673901503],[-79.38432531809521,-2.567718167894319],[-79.38120192440806,-2.571295129117024],[-79.38072547563706,-2.572691006480041],[-79.38022753601052,-2.582203603101156],[-79.37892579429113,-2.587059793563627],[-79.37843310551811,-2.587984028887925],[-79.37725233624052,-2.588705072625996],[-79.37735275348453,-2.592619350307246],[-79.37524047954102,-2.600849163465357],[-79.37496272068125,-2.607375671085469],[-79.37553544313462,-2.614887613019759],[-79.37649896890478,-2.61831195056223],[-79.37810710637281,-2.621941044674015],[-79.40330710763756,-2.623944650144345],[-79.40406706716489,-2.623660483061653],[-79.40499353034167,-2.621275801378903],[-79.40476848060777,-2.619328804941423],[-79.4050733293987,-2.617759776929962],[-79.40929200553352,-2.611684447731252],[-79.4115128045614,-2.60891870546344],[-79.41391372776815,-2.60769153154747],[-79.41632862215874,-2.605771376466005],[-79.41786521468369,-2.602919067512548],[-79.4202340913489,-2.601837541965555],[-79.42155993169081,-2.600177804319915],[-79.4222928460921,-2.598417664419517],[-79.42252677496487,-2.595558276612958],[-79.42425378562496,-2.59380082376788],[-79.42514606963441,-2.592077407113602],[-79.42670825171265,-2.590673979066683],[-79.42684356870119,-2.589158255031361],[-79.42828872772601,-2.587120894794143],[-79.42787569099677,-2.585597255087994],[-79.42875395378702,-2.584885527945941],[-79.42872119288502,-2.583953717428897],[-79.42998883559558,-2.583349580957192],[-79.4208925061616,-2.581707630545272],[-79.41353791063206,-2.575857630182069],[-79.41087750660996,-2.566429388663883],[-79.40968299093466,-2.567295816314435]]]}},{"type":"Feature","properties":{"Pob_total":377.0},"geometry":{"type":"Polygon","coordinates":[[[-79.42001805093886,-2.56142113997806],[-79.41924604713111,-2.561881498956776],[-79.41791510962484,-2.561448652895813],[-79.41709053157945,-2.562402628827607],[-79.41629580254116,-2.562034928560856],[-79.41460785784496,-2.563447968553522],[-79.4141113617171,-2.564648156266969],[-79.41087750660996,-2.566429388663883],[-79.41353791063206,-2.575857630182069],[-79.4208925061616,-2.581707630545272],[-79.42998883559558,-2.583349580957192],[-79.4307876325282,-2.581614702948003],[-79.42965772004452,-2.579873933731895],[-79.42907699397678,-2.579727703962237],[-79.42758235261005,-2.577912784635628],[-79.42778077630703,-2.575961049121553],[-79.42711594363573,-2.573640625845854],[-79.42701075568677,-2.571346031441928],[-79.42799125378531,-2.569399200384951],[-79.42746281236633,-2.568275838879619],[-79.42802237506938,-2.567545574404877],[-79.4262072850143,-2.566633778645004],[-79.42713414657683,-2.565314166786291],[-79.42809960965239,-2.565263642356045],[-79.42903028380003,-2.562753928783419],[-79.42715687736464,-2.563977448046989],[-79.42533933138466,-2.564018562361818],[-79.42210253131496,-2.561370188362896],[-79.4213830555545,-2.561865965041543],[-79.42068699009268,-2.560970784133827],[-79.42001805093886,-2.56142113997806]]]}},{"type":"Feature","properties":{"Pob_total":344.0},"geometry":{"type":"Polygon","coordinates":[[[-79.3829223762571,-2.54600823461684],[-79.38277026611992,-2.546631230865335],[-79.38337476956798,-2.546205330831927],[-79.38454228947899,-2.547747975351224],[-79.38521191506716,-2.549987996007106],[-79.38804978650136,-2.55092326926276],[-79.38936314103292,-2.552187293963491],[-79.39144863369852,-2.557389592778188],[-79.39152054452607,-2.55962886205602],[-79.39062163724181,-2.561521277256],[-79.39079988721922,-2.562363056641695],[-79.39255255451872,-2.564740073435637],[-79.39553198826076,-2.566981551465045],[-79.39653845617919,-2.566924394878381],[-79.39916015090456,-2.565587352613948],[-79.40259779337777,-2.566776913625489],[-79.40974906660055,-2.566124875401036],[-79.41329041818904,-2.55854607267014],[-79.42617062598184,-2.54964036973521],[-79.42455205717874,-2.544668636250905],[-79.42235463060304,-2.540694886773922],[-79.41894449610594,-2.539732619028388],[-79.41611002871586,-2.536781288241721],[-79.41474766998056,-2.534548013368083],[-79.41431357520817,-2.532813379417593],[-79.40914903695081,-2.529879078621238],[-79.40070086599329,-2.523942698265049],[-79.39603433972121,-2.525888329896518],[-79.38747099187663,-2.528593350763066],[-79.38807157039805,-2.529092759267475],[-79.38765767690943,-2.530260292949946],[-79.38388185531808,-2.533514747199817],[-79.38277748014838,-2.536053393850804],[-79.38280279207574,-2.536812171733655],[-79.38208129279194,-2.537895665850507],[-79.38497969225749,-2.541182165562145],[-79.3829223762571,-2.54600823461684]]]}},{"type":"Feature","properties":{"Pob_total":168.0},"geometry":{"type":"Polygon","coordinates":[[[-79.39734061123005,-2.497127954748903],[-79.3948634074567,-2.497059835770424],[-79.39363291499116,-2.497960127863149],[-79.39302822358881,-2.497975799357259],[-79.39280752941681,-2.499005285964297],[-79.39106988965568,-2.499602385005832],[-79.390521296465,-2.500279948034206],[-79.39090287095073,-2.502808984058577],[-79.38942482801176,-2.507081692995068],[-79.38937181717499,-2.509140365595322],[-79.38890627173595,-2.509972627994706],[-79.38697574994947,-2.511381997284344],[-79.38649864406202,-2.513402561606235],[-79.38528158894462,-2.514384203440788],[-79.3823932729107,-2.522706939167883],[-79.38064189104846,-2.526218907909843],[-79.38047805801864,-2.530426646355861],[-79.38856967873939,-2.528319441586168],[-79.40070086599329,-2.523942698265049],[-79.39632960969676,-2.520833557164839],[-79.39458830446534,-2.52021554455568],[-79.3954776864623,-2.520198808175213],[-79.39640920152131,-2.516995683997244],[-79.39532536695732,-2.515868158052365],[-79.39652725772173,-2.510882692249989],[-79.39638612809895,-2.502518701094165],[-79.39802248606408,-2.502268473366086],[-79.397936426597,-2.499836918758369],[-79.3969117740896,-2.499501962664633],[-79.39687247573437,-2.497732001647567],[-79.39831272646508,-2.497400048995409],[-79.3985985402747,-2.496613244496888],[-79.39734061123005,-2.497127954748903]]]}},{"type":"Feature","properties":{"Pob_total":87.0},"geometry":{"type":"Polygon","coordinates":[[[-79.45756517505473,-2.598633236464475],[-79.4560437589739,-2.598749485438872],[-79.45427147846296,-2.599655571064719],[-79.45116513932221,-2.600347120558103],[-79.44730702297807,-2.602511133095791],[-79.44523867220441,-2.603239978390397],[-79.4454262359075,-2.598700026727808],[-79.44236672451869,-2.599881737398976],[-79.43972561515609,-2.601912454100937],[-79.4369930812562,-2.602043754270684],[-79.43634641889051,-2.603121899359984],[-79.43631879685313,-2.607042886898915],[-79.43573977586432,-2.609351656834589],[-79.43379658250242,-2.611786614055306],[-79.43157167370636,-2.611953924951099],[-79.42827423914487,-2.616005866843172],[-79.4282089880586,-2.61724493774815],[-79.42941250537127,-2.619766575811517],[-79.42889611732862,-2.622392109988735],[-79.43049299621654,-2.623426721847032],[-79.43184138655415,-2.626722747379764],[-79.43185278296806,-2.629194841628197],[-79.43222624846199,-2.630280912305439],[-79.43145786119254,-2.632120963290416],[-79.43123180499397,-2.634405732147136],[-79.43212580305395,-2.636683509450471],[-79.43191353810126,-2.640451728189426],[-79.4326978389568,-2.641995748101558],[-79.43397829785424,-2.646687587073043],[-79.43421589437132,-2.650336099085683],[-79.43568670257761,-2.653468247421731],[-79.43848244258653,-2.653391756207986],[-79.43864627552988,-2.651103276272035],[-79.44591606320667,-2.64944804969888],[-79.44655913377959,-2.647998816018259],[-79.44665386551594,-2.645606411424247],[-79.44955276696027,-2.641098240899864],[-79.44937140602761,-2.639680013441258],[-79.44772385596603,-2.639254388798757],[-79.44697379799997,-2.638664149468684],[-79.44693907100223,-2.637135614995398],[-79.44846087535329,-2.635590615309186],[-79.4509897841111,-2.63408370238207],[-79.45251223933832,-2.632004640688362],[-79.45519219878622,-2.630076980701561],[-79.45475645879924,-2.629232837648776],[-79.45510349130974,-2.627915141813749],[-79.45484565111221,-2.627486870968355],[-79.45306154260233,-2.62853490224359],[-79.4507426336063,-2.628415985212239],[-79.45062863701584,-2.628391604709119],[-79.45048079174113,-2.628320973548935],[-79.45034475814359,-2.628227382233417],[-79.45254867798477,-2.625833989988236],[-79.45227943878413,-2.622173921624535],[-79.45400512981429,-2.61969202349938],[-79.45384766227225,-2.617861641685093],[-79.45441238502973,-2.61669696446604],[-79.45379436748648,-2.615113006213423],[-79.45410588903076,-2.614071095894505],[-79.45324882952191,-2.612426244447707],[-79.45326047046048,-2.611587091827639],[-79.45199582401759,-2.610488250263135],[-79.452310827332,-2.607549426013827],[-79.45330607338124,-2.605827464367399],[-79.45512985302531,-2.604327867474081],[-79.45602803898586,-2.602089140402561],[-79.45938234045855,-2.600384522045349],[-79.4603252867195,-2.599092576248505],[-79.45891804495766,-2.599135289178992],[-79.45756517505473,-2.598633236464475]]]}},{"type":"Feature","properties":{"Pob_total":435.0},"geometry":{"type":"Polygon","coordinates":[[[-79.46350561130313,-2.598793408991122],[-79.46091154320715,-2.598526183580195],[-79.45938234045855,-2.600384522045349],[-79.45602803898586,-2.602089140402561],[-79.45512985302531,-2.604327867474081],[-79.45330607338124,-2.605827464367399],[-79.452310827332,-2.607549426013827],[-79.45199582401759,-2.610488250263135],[-79.45326047046048,-2.611587091827639],[-79.45324882952191,-2.612426244447707],[-79.45410588903076,-2.614071095894505],[-79.45379436748648,-2.615113006213423],[-79.45441238502973,-2.61669696446604],[-79.45384766227225,-2.617861641685093],[-79.45400512981429,-2.61969202349938],[-79.45227943878413,-2.622173921624535],[-79.45254867798477,-2.625833989988236],[-79.45034475814359,-2.628227382233417],[-79.45306154260233,-2.62853490224359],[-79.45484565111221,-2.627486870968355],[-79.45510349130974,-2.627915141813749],[-79.45475645879924,-2.629232837648776],[-79.45519219878622,-2.630076980701561],[-79.45251223933832,-2.632004640688362],[-79.4509897841111,-2.63408370238207],[-79.44846087535329,-2.635590615309186],[-79.44693907100223,-2.637135614995398],[-79.44697379799997,-2.638664149468684],[-79.44772385596603,-2.639254388798757],[-79.44937140602761,-2.639680013441258],[-79.44955276696027,-2.641098240899864],[-79.44665386551594,-2.645606411424247],[-79.44655913377959,-2.647998816018259],[-79.44591147217218,-2.649461844722468],[-79.46015693253854,-2.657301253107128],[-79.46586854107701,-2.664798369107833],[-79.46633308314698,-2.663524227368169],[-79.46624615574153,-2.660729048595039],[-79.46678439362955,-2.658172675185396],[-79.46603050527796,-2.656714689775794],[-79.46837144196432,-2.655803824342994],[-79.47241975201221,-2.653091274061115],[-79.47148297707461,-2.651456079370462],[-79.47148684243248,-2.650352379305874],[-79.47356956368894,-2.648496448335881],[-79.47533694764707,-2.645486225273322],[-79.47846305115945,-2.643380695294306],[-79.48010275646884,-2.638851018920651],[-79.48028460395109,-2.636620032143632],[-79.47739633746795,-2.637064878678547],[-79.47494676337512,-2.636535518921813],[-79.47228914035766,-2.637819904894275],[-79.4691820397573,-2.641994511078971],[-79.46701318594414,-2.641846559626304],[-79.46782968225706,-2.637192912299719],[-79.4675862482414,-2.63469082475396],[-79.46636336922023,-2.632503972951373],[-79.46624422948855,-2.628731114338245],[-79.46771357774705,-2.62495786080634],[-79.47135570515329,-2.621893863847871],[-79.47156127544477,-2.621095042719826],[-79.471492316905,-2.620798720747151],[-79.46518771543582,-2.620863163163213],[-79.4662715953919,-2.618510124441356],[-79.46799421350006,-2.616246582608813],[-79.46855706595795,-2.614392025470425],[-79.46974349677559,-2.612891212969993],[-79.47004688365902,-2.607480125764245],[-79.47089414707965,-2.606537893357979],[-79.47037168059809,-2.605484194348616],[-79.47329102291103,-2.602776988702582],[-79.47266381031247,-2.600024423772866],[-79.46988638721542,-2.595842488803346],[-79.46861160262142,-2.596647125557696],[-79.46496495722475,-2.597393647137085],[-79.46350561130313,-2.598793408991122]]]}},{"type":"Feature","properties":{"Pob_total":95.0},"geometry":{"type":"Polygon","coordinates":[[[-79.41614480015777,-2.497042266502261],[-79.41603795346327,-2.500163080892395],[-79.41701752293342,-2.504271394642179],[-79.41594641427687,-2.504480443787318],[-79.41593658950639,-2.505798994803743],[-79.41307182722018,-2.505265601086699],[-79.412684550964,-2.505872588254552],[-79.41170150772025,-2.513972674911407],[-79.41171408768167,-2.52267875591144],[-79.4098903896582,-2.527979485324621],[-79.40858705982644,-2.529381302990283],[-79.41431357520817,-2.532813379417593],[-79.41474766998056,-2.534548013368083],[-79.41611002871586,-2.536781288241721],[-79.41894449610594,-2.539732619028388],[-79.42235463060304,-2.540694886773922],[-79.42455205717874,-2.544668636250905],[-79.42614571397752,-2.549578249510514],[-79.42091117091267,-2.530346864752442],[-79.42759912556865,-2.526304280841007],[-79.42760244915647,-2.523540137570124],[-79.42926632518054,-2.510403700502807],[-79.42667636878137,-2.498849316488946],[-79.42198485003514,-2.497111170269439],[-79.41614480015777,-2.497042266502261]]]}},{"type":"Feature","properties":{"Pob_total":221.0},"geometry":{"type":"Polygon","coordinates":[[[-79.39856733332988,-2.496560795008673],[-79.39831272646508,-2.497400048995409],[-79.39687247573437,-2.497732001647567],[-79.3969117740896,-2.499501962664633],[-79.397936426597,-2.499836918758369],[-79.39802248606408,-2.502268473366086],[-79.39638612809895,-2.502518701094165],[-79.39652725772173,-2.510882692249989],[-79.39532536695732,-2.515868158052365],[-79.39640920152131,-2.516995683997244],[-79.3954776864623,-2.520198808175213],[-79.39458830446534,-2.52021554455568],[-79.39632960969676,-2.520833557164839],[-79.40858705982644,-2.529381302990283],[-79.4098903896582,-2.527979485324621],[-79.41171408768167,-2.52267875591144],[-79.41170150772025,-2.513972674911407],[-79.412684550964,-2.505872588254552],[-79.41307182722018,-2.505265601086699],[-79.41593658950639,-2.505798994803743],[-79.41594641427687,-2.504480443787318],[-79.41701752293342,-2.504271394642179],[-79.41603795346327,-2.500163080892395],[-79.41614480015777,-2.497042266502261],[-79.41388934819479,-2.497975911015154],[-79.40918481073102,-2.498273671502422],[-79.40717696998153,-2.498923400712456],[-79.40552125964045,-2.49726569227689],[-79.40249674177664,-2.497226210055147],[-79.40152780739731,-2.496643464374074],[-79.39856733332988,-2.496560795008673]]]}},{"type":"Feature","properties":{"Pob_total":151.0},"geometry":{"type":"Polygon","coordinates":[[[-79.374991669044,-2.684462449099847],[-79.37415614187437,-2.68427319218702],[-79.36778194753803,-2.685148739104513],[-79.36622996538703,-2.686163494988491],[-79.36444710267342,-2.689365718749622],[-79.36536958200116,-2.690900993546697],[-79.36613592487477,-2.694557914169614],[-79.36644524123228,-2.700383026398915],[-79.36715509565597,-2.700801578348297],[-79.36872076810774,-2.700666775455438],[-79.3708367251203,-2.699579265032291],[-79.37152145224012,-2.700051798626401],[-79.37237409923301,-2.702260159729887],[-79.37384544943514,-2.703607797867027],[-79.3716945941676,-2.704959599331386],[-79.37131295725682,-2.707303308016744],[-79.37241710419379,-2.707337863396045],[-79.37271961868528,-2.706731481193074],[-79.37392647320029,-2.706706726277945],[-79.37442603275107,-2.705889550525225],[-79.37534887833384,-2.706058765027778],[-79.37474212055936,-2.706666660628746],[-79.37397239450269,-2.708768299092288],[-79.37472432709998,-2.709896115184874],[-79.37446603647385,-2.71095301972737],[-79.37378311228869,-2.711108090178978],[-79.37626022272852,-2.713289550507492],[-79.37671525976958,-2.714313329225428],[-79.37612853051407,-2.722138687525039],[-79.37718703981825,-2.724278516075241],[-79.37898986558338,-2.725580856668714],[-79.38072150551614,-2.728204695903235],[-79.38074182155961,-2.729491963407249],[-79.38213955904897,-2.733448264935901],[-79.38200137581985,-2.733953695787106],[-79.38082162175735,-2.734739134278255],[-79.38203619290636,-2.734819194308062],[-79.38322306040423,-2.7340581722221],[-79.38383808596629,-2.732999386844736],[-79.38468696791365,-2.727399305630512],[-79.38391202380762,-2.724022263510647],[-79.38268547136717,-2.722514880434481],[-79.38255637716131,-2.720255026896284],[-79.38288129089274,-2.719517073053169],[-79.38261028437172,-2.718599794162662],[-79.38393253403157,-2.716918863162042],[-79.38330288335636,-2.715731244908644],[-79.3835271108922,-2.714014657550332],[-79.38423206624387,-2.712332079306331],[-79.38506135587487,-2.711759837352685],[-79.38572429409884,-2.709949595838328],[-79.38568583137473,-2.708369020568614],[-79.38739538118907,-2.705532302742001],[-79.38730939345002,-2.702475054866183],[-79.3882989921462,-2.700151118886969],[-79.387458244505,-2.696796602340005],[-79.38601241333907,-2.693673247550512],[-79.3875814287865,-2.689692962757245],[-79.39007950830677,-2.687480808934644],[-79.3898382117759,-2.686803134808407],[-79.3872184697582,-2.685233970965848],[-79.38543767038593,-2.686145810860367],[-79.3848090222503,-2.686043693698839],[-79.38274978735902,-2.684772257052513],[-79.38185523289857,-2.683084469957761],[-79.38084863843729,-2.682557887513654],[-79.37717448201641,-2.683401906880059],[-79.374991669044,-2.684462449099847]]]}},{"type":"Feature","properties":{"Pob_total":109.0},"geometry":{"type":"Polygon","coordinates":[[[-79.40703784481235,-2.745450971097335],[-79.40408532004393,-2.747674706156281],[-79.40223284172392,-2.748360518205597],[-79.40122711977465,-2.748415961517761],[-79.3996403564713,-2.747642779373154],[-79.39618775185703,-2.74847483405157],[-79.3940180311695,-2.747780893745266],[-79.39347946896403,-2.748549765650242],[-79.39378602211536,-2.752813584532769],[-79.39232690763123,-2.75831713635309],[-79.39990718668288,-2.761874065910563],[-79.40267308993039,-2.7626329868314],[-79.40443864817757,-2.767100211561637],[-79.40380539592698,-2.769396839648179],[-79.40164931291123,-2.770662096349045],[-79.40135533657882,-2.771043952232291],[-79.40179592287646,-2.771337045347149],[-79.40690041153128,-2.771256678840749],[-79.40733385829537,-2.767187012945671],[-79.40730810420504,-2.764195989316987],[-79.40692329876782,-2.762789706325564],[-79.4024691578829,-2.757130739514941],[-79.40245822454636,-2.75579016238067],[-79.40424492069772,-2.754401925899785],[-79.4058408070261,-2.752153331263099],[-79.40798275200514,-2.752321906283029],[-79.4110570061079,-2.750836662541654],[-79.41074724556827,-2.749770239597832],[-79.40930377811115,-2.747945675450258],[-79.40932379625369,-2.746474410696139],[-79.4087592425817,-2.745416790983326],[-79.40703784481235,-2.745450971097335]]]}},{"type":"Feature","properties":{"Pob_total":151.0},"geometry":{"type":"Polygon","coordinates":[[[-79.36054093428854,-2.824425373470014],[-79.35738545883143,-2.834334604894404],[-79.3567469376341,-2.835128956893031],[-79.35421711367655,-2.836483833431033],[-79.3514788756183,-2.84338175324402],[-79.3557646739031,-2.841289638463367],[-79.36010557754211,-2.840165275672064],[-79.36736956787809,-2.839254406792544],[-79.37211018591304,-2.838164039916338],[-79.3760588588447,-2.834383516179119],[-79.37922244339009,-2.833339951214329],[-79.3857300042514,-2.826232058509749],[-79.39013875672653,-2.822603178011418],[-79.38353067028888,-2.822918608162062],[-79.38098542889993,-2.824579039678018],[-79.37832049017432,-2.823377606217605],[-79.37262067001208,-2.824757037641896],[-79.37108812152624,-2.824105030812834],[-79.36715181631652,-2.821366042762476],[-79.36744796407491,-2.820859672125443],[-79.36726270434217,-2.819561241440182],[-79.36541896811377,-2.817496042263318],[-79.36408102420904,-2.813255370788479],[-79.36299250799145,-2.813838490651519],[-79.36339069859041,-2.814523268508071],[-79.36220930032425,-2.81830722105485],[-79.36207928705562,-2.822077469069932],[-79.36054093428854,-2.824425373470014]]]}},{"type":"Feature","properties":{"Pob_total":343.0},"geometry":{"type":"Polygon","coordinates":[[[-79.43672492745294,-2.704184849154566],[-79.42979371289005,-2.703607167476147],[-79.42952111258155,-2.703885199952544],[-79.42598602741319,-2.712555604197271],[-79.42466844712287,-2.713969041405474],[-79.42157649492746,-2.716150991739165],[-79.41786287195342,-2.72125444843514],[-79.41585239002879,-2.727568180675735],[-79.41365966791419,-2.732391611264141],[-79.41434041546488,-2.734866015958165],[-79.4155900359754,-2.736932318246028],[-79.41668813304432,-2.737481723397198],[-79.41745573553847,-2.738503033871273],[-79.42234294697839,-2.742492753382018],[-79.42290634201993,-2.744250127167565],[-79.42495603061212,-2.746395265696778],[-79.42602225457092,-2.748151589358108],[-79.42736792845203,-2.752574066114081],[-79.43150427405165,-2.756625018146445],[-79.43266521957986,-2.758994898617911],[-79.43486301350536,-2.757056952435082],[-79.4361814167677,-2.75482988296279],[-79.43699816663315,-2.752038641485761],[-79.43779039370348,-2.751640990967096],[-79.44175869298955,-2.741914444848483],[-79.44515883747601,-2.73569621528682],[-79.45148872327783,-2.722052517382519],[-79.44378258754581,-2.717999202383066],[-79.44120169118673,-2.714715154598617],[-79.43959659631203,-2.713982787833611],[-79.44033015756432,-2.710910336085185],[-79.44188041253769,-2.707475294970596],[-79.44194680438535,-2.705978468656807],[-79.44367995964018,-2.703673295179019],[-79.44493155863736,-2.699353741623528],[-79.44429834120245,-2.697939852738662],[-79.44290935770451,-2.696434100095162],[-79.44298766958528,-2.694322951996106],[-79.4418406521998,-2.693209471358664],[-79.44135368575118,-2.694543146926874],[-79.440580984761,-2.694897304556819],[-79.4394961833429,-2.697053002111171],[-79.43806417719001,-2.698614805808569],[-79.43672492745294,-2.704184849154566]]]}},{"type":"Feature","properties":{"Pob_total":210.0},"geometry":{"type":"Polygon","coordinates":[[[-79.4282068240569,-2.617263995547676],[-79.42738151600656,-2.61903438702823],[-79.42484402002717,-2.620910222613482],[-79.42368931707264,-2.622796078036953],[-79.42108593921746,-2.624492958479635],[-79.41968634520902,-2.62494320112875],[-79.41933598577118,-2.626692681051095],[-79.41624698371133,-2.630517977168492],[-79.41520088022163,-2.63112091152095],[-79.41418562932641,-2.633258575565239],[-79.41259570433208,-2.634412088468977],[-79.41009604503974,-2.638862258507318],[-79.40894248552446,-2.639812703764848],[-79.40683169449268,-2.642665770005365],[-79.40563346708424,-2.645213629345764],[-79.40315487752176,-2.647164047354301],[-79.40198391984703,-2.648834607701846],[-79.40069865726686,-2.649776588225754],[-79.40092770480527,-2.650886085164985],[-79.40227390092313,-2.652548508332212],[-79.4025346162429,-2.653518043332761],[-79.401608354197,-2.655206343916661],[-79.40063815766483,-2.655951264016631],[-79.3999204545758,-2.658251994908961],[-79.4004316410634,-2.660110378501633],[-79.39989048170388,-2.662045707636917],[-79.40003969721067,-2.663634391214284],[-79.40177945172668,-2.667533958766072],[-79.4046937015034,-2.669750161430108],[-79.40717084098073,-2.669781061254132],[-79.40765404632455,-2.670466194512676],[-79.40788573278645,-2.672051920727926],[-79.40952513205393,-2.674784027940782],[-79.41139100326225,-2.676446667598689],[-79.4132094163243,-2.677258883170999],[-79.41496863314352,-2.677036705060616],[-79.41703944033995,-2.678308114551929],[-79.41890191053638,-2.678080550487978],[-79.42056934398691,-2.679940894010958],[-79.42190765347664,-2.682498170304251],[-79.42325668025178,-2.683354533944154],[-79.42557512391141,-2.682449561432742],[-79.42812181077946,-2.680491692787123],[-79.43263952780953,-2.675274665513157],[-79.43637024143737,-2.674885680608113],[-79.4393128329981,-2.67348215582351],[-79.44092272825812,-2.671661097134439],[-79.44206852531163,-2.669524353924949],[-79.44421952886637,-2.667692578018645],[-79.44447626574208,-2.66648891925355],[-79.4460066060592,-2.664912644837802],[-79.44726342226545,-2.662745261446466],[-79.44689103611188,-2.662075727787095],[-79.44691491960874,-2.659199594289001],[-79.44972081327764,-2.653817976097935],[-79.44974165616277,-2.653369239084238],[-79.44761414763244,-2.651530706997448],[-79.44580958187099,-2.650977675832893],[-79.44591606320667,-2.64944804969888],[-79.43864627552988,-2.651103276272035],[-79.43848244258653,-2.653391756207986],[-79.43568670257761,-2.653468247421731],[-79.43421589437132,-2.650336099085683],[-79.43397829785424,-2.646687587073043],[-79.4326978389568,-2.641995748101558],[-79.43191353810126,-2.640451728189426],[-79.43212580305395,-2.636683509450471],[-79.43123180499397,-2.634405732147136],[-79.43145786119254,-2.632120963290416],[-79.43222624846199,-2.630280912305439],[-79.43185278296806,-2.629194841628197],[-79.43184138655415,-2.626722747379764],[-79.43049299621654,-2.623426721847032],[-79.42889611732862,-2.622392109988735],[-79.42941250537127,-2.619766575811517],[-79.4282068240569,-2.617263995547676]]]}},{"type":"Feature","properties":{"Pob_total":149.0},"geometry":{"type":"Polygon","coordinates":[[[-79.09814876187771,-2.909293232035187],[-79.09418187539984,-2.909120771039731],[-79.09360364068756,-2.908621938434302],[-79.09156806421444,-2.908816864296216],[-79.08694086303791,-2.911560100473285],[-79.08580094479692,-2.912912188365016],[-79.08368710218315,-2.913175317849988],[-79.0824441440305,-2.913076175008368],[-79.0816694773254,-2.912591116914897],[-79.08183283556113,-2.915185240174967],[-79.08254592146142,-2.917458385142829],[-79.08366377525618,-2.918404074935996],[-79.08521101402764,-2.918898994921209],[-79.08776191320771,-2.921274159205725],[-79.09056549079376,-2.922599464191699],[-79.09130950261802,-2.920573879371029],[-79.09232402408722,-2.919139563277632],[-79.09226725961756,-2.918135807290237],[-79.09365518023031,-2.916431495867864],[-79.09436100675572,-2.913842167687244],[-79.09492849521007,-2.913298260105648],[-79.10026853468477,-2.912453159328281],[-79.10445626859224,-2.906095230571],[-79.10521497827315,-2.903826011669735],[-79.1044845156428,-2.904914298421367],[-79.10327394053918,-2.905506772739057],[-79.10121297670642,-2.907761632262712],[-79.09961691418165,-2.908911791478782],[-79.09814876187771,-2.909293232035187]]]}},{"type":"Feature","properties":{"Pob_total":162.0},"geometry":{"type":"Polygon","coordinates":[[[-79.10610526048774,-2.901220670565747],[-79.10618806879124,-2.901966724270048],[-79.10521524513716,-2.903825614265868],[-79.10621066155899,-2.907147127651291],[-79.10601443030323,-2.909077934348538],[-79.10387456760756,-2.913335927846408],[-79.10733928528617,-2.918690151870364],[-79.10775852583436,-2.921181855871696],[-79.10705153472568,-2.924203327260531],[-79.106304491904,-2.924663569080912],[-79.10592436143133,-2.925778531918141],[-79.10577516696554,-2.927222203113693],[-79.10450727968237,-2.927863392574233],[-79.1040380564837,-2.928557918373713],[-79.1052162484179,-2.929418722057757],[-79.10773515727236,-2.928904956225355],[-79.10883413138527,-2.930830343915098],[-79.11062521369993,-2.930956309814357],[-79.11200388767683,-2.928746574446692],[-79.11188394533806,-2.926793554671147],[-79.11275589949025,-2.926177363498221],[-79.11293315321629,-2.92467405549151],[-79.11393841679731,-2.922854405444852],[-79.1136299378865,-2.92134774436065],[-79.11435872274505,-2.920400819201713],[-79.11435776813535,-2.919246685673856],[-79.11532613103762,-2.918301156030592],[-79.1147474518149,-2.91746378913381],[-79.11561088300316,-2.914772957120616],[-79.11545420915361,-2.913371892010514],[-79.11625869170084,-2.912596797626763],[-79.11679706090084,-2.911280085707438],[-79.11736739300822,-2.904975723264401],[-79.1186011481235,-2.903309759767686],[-79.11333986666011,-2.902376414284387],[-79.10884599568978,-2.901085283283194],[-79.10610526048774,-2.901220670565747]]]}},{"type":"Feature","properties":{"Pob_total":201.0},"geometry":{"type":"Polygon","coordinates":[[[-79.07656818970408,-2.873320722837361],[-79.07627646808061,-2.874491131696739],[-79.07395913661625,-2.875091275851476],[-79.07206921072343,-2.877118232986107],[-79.07330853137961,-2.877605065514181],[-79.07513972291494,-2.876920895015586],[-79.07740709087516,-2.877618699601395],[-79.07946178714286,-2.880087995232344],[-79.08225423285715,-2.880321297094594],[-79.08384101605,-2.879792673272838],[-79.08519049095477,-2.880278784585411],[-79.0880032334078,-2.880211192196826],[-79.08860747632059,-2.880530937705797],[-79.09178635358249,-2.883312084464509],[-79.09314788881497,-2.883854633190544],[-79.09388737118462,-2.885320678232638],[-79.09340048298522,-2.887431163400568],[-79.09379745909138,-2.888010519600218],[-79.09361616858119,-2.888814950696821],[-79.09388502805777,-2.889373746453989],[-79.09442761820577,-2.889350104161823],[-79.09489466632323,-2.89062201461621],[-79.0950779890305,-2.89393970090418],[-79.0963424359279,-2.895654207085421],[-79.09778854663423,-2.89984860922689],[-79.09955363323948,-2.901680785996847],[-79.10052266775449,-2.903616440873871],[-79.10610526048774,-2.901220670565747],[-79.11002053704773,-2.887234616062052],[-79.1096627047304,-2.887232200522943],[-79.10651234615719,-2.883469963648391],[-79.10273097688444,-2.881931107838189],[-79.0990430280707,-2.881063679898208],[-79.0972829952368,-2.879498723771619],[-79.09511889450616,-2.878921017983486],[-79.09360119347102,-2.877813088560476],[-79.09257725046672,-2.878195653507064],[-79.09035812427948,-2.876914745705379],[-79.08712611652551,-2.876346538475587],[-79.08587134968914,-2.876500400165927],[-79.08341737519129,-2.875849765223368],[-79.08283195403502,-2.87632574026802],[-79.08278531123219,-2.877331576278338],[-79.08195520437758,-2.877638775408638],[-79.08048299572447,-2.877413677197557],[-79.07885260847061,-2.876325891813681],[-79.07672684103515,-2.875702926525021],[-79.07436513001133,-2.876300304831579],[-79.07392544188966,-2.877068118679602],[-79.07315754006721,-2.876567977415717],[-79.07919480590834,-2.874080366555525],[-79.07856563904079,-2.873317702116267],[-79.07696792592098,-2.872921716661232],[-79.07656818970408,-2.873320722837361]]]}},{"type":"Feature","properties":{"Pob_total":124.0},"geometry":{"type":"Polygon","coordinates":[[[-79.25237986595616,-2.835511030521717],[-79.25147531747096,-2.835609122633013],[-79.24960110660113,-2.836975022636408],[-79.24837014510398,-2.839605926704527],[-79.24641414276685,-2.841487252076779],[-79.24443374808531,-2.842041524660561],[-79.24068544077124,-2.842274679580702],[-79.23887106792567,-2.846465022893298],[-79.23786269854095,-2.850019693321887],[-79.23560050870714,-2.853625479310819],[-79.23426260167366,-2.856887721588129],[-79.2328883916908,-2.858000253935301],[-79.22832079824137,-2.858895475215939],[-79.22376339434047,-2.861754559580097],[-79.22259769765701,-2.864565868760631],[-79.22237793977945,-2.868503089419142],[-79.2202356399306,-2.872602840001383],[-79.21934493836154,-2.877140053086438],[-79.21744784189096,-2.881109841989669],[-79.2175161225766,-2.882023252950273],[-79.21662215093558,-2.884282500793941],[-79.21402843823701,-2.896101453925294],[-79.20894186895005,-2.895919422716503],[-79.20465478066771,-2.908601635743345],[-79.20500455059118,-2.909908934224659],[-79.20383394640075,-2.913587378769448],[-79.2028547292929,-2.915726632574714],[-79.20164499312347,-2.917187322006572],[-79.19982021200889,-2.921276677295162],[-79.19972035210026,-2.922255099083881],[-79.19788742701064,-2.925063826788611],[-79.19643734475599,-2.92979469761875],[-79.1955130607819,-2.931020541460868],[-79.1936672427045,-2.931683093704288],[-79.1945978258778,-2.932854851323795],[-79.19816343588401,-2.932689662501937],[-79.20233573248474,-2.933671333313594],[-79.20312279158738,-2.93274995571278],[-79.203951712342,-2.932895412643847],[-79.20599934033736,-2.931988780594059],[-79.20810141294353,-2.932192801893382],[-79.20889587568733,-2.932798819729078],[-79.20968608608537,-2.932544348087953],[-79.21039707359995,-2.933503466386193],[-79.21127915956106,-2.933801601860005],[-79.2114890276422,-2.934389723876969],[-79.21260028397172,-2.934627471355822],[-79.21299509994157,-2.935567713847317],[-79.21472429537519,-2.935184755956447],[-79.21628353527773,-2.935629509360907],[-79.21695544958826,-2.938190848362884],[-79.21842260531076,-2.939989059641999],[-79.22032096795135,-2.941056054862532],[-79.22092540324508,-2.941862405893667],[-79.22303316578045,-2.942046640027449],[-79.22370093851977,-2.941019078593125],[-79.22463126724939,-2.941036109149982],[-79.2263837526878,-2.940154400276398],[-79.22990660394863,-2.944872234899252],[-79.23024747667313,-2.946164222341087],[-79.23169182869098,-2.947295481632622],[-79.23166083554922,-2.948677541888243],[-79.23259383063767,-2.950478891948147],[-79.23423133558461,-2.951319170920321],[-79.23441602319853,-2.952619684169251],[-79.23574098987201,-2.953267168902108],[-79.23595250199622,-2.954157672075801],[-79.23738423344385,-2.9546135176201],[-79.23771982095553,-2.955135460765129],[-79.23901167858615,-2.953933678375082],[-79.23932087358834,-2.952579844060153],[-79.24269888716884,-2.951013855083853],[-79.24302951218381,-2.950386000372805],[-79.24286014079794,-2.948270003524947],[-79.2442496314216,-2.945590761173631],[-79.24629134393433,-2.943910772066614],[-79.24703556128381,-2.94273693156503],[-79.2477869227434,-2.942690642401488],[-79.25066849035527,-2.9385939250337],[-79.25378892605019,-2.93750790482876],[-79.25534219118894,-2.935036232802282],[-79.25628722403613,-2.93520373703216],[-79.25863875813518,-2.934044333382106],[-79.26299596148324,-2.935012387332984],[-79.27094764560603,-2.92871681376442],[-79.27553329597957,-2.921399204369952],[-79.27895169163301,-2.913641675503278],[-79.28449496659239,-2.910660572188823],[-79.29077831933279,-2.902940768641092],[-79.29419294634806,-2.901167788601178],[-79.28884165194522,-2.898371089871953],[-79.28385753001048,-2.895105970924147],[-79.28227714346191,-2.893713471017212],[-79.28080603066688,-2.891659550535027],[-79.28069263137169,-2.889532359559263],[-79.28269842043295,-2.884963117252926],[-79.2844929868437,-2.882361479862637],[-79.28846236351455,-2.879101545852913],[-79.28933887576474,-2.877771373781186],[-79.28957391485667,-2.876532354078793],[-79.28741105191106,-2.869184931290417],[-79.28769292913799,-2.85881814203411],[-79.28608234572015,-2.85533206684776],[-79.28585921580738,-2.849126302692877],[-79.28324296659045,-2.844223525942128],[-79.2784465730263,-2.838061362303482],[-79.27843048239369,-2.8376761579727],[-79.27918059129644,-2.837292034486099],[-79.27737942073678,-2.834073245544703],[-79.27612247567764,-2.832644272328771],[-79.2744412607778,-2.831755581691278],[-79.27213371909977,-2.828690811859757],[-79.26923054566282,-2.825947371421638],[-79.2676799716584,-2.82482164557112],[-79.2648955763385,-2.823926873752797],[-79.26285601930695,-2.825419963672824],[-79.26162453788854,-2.829987033307064],[-79.26077594610094,-2.83104456603844],[-79.25237986595616,-2.835511030521717]]]}},{"type":"Feature","properties":{"Pob_total":353.0},"geometry":{"type":"Polygon","coordinates":[[[-79.10174867090772,-2.86695134027723],[-79.09793217270263,-2.866734481774193],[-79.09743828115826,-2.867226808871844],[-79.09618828544602,-2.867217940946263],[-79.09474561465592,-2.868162680228615],[-79.09270107675103,-2.868656569293341],[-79.09177972605119,-2.868457188332841],[-79.08979516264968,-2.869390973216323],[-79.08823326845231,-2.869019893325773],[-79.0871824284635,-2.867789508342553],[-79.08572157533581,-2.868852378573327],[-79.08432378266872,-2.869252847817223],[-79.08293183316607,-2.869097793149933],[-79.08127270768665,-2.870352172090792],[-79.08080009078357,-2.871250905741103],[-79.07856563904079,-2.873317702116267],[-79.07919480590834,-2.874080366555525],[-79.07315754006721,-2.876567977415717],[-79.07392544188966,-2.877068118679602],[-79.07436513001133,-2.876300304831579],[-79.07672684103515,-2.875702926525021],[-79.07885260847061,-2.876325891813681],[-79.08048299572447,-2.877413677197557],[-79.08195520437758,-2.877638775408638],[-79.08278531123219,-2.877331576278338],[-79.08283195403502,-2.87632574026802],[-79.08341737519129,-2.875849765223368],[-79.08587134968914,-2.876500400165927],[-79.08712611652551,-2.876346538475587],[-79.09035812427948,-2.876914745705379],[-79.09257725046672,-2.878195653507064],[-79.09360119347102,-2.877813088560476],[-79.09511889450616,-2.878921017983486],[-79.0972829952368,-2.879498723771619],[-79.0990430280707,-2.881063679898208],[-79.10615754795094,-2.88321167221956],[-79.1096627047304,-2.887232200522943],[-79.11002053704773,-2.887234616062052],[-79.10610526048774,-2.901220670565747],[-79.10884599568978,-2.901085283283194],[-79.117930895077,-2.903289900206966],[-79.12523859427789,-2.902484635285328],[-79.12932120060363,-2.898580887151064],[-79.13149889594534,-2.897192620295557],[-79.13364261734363,-2.896445006111774],[-79.13687075888492,-2.897665463386127],[-79.13936475787447,-2.897713778400327],[-79.17427330707666,-2.896268441135359],[-79.17908345172827,-2.897690213242266],[-79.1821446236032,-2.900390633453657],[-79.18841173174638,-2.904576519795842],[-79.19240842826439,-2.906306270033245],[-79.19444049850199,-2.906685147271865],[-79.20777421539944,-2.895990685344775],[-79.21402843823701,-2.896101453925294],[-79.21649966103328,-2.884924867178436],[-79.21566173644939,-2.885947090355229],[-79.21500651423797,-2.885970563447698],[-79.21411800442112,-2.885354627948972],[-79.21280278525619,-2.885580698380146],[-79.21212700069982,-2.886102112845058],[-79.21113096601867,-2.886039503147916],[-79.20970400009134,-2.884165435349183],[-79.20636801878946,-2.883701250052045],[-79.20564565762278,-2.884102501271672],[-79.20377733377708,-2.884045376932815],[-79.20347864999452,-2.883821100667356],[-79.20393840426205,-2.883130074127943],[-79.20330035557869,-2.882814835273022],[-79.2005589004002,-2.883244529781092],[-79.19796244660924,-2.882914874861887],[-79.1974346769751,-2.883962968457462],[-79.196894725313,-2.884179220540367],[-79.19516053315442,-2.883532905297363],[-79.19468960915027,-2.882520299212213],[-79.19073818816537,-2.882455590877278],[-79.1902770921634,-2.882887896406455],[-79.19019489266552,-2.882545417228149],[-79.18934030692203,-2.882845620007985],[-79.18926553467071,-2.882527566817576],[-79.18864499772192,-2.882974811508944],[-79.18794432594773,-2.882456010032617],[-79.18740448818481,-2.882602087806569],[-79.18330742047876,-2.880108858709435],[-79.18325792801436,-2.87972944891809],[-79.18277608895117,-2.879711587324641],[-79.1828119962576,-2.879185736019396],[-79.18214697478706,-2.878874968324531],[-79.18221818274095,-2.878205941085424],[-79.18099133636595,-2.87744676321025],[-79.18042018594733,-2.877491061011275],[-79.17912215685767,-2.876535005049275],[-79.17820461585971,-2.876671431936771],[-79.176613679804,-2.876110510463064],[-79.17629957643165,-2.875691795078263],[-79.17564264783188,-2.875669401304618],[-79.17566750355628,-2.875138199372802],[-79.17484758806579,-2.875415932246109],[-79.17306748186282,-2.874997213407823],[-79.17202484181558,-2.874006480849896],[-79.17216979773151,-2.873224095147934],[-79.17129538431973,-2.873503184022023],[-79.17088138356958,-2.872622332903024],[-79.16918865115116,-2.872461369195018],[-79.1690636085365,-2.871918625689368],[-79.16888283303334,-2.872490264594245],[-79.1683451497171,-2.872699635408657],[-79.16812266963812,-2.872013141781605],[-79.16860855889045,-2.871742199663964],[-79.16806107112605,-2.87178363728224],[-79.167767242562,-2.871173707959385],[-79.16708333106058,-2.871607997998049],[-79.16684398119878,-2.871124478686452],[-79.16619356871884,-2.871249481772382],[-79.16629927301597,-2.870550767971409],[-79.16509023140631,-2.870881488700813],[-79.16497070597443,-2.870207640532147],[-79.16367765509965,-2.871279335596098],[-79.16278046390379,-2.870674673389596],[-79.16285235231766,-2.871386512649224],[-79.16243687144984,-2.871212952874842],[-79.16224729245806,-2.871608158559837],[-79.1598519739928,-2.870631153815974],[-79.15933449156358,-2.870863156767545],[-79.15943458101941,-2.870135411044073],[-79.15803594618664,-2.870253051449537],[-79.15784376342222,-2.870926393796962],[-79.15704392922446,-2.87057470960616],[-79.15655826330907,-2.871998088165062],[-79.15611733573765,-2.87216013531176],[-79.15583910503759,-2.870407737753542],[-79.15384288320244,-2.87023948080558],[-79.14843489007599,-2.872102542107137],[-79.14722133652208,-2.873172075971345],[-79.14597062092264,-2.873527207778076],[-79.14589331899457,-2.8740605752332],[-79.1454055639892,-2.873982921043755],[-79.14553736659411,-2.87450758642105],[-79.1450668868534,-2.874870770465943],[-79.14140058714513,-2.875845955951552],[-79.14115942762552,-2.87621177315296],[-79.13995417135932,-2.876261794125198],[-79.1389457659119,-2.875595539245765],[-79.1387788221586,-2.87594791275853],[-79.13433150028088,-2.876074084670798],[-79.13056499424285,-2.875023524740088],[-79.12418303248518,-2.875854023979035],[-79.11815271730585,-2.871956036459518],[-79.11479562517125,-2.870856387160087],[-79.11304301329486,-2.868859703592029],[-79.1125838865748,-2.867783025384296],[-79.10408812589007,-2.867529402223342],[-79.10287999582809,-2.866668398621399],[-79.10174867090772,-2.86695134027723]]]}},{"type":"Feature","properties":{"Pob_total":234.0},"geometry":{"type":"Polygon","coordinates":[[[-79.20894186895005,-2.895919422716503],[-79.20775580414625,-2.896002214393887],[-79.19444049850199,-2.906685147271865],[-79.19240842826439,-2.906306270033245],[-79.18885083794859,-2.904820251351688],[-79.1821446236032,-2.900390633453657],[-79.17908345172827,-2.897690213242266],[-79.17519603854181,-2.896380375418298],[-79.16412070541514,-2.896517081283568],[-79.13936475787447,-2.897713778400327],[-79.13687075888492,-2.897665463386127],[-79.13432370499632,-2.896490298676992],[-79.1327853173713,-2.896620325796933],[-79.12932120060363,-2.898580887151064],[-79.12523859427789,-2.902484635285328],[-79.1186011481235,-2.903309759767686],[-79.11771982357598,-2.904352831808588],[-79.11736739300822,-2.904975723264401],[-79.11679706090084,-2.911280085707438],[-79.11625869170084,-2.912596797626763],[-79.11545420915361,-2.913371892010514],[-79.11561088300316,-2.914772957120616],[-79.11491351384682,-2.916302159322876],[-79.11476970184927,-2.917603978499746],[-79.11532613103762,-2.918301156030592],[-79.11435776813535,-2.919246685673856],[-79.11435872274505,-2.920400819201713],[-79.1136299378865,-2.92134774436065],[-79.11393841679731,-2.922854405444852],[-79.11293315321629,-2.92467405549151],[-79.11275589949025,-2.926177363498221],[-79.11188394533806,-2.926793554671147],[-79.11200388767683,-2.928746574446692],[-79.11062521369993,-2.930956309814357],[-79.11461640904328,-2.93165275200142],[-79.11560784765443,-2.932891581212838],[-79.11757230991563,-2.933910734307242],[-79.11837376087315,-2.934992179166013],[-79.12109277940911,-2.936807457639749],[-79.12277842737322,-2.93647067840424],[-79.12488191648096,-2.934069192024133],[-79.12528287723657,-2.932703460539392],[-79.12581193198848,-2.932254146740852],[-79.12708931764386,-2.931768574804388],[-79.12853150613506,-2.932566755268826],[-79.13121884960059,-2.932186224961793],[-79.13264485778059,-2.933270690309503],[-79.13394450505257,-2.933574980915393],[-79.13483630846632,-2.934664473821992],[-79.13824557140377,-2.934790633016052],[-79.14135361185421,-2.937739951516637],[-79.1421397312235,-2.939798795050579],[-79.14328052994365,-2.939970518180487],[-79.14344298699096,-2.941493204239362],[-79.1443770501029,-2.943165276379145],[-79.14832821534888,-2.945796124675129],[-79.14967984858383,-2.945559454701182],[-79.1514360597855,-2.947708781831735],[-79.15203966756447,-2.949692294077745],[-79.15311447443429,-2.950588584805431],[-79.1551583193491,-2.95101850990289],[-79.15884463926956,-2.949928738245363],[-79.1598359146502,-2.950270020900908],[-79.16137815163967,-2.949984289231203],[-79.16374803735685,-2.950838578564011],[-79.16467667433956,-2.950149911638979],[-79.16647711995941,-2.950805629010438],[-79.16915381976061,-2.94936194144814],[-79.16944441715589,-2.947817041954863],[-79.17140773404923,-2.946156026107252],[-79.17288700788538,-2.946020137520236],[-79.1757098542057,-2.944591792319689],[-79.1760558373575,-2.943351729924137],[-79.17720825254585,-2.941948726629229],[-79.17747701174595,-2.940602627056568],[-79.17909157803396,-2.940553402498026],[-79.18186185427507,-2.935731564865506],[-79.18397517415407,-2.935676659424502],[-79.1863433490109,-2.93355803637166],[-79.18872545146715,-2.93346681360783],[-79.18985617011398,-2.932171814875028],[-79.19142946758105,-2.932384026403901],[-79.19251694461235,-2.931240249671722],[-79.1936672427045,-2.931683093704288],[-79.1958775974945,-2.93056168170618],[-79.1965116562448,-2.929612248912043],[-79.19788742701064,-2.925063826788611],[-79.19972035210026,-2.922255099083881],[-79.19982021200889,-2.921276677295162],[-79.20164499312347,-2.917187322006572],[-79.2028547292929,-2.915726632574714],[-79.20413869184203,-2.912826032002052],[-79.20500455059118,-2.909908934224659],[-79.20465478066771,-2.908601635743345],[-79.20894186895005,-2.895919422716503]]]}},{"type":"Feature","properties":{"Pob_total":306.0},"geometry":{"type":"Polygon","coordinates":[[[-79.07478071886518,-2.895843933664854],[-79.0753902028944,-2.8961390289717],[-79.07556474812904,-2.896822073482288],[-79.07464030381674,-2.900124413665712],[-79.0748247771216,-2.901955730907197],[-79.07412888732993,-2.904302079381346],[-79.07431174665214,-2.906433866285264],[-79.07866279337719,-2.91102955576784],[-79.08118752514154,-2.911997680452079],[-79.0824441440305,-2.913076175008368],[-79.08580094479692,-2.912912188365016],[-79.08694086303791,-2.911560100473285],[-79.0909563021703,-2.908951454829979],[-79.09360364068756,-2.908621938434302],[-79.09418187539984,-2.909120771039731],[-79.09788052291658,-2.909329307500221],[-79.09961691418165,-2.908911791478782],[-79.10232746344253,-2.906818531548948],[-79.10327394053918,-2.905506772739057],[-79.1044845156428,-2.904914298421367],[-79.10618806879124,-2.901966724270048],[-79.10610526048774,-2.901220670565747],[-79.10012050481612,-2.903813453447968],[-79.09848793185212,-2.903677591617606],[-79.09286052429594,-2.89966631487629],[-79.09009600697618,-2.899150763705294],[-79.0892586269545,-2.898419207450875],[-79.08632873409599,-2.897315733688348],[-79.08443380209484,-2.897050302211068],[-79.08392894598717,-2.896452677382195],[-79.0821919155756,-2.896199808024669],[-79.07781092580223,-2.894086948509465],[-79.0754625421901,-2.894806300908214],[-79.07478071886518,-2.895843933664854]]]}},{"type":"Feature","properties":{"Pob_total":238.0},"geometry":{"type":"Polygon","coordinates":[[[-79.10521524513716,-2.903825614265868],[-79.10445626859224,-2.906095230571],[-79.10026853468477,-2.912453159328281],[-79.09492849521007,-2.913298260105648],[-79.09436100675572,-2.913842167687244],[-79.09365518023031,-2.916431495867864],[-79.09226725961756,-2.918135807290237],[-79.09232402408722,-2.919139563277632],[-79.09130950261802,-2.920573879371029],[-79.09056549079376,-2.922599464191699],[-79.09153544561426,-2.92416275517577],[-79.0930896601914,-2.924786540165237],[-79.09372419363172,-2.926029791627297],[-79.09484372500992,-2.926876156682944],[-79.09667562751076,-2.927237407642941],[-79.0984482138686,-2.926907081498667],[-79.09937454661502,-2.927575357884124],[-79.10122908287363,-2.927803752557347],[-79.10284724855676,-2.928714207570041],[-79.1040380564837,-2.928557918373713],[-79.10450727968237,-2.927863392574233],[-79.10577516696554,-2.927222203113693],[-79.10592436143133,-2.925778531918141],[-79.106304491904,-2.924663569080912],[-79.10705153472568,-2.924203327260531],[-79.10775852583436,-2.921181855871696],[-79.10733928528617,-2.918690151870364],[-79.10387456760756,-2.913335927846408],[-79.10601443030323,-2.909077934348538],[-79.10621066155899,-2.907147127651291],[-79.10521524513716,-2.903825614265868]]]}},{"type":"Feature","properties":{"Pob_total":162.0},"geometry":{"type":"Polygon","coordinates":[[[-79.07428305770266,-2.876978305888663],[-79.07330853137961,-2.877605065514181],[-79.07206921072343,-2.877118232986107],[-79.07100936089125,-2.878109927919511],[-79.06929079425828,-2.878663315238393],[-79.06974426901328,-2.879141905782919],[-79.07076101280504,-2.878979999251611],[-79.07022525044175,-2.879501577439977],[-79.07103490084386,-2.880028196465735],[-79.07083748422976,-2.88305763734148],[-79.07160311310983,-2.883660224723911],[-79.07247492655424,-2.885291505489145],[-79.0739636170095,-2.885021590426465],[-79.0754189814699,-2.88634900442884],[-79.07669101978769,-2.886256939569936],[-79.07542667111896,-2.888124863416389],[-79.07740938337201,-2.886923852163769],[-79.07732031677045,-2.887748774335145],[-79.0798668809711,-2.888158950786496],[-79.0783891270781,-2.887213824562483],[-79.0790272373082,-2.887445475789197],[-79.07937392055699,-2.885834342164493],[-79.07941084719536,-2.886605229302197],[-79.07996523494077,-2.885817261775122],[-79.08012895763882,-2.886376962497132],[-79.08045452265881,-2.886310876360356],[-79.08052963297081,-2.884421242336914],[-79.08163272007096,-2.885863397800111],[-79.0813083832291,-2.886055079909943],[-79.08152925370263,-2.886267486747165],[-79.08224937731445,-2.88585720867621],[-79.08187440136203,-2.886912218171305],[-79.08305921784735,-2.886916484695301],[-79.0834848564149,-2.886485453456026],[-79.08395392471382,-2.886972251048749],[-79.08453223543668,-2.886720054976935],[-79.08485001784359,-2.887597661019865],[-79.08640726145082,-2.888070475733901],[-79.08770729351743,-2.889089892729245],[-79.08872886248197,-2.888573966621996],[-79.08884241469634,-2.887891489843323],[-79.08938229629894,-2.88771147186946],[-79.08958102283201,-2.885782342542249],[-79.08989976558745,-2.886141303850517],[-79.08972498004896,-2.887142406419561],[-79.09022273980626,-2.886605248734333],[-79.09059661638246,-2.88755302578536],[-79.09147747505489,-2.886478516267681],[-79.09124791386022,-2.887970055375002],[-79.09054463894637,-2.889060686504592],[-79.09104211790853,-2.888962064294237],[-79.09030941679539,-2.889901192477042],[-79.09110778392457,-2.889760129243088],[-79.09117745381212,-2.891229838465236],[-79.09167173002159,-2.891272537603464],[-79.09120402097395,-2.892714755952533],[-79.0915083134047,-2.893487997328544],[-79.092872435057,-2.893940501518472],[-79.09332677474552,-2.895173238091798],[-79.09273577619435,-2.894995921304703],[-79.09307484843504,-2.896590143862526],[-79.09399621972338,-2.896842614989898],[-79.09379933624655,-2.897610851426993],[-79.09430332238276,-2.897387913531208],[-79.0944231237697,-2.898348827042691],[-79.09655953047447,-2.899371830283],[-79.09663039500917,-2.900018451660241],[-79.09616401182352,-2.900609915720709],[-79.0965201699132,-2.901399431433819],[-79.09647186360735,-2.900707636887741],[-79.09698311232765,-2.901522280664947],[-79.09727441752383,-2.900758723393944],[-79.09748962269487,-2.901351519191788],[-79.09783573644258,-2.901209511419369],[-79.09789408311342,-2.902059105159003],[-79.0982999119644,-2.901940436469835],[-79.0984586752615,-2.902458359970358],[-79.09922023286643,-2.90282584636584],[-79.09832003064213,-2.903101623138272],[-79.1004744358808,-2.903675682822376],[-79.09955363323948,-2.901680785996847],[-79.09778854663423,-2.89984860922689],[-79.0963424359279,-2.895654207085421],[-79.0950779890305,-2.89393970090418],[-79.09489466632323,-2.89062201461621],[-79.09442761820577,-2.889350104161823],[-79.09388502805777,-2.889373746453989],[-79.09361616858119,-2.888814950696821],[-79.09379745909138,-2.888010519600218],[-79.09340048298522,-2.887431163400568],[-79.09388737118462,-2.885320678232638],[-79.09314788881497,-2.883854633190544],[-79.09178635358249,-2.883312084464509],[-79.09090459554139,-2.882230083714292],[-79.0880032334078,-2.880211192196826],[-79.08519049095477,-2.880278784585411],[-79.08384101605,-2.879792673272838],[-79.08225423285715,-2.880321297094594],[-79.07946178714286,-2.880087995232344],[-79.07740709087516,-2.877618699601395],[-79.07428305770266,-2.876978305888663]]]}},{"type":"Feature","properties":{"Pob_total":277.0},"geometry":{"type":"Polygon","coordinates":[[[-79.08045452265881,-2.886310876360356],[-79.08012895763882,-2.886376962497132],[-79.07996523494077,-2.885817261775122],[-79.07941084719536,-2.886605229302197],[-79.07937392055699,-2.885834342164493],[-79.0790272373082,-2.887445475789197],[-79.0783891270781,-2.887213824562483],[-79.0798668809711,-2.888158950786496],[-79.07732031677045,-2.887748774335145],[-79.07740938337201,-2.886923852163769],[-79.0751880717637,-2.888241422330732],[-79.07578130474592,-2.889087053784274],[-79.07792833920747,-2.89021240159317],[-79.07454609156706,-2.891644600512743],[-79.07333142849144,-2.893288243037224],[-79.07390592103496,-2.893915372348372],[-79.07349022863868,-2.895618799962864],[-79.07478071886518,-2.895843933664854],[-79.0754625421901,-2.894806300908214],[-79.07781092580223,-2.894086948509465],[-79.0821919155756,-2.896199808024669],[-79.08392894598717,-2.896452677382195],[-79.08443380209484,-2.897050302211068],[-79.08632873409599,-2.897315733688348],[-79.0892586269545,-2.898419207450875],[-79.09009600697618,-2.899150763705294],[-79.09286052429594,-2.89966631487629],[-79.09815715024573,-2.90356609665064],[-79.10045165780673,-2.903703081697635],[-79.09832003064213,-2.903101623138272],[-79.09922023286643,-2.90282584636584],[-79.0984586752615,-2.902458359970358],[-79.0982999119644,-2.901940436469835],[-79.09789408311342,-2.902059105159003],[-79.09783573644258,-2.901209511419369],[-79.09748962269487,-2.901351519191788],[-79.09727441752383,-2.900758723393944],[-79.09698311232765,-2.901522280664947],[-79.09647186360735,-2.900707636887741],[-79.0965201699132,-2.901399431433819],[-79.09616401182352,-2.900609915720709],[-79.09663039500917,-2.900018451660241],[-79.09655953047447,-2.899371830283],[-79.0944231237697,-2.898348827042691],[-79.09430332238276,-2.897387913531208],[-79.09379933624655,-2.897610851426993],[-79.09399621972338,-2.896842614989898],[-79.09307484843504,-2.896590143862526],[-79.09273577619435,-2.894995921304703],[-79.09332677474552,-2.895173238091798],[-79.092872435057,-2.893940501518472],[-79.0915083134047,-2.893487997328544],[-79.09120402097395,-2.892714755952533],[-79.09167173002159,-2.891272537603464],[-79.09117745381212,-2.891229838465236],[-79.09110778392457,-2.889760129243088],[-79.09030941679539,-2.889901192477042],[-79.09104211790853,-2.888962064294237],[-79.09054463894637,-2.889060686504592],[-79.09124791386022,-2.887970055375002],[-79.09147747505489,-2.886478516267681],[-79.09059661638246,-2.88755302578536],[-79.09022273980626,-2.886605248734333],[-79.08972498004896,-2.887142406419561],[-79.08989976558745,-2.886141303850517],[-79.08958102283201,-2.885782342542249],[-79.08938229629894,-2.88771147186946],[-79.08884241469634,-2.887891489843323],[-79.08872886248197,-2.888573966621996],[-79.08770729351743,-2.889089892729245],[-79.08640726145082,-2.888070475733901],[-79.08485001784359,-2.887597661019865],[-79.08453223543668,-2.886720054976935],[-79.08395392471382,-2.886972251048749],[-79.0834848564149,-2.886485453456026],[-79.08305921784735,-2.886916484695301],[-79.08187440136203,-2.886912218171305],[-79.08224937731445,-2.88585720867621],[-79.08152925370263,-2.886267486747165],[-79.08105952585785,-2.884833546377957],[-79.08033628642748,-2.884420914472238],[-79.08045452265881,-2.886310876360356]]]}},{"type":"Feature","properties":{"Pob_total":267.0},"geometry":{"type":"Polygon","coordinates":[[[-79.10755959587114,-2.832720479297734],[-79.1061086766394,-2.833415077003073],[-79.1047513724734,-2.833393073876398],[-79.089897426971,-2.846899833216423],[-79.0969006861285,-2.857167795243805],[-79.09989918792822,-2.85640426561631],[-79.10147511556305,-2.855073181487713],[-79.10248235111771,-2.854883793214729],[-79.104929141937,-2.853331346659393],[-79.10694522790537,-2.851359260426418],[-79.10811316907295,-2.851277007355746],[-79.10964307992313,-2.850252712950685],[-79.11139335167655,-2.850198089020017],[-79.11247755642916,-2.84901997112439],[-79.11072738330716,-2.846915349524501],[-79.11073409080365,-2.842182282699556],[-79.11145368208823,-2.839307719346536],[-79.10859597387157,-2.832183631576973],[-79.10755959587114,-2.832720479297734]]]}},{"type":"Feature","properties":{"Pob_total":77.0},"geometry":{"type":"Polygon","coordinates":[[[-79.14251885491318,-2.733423145373751],[-79.14043963094159,-2.73471749814285],[-79.13820856974863,-2.737522827698381],[-79.13691715306341,-2.738201259449902],[-79.13011012972103,-2.738831509881449],[-79.12650501881407,-2.739775291756634],[-79.12423121160151,-2.739700513166358],[-79.121466924313,-2.741753376088508],[-79.11703027381668,-2.742140436044139],[-79.11528643167574,-2.742670535437229],[-79.11305326943916,-2.741461143709528],[-79.11129206153244,-2.741311423500076],[-79.10895222690581,-2.74184273455658],[-79.10779727808588,-2.742997600183934],[-79.10611663388906,-2.745993565353654],[-79.10525817398191,-2.751514795122241],[-79.10390583470594,-2.755872122704961],[-79.09987676401127,-2.76117460847119],[-79.09544205550564,-2.769190175357213],[-79.08952576146226,-2.773682507321784],[-79.08855333217407,-2.776568761577413],[-79.08508012931715,-2.778612332680175],[-79.08426021384172,-2.7796078667234],[-79.08345407825404,-2.78182188301083],[-79.07869823791793,-2.783918681106072],[-79.07237203522263,-2.783987422345619],[-79.07100609277329,-2.786888819738773],[-79.06942095241494,-2.789093597062237],[-79.07300450104609,-2.789919333888928],[-79.07601081527424,-2.791325317613024],[-79.07513361607685,-2.793491221389182],[-79.07726235690832,-2.796077812492032],[-79.07794923015909,-2.797930365563109],[-79.07956460737732,-2.799084875533749],[-79.07952678807419,-2.800444718216668],[-79.08207546647891,-2.802494552156263],[-79.08204315870526,-2.802952837067079],[-79.08242240953528,-2.802979683344083],[-79.08290832790154,-2.803881603970992],[-79.08603623931654,-2.806026521045081],[-79.08747659532945,-2.807491150280627],[-79.08787824304919,-2.807408354460152],[-79.08835278321128,-2.80850483858296],[-79.08947932638347,-2.808906438085161],[-79.08956897479274,-2.809963499743901],[-79.0888278728578,-2.812088048640485],[-79.08957999579921,-2.812755772868762],[-79.08868046062824,-2.813377916914093],[-79.08869266251342,-2.814556284557357],[-79.08816865780571,-2.815393703989763],[-79.08850498608419,-2.815992655001252],[-79.08810354316056,-2.817108137215297],[-79.08835030369029,-2.817767793771563],[-79.08787557004628,-2.819102777573052],[-79.08827833643765,-2.819438631239211],[-79.08855602031737,-2.821479584705682],[-79.09027888069623,-2.824077655770839],[-79.08975399511478,-2.826222545355573],[-79.09054446008176,-2.833579317989055],[-79.09016681983674,-2.834809574660898],[-79.08892413374471,-2.836125472642528],[-79.09999382904776,-2.834779330750956],[-79.10070298785008,-2.83324774752765],[-79.1061086766394,-2.833415077003073],[-79.10859597387157,-2.832183631576973],[-79.11145368208823,-2.839307719346536],[-79.11073409080365,-2.842182282699556],[-79.11072738330716,-2.846915349524501],[-79.11247755642916,-2.84901997112439],[-79.1138048981528,-2.848411540887131],[-79.11454436456351,-2.848530213585232],[-79.11585305507619,-2.847001985813836],[-79.11706438747474,-2.847113743916946],[-79.12007049228194,-2.844849547184759],[-79.12205105704936,-2.843970363678471],[-79.12397577833485,-2.843590843174003],[-79.12444792392358,-2.844078895097099],[-79.12475258626152,-2.843921425830326],[-79.12572707940286,-2.84273306721078],[-79.12510636453034,-2.841802792348028],[-79.12730806717614,-2.837899076767902],[-79.12851076580934,-2.837004500368882],[-79.12981388113414,-2.834841464065881],[-79.13226705461472,-2.832522502125297],[-79.1336303346758,-2.831809469251826],[-79.13437420601993,-2.830074384812488],[-79.13553902056003,-2.829299540228867],[-79.13619031310789,-2.827586547069556],[-79.13744164804075,-2.826517333467958],[-79.13858740925305,-2.823474750240404],[-79.13974225544946,-2.82336195385258],[-79.13984386564714,-2.822462501709198],[-79.14122059394901,-2.82153914965058],[-79.14193733247615,-2.819770731615538],[-79.14315151128102,-2.817742057680396],[-79.14367559873959,-2.817632942588446],[-79.1443080536014,-2.81621694033569],[-79.14452945539578,-2.814736899642996],[-79.14399749968469,-2.813278980483326],[-79.14157426836454,-2.810530598939871],[-79.14017472481012,-2.808149801149065],[-79.13884645933418,-2.808180501980672],[-79.13733663488557,-2.80696045890251],[-79.135027297511,-2.806925840148547],[-79.13351291178891,-2.806206912929484],[-79.1319611867734,-2.805048469377457],[-79.13159469966945,-2.804050892328342],[-79.1308394694836,-2.80350777675317],[-79.12526378565559,-2.800925066949152],[-79.124306465665,-2.80000593302832],[-79.12385963690988,-2.798925125194905],[-79.12489034344098,-2.798421958590273],[-79.12601980265933,-2.795585704236235],[-79.12648085258785,-2.79530098458253],[-79.12615770558088,-2.794023982563117],[-79.12632453084554,-2.791855393730136],[-79.12966469902628,-2.790199957058805],[-79.13451278877837,-2.786603738886144],[-79.13392348027259,-2.785488453728196],[-79.13318429391668,-2.781022390957544],[-79.13688995998116,-2.77362887027269],[-79.13815930771304,-2.759126368029444],[-79.14304340617484,-2.750400243991557],[-79.14780956688067,-2.745043841979307],[-79.14990868785176,-2.739601517866022],[-79.15139818420514,-2.736684177135038],[-79.15226883217109,-2.73588894999478],[-79.15249264438619,-2.733936874624572],[-79.14702943960046,-2.732061341039788],[-79.14521950735713,-2.732216776112186],[-79.14251885491318,-2.733423145373751]]]}},{"type":"Feature","properties":{"Pob_total":357.0},"geometry":{"type":"Polygon","coordinates":[[[-79.08754641239175,-2.857558058854023],[-79.0874972645515,-2.865007712540328],[-79.0857793096703,-2.867009211949997],[-79.08640381283557,-2.867177083347842],[-79.08687284650654,-2.868160564274643],[-79.08889104703962,-2.867314416019814],[-79.09179109766569,-2.865282296591086],[-79.09232853552646,-2.864233964364692],[-79.09232236025181,-2.861168178848681],[-79.09318955385221,-2.858814731582609],[-79.09508205909282,-2.857796140109978],[-79.09625656278966,-2.857770155908619],[-79.0969006861285,-2.857167795243805],[-79.089889802636,-2.84693875108014],[-79.08943823822459,-2.849139252789673],[-79.08914291923193,-2.855233671057116],[-79.08754641239175,-2.857558058854023]]]}},{"type":"Feature","properties":{"Pob_total":88.0},"geometry":{"type":"Polygon","coordinates":[[[-79.18211136444032,-2.715252833222547],[-79.18148466923137,-2.715530476327594],[-79.18028956103065,-2.717345415835796],[-79.17849455348029,-2.7176212697613],[-79.17803366636274,-2.719752203320116],[-79.17259830440601,-2.719406604185622],[-79.1707772889296,-2.721781201466115],[-79.16857575500036,-2.726629146254163],[-79.16325798837063,-2.730461922791618],[-79.15503044554245,-2.733562088739187],[-79.15249264438619,-2.733936874624572],[-79.15226883217109,-2.73588894999478],[-79.15139818420514,-2.736684177135038],[-79.14990868785176,-2.739601517866022],[-79.14780956688067,-2.745043841979307],[-79.14304340617484,-2.750400243991557],[-79.13815930771304,-2.759126368029444],[-79.13688995998116,-2.77362887027269],[-79.13318429391668,-2.781022390957544],[-79.13392348027259,-2.785488453728196],[-79.13451278877837,-2.786603738886144],[-79.12966469902628,-2.790199957058805],[-79.12632453084554,-2.791855393730136],[-79.12615770558088,-2.794023982563117],[-79.12648085258785,-2.79530098458253],[-79.12601980265933,-2.795585704236235],[-79.12489034344098,-2.798421958590273],[-79.12385963690988,-2.798925125194905],[-79.124306465665,-2.80000593302832],[-79.12526378565559,-2.800925066949152],[-79.1308394694836,-2.80350777675317],[-79.13159469966945,-2.804050892328342],[-79.1319611867734,-2.805048469377457],[-79.13351291178891,-2.806206912929484],[-79.135027297511,-2.806925840148547],[-79.13733663488557,-2.80696045890251],[-79.13884645933418,-2.808180501980672],[-79.14017472481012,-2.808149801149065],[-79.14157426836454,-2.810530598939871],[-79.14394019318442,-2.813180593181482],[-79.14452945539578,-2.814736899642996],[-79.14407567417985,-2.816789217009041],[-79.14367559873959,-2.817632942588446],[-79.14315151128102,-2.817742057680396],[-79.14122059394901,-2.82153914965058],[-79.13973166730902,-2.822613506102982],[-79.13974225544946,-2.82336195385258],[-79.14181278775204,-2.822264385734563],[-79.14322840181262,-2.822166465971963],[-79.14573112299072,-2.820731480823617],[-79.14958721024452,-2.820680049113762],[-79.15234419803532,-2.821596178357065],[-79.15510952642424,-2.823251292424251],[-79.1578589494422,-2.82289099126433],[-79.15987189489721,-2.823537198325256],[-79.16151359002589,-2.823520606206407],[-79.16741922361417,-2.820645975342624],[-79.16772740945561,-2.821878057921043],[-79.16811108834881,-2.822078585219185],[-79.16758433664913,-2.824229749433917],[-79.16846313139663,-2.824801806398496],[-79.16841810835872,-2.825526120375139],[-79.16957190087665,-2.826387514746652],[-79.17017424164492,-2.827486030555064],[-79.17012876714325,-2.828213692000476],[-79.16938499981222,-2.828590485248042],[-79.16925238355662,-2.829200094305195],[-79.16971124703683,-2.82946160420624],[-79.16957662439332,-2.830377657567286],[-79.17027719212585,-2.831574349090336],[-79.17030123292709,-2.832703151631219],[-79.17134640882745,-2.834298894782795],[-79.17132014441988,-2.835164838315448],[-79.17071956908265,-2.835807161474514],[-79.17076496529293,-2.836965837464233],[-79.16942509136678,-2.838283898042699],[-79.16950510141591,-2.838930555337084],[-79.17023037994882,-2.838479226984425],[-79.17019668372502,-2.838061324490102],[-79.17129458748988,-2.837581469761663],[-79.17226067557269,-2.83800347461704],[-79.17201025766943,-2.836260427445082],[-79.1752929360806,-2.834509141456694],[-79.17700804417821,-2.831488791366776],[-79.17884172724985,-2.829927884557914],[-79.17961101484192,-2.829856304504283],[-79.1802924141082,-2.830318451211319],[-79.18179160417925,-2.829361046473575],[-79.1821598442576,-2.829895858422324],[-79.18379913780613,-2.830638625217663],[-79.18773050046373,-2.831374209425349],[-79.1902600668384,-2.83127260994741],[-79.19402284856041,-2.829934854875388],[-79.19554400859532,-2.826187348215979],[-79.19598776238593,-2.82674722659721],[-79.1962950181027,-2.825958113668217],[-79.19684783469218,-2.826239835333969],[-79.19678862818778,-2.825854806485466],[-79.19731685978925,-2.82598484507887],[-79.19723596551378,-2.825606016299738],[-79.2005744733379,-2.826126004729983],[-79.20048828619599,-2.825797450565409],[-79.20130168844088,-2.825635947983025],[-79.20164821987059,-2.824915972498618],[-79.20279396220668,-2.82455008290164],[-79.2043347239656,-2.826323821490909],[-79.20519796212368,-2.826565333827287],[-79.20713321936812,-2.825847098691848],[-79.20874794144478,-2.82437114201054],[-79.21044194075704,-2.823749098667455],[-79.21340375240464,-2.821852735008288],[-79.2132381529403,-2.819811473475443],[-79.21454766981994,-2.818317664671007],[-79.21562451544646,-2.815292935852295],[-79.21904699077277,-2.810862418612823],[-79.22054489408588,-2.809540416342994],[-79.2208149460079,-2.80836039873923],[-79.22255630177249,-2.806491865530501],[-79.22385749023123,-2.80573064815669],[-79.22407036819226,-2.804466812162916],[-79.22506644737365,-2.803087057863774],[-79.22528873816569,-2.800887769683602],[-79.2264501538759,-2.800431973906499],[-79.22703916610689,-2.799074391675435],[-79.23285578686547,-2.801030781011281],[-79.23150995154442,-2.786105212821635],[-79.23531191479687,-2.779486525184848],[-79.23624552545628,-2.779616720433098],[-79.23698928753713,-2.779156747803483],[-79.23766398690856,-2.778575954629733],[-79.23816812301195,-2.777305299908204],[-79.23743517930518,-2.776700878412746],[-79.23749002755406,-2.774809330092739],[-79.23670542602756,-2.772400658768393],[-79.2381289154874,-2.770167228957492],[-79.23802665181536,-2.768925933406022],[-79.23852722749547,-2.767289267526443],[-79.23786113180525,-2.765194787954005],[-79.23815998808418,-2.764223246903952],[-79.23897901092198,-2.763461864647832],[-79.23944853064619,-2.760688666619448],[-79.23904059464328,-2.758995328074494],[-79.2374439384572,-2.756654238750078],[-79.23587521466344,-2.755539363928097],[-79.23023169004142,-2.754567937863267],[-79.22780963888897,-2.752155238761048],[-79.22584091448076,-2.752313893756289],[-79.22520665980318,-2.751647044618258],[-79.22393295848063,-2.751392396586865],[-79.22043913229163,-2.751699233945908],[-79.21912840891328,-2.751430511432463],[-79.21400917263198,-2.747690572924327],[-79.21180251340309,-2.745251634437721],[-79.21203247178406,-2.743904268325393],[-79.2128027869065,-2.74365457674451],[-79.21371688928892,-2.742130010881199],[-79.2135808849457,-2.740877855041045],[-79.2139565512377,-2.739753332713962],[-79.21457950347587,-2.73936127120914],[-79.21338308322514,-2.731126634112225],[-79.21207501932624,-2.727610717474418],[-79.21349223003227,-2.726020605694503],[-79.21382891609822,-2.723388799682859],[-79.21245387051661,-2.723341269831096],[-79.2122594954657,-2.722710434637684],[-79.20790254913737,-2.722986796455669],[-79.2069101094581,-2.722287856982496],[-79.20667294500531,-2.722860170892177],[-79.20578938400871,-2.721258586055828],[-79.2049063674542,-2.72099448817289],[-79.20451594531781,-2.719883566930716],[-79.20185613472063,-2.719140448586824],[-79.20190117753592,-2.720298058642674],[-79.20134059314057,-2.71999745503678],[-79.20137231248053,-2.71934409030738],[-79.1993916432982,-2.719183056970159],[-79.19847452807007,-2.720634187585045],[-79.19540640558046,-2.720583848083062],[-79.19266475685029,-2.721627395601717],[-79.19155661879454,-2.721649943332717],[-79.19048562773496,-2.721006384960887],[-79.18609171627729,-2.715446583829149],[-79.18211136444032,-2.715252833222547]]]}},{"type":"Feature","properties":{"Pob_total":6.0},"geometry":{"type":"Polygon","coordinates":[[[-79.24448232995962,-2.675197146122403],[-79.24273442309247,-2.67608778461755],[-79.24218750856411,-2.677107117658081],[-79.24151831427352,-2.677103709463328],[-79.24135428851402,-2.677618731460671],[-79.24075021649114,-2.677601218430032],[-79.23987010536358,-2.67851562220048],[-79.23959055590844,-2.679323281693486],[-79.23987292489484,-2.680382956644048],[-79.23930645371631,-2.681176449530668],[-79.23927086185763,-2.683557178915192],[-79.23862539114879,-2.685510834095824],[-79.23389283222787,-2.691805581059158],[-79.23255265417374,-2.692787118133477],[-79.23088230379197,-2.697057274734662],[-79.23154439104421,-2.700365069677698],[-79.23047694186324,-2.701901404739595],[-79.22907540664036,-2.705561467743874],[-79.22814100191675,-2.706935852157453],[-79.22701531306971,-2.707724249268818],[-79.22539502315672,-2.710454122457238],[-79.22403807035283,-2.710990432221343],[-79.22370557083438,-2.710670113197254],[-79.22270688755144,-2.712220362826825],[-79.22196629914244,-2.711961644015127],[-79.21989855670198,-2.713961807032283],[-79.21914201269836,-2.715817511563475],[-79.21809423931154,-2.715989302496942],[-79.21835188625784,-2.71714949905634],[-79.21608048839524,-2.719243840621892],[-79.21573642790516,-2.720048847887681],[-79.2153720864079,-2.719848285956313],[-79.21558540634976,-2.720749520371611],[-79.2148459566627,-2.722041242054759],[-79.21515222891865,-2.722533078724981],[-79.21468240829788,-2.723062366085395],[-79.21355081120325,-2.723181669112211],[-79.21381266627948,-2.724955231135948],[-79.21333417708166,-2.725633711282597],[-79.21349223003227,-2.726020605694503],[-79.21207501932624,-2.727610717474418],[-79.21338308322514,-2.731126634112225],[-79.21458761881085,-2.739102394349332],[-79.2135808849457,-2.740877855041045],[-79.21371688928892,-2.742130010881199],[-79.2128027869065,-2.74365457674451],[-79.21203247178406,-2.743904268325393],[-79.21180251340309,-2.745251634437721],[-79.21400917263198,-2.747690572924327],[-79.21830381306243,-2.751025374091372],[-79.22004828005039,-2.751660846330699],[-79.22393295848063,-2.751392396586865],[-79.22520665980318,-2.751647044618258],[-79.22584091448076,-2.752313893756289],[-79.22780963888897,-2.752155238761048],[-79.23023169004142,-2.754567937863267],[-79.23587521466344,-2.755539363928097],[-79.2374439384572,-2.756654238750078],[-79.23904059464328,-2.758995328074494],[-79.23944853064619,-2.760688666619448],[-79.23918403587194,-2.762578408021524],[-79.23786113180525,-2.765194787954005],[-79.23852722749547,-2.767289267526443],[-79.23802665181536,-2.768925933406022],[-79.2381289154874,-2.770167228957492],[-79.23670542602756,-2.772400658768393],[-79.23749002755406,-2.774809330092739],[-79.23743517930518,-2.776700878412746],[-79.23816812301195,-2.777305299908204],[-79.23766398690856,-2.778575954629733],[-79.23698928753713,-2.779156747803483],[-79.23624552545628,-2.779616720433098],[-79.23548413884245,-2.779343486245252],[-79.23628138648546,-2.780476109358282],[-79.2394218936743,-2.778047140537243],[-79.24241467888368,-2.777113342613488],[-79.24378469124169,-2.776056478543892],[-79.24624975870064,-2.775985279355337],[-79.2466098396531,-2.776718456655899],[-79.24734120560406,-2.776919481945538],[-79.24729226901444,-2.775403388098972],[-79.24805972355959,-2.774181584409454],[-79.24963076486165,-2.773952874854449],[-79.25072228102046,-2.77423084698147],[-79.24966979403321,-2.772115800353081],[-79.25081125388452,-2.771267292098784],[-79.25385637924339,-2.771796015761546],[-79.2542898232371,-2.772176180329513],[-79.25338668780361,-2.772404081280778],[-79.25351163619979,-2.772749068361525],[-79.25639979049065,-2.774053884473247],[-79.25759567921686,-2.775895142392941],[-79.25832627763154,-2.776195542171382],[-79.25881824136384,-2.775920732116647],[-79.25861348045561,-2.775483659846294],[-79.25987109277612,-2.775153108526527],[-79.26158367574978,-2.775800297112997],[-79.26150557264297,-2.774903764369034],[-79.26266657254718,-2.774745157065265],[-79.26246076772999,-2.774314044252356],[-79.26281383755892,-2.773635265674409],[-79.26329319136659,-2.773369933408782],[-79.26443664626674,-2.773804408585635],[-79.26454915030033,-2.772815829948549],[-79.26558708203069,-2.771790808327384],[-79.26582524743223,-2.770778903006788],[-79.26764081343609,-2.770120169809786],[-79.26848801404233,-2.769333868575284],[-79.270359072382,-2.769413747080524],[-79.2714775198466,-2.768675862776728],[-79.27244924527925,-2.768903803449569],[-79.27281346374512,-2.768156039203439],[-79.273876977985,-2.768590659384027],[-79.27565902380914,-2.768345754184763],[-79.27597834589626,-2.767988845342205],[-79.27659845379678,-2.769642709925296],[-79.27703393643692,-2.76911550822319],[-79.28121879283913,-2.768113988260233],[-79.27875325386124,-2.755217008893375],[-79.27786220305926,-2.754041791543076],[-79.27588398446228,-2.752807479372005],[-79.27066756587556,-2.751027540396705],[-79.26641112096172,-2.750261768379532],[-79.2628844898026,-2.743385894197398],[-79.26277672124358,-2.738759259987729],[-79.26316842630449,-2.736964485018051],[-79.26290816343064,-2.734904004916956],[-79.26233755015156,-2.73377533837475],[-79.25815231706247,-2.731283380420645],[-79.25566113789779,-2.728632738035818],[-79.2543591635034,-2.726743418655663],[-79.25212968349386,-2.721806446773504],[-79.2508776630968,-2.720901295433879],[-79.24444413412412,-2.719229074545639],[-79.24261473760272,-2.717396076691857],[-79.24095886876033,-2.714863520108175],[-79.24083381759507,-2.710843813447533],[-79.2423671515007,-2.699331821870901],[-79.24347090782723,-2.696982704527047],[-79.2453523055099,-2.695717373574027],[-79.24666094642133,-2.693815776063658],[-79.24601409839133,-2.688721915810032],[-79.24547618880698,-2.687151423393647],[-79.24559935745343,-2.679867901838104],[-79.24620893236117,-2.675252979867561],[-79.24448232995962,-2.675197146122403]]]}},{"type":"Feature","properties":{"Pob_total":58.0},"geometry":{"type":"Polygon","coordinates":[[[-79.23548413884245,-2.779343486245252],[-79.23150995154442,-2.786105212821635],[-79.23285578686547,-2.801030781011281],[-79.23190275055045,-2.811780856153147],[-79.23465735117213,-2.81448414535565],[-79.24245162678812,-2.818406322110873],[-79.2428664690397,-2.824395834251392],[-79.24231712999033,-2.828739001076208],[-79.24930252387054,-2.836607717733647],[-79.25376526734874,-2.834969951622062],[-79.26077594610094,-2.83104456603844],[-79.26162453788854,-2.829987033307064],[-79.26239676539922,-2.826385985440411],[-79.26393352033112,-2.824339739757395],[-79.26549073583509,-2.823950788235505],[-79.2676799716584,-2.82482164557112],[-79.26892353785394,-2.824577395531111],[-79.27224527350113,-2.822902074040373],[-79.27417033381447,-2.821431816373329],[-79.27586071579697,-2.816105792755398],[-79.27858849586526,-2.81357787706995],[-79.27978141842824,-2.811830320011838],[-79.2794369201985,-2.809772415744851],[-79.28115773572979,-2.807228918064084],[-79.28145877425537,-2.803079197747261],[-79.28258495136659,-2.800272479546817],[-79.28359939232338,-2.798914272367846],[-79.28449131282034,-2.799245831438105],[-79.28523583618244,-2.800198336968226],[-79.288631382137,-2.801168472584489],[-79.29087152862061,-2.801416915993392],[-79.29530465089394,-2.801086271295724],[-79.2986307502166,-2.80152790347303],[-79.30205008390874,-2.802992251899297],[-79.30355836145829,-2.80293178059281],[-79.3031380532038,-2.801777544632483],[-79.30154335508801,-2.800832488644454],[-79.30179353704406,-2.800153905951557],[-79.30102596075758,-2.799086522608494],[-79.30108146518192,-2.798201379498682],[-79.30209623262323,-2.796981049992785],[-79.30201479420599,-2.79619961345313],[-79.30139663818572,-2.795603140318155],[-79.29940771568259,-2.79526231150387],[-79.29709863330963,-2.790730666681204],[-79.29441120886392,-2.787456622376753],[-79.29200356007948,-2.783128398025587],[-79.29164241776527,-2.77935921052244],[-79.29053231628275,-2.778594728047755],[-79.28595457182126,-2.777554584207739],[-79.28280265738665,-2.772693257698532],[-79.28121879283913,-2.768113988260233],[-79.27703393643692,-2.76911550822319],[-79.27659845379678,-2.769642709925296],[-79.27597834589626,-2.767988845342205],[-79.27565902380914,-2.768345754184763],[-79.273876977985,-2.768590659384027],[-79.27281346374512,-2.768156039203439],[-79.27244924527925,-2.768903803449569],[-79.2714775198466,-2.768675862776728],[-79.270359072382,-2.769413747080524],[-79.26848801404233,-2.769333868575284],[-79.26764081343609,-2.770120169809786],[-79.26582524743223,-2.770778903006788],[-79.26558708203069,-2.771790808327384],[-79.26454915030033,-2.772815829948549],[-79.26443664626674,-2.773804408585635],[-79.26329319136659,-2.773369933408782],[-79.26281383755892,-2.773635265674409],[-79.26246076772999,-2.774314044252356],[-79.26266657254718,-2.774745157065265],[-79.26150557264297,-2.774903764369034],[-79.26158367574978,-2.775800297112997],[-79.25987109277612,-2.775153108526527],[-79.25861348045561,-2.775483659846294],[-79.25881824136384,-2.775920732116647],[-79.25832627763154,-2.776195542171382],[-79.25759567921686,-2.775895142392941],[-79.25639979049065,-2.774053884473247],[-79.25351163619979,-2.772749068361525],[-79.25338668780361,-2.772404081280778],[-79.2542898232371,-2.772176180329513],[-79.25385637924339,-2.771796015761546],[-79.25081125388452,-2.771267292098784],[-79.24966979403321,-2.772115800353081],[-79.25072228102046,-2.77423084698147],[-79.24963076486165,-2.773952874854449],[-79.24805972355959,-2.774181584409454],[-79.24729226901444,-2.775403388098972],[-79.24734120560406,-2.776919481945538],[-79.2466098396531,-2.776718456655899],[-79.24624975870064,-2.775985279355337],[-79.24378469124169,-2.776056478543892],[-79.24241467888368,-2.777113342613488],[-79.2394218936743,-2.778047140537243],[-79.23642476108121,-2.780459680510221],[-79.23548413884245,-2.779343486245252]]]}},{"type":"Feature","properties":{"Pob_total":229.0},"geometry":{"type":"Polygon","coordinates":[[[-79.1018814911174,-2.833141979556766],[-79.10070298785008,-2.83324774752765],[-79.09999382904776,-2.834779330750956],[-79.08892413374471,-2.836125472642528],[-79.0866523545491,-2.839070286873376],[-79.08590624516047,-2.840651388514652],[-79.08441442427073,-2.841437905811024],[-79.08218284441605,-2.843656242873733],[-79.08157410122615,-2.846017431134736],[-79.07995554504583,-2.84730546000702],[-79.07847370906052,-2.847486080026522],[-79.07810879757186,-2.84791496031934],[-79.07428838334606,-2.847853219881221],[-79.07177917791785,-2.848501197983648],[-79.07060641650762,-2.849387589886569],[-79.0693808325972,-2.852238870297345],[-79.07014572149701,-2.853710184621689],[-79.06919260890267,-2.856072483116257],[-79.06969406604972,-2.858103859689776],[-79.06938984334451,-2.859534871489862],[-79.0719474649051,-2.860952415715508],[-79.07255939439565,-2.862798715332772],[-79.07518508697073,-2.862046066118537],[-79.07625305433652,-2.862915706754434],[-79.07696863267302,-2.861550499925889],[-79.07780279275586,-2.861499913159681],[-79.07811159828584,-2.861016690521843],[-79.07835923906669,-2.862163168997949],[-79.0806027600911,-2.863618170230151],[-79.07988694150987,-2.864154960285951],[-79.07980307359009,-2.864782418668088],[-79.08185348553728,-2.864531246548949],[-79.08255817326304,-2.862629103925109],[-79.08596238044926,-2.859650881837814],[-79.08914291923193,-2.855233671057116],[-79.08943823822459,-2.849139252789673],[-79.089897426971,-2.846899833216423],[-79.1047513724734,-2.833393073876398],[-79.1018814911174,-2.833141979556766]]]}},{"type":"Feature","properties":{"Pob_total":124.0},"geometry":{"type":"Polygon","coordinates":[[[-79.20543265085534,-2.826470841984473],[-79.2043347239656,-2.826323821490909],[-79.20279396220668,-2.82455008290164],[-79.20164821987059,-2.824915972498618],[-79.20130168844088,-2.825635947983025],[-79.20048828619599,-2.825797450565409],[-79.2005744733379,-2.826126004729983],[-79.19723596551378,-2.825606016299738],[-79.19731685978925,-2.82598484507887],[-79.19678862818778,-2.825854806485466],[-79.19684783469218,-2.826239835333969],[-79.1962950181027,-2.825958113668217],[-79.19609148289986,-2.826727587098566],[-79.19551645149515,-2.826211988754161],[-79.19402284856041,-2.829934854875388],[-79.1902600668384,-2.83127260994741],[-79.18773050046373,-2.831374209425349],[-79.18379913780613,-2.830638625217663],[-79.1821598442576,-2.829895858422324],[-79.18179160417925,-2.829361046473575],[-79.1802924141082,-2.830318451211319],[-79.17961101484192,-2.829856304504283],[-79.17884172724985,-2.829927884557914],[-79.17700804417821,-2.831488791366776],[-79.1752929360806,-2.834509141456694],[-79.17201025766943,-2.836260427445082],[-79.17226067557269,-2.83800347461704],[-79.17129458748988,-2.837581469761663],[-79.17019668372502,-2.838061324490102],[-79.17023037994882,-2.838479226984425],[-79.16950510141591,-2.838930555337084],[-79.16942509136678,-2.838283898042699],[-79.17076496529293,-2.836965837464233],[-79.17071956908265,-2.835807161474514],[-79.17132014441988,-2.835164838315448],[-79.17134640882745,-2.834298894782795],[-79.17030123292709,-2.832703151631219],[-79.17027719212585,-2.831574349090336],[-79.16957662439332,-2.830377657567286],[-79.16971124703683,-2.82946160420624],[-79.16925238355662,-2.829200094305195],[-79.16938499981222,-2.828590485248042],[-79.17012876714325,-2.828213692000476],[-79.17017424164492,-2.827486030555064],[-79.16957190087665,-2.826387514746652],[-79.16841810835872,-2.825526120375139],[-79.16846313139663,-2.824801806398496],[-79.16758433664913,-2.824229749433917],[-79.16811108834881,-2.822078585219185],[-79.16772740945561,-2.821878057921043],[-79.16741922361417,-2.820645975342624],[-79.16170453713289,-2.823482520143988],[-79.16065450578827,-2.823557642311512],[-79.1578589494422,-2.82289099126433],[-79.15510952642424,-2.823251292424251],[-79.15234419803532,-2.821596178357065],[-79.14958721024452,-2.820680049113762],[-79.14573112299072,-2.820731480823617],[-79.14322840181262,-2.822166465971963],[-79.14181278775204,-2.822264385734563],[-79.13974225544946,-2.82336195385258],[-79.13858740925305,-2.823474750240404],[-79.13744164804075,-2.826517333467958],[-79.13619031310789,-2.827586547069556],[-79.13553902056003,-2.829299540228867],[-79.13437420601993,-2.830074384812488],[-79.1336303346758,-2.831809469251826],[-79.13226705461472,-2.832522502125297],[-79.12964454714295,-2.835005939120056],[-79.12851076580934,-2.837004500368882],[-79.12767193986387,-2.837437343154107],[-79.12612613848395,-2.839577822476984],[-79.12510636453034,-2.841802792348028],[-79.12572707940286,-2.84273306721078],[-79.12475258626152,-2.843921425830326],[-79.12444792392358,-2.844078895097099],[-79.12397577833485,-2.843590843174003],[-79.12247039437142,-2.843858383419764],[-79.12022360951721,-2.844757749158465],[-79.11706438747474,-2.847113743916946],[-79.11585305507619,-2.847001985813836],[-79.11454436456351,-2.848530213585232],[-79.11268481965921,-2.848701307324953],[-79.11139335167655,-2.850198089020017],[-79.10964307992313,-2.850252712950685],[-79.10811316907295,-2.851277007355746],[-79.10694522790537,-2.851359260426418],[-79.104929141937,-2.853331346659393],[-79.10248235111771,-2.854883793214729],[-79.10147511556305,-2.855073181487713],[-79.09989918792822,-2.85640426561631],[-79.09823395268529,-2.856645725147347],[-79.09660283271317,-2.857195118062441],[-79.09625656278966,-2.857770155908619],[-79.09573661957201,-2.857593784408299],[-79.09361633867924,-2.858441194506725],[-79.09237258119335,-2.860979918400782],[-79.09232853552646,-2.864233964364692],[-79.09179109766569,-2.865282296591086],[-79.08850236721689,-2.86753664910718],[-79.0871824284635,-2.867789508342553],[-79.08793011363522,-2.868806897892799],[-79.08916565627445,-2.869394438220022],[-79.09195056628184,-2.868417960908999],[-79.09270107675103,-2.868656569293341],[-79.09474561465592,-2.868162680228615],[-79.09618828544602,-2.867217940946263],[-79.09743828115826,-2.867226808871844],[-79.09793217270263,-2.866734481774193],[-79.10099998423378,-2.866968177265665],[-79.10271818664444,-2.866629701000092],[-79.10408812589007,-2.867529402223342],[-79.1125838865748,-2.867783025384296],[-79.11304301329486,-2.868859703592029],[-79.11479562517125,-2.870856387160087],[-79.11815271730585,-2.871956036459518],[-79.12418303248518,-2.875854023979035],[-79.13056499424285,-2.875023524740088],[-79.13433150028088,-2.876074084670798],[-79.1387788221586,-2.87594791275853],[-79.1389457659119,-2.875595539245765],[-79.13995417135932,-2.876261794125198],[-79.14115942762552,-2.87621177315296],[-79.14140058714513,-2.875845955951552],[-79.1450668868534,-2.874870770465943],[-79.14553736659411,-2.87450758642105],[-79.1454055639892,-2.873982921043755],[-79.14589331899457,-2.8740605752332],[-79.14597062092264,-2.873527207778076],[-79.14722133652208,-2.873172075971345],[-79.14843489007599,-2.872102542107137],[-79.15384288320244,-2.87023948080558],[-79.15583910503759,-2.870407737753542],[-79.15611733573765,-2.87216013531176],[-79.15655826330907,-2.871998088165062],[-79.15704392922446,-2.87057470960616],[-79.15784376342222,-2.870926393796962],[-79.15803594618664,-2.870253051449537],[-79.15943458101941,-2.870135411044073],[-79.15933449156358,-2.870863156767545],[-79.1598519739928,-2.870631153815974],[-79.16224729245806,-2.871608158559837],[-79.16243687144984,-2.871212952874842],[-79.16285235231766,-2.871386512649224],[-79.16278046390379,-2.870674673389596],[-79.16367765509965,-2.871279335596098],[-79.16497070597443,-2.870207640532147],[-79.16509023140631,-2.870881488700813],[-79.16629927301597,-2.870550767971409],[-79.16619356871884,-2.871249481772382],[-79.16684398119878,-2.871124478686452],[-79.16708333106058,-2.871607997998049],[-79.167767242562,-2.871173707959385],[-79.16806107112605,-2.87178363728224],[-79.16860855889045,-2.871742199663964],[-79.16812266963812,-2.872013141781605],[-79.1683451497171,-2.872699635408657],[-79.16888283303334,-2.872490264594245],[-79.1690636085365,-2.871918625689368],[-79.16918865115116,-2.872461369195018],[-79.17088138356958,-2.872622332903024],[-79.17129538431973,-2.873503184022023],[-79.17216979773151,-2.873224095147934],[-79.17202484181558,-2.874006480849896],[-79.17306748186282,-2.874997213407823],[-79.17484758806579,-2.875415932246109],[-79.17566750355628,-2.875138199372802],[-79.17564264783188,-2.875669401304618],[-79.17629957643165,-2.875691795078263],[-79.176613679804,-2.876110510463064],[-79.17820461585971,-2.876671431936771],[-79.17912215685767,-2.876535005049275],[-79.18042018594733,-2.877491061011275],[-79.18099133636595,-2.87744676321025],[-79.18221818274095,-2.878205941085424],[-79.18214697478706,-2.878874968324531],[-79.1828119962576,-2.879185736019396],[-79.18277608895117,-2.879711587324641],[-79.18754156607899,-2.882647518992699],[-79.18794432594773,-2.882456010032617],[-79.18864499772192,-2.882974811508944],[-79.18926553467071,-2.882527566817576],[-79.18934030692203,-2.882845620007985],[-79.19019489266552,-2.882545417228149],[-79.1902770921634,-2.882887896406455],[-79.19073818816537,-2.882455590877278],[-79.19468960915027,-2.882520299212213],[-79.19516053315442,-2.883532905297363],[-79.196894725313,-2.884179220540367],[-79.1974346769751,-2.883962968457462],[-79.19796244660924,-2.882914874861887],[-79.2005589004002,-2.883244529781092],[-79.20330035557869,-2.882814835273022],[-79.20393840426205,-2.883130074127943],[-79.20347864999452,-2.883821100667356],[-79.20377733377708,-2.884045376932815],[-79.20564565762278,-2.884102501271672],[-79.20636801878946,-2.883701250052045],[-79.20970400009134,-2.884165435349183],[-79.21113096601867,-2.886039503147916],[-79.21212700069982,-2.886102112845058],[-79.21280278525619,-2.885580698380146],[-79.21411800442112,-2.885354627948972],[-79.21500651423797,-2.885970563447698],[-79.215821808921,-2.885898873962853],[-79.21710019107316,-2.883397076686555],[-79.21752690480282,-2.880872596386568],[-79.21934493836154,-2.877140053086438],[-79.2202356399306,-2.872602840001383],[-79.22237793977945,-2.868503089419142],[-79.22259769765701,-2.864565868760631],[-79.22376339434047,-2.861754559580097],[-79.22832079824137,-2.858895475215939],[-79.2328883916908,-2.858000253935301],[-79.23426260167366,-2.856887721588129],[-79.23560050870714,-2.853625479310819],[-79.23786269854095,-2.850019693321887],[-79.23887106792567,-2.846465022893298],[-79.24068544077124,-2.842274679580702],[-79.24443374808531,-2.842041524660561],[-79.24641414276685,-2.841487252076779],[-79.24837014510398,-2.839605926704527],[-79.24960110660113,-2.836975022636408],[-79.25028052506086,-2.836367736753972],[-79.24930252387054,-2.836607717733647],[-79.24231712999033,-2.828739001076208],[-79.2428664690397,-2.824395834251392],[-79.24245162678812,-2.818406322110873],[-79.23465735117213,-2.81448414535565],[-79.23197684864958,-2.811960407569466],[-79.23285578686547,-2.801030781011281],[-79.22703916610689,-2.799074391675435],[-79.2264501538759,-2.800431973906499],[-79.22521505250131,-2.800968858667354],[-79.22506644737365,-2.803087057863774],[-79.22407036819226,-2.804466812162916],[-79.22385749023123,-2.80573064815669],[-79.22255630177249,-2.806491865530501],[-79.2208149460079,-2.80836039873923],[-79.22054489408588,-2.809540416342994],[-79.21904699077277,-2.810862418612823],[-79.21562451544646,-2.815292935852295],[-79.21454766981994,-2.818317664671007],[-79.2132381529403,-2.819811473475443],[-79.21340375240464,-2.821852735008288],[-79.21044194075704,-2.823749098667455],[-79.20874794144478,-2.82437114201054],[-79.20713321936812,-2.825847098691848],[-79.20543265085534,-2.826470841984473]]]}},{"type":"Feature","properties":{"Pob_total":227.0},"geometry":{"type":"Polygon","coordinates":[[[-79.06935671291606,-2.789371962459676],[-79.06464919433712,-2.821873180186887],[-79.06482889728085,-2.825986254080825],[-79.06442051188824,-2.827693120512391],[-79.06333956293513,-2.829303202929301],[-79.06322948718385,-2.831260483252247],[-79.06260074945612,-2.832499246685556],[-79.06308621768272,-2.833275484381141],[-79.06211323075598,-2.834794688414195],[-79.06253478756511,-2.837666538575915],[-79.06329149054397,-2.838269725506221],[-79.063842172615,-2.839685698874109],[-79.06505075526768,-2.840232502065452],[-79.0659408574995,-2.841678433411697],[-79.06597340743326,-2.842491531084905],[-79.0651510384023,-2.844329529110504],[-79.06450873657991,-2.851102140105567],[-79.06347585111253,-2.851638385028809],[-79.06300948408372,-2.853581590548891],[-79.06191248968723,-2.854863673343521],[-79.06147880131466,-2.856083675505207],[-79.0617180538902,-2.856859327594542],[-79.06030903139498,-2.857806420127513],[-79.06063629804906,-2.858381129813773],[-79.06023516764566,-2.858952344902181],[-79.0582828025319,-2.859527705878943],[-79.05774617368071,-2.86046036015344],[-79.05796555372193,-2.86101906421535],[-79.05904217574479,-2.861165562411059],[-79.05904396664494,-2.861598216166452],[-79.05650783273339,-2.865813481153262],[-79.05593119453361,-2.867505347946911],[-79.05577159498692,-2.870156580951869],[-79.05769494208064,-2.870056966265676],[-79.0591754881304,-2.864777990925002],[-79.06116694673779,-2.861010938444991],[-79.06455119303784,-2.855238853316792],[-79.06711617971533,-2.85269510303502],[-79.0693676953376,-2.848463417714446],[-79.06947563011022,-2.849313353376544],[-79.07009685993866,-2.850057639834238],[-79.07247422996117,-2.848276318894944],[-79.07625442493243,-2.847645207590588],[-79.07810879757186,-2.84791496031934],[-79.07847370906052,-2.847486080026522],[-79.07995554504583,-2.84730546000702],[-79.08157410122615,-2.846017431134736],[-79.08218284441605,-2.843656242873733],[-79.08441442427073,-2.841437905811024],[-79.08590624516047,-2.840651388514652],[-79.0866523545491,-2.839070286873376],[-79.09016681983674,-2.834809574660898],[-79.0905338318672,-2.83380959709528],[-79.08975399511478,-2.826222545355573],[-79.09027888069623,-2.824077655770839],[-79.08855602031737,-2.821479584705682],[-79.08827833643765,-2.819438631239211],[-79.08787288394137,-2.819040019524424],[-79.08835030369029,-2.817767793771563],[-79.08810354316056,-2.817108137215297],[-79.08850498608419,-2.815992655001252],[-79.08816865780571,-2.815393703989763],[-79.08869266251342,-2.814556284557357],[-79.08868046062824,-2.813377916914093],[-79.08957999579921,-2.812755772868762],[-79.0888278728578,-2.812088048640485],[-79.08956897479274,-2.809963499743901],[-79.08947932638347,-2.808906438085161],[-79.08835278321128,-2.80850483858296],[-79.08787824304919,-2.807408354460152],[-79.08747659532945,-2.807491150280627],[-79.08603623931654,-2.806026521045081],[-79.08290832790154,-2.803881603970992],[-79.08242240953528,-2.802979683344083],[-79.08204315870526,-2.802952837067079],[-79.08207546647891,-2.802494552156263],[-79.07952678807419,-2.800444718216668],[-79.07956460737732,-2.799084875533749],[-79.07794923015909,-2.797930365563109],[-79.07726235690832,-2.796077812492032],[-79.07513361607685,-2.793491221389182],[-79.07601081527424,-2.791325317613024],[-79.07300450104609,-2.789919333888928],[-79.06942095241494,-2.789093597062237],[-79.06935671291606,-2.789371962459676]]]}},{"type":"Feature","properties":{"Pob_total":261.0},"geometry":{"type":"Polygon","coordinates":[[[-79.08033329029124,-2.969961818974619],[-79.07973862681061,-2.975268545206962],[-79.07984563673647,-2.977745152282462],[-79.08059786287083,-2.977307911110268],[-79.08397146789781,-2.977213166796765],[-79.08520887092472,-2.979046367291589],[-79.08562917568588,-2.979116959988813],[-79.08641789732857,-2.983043527028838],[-79.09008774774492,-2.984426903133459],[-79.09122472463483,-2.985236113519413],[-79.09174489781662,-2.985071159232142],[-79.08834120328838,-2.982764851184057],[-79.09377755731747,-2.97773168187583],[-79.09240823703298,-2.976565168770594],[-79.0919469087683,-2.975279414918319],[-79.09129281203273,-2.975427471306153],[-79.09006201157214,-2.974125732666683],[-79.0884558615282,-2.973896981824631],[-79.08871412752598,-2.972556058987639],[-79.0877006809338,-2.971899118367493],[-79.08626070249369,-2.969600324255508],[-79.0847269509558,-2.970057076614824],[-79.08438411390034,-2.969847882951943],[-79.08398366173662,-2.970297926450254],[-79.08297192357917,-2.970062792326095],[-79.08214883518264,-2.970735704364131],[-79.0815490820156,-2.969517889582056],[-79.08037679518422,-2.968561563472442],[-79.08033329029124,-2.969961818974619]]]}},{"type":"Feature","properties":{"Pob_total":120.0},"geometry":{"type":"Polygon","coordinates":[[[-79.09300967561113,-2.978463670787481],[-79.0883506276137,-2.982599478131725],[-79.09174489781662,-2.985071159232142],[-79.091235961953,-2.985235379925548],[-79.09008774774492,-2.984426903133459],[-79.08696114851453,-2.983393539128123],[-79.085052079561,-2.981993709674012],[-79.08319989794259,-2.98226064599034],[-79.0796072845077,-2.980797346380817],[-79.07691809272569,-2.981775124562035],[-79.07455426007067,-2.981735622565902],[-79.07364378176749,-2.981039155863124],[-79.07197156347071,-2.980795975925016],[-79.06937543394086,-2.981554264816523],[-79.06995053153199,-2.98563469092523],[-79.07034791046189,-2.986077266685417],[-79.07028216644622,-2.987366156433456],[-79.0708965098156,-2.98825234655058],[-79.0739180720435,-2.990505115964707],[-79.07557603539317,-2.992693728815626],[-79.07729521195292,-2.992839708389016],[-79.07802293232625,-2.993802321873572],[-79.07935457837713,-2.993219292570079],[-79.0798944702407,-2.993533363038238],[-79.08145789326959,-2.992118972901654],[-79.0838792848245,-2.991347876945133],[-79.08511275378312,-2.989705765676787],[-79.08600502271265,-2.989657506269729],[-79.08678459321843,-2.989820450142187],[-79.08733178649342,-2.990750375650984],[-79.09080919157725,-2.991044622183818],[-79.09209473185628,-2.992629933401318],[-79.09380078921247,-2.993665323970204],[-79.09453621041837,-2.993670404700096],[-79.09658243662574,-2.992611540463719],[-79.09879522937415,-2.99296188325148],[-79.10007216141928,-2.991877164657731],[-79.10500000425547,-2.991830566283674],[-79.10783623907207,-2.993982695218822],[-79.1090321534691,-2.99425195880389],[-79.11126532696879,-2.993901105127809],[-79.11315830567143,-2.994470049464247],[-79.11580923753138,-2.996789778646265],[-79.11604549562088,-2.995695279004524],[-79.12083443719432,-2.99060214309443],[-79.12011096307188,-2.990758864900954],[-79.11992474422969,-2.989515887838186],[-79.11770162006167,-2.988613821031264],[-79.11312135464759,-2.989355518664954],[-79.11246902093541,-2.988145649550128],[-79.11010122412921,-2.987967772930352],[-79.10907115273567,-2.986440961150184],[-79.10714315930431,-2.986004424458777],[-79.10651075069009,-2.984928774889747],[-79.1047009774006,-2.98420915413033],[-79.10139872005308,-2.981314332107302],[-79.09904043042084,-2.980382899423974],[-79.09844137383045,-2.97948001194708],[-79.09642097570725,-2.978661553901674],[-79.09516360822391,-2.978684871284657],[-79.09420433672955,-2.977687955693209],[-79.09300967561113,-2.978463670787481]]]}},{"type":"Feature","properties":{"Pob_total":175.0},"geometry":{"type":"Polygon","coordinates":[[[-79.41321311926805,-3.020873389934148],[-79.41527300044568,-3.021770730663921],[-79.41670137522367,-3.022987743426485],[-79.41639193182394,-3.025406248923869],[-79.4176540148884,-3.029630430082968],[-79.41859665552906,-3.030827278132093],[-79.42020125486536,-3.039237039612318],[-79.42291778550285,-3.047369720954149],[-79.42426322479398,-3.049775112847535],[-79.43166076210508,-3.050521564956208],[-79.43336994160697,-3.051923921606329],[-79.43464316816807,-3.052279116560442],[-79.43698295603502,-3.051204986849813],[-79.43789452949287,-3.051387004071686],[-79.4385670131381,-3.052173426404628],[-79.44011446817986,-3.052075835297515],[-79.44081405366893,-3.051349387449729],[-79.4421446488476,-3.051163306969336],[-79.44443114696548,-3.052243452206267],[-79.4471574587787,-3.054391923503573],[-79.44966932943065,-3.053455657533599],[-79.45175685688041,-3.053590897001187],[-79.45370954223225,-3.052395345875164],[-79.45579433960143,-3.052111304586595],[-79.45879559250336,-3.050477723822369],[-79.46217173822681,-3.051676250418517],[-79.46523436599765,-3.051556740818111],[-79.47184086340768,-3.048864362868373],[-79.47441790863637,-3.047065698439699],[-79.47609605102774,-3.046612822379938],[-79.47671495467955,-3.046822427803952],[-79.47672682654698,-3.045863447684412],[-79.47484559361261,-3.044945001770405],[-79.4744668394859,-3.043356472099469],[-79.47272291978209,-3.040054193780498],[-79.47109402294842,-3.03927348781861],[-79.46945378238523,-3.039206766422262],[-79.46668894966531,-3.035882962646241],[-79.46429448223954,-3.035570796412037],[-79.46289235485197,-3.036026498286505],[-79.46033430426307,-3.034279851671727],[-79.45895760722314,-3.032658337170634],[-79.4577989014628,-3.029758180010746],[-79.4549157476079,-3.027575431627186],[-79.45237276679318,-3.023789729087829],[-79.45247564830542,-3.022985711907901],[-79.45195955955674,-3.021901903288042],[-79.44974564381498,-3.019717214795497],[-79.44994027595116,-3.017137610151749],[-79.4488273815882,-3.014997461113023],[-79.44854041793761,-3.013282107064422],[-79.44929992485733,-3.009652432083239],[-79.44913606975048,-3.007005748386216],[-79.44633892726284,-3.002687328122037],[-79.45804503504775,-2.993820376215591],[-79.45683073319672,-2.991903630487798],[-79.45588590156903,-2.986476382571948],[-79.45737577626019,-2.980494935608602],[-79.45538171420789,-2.980178748879944],[-79.45312421051207,-2.981918197264948],[-79.45190113164941,-2.982018300127096],[-79.45207548814966,-2.982777311871857],[-79.45094184991126,-2.98408279744037],[-79.45079476857099,-2.984987135810711],[-79.45179292733467,-2.987671350295629],[-79.45075047796844,-2.988989349194372],[-79.45196243700758,-2.989898417437163],[-79.45266769176091,-2.991179820929345],[-79.45196241149497,-2.993767395862922],[-79.4491442120087,-2.995863244697196],[-79.44557397837062,-2.995465215207271],[-79.44448961424737,-2.996450063572589],[-79.44270628322441,-2.996612472725869],[-79.44093828193397,-2.997451548435397],[-79.43588708883648,-2.998790642446267],[-79.43438967057669,-2.999942637672691],[-79.43217887278925,-3.000547098804354],[-79.42892753459134,-3.002309079730544],[-79.42730241374096,-3.002610777279009],[-79.42603590014014,-3.005587623191437],[-79.41321311926805,-3.020873389934148]]]}},{"type":"Feature","properties":{"Pob_total":193.0},"geometry":{"type":"Polygon","coordinates":[[[-79.66426123465571,-2.972542235314486],[-79.65915331807479,-2.975402671867446],[-79.65626382764236,-2.980171077489143],[-79.6561180024537,-2.982259746286754],[-79.65494828300882,-2.984927893417302],[-79.65270803566405,-2.987852446277422],[-79.65144773984402,-2.988590316522945],[-79.6481127539717,-2.988677358064461],[-79.6448550776532,-2.989933381507661],[-79.64677897273769,-3.001318043252704],[-79.64722650486343,-3.000948212166864],[-79.64835225032766,-3.001368911320718],[-79.648893431326,-3.00015807541394],[-79.65063846007921,-2.999429714737478],[-79.65205402003028,-2.999746485332531],[-79.65316865345831,-2.99910998511462],[-79.65488501609647,-2.999087505127268],[-79.65561962137002,-2.998094527718751],[-79.65632641176454,-2.997879338362042],[-79.65764691933663,-2.998872149793138],[-79.65764579613604,-2.999793112674781],[-79.65820969039088,-3.000001767064183],[-79.66015135850341,-2.998302669503656],[-79.66203268915963,-2.998136804779432],[-79.66674052205445,-2.998832004816271],[-79.66828986346076,-2.998201116144182],[-79.67386081761765,-2.998956931065603],[-79.67582227762217,-2.998824877978062],[-79.68357042587957,-3.000121052462264],[-79.6885135450544,-2.998750606977772],[-79.68889527559445,-2.999039152693591],[-79.68905896432108,-3.000614220898508],[-79.69151868281644,-2.998658533700135],[-79.69397917217047,-3.000297318648749],[-79.69903497542225,-2.999827669145761],[-79.70000170403527,-2.998925958603816],[-79.70038020287492,-2.997324553366047],[-79.69909198036883,-2.996531795891415],[-79.69902073145356,-2.99553661865224],[-79.70010441781727,-2.993199762186107],[-79.70259869564572,-2.990261050608873],[-79.70297461872002,-2.987705515217742],[-79.70492440454387,-2.985866391897691],[-79.7094248097232,-2.985309029281318],[-79.710773234023,-2.98633420524573],[-79.71234078296233,-2.988962464040728],[-79.71421507069358,-2.989127334224271],[-79.71484146603363,-2.990040571735398],[-79.71683424061551,-2.989752155869557],[-79.71801592802726,-2.990176845193951],[-79.71920844862612,-2.989265370197272],[-79.72110536662615,-2.99094104111137],[-79.72266523838516,-2.989983886573251],[-79.72339773856349,-2.98850310030442],[-79.72587244968217,-2.986583525424202],[-79.72784523979901,-2.986095080953864],[-79.72629946835112,-2.980542592392983],[-79.72582568554529,-2.980672077300876],[-79.72397259743137,-2.979183955387791],[-79.72020959669898,-2.978380686494468],[-79.72030749754563,-2.976760841954765],[-79.7179827009383,-2.976486746995612],[-79.7148349156294,-2.975105360693033],[-79.71314588086032,-2.975655375390699],[-79.71117348749864,-2.973895344436842],[-79.70885499698198,-2.973345541171245],[-79.70723170925827,-2.973383909223074],[-79.7044345407026,-2.974750665035012],[-79.70232854303347,-2.976299517395042],[-79.70082944114459,-2.97636740356405],[-79.69847693670711,-2.975709572955195],[-79.69509691134711,-2.975725307146678],[-79.6957088667602,-2.976925203601366],[-79.69546130603155,-2.979369384278777],[-79.69434024028742,-2.979500897550578],[-79.69321637230657,-2.980170925663062],[-79.69244805538234,-2.97986405210296],[-79.6896452960284,-2.981072161088404],[-79.6888744104345,-2.981864687552433],[-79.6876248553921,-2.981805762774972],[-79.68546438761564,-2.985541534333065],[-79.68399548517216,-2.984460134989876],[-79.68495452593989,-2.980535450885169],[-79.6830927836742,-2.979668069333851],[-79.68119801470036,-2.977344481624255],[-79.67795909585212,-2.974899921184181],[-79.67497895677825,-2.974568000706818],[-79.67375894366191,-2.973652922151649],[-79.67076422896471,-2.972607222111812],[-79.66426123465571,-2.972542235314486]]]}},{"type":"Feature","properties":{"Pob_total":286.0},"geometry":{"type":"Polygon","coordinates":[[[-79.52404122713507,-2.962818138642051],[-79.52410886916121,-2.963579549598194],[-79.52326144602101,-2.965176574260863],[-79.52126232685826,-2.966396643681466],[-79.52176066454152,-2.969002339035827],[-79.52030771692152,-2.973913888826515],[-79.51771656528695,-2.975958674638942],[-79.51721489799054,-2.977961597144011],[-79.51531178351816,-2.97922373109927],[-79.50841215727615,-2.980964375269284],[-79.50703072642274,-2.982470026913356],[-79.50610534431465,-2.984199137685479],[-79.50533936985241,-2.986854832151609],[-79.50439516645399,-2.987593967321745],[-79.50488510380248,-2.991231463493831],[-79.5044627202195,-2.992583491918431],[-79.50457569934571,-2.994913718931009],[-79.50510547562875,-2.997894196027557],[-79.50614068094653,-2.999102596568552],[-79.51037166577389,-3.001895429377022],[-79.51110102585916,-3.003300928419545],[-79.51003818203246,-3.005461085920877],[-79.50895793479468,-3.006378876855111],[-79.50454143515091,-3.007582763214947],[-79.50366720660932,-3.008313211116522],[-79.50337407970291,-3.00959821436529],[-79.50361563696985,-3.011563785866068],[-79.50472357828112,-3.014269532248],[-79.50767235776618,-3.017513751577864],[-79.50771526959944,-3.017974327091081],[-79.50898303215946,-3.018537245297267],[-79.51200081694519,-3.020936495002524],[-79.51553224373981,-3.025686339451493],[-79.51714775243961,-3.02701964437538],[-79.51948829646723,-3.028065264064385],[-79.52007192850508,-3.028821048684679],[-79.52201215973359,-3.028332713752841],[-79.52396114149728,-3.029556224326656],[-79.52715190309402,-3.026560871487769],[-79.52892721034154,-3.022614050797178],[-79.52969183999936,-3.022108903400313],[-79.53173906818802,-3.021990128595428],[-79.53485647347783,-3.020333329530524],[-79.53738851374717,-3.020547209929616],[-79.53842940748561,-3.022067197431995],[-79.53894239601733,-3.022178225636083],[-79.54111356241262,-3.020809718322075],[-79.54137014425486,-3.019722515507414],[-79.54302643948395,-3.018357742447565],[-79.55077131898537,-3.019047699348878],[-79.55380232891041,-3.017542748905102],[-79.55636786606941,-3.018086368470451],[-79.55895698594529,-3.016299086158631],[-79.56234112205405,-3.017165031928786],[-79.56319072752758,-3.016959590046284],[-79.56375986586875,-3.01562443485469],[-79.56517408080778,-3.015140181391379],[-79.56580687160668,-3.014385202522983],[-79.5654804697075,-3.013778181593301],[-79.56381476075987,-3.011973298381182],[-79.56074302195759,-3.010870913812641],[-79.55853440339696,-3.00865597152021],[-79.55614003583398,-3.007947193760157],[-79.55156085103441,-3.002123224917581],[-79.54944970964561,-3.00112683143335],[-79.54901152050563,-3.000574287631981],[-79.54980889047133,-2.999305830043361],[-79.55008506291487,-2.997874096788369],[-79.55117150770108,-2.997535302273491],[-79.55015858024335,-2.996422256972202],[-79.54590201559554,-2.996161459644813],[-79.54333867260608,-2.994819520271593],[-79.54189465225024,-2.995286798378791],[-79.54068830558056,-2.994733227804184],[-79.53667327187158,-2.991581794983806],[-79.53553638459425,-2.990348114029458],[-79.53419544092718,-2.987848628075184],[-79.53359704228002,-2.985127926250558],[-79.53711393006112,-2.98315665692473],[-79.53857034780958,-2.98132329113093],[-79.53994259332879,-2.980966341268478],[-79.54210305351259,-2.979147741009665],[-79.53918591951124,-2.972816947316285],[-79.53954420022792,-2.971531177910225],[-79.53858596626945,-2.969069743570157],[-79.53906742680415,-2.967280293850074],[-79.53994601491219,-2.966270242819371],[-79.53999907903646,-2.964973486311468],[-79.5408837969368,-2.96305704548179],[-79.54053832177004,-2.962606917466035],[-79.5383862902422,-2.962668916293161],[-79.53688233217258,-2.963399942397373],[-79.53307562903025,-2.961348496737711],[-79.52959832870854,-2.96062116386818],[-79.5266006132778,-2.96246974170518],[-79.52404122713507,-2.962818138642051]]]}},{"type":"Feature","properties":{"Pob_total":49.0},"geometry":{"type":"Polygon","coordinates":[[[-79.58198053957291,-2.909104201074559],[-79.58090400109947,-2.911739957948818],[-79.58074154237585,-2.913251223045101],[-79.5752356661638,-2.915709697188008],[-79.57437653332471,-2.916978501473795],[-79.57345744583583,-2.917210400725668],[-79.57192337277566,-2.918412590938268],[-79.57012938641216,-2.918216214869834],[-79.56944060619325,-2.919496081485571],[-79.56785538726572,-2.920805732195487],[-79.56724769661334,-2.922192330000898],[-79.56728305273198,-2.923183797313737],[-79.56588962492062,-2.923488157030919],[-79.56329401924394,-2.926570781449513],[-79.5588712712581,-2.926378685597083],[-79.55714544901481,-2.924931568067739],[-79.55534604208638,-2.924193052751377],[-79.55132892945844,-2.92434838804604],[-79.54966266571446,-2.923538589595296],[-79.54845384315857,-2.922291558614655],[-79.54767339274503,-2.922158683411344],[-79.54289957589697,-2.922828069319437],[-79.53994856021086,-2.922750783249906],[-79.53859029329894,-2.92335107265456],[-79.5367072810563,-2.925235560848538],[-79.53447193008003,-2.925166520828034],[-79.53180812160839,-2.92642014489668],[-79.53041120864462,-2.926368295096829],[-79.52903317712592,-2.927635266091643],[-79.52710463693826,-2.927515242358779],[-79.52598232908932,-2.927895690527704],[-79.52314421110185,-2.927547002894432],[-79.51858532572201,-2.927928318377166],[-79.51702419842601,-2.927439139025516],[-79.51479028395194,-2.928547129858427],[-79.51296915853128,-2.930134723054882],[-79.51285507427222,-2.931312183310016],[-79.51179489273906,-2.932873472996446],[-79.51123328052373,-2.937048853246324],[-79.50996192575283,-2.939260705584926],[-79.51568799844469,-2.939347627047182],[-79.52060573757605,-2.936244134256556],[-79.5244414630751,-2.937827853038877],[-79.52706528046497,-2.941308477052143],[-79.52976684000933,-2.941485969970615],[-79.53166084578464,-2.942513523755427],[-79.5412789871775,-2.943034738361376],[-79.54638005131393,-2.942165053059119],[-79.54821691458943,-2.943232124419045],[-79.55048661265788,-2.943352390065009],[-79.55212342807928,-2.942252229489919],[-79.55247881671345,-2.941644114434721],[-79.55225339952594,-2.940797925372355],[-79.55441061692407,-2.938637017650634],[-79.55517783550707,-2.937176393903781],[-79.55692690570822,-2.936214377904736],[-79.55865758252818,-2.934369716720032],[-79.55992047559043,-2.933940306058986],[-79.56147210290167,-2.932049279233744],[-79.56332600037696,-2.93126745148908],[-79.56373062971014,-2.930340765989676],[-79.56465970485513,-2.929903681164386],[-79.56578973489637,-2.928409139149831],[-79.5673423322415,-2.927866130373204],[-79.56928431552298,-2.925997379816681],[-79.57112406719854,-2.925366821962789],[-79.5741173560551,-2.923276731956698],[-79.57885271915333,-2.921535144684614],[-79.57989205772351,-2.920534906650805],[-79.58304503871537,-2.919991093545379],[-79.58439031925256,-2.919200429356847],[-79.59087596318071,-2.919382257594655],[-79.59171149308348,-2.91791687019076],[-79.59343257512816,-2.916931125696276],[-79.59337993265677,-2.914940840795],[-79.59493048613578,-2.912288732328904],[-79.59493090196457,-2.910375556943795],[-79.59165642395135,-2.910178949569326],[-79.58985438491248,-2.909418559666368],[-79.58765126767588,-2.909383216688402],[-79.58639350199606,-2.908332528279495],[-79.58213147148207,-2.908716181182204],[-79.58198053957291,-2.909104201074559]]]}},{"type":"Feature","properties":{"Pob_total":245.0},"geometry":{"type":"Polygon","coordinates":[[[-79.56701990782123,-2.927955796871831],[-79.56614498776456,-2.928110233431692],[-79.56465970485513,-2.929903681164386],[-79.56373062971014,-2.930340765989676],[-79.56332600037696,-2.93126745148908],[-79.56147210290167,-2.932049279233744],[-79.55992047559043,-2.933940306058986],[-79.55865758252818,-2.934369716720032],[-79.55692690570822,-2.936214377904736],[-79.55505147557383,-2.937294798185769],[-79.55441061692407,-2.938637017650634],[-79.55225339952594,-2.940797925372355],[-79.55246259177004,-2.941739960717303],[-79.55161020705484,-2.943595604600548],[-79.5496466199308,-2.944664225759195],[-79.5473308570163,-2.94392256827369],[-79.54673360055801,-2.944023532836208],[-79.54622315784509,-2.944674400625844],[-79.54474933887907,-2.947644624712118],[-79.54507033969477,-2.948793643699476],[-79.54451636993201,-2.950540774719711],[-79.54485614591233,-2.951085945251659],[-79.5481853612013,-2.951344813245918],[-79.54802817151835,-2.952759917349273],[-79.54703440847436,-2.953671794827228],[-79.546750355122,-2.954549511635852],[-79.54733565689097,-2.95728557333617],[-79.5472054002543,-2.958667610053428],[-79.54627631236927,-2.959921886637846],[-79.54478110879023,-2.959806505686466],[-79.54272960520186,-2.962108319597116],[-79.54104856545433,-2.962187857300182],[-79.54053832177004,-2.962606917466035],[-79.54093084655305,-2.963536533667792],[-79.54002680919294,-2.964887242972737],[-79.53997363953589,-2.966195936708259],[-79.53906742680415,-2.967280293850074],[-79.53861116628319,-2.968854800045475],[-79.53954420022792,-2.971531177910225],[-79.53918591951124,-2.972816947316285],[-79.54210305351259,-2.979147741009665],[-79.53994259332879,-2.980966341268478],[-79.53857034780958,-2.98132329113093],[-79.53711393006112,-2.98315665692473],[-79.53359704228002,-2.985127926250558],[-79.53501466552457,-2.986336555100439],[-79.5440437399453,-2.986927341619332],[-79.546579445545,-2.985742048338851],[-79.54928757133364,-2.985676542155763],[-79.55521727832846,-2.987299930392809],[-79.55981091212041,-2.986452218021181],[-79.56249470929632,-2.986568164046801],[-79.56573571981386,-2.985853042391642],[-79.57865637357399,-2.980840767645943],[-79.58579473852987,-2.979687447964298],[-79.58652623426967,-2.978604619740343],[-79.58787464879039,-2.978319742680719],[-79.59206152487292,-2.976303457088807],[-79.6040733585095,-2.979627436850075],[-79.60598531098726,-2.973862518203604],[-79.60852841008536,-2.960180331332939],[-79.60741202198871,-2.955170328956776],[-79.6051732213254,-2.949947303712172],[-79.60539554188234,-2.940424233454703],[-79.60589097340745,-2.936968225849032],[-79.60561749738393,-2.93626140829428],[-79.60464784200472,-2.936255932380323],[-79.60411656648382,-2.937769284312991],[-79.60177727230305,-2.940406831513391],[-79.59944383931501,-2.944538765774955],[-79.59743102316011,-2.946490061727375],[-79.59564225918692,-2.94724209220436],[-79.59266868646866,-2.947900002855361],[-79.59204283665,-2.947696073655309],[-79.59139677914341,-2.946677864210581],[-79.58887394794714,-2.946581956178628],[-79.58715345259213,-2.945984022353125],[-79.58294504142889,-2.947570713367246],[-79.58168238870898,-2.948716449297371],[-79.57946432208894,-2.949202359214262],[-79.57725220702571,-2.950243856994032],[-79.57419111946092,-2.950399463135484],[-79.56646822506227,-2.952658163368751],[-79.56623247764703,-2.951657007251568],[-79.56659066701269,-2.948267898030128],[-79.56759597064132,-2.945422454358625],[-79.56719706159726,-2.942353615872839],[-79.56914555547355,-2.938366288506584],[-79.5695821173733,-2.936664283603393],[-79.57057728706731,-2.935188013922238],[-79.57038622092388,-2.933202841990329],[-79.5707426115607,-2.932220920470049],[-79.57020495631522,-2.9317164699207],[-79.5701081778979,-2.929861023543204],[-79.57040675848486,-2.928923885243598],[-79.56937733520296,-2.927625903154936],[-79.57117781076704,-2.925335326280871],[-79.56928431552298,-2.925997379816681],[-79.56701990782123,-2.927955796871831]]]}},{"type":"Feature","properties":{"Pob_total":104.0},"geometry":{"type":"Polygon","coordinates":[[[-79.50009831839058,-2.937985720964129],[-79.4998606841632,-2.938934786488036],[-79.49824761127353,-2.940234661615079],[-79.48979870908269,-2.944217882868],[-79.48810356332214,-2.944668041907326],[-79.48422623171895,-2.946949884910854],[-79.49297948303368,-2.95122974634611],[-79.49801616905725,-2.952122707590518],[-79.50050765802422,-2.951905231858826],[-79.50375435524549,-2.955127731790435],[-79.5074047390783,-2.956466549980153],[-79.50955162656642,-2.956385969795237],[-79.5121440050604,-2.957160727311325],[-79.51312468979597,-2.958316777843899],[-79.51344279231263,-2.959586614376585],[-79.5161336300885,-2.961215793323646],[-79.51664801529111,-2.961337673526697],[-79.5176625779089,-2.960563063575871],[-79.51844784532935,-2.960598303154386],[-79.52270829852162,-2.963416599210047],[-79.52393499604064,-2.962833004119178],[-79.5266006132778,-2.96246974170518],[-79.52959832870854,-2.96062116386818],[-79.53307562903025,-2.961348496737711],[-79.5369537499716,-2.963406458530144],[-79.53822450971624,-2.962698275158117],[-79.5403701360072,-2.962718118492732],[-79.54104856545433,-2.962187857300182],[-79.54272960520186,-2.962108319597116],[-79.54478110879023,-2.959806505686466],[-79.54627631236927,-2.959921886637846],[-79.54735389100574,-2.957997729072426],[-79.54680216022665,-2.95428006562632],[-79.54802817151835,-2.952759917349273],[-79.5482432329495,-2.951530834484314],[-79.54797308552867,-2.951120512601362],[-79.54470224007792,-2.951009412054233],[-79.54452606824819,-2.950138235067963],[-79.54507859038871,-2.948674001304968],[-79.54474933887907,-2.947644624712118],[-79.54657243415575,-2.944136282335637],[-79.54782519369438,-2.943969338899497],[-79.54973795410457,-2.944641734762379],[-79.55161020705484,-2.943595604600548],[-79.551908057461,-2.942474795348898],[-79.55004993319658,-2.943448954848606],[-79.54821691458943,-2.943232124419045],[-79.54638005131393,-2.942165053059119],[-79.5412789871775,-2.943034738361376],[-79.53191183392383,-2.942572007527093],[-79.52976684000933,-2.941485969970615],[-79.52706528046497,-2.941308477052143],[-79.5244414630751,-2.937827853038877],[-79.52060573757605,-2.936244134256556],[-79.51568799844469,-2.939347627047182],[-79.50996192575283,-2.939260705584926],[-79.51123328052373,-2.937048853246324],[-79.51179489273906,-2.932873472996446],[-79.51285507427222,-2.931312183310016],[-79.5128901655346,-2.930281852573511],[-79.50009831839058,-2.937985720964129]]]}},{"type":"Feature","properties":{"Pob_total":202.0},"geometry":{"type":"Polygon","coordinates":[[[-79.59506837938746,-2.910366133919421],[-79.59493048613578,-2.912288732328904],[-79.59337993265677,-2.914940840795],[-79.5935072525612,-2.916774482758926],[-79.59171149308348,-2.91791687019076],[-79.59104726996333,-2.919284432733701],[-79.58439031925256,-2.919200429356847],[-79.58304503871537,-2.919991093545379],[-79.57989205772351,-2.920534906650805],[-79.57885271915333,-2.921535144684614],[-79.57680506800781,-2.922036938339681],[-79.57252246573893,-2.924121414855107],[-79.56941376494989,-2.927556218686258],[-79.57040675848486,-2.928923885243598],[-79.5701081778979,-2.929861023543204],[-79.57020495631522,-2.9317164699207],[-79.5707426115607,-2.932220920470049],[-79.57038622092388,-2.933202841990329],[-79.57057728706731,-2.935188013922238],[-79.5695821173733,-2.936664283603393],[-79.56914555547355,-2.938366288506584],[-79.56719706159726,-2.942353615872839],[-79.56759597064132,-2.945422454358625],[-79.56659066701269,-2.948267898030128],[-79.56623247764703,-2.951657007251568],[-79.56646822506227,-2.952658163368751],[-79.57419111946092,-2.950399463135484],[-79.57725220702571,-2.950243856994032],[-79.57946432208894,-2.949202359214262],[-79.58168238870898,-2.948716449297371],[-79.58294504142889,-2.947570713367246],[-79.58715345259213,-2.945984022353125],[-79.58887394794714,-2.946581956178628],[-79.59139677914341,-2.946677864210581],[-79.59232718501211,-2.947845484759871],[-79.59516514442828,-2.94744028136898],[-79.59743102316011,-2.946490061727375],[-79.59944383931501,-2.944538765774955],[-79.60177727230305,-2.940406831513391],[-79.60411656648382,-2.937769284312991],[-79.60464784200472,-2.936255932380323],[-79.60716654300182,-2.935978801512335],[-79.60881878274077,-2.934674956504278],[-79.60942186669855,-2.935082417334545],[-79.61092709110314,-2.934870912564989],[-79.61041337538927,-2.933794670935623],[-79.60673907110575,-2.932482907919964],[-79.60600509625847,-2.930792303913767],[-79.6081590230454,-2.929293751993544],[-79.61111608616407,-2.923150991723888],[-79.61193467921986,-2.918247079512887],[-79.6117546448998,-2.915002879082055],[-79.61057487346307,-2.914920601142624],[-79.60746124550094,-2.912638515576889],[-79.6040648889718,-2.911846929403489],[-79.60225720681862,-2.910937603304821],[-79.59888787272322,-2.911112199630795],[-79.59672759218081,-2.910071871526459],[-79.59506837938746,-2.910366133919421]]]}},{"type":"Feature","properties":{"Pob_total":74.0},"geometry":{"type":"Polygon","coordinates":[[[-79.48191538451584,-2.951797518906219],[-79.47918682502355,-2.954838908039253],[-79.47911148350232,-2.957521833407171],[-79.47808217100635,-2.962842869000128],[-79.47585762737808,-2.966773388504094],[-79.47433066649447,-2.968533094770041],[-79.47261732406585,-2.972710482446511],[-79.46849266331027,-2.973923116599508],[-79.46472733404364,-2.976722779087287],[-79.45737577626019,-2.980494935608602],[-79.45588590156903,-2.986476382571948],[-79.45651489751724,-2.990732889033101],[-79.45804503504775,-2.993820376215591],[-79.45776545161458,-2.994032154521258],[-79.48358593211343,-3.000051439005073],[-79.48559477890514,-2.988595540210337],[-79.48895798380029,-2.984585721138861],[-79.49068712117511,-2.983735183031801],[-79.49339380397079,-2.983155849271986],[-79.49815071626404,-2.983556872429026],[-79.50475283266954,-2.981869391151953],[-79.50830256653157,-2.980379627456459],[-79.51048256584563,-2.980329230422251],[-79.51531178351816,-2.97922373109927],[-79.51698476926612,-2.978244633765235],[-79.51771656528695,-2.975958674638942],[-79.52024891786526,-2.97402450784604],[-79.52176066454152,-2.969002339035827],[-79.52133078739838,-2.965323757230622],[-79.52270829852162,-2.963416599210047],[-79.51957544763178,-2.961204766978814],[-79.5180216465251,-2.960522123395217],[-79.51664801529111,-2.961337673526697],[-79.5161336300885,-2.961215793323646],[-79.51344279231263,-2.959586614376585],[-79.51312468979597,-2.958316777843899],[-79.51228684065245,-2.957238606939145],[-79.50955162656642,-2.956385969795237],[-79.5074047390783,-2.956466549980153],[-79.50406844727034,-2.955284706545708],[-79.50050765802422,-2.951905231858826],[-79.49801616905725,-2.952122707590518],[-79.49297948303368,-2.95122974634611],[-79.48422623171895,-2.946949884910854],[-79.48319944153099,-2.948234291847439],[-79.48256532173687,-2.950853236561472],[-79.48191538451584,-2.951797518906219]]]}},{"type":"Feature","properties":{"Pob_total":133.0},"geometry":{"type":"Polygon","coordinates":[[[-79.49815071626404,-2.983556872429026],[-79.49245504961422,-2.983264077239345],[-79.48955821971637,-2.984224973883037],[-79.48812151276013,-2.985350129478645],[-79.48559477890514,-2.988595540210337],[-79.483598708375,-3.000054437668055],[-79.47957323230698,-3.001674551170266],[-79.48004249621813,-3.003334200272816],[-79.47947390135954,-3.007480255200142],[-79.48009402146931,-3.012327057437287],[-79.47864972916281,-3.017971527494631],[-79.47810736564895,-3.02223969962696],[-79.47722835378882,-3.024514057243056],[-79.47588657144027,-3.025575355591424],[-79.47525101105464,-3.02673296578508],[-79.4755318114887,-3.031149072302602],[-79.475004298964,-3.031909904096471],[-79.47341118243313,-3.032631331637542],[-79.47354795870913,-3.0345949234948],[-79.47298689354558,-3.036377288514323],[-79.4730538384955,-3.040661410075872],[-79.4744668394859,-3.043356472099469],[-79.47484559361261,-3.044945001770405],[-79.47672682654698,-3.045863447684412],[-79.47671495467955,-3.046822427803952],[-79.4777545843685,-3.047886549152759],[-79.47870001028859,-3.048059991001715],[-79.47987855731493,-3.047705066432887],[-79.48153321266714,-3.048159600521877],[-79.48654569532124,-3.047703278903824],[-79.4888516268841,-3.050198734207327],[-79.49530959956276,-3.050488813133637],[-79.49723775151101,-3.048552962926648],[-79.5040434172654,-3.045667983161102],[-79.50726214986821,-3.043855908056713],[-79.50751843699642,-3.042033826457833],[-79.50963369828187,-3.038310393861204],[-79.50950055391496,-3.037258766261807],[-79.51000092574998,-3.035939500140747],[-79.51199838221531,-3.034728480505001],[-79.51329262473486,-3.03158984856322],[-79.51506979569663,-3.030548538336641],[-79.52007192850508,-3.028821048684679],[-79.51948829646723,-3.028065264064385],[-79.51714775243961,-3.02701964437538],[-79.51553224373981,-3.025686339451493],[-79.51200081694519,-3.020936495002524],[-79.50898303215946,-3.018537245297267],[-79.50771526959944,-3.017974327091081],[-79.50767235776618,-3.017513751577864],[-79.50472357828112,-3.014269532248],[-79.50361563696985,-3.011563785866068],[-79.50337407970291,-3.00959821436529],[-79.5038862735282,-3.008038669309061],[-79.50895793479468,-3.006378876855111],[-79.51003818203246,-3.005461085920877],[-79.51109986471813,-3.003550446435929],[-79.51037166577389,-3.001895429377022],[-79.50525789086836,-2.998179691261102],[-79.50457569934571,-2.994913718931009],[-79.5044627202195,-2.992583491918431],[-79.50488510380248,-2.991231463493831],[-79.50439516645399,-2.987593967321745],[-79.50541945963795,-2.986701195681758],[-79.50703072642274,-2.982470026913356],[-79.5081982844886,-2.981131758893293],[-79.50956413496888,-2.980439675128345],[-79.50830256653157,-2.980379627456459],[-79.50475283266954,-2.981869391151953],[-79.49815071626404,-2.983556872429026]]]}},{"type":"Feature","properties":{"Pob_total":244.0},"geometry":{"type":"Polygon","coordinates":[[[-79.60996877815148,-2.933744373428026],[-79.61045641220817,-2.933836962057192],[-79.61092709110314,-2.934870912564989],[-79.61495749251402,-2.936602416320599],[-79.61638031240656,-2.940639109821079],[-79.6179406369193,-2.942697312957274],[-79.61996463383613,-2.944271125858398],[-79.62100406116203,-2.946289883458072],[-79.62414623267038,-2.948621635105545],[-79.62739322403328,-2.949404846800599],[-79.62798359801577,-2.95049190860139],[-79.62986054724315,-2.951373643845203],[-79.6306322763299,-2.951426329922333],[-79.63328434362347,-2.949593188864805],[-79.63709409125796,-2.947761462001258],[-79.6393848739511,-2.946833132522814],[-79.64097440052966,-2.946812232666405],[-79.64138683874987,-2.946140244296466],[-79.64432980540867,-2.946759852515858],[-79.64757880019783,-2.945174943966198],[-79.65213791243626,-2.944598526573539],[-79.65371333540463,-2.944879551833724],[-79.6560568667661,-2.943846218867962],[-79.6581408330603,-2.944733890113258],[-79.6601579914851,-2.943216668226187],[-79.65573986838254,-2.939515367238089],[-79.65490176462326,-2.9381635460541],[-79.65122865518937,-2.935663858951185],[-79.64483172709691,-2.93269182717934],[-79.64121491962045,-2.929967061109321],[-79.63711258338513,-2.927560635934553],[-79.63552690377287,-2.927202237289527],[-79.62415372880079,-2.919421230147777],[-79.61380325732343,-2.914718230667518],[-79.6117546448998,-2.915002879082055],[-79.61193467921986,-2.918247079512887],[-79.61111608616407,-2.923150991723888],[-79.6081590230454,-2.929293751993544],[-79.60600509625847,-2.930792303913767],[-79.60673907110575,-2.932482907919964],[-79.60996877815148,-2.933744373428026]]]}},{"type":"Feature","properties":{"Pob_total":305.0},"geometry":{"type":"Polygon","coordinates":[[[-79.6085572773633,-2.934820243571595],[-79.60716654300182,-2.935978801512335],[-79.60561749738393,-2.93626140829428],[-79.60589097340745,-2.936968225849032],[-79.60539554188234,-2.940424233454703],[-79.6051732213254,-2.949947303712172],[-79.60741202198871,-2.955170328956776],[-79.60852841008536,-2.960180331332939],[-79.60598531098726,-2.973862518203604],[-79.6040733585095,-2.979627436850075],[-79.61994507510381,-2.988140512107985],[-79.62184256599618,-2.999012331009434],[-79.62274090342473,-2.996573288802876],[-79.62562414365978,-2.995198491907552],[-79.62871829539277,-2.995202387208936],[-79.62980420932199,-2.994591931423413],[-79.6331410661537,-2.99399904003404],[-79.63681458123718,-2.993907809162119],[-79.63908137628461,-2.992967105039813],[-79.64091657228643,-2.992745797165659],[-79.6431225004015,-2.991459167891383],[-79.64514920703445,-2.98981729525305],[-79.64516903319881,-2.983107763842498],[-79.64915905906417,-2.958122938519972],[-79.64966784367326,-2.956762094731591],[-79.64935063820289,-2.956318528248766],[-79.64969272355668,-2.954708937600369],[-79.6493474474077,-2.952404254289533],[-79.64884608999553,-2.951666245910632],[-79.65057820522945,-2.949047119392417],[-79.65127410644361,-2.94646627605472],[-79.65371333540463,-2.944879551833724],[-79.65213791243626,-2.944598526573539],[-79.64757880019783,-2.945174943966198],[-79.64432980540867,-2.946759852515858],[-79.64138683874987,-2.946140244296466],[-79.64097440052966,-2.946812232666405],[-79.6393848739511,-2.946833132522814],[-79.63709409125796,-2.947761462001258],[-79.63328434362347,-2.949593188864805],[-79.6306322763299,-2.951426329922333],[-79.62986054724315,-2.951373643845203],[-79.62798359801577,-2.95049190860139],[-79.62739322403328,-2.949404846800599],[-79.62414623267038,-2.948621635105545],[-79.62100406116203,-2.946289883458072],[-79.61996463383613,-2.944271125858398],[-79.6179406369193,-2.942697312957274],[-79.61638031240656,-2.940639109821079],[-79.61495749251402,-2.936602416320599],[-79.61154439162499,-2.934968676160207],[-79.6085572773633,-2.934820243571595]],[[-79.63607612686756,-2.971334937955616],[-79.63550464772214,-2.971319766544762],[-79.63506778340648,-2.965911583005181],[-79.63531489589401,-2.965161966282242],[-79.6367369496135,-2.965085661367036],[-79.63720006284427,-2.967140196059398],[-79.63607612686756,-2.971334937955616]]]}},{"type":"Feature","properties":{"Pob_total":79.0},"geometry":{"type":"Polygon","coordinates":[[[-79.54544344040123,-2.890010483128715],[-79.54475880529174,-2.89016425587769],[-79.54357742651547,-2.891613315869723],[-79.5395597364737,-2.892398041755896],[-79.53776872774078,-2.893162572874672],[-79.53619876471275,-2.892282995598274],[-79.53324409184515,-2.892811316859723],[-79.53208047082205,-2.891981644420658],[-79.53043107597138,-2.891744809188344],[-79.52996051241671,-2.892257174486643],[-79.52801744614243,-2.892495397703079],[-79.52742320142137,-2.893007239077181],[-79.52434429010171,-2.892925716060808],[-79.52223142696391,-2.892169047615762],[-79.52036630517237,-2.89265290335852],[-79.51826749250057,-2.892085079186407],[-79.51604515645106,-2.890379463175842],[-79.51176163989362,-2.891969278386647],[-79.51146102907832,-2.893486729017181],[-79.5124466821129,-2.895643834549498],[-79.51273946518224,-2.899167382755801],[-79.51080483792158,-2.904301791411287],[-79.51041562672424,-2.906906565390294],[-79.51075028535597,-2.9078378113925],[-79.51004656655113,-2.909300188982939],[-79.51041282552534,-2.911444450874656],[-79.5099400995474,-2.913727870946459],[-79.50878271023127,-2.915695379076671],[-79.50546161315516,-2.917649560148583],[-79.50273065847774,-2.918680023096969],[-79.49753517552004,-2.928616423206302],[-79.49970908936585,-2.93402402391545],[-79.50009831839058,-2.937985720964129],[-79.51702419842601,-2.927439139025516],[-79.51858532572201,-2.927928318377166],[-79.52314421110185,-2.927547002894432],[-79.52598232908932,-2.927895690527704],[-79.52710463693826,-2.927515242358779],[-79.52903317712592,-2.927635266091643],[-79.53041120864462,-2.926368295096829],[-79.53180812160839,-2.92642014489668],[-79.53447193008003,-2.925166520828034],[-79.5367072810563,-2.925235560848538],[-79.53859029329894,-2.92335107265456],[-79.54031450514026,-2.922671311186381],[-79.54272441995116,-2.922839869606622],[-79.54821341911767,-2.922203429240374],[-79.54966266571446,-2.923538589595296],[-79.55132892945844,-2.92434838804604],[-79.55534604208638,-2.924193052751377],[-79.55714544901481,-2.924931568067739],[-79.5588712712581,-2.926378685597083],[-79.56141149635697,-2.926245302068102],[-79.5630839730658,-2.926641778616798],[-79.56391755639163,-2.926170112438033],[-79.56415649790463,-2.925162538777089],[-79.56588962492062,-2.923488157030919],[-79.56728305273198,-2.923183797313737],[-79.56724769661334,-2.922192330000898],[-79.56785538726572,-2.920805732195487],[-79.56944060619325,-2.919496081485571],[-79.57012938641216,-2.918216214869834],[-79.57192337277566,-2.918412590938268],[-79.57345744583583,-2.917210400725668],[-79.57437653332471,-2.916978501473795],[-79.5752356661638,-2.915709697188008],[-79.58083855506386,-2.913146072022802],[-79.58090400109947,-2.911739957948818],[-79.58213147148207,-2.908716181182204],[-79.57953020168932,-2.906906577382433],[-79.576303050588,-2.903745407265756],[-79.57326544626241,-2.902751367610705],[-79.57076412502605,-2.90269613404667],[-79.56817222424972,-2.899914854075973],[-79.5656851396565,-2.898244627343412],[-79.56435991115865,-2.896755900677432],[-79.56117985736628,-2.895337151704114],[-79.56026253340858,-2.893712298342325],[-79.55873597486341,-2.893602026366748],[-79.55738611592166,-2.892430579686414],[-79.55432472490538,-2.892024763315152],[-79.54989127718987,-2.889262045288202],[-79.54821993973242,-2.889185248291548],[-79.54544344040123,-2.890010483128715]]]}},{"type":"Feature","properties":{"Pob_total":262.0},"geometry":{"type":"Polygon","coordinates":[[[-79.60058416207062,-2.851371386751049],[-79.59700022157575,-2.852309942804806],[-79.59392841884205,-2.852318682744285],[-79.59349735301706,-2.852681858557725],[-79.59243403118059,-2.855956063801564],[-79.5901582398454,-2.857667868805606],[-79.58771668939177,-2.857586918076377],[-79.58566329303385,-2.857025832628308],[-79.58278020286501,-2.858827790905511],[-79.5809407416666,-2.858623423030952],[-79.57936937581051,-2.85908245626606],[-79.57786429039629,-2.858820383407961],[-79.57706553716807,-2.857793594017375],[-79.57522696342151,-2.857350943130559],[-79.57409780589934,-2.856049612964831],[-79.57237674003396,-2.856168118716222],[-79.57054943661669,-2.857166396633002],[-79.56930524909093,-2.8570953817653],[-79.56687000897065,-2.8582102865176],[-79.56418445613372,-2.85764328571717],[-79.56298015659831,-2.856962738723161],[-79.56079713143379,-2.859309847400632],[-79.5595997538353,-2.859285187406396],[-79.55848630032399,-2.860053078477288],[-79.55688831021001,-2.858136870277329],[-79.55565400342874,-2.858803402672122],[-79.55370724052906,-2.858866964855574],[-79.55320203230895,-2.859843633013025],[-79.55232895293746,-2.860443239167266],[-79.55048734609072,-2.860000999465183],[-79.5490543410278,-2.860450482254179],[-79.54772851143723,-2.862437324997063],[-79.54731025931771,-2.862284309523599],[-79.54676539865459,-2.860598429471091],[-79.54355389090314,-2.859786252780522],[-79.54268899324543,-2.858818699813656],[-79.54042140775475,-2.858799980968564],[-79.53868842843474,-2.859463230438805],[-79.53711254166753,-2.858954205070208],[-79.53494100689247,-2.856963723905228],[-79.53306667634568,-2.858371199328042],[-79.53283801994584,-2.857171665773067],[-79.53163970183147,-2.856342960542953],[-79.53006931258436,-2.857109868776921],[-79.52870563208224,-2.857232472356681],[-79.5277725335079,-2.856931552139657],[-79.52653868057706,-2.855546682051027],[-79.52481962282909,-2.855878916067125],[-79.52338001236419,-2.857073401372423],[-79.52204599788462,-2.856578328408124],[-79.52098391358294,-2.857900092990921],[-79.5206351928798,-2.859932641094361],[-79.51860436106787,-2.863639763253088],[-79.5150082559939,-2.865718460941942],[-79.54378484810509,-2.869299566462833],[-79.55165675172756,-2.881539665817494],[-79.55561930224009,-2.881950910830004],[-79.55716568009439,-2.881715108574217],[-79.55934775824278,-2.882182930302902],[-79.56125032389818,-2.881103574077692],[-79.56423797901077,-2.882316834028944],[-79.56648412647104,-2.880255523899026],[-79.56728532439745,-2.88140813024349],[-79.56939693399694,-2.881483781164217],[-79.57161196922247,-2.882804039081226],[-79.57327878893612,-2.882360981275093],[-79.57642808625705,-2.882658874731178],[-79.5773638312771,-2.883187055584362],[-79.57943841327106,-2.882956677315225],[-79.58016389903673,-2.883520136114878],[-79.58142570318549,-2.883557711827425],[-79.58266276861659,-2.884397116610944],[-79.58378338851962,-2.883165606831279],[-79.58530478442788,-2.883140824576772],[-79.58584524733844,-2.892363918848219],[-79.59444028976264,-2.902044973319102],[-79.59454555976951,-2.902116907025079],[-79.59562199958857,-2.887529528107876],[-79.5979436863528,-2.884921946498094],[-79.59930142130783,-2.884338878580441],[-79.59993494521913,-2.883580515009481],[-79.6008327850719,-2.883612400813229],[-79.601660455769,-2.88261832362293],[-79.6027421273468,-2.882506812266549],[-79.60481487989158,-2.881268054777546],[-79.60666131388963,-2.881547313721438],[-79.60858114075886,-2.880205771315145],[-79.60882926440647,-2.877528531452429],[-79.60979936972493,-2.876862898819096],[-79.60996368844975,-2.875980844187751],[-79.61179221926952,-2.874187790715715],[-79.61215098913658,-2.872813549359361],[-79.61283496836805,-2.872506620356043],[-79.6145422997528,-2.869677269080167],[-79.61477866208094,-2.868272099134285],[-79.61428127955597,-2.866137660892904],[-79.6156649728633,-2.859845556295646],[-79.61519982743769,-2.858475439668902],[-79.6170392959079,-2.856030937556105],[-79.61743894127306,-2.854584925705785],[-79.61831752761505,-2.85422704085402],[-79.61782962959688,-2.853539945121869],[-79.61672777236167,-2.853076760920583],[-79.61342062896922,-2.853003481738484],[-79.61144379245158,-2.854409733161183],[-79.60942418230904,-2.853183373960128],[-79.60818578091975,-2.851680853082007],[-79.60554546818877,-2.850961772758164],[-79.60343392483952,-2.849804574438526],[-79.60058416207062,-2.851371386751049]]]}},{"type":"Feature","properties":{"Pob_total":334.0},"geometry":{"type":"Polygon","coordinates":[[[-79.63052785136279,-2.82793314688231],[-79.6290401795426,-2.828966731530257],[-79.62664346070714,-2.829583519550583],[-79.62364607083221,-2.828738642314759],[-79.6220514669926,-2.82917684312017],[-79.62057836385421,-2.830242233736316],[-79.61852456978845,-2.82991671391045],[-79.61751570101846,-2.830292657586655],[-79.61588962325683,-2.830191674962354],[-79.61336908544632,-2.83130680704936],[-79.61217069832546,-2.831375641826759],[-79.61144140207425,-2.832422734941447],[-79.61021925449195,-2.832048546095952],[-79.60866162369943,-2.833463014715778],[-79.60769898046945,-2.833014611235238],[-79.60684640254931,-2.833423561611514],[-79.60471360725714,-2.832595957279584],[-79.6038816250563,-2.83387919078021],[-79.6047149038337,-2.834079237543135],[-79.60621738050487,-2.835527768109992],[-79.60665186223403,-2.836799646865669],[-79.60925175258947,-2.838139904508885],[-79.60989694679489,-2.839433958051629],[-79.61206674013174,-2.841920837058901],[-79.61397076625053,-2.841813535690731],[-79.61480605405295,-2.842143341805572],[-79.61742750349784,-2.843710123877272],[-79.618907192489,-2.846013503459786],[-79.6207087211303,-2.846556363847768],[-79.62455887899985,-2.849163156021334],[-79.62691533509648,-2.84952766231013],[-79.62770043415101,-2.849294789063267],[-79.62848161373331,-2.850612068643738],[-79.63150114254867,-2.849782184325295],[-79.63303989372963,-2.848925409306097],[-79.63290743647119,-2.848622523464213],[-79.63515230742358,-2.846676569539147],[-79.6364463168395,-2.844788449662203],[-79.63837537320588,-2.843365420873259],[-79.63896865112399,-2.841478545360553],[-79.6403068809643,-2.840533533419384],[-79.64189284111907,-2.838117185304212],[-79.64460609157446,-2.836754935359502],[-79.64500621225135,-2.835191615165612],[-79.64606016297664,-2.834420724907073],[-79.6470748159864,-2.832011197479428],[-79.6407251650215,-2.825699563052138],[-79.64006986618193,-2.825865211646192],[-79.63499982066665,-2.832501120902667],[-79.63052785136279,-2.82793314688231]]]}},{"type":"Feature","properties":{"Pob_total":217.0},"geometry":{"type":"Polygon","coordinates":[[[-79.65064366473698,-2.817849054164043],[-79.6492365183965,-2.81907457561235],[-79.64807835474103,-2.819438261582476],[-79.64795167786178,-2.820397464047663],[-79.64681537522776,-2.821147192810415],[-79.64665286514614,-2.821900680105575],[-79.64506761626309,-2.822730467783098],[-79.64455490165918,-2.823973755164229],[-79.64323630994055,-2.824063560598236],[-79.64226335656606,-2.824730715742137],[-79.64184137428444,-2.82405631721762],[-79.64120256048595,-2.823891682296748],[-79.64039259832703,-2.825021380257883],[-79.6373755752462,-2.826344743447503],[-79.63410019755003,-2.826372084981536],[-79.63318618040579,-2.827557816126455],[-79.63170534439365,-2.827396430672424],[-79.63052785136279,-2.82793314688231],[-79.63499982066665,-2.832501120902667],[-79.64006986618193,-2.825865211646192],[-79.6407251650215,-2.825699563052138],[-79.6470748159864,-2.832011197479428],[-79.64731768947811,-2.830685287619227],[-79.65148092838496,-2.826043901007897],[-79.65098719206333,-2.82456074967894],[-79.65128280252246,-2.823750888143124],[-79.65351635612453,-2.822814666887904],[-79.65332931910099,-2.821198645832051],[-79.6541463593346,-2.820473592039826],[-79.65656928034636,-2.821003065012694],[-79.65836763159878,-2.819610932356789],[-79.65926574942742,-2.819720505948414],[-79.6592990421674,-2.818924534471358],[-79.65873875663128,-2.818597017288732],[-79.65105418723788,-2.817621791320798],[-79.65064366473698,-2.817849054164043]]]}},{"type":"Feature","properties":{"Pob_total":141.0},"geometry":{"type":"Polygon","coordinates":[[[-79.54815340870725,-2.788364891093097],[-79.54191568016014,-2.800395194722546],[-79.54133090004719,-2.804001516395373],[-79.5393021200047,-2.807187466092814],[-79.53995303578395,-2.808213609849914],[-79.53981036989809,-2.811051462985572],[-79.53852319841266,-2.810736740440781],[-79.53664985409755,-2.809339970478356],[-79.53018125376094,-2.807437182716543],[-79.52908004984832,-2.80953708346158],[-79.52712241332162,-2.810395870345932],[-79.52650466632858,-2.811694171366153],[-79.5270701491014,-2.812626513298494],[-79.52687250805968,-2.81466089720898],[-79.52756173756946,-2.817614645976306],[-79.53382003135144,-2.825102388257274],[-79.53417029032943,-2.826804446067737],[-79.53221911632414,-2.830580845437629],[-79.5322502399932,-2.833725317803881],[-79.53116662765603,-2.834747453098454],[-79.53144780485995,-2.837171432547136],[-79.53048029798057,-2.837844613349095],[-79.53018848043044,-2.838795764100076],[-79.530723821952,-2.839311142936901],[-79.53313669859754,-2.839056825415657],[-79.53375090205559,-2.839876727546938],[-79.53267097275668,-2.84267891457257],[-79.53309025974156,-2.844497664548708],[-79.532945067466,-2.845936116178811],[-79.53342075197962,-2.846899371440829],[-79.5317677641105,-2.848126343735836],[-79.5304835730767,-2.851825971845477],[-79.53206412915658,-2.853535782984279],[-79.53212119331994,-2.854357506740479],[-79.53135265118974,-2.856008325108061],[-79.53283801994584,-2.857171665773067],[-79.53306667634568,-2.858371199328042],[-79.53494100689247,-2.856963723905228],[-79.53711254166753,-2.858954205070208],[-79.53868842843474,-2.859463230438805],[-79.54042140775475,-2.858799980968564],[-79.54268899324543,-2.858818699813656],[-79.54347495948633,-2.859751784298334],[-79.54687575476962,-2.860678971742544],[-79.54753592552058,-2.862440335726552],[-79.54814644488499,-2.86219909245585],[-79.5490543410278,-2.860450482254179],[-79.55048734609072,-2.860000999465183],[-79.55232895293746,-2.860443239167266],[-79.55320203230895,-2.859843633013025],[-79.55370724052906,-2.858866964855574],[-79.55565400342874,-2.858803402672122],[-79.55688831021001,-2.858136870277329],[-79.55848630032399,-2.860053078477288],[-79.5595997538353,-2.859285187406396],[-79.56079713143379,-2.859309847400632],[-79.56298015659831,-2.856962738723161],[-79.56418445613372,-2.85764328571717],[-79.56687000897065,-2.8582102865176],[-79.56930524909093,-2.8570953817653],[-79.57054943661669,-2.857166396633002],[-79.57237674003396,-2.856168118716222],[-79.57409780589934,-2.856049612964831],[-79.57497379862178,-2.857168840078447],[-79.57706553716807,-2.857793594017375],[-79.57786429039629,-2.858820383407961],[-79.57975086821533,-2.859072800168982],[-79.5809407416666,-2.858623423030952],[-79.58212132339844,-2.858935542093934],[-79.58566329303385,-2.857025832628308],[-79.58771668939177,-2.857586918076377],[-79.5901582398454,-2.857667868805606],[-79.59243403118059,-2.855956063801564],[-79.59349735301706,-2.852681858557725],[-79.59392841884205,-2.852318682744285],[-79.59700022157575,-2.852309942804806],[-79.60000205647431,-2.851605448529606],[-79.60343392483952,-2.849804574438526],[-79.60554546818877,-2.850961772758164],[-79.60818578091975,-2.851680853082007],[-79.60942418230904,-2.853183373960128],[-79.61144379245158,-2.854409733161183],[-79.61342062896922,-2.853003481738484],[-79.61541879911151,-2.852959715090536],[-79.61782962959688,-2.853539945121869],[-79.61831752761505,-2.85422704085402],[-79.6230111300353,-2.854282858122769],[-79.62702381588488,-2.852265574770346],[-79.62848161373331,-2.850612068643738],[-79.62799067023967,-2.849665342021534],[-79.62419324508463,-2.852409033872048],[-79.62177895019664,-2.851495550289612],[-79.62053781060182,-2.850272411406482],[-79.62015910832329,-2.848838297955502],[-79.62103411051012,-2.84853175227084],[-79.62096013839844,-2.848127468893761],[-79.62195006250235,-2.847339543706659],[-79.618907192489,-2.846013503459786],[-79.61742750349784,-2.843710123877272],[-79.61480605405295,-2.842143341805572],[-79.61397076625053,-2.841813535690731],[-79.61206674013174,-2.841920837058901],[-79.60989694679489,-2.839433958051629],[-79.60925175258947,-2.838139904508885],[-79.60665186223403,-2.836799646865669],[-79.60621738050487,-2.835527768109992],[-79.6047149038337,-2.834079237543135],[-79.6038816250563,-2.83387919078021],[-79.60471360725714,-2.832595957279584],[-79.60684640254931,-2.833423561611514],[-79.60769898046945,-2.833014611235238],[-79.60866162369943,-2.833463014715778],[-79.61021925449195,-2.832048546095952],[-79.61144140207425,-2.832422734941447],[-79.61217069832546,-2.831375641826759],[-79.61336908544632,-2.83130680704936],[-79.61588962325683,-2.830191674962354],[-79.61751570101846,-2.830292657586655],[-79.61852456978845,-2.82991671391045],[-79.62057836385421,-2.830242233736316],[-79.6220514669926,-2.82917684312017],[-79.62364607083221,-2.828738642314759],[-79.62664346070714,-2.829583519550583],[-79.6290401795426,-2.828966731530257],[-79.63141133626037,-2.827441123967406],[-79.63318618040579,-2.827557816126455],[-79.63410019755003,-2.826372084981536],[-79.63647177064666,-2.826565810752486],[-79.6379362258222,-2.82611992614839],[-79.64039259832703,-2.825021380257883],[-79.64120256048595,-2.823891682296748],[-79.64184137428444,-2.82405631721762],[-79.64226335656606,-2.824730715742137],[-79.64323630994055,-2.824063560598236],[-79.64455490165918,-2.823973755164229],[-79.64506761626309,-2.822730467783098],[-79.64665286514614,-2.821900680105575],[-79.64668888629207,-2.82132015701022],[-79.64795167786178,-2.820397464047663],[-79.64844679556552,-2.819199283564708],[-79.64753528718524,-2.819551227349502],[-79.64670491862746,-2.819353540794463],[-79.64622693611727,-2.818642990284701],[-79.64261836229454,-2.816210512364592],[-79.64016664631926,-2.815638836661762],[-79.63884110575916,-2.816068252081499],[-79.63706098345544,-2.815472847239393],[-79.63557108067357,-2.814066223048167],[-79.63530305575637,-2.812420180787675],[-79.63393247911218,-2.811979100424586],[-79.63331112422304,-2.81274344045341],[-79.63275293020997,-2.812409676463973],[-79.63249767282034,-2.811235498406931],[-79.63150008452556,-2.811594203683643],[-79.63010080025259,-2.80854250201401],[-79.62977892378437,-2.806258947178248],[-79.62853706838979,-2.804973087494499],[-79.6272403173627,-2.805101981635312],[-79.62565688693978,-2.804474332399317],[-79.62418750565789,-2.802155602209551],[-79.62396745757646,-2.800181128991403],[-79.62156889486162,-2.798507257378926],[-79.62255246927491,-2.796963452040599],[-79.62105598660415,-2.796990629596298],[-79.61955314296726,-2.795765239445212],[-79.61875620595968,-2.796155649404216],[-79.61621554349736,-2.79409920872443],[-79.61488673409674,-2.794660197507019],[-79.61353517898927,-2.794136735562536],[-79.61056409429447,-2.791965911283622],[-79.6095329547227,-2.791620328258267],[-79.58559789877226,-2.794541307574117],[-79.57718252796509,-2.791100891439009],[-79.55802392688636,-2.788741998751821],[-79.54815340870725,-2.788364891093097]]]}},{"type":"Feature","properties":{"Pob_total":312.0},"geometry":{"type":"Polygon","coordinates":[[[-79.50554149631049,-2.872511928217738],[-79.50233681162982,-2.88272580145926],[-79.50490081202838,-2.886309854768301],[-79.50580460530475,-2.888392144988009],[-79.50556830694573,-2.889493745580894],[-79.50628794579703,-2.89022019964888],[-79.5054086990693,-2.891862138164921],[-79.50839250756225,-2.894558188055456],[-79.50938534984404,-2.893270103978969],[-79.5103039750291,-2.89302242625266],[-79.51121846967109,-2.892147181859429],[-79.51582350597376,-2.890389572684034],[-79.51679093289869,-2.890657095306352],[-79.51826749250057,-2.892085079186407],[-79.52036630517237,-2.89265290335852],[-79.52223142696391,-2.892169047615762],[-79.52434429010171,-2.892925716060808],[-79.52742320142137,-2.893007239077181],[-79.52801744614243,-2.892495397703079],[-79.52996051241671,-2.892257174486643],[-79.53043107597138,-2.891744809188344],[-79.53208047082205,-2.891981644420658],[-79.53324409184515,-2.892811316859723],[-79.536333838527,-2.892309489108606],[-79.5375069552884,-2.893172634488638],[-79.54357742651547,-2.891613315869723],[-79.54503991862903,-2.890009963635352],[-79.54821993973242,-2.889185248291548],[-79.54989127718987,-2.889262045288202],[-79.55432472490538,-2.892024763315152],[-79.55738611592166,-2.892430579686414],[-79.55873597486341,-2.893602026366748],[-79.56026253340858,-2.893712298342325],[-79.56117985736628,-2.895337151704114],[-79.56435991115865,-2.896755900677432],[-79.5656851396565,-2.898244627343412],[-79.56817222424972,-2.899914854075973],[-79.57076412502605,-2.90269613404667],[-79.57326544626241,-2.902751367610705],[-79.576303050588,-2.903745407265756],[-79.57953020168932,-2.906906577382433],[-79.58213147148207,-2.908716181182204],[-79.58639350199606,-2.908332528279495],[-79.58765126767588,-2.909383216688402],[-79.58985438491248,-2.909418559666368],[-79.59165642395135,-2.910178949569326],[-79.59506837938746,-2.910366133919421],[-79.59602318786149,-2.910154691536372],[-79.59550634298105,-2.907072374431171],[-79.59611989860223,-2.907540813441004],[-79.59702064701197,-2.906941851699189],[-79.59751876218625,-2.908678487129316],[-79.59678936519447,-2.910094071276342],[-79.59888787272322,-2.911112199630795],[-79.60225720681862,-2.910937603304821],[-79.6040648889718,-2.911846929403489],[-79.60750860249175,-2.912698978341458],[-79.60752324942854,-2.900752294573595],[-79.60592346355365,-2.90174874044687],[-79.60266655752949,-2.901829361483186],[-79.59948222435754,-2.903612651171507],[-79.5945023988334,-2.902112967664062],[-79.58584524733844,-2.892363918848219],[-79.58530478442788,-2.883140824576772],[-79.58378338851962,-2.883165606831279],[-79.58266276861659,-2.884397116610944],[-79.58142570318549,-2.883557711827425],[-79.58016389903673,-2.883520136114878],[-79.57943841327106,-2.882956677315225],[-79.5773638312771,-2.883187055584362],[-79.57642808625705,-2.882658874731178],[-79.57327878893612,-2.882360981275093],[-79.57161196922247,-2.882804039081226],[-79.56939693399694,-2.881483781164217],[-79.56728532439745,-2.88140813024349],[-79.56648412647104,-2.880255523899026],[-79.56423797901077,-2.882316834028944],[-79.56125032389818,-2.881103574077692],[-79.55934775824278,-2.882182930302902],[-79.55716568009439,-2.881715108574217],[-79.55561930224009,-2.881950910830004],[-79.55165675172756,-2.881539665817494],[-79.54378484810509,-2.869299566462833],[-79.5150082559939,-2.865718460941942],[-79.51809853965014,-2.869551428495624],[-79.51568182372465,-2.872533070610068],[-79.50554149631049,-2.872511928217738]]]}},{"type":"Feature","properties":{"Pob_total":134.0},"geometry":{"type":"Polygon","coordinates":[[[-79.58341479666304,-2.980076626075973],[-79.57865637357399,-2.980840767645943],[-79.56573571981386,-2.985853042391642],[-79.56208054368288,-2.986630386407506],[-79.55981091212041,-2.986452218021181],[-79.55521727832846,-2.987299930392809],[-79.55156588769334,-2.986081748326006],[-79.54730946898222,-2.985669308183688],[-79.5440437399453,-2.986927341619332],[-79.53850176738834,-2.986761324454178],[-79.53611099552694,-2.986645803222632],[-79.5336408115542,-2.98548777823394],[-79.53419544092718,-2.987848628075184],[-79.53553638459425,-2.990348114029458],[-79.5388250298867,-2.992992108521241],[-79.53939975915408,-2.994027787851593],[-79.54189465225024,-2.995286798378791],[-79.54333867260608,-2.994819520271593],[-79.54590201559554,-2.996161459644813],[-79.55015858024335,-2.996422256972202],[-79.55117150770108,-2.997535302273491],[-79.55008506291487,-2.997874096788369],[-79.54980889047133,-2.999305830043361],[-79.54901152050563,-3.000574287631981],[-79.54944970964561,-3.00112683143335],[-79.55156085103441,-3.002123224917581],[-79.55614003583398,-3.007947193760157],[-79.55853440339696,-3.00865597152021],[-79.5611169542733,-3.011106196568643],[-79.56381476075987,-3.011973298381182],[-79.56580687160668,-3.014385202522983],[-79.56669139501373,-3.014646030014603],[-79.56818804001595,-3.014002344631929],[-79.57129494694802,-3.01430136901204],[-79.57373228634808,-3.013476494147779],[-79.57480810653384,-3.01267713496678],[-79.57771905381989,-3.012307152476848],[-79.57871480378245,-3.01150669121178],[-79.58011533079157,-3.011929533321608],[-79.58150047427601,-3.011100271031903],[-79.583159672036,-3.011434450095267],[-79.58452853265155,-3.011111112933937],[-79.58490751836291,-3.010500130386949],[-79.58480430442486,-3.008364158890631],[-79.586138063323,-3.006547958538533],[-79.58809974340222,-3.005525653400395],[-79.58909464827043,-3.0042393222864],[-79.59080565235757,-3.003531692139709],[-79.59160120486578,-3.002736542455676],[-79.59376051815825,-3.002645770709252],[-79.59545171228261,-3.00108946618342],[-79.59680232984444,-3.000486440838855],[-79.60615551501282,-3.000016784184803],[-79.60738265914483,-3.0003942004754],[-79.60849226796338,-2.999988718478767],[-79.60978767819637,-3.000323561769362],[-79.6118891218121,-2.999597525585344],[-79.61395656225399,-2.999980454229241],[-79.61580433323817,-2.999392221449513],[-79.61708334500746,-3.000155943423803],[-79.6192750934179,-3.000601002710935],[-79.62096964646646,-2.999939733833155],[-79.62184256599618,-2.999012331009434],[-79.61994507510381,-2.988140512107985],[-79.6040733585095,-2.979627436850075],[-79.59206152487292,-2.976303457088807],[-79.58787464879039,-2.978319742680719],[-79.58652623426967,-2.978604619740343],[-79.58590967776803,-2.979639661412151],[-79.58341479666304,-2.980076626075973]]]}},{"type":"Feature","properties":{"Pob_total":112.0},"geometry":{"type":"Polygon","coordinates":[[[-79.38876657914656,-2.733417470176844],[-79.38383808596629,-2.732999386844736],[-79.38493894488678,-2.735020000946292],[-79.38398481290555,-2.737941543769475],[-79.38250211870518,-2.739392900764238],[-79.38232101997058,-2.740312822219585],[-79.38270089230117,-2.741725825911661],[-79.38248644113321,-2.743105561739782],[-79.38389563865704,-2.745022145702499],[-79.38368469793612,-2.748206501513974],[-79.3840650652075,-2.749717361076458],[-79.38241456222825,-2.753220520271772],[-79.38060218776651,-2.755569155189649],[-79.38190028765209,-2.759106624181197],[-79.38523258152547,-2.762743280885747],[-79.385970747515,-2.764937035493909],[-79.38732672572702,-2.762993049925341],[-79.38905997967792,-2.759137569664716],[-79.38836392011267,-2.753873453987071],[-79.39147542187929,-2.753840968141366],[-79.39199213160676,-2.755550380522724],[-79.39176997235234,-2.756947785897053],[-79.39229626797483,-2.758228397560976],[-79.39378602211536,-2.752813584532769],[-79.39386409762487,-2.750515878969163],[-79.39343295892483,-2.748963439320001],[-79.3939036818945,-2.747815102844162],[-79.39618775185703,-2.74847483405157],[-79.39982319488873,-2.747643114226682],[-79.40168408999146,-2.748474362170859],[-79.40408532004393,-2.747674706156281],[-79.40722079016028,-2.745370821222099],[-79.4087592425817,-2.745416790983326],[-79.40472237005828,-2.742553042634978],[-79.40235567101921,-2.741868446792401],[-79.39888545688022,-2.737887187790436],[-79.39361399229745,-2.736013263357855],[-79.39067104075566,-2.732824112359064],[-79.38984784425726,-2.732584438568744],[-79.38876657914656,-2.733417470176844]]]}},{"type":"Feature","properties":{"Pob_total":99.0},"geometry":{"type":"Polygon","coordinates":[[[-79.6936212201453,-2.937319342387595],[-79.69212929001621,-2.93682864209103],[-79.69149333535364,-2.937450439753029],[-79.68802860258052,-2.937262176895726],[-79.68500110667686,-2.939238589731624],[-79.68108210783832,-2.939764403385156],[-79.67963404364777,-2.941591071326032],[-79.67878394167306,-2.941964729002652],[-79.67622905572811,-2.941115141783044],[-79.67448457970143,-2.941483982865279],[-79.67255287515661,-2.940984711781489],[-79.67092723517915,-2.941589412918026],[-79.66929715080377,-2.940494004330889],[-79.66810503957014,-2.940450518847674],[-79.66538995905418,-2.942167119897857],[-79.66015582481837,-2.943220025677939],[-79.6581408330603,-2.944733890113258],[-79.65563958160692,-2.943885287863644],[-79.65149277814746,-2.946224271687119],[-79.65057820522945,-2.949047119392417],[-79.64884608999553,-2.951666245910632],[-79.6493474474077,-2.952404254289533],[-79.64969272355668,-2.954708937600369],[-79.64935063820289,-2.956318528248766],[-79.64966784367326,-2.956762094731591],[-79.64915905906417,-2.958122938519972],[-79.64516903319881,-2.983107763842498],[-79.64522226323,-2.989891298694502],[-79.6481127539717,-2.988677358064461],[-79.65144773984402,-2.988590316522945],[-79.65334347457573,-2.987275871260744],[-79.65524115165147,-2.984361023017685],[-79.6561180024537,-2.982259746286754],[-79.65604808394336,-2.980837083457993],[-79.65717952993573,-2.978335452647942],[-79.65915331807479,-2.975402671867446],[-79.6612710592224,-2.974322456540138],[-79.66091245016023,-2.971866009196736],[-79.6624730961285,-2.969339419862413],[-79.66308641416981,-2.966828951056866],[-79.66624969281791,-2.963342856834073],[-79.66955785724855,-2.962140036644006],[-79.6705388244473,-2.960232635974353],[-79.67156858583266,-2.959880593715954],[-79.67286407478224,-2.958030094914614],[-79.67411424452628,-2.957371431751174],[-79.67632952794683,-2.954427090113532],[-79.67725656034933,-2.954521176092266],[-79.6781736486411,-2.952676363444444],[-79.67936878009199,-2.952452397886544],[-79.68134046833671,-2.949623426149184],[-79.6836852496979,-2.949292195939611],[-79.68556276020271,-2.946899319032215],[-79.69139818088854,-2.946446025016848],[-79.69412997721936,-2.945341183344837],[-79.6966291317803,-2.94345948591232],[-79.69700573242658,-2.942587027511391],[-79.69862341628642,-2.941034236334398],[-79.69938481426645,-2.93766307990172],[-79.69527412861649,-2.936377108711107],[-79.6946612824679,-2.93702550959679],[-79.6936212201453,-2.937319342387595]]]}},{"type":"Feature","properties":{"Pob_total":137.0},"geometry":{"type":"Polygon","coordinates":[[[-79.5606540826396,-2.731420666790865],[-79.55966064696668,-2.732520328178583],[-79.55889097227032,-2.732418558710379],[-79.55842629246797,-2.732838552554895],[-79.55904232916295,-2.734618102313751],[-79.55704065826193,-2.736999908110811],[-79.5576700742302,-2.737815909268515],[-79.5584908916059,-2.738023378894078],[-79.55862625972289,-2.739296417655132],[-79.55791799106778,-2.739663207305667],[-79.55712105401585,-2.739191405487593],[-79.55621337259826,-2.739872147148801],[-79.55448580228814,-2.739945031313248],[-79.55428939175624,-2.738052395793013],[-79.55048732240455,-2.740553010669702],[-79.54870492052885,-2.739181201080805],[-79.54766282306463,-2.739674737879377],[-79.54739955940808,-2.739234601568534],[-79.54778002766933,-2.738692145802465],[-79.54442616433442,-2.737505362775501],[-79.54271913414053,-2.737783376428662],[-79.5429040271539,-2.73899497004614],[-79.54156411541793,-2.739135868527716],[-79.54188338962742,-2.740038859176236],[-79.5413778327676,-2.740266061247647],[-79.54059908229513,-2.739491749264762],[-79.54047556007394,-2.738554268913076],[-79.54092486738024,-2.737910063818548],[-79.54066908594156,-2.737458451499298],[-79.53958006423447,-2.737263666693459],[-79.53887653623529,-2.73616684485073],[-79.53753631193716,-2.735421866848794],[-79.5354294865715,-2.74239861104319],[-79.53551260270619,-2.748470690977923],[-79.5360243196466,-2.752970031421696],[-79.53583909570277,-2.756402382765792],[-79.53504700309121,-2.759144833054712],[-79.53131848770344,-2.762910810286141],[-79.53118360024577,-2.767461351653402],[-79.53333438776937,-2.77444616176037],[-79.53320181089775,-2.777098403857652],[-79.53276076015236,-2.778242037059555],[-79.52792999300166,-2.784489993469739],[-79.52722987106513,-2.785971333691792],[-79.52648811347419,-2.789787740122986],[-79.52872404306008,-2.79128549990755],[-79.53087516125827,-2.791700491266236],[-79.53994751056953,-2.791857814903619],[-79.54815340870725,-2.788364891093097],[-79.55802392688636,-2.788741998751821],[-79.57718252796509,-2.791100891439009],[-79.58559789877226,-2.794541307574117],[-79.60953224494517,-2.791620409718851],[-79.61627029770183,-2.776558622623708],[-79.61858867918814,-2.776341270970677],[-79.61902163188924,-2.775450091685504],[-79.6200420737244,-2.77543989209206],[-79.62146420907439,-2.774656050982045],[-79.62199015304826,-2.773928229122366],[-79.62183971220709,-2.772572839172542],[-79.62247287108028,-2.771764827831287],[-79.62151858151188,-2.770649895005719],[-79.62161145457087,-2.768971000247447],[-79.62121973147573,-2.767657296006069],[-79.6221474092655,-2.766656348079167],[-79.62225796045892,-2.765634006666702],[-79.62288911454407,-2.764687159665077],[-79.62442819833657,-2.764418883834221],[-79.62540781952055,-2.760631948779701],[-79.62421354733567,-2.760387357554436],[-79.62237942337971,-2.760837355729133],[-79.62149124016848,-2.760196068497259],[-79.62195927710314,-2.75803599397274],[-79.62153466864301,-2.756846975431042],[-79.62024743317626,-2.756652198894757],[-79.62083799309212,-2.753533289904373],[-79.62044643770811,-2.752619893158938],[-79.61860393017285,-2.752238430241556],[-79.61769085771587,-2.751035096739245],[-79.61581218857366,-2.752613235644217],[-79.61398653832666,-2.75235922048298],[-79.61181032549233,-2.751063786384367],[-79.61135764437488,-2.753083498406351],[-79.61072800556218,-2.753346856853166],[-79.61076601474842,-2.752524044625125],[-79.6100998007295,-2.752448831240447],[-79.6083616181708,-2.750919565462713],[-79.6078815423595,-2.74987600805059],[-79.60583499490477,-2.750715638871685],[-79.60569827963809,-2.749165729551168],[-79.60321762933867,-2.749498092053475],[-79.60273522032882,-2.750465992621752],[-79.60203178088956,-2.750539691286352],[-79.60004112713283,-2.748642199340363],[-79.60016970814763,-2.747360137245221],[-79.5998740478249,-2.746912818435191],[-79.60020806015235,-2.746168230050738],[-79.59976433333095,-2.745739731192205],[-79.59976511215625,-2.745069276313591],[-79.59909882006062,-2.745068492685867],[-79.59861814651859,-2.744546431265927],[-79.5977799877387,-2.745307700384078],[-79.59817218820538,-2.746035868136242],[-79.59754186407226,-2.746891803979997],[-79.59447017223768,-2.746180463362273],[-79.59145926162827,-2.747031137940831],[-79.59119472561228,-2.746277072517861],[-79.59206552011382,-2.744836713918268],[-79.59167520882269,-2.744420396439585],[-79.58947328603998,-2.74554136225148],[-79.58950885749944,-2.746807875951486],[-79.58775171527222,-2.747756074247464],[-79.58726468460588,-2.747138767503224],[-79.5875110752191,-2.745725258357179],[-79.58584456318407,-2.746319297301498],[-79.58511177501454,-2.745580414491668],[-79.58382637088674,-2.746383825894458],[-79.58150804696332,-2.745225028956726],[-79.58054499894969,-2.746176512255715],[-79.57842151971111,-2.743853497136023],[-79.57699530632294,-2.745158053981796],[-79.57534863938572,-2.744109125175555],[-79.57464463780757,-2.744666944868574],[-79.57200408544938,-2.745092387998261],[-79.57079932851703,-2.746451463744622],[-79.5693741661305,-2.745880781277393],[-79.56913702215074,-2.74627097542122],[-79.56609962776,-2.744137678142045],[-79.56350101619057,-2.744216542596913],[-79.56148972417455,-2.742210560230678],[-79.56184054460397,-2.741413467484546],[-79.56133821171018,-2.740596172468824],[-79.55986788257496,-2.740354909077306],[-79.5611522768548,-2.739261570524086],[-79.56115469222527,-2.737235226939456],[-79.56175207048678,-2.736635593643958],[-79.56116973961369,-2.733510763121748],[-79.56282815067874,-2.732293872614376],[-79.56116654199127,-2.732040537997156],[-79.5610645744139,-2.731489896366085],[-79.5606540826396,-2.731420666790865]]]}},{"type":"Feature","properties":{"Pob_total":316.0},"geometry":{"type":"Polygon","coordinates":[[[-79.47781443853208,-2.529941673395499],[-79.47620213038908,-2.5315542842153],[-79.4756658274141,-2.532818908209096],[-79.47196385943606,-2.536127609764065],[-79.4688647543791,-2.536596510291314],[-79.46513035616206,-2.538511753800786],[-79.46315242497373,-2.540284595873621],[-79.46142267773557,-2.540479396460719],[-79.45989624015603,-2.53948045804331],[-79.45906504741379,-2.539570888043189],[-79.45848594059498,-2.540390537069025],[-79.45869026617255,-2.542178211922699],[-79.45463912780752,-2.544691989429138],[-79.45097614354867,-2.545364625289915],[-79.4494514459902,-2.544351716178506],[-79.44871550856611,-2.544278607206182],[-79.44830152710102,-2.5451898725524],[-79.44857765195617,-2.546968600150271],[-79.44648656689901,-2.546713301175354],[-79.44426781745604,-2.548127905021805],[-79.4441404314471,-2.549563100989312],[-79.44280356201726,-2.549110107760973],[-79.44265877536952,-2.550084885859515],[-79.44150969524024,-2.55021889807638],[-79.4407813530405,-2.551292265009506],[-79.43951615158626,-2.550956710864367],[-79.43835766116221,-2.551451801177937],[-79.43630970445778,-2.55264993429625],[-79.4350777442981,-2.554517082141935],[-79.43325520714302,-2.554866914551893],[-79.43144926446782,-2.556336149550201],[-79.43105347969437,-2.557030765470123],[-79.43196766348741,-2.558151274332026],[-79.43122959658476,-2.559829445523745],[-79.43152374856611,-2.561517913341067],[-79.42898096305274,-2.562774424335017],[-79.42809960965239,-2.565263642356045],[-79.42713414657683,-2.565314166786291],[-79.4262072850143,-2.566633778645004],[-79.42802237506938,-2.567545574404877],[-79.42746281236633,-2.568275838879619],[-79.42799125378531,-2.569399200384951],[-79.42701075568677,-2.571346031441928],[-79.42711594363573,-2.573640625845854],[-79.42778077630703,-2.575961049121553],[-79.42758235261005,-2.577912784635628],[-79.42907699397678,-2.579727703962237],[-79.42965772004452,-2.579873933731895],[-79.43082897665973,-2.581925761716619],[-79.42995079625005,-2.58345386480374],[-79.42872119288502,-2.583953717428897],[-79.42875395378702,-2.584885527945941],[-79.42787569099677,-2.585597255087994],[-79.42828872772601,-2.587120894794143],[-79.42684356870119,-2.589158255031361],[-79.42670825171265,-2.590673979066683],[-79.42514606963441,-2.592077407113602],[-79.42425378562496,-2.59380082376788],[-79.42252677496487,-2.595558276612958],[-79.4221598236246,-2.598944648493783],[-79.42095296856687,-2.601100488758625],[-79.42010738404453,-2.601916147436318],[-79.41786521468369,-2.602919067512548],[-79.41616666693626,-2.60591848753268],[-79.41391372776815,-2.60769153154747],[-79.41178348405415,-2.608765821740919],[-79.41925301129821,-2.60920475737001],[-79.42103679761846,-2.609756404371684],[-79.42581798910908,-2.606240291720248],[-79.42753027309696,-2.606368240463096],[-79.4312820722885,-2.604455685847232],[-79.4336138962767,-2.604408492481683],[-79.43533016660356,-2.603421074065453],[-79.43632140216633,-2.603506435486842],[-79.4369930812562,-2.602043754270684],[-79.43972561515609,-2.601912454100937],[-79.44236672451869,-2.599881737398976],[-79.44512705396706,-2.598928773563991],[-79.4455904443024,-2.598023291457176],[-79.44811773422155,-2.596567813133938],[-79.45295590958766,-2.594952508115666],[-79.45658400035059,-2.593151528878159],[-79.45906012361179,-2.590955884357752],[-79.46096235951673,-2.588262017933093],[-79.46408743919538,-2.586856085252942],[-79.45471635040725,-2.574590641764716],[-79.49617043878301,-2.530582712849743],[-79.49493641561382,-2.529197025107939],[-79.49365420045538,-2.528566120116491],[-79.49049257913826,-2.529663893638094],[-79.48917848799377,-2.529536483435395],[-79.48882355950325,-2.528750991494693],[-79.4877395094038,-2.528962411915683],[-79.48541426963804,-2.530258251851416],[-79.48446383583956,-2.529225262031184],[-79.48422478170136,-2.53021199047769],[-79.48382327721393,-2.530241427973388],[-79.48221816417157,-2.529581535121042],[-79.48076288885933,-2.527292463608362],[-79.47781443853208,-2.529941673395499]]]}},{"type":"Feature","properties":{"Pob_total":233.0},"geometry":{"type":"Polygon","coordinates":[[[-79.51288979726175,-2.494754831293298],[-79.50208278677623,-2.50161422380667],[-79.49989780417893,-2.503823118538556],[-79.4966863799363,-2.505595413860943],[-79.50003383815907,-2.508864311171141],[-79.501141879941,-2.510630604800153],[-79.5041099854423,-2.512490562432385],[-79.50095100544053,-2.525946929736127],[-79.50148770457216,-2.52598761453553],[-79.50217833693067,-2.525338153425814],[-79.50565930961785,-2.525157354406339],[-79.50937000070506,-2.526322701335522],[-79.51233376486448,-2.524988864864618],[-79.51559058894125,-2.526905052353066],[-79.51687263194422,-2.52682078501334],[-79.51768117838219,-2.525192972591435],[-79.51834320964355,-2.524464782201612],[-79.51955555418466,-2.523988733163218],[-79.52042584425715,-2.522306088808368],[-79.51580604235446,-2.519526714895304],[-79.52919616094134,-2.502874187040285],[-79.53049635010703,-2.499652220289455],[-79.52801122495562,-2.497770849058676],[-79.52562605683033,-2.496859154026652],[-79.52416807815435,-2.495386671813907],[-79.51580086263029,-2.495349226267983],[-79.51288979726175,-2.494754831293298]]]}}]}