{"type":"FeatureCollection","name":"Transicion_tr0020_cacao_Opt","crs":{"type":"name","properties":{"name":"urn:ogc:def:crs:OGC:1.3:CRS84"}},"features":[{"type":"Feature","properties":{"FID_tr_200":2,"FID_2000_d":1,"cov_gen":"AGUA","FID_2022_d":0,"cov_gen_1":"AGRO","old_gen":"AGUA","new_gen":"AGRO","area_ha":0.0494017541269,"trans":"AGUA → AGRO","trans_grp":"EXPANSIÓN_AGRO","FID_cacao_":15,"fcode":"EA010","descr":"PRODUCTO AGRICOLA, RESULTADO DE UN CONJUNTO DE TECNICAS Y CONOCIMIENTOS PARA CULTIVAR LA TIERRA","DPA_DESPRO":"GUAYAS","DPA_DESCAN":"NARANJAL","niv1":"TIERRA AGROPECUARIA","niv2":"CULTIVO","niv3":"CULTIVO PERMANENTE","niv4":"FRUTALES","niv5":"CACAO","LULC_std":"Cacao","label":"Cacao","cbt":"CACAO","uso":"AGRICOLA","tmp":"CULTIVO PERMANENTE","nal":"NO APLICABLE","tap":"PEQUENA","rie":"NO","spr":"MERCANTIL","sce":64.6827923743,"usce":"HECTAREAS","txt":"EL CODIGO (fcode) Y LA DESCRIPCION (descr) CORRESPONDEN A LOS OBJETOS GEOGRAFICOS DEL ATRIBUTO niv2","simbologia":"CPuc: Cacao","SHAPE_Leng":7062.40585098,"apt_uso":1,"cob_suelo":"Cacao","cacao_sys":"Cacao_alim_con50b","observ":null,"cob_label":"Cacao próximo a cultivos alimentarios"},"geometry":{"type":"Polygon","coordinates":[[[-79.49702768044075,-2.615231165334928,0.0],[-79.49717127747418,-2.615231338216957,0.0],[-79.49717185743354,-2.61474406615967,0.0],[-79.49714630403442,-2.614769703060057,0.0],[-79.49702768044075,-2.615231165334928,0.0]]]}},{"type":"Feature","properties":{"FID_tr_200":2,"FID_2000_d":1,"cov_gen":"AGUA","FID_2022_d":0,"cov_gen_1":"AGRO","old_gen":"AGUA","new_gen":"AGRO","area_ha":0.0507767168651,"trans":"AGUA → AGRO","trans_grp":"EXPANSIÓN_AGRO","FID_cacao_":54,"fcode":"EA010","descr":"PRODUCTO AGRICOLA, RESULTADO DE UN CONJUNTO DE TECNICAS Y CONOCIMIENTOS PARA CULTIVAR LA TIERRA","DPA_DESPRO":"GUAYAS","DPA_DESCAN":"NARANJAL","niv1":"TIERRA AGROPECUARIA","niv2":"CULTIVO","niv3":"CULTIVO PERMANENTE","niv4":"FRUTALES","niv5":"CACAO","LULC_std":"Cacao","label":"Cacao","cbt":"CACAO","uso":"AGRICOLA","tmp":"CULTIVO PERMANENTE","nal":"NO APLICABLE","tap":"PEQUENA","rie":"NO","spr":"MERCANTIL","sce":0.944539913978,"usce":"HECTAREAS","txt":"EL CODIGO (fcode) Y LA DESCRIPCION (descr) CORRESPONDEN A LOS OBJETOS GEOGRAFICOS DEL ATRIBUTO niv2","simbologia":"CPuc: Cacao","SHAPE_Leng":116.638037801,"apt_uso":1,"cob_suelo":"Cacao","cacao_sys":"Cacao_alim_con50b","observ":null,"cob_label":"Cacao próximo a cultivos alimentarios"},"geometry":{"type":"Polygon","coordinates":[[[-79.50337735377954,-2.532297078387015,0.0],[-79.50350903981295,-2.532369518486326,0.0],[-79.50350876850743,-2.531903953501111,0.0],[-79.50344198629325,-2.531941633048763,0.0],[-79.50337735377954,-2.532297078387015,0.0]]]}},{"type":"Feature","properties":{"FID_tr_200":2,"FID_2000_d":1,"cov_gen":"AGUA","FID_2022_d":0,"cov_gen_1":"AGRO","old_gen":"AGUA","new_gen":"AGRO","area_ha":13.2133723576,"trans":"AGUA → AGRO","trans_grp":"EXPANSIÓN_AGRO","FID_cacao_":57,"fcode":"EA010","descr":"PRODUCTO AGRICOLA, RESULTADO DE UN CONJUNTO DE TECNICAS Y CONOCIMIENTOS PARA CULTIVAR LA TIERRA","DPA_DESPRO":"GUAYAS","DPA_DESCAN":"NARANJAL","niv1":"TIERRA AGROPECUARIA","niv2":"CULTIVO","niv3":"CULTIVO PERMANENTE","niv4":"FRUTALES","niv5":"CACAO","LULC_std":"Cacao","label":"Cacao","cbt":"CACAO","uso":"AGRICOLA","tmp":"CULTIVO PERMANENTE","nal":"NO APLICABLE","tap":"MEDIANA","rie":"SI","spr":"MERCANTIL","sce":235.529579391,"usce":"HECTAREAS","txt":"EL CODIGO (fcode) Y LA DESCRIPCION (descr) CORRESPONDEN A LOS OBJETOS GEOGRAFICOS DEL ATRIBUTO niv2","simbologia":"CPuc: Cacao","SHAPE_Leng":12759.1888536,"apt_uso":1,"cob_suelo":"Cacao","cacao_sys":"Cacao_alim_con50b","observ":null,"cob_label":"Cacao próximo a cultivos alimentarios"},"geometry":{"type":"Polygon","coordinates":[[[-79.49224369732639,-2.556620353282483,0.0],[-79.4926540685487,-2.556620837797145,0.0],[-79.4926547018027,-2.556078198920026,0.0],[-79.49319425212063,-2.556078835617369,0.0],[-79.4931936190931,-2.556621474629828,0.0],[-79.49454249604385,-2.55662306571498,0.0],[-79.49454281229137,-2.55635174604026,0.0],[-79.49481258772596,-2.556352064052657,0.0],[-79.4948129038832,-2.556080744342988,0.0],[-79.4950826792948,-2.556081062264655,0.0],[-79.49508331139506,-2.555538422774104,0.0],[-79.49535308672716,-2.55553874057127,0.0],[-79.49535371857961,-2.554996101008466,0.0],[-79.49643281979169,-2.554997371357769,0.0],[-79.4964331354411,-2.554726051439495,0.0],[-79.49670291077163,-2.554726368850793,0.0],[-79.49670385734834,-2.553912408987584,0.0],[-79.49724340777085,-2.553913043437004,0.0],[-79.49724309239204,-2.554184363460083,0.0],[-79.49751286771028,-2.554184680633199,0.0],[-79.49751412879763,-2.553099400398822,0.0],[-79.49778390392328,-2.55309971738013,0.0],[-79.49752764652968,-2.552692055783912,0.0],[-79.49706296855115,-2.553033173554558,0.0],[-79.4965327033738,-2.552533483585996,0.0],[-79.49646541725505,-2.552284206732611,0.0],[-79.4958964628315,-2.55225119570211,0.0],[-79.49568174207009,-2.552462724681873,0.0],[-79.49552437501761,-2.552286457293454,0.0],[-79.49535672051468,-2.552416435579604,0.0],[-79.49535656024962,-2.552554222916894,0.0],[-79.49512133140465,-2.552607010029904,0.0],[-79.49527624474052,-2.552813072758485,0.0],[-79.49510712917186,-2.553095796432748,0.0],[-79.49475805201133,-2.55331040670078,0.0],[-79.49427644138511,-2.553429286438524,0.0],[-79.49427619807952,-2.553638231496565,0.0],[-79.49407945013225,-2.553637999737852,0.0],[-79.4936655875518,-2.554146572566119,0.0],[-79.4934961671393,-2.55468958430978,0.0],[-79.4935201426448,-2.554844934189883,0.0],[-79.49325644795128,-2.554845019389077,0.0],[-79.4930886969507,-2.555013335621452,0.0],[-79.49313637382234,-2.555181905010517,0.0],[-79.49307131687188,-2.555507066637329,0.0],[-79.49275232904682,-2.55569591236124,0.0],[-79.49254925642468,-2.556148349003808,0.0],[-79.49234651383452,-2.556317863604819,0.0],[-79.49224369732639,-2.556620353282483,0.0]]]}},{"type":"Feature","properties":{"FID_tr_200":2,"FID_2000_d":1,"cov_gen":"AGUA","FID_2022_d":0,"cov_gen_1":"AGRO","old_gen":"AGUA","new_gen":"AGRO","area_ha":1.82287112503,"trans":"AGUA → AGRO","trans_grp":"EXPANSIÓN_AGRO","FID_cacao_":70,"fcode":"EA010","descr":"PRODUCTO AGRICOLA, RESULTADO DE UN CONJUNTO DE TECNICAS Y CONOCIMIENTOS PARA CULTIVAR LA TIERRA","DPA_DESPRO":"GUAYAS","DPA_DESCAN":"NARANJAL","niv1":"TIERRA AGROPECUARIA","niv2":"CULTIVO","niv3":"CULTIVO PERMANENTE","niv4":"FRUTALES","niv5":"CACAO","LULC_std":"Cacao","label":"Cacao","cbt":"CACAO","uso":"AGRICOLA","tmp":"CULTIVO PERMANENTE","nal":"NO APLICABLE","tap":"PEQUENA","rie":"SI","spr":"MERCANTIL","sce":14.7019664072,"usce":"HECTAREAS","txt":"EL CODIGO (fcode) Y LA DESCRIPCION (descr) CORRESPONDEN A LOS OBJETOS GEOGRAFICOS DEL ATRIBUTO niv2","simbologia":"CPuc: Cacao","SHAPE_Leng":2054.31800541,"apt_uso":1,"cob_suelo":"Cacao","cacao_sys":"Cacao_alim_con50b","observ":null,"cob_label":"Cacao próximo a cultivos alimentarios"},"geometry":{"type":"MultiPolygon","coordinates":[[[[-79.49567649406906,-2.614415577911782,0.0],[-79.49577620071418,-2.614826414959461,0.0],[-79.49641106881,-2.614240742210904,0.0],[-79.49669845003729,-2.614285274479842,0.0],[-79.4966981195844,-2.614562887888806,0.0],[-79.49679428910808,-2.614569048680478,0.0],[-79.49717286883407,-2.613894086430038,0.0],[-79.49717321462603,-2.613603419682651,0.0],[-79.49690342680846,-2.613603095063064,0.0],[-79.49690407237252,-2.61306045560941,0.0],[-79.4960947094688,-2.613059481603882,0.0],[-79.49609406355744,-2.613602120855001,0.0],[-79.4958242758744,-2.613601796002546,0.0],[-79.49582362971266,-2.614144435181249,0.0],[-79.49609341751149,-2.614144760101241,0.0],[-79.49609309443805,-2.614416079722588,0.0],[-79.49567649406906,-2.614415577911782,0.0]]],[[[-79.49537739567309,-2.61468653747088,0.0],[-79.49524998007674,-2.614686383919854,0.0],[-79.49524995128307,-2.614710547635752,0.0],[-79.49531768051412,-2.614737887867098,0.0],[-79.49537739567309,-2.61468653747088,0.0]]]]}},{"type":"Feature","properties":{"FID_tr_200":2,"FID_2000_d":1,"cov_gen":"AGUA","FID_2022_d":0,"cov_gen_1":"AGRO","old_gen":"AGUA","new_gen":"AGRO","area_ha":3.71785011299,"trans":"AGUA → AGRO","trans_grp":"EXPANSIÓN_AGRO","FID_cacao_":94,"fcode":"EA010","descr":"PRODUCTO AGRICOLA, RESULTADO DE UN CONJUNTO DE TECNICAS Y CONOCIMIENTOS PARA CULTIVAR LA TIERRA","DPA_DESPRO":"GUAYAS","DPA_DESCAN":"NARANJAL","niv1":"TIERRA AGROPECUARIA","niv2":"CULTIVO","niv3":"CULTIVO PERMANENTE","niv4":"FRUTALES","niv5":"CACAO","LULC_std":"Cacao","label":"Cacao","cbt":"CACAO","uso":"AGRICOLA","tmp":"CULTIVO PERMANENTE","nal":"NO APLICABLE","tap":"PEQUENA","rie":"NO","spr":"MERCANTIL","sce":104.694403163,"usce":"HECTAREAS","txt":"EL CODIGO (fcode) Y LA DESCRIPCION (descr) CORRESPONDEN A LOS OBJETOS GEOGRAFICOS DEL ATRIBUTO niv2","simbologia":"CPuc: Cacao","SHAPE_Leng":4050.00406058,"apt_uso":1,"cob_suelo":"Cacao","cacao_sys":"Cacao_alim_con50b","observ":null,"cob_label":"Cacao próximo a cultivos alimentarios"},"geometry":{"type":"Polygon","coordinates":[[[-79.49943689535878,-2.549845810250027,0.0],[-79.49994588007037,-2.549846406726211,0.0],[-79.49994619434669,-2.549575086347073,0.0],[-79.50021596903994,-2.549575402378808,0.0],[-79.5002156548201,-2.549846722791619,0.0],[-79.50048542960336,-2.549847038800231,0.0],[-79.50048511540643,-2.550118359245526,0.0],[-79.5012944401269,-2.550119307031556,0.0],[-79.50129600992916,-2.548762704288391,0.0],[-79.50102623527114,-2.548762388584765,0.0],[-79.5010274907353,-2.547677106503502,0.0],[-79.50075771633654,-2.547676790877728,0.0],[-79.50075834398027,-2.547134149897301,0.0],[-79.50048856972788,-2.547133834282103,0.0],[-79.50048825586634,-2.547405154739214,0.0],[-79.50021848159108,-2.547404839033613,0.0],[-79.50013575189946,-2.548218704542422,0.0],[-79.500217539636,-2.548218800296985,0.0],[-79.50021691149821,-2.54876144113326,0.0],[-79.4998594754177,-2.548761022530596,0.0],[-79.49970677764355,-2.54931844211927,0.0],[-79.49957565205332,-2.549562675176759,0.0],[-79.49944474422004,-2.549618918482802,0.0],[-79.49957611241285,-2.549686911656731,0.0],[-79.49943689535878,-2.549845810250027,0.0]]]}},{"type":"Feature","properties":{"FID_tr_200":2,"FID_2000_d":1,"cov_gen":"AGUA","FID_2022_d":0,"cov_gen_1":"AGRO","old_gen":"AGUA","new_gen":"AGRO","area_ha":2.757425163,"trans":"AGUA → AGRO","trans_grp":"EXPANSIÓN_AGRO","FID_cacao_":98,"fcode":"EA010","descr":"PRODUCTO AGRICOLA, RESULTADO DE UN CONJUNTO DE TECNICAS Y CONOCIMIENTOS PARA CULTIVAR LA TIERRA","DPA_DESPRO":"CANAR","DPA_DESCAN":"LA TRONCAL","niv1":"TIERRA AGROPECUARIA","niv2":"CULTIVO","niv3":"CULTIVO PERMANENTE","niv4":"FRUTALES","niv5":"CACAO","LULC_std":"Cacao","label":"Cacao","cbt":"CACAO","uso":"AGRICOLA","tmp":"CULTIVO PERMANENTE","nal":"NO APLICABLE","tap":"MEDIANA","rie":"SI","spr":"MERCANTIL","sce":2606.99195028,"usce":"HECTAREAS","txt":"EL CODIGO (fcode) Y LA DESCRIPCION (descr) CORRESPONDEN A LOS OBJETOS GEOGRAFICOS DEL ATRIBUTO niv2","simbologia":"CPuc: Cacao","SHAPE_Leng":6602.57867442,"apt_uso":1,"cob_suelo":"Cacao","cacao_sys":"Cacao_alim_sin50b","observ":null,"cob_label":"Cacao sin cultivos alimentarios próximos"},"geometry":{"type":"MultiPolygon","coordinates":[[[[-79.37105264562474,-2.505466325247148,0.0],[-79.37105197486318,-2.506008932809447,0.0],[-79.37114033460765,-2.506009043309933,0.0],[-79.37132193376999,-2.505839462965855,0.0],[-79.37132205922008,-2.505737966314925,0.0],[-79.37159196685428,-2.505609927180009,0.0],[-79.371592143466,-2.505466999690279,0.0],[-79.37213164145295,-2.505467673910243,0.0],[-79.37213231162507,-2.50492506605082,0.0],[-79.37186256272432,-2.504924729041826,0.0],[-79.37186289781123,-2.504653425146885,0.0],[-79.37132340022991,-2.504652751034666,0.0],[-79.37132306503209,-2.504924054856496,0.0],[-79.37105331624058,-2.504923717680161,0.0],[-79.37105298095088,-2.50519502146424,0.0],[-79.37078323214034,-2.505194684195555,0.0],[-79.37078289675874,-2.505465987941893,0.0],[-79.37105264562474,-2.505466325247148,0.0]]],[[[-79.36187647984076,-2.509253060952295,0.0],[-79.36187749290563,-2.50843915338961,0.0],[-79.3621472411767,-2.508439492940443,0.0],[-79.36214690358057,-2.508710795499265,0.0],[-79.36268640034362,-2.508711474506881,0.0],[-79.36268673782865,-2.508440171874538,0.0],[-79.36295648620958,-2.5084405112578,0.0],[-79.36295716095876,-2.507897905916059,0.0],[-79.3616084199757,-2.507896208808812,0.0],[-79.36160740696401,-2.508710116268195,0.0],[-79.36133765871071,-2.508709776568866,0.0],[-79.36133698307528,-2.509252381462384,0.0],[-79.36187647984076,-2.509253060952295,0.0]]]]}},{"type":"Feature","properties":{"FID_tr_200":2,"FID_2000_d":1,"cov_gen":"AGUA","FID_2022_d":0,"cov_gen_1":"AGRO","old_gen":"AGUA","new_gen":"AGRO","area_ha":0.980962321531,"trans":"AGUA → AGRO","trans_grp":"EXPANSIÓN_AGRO","FID_cacao_":104,"fcode":"EA010","descr":"PRODUCTO AGRICOLA, RESULTADO DE UN CONJUNTO DE TECNICAS Y CONOCIMIENTOS PARA CULTIVAR LA TIERRA","DPA_DESPRO":"GUAYAS","DPA_DESCAN":"NARANJAL","niv1":"TIERRA AGROPECUARIA","niv2":"CULTIVO","niv3":"CULTIVO PERMANENTE","niv4":"FRUTALES","niv5":"CACAO","LULC_std":"Cacao","label":"Cacao","cbt":"CACAO","uso":"AGRICOLA","tmp":"CULTIVO PERMANENTE","nal":"NO APLICABLE","tap":"MEDIANA","rie":"SI","spr":"MERCANTIL","sce":284.127357595,"usce":"HECTAREAS","txt":"EL CODIGO (fcode) Y LA DESCRIPCION (descr) CORRESPONDEN A LOS OBJETOS GEOGRAFICOS DEL ATRIBUTO niv2","simbologia":"CPuc: Cacao","SHAPE_Leng":20935.7688989,"apt_uso":1,"cob_suelo":"Cacao","cacao_sys":"Cacao_alim_con50b","observ":null,"cob_label":"Cacao próximo a cultivos alimentarios"},"geometry":{"type":"MultiPolygon","coordinates":[[[[-79.4719574542547,-2.597022489470633,0.0],[-79.4718486501088,-2.596912801195316,0.0],[-79.4715639195221,-2.596658872386754,0.0],[-79.47156348299553,-2.597022010501413,0.0],[-79.4719574542547,-2.597022489470633,0.0]]],[[[-79.47238561020241,-2.60136408334266,0.0],[-79.47225682957828,-2.600730591140532,0.0],[-79.47238105037749,-2.600319168770924,0.0],[-79.47235272875771,-2.600127704731432,0.0],[-79.47210316457776,-2.599464520132633,0.0],[-79.4718303276979,-2.59946418816591,0.0],[-79.47182869516354,-2.600820771271161,0.0],[-79.4720984771141,-2.600821099692392,0.0],[-79.47209782397627,-2.601363732994654,0.0],[-79.47238561020241,-2.60136408334266,0.0]]]]}},{"type":"Feature","properties":{"FID_tr_200":2,"FID_2000_d":1,"cov_gen":"AGUA","FID_2022_d":0,"cov_gen_1":"AGRO","old_gen":"AGUA","new_gen":"AGRO","area_ha":0.297188405412,"trans":"AGUA → AGRO","trans_grp":"EXPANSIÓN_AGRO","FID_cacao_":106,"fcode":"EA010","descr":"PRODUCTO AGRICOLA, RESULTADO DE UN CONJUNTO DE TECNICAS Y CONOCIMIENTOS PARA CULTIVAR LA TIERRA","DPA_DESPRO":"GUAYAS","DPA_DESCAN":"NARANJAL","niv1":"TIERRA AGROPECUARIA","niv2":"CULTIVO","niv3":"CULTIVO PERMANENTE","niv4":"FRUTALES","niv5":"CACAO","LULC_std":"Cacao","label":"Cacao","cbt":"CACAO","uso":"AGRICOLA","tmp":"CULTIVO PERMANENTE","nal":"NO APLICABLE","tap":"PEQUENA","rie":"SI","spr":"MERCANTIL","sce":166.094398774,"usce":"HECTAREAS","txt":"EL CODIGO (fcode) Y LA DESCRIPCION (descr) CORRESPONDEN A LOS OBJETOS GEOGRAFICOS DEL ATRIBUTO niv2","simbologia":"CPuc: Cacao","SHAPE_Leng":12562.7253297,"apt_uso":1,"cob_suelo":"Cacao","cacao_sys":"Cacao_alim_sin50b","observ":null,"cob_label":"Cacao sin cultivos alimentarios próximos"},"geometry":{"type":"MultiPolygon","coordinates":[[[[-79.47453537046783,-2.593444864311449,0.0],[-79.47453563128612,-2.593227177499763,0.0],[-79.47480541196772,-2.593227504382829,0.0],[-79.47480606190624,-2.592684870322622,0.0],[-79.4745337663225,-2.592684540461061,0.0],[-79.47437517111581,-2.592899767066766,0.0],[-79.47453537046783,-2.593444864311449,0.0]]],[[[-79.47471357112519,-2.594041345337525,0.0],[-79.47480443680404,-2.594041455464112,0.0],[-79.47480476189273,-2.593770138438208,0.0],[-79.47463090378874,-2.593769927743482,0.0],[-79.47471357112519,-2.594041345337525,0.0]]]]}},{"type":"Feature","properties":{"FID_tr_200":2,"FID_2000_d":1,"cov_gen":"AGUA","FID_2022_d":0,"cov_gen_1":"AGRO","old_gen":"AGUA","new_gen":"AGRO","area_ha":11.6451859233,"trans":"AGUA → AGRO","trans_grp":"EXPANSIÓN_AGRO","FID_cacao_":110,"fcode":"EA010","descr":"PRODUCTO AGRICOLA, RESULTADO DE UN CONJUNTO DE TECNICAS Y CONOCIMIENTOS PARA CULTIVAR LA TIERRA","DPA_DESPRO":"GUAYAS","DPA_DESCAN":"NARANJAL","niv1":"TIERRA AGROPECUARIA","niv2":"CULTIVO","niv3":"CULTIVO PERMANENTE","niv4":"FRUTALES","niv5":"CACAO","LULC_std":"Cacao","label":"Cacao","cbt":"CACAO","uso":"AGRICOLA","tmp":"CULTIVO PERMANENTE","nal":"NO APLICABLE","tap":"PEQUENA","rie":"SI","spr":"MERCANTIL","sce":1245.08399937,"usce":"HECTAREAS","txt":"EL CODIGO (fcode) Y LA DESCRIPCION (descr) CORRESPONDEN A LOS OBJETOS GEOGRAFICOS DEL ATRIBUTO niv2","simbologia":"CPuc: Cacao","SHAPE_Leng":65362.253188,"apt_uso":1,"cob_suelo":"Cacao","cacao_sys":"Cacao_alim_con50b","observ":null,"cob_label":"Cacao próximo a cultivos alimentarios"},"geometry":{"type":"MultiPolygon","coordinates":[[[[-79.43471631641361,-2.50391649544358,0.0],[-79.43417680252256,-2.503915847534893,0.0],[-79.43417615814704,-2.504458471893251,0.0],[-79.43444591518595,-2.504458795945772,0.0],[-79.43444623733576,-2.504187483732046,0.0],[-79.43471599435425,-2.504187807693649,0.0],[-79.43471631641361,-2.50391649544358,0.0]]],[[[-79.43825655819387,-2.505005993800441,0.0],[-79.43849163222683,-2.505006275517345,0.0],[-79.43849207643196,-2.504631273753731,0.0],[-79.43813396457854,-2.504440042434588,0.0],[-79.43835921184967,-2.504932432710043,0.0],[-79.43825655819387,-2.505005993800441,0.0]]],[[[-79.4373862450817,-2.504733637452829,0.0],[-79.43768268086274,-2.504733992859306,0.0],[-79.4376820377193,-2.505276618123548,0.0],[-79.4382215530742,-2.50527726493302,0.0],[-79.4382218550653,-2.505022399320406,0.0],[-79.43762573450945,-2.504534071807755,0.0],[-79.43739985947913,-2.50457165641279,0.0],[-79.4373862450817,-2.504733637452829,0.0]]],[[[-79.4136708463189,-2.507656167182909,0.0],[-79.41367047940737,-2.507960703961151,0.0],[-79.41344395796695,-2.507960427853096,0.0],[-79.41336270983923,-2.508160072533836,0.0],[-79.41297832282518,-2.507959860164436,0.0],[-79.4126265407916,-2.507959431171695,0.0],[-79.41262998789787,-2.508314930712482,0.0],[-79.41178186752315,-2.508229710340804,0.0],[-79.41178154018257,-2.508501019563453,0.0],[-79.41124203040023,-2.50850036096267,0.0],[-79.4112410478321,-2.509314288409632,0.0],[-79.41097129282755,-2.509313958918439,0.0],[-79.41097030977294,-2.510127886247855,0.0],[-79.41124006494421,-2.510128215846053,0.0],[-79.41123908173653,-2.510942143271896,0.0],[-79.41177859251914,-2.510942802514551,0.0],[-79.41177892017937,-2.510671493302496,0.0],[-79.41204867556839,-2.510671822804294,0.0],[-79.41204834796375,-2.510943132052001,0.0],[-79.41231810344384,-2.510943461533532,0.0],[-79.41231744823925,-2.511486080096852,0.0],[-79.41265581335688,-2.511486493388862,0.0],[-79.41266516341061,-2.510035906644193,0.0],[-79.41412685229483,-2.509759399226947,0.0],[-79.41420787955245,-2.50971258310988,0.0],[-79.4142083552257,-2.509317909124525,0.0],[-79.4144781106562,-2.50931823794513,0.0],[-79.4144778234156,-2.50955661423941,0.0],[-79.41474770707137,-2.509450585625943,0.0],[-79.41474851975866,-2.508775947486748,0.0],[-79.41501827514897,-2.508776276124419,0.0],[-79.41501892853255,-2.508233656825497,0.0],[-79.41528868384721,-2.508233985336142,0.0],[-79.4152890104303,-2.50796267564934,0.0],[-79.41501925517117,-2.507962347174272,0.0],[-79.4150194055551,-2.507837426727284,0.0],[-79.41492375356827,-2.507865266472092,0.0],[-79.41451984849947,-2.507419118940238,0.0],[-79.41394685531353,-2.50741842096438,0.0],[-79.4136708463189,-2.507656167182909,0.0]]],[[[-79.41327504848825,-2.512029869129439,0.0],[-79.41339581605781,-2.512030016592458,0.0],[-79.4133961435264,-2.511758707171211,0.0],[-79.41420541110601,-2.51175969492974,0.0],[-79.41420596225456,-2.511302766096874,0.0],[-79.41389513424825,-2.511529794443837,0.0],[-79.41356325694359,-2.511380630198877,0.0],[-79.41344318476915,-2.51146344023599,0.0],[-79.41327504848825,-2.512029869129439,0.0]]]]}},{"type":"Feature","properties":{"FID_tr_200":7,"FID_2000_d":2,"cov_gen":"FOREST","FID_2022_d":0,"cov_gen_1":"AGRO","old_gen":"FOREST","new_gen":"AGRO","area_ha":7.56589213681,"trans":"FOREST → AGRO","trans_grp":"PÉRDIDA_BOSQUE","FID_cacao_":0,"fcode":"EA010","descr":"PRODUCTO AGRICOLA, RESULTADO DE UN CONJUNTO DE TECNICAS Y CONOCIMIENTOS PARA CULTIVAR LA TIERRA","DPA_DESPRO":"CANAR","DPA_DESCAN":"LA TRONCAL","niv1":"TIERRA AGROPECUARIA","niv2":"CULTIVO","niv3":"CULTIVO PERMANENTE","niv4":"FRUTALES","niv5":"CACAO","LULC_std":"Cacao","label":"Cacao","cbt":"CACAO","uso":"AGRICOLA","tmp":"CULTIVO PERMANENTE","nal":"NO APLICABLE","tap":"PEQUENA","rie":"SI","spr":"MERCANTIL","sce":9.30320196347,"usce":"HECTAREAS","txt":"EL CODIGO (fcode) Y LA DESCRIPCION (descr) CORRESPONDEN A LOS OBJETOS GEOGRAFICOS DEL ATRIBUTO niv2","simbologia":"CPuc: Cacao","SHAPE_Leng":1198.72860539,"apt_uso":1,"cob_suelo":"Cacao","cacao_sys":"Cacao_alim_sin50b","observ":null,"cob_label":"Cacao sin cultivos alimentarios próximos"},"geometry":{"type":"Polygon","coordinates":[[[-79.3652632301955,-2.50097897105428,0.0],[-79.36507792818888,-2.501105507655144,0.0],[-79.36535211761492,-2.502541501222487,0.0],[-79.36626389822301,-2.503968723643076,0.0],[-79.3672701279045,-2.503488139921661,0.0],[-79.36707766256089,-2.503133606138819,0.0],[-79.36854235076876,-2.50097733634843,0.0],[-79.3652632301955,-2.50097897105428,0.0]]]}},{"type":"Feature","properties":{"FID_tr_200":7,"FID_2000_d":2,"cov_gen":"FOREST","FID_2022_d":0,"cov_gen_1":"AGRO","old_gen":"FOREST","new_gen":"AGRO","area_ha":0.534256937981,"trans":"FOREST → AGRO","trans_grp":"PÉRDIDA_BOSQUE","FID_cacao_":1,"fcode":"EA010","descr":"PRODUCTO AGRICOLA, RESULTADO DE UN CONJUNTO DE TECNICAS Y CONOCIMIENTOS PARA CULTIVAR LA TIERRA","DPA_DESPRO":"CANAR","DPA_DESCAN":"LA TRONCAL","niv1":"TIERRA AGROPECUARIA","niv2":"CULTIVO","niv3":"CULTIVO PERMANENTE","niv4":"FRUTALES","niv5":"CACAO","LULC_std":"Cacao","label":"Cacao","cbt":"CACAO","uso":"AGRICOLA","tmp":"CULTIVO PERMANENTE","nal":"NO APLICABLE","tap":"PEQUENA","rie":"SI","spr":"MERCANTIL","sce":10.2183731584,"usce":"HECTAREAS","txt":"EL CODIGO (fcode) Y LA DESCRIPCION (descr) CORRESPONDEN A LOS OBJETOS GEOGRAFICOS DEL ATRIBUTO niv2","simbologia":"CPuc: Cacao","SHAPE_Leng":368.64119256,"apt_uso":1,"cob_suelo":"Cacao","cacao_sys":"Cacao_alim_sin50b","observ":null,"cob_label":"Cacao sin cultivos alimentarios próximos"},"geometry":{"type":"Polygon","coordinates":[[[-79.37115826541097,-2.501486380936356,0.0],[-79.37142475261767,-2.501458000523859,0.0],[-79.37238738331226,-2.500975408839208,0.0],[-79.37097814914357,-2.500976116697138,0.0],[-79.37106323360597,-2.501380980896302,0.0],[-79.37115826541097,-2.501486380936356,0.0]]]}},{"type":"Feature","properties":{"FID_tr_200":7,"FID_2000_d":2,"cov_gen":"FOREST","FID_2022_d":0,"cov_gen_1":"AGRO","old_gen":"FOREST","new_gen":"AGRO","area_ha":2.38537635459,"trans":"FOREST → AGRO","trans_grp":"PÉRDIDA_BOSQUE","FID_cacao_":2,"fcode":"EA010","descr":"PRODUCTO AGRICOLA, RESULTADO DE UN CONJUNTO DE TECNICAS Y CONOCIMIENTOS PARA CULTIVAR LA TIERRA","DPA_DESPRO":"CANAR","DPA_DESCAN":"LA TRONCAL","niv1":"TIERRA AGROPECUARIA","niv2":"CULTIVO","niv3":"CULTIVO PERMANENTE","niv4":"FRUTALES","niv5":"CACAO","LULC_std":"Cacao","label":"Cacao","cbt":"CACAO","uso":"AGRICOLA","tmp":"CULTIVO PERMANENTE","nal":"NO APLICABLE","tap":"PEQUENA","rie":"NO","spr":"MERCANTIL","sce":28.5316875315,"usce":"HECTAREAS","txt":"EL CODIGO (fcode) Y LA DESCRIPCION (descr) CORRESPONDEN A LOS OBJETOS GEOGRAFICOS DEL ATRIBUTO niv2","simbologia":"CPuc: Cacao","SHAPE_Leng":780.471618212,"apt_uso":1,"cob_suelo":"Cacao","cacao_sys":"Cacao_alim_con50b","observ":null,"cob_label":"Cacao próximo a cultivos alimentarios"},"geometry":{"type":"Polygon","coordinates":[[[-79.50298816658851,-2.528258421001562,0.0],[-79.50302610811124,-2.528722795976652,0.0],[-79.50255163116691,-2.529317891469043,0.0],[-79.50172194563682,-2.529793444274173,0.0],[-79.50143367757882,-2.529793109525876,0.0],[-79.50149655864378,-2.530065568956188,0.0],[-79.50171563582371,-2.530162268966952,0.0],[-79.50235964304609,-2.530039015703973,0.0],[-79.50330474958236,-2.530164113429012,0.0],[-79.50350764204833,-2.529971240394354,0.0],[-79.5035066967174,-2.528351324698604,0.0],[-79.50298816658851,-2.528258421001562,0.0]]]}},{"type":"Feature","properties":{"FID_tr_200":7,"FID_2000_d":2,"cov_gen":"FOREST","FID_2022_d":0,"cov_gen_1":"AGRO","old_gen":"FOREST","new_gen":"AGRO","area_ha":14.4420136225,"trans":"FOREST → AGRO","trans_grp":"PÉRDIDA_BOSQUE","FID_cacao_":3,"fcode":"EA010","descr":"PRODUCTO AGRICOLA, RESULTADO DE UN CONJUNTO DE TECNICAS Y CONOCIMIENTOS PARA CULTIVAR LA TIERRA","DPA_DESPRO":"AZUAY","DPA_DESCAN":"CUENCA","niv1":"TIERRA AGROPECUARIA","niv2":"CULTIVO","niv3":"CULTIVO PERMANENTE","niv4":"FRUTALES","niv5":"CACAO","LULC_std":"Cacao","label":"Cacao","cbt":"CACAO","uso":"AGRICOLA","tmp":"CULTIVO PERMANENTE","nal":"NO APLICABLE","tap":"MEDIANA","rie":"NO","spr":"MERCANTIL","sce":16.4880745415,"usce":"HECTAREAS","txt":"EL CODIGO (fcode) Y LA DESCRIPCION (descr) CORRESPONDEN A LOS OBJETOS GEOGRAFICOS DEL ATRIBUTO niv2","simbologia":"CPuc: Cacao","SHAPE_Leng":1695.8371321,"apt_uso":1,"cob_suelo":"Cacao","cacao_sys":"Cacao_alim_sin50b","observ":null,"cob_label":"Cacao sin cultivos alimentarios próximos"},"geometry":{"type":"Polygon","coordinates":[[[-79.4520302061119,-2.661570929959471,0.0],[-79.45189828867731,-2.662268458866076,0.0],[-79.45170365469295,-2.662683987685662,0.0],[-79.45184524267157,-2.662828317522065,0.0],[-79.45183064345002,-2.663086726781447,0.0],[-79.45192563479766,-2.663235203165234,0.0],[-79.45278169138992,-2.663666995437249,0.0],[-79.45304310677025,-2.663925753245328,0.0],[-79.4532931276165,-2.663966459384687,0.0],[-79.45332869755566,-2.663878256553224,0.0],[-79.45358094713927,-2.663854646741938,0.0],[-79.45394482811552,-2.664346666831404,0.0],[-79.45453666072346,-2.664511492943332,0.0],[-79.45452676128473,-2.66481776474334,0.0],[-79.45484856652243,-2.664860695592558,0.0],[-79.4550123268292,-2.664689163586033,0.0],[-79.45554013044,-2.665208390076172,0.0],[-79.45584000925449,-2.664979741430221,0.0],[-79.45589049572685,-2.664563449102289,0.0],[-79.45620558292457,-2.663759849137282,0.0],[-79.45617069655417,-2.663113735091644,0.0],[-79.45563603047152,-2.66254595604946,0.0],[-79.45548649277394,-2.662251447337043,0.0],[-79.45529657459637,-2.662117676997219,0.0],[-79.45529691249519,-2.661846362759696,0.0],[-79.4550271195631,-2.661846022943292,0.0],[-79.45502745748631,-2.661574708739231,0.0],[-79.45421807907437,-2.661573689038377,0.0],[-79.45421875517073,-2.661031060834664,0.0],[-79.4539489625538,-2.661030720885231,0.0],[-79.45394930060904,-2.660759406816233,0.0],[-79.45313992314261,-2.660758386716475,0.0],[-79.45313958491057,-2.661029700681313,0.0],[-79.45233020757884,-2.661028679943962,0.0],[-79.45232953065725,-2.661571307661501,0.0],[-79.4520302061119,-2.661570929959471,0.0]]]}},{"type":"Feature","properties":{"FID_tr_200":7,"FID_2000_d":2,"cov_gen":"FOREST","FID_2022_d":0,"cov_gen_1":"AGRO","old_gen":"FOREST","new_gen":"AGRO","area_ha":6.84722259525,"trans":"FOREST → AGRO","trans_grp":"PÉRDIDA_BOSQUE","FID_cacao_":4,"fcode":"EA010","descr":"PRODUCTO AGRICOLA, RESULTADO DE UN CONJUNTO DE TECNICAS Y CONOCIMIENTOS PARA CULTIVAR LA TIERRA","DPA_DESPRO":"AZUAY","DPA_DESCAN":"CUENCA","niv1":"TIERRA AGROPECUARIA","niv2":"CULTIVO","niv3":"CULTIVO PERMANENTE","niv4":"FRUTALES","niv5":"CACAO","LULC_std":"Cacao","label":"Cacao","cbt":"CACAO","uso":"AGRICOLA","tmp":"CULTIVO PERMANENTE","nal":"NO APLICABLE","tap":"MEDIANA","rie":"NO","spr":"MERCANTIL","sce":15.6366282031,"usce":"HECTAREAS","txt":"EL CODIGO (fcode) Y LA DESCRIPCION (descr) CORRESPONDEN A LOS OBJETOS GEOGRAFICOS DEL ATRIBUTO niv2","simbologia":"CPuc: Cacao","SHAPE_Leng":2035.40028195,"apt_uso":1,"cob_suelo":"Cacao","cacao_sys":"Cacao_alim_sin50b","observ":null,"cob_label":"Cacao sin cultivos alimentarios próximos"},"geometry":{"type":"MultiPolygon","coordinates":[[[[-79.45961663515318,-2.659409958578247,0.0],[-79.45992212483165,-2.659410341858114,0.0],[-79.45961691344196,-2.659185654452697,0.0],[-79.45961663515318,-2.659409958578247,0.0]]],[[[-79.4586691101316,-2.659680084395378,0.0],[-79.45826665980509,-2.660222209089144,0.0],[-79.45907603888696,-2.660223225603187,0.0],[-79.45907570202046,-2.660494540333076,0.0],[-79.45934549517564,-2.660494879087179,0.0],[-79.45934616875635,-2.65995224955696,0.0],[-79.45880658271615,-2.659951572127882,0.0],[-79.45880691957262,-2.6596802574301,0.0],[-79.4586691101316,-2.659680084395378,0.0]]],[[[-79.45749494183246,-2.660492554328295,0.0],[-79.45772673676184,-2.660492845673681,0.0],[-79.45772682097869,-2.660425078722278,0.0],[-79.45756833770868,-2.660466607583987,0.0],[-79.45749494183246,-2.660492554328295,0.0]]],[[[-79.4569013158162,-2.660763122868107,0.0],[-79.45691668324132,-2.661034457069114,0.0],[-79.45718647623838,-2.66103479636657,0.0],[-79.4571868135864,-2.66076348188147,0.0],[-79.45745660655905,-2.660763821085019,0.0],[-79.45745692705,-2.660505993225742,0.0],[-79.4569013158162,-2.660763122868107,0.0]]],[[[-79.45718647623838,-2.66103479636657,0.0],[-79.45718512650109,-2.662120054294583,0.0],[-79.45664554006991,-2.662119375363239,0.0],[-79.45664520243136,-2.66239068977287,0.0],[-79.4562462541717,-2.662390187594894,0.0],[-79.45635685493635,-2.662661721209307,0.0],[-79.45669981493059,-2.662403724642731,0.0],[-79.4569569091319,-2.662310726718585,0.0],[-79.45733524828745,-2.662304024635947,0.0],[-79.45757041024103,-2.66262735526119,0.0],[-79.45782727241584,-2.662720999855587,0.0],[-79.45758407956862,-2.663115514178689,0.0],[-79.45711298752579,-2.663086207216221,0.0],[-79.45672056818029,-2.662934963517992,0.0],[-79.45659910075608,-2.66302813205779,0.0],[-79.45658443096833,-2.663343970166872,0.0],[-79.45668399249024,-2.663645594129579,0.0],[-79.45676225400334,-2.663853870740762,0.0],[-79.45696905033118,-2.664026416964613,0.0],[-79.45820454056971,-2.663575722352991,0.0],[-79.45840493943032,-2.663152439856194,0.0],[-79.45860509714392,-2.662922977200832,0.0],[-79.45888353640076,-2.662887434958251,0.0],[-79.45971850380087,-2.663060769395043,0.0],[-79.45988289902094,-2.662888690749438,0.0],[-79.46015172167563,-2.663035915234196,0.0],[-79.46015218056101,-2.662666413895239,0.0],[-79.45934279947387,-2.662665397158529,0.0],[-79.45934313655724,-2.662394082403999,0.0],[-79.45853375595725,-2.662393065237322,0.0],[-79.45853409318305,-2.662121750585281,0.0],[-79.45880388662292,-2.662122089665536,0.0],[-79.45880422375527,-2.661850774977667,0.0],[-79.45934381062057,-2.661851452891097,0.0],[-79.45934414760052,-2.661580138132812,0.0],[-79.45907435420958,-2.661579799240335,0.0],[-79.45907469121401,-2.661308484515371,0.0],[-79.45961427791248,-2.66130916217186,0.0],[-79.45961495158215,-2.660766532579884,0.0],[-79.45934515833356,-2.660766193850454,0.0],[-79.45934482145702,-2.661037508612473,0.0],[-79.45853544174133,-2.661036491964791,0.0],[-79.45853510465349,-2.661307806621774,0.0],[-79.45826531142495,-2.66130746758606,0.0],[-79.45826497424368,-2.661578782207207,0.0],[-79.4577253877722,-2.661578103888706,0.0],[-79.45772572507137,-2.6613067893368,0.0],[-79.45745593194636,-2.661306450123256,0.0],[-79.45745626926997,-2.661035135604757,0.0],[-79.45718647623838,-2.66103479636657,0.0]]]]}},{"type":"Feature","properties":{"FID_tr_200":7,"FID_2000_d":2,"cov_gen":"FOREST","FID_2022_d":0,"cov_gen_1":"AGRO","old_gen":"FOREST","new_gen":"AGRO","area_ha":60.9259911885,"trans":"FOREST → AGRO","trans_grp":"PÉRDIDA_BOSQUE","FID_cacao_":5,"fcode":"EA010","descr":"PRODUCTO AGRICOLA, RESULTADO DE UN CONJUNTO DE TECNICAS Y CONOCIMIENTOS PARA CULTIVAR LA TIERRA","DPA_DESPRO":"AZUAY","DPA_DESCAN":"CUENCA","niv1":"TIERRA AGROPECUARIA","niv2":"CULTIVO","niv3":"CULTIVO PERMANENTE","niv4":"FRUTALES","niv5":"CACAO","LULC_std":"Cacao","label":"Cacao","cbt":"CACAO","uso":"AGRICOLA","tmp":"CULTIVO PERMANENTE","nal":"NO APLICABLE","tap":"MEDIANA","rie":"NO","spr":"MERCANTIL","sce":106.894415559,"usce":"HECTAREAS","txt":"EL CODIGO (fcode) Y LA DESCRIPCION (descr) CORRESPONDEN A LOS OBJETOS GEOGRAFICOS DEL ATRIBUTO niv2","simbologia":"CPuc: Cacao","SHAPE_Leng":9564.72280017,"apt_uso":1,"cob_suelo":"Cacao","cacao_sys":"Cacao_alim_sin50b","observ":null,"cob_label":"Cacao sin cultivos alimentarios próximos"},"geometry":{"type":"MultiPolygon","coordinates":[[[[-79.45774589987337,-2.645027913959767,0.0],[-79.45774522938136,-2.645570543210602,0.0],[-79.45747543966496,-2.645570206005567,0.0],[-79.45747476891772,-2.646112835182217,0.0],[-79.45666539962403,-2.646111823005708,0.0],[-79.45666506402281,-2.646383137488278,0.0],[-79.45720464363463,-2.646383812400843,0.0],[-79.45720457338403,-2.646440622332546,0.0],[-79.45749703731585,-2.646483886297184,0.0],[-79.45850894900092,-2.645946758845967,0.0],[-79.45865662775135,-2.645571681914008,0.0],[-79.45828480891768,-2.645571217443897,0.0],[-79.45828581425243,-2.644757273358074,0.0],[-79.45801602464279,-2.644756936374741,0.0],[-79.4580156895071,-2.64502825103663,0.0],[-79.45774589987337,-2.645027913959767,0.0]]],[[[-79.45693351129576,-2.647468733030454,0.0],[-79.45693384697645,-2.647197418518236,0.0],[-79.45639426708196,-2.647196743279881,0.0],[-79.45639393128398,-2.647468057722798,0.0],[-79.45693351129576,-2.647468733030454,0.0]]],[[[-79.45801118200336,-2.648674665426377,0.0],[-79.45811318285119,-2.648506616850737,0.0],[-79.45836321281661,-2.648351394572235,0.0],[-79.45854214083,-2.64796876191923,0.0],[-79.45832817225697,-2.647824922569634,0.0],[-79.45774267694546,-2.64763520864607,0.0],[-79.45774254603302,-2.647741060164652,0.0],[-79.45747275584769,-2.647740722682584,0.0],[-79.45747301718106,-2.647529449794708,0.0],[-79.45738353482984,-2.647469296073786,0.0],[-79.45693351129576,-2.647468733030454,0.0],[-79.45693317558053,-2.647740047541523,0.0],[-79.45720296569684,-2.647740385141541,0.0],[-79.45720263000574,-2.648011699685985,0.0],[-79.45801200073771,-2.648012712236078,0.0],[-79.45801118200336,-2.648674665426377,0.0]]],[[[-79.45639717672819,-2.648824636087188,0.0],[-79.45666204205796,-2.648824967775752,0.0],[-79.45666338549874,-2.647739709882533,0.0],[-79.4556828332117,-2.647738482163589,0.0],[-79.45594012722462,-2.647845402166316,0.0],[-79.45629648235273,-2.648294508179251,0.0],[-79.45639717672819,-2.648824636087188,0.0]]],[[[-79.45854753531638,-2.651284204177661,0.0],[-79.45896913350713,-2.651677758219779,0.0],[-79.45908710376588,-2.652485494521573,0.0],[-79.45903243493646,-2.652626346278068,0.0],[-79.45908545715177,-2.652626412663331,0.0],[-79.45908478531497,-2.653169042191188,0.0],[-79.45935457688135,-2.65316938001127,0.0],[-79.45932579355878,-2.653983289610504,0.0],[-79.45944205367493,-2.654071204785937,0.0],[-79.45970910876703,-2.654580021089557,0.0],[-79.45982689437635,-2.655537310089791,0.0],[-79.45908153222261,-2.655794927920831,0.0],[-79.45908142406238,-2.655882189756312,0.0],[-79.45854173659423,-2.655964792237628,0.0],[-79.45854150342468,-2.656152827927323,0.0],[-79.458271711315,-2.656152489549229,0.0],[-79.45827137478915,-2.65642380419387,0.0],[-79.45805730178103,-2.656423535630136,0.0],[-79.45800023597134,-2.657508724149821,0.0],[-79.45773044363642,-2.657508385480286,0.0],[-79.4577297699698,-2.658051014617491,0.0],[-79.45853914743122,-2.658052030656227,0.0],[-79.45853847397983,-2.65859465999617,0.0],[-79.45880826665369,-2.65859499862655,0.0],[-79.45880792993515,-2.658866313329321,0.0],[-79.45961730834034,-2.658867328968945,0.0],[-79.45961715139687,-2.658993844848839,0.0],[-79.45975190345459,-2.659066189201321,0.0],[-79.46014874433219,-2.657468864151271,0.0],[-79.46004010835314,-2.657386325909606,0.0],[-79.46147383423832,-2.653443347074727,0.0],[-79.46124278331072,-2.653443058135834,0.0],[-79.46124345427626,-2.652900428057281,0.0],[-79.46167105194145,-2.65290096264272,0.0],[-79.46178341997567,-2.65259192976161,0.0],[-79.46178437892503,-2.651815842175504,0.0],[-79.46205417054207,-2.651816179231965,0.0],[-79.4620548407421,-2.651273548931393,0.0],[-79.4617850492425,-2.651273211943995,0.0],[-79.46178531891181,-2.651054879888453,0.0],[-79.46146523789906,-2.650867769115971,0.0],[-79.46118038771935,-2.650317057057221,0.0],[-79.4610139772299,-2.650197206288492,0.0],[-79.46016940388452,-2.650100436253106,0.0],[-79.459967094998,-2.650148040670468,0.0],[-79.45955023917699,-2.650518411953409,0.0],[-79.45933604726332,-2.650554036349898,0.0],[-79.45817139432586,-2.64953561684725,0.0],[-79.45798155987632,-2.649116629824549,0.0],[-79.45795102113748,-2.648826581140799,0.0],[-79.45774120353072,-2.648826318612084,0.0],[-79.45774086781886,-2.649097633220859,0.0],[-79.45747107734024,-2.649097295565645,0.0],[-79.45747040569567,-2.649639924710233,0.0],[-79.45774019629167,-2.649640262434706,0.0],[-79.4577398604763,-2.649911577039778,0.0],[-79.4580096511655,-2.649911914739858,0.0],[-79.45800931537433,-2.650183229378319,0.0],[-79.45827910615671,-2.650183567053993,0.0],[-79.45827877038973,-2.650454881725855,0.0],[-79.45881835217537,-2.650455556969332,0.0],[-79.45881734501975,-2.651269501185107,0.0],[-79.45854753531638,-2.651284204177661,0.0]],[[-79.45962638287392,-2.651541828758749,0.0],[-79.45962671848524,-2.651270513918898,0.0],[-79.4593569272956,-2.651270176400021,0.0],[-79.4593575985323,-2.650727546785671,0.0],[-79.46070655423789,-2.650729233443776,0.0],[-79.46070554821192,-2.651543178382012,0.0],[-79.45962638287392,-2.651541828758749,0.0]]],[[[-79.4480151658762,-2.65971807525057,0.0],[-79.44801489094262,-2.659937973779436,0.0],[-79.44785089174644,-2.659937766396274,0.0],[-79.44756681512442,-2.660397302796011,0.0],[-79.44762573933237,-2.660846035210974,0.0],[-79.4478927879327,-2.661354852041454,0.0],[-79.4474724770958,-2.662199518296534,0.0],[-79.4474715728786,-2.66292173692237,0.0],[-79.44774136507635,-2.662922078538257,0.0],[-79.44774068566446,-2.663464705055217,0.0],[-79.44801047801492,-2.663465046681488,0.0],[-79.44801013831587,-2.663736359972981,0.0],[-79.44827993076005,-2.663736701574769,0.0],[-79.44827891163155,-2.66455064154629,0.0],[-79.44854870428748,-2.664550983193255,0.0],[-79.44854836456756,-2.664822296549427,0.0],[-79.4488181573172,-2.664822638171874,0.0],[-79.44881679832653,-2.665907891723528,0.0],[-79.44908659134703,-2.665908233425915,0.0],[-79.44908625157164,-2.666179546845547,0.0],[-79.4493560446859,-2.666179888523374,0.0],[-79.44935570493486,-2.666451201976598,0.0],[-79.45043487797496,-2.66645256823327,0.0],[-79.45043419884131,-2.666995195414363,0.0],[-79.45016440541113,-2.666994853869695,0.0],[-79.45016406573323,-2.667266167423592,0.0],[-79.44989427227866,-2.667265825784721,0.0],[-79.4499397058823,-2.668224164201992,0.0],[-79.45026770655844,-2.668080240633048,0.0],[-79.45016304649145,-2.668080108077828,0.0],[-79.45016338627339,-2.667808794527659,0.0],[-79.4504331798808,-2.667809136176709,0.0],[-79.45043385922249,-2.667266509003055,0.0],[-79.45057940095803,-2.667266693245482,0.0],[-79.45069943216656,-2.665774853920603,0.0],[-79.45062848438914,-2.665367557048275,0.0],[-79.4504362358262,-2.665367313856128,0.0],[-79.45043657520232,-2.665096000258741,0.0],[-79.44989698920332,-2.665095317597153,0.0],[-79.44989732866283,-2.664824004068118,0.0],[-79.44962753577441,-2.664823662683089,0.0],[-79.44962889350164,-2.663738408693758,0.0],[-79.44989868615404,-2.663738749939565,0.0],[-79.44989902544013,-2.663467436404307,0.0],[-79.45016881806822,-2.663467777555985,0.0],[-79.45016915726065,-2.66319646398472,0.0],[-79.45046697341131,-2.663196840464765,0.0],[-79.45070893828114,-2.663040479575673,0.0],[-79.45070908154267,-2.66292583239842,0.0],[-79.45089908920198,-2.66292607249419,0.0],[-79.4516315718731,-2.66244519262602,0.0],[-79.45179382685176,-2.662081684514574,0.0],[-79.45186443256549,-2.661570720747059,0.0],[-79.45178994570678,-2.661570626734567,0.0],[-79.45179062286414,-2.661027999156043,0.0],[-79.45198332337378,-2.661028242311327,0.0],[-79.45206075367196,-2.660757025753768,0.0],[-79.45260058578069,-2.660559271033381,0.0],[-79.45260067665335,-2.660486392457029,0.0],[-79.45314036147069,-2.660406739093061,0.0],[-79.4531409376311,-2.659944444814529,0.0],[-79.45341072990855,-2.659944784802865,0.0],[-79.45341106794325,-2.659673470798344,0.0],[-79.4539506524841,-2.659674150527845,0.0],[-79.45395002198873,-2.66018035396573,0.0],[-79.45448956153064,-2.660217458305878,0.0],[-79.45448946605705,-2.660294128093241,0.0],[-79.45477806356006,-2.660489136193138,0.0],[-79.45529860147086,-2.660489791553473,0.0],[-79.45529927681919,-2.659947163062331,0.0],[-79.45502948429964,-2.659946823488718,0.0],[-79.45502982198087,-2.659675509275964,0.0],[-79.4547600295548,-2.659675169677794,0.0],[-79.45476138016964,-2.658589912953121,0.0],[-79.45449158801375,-2.658589573434496,0.0],[-79.4544919256399,-2.658318259284987,0.0],[-79.45395234154958,-2.658317580139502,0.0],[-79.4539526792589,-2.658046266058098,0.0],[-79.45368288732452,-2.658045926431254,0.0],[-79.45368558822457,-2.655875414013306,0.0],[-79.45341579679558,-2.655875074605023,0.0],[-79.45341613431121,-2.655603760581932,0.0],[-79.45298926090483,-2.655603223492208,0.0],[-79.45286657625492,-2.655947319116046,0.0],[-79.4528122192529,-2.656959572536481,0.0],[-79.45287486316208,-2.656959651413148,0.0],[-79.45287317378414,-2.658316221138012,0.0],[-79.4531429656736,-2.6583165609772,0.0],[-79.45314195180809,-2.65913050290143,0.0],[-79.45287215974197,-2.659130162958045,0.0],[-79.45287148354079,-2.659672790831885,0.0],[-79.45206210719677,-2.659671770437896,0.0],[-79.45206143050363,-2.66021439809831,0.0],[-79.45179163834038,-2.660214057778987,0.0],[-79.45179197676318,-2.659942743984156,0.0],[-79.45125239265846,-2.659942063237287,0.0],[-79.45125306963578,-2.659399435782955,0.0],[-79.4509832777532,-2.6593990953902,0.0],[-79.45098404243902,-2.658786138742452,0.0],[-79.45084045711026,-2.658846090980244,0.0],[-79.44974001428578,-2.658814791556723,0.0],[-79.44851989117224,-2.659351640194674,0.0],[-79.44813297414903,-2.659560524883767,0.0],[-79.4480151658762,-2.65971807525057,0.0]]],[[[-79.4555704194196,-2.658862245440803,0.0],[-79.45584021177264,-2.658862584757235,0.0],[-79.45584054913894,-2.658591270435459,0.0],[-79.45557075684479,-2.658590931153698,0.0],[-79.4555704194196,-2.658862245440803,0.0]]],[[[-79.45664732078944,-2.660687992699263,0.0],[-79.45704015238333,-2.660427657428211,0.0],[-79.45772704518482,-2.660244657875455,0.0],[-79.4577274110496,-2.659950216558766,0.0],[-79.4579972039145,-2.659950555539916,0.0],[-79.45799787794643,-2.659407926350765,0.0],[-79.45772808519935,-2.659407587438863,0.0],[-79.45772842222244,-2.659136272877079,0.0],[-79.45799821491063,-2.659136611754357,0.0],[-79.45799855184033,-2.658865297156694,0.0],[-79.45718917405601,-2.658864280451064,0.0],[-79.4571874881789,-2.660220852907548,0.0],[-79.45691769535863,-2.660220513714017,0.0],[-79.45691735802072,-2.660491828166938,0.0],[-79.45664756517607,-2.660491488879507,0.0],[-79.45664732078944,-2.660687992699263,0.0]]]]}},{"type":"Feature","properties":{"FID_tr_200":7,"FID_2000_d":2,"cov_gen":"FOREST","FID_2022_d":0,"cov_gen_1":"AGRO","old_gen":"FOREST","new_gen":"AGRO","area_ha":0.421464928488,"trans":"FOREST → AGRO","trans_grp":"PÉRDIDA_BOSQUE","FID_cacao_":6,"fcode":"EA010","descr":"PRODUCTO AGRICOLA, RESULTADO DE UN CONJUNTO DE TECNICAS Y CONOCIMIENTOS PARA CULTIVAR LA TIERRA","DPA_DESPRO":"GUAYAS","DPA_DESCAN":"NARANJAL","niv1":"TIERRA AGROPECUARIA","niv2":"CULTIVO","niv3":"CULTIVO PERMANENTE","niv4":"FRUTALES","niv5":"CACAO","LULC_std":"Cacao","label":"Cacao","cbt":"CACAO","uso":"AGRICOLA","tmp":"CULTIVO PERMANENTE","nal":"NO APLICABLE","tap":"MEDIANA","rie":"NO","spr":"MERCANTIL","sce":0.42662021275,"usce":"HECTAREAS","txt":"EL CODIGO (fcode) Y LA DESCRIPCION (descr) CORRESPONDEN A LOS OBJETOS GEOGRAFICOS DEL ATRIBUTO niv2","simbologia":"CPuc: Cacao","SHAPE_Leng":459.37036977,"apt_uso":1,"cob_suelo":"Cacao","cacao_sys":"Cacao_alim_sin50b","observ":null,"cob_label":"Cacao sin cultivos alimentarios próximos"},"geometry":{"type":"Polygon","coordinates":[[[-79.46014874433219,-2.657468864151271,0.0],[-79.46042937701294,-2.656697824758965,0.0],[-79.46049617905469,-2.656697908448601,0.0],[-79.46069707621437,-2.656322520355852,0.0],[-79.46075700630458,-2.655963667768532,0.0],[-79.46070897859329,-2.655546830122868,0.0],[-79.46004010835314,-2.657386325909606,0.0],[-79.46014874433219,-2.657468864151271,0.0]]]}},{"type":"Feature","properties":{"FID_tr_200":7,"FID_2000_d":2,"cov_gen":"FOREST","FID_2022_d":0,"cov_gen_1":"AGRO","old_gen":"FOREST","new_gen":"AGRO","area_ha":156.07597719,"trans":"FOREST → AGRO","trans_grp":"PÉRDIDA_BOSQUE","FID_cacao_":8,"fcode":"EA010","descr":"PRODUCTO AGRICOLA, RESULTADO DE UN CONJUNTO DE TECNICAS Y CONOCIMIENTOS PARA CULTIVAR LA TIERRA","DPA_DESPRO":"GUAYAS","DPA_DESCAN":"NARANJAL","niv1":"TIERRA AGROPECUARIA","niv2":"CULTIVO","niv3":"CULTIVO PERMANENTE","niv4":"FRUTALES","niv5":"CACAO","LULC_std":"Cacao","label":"Cacao","cbt":"CACAO","uso":"AGRICOLA","tmp":"CULTIVO PERMANENTE","nal":"NO APLICABLE","tap":"PEQUENA","rie":"SI","spr":"MERCANTIL","sce":168.993736371,"usce":"HECTAREAS","txt":"EL CODIGO (fcode) Y LA DESCRIPCION (descr) CORRESPONDEN A LOS OBJETOS GEOGRAFICOS DEL ATRIBUTO niv2","simbologia":"CPuc: Cacao","SHAPE_Leng":6725.08203104,"apt_uso":1,"cob_suelo":"Cacao","cacao_sys":"Cacao_alim_sin50b","observ":null,"cob_label":"Cacao sin cultivos alimentarios próximos"},"geometry":{"type":"MultiPolygon","coordinates":[[[[-79.48821780573233,-2.629128798281664,0.0],[-79.48663260687233,-2.629327183785491,0.0],[-79.48663227987629,-2.629598502153054,0.0],[-79.48609270005515,-2.629597844304748,0.0],[-79.48607113365708,-2.629869136701017,0.0],[-79.48677250088065,-2.631616826257443,0.0],[-79.48677166959487,-2.632305976736774,0.0],[-79.48658060099253,-2.632899179196033,0.0],[-79.48618032878102,-2.633338981135799,0.0],[-79.4860084559905,-2.633798205110709,0.0],[-79.48600713792993,-2.63488935945657,0.0],[-79.48617679061097,-2.636267868375445,0.0],[-79.48672080670633,-2.636980883358409,0.0],[-79.48674627669084,-2.63757029387733,0.0],[-79.48695538795194,-2.637800266072407,0.0],[-79.48716196300794,-2.637800518592963,0.0],[-79.48716203770715,-2.637738712261915,0.0],[-79.48824120502637,-2.637740030861512,0.0],[-79.48824108116244,-2.637842588574284,0.0],[-79.48844007573761,-2.63785951029538,0.0],[-79.48927417306184,-2.63751230788449,0.0],[-79.48931906283838,-2.638826623189795,0.0],[-79.48877947837306,-2.638825964206153,0.0],[-79.48877898854794,-2.639231486942725,0.0],[-79.48893307692416,-2.639448989034876,0.0],[-79.48917327447474,-2.640183040383207,0.0],[-79.48931742451738,-2.640183216498143,0.0],[-79.48931709675179,-2.640454535156076,0.0],[-79.48958688938595,-2.640454864763218,0.0],[-79.48958721709306,-2.640183546071369,0.0],[-79.49012680234577,-2.640184205041393,0.0],[-79.49012712990216,-2.63991288628044,0.0],[-79.49039692252072,-2.63991321564334,0.0],[-79.49039626749115,-2.640455853231746,0.0],[-79.49147543877092,-2.64045717036637,0.0],[-79.49147519140311,-2.640662211485478,0.0],[-79.4917486538987,-2.640830730590954,0.0],[-79.4917286481372,-2.641634717684824,0.0],[-79.49218485217807,-2.642171282130105,0.0],[-79.49267958900921,-2.642325031121887,0.0],[-79.49336170064724,-2.642358707215699,0.0],[-79.49336235486221,-2.641816068899513,0.0],[-79.49390194176175,-2.641816726628721,0.0],[-79.49394217946927,-2.64243778288707,0.0],[-79.49402443402565,-2.641889499131592,0.0],[-79.49422429314109,-2.641489907928801,0.0],[-79.49406549216536,-2.640579346585843,0.0],[-79.49449456082361,-2.640125499063242,0.0],[-79.49460690391655,-2.639437207259081,0.0],[-79.49484121890754,-2.639026623867625,0.0],[-79.49578360098664,-2.638369923408259,0.0],[-79.49601175054546,-2.638552017624277,0.0],[-79.49595799368579,-2.638735009100211,0.0],[-79.49603994988406,-2.638846377924833,0.0],[-79.4965072109742,-2.639094610334823,0.0],[-79.49672490715406,-2.639112821810395,0.0],[-79.49715882810317,-2.638578143118953,0.0],[-79.49780872533921,-2.6388557530071,0.0],[-79.49802787303213,-2.638434240144559,0.0],[-79.49828476487593,-2.638258370180658,0.0],[-79.49841310461701,-2.638022427602514,0.0],[-79.49843465305183,-2.637850746042236,0.0],[-79.49822144484564,-2.637668048043708,0.0],[-79.4982324636673,-2.637378304119689,0.0],[-79.49809404505477,-2.637120574663023,0.0],[-79.49809461143491,-2.636648378773637,0.0],[-79.49771070185635,-2.636433278027356,0.0],[-79.49783861995711,-2.636023747938006,0.0],[-79.49759443143729,-2.63568007172292,0.0],[-79.4972411443199,-2.634887117241838,0.0],[-79.49715233826954,-2.6338739908629,0.0],[-79.49705408554017,-2.633539153228616,0.0],[-79.49667552856037,-2.632820871919026,0.0],[-79.49650225254594,-2.632128524546175,0.0],[-79.49595101466706,-2.630671953516873,0.0],[-79.49537073247396,-2.629663387281453,0.0],[-79.49542291653152,-2.62919271055846,0.0],[-79.49574171037364,-2.628449861132299,0.0],[-79.49616091518459,-2.627064647262924,0.0],[-79.49618218193515,-2.626352005873794,0.0],[-79.49654124398342,-2.626000719025267,0.0],[-79.49670565888478,-2.625681121959451,0.0],[-79.49657608811914,-2.625138867883731,0.0],[-79.49663597649636,-2.624748890599616,0.0],[-79.4959540392487,-2.624118837214857,0.0],[-79.4953516431666,-2.623780601349555,0.0],[-79.49527252496728,-2.623803526380236,0.0],[-79.49527239611027,-2.623911287119491,0.0],[-79.4950265661057,-2.623910989790242,0.0],[-79.49478543571477,-2.624055582875483,0.0],[-79.49432162227237,-2.624543397192281,0.0],[-79.49338164392863,-2.625766185499086,0.0],[-79.49338126844334,-2.626079555597088,0.0],[-79.49311147842783,-2.626079228606334,0.0],[-79.49311082800669,-2.626621866996928,0.0],[-79.49338061813852,-2.62662219405534,0.0],[-79.49337996769889,-2.627164832508706,0.0],[-79.49364975798079,-2.627165159576258,0.0],[-79.4936494327686,-2.627436478834957,0.0],[-79.49337964242851,-2.627436151733582,0.0],[-79.49337899178661,-2.627978790179634,0.0],[-79.49283941097475,-2.627978135665979,0.0],[-79.49283843440982,-2.628792093122897,0.0],[-79.49229885338352,-2.628791438172027,0.0],[-79.49229917905532,-2.628520119088631,0.0],[-79.49202938865099,-2.628519791559216,0.0],[-79.49203134232269,-2.626891877236302,0.0],[-79.49176155230131,-2.626891549851495,0.0],[-79.49176122671552,-2.627162868874493,0.0],[-79.49149143666969,-2.627162541397308,0.0],[-79.49149158918048,-2.627035476458545,0.0],[-79.49123699421787,-2.627380875195229,0.0],[-79.4912177059061,-2.627591425433938,0.0],[-79.4906082803873,-2.627839546500025,0.0],[-79.48974211959198,-2.627886350935215,0.0],[-79.48949605526417,-2.628073558619663,0.0],[-79.48934186292034,-2.628316584282809,0.0],[-79.48860831535242,-2.628889985658751,0.0],[-79.48821780573233,-2.629128798281664,0.0]],[[-79.48986943531453,-2.629873763096366,0.0],[-79.48986910894978,-2.630145081868729,0.0],[-79.48959931849988,-2.630144753608922,0.0],[-79.48959670589944,-2.632315303472632,0.0],[-79.4893269150171,-2.632314974882926,0.0],[-79.48932724176872,-2.632043656188192,0.0],[-79.48905745097848,-2.632043327573772,0.0],[-79.48905810449692,-2.631500690248406,0.0],[-79.4879789421404,-2.631499375475937,0.0],[-79.48797861516492,-2.631770694003491,0.0],[-79.48770882460207,-2.631770365129885,0.0],[-79.48770947863576,-2.631227728141472,0.0],[-79.48743968822329,-2.631227399277157,0.0],[-79.48744001524767,-2.630956080815045,0.0],[-79.48717022492731,-2.630955751926083,0.0],[-79.48717055197612,-2.630684433496728,0.0],[-79.48690076174788,-2.630684104583133,0.0],[-79.48690141586047,-2.630141467788671,0.0],[-79.48798057651034,-2.630142782819793,0.0],[-79.48798090328285,-2.629871464284914,0.0],[-79.48986943531453,-2.629873763096366,0.0]]],[[[-79.48893463707209,-2.638283515687027,0.0],[-79.48904992579749,-2.638283656463263,0.0],[-79.4890500433921,-2.638186253950848,0.0],[-79.48901065101424,-2.638262211384032,0.0],[-79.48893463707209,-2.638283515687027,0.0]]],[[[-79.48927291463944,-2.641765720015725,0.0],[-79.48931545741681,-2.641811128427601,0.0],[-79.48931623103422,-2.641171026577088,0.0],[-79.48927291463944,-2.641765720015725,0.0]]]]}},{"type":"Feature","properties":{"FID_tr_200":7,"FID_2000_d":2,"cov_gen":"FOREST","FID_2022_d":0,"cov_gen_1":"AGRO","old_gen":"FOREST","new_gen":"AGRO","area_ha":5.82095256897,"trans":"FOREST → AGRO","trans_grp":"PÉRDIDA_BOSQUE","FID_cacao_":9,"fcode":"EA010","descr":"PRODUCTO AGRICOLA, RESULTADO DE UN CONJUNTO DE TECNICAS Y CONOCIMIENTOS PARA CULTIVAR LA TIERRA","DPA_DESPRO":"GUAYAS","DPA_DESCAN":"NARANJAL","niv1":"TIERRA AGROPECUARIA","niv2":"CULTIVO","niv3":"CULTIVO PERMANENTE","niv4":"FRUTALES","niv5":"CACAO","LULC_std":"Cacao","label":"Cacao","cbt":"CACAO","uso":"AGRICOLA","tmp":"CULTIVO PERMANENTE","nal":"NO APLICABLE","tap":"PEQUENA","rie":"SI","spr":"MERCANTIL","sce":15.973824367,"usce":"HECTAREAS","txt":"EL CODIGO (fcode) Y LA DESCRIPCION (descr) CORRESPONDEN A LOS OBJETOS GEOGRAFICOS DEL ATRIBUTO niv2","simbologia":"CPuc: Cacao","SHAPE_Leng":1347.58119785,"apt_uso":1,"cob_suelo":"Cacao","cacao_sys":"Cacao_alim_sin50b","observ":null,"cob_label":"Cacao sin cultivos alimentarios próximos"},"geometry":{"type":"Polygon","coordinates":[[[-79.50241095879514,-2.624655065263005,0.0],[-79.50278452669285,-2.627059401855094,0.0],[-79.50356206705077,-2.626925547977793,0.0],[-79.50355932071623,-2.621845326754064,0.0],[-79.50271451259506,-2.622630108687363,0.0],[-79.50292112121527,-2.622989993841669,0.0],[-79.50292073850085,-2.62331177354728,0.0],[-79.50216738330437,-2.623727288302319,0.0],[-79.5020919396196,-2.623859695147492,0.0],[-79.50235517021744,-2.62408715089825,0.0],[-79.50226076980829,-2.624333104365149,0.0],[-79.50241095879514,-2.624655065263005,0.0]]]}},{"type":"Feature","properties":{"FID_tr_200":7,"FID_2000_d":2,"cov_gen":"FOREST","FID_2022_d":0,"cov_gen_1":"AGRO","old_gen":"FOREST","new_gen":"AGRO","area_ha":2.51143552583,"trans":"FOREST → AGRO","trans_grp":"PÉRDIDA_BOSQUE","FID_cacao_":11,"fcode":"EA010","descr":"PRODUCTO AGRICOLA, RESULTADO DE UN CONJUNTO DE TECNICAS Y CONOCIMIENTOS PARA CULTIVAR LA TIERRA","DPA_DESPRO":"GUAYAS","DPA_DESCAN":"NARANJAL","niv1":"TIERRA AGROPECUARIA","niv2":"CULTIVO","niv3":"CULTIVO PERMANENTE","niv4":"FRUTALES","niv5":"CACAO","LULC_std":"Cacao","label":"Cacao","cbt":"CACAO","uso":"AGRICOLA","tmp":"CULTIVO PERMANENTE","nal":"NO APLICABLE","tap":"PEQUENA","rie":"NO","spr":"MERCANTIL","sce":21.0367157332,"usce":"HECTAREAS","txt":"EL CODIGO (fcode) Y LA DESCRIPCION (descr) CORRESPONDEN A LOS OBJETOS GEOGRAFICOS DEL ATRIBUTO niv2","simbologia":"CPuc: Cacao","SHAPE_Leng":2684.62778312,"apt_uso":1,"cob_suelo":"Cacao","cacao_sys":"Cacao_alim_sin50b","observ":null,"cob_label":"Cacao sin cultivos alimentarios próximos"},"geometry":{"type":"MultiPolygon","coordinates":[[[[-79.49765082598613,-2.640135356490592,0.0],[-79.49732815777956,-2.64024914043381,0.0],[-79.49737269071946,-2.64067958956807,0.0],[-79.4973106605587,-2.640735596030446,0.0],[-79.4974105644074,-2.640735717457088,0.0],[-79.49741089045217,-2.64046439778549,0.0],[-79.49768068409752,-2.640464725628156,0.0],[-79.49768101005017,-2.640193405921682,0.0],[-79.49795080367062,-2.640193733671804,0.0],[-79.49795047777646,-2.640465053412006,0.0],[-79.49822027148902,-2.640465381137039,0.0],[-79.49822020022927,-2.640524714611981,0.0],[-79.498282716918,-2.640458076169469,0.0],[-79.49825112848171,-2.640103890815381,0.0],[-79.49802725210998,-2.639918496273453,0.0],[-79.4979152506715,-2.639878116229317,0.0],[-79.49765082598613,-2.640135356490592,0.0]]],[[[-79.49701451963638,-2.64100655606033,0.0],[-79.49714044460033,-2.641006709158463,0.0],[-79.49714058590939,-2.640889154812311,0.0],[-79.49712146103376,-2.640906422475262,0.0],[-79.49701451963638,-2.64100655606033,0.0]]],[[[-79.49664827155091,-2.641548750647376,0.0],[-79.49686999841363,-2.641549020332693,0.0],[-79.49687048854375,-2.641141418182609,0.0],[-79.49674460206924,-2.641259290715475,0.0],[-79.49664827155091,-2.641548750647376,0.0]]],[[[-79.49821929378032,-2.641279340451607,0.0],[-79.49830741676297,-2.641279447516971,0.0],[-79.49821942481316,-2.64117026797096,0.0],[-79.49821929378032,-2.641279340451607,0.0]]],[[[-79.4984887617904,-2.641550988021762,0.0],[-79.49862824954657,-2.641551157477014,0.0],[-79.49848883044176,-2.641493838412973,0.0],[-79.4984887617904,-2.641550988021762,0.0]]],[[[-79.49657115226681,-2.641819976797063,0.0],[-79.4965998782804,-2.641820011743987,0.0],[-79.49660001148608,-2.641709272739873,0.0],[-79.49657115226681,-2.641819976797063,0.0]]],[[[-79.49621580255751,-2.642747663835654,0.0],[-79.49632888203517,-2.642818929758064,0.0],[-79.49632925526424,-2.642508811706562,0.0],[-79.49621580255751,-2.642747663835654,0.0]]],[[[-79.50226392977848,-2.643183492677664,0.0],[-79.50226360445141,-2.643454812943184,0.0],[-79.50199380959177,-2.643454485730468,0.0],[-79.50199352052877,-2.643695495192666,0.0],[-79.50228807683698,-2.643486932620064,0.0],[-79.50231861123557,-2.64318355898247,0.0],[-79.50226392977848,-2.643183492677664,0.0]]],[[[-79.501993441985,-2.643760978132688,0.0],[-79.50199283323383,-2.644268446418914,0.0],[-79.50145324326374,-2.644267791614993,0.0],[-79.50145291762692,-2.644539111774704,0.0],[-79.50118312263358,-2.644538784250743,0.0],[-79.50118279690464,-2.644810104375593,0.0],[-79.50091300188627,-2.644809776759069,0.0],[-79.50091267606523,-2.645081096849034,0.0],[-79.49983349609283,-2.645079785659125,0.0],[-79.49983382214823,-2.644808465703838,0.0],[-79.4996117137741,-2.64480819575561,0.0],[-79.49934766189166,-2.644929696684133,0.0],[-79.50172087134558,-2.646073365465144,0.0],[-79.50155757647974,-2.645294474981807,0.0],[-79.50168658434171,-2.644863909279692,0.0],[-79.50211550513197,-2.644347563122525,0.0],[-79.501993441985,-2.643760978132688,0.0]]]]}},{"type":"Feature","properties":{"FID_tr_200":7,"FID_2000_d":2,"cov_gen":"FOREST","FID_2022_d":0,"cov_gen_1":"AGRO","old_gen":"FOREST","new_gen":"AGRO","area_ha":7.44869864968,"trans":"FOREST → AGRO","trans_grp":"PÉRDIDA_BOSQUE","FID_cacao_":12,"fcode":"EA010","descr":"PRODUCTO AGRICOLA, RESULTADO DE UN CONJUNTO DE TECNICAS Y CONOCIMIENTOS PARA CULTIVAR LA TIERRA","DPA_DESPRO":"GUAYAS","DPA_DESCAN":"NARANJAL","niv1":"TIERRA AGROPECUARIA","niv2":"CULTIVO","niv3":"CULTIVO PERMANENTE","niv4":"FRUTALES","niv5":"CACAO","LULC_std":"Cacao","label":"Cacao","cbt":"CACAO","uso":"AGRICOLA","tmp":"CULTIVO PERMANENTE","nal":"NO APLICABLE","tap":"PEQUENA","rie":"NO","spr":"MERCANTIL","sce":12.4683196582,"usce":"HECTAREAS","txt":"EL CODIGO (fcode) Y LA DESCRIPCION (descr) CORRESPONDEN A LOS OBJETOS GEOGRAFICOS DEL ATRIBUTO niv2","simbologia":"CPuc: Cacao","SHAPE_Leng":2507.28937738,"apt_uso":1,"cob_suelo":"Cacao","cacao_sys":"Cacao_alim_sin50b","observ":null,"cob_label":"Cacao sin cultivos alimentarios próximos"},"geometry":{"type":"MultiPolygon","coordinates":[[[[-79.47568262084079,-2.633009295618505,0.0],[-79.47568206236608,-2.63346868769814,0.0],[-79.47522437208588,-2.634195495804674,0.0],[-79.47475561729274,-2.634467678759935,0.0],[-79.47448576852614,-2.634516052492848,0.0],[-79.47448549754638,-2.634738663480585,0.0],[-79.47475528708583,-2.634738995603314,0.0],[-79.47475497079155,-2.634998854735239,0.0],[-79.47556439081082,-2.634957906589364,0.0],[-79.47556465590883,-2.634739991619386,0.0],[-79.4758344455847,-2.63474032350737,0.0],[-79.47583510549761,-2.634197689545511,0.0],[-79.47610489509091,-2.634198021306376,0.0],[-79.47610522493788,-2.633926704289415,0.0],[-79.47637501450693,-2.633927035957394,0.0],[-79.47637534426147,-2.633655718904981,0.0],[-79.47691492338512,-2.633656381996531,0.0],[-79.47691558255863,-2.633113747751235,0.0],[-79.47718537205495,-2.633114079140632,0.0],[-79.47718601883629,-2.632581442732007,0.0],[-79.47691624159583,-2.632571113501006,0.0],[-79.47691644234334,-2.632405800880084,0.0],[-79.47682542427475,-2.6323598943172,0.0],[-79.47610201030855,-2.632473853403852,0.0],[-79.47587342156345,-2.632626704034717,0.0],[-79.47568262084079,-2.633009295618505,0.0]]],[[[-79.47259664101846,-2.635007653546274,0.0],[-79.47259631027639,-2.635278970113071,0.0],[-79.47232652089343,-2.635278637452262,0.0],[-79.47232619005881,-2.635549953983503,0.0],[-79.47205640065167,-2.635549621229694,0.0],[-79.47205606972449,-2.635820937725422,0.0],[-79.47188148252103,-2.63582072233898,0.0],[-79.47145274251186,-2.636640937551638,0.0],[-79.4704243688397,-2.63709905831863,0.0],[-79.47016566312281,-2.637358589467941,0.0],[-79.47016555568977,-2.637446504071682,0.0],[-79.47043534526625,-2.637446837476828,0.0],[-79.47043468219806,-2.637989470037999,0.0],[-79.47076260470884,-2.637989875287792,0.0],[-79.4709745931217,-2.637718820460749,0.0],[-79.47178457280303,-2.637219828737698,0.0],[-79.47178528713134,-2.636634554255504,0.0],[-79.47205507673783,-2.636634887205248,0.0],[-79.47205474567392,-2.636906203696069,0.0],[-79.47232453537299,-2.636906536621386,0.0],[-79.47232486637851,-2.636635220096263,0.0],[-79.47280751196162,-2.636635815481702,0.0],[-79.47286477661693,-2.636364569107141,0.0],[-79.47294273720779,-2.636364665247218,0.0],[-79.47305216862746,-2.636145235979446,0.0],[-79.47340496307184,-2.635867174528127,0.0],[-79.4734056786302,-2.635279967743311,0.0],[-79.47313588914476,-2.635279635258595,0.0],[-79.47313621977013,-2.635008318623225,0.0],[-79.47259664101846,-2.635007653546274,0.0]]]]}},{"type":"Feature","properties":{"FID_tr_200":7,"FID_2000_d":2,"cov_gen":"FOREST","FID_2022_d":0,"cov_gen_1":"AGRO","old_gen":"FOREST","new_gen":"AGRO","area_ha":14.2126965953,"trans":"FOREST → AGRO","trans_grp":"PÉRDIDA_BOSQUE","FID_cacao_":13,"fcode":"EA010","descr":"PRODUCTO AGRICOLA, RESULTADO DE UN CONJUNTO DE TECNICAS Y CONOCIMIENTOS PARA CULTIVAR LA TIERRA","DPA_DESPRO":"GUAYAS","DPA_DESCAN":"NARANJAL","niv1":"TIERRA AGROPECUARIA","niv2":"CULTIVO","niv3":"CULTIVO PERMANENTE","niv4":"FRUTALES","niv5":"CACAO","LULC_std":"Cacao","label":"Cacao","cbt":"CACAO","uso":"AGRICOLA","tmp":"CULTIVO PERMANENTE","nal":"NO APLICABLE","tap":"PEQUENA","rie":"NO","spr":"MERCANTIL","sce":142.971866984,"usce":"HECTAREAS","txt":"EL CODIGO (fcode) Y LA DESCRIPCION (descr) CORRESPONDEN A LOS OBJETOS GEOGRAFICOS DEL ATRIBUTO niv2","simbologia":"CPuc: Cacao","SHAPE_Leng":4003.5979071,"apt_uso":1,"cob_suelo":"Cacao","cacao_sys":"Cacao_alim_sin50b","observ":null,"cob_label":"Cacao sin cultivos alimentarios próximos"},"geometry":{"type":"Polygon","coordinates":[[[-79.50293101558984,-2.630485589514083,0.0],[-79.5026860186693,-2.630750289337482,0.0],[-79.50183882076675,-2.63093854918926,0.0],[-79.50181938901342,-2.631449588026193,0.0],[-79.50251447803498,-2.63254826506948,0.0],[-79.50249502354889,-2.633078232259446,0.0],[-79.50136224010016,-2.632995485502538,0.0],[-79.50121278312899,-2.633090878427476,0.0],[-79.50070468507965,-2.633019283967084,0.0],[-79.50157866852223,-2.6340424640182,0.0],[-79.50248217538412,-2.633986771276632,0.0],[-79.50262194647135,-2.635151027305931,0.0],[-79.50240991447902,-2.635392105367,0.0],[-79.50168849159262,-2.636640496254395,0.0],[-79.50167396742671,-2.636981186826246,0.0],[-79.50151828096176,-2.637321706521609,0.0],[-79.50126391577135,-2.637548537304298,0.0],[-79.50131833194395,-2.638202284975277,0.0],[-79.50096627334958,-2.638359130400196,0.0],[-79.50028140968212,-2.638013722690343,0.0],[-79.5002398699978,-2.636936867575511,0.0],[-79.49994011300426,-2.636893432311003,0.0],[-79.49981131436854,-2.637151708916519,0.0],[-79.50006689889327,-2.638314968430297,0.0],[-79.50032362002867,-2.638530640183133,0.0],[-79.50062332493815,-2.638617148552804,0.0],[-79.50075145379652,-2.638918808711273,0.0],[-79.50078903748859,-2.639383216569014,0.0],[-79.50172889290825,-2.639384355355664,0.0],[-79.50172986763168,-2.638570394701854,0.0],[-79.50146007389202,-2.638570067976934,0.0],[-79.50146137328767,-2.637484787222609,0.0],[-79.50173116679359,-2.63748511381296,0.0],[-79.50173181617342,-2.636942473361156,0.0],[-79.50200160959602,-2.636942799825484,0.0],[-79.50200193417724,-2.636671479564107,0.0],[-79.50281131447093,-2.636672458503791,0.0],[-79.50281099006493,-2.636943778866041,0.0],[-79.50335057721166,-2.636944431266052,0.0],[-79.50335025288898,-2.637215751694309,0.0],[-79.50356759393078,-2.637216014436424,0.0],[-79.50356405729347,-2.63062142010074,0.0],[-79.50340137510717,-2.630637582768576,0.0],[-79.50345840409976,-2.630164445348842,0.0],[-79.50287493456266,-2.630163741740914,0.0],[-79.50293101558984,-2.630485589514083,0.0]]]}},{"type":"Feature","properties":{"FID_tr_200":7,"FID_2000_d":2,"cov_gen":"FOREST","FID_2022_d":0,"cov_gen_1":"AGRO","old_gen":"FOREST","new_gen":"AGRO","area_ha":2.83997495846,"trans":"FOREST → AGRO","trans_grp":"PÉRDIDA_BOSQUE","FID_cacao_":14,"fcode":"EA010","descr":"PRODUCTO AGRICOLA, RESULTADO DE UN CONJUNTO DE TECNICAS Y CONOCIMIENTOS PARA CULTIVAR LA TIERRA","DPA_DESPRO":"GUAYAS","DPA_DESCAN":"NARANJAL","niv1":"TIERRA AGROPECUARIA","niv2":"CULTIVO","niv3":"CULTIVO PERMANENTE","niv4":"FRUTALES","niv5":"CACAO","LULC_std":"Cacao","label":"Cacao","cbt":"CACAO","uso":"AGRICOLA","tmp":"CULTIVO PERMANENTE","nal":"NO APLICABLE","tap":"PEQUENA","rie":"NO","spr":"MERCANTIL","sce":6.29429652404,"usce":"HECTAREAS","txt":"EL CODIGO (fcode) Y LA DESCRIPCION (descr) CORRESPONDEN A LOS OBJETOS GEOGRAFICOS DEL ATRIBUTO niv2","simbologia":"CPuc: Cacao","SHAPE_Leng":1235.03369875,"apt_uso":1,"cob_suelo":"Cacao","cacao_sys":"Cacao_alim_sin50b","observ":null,"cob_label":"Cacao sin cultivos alimentarios próximos"},"geometry":{"type":"MultiPolygon","coordinates":[[[[-79.47988458426337,-2.632032119800335,0.0],[-79.47988491302148,-2.631760802295155,0.0],[-79.4801547026007,-2.631761132868766,0.0],[-79.48015503126652,-2.631489815328236,0.0],[-79.47988524174559,-2.631489484788751,0.0],[-79.47988557043568,-2.631218167281138,0.0],[-79.47907620225182,-2.631217175413412,0.0],[-79.47907653108274,-2.630945858006954,0.0],[-79.47799737421376,-2.630944534832777,0.0],[-79.47799704514975,-2.631215852102596,0.0],[-79.47772725595937,-2.631215521128372,0.0],[-79.4777263229249,-2.631984530494127,0.0],[-79.47795840777859,-2.631959316404411,0.0],[-79.47810168207153,-2.631528811554245,0.0],[-79.4785013509132,-2.631558013527023,0.0],[-79.47861510011519,-2.631931410280683,0.0],[-79.47861447329058,-2.632448226408647,0.0],[-79.47874988642197,-2.632573364194517,0.0],[-79.47907455758687,-2.632573762427223,0.0],[-79.47907488658791,-2.632302445026873,0.0],[-79.47934467618168,-2.632302775844633,0.0],[-79.4793450050904,-2.632031458408981,0.0],[-79.47988458426337,-2.632032119800335,0.0]]],[[[-79.47988458426337,-2.632032119800335,0.0],[-79.4798840420794,-2.632479512099276,0.0],[-79.48058571365814,-2.632032978861945,0.0],[-79.47988458426337,-2.632032119800335,0.0]]]]}},{"type":"Feature","properties":{"FID_tr_200":7,"FID_2000_d":2,"cov_gen":"FOREST","FID_2022_d":0,"cov_gen_1":"AGRO","old_gen":"FOREST","new_gen":"AGRO","area_ha":63.9754846812,"trans":"FOREST → AGRO","trans_grp":"PÉRDIDA_BOSQUE","FID_cacao_":15,"fcode":"EA010","descr":"PRODUCTO AGRICOLA, RESULTADO DE UN CONJUNTO DE TECNICAS Y CONOCIMIENTOS PARA CULTIVAR LA TIERRA","DPA_DESPRO":"GUAYAS","DPA_DESCAN":"NARANJAL","niv1":"TIERRA AGROPECUARIA","niv2":"CULTIVO","niv3":"CULTIVO PERMANENTE","niv4":"FRUTALES","niv5":"CACAO","LULC_std":"Cacao","label":"Cacao","cbt":"CACAO","uso":"AGRICOLA","tmp":"CULTIVO PERMANENTE","nal":"NO APLICABLE","tap":"PEQUENA","rie":"NO","spr":"MERCANTIL","sce":64.6827923743,"usce":"HECTAREAS","txt":"EL CODIGO (fcode) Y LA DESCRIPCION (descr) CORRESPONDEN A LOS OBJETOS GEOGRAFICOS DEL ATRIBUTO niv2","simbologia":"CPuc: Cacao","SHAPE_Leng":7062.40585098,"apt_uso":1,"cob_suelo":"Cacao","cacao_sys":"Cacao_alim_con50b","observ":null,"cob_label":"Cacao próximo a cultivos alimentarios"},"geometry":{"type":"Polygon","coordinates":[[[-79.49717185743354,-2.61474406615967,0.0],[-79.49717127747418,-2.615231338216957,0.0],[-79.49702768044075,-2.615231165334928,0.0],[-79.49674334051254,-2.615980622346972,0.0],[-79.4962896134786,-2.617670993663417,0.0],[-79.49628910196377,-2.618100031394694,0.0],[-79.49673982171853,-2.618933415319968,0.0],[-79.49681453544193,-2.619413019343712,0.0],[-79.49678889877757,-2.619867265052112,0.0],[-79.49656213879975,-2.620624119116051,0.0],[-79.49662523294401,-2.620657081962756,0.0],[-79.49662426154858,-2.621471040937963,0.0],[-79.4963539178272,-2.621934972941063,0.0],[-79.49635350024458,-2.622284674085948,0.0],[-79.49662328985043,-2.622284999902167,0.0],[-79.4966226418835,-2.622827639205596,0.0],[-79.49648640884355,-2.622827474654628,0.0],[-79.49655950491187,-2.622830473306122,0.0],[-79.49655897509882,-2.623274061927735,0.0],[-79.49695395978699,-2.623641466882921,0.0],[-79.49713195781226,-2.624024545289355,0.0],[-79.49743615323571,-2.624242620887836,0.0],[-79.49754867512007,-2.624583464353314,0.0],[-79.4980394958856,-2.624876771818055,0.0],[-79.49794234170191,-2.625162806857956,0.0],[-79.49822389447503,-2.625806705816171,0.0],[-79.4990185891167,-2.626318184505409,0.0],[-79.49921062863744,-2.626763071537836,0.0],[-79.49898486012951,-2.627441500340581,0.0],[-79.49862773379728,-2.627620536378834,0.0],[-79.49813904265608,-2.630062564693829,0.0],[-79.49831751393621,-2.630583227970243,0.0],[-79.49861926291258,-2.630941748453581,0.0],[-79.49880240963799,-2.630698788379465,0.0],[-79.49923571311876,-2.630358604657839,0.0],[-79.49901044274424,-2.629866198810133,0.0],[-79.4990671563203,-2.62965805707451,0.0],[-79.49925550761735,-2.629544715503569,0.0],[-79.49938719064208,-2.62960165930919,0.0],[-79.49946213754971,-2.62988567309296,0.0],[-79.50013887710708,-2.630586835026592,0.0],[-79.50017604525182,-2.630984372546591,0.0],[-79.50075935615494,-2.63111757502009,0.0],[-79.50119254668058,-2.63087203139778,0.0],[-79.50149685233013,-2.630872398906531,0.0],[-79.50145040858206,-2.630463297155719,0.0],[-79.5011001266341,-2.629579556590028,0.0],[-79.50125094019242,-2.629377838153981,0.0],[-79.50165246764769,-2.629378322767893,0.0],[-79.50222951152008,-2.629505206635477,0.0],[-79.50288208362761,-2.62943028072746,0.0],[-79.50348410370667,-2.62965814547317,0.0],[-79.50356342384285,-2.629443903921559,0.0],[-79.50356280462029,-2.628293908720956,0.0],[-79.50313424095087,-2.628421078639514,0.0],[-79.50310890522498,-2.628622949689581,0.0],[-79.50290793090929,-2.628799370753304,0.0],[-79.50082483076251,-2.628948283656768,0.0],[-79.50042438821252,-2.628039245512121,0.0],[-79.50248230110259,-2.627966015038417,0.0],[-79.50233272124314,-2.627132992214673,0.0],[-79.50203223823436,-2.626577402075706,0.0],[-79.5011046725125,-2.625768680037116,0.0],[-79.49982517120301,-2.625464285391484,0.0],[-79.50040332706111,-2.624657378298985,0.0],[-79.50027869247857,-2.623950574718294,0.0],[-79.50090670716446,-2.623421341190375,0.0],[-79.50133407796591,-2.622790915201176,0.0],[-79.50125945302172,-2.622235597546663,0.0],[-79.50136085587039,-2.621377639162135,0.0],[-79.49907980329024,-2.619179220443968,0.0],[-79.49867809922179,-2.619330162337689,0.0],[-79.49795115110912,-2.618647871164898,0.0],[-79.4981022031079,-2.618244251749934,0.0],[-79.49832842023902,-2.617941672905102,0.0],[-79.49873000268882,-2.617891680896153,0.0],[-79.49890584878867,-2.617740466882313,0.0],[-79.49890629928306,-2.617361903187724,0.0],[-79.49865594865987,-2.616856849311139,0.0],[-79.4985061585442,-2.616200491742046,0.0],[-79.49850675899513,-2.615695739927744,0.0],[-79.49830740851912,-2.614509333031878,0.0],[-79.49805657793236,-2.614408080316533,0.0],[-79.49878520585057,-2.613677066240781,0.0],[-79.49898572603529,-2.613879208471358,0.0],[-79.49976406333779,-2.613552053884251,0.0],[-79.50041707534959,-2.613098560575735,0.0],[-79.50064326059197,-2.612821218635387,0.0],[-79.50015741727215,-2.612673614175581,0.0],[-79.50021566015744,-2.612382554441591,0.0],[-79.4999610925637,-2.612230861105005,0.0],[-79.4996604981229,-2.611834564130532,0.0],[-79.49985777622894,-2.611473799958262,0.0],[-79.49984296637624,-2.611058657315549,0.0],[-79.49974924834994,-2.611000264323316,0.0],[-79.49903194427405,-2.611819169957109,0.0],[-79.49810156837783,-2.613382784409848,0.0],[-79.49762353169731,-2.614416950672586,0.0],[-79.49717185743354,-2.61474406615967,0.0]]]}},{"type":"Feature","properties":{"FID_tr_200":7,"FID_2000_d":2,"cov_gen":"FOREST","FID_2022_d":0,"cov_gen_1":"AGRO","old_gen":"FOREST","new_gen":"AGRO","area_ha":11.9357085633,"trans":"FOREST → AGRO","trans_grp":"PÉRDIDA_BOSQUE","FID_cacao_":16,"fcode":"EA010","descr":"PRODUCTO AGRICOLA, RESULTADO DE UN CONJUNTO DE TECNICAS Y CONOCIMIENTOS PARA CULTIVAR LA TIERRA","DPA_DESPRO":"AZUAY","DPA_DESCAN":"CUENCA","niv1":"TIERRA AGROPECUARIA","niv2":"CULTIVO","niv3":"CULTIVO PERMANENTE","niv4":"FRUTALES","niv5":"CACAO","LULC_std":"Cacao","label":"Cacao","cbt":"CACAO","uso":"AGRICOLA","tmp":"CULTIVO PERMANENTE","nal":"NO APLICABLE","tap":"MEDIANA","rie":"SI","spr":"MERCANTIL","sce":12.3824311418,"usce":"HECTAREAS","txt":"EL CODIGO (fcode) Y LA DESCRIPCION (descr) CORRESPONDEN A LOS OBJETOS GEOGRAFICOS DEL ATRIBUTO niv2","simbologia":"CPuc: Cacao","SHAPE_Leng":1684.31455321,"apt_uso":1,"cob_suelo":"Cacao","cacao_sys":"Cacao_alim_sin50b","observ":null,"cob_label":"Cacao sin cultivos alimentarios próximos"},"geometry":{"type":"Polygon","coordinates":[[[-79.45826889771344,-2.617059996119937,0.0],[-79.45805077657818,-2.617354150537008,0.0],[-79.45831947936895,-2.617354482687818,0.0],[-79.4583184844852,-2.618168427144958,0.0],[-79.4585882684178,-2.618168760677588,0.0],[-79.4585876324027,-2.618689061829967,0.0],[-79.45895690842535,-2.61869755948271,0.0],[-79.45906484609506,-2.618630943004577,0.0],[-79.45923752566031,-2.618817549164318,0.0],[-79.45918409815667,-2.619702839324545,0.0],[-79.45934091282963,-2.619884890458944,0.0],[-79.45962670464378,-2.619665101183964,0.0],[-79.45986075618224,-2.619685205532669,0.0],[-79.45987256831214,-2.619992029937544,0.0],[-79.46014594513261,-2.620195760338925,0.0],[-79.46064544153685,-2.620333967086286,0.0],[-79.4608358556865,-2.620280362483061,0.0],[-79.46097418012353,-2.620465722505075,0.0],[-79.4612342882731,-2.620370586838988,0.0],[-79.46134152025502,-2.620239112216181,0.0],[-79.4614072378002,-2.62000588998056,0.0],[-79.46137210211855,-2.619551203930608,0.0],[-79.4614864088877,-2.619245636548935,0.0],[-79.46197921013776,-2.61924686334936,0.0],[-79.46223520276668,-2.619073697224504,0.0],[-79.46228584205464,-2.61856957548241,0.0],[-79.46197064806053,-2.618626185584476,0.0],[-79.46193620147582,-2.61760678472045,0.0],[-79.46153640898507,-2.617656541987251,0.0],[-79.46144408680844,-2.617268784987481,0.0],[-79.46106584042309,-2.617210889908699,0.0],[-79.46090865383863,-2.617332731900835,0.0],[-79.46052347054861,-2.617109720854604,0.0],[-79.46030925068438,-2.617174063911862,0.0],[-79.46013813063824,-2.617015923566004,0.0],[-79.45863370793998,-2.616251602753858,0.0],[-79.45841169333028,-2.617031458399295,0.0],[-79.45826889771344,-2.617059996119937,0.0]]]}},{"type":"Feature","properties":{"FID_tr_200":7,"FID_2000_d":2,"cov_gen":"FOREST","FID_2022_d":0,"cov_gen_1":"AGRO","old_gen":"FOREST","new_gen":"AGRO","area_ha":17.077857683,"trans":"FOREST → AGRO","trans_grp":"PÉRDIDA_BOSQUE","FID_cacao_":17,"fcode":"EA010","descr":"PRODUCTO AGRICOLA, RESULTADO DE UN CONJUNTO DE TECNICAS Y CONOCIMIENTOS PARA CULTIVAR LA TIERRA","DPA_DESPRO":"AZUAY","DPA_DESCAN":"CUENCA","niv1":"TIERRA AGROPECUARIA","niv2":"CULTIVO","niv3":"CULTIVO PERMANENTE","niv4":"FRUTALES","niv5":"CACAO","LULC_std":"Cacao","label":"Cacao","cbt":"CACAO","uso":"AGRICOLA","tmp":"CULTIVO PERMANENTE","nal":"NO APLICABLE","tap":"MEDIANA","rie":"SI","spr":"MERCANTIL","sce":19.5467888751,"usce":"HECTAREAS","txt":"EL CODIGO (fcode) Y LA DESCRIPCION (descr) CORRESPONDEN A LOS OBJETOS GEOGRAFICOS DEL ATRIBUTO niv2","simbologia":"CPuc: Cacao","SHAPE_Leng":3797.13617278,"apt_uso":1,"cob_suelo":"Cacao","cacao_sys":"Cacao_alim_sin50b","observ":null,"cob_label":"Cacao sin cultivos alimentarios próximos"},"geometry":{"type":"Polygon","coordinates":[[[-79.44730156681861,-2.611083185562232,0.0],[-79.44732576330247,-2.61250744869177,0.0],[-79.44716062835906,-2.612896602337598,0.0],[-79.44716022254936,-2.613226814262366,0.0],[-79.44753033914394,-2.614088697588488,0.0],[-79.44754396210467,-2.614619925358519,0.0],[-79.44787119712342,-2.615524826712729,0.0],[-79.44783920105253,-2.618324412540765,0.0],[-79.44813228586061,-2.619483341154149,0.0],[-79.44799613292963,-2.619913883326307,0.0],[-79.44806404848339,-2.620326217635766,0.0],[-79.4483338315652,-2.620326553663048,0.0],[-79.44833483371741,-2.619512613089569,0.0],[-79.44968374877662,-2.619514291828231,0.0],[-79.44968341505069,-2.619785605528051,0.0],[-79.44995319822459,-2.619785941135555,0.0],[-79.449952864522,-2.620057254868975,0.0],[-79.44968308129006,-2.620056919226668,0.0],[-79.44968274749478,-2.62032823292403,0.0],[-79.44941296423946,-2.620327897188557,0.0],[-79.44941229642872,-2.620870524510033,0.0],[-79.44914251309203,-2.620870188646568,0.0],[-79.44914217907659,-2.621141502270626,0.0],[-79.44887239571653,-2.621141166313965,0.0],[-79.44887227666558,-2.621237845235485,0.0],[-79.44915795190569,-2.621279250865965,0.0],[-79.449593619875,-2.621078794768436,0.0],[-79.44965803919526,-2.620935303669179,0.0],[-79.4500938650946,-2.62060563410313,0.0],[-79.45012308822422,-2.620060101077942,0.0],[-79.44998829534555,-2.619385151590685,0.0],[-79.4498600583171,-2.6191839926379,0.0],[-79.44932490055632,-2.619025399563847,0.0],[-79.44913569624535,-2.618852754949858,0.0],[-79.44883549403403,-2.619392091919665,0.0],[-79.44869861634051,-2.619445761103262,0.0],[-79.44859166358572,-2.619349913827294,0.0],[-79.44858036337311,-2.618865349279916,0.0],[-79.44825372678598,-2.618440212513768,0.0],[-79.4484866761095,-2.61765684639371,0.0],[-79.44830280776293,-2.617225905844494,0.0],[-79.44833868122014,-2.617076397697974,0.0],[-79.44849344883293,-2.616986858532707,0.0],[-79.44856501265643,-2.61683739565198,0.0],[-79.44857157181279,-2.616340888364974,0.0],[-79.4483529320915,-2.615162141705246,0.0],[-79.44837690150376,-2.615018600287349,0.0],[-79.44863292255158,-2.614821509496461,0.0],[-79.44846077317719,-2.61453415404279,0.0],[-79.44846698644217,-2.614318805387633,0.0],[-79.44858019540261,-2.614163411677709,0.0],[-79.44878361788281,-2.614144066460687,0.0],[-79.44870722870164,-2.613795071700081,0.0],[-79.4489647481427,-2.613345536554954,0.0],[-79.44914100644765,-2.613192613066103,0.0],[-79.44927209551358,-2.613305328635109,0.0],[-79.44939319784196,-2.613207283151619,0.0],[-79.44950299386043,-2.612925063728806,0.0],[-79.44962203671471,-2.612862998219198,0.0],[-79.449774654582,-2.612585616929725,0.0],[-79.45000432552527,-2.61156176404223,0.0],[-79.45017562501327,-2.611571548398078,0.0],[-79.45045055165761,-2.611423322970848,0.0],[-79.45043341384549,-2.610901871019201,0.0],[-79.45008655458436,-2.610475514892849,0.0],[-79.45001578980253,-2.609972929783356,0.0],[-79.45007318752204,-2.609733716250276,0.0],[-79.4504354480197,-2.60924123860117,0.0],[-79.45053151780886,-2.608509146392948,0.0],[-79.45085557122806,-2.608148893059002,0.0],[-79.45045750918945,-2.608430891837218,0.0],[-79.44995825816288,-2.608998676850745,0.0],[-79.44951131745871,-2.610322045645043,0.0],[-79.44895294363428,-2.610628480787754,0.0],[-79.44852930945825,-2.610691442739686,0.0],[-79.44795199062014,-2.611120125827694,0.0],[-79.44757365065219,-2.61120674786156,0.0],[-79.44730156681861,-2.611083185562232,0.0]]]}},{"type":"Feature","properties":{"FID_tr_200":7,"FID_2000_d":2,"cov_gen":"FOREST","FID_2022_d":0,"cov_gen_1":"AGRO","old_gen":"FOREST","new_gen":"AGRO","area_ha":65.5996691444,"trans":"FOREST → AGRO","trans_grp":"PÉRDIDA_BOSQUE","FID_cacao_":18,"fcode":"EA010","descr":"PRODUCTO AGRICOLA, RESULTADO DE UN CONJUNTO DE TECNICAS Y CONOCIMIENTOS PARA CULTIVAR LA TIERRA","DPA_DESPRO":"AZUAY","DPA_DESCAN":"CUENCA","niv1":"TIERRA AGROPECUARIA","niv2":"CULTIVO","niv3":"CULTIVO PERMANENTE","niv4":"FRUTALES","niv5":"CACAO","LULC_std":"Cacao","label":"Cacao","cbt":"CACAO","uso":"AGRICOLA","tmp":"CULTIVO PERMANENTE","nal":"NO APLICABLE","tap":"MEDIANA","rie":"SI","spr":"MERCANTIL","sce":65.5996691443,"usce":"HECTAREAS","txt":"EL CODIGO (fcode) Y LA DESCRIPCION (descr) CORRESPONDEN A LOS OBJETOS GEOGRAFICOS DEL ATRIBUTO niv2","simbologia":"CPuc: Cacao","SHAPE_Leng":4468.74472384,"apt_uso":1,"cob_suelo":"Cacao","cacao_sys":"Cacao_alim_sin50b","observ":null,"cob_label":"Cacao sin cultivos alimentarios próximos"},"geometry":{"type":"Polygon","coordinates":[[[-79.42828705338262,-2.525908555948689,0.0],[-79.42329915075528,-2.528923562144718,0.0],[-79.42287035260256,-2.528640290628769,0.0],[-79.4219662088865,-2.52869661317959,0.0],[-79.42135694101371,-2.528868150601349,0.0],[-79.42121361870639,-2.528986565253531,0.0],[-79.42090900308179,-2.530368291125173,0.0],[-79.42245867022808,-2.532484181294851,0.0],[-79.42288404612486,-2.533574171890443,0.0],[-79.42465827711527,-2.535571050513994,0.0],[-79.42828642649059,-2.540473527049641,0.0],[-79.42828665278724,-2.535481596089667,0.0],[-79.42819753848772,-2.535485221448909,0.0],[-79.42717222233806,-2.53631315156891,0.0],[-79.42617431861456,-2.535130975544313,0.0],[-79.42828673384417,-2.533627111199269,0.0],[-79.42828705338262,-2.525908555948689,0.0]]]}},{"type":"Feature","properties":{"FID_tr_200":7,"FID_2000_d":2,"cov_gen":"FOREST","FID_2022_d":0,"cov_gen_1":"AGRO","old_gen":"FOREST","new_gen":"AGRO","area_ha":12.8310466871,"trans":"FOREST → AGRO","trans_grp":"PÉRDIDA_BOSQUE","FID_cacao_":19,"fcode":"EA010","descr":"PRODUCTO AGRICOLA, RESULTADO DE UN CONJUNTO DE TECNICAS Y CONOCIMIENTOS PARA CULTIVAR LA TIERRA","DPA_DESPRO":"AZUAY","DPA_DESCAN":"CUENCA","niv1":"TIERRA AGROPECUARIA","niv2":"CULTIVO","niv3":"CULTIVO PERMANENTE","niv4":"FRUTALES","niv5":"CACAO","LULC_std":"Cacao","label":"Cacao","cbt":"CACAO","uso":"AGRICOLA","tmp":"CULTIVO PERMANENTE","nal":"NO APLICABLE","tap":"MEDIANA","rie":"NO","spr":"MERCANTIL","sce":14.5237009446,"usce":"HECTAREAS","txt":"EL CODIGO (fcode) Y LA DESCRIPCION (descr) CORRESPONDEN A LOS OBJETOS GEOGRAFICOS DEL ATRIBUTO niv2","simbologia":"CPuc: Cacao","SHAPE_Leng":2095.21012015,"apt_uso":1,"cob_suelo":"Cacao","cacao_sys":"Cacao_alim_sin50b","observ":null,"cob_label":"Cacao sin cultivos alimentarios próximos"},"geometry":{"type":"Polygon","coordinates":[[[-79.45180362262754,-2.615019265125167,0.0],[-79.45159405897175,-2.615167361729939,0.0],[-79.45132229185721,-2.61559295194859,0.0],[-79.45148828204206,-2.61605258445557,0.0],[-79.4514453542349,-2.616133887509066,0.0],[-79.4513257735581,-2.616096722789172,0.0],[-79.45137854880932,-2.616283357594364,0.0],[-79.45182783019705,-2.616621306325065,0.0],[-79.4525343794212,-2.616715504200763,0.0],[-79.45265554108958,-2.616866404054389,0.0],[-79.45252794827385,-2.617075996310195,0.0],[-79.45292414416494,-2.617076487741521,0.0],[-79.45292480949756,-2.616533859481772,0.0],[-79.45400394128052,-2.61653519709425,0.0],[-79.45400327641154,-2.617077825631769,0.0],[-79.45373346156019,-2.617103386507598,0.0],[-79.45405419765032,-2.617191172569561,0.0],[-79.4541896356281,-2.617342090102992,0.0],[-79.45437321802982,-2.618979027289686,0.0],[-79.45449455609156,-2.618986355820638,0.0],[-79.45475171855449,-2.618828746834452,0.0],[-79.45553703509222,-2.618722041506652,0.0],[-79.45622265668395,-2.618421391081182,0.0],[-79.45676568357752,-2.617984171737598,0.0],[-79.4571731135491,-2.617525248113592,0.0],[-79.45722330844292,-2.617338667127747,0.0],[-79.45663696761713,-2.616324469824074,0.0],[-79.45646444396462,-2.616244793683943,0.0],[-79.45632806406093,-2.615891678552613,0.0],[-79.45583256825306,-2.616375019928868,0.0],[-79.45553981259864,-2.616453621980876,0.0],[-79.45526158780206,-2.616324063862286,0.0],[-79.45519050643829,-2.616079904654339,0.0],[-79.45502651628699,-2.615928951889338,0.0],[-79.45180362262754,-2.615019265125167,0.0]]]}},{"type":"Feature","properties":{"FID_tr_200":7,"FID_2000_d":2,"cov_gen":"FOREST","FID_2022_d":0,"cov_gen_1":"AGRO","old_gen":"FOREST","new_gen":"AGRO","area_ha":16.5611810554,"trans":"FOREST → AGRO","trans_grp":"PÉRDIDA_BOSQUE","FID_cacao_":20,"fcode":"EA010","descr":"PRODUCTO AGRICOLA, RESULTADO DE UN CONJUNTO DE TECNICAS Y CONOCIMIENTOS PARA CULTIVAR LA TIERRA","DPA_DESPRO":"AZUAY","DPA_DESCAN":"CUENCA","niv1":"TIERRA AGROPECUARIA","niv2":"CULTIVO","niv3":"CULTIVO PERMANENTE","niv4":"FRUTALES","niv5":"CACAO","LULC_std":"Cacao","label":"Cacao","cbt":"CACAO","uso":"AGRICOLA","tmp":"CULTIVO PERMANENTE","nal":"NO APLICABLE","tap":"MEDIANA","rie":"NO","spr":"MERCANTIL","sce":16.5611810554,"usce":"HECTAREAS","txt":"EL CODIGO (fcode) Y LA DESCRIPCION (descr) CORRESPONDEN A LOS OBJETOS GEOGRAFICOS DEL ATRIBUTO niv2","simbologia":"CPuc: Cacao","SHAPE_Leng":2115.07068339,"apt_uso":1,"cob_suelo":"Cacao","cacao_sys":"Cacao_alim_con50b","observ":null,"cob_label":"Cacao próximo a cultivos alimentarios"},"geometry":{"type":"Polygon","coordinates":[[[-79.46334734922632,-2.614996795974553,0.0],[-79.46637304526058,-2.616341542430262,0.0],[-79.46645130956844,-2.616726586667524,0.0],[-79.4666747888544,-2.616875218909127,0.0],[-79.46654109118059,-2.617248341460806,0.0],[-79.46659051894453,-2.617421112223709,0.0],[-79.46684432754984,-2.617336711140696,0.0],[-79.46689025527623,-2.617658997327414,0.0],[-79.46751368761547,-2.617032907803124,0.0],[-79.46799276405967,-2.616269378647629,0.0],[-79.4683598963488,-2.615343283440277,0.0],[-79.46841336678906,-2.61478063857494,0.0],[-79.46855553742984,-2.614414806950579,0.0],[-79.46886991808529,-2.614007234527397,0.0],[-79.46681224754508,-2.613207481483811,0.0],[-79.46679633458616,-2.613773019932258,0.0],[-79.46655001508927,-2.614309317860454,0.0],[-79.46550652269885,-2.613940133121128,0.0],[-79.4654397542399,-2.613354166460623,0.0],[-79.46347938543184,-2.612599031455862,0.0],[-79.46345696582506,-2.614293491977356,0.0],[-79.46334734922632,-2.614996795974553,0.0]]]}},{"type":"Feature","properties":{"FID_tr_200":7,"FID_2000_d":2,"cov_gen":"FOREST","FID_2022_d":0,"cov_gen_1":"AGRO","old_gen":"FOREST","new_gen":"AGRO","area_ha":13.6440075884,"trans":"FOREST → AGRO","trans_grp":"PÉRDIDA_BOSQUE","FID_cacao_":21,"fcode":"EA010","descr":"PRODUCTO AGRICOLA, RESULTADO DE UN CONJUNTO DE TECNICAS Y CONOCIMIENTOS PARA CULTIVAR LA TIERRA","DPA_DESPRO":"AZUAY","DPA_DESCAN":"CUENCA","niv1":"TIERRA AGROPECUARIA","niv2":"CULTIVO","niv3":"CULTIVO PERMANENTE","niv4":"FRUTALES","niv5":"CACAO","LULC_std":"Cacao","label":"Cacao","cbt":"CACAO","uso":"AGRICOLA","tmp":"CULTIVO PERMANENTE","nal":"NO APLICABLE","tap":"MEDIANA","rie":"NO","spr":"MERCANTIL","sce":13.6440075884,"usce":"HECTAREAS","txt":"EL CODIGO (fcode) Y LA DESCRIPCION (descr) CORRESPONDEN A LOS OBJETOS GEOGRAFICOS DEL ATRIBUTO niv2","simbologia":"CPuc: Cacao","SHAPE_Leng":1988.34125296,"apt_uso":1,"cob_suelo":"Cacao","cacao_sys":"Cacao_alim_sin50b","observ":null,"cob_label":"Cacao sin cultivos alimentarios próximos"},"geometry":{"type":"Polygon","coordinates":[[[-79.4509170177102,-2.608105362564943,0.0],[-79.45053151780886,-2.608509146392948,0.0],[-79.4504354480197,-2.60924123860117,0.0],[-79.45007318752204,-2.609733716250276,0.0],[-79.45001578980253,-2.609972929783356,0.0],[-79.45008655458436,-2.610475514892849,0.0],[-79.45043341384549,-2.610901871019201,0.0],[-79.45045055165761,-2.611423322970848,0.0],[-79.45017562501327,-2.611571548398078,0.0],[-79.45000432552527,-2.61156176404223,0.0],[-79.449774654582,-2.612585616929725,0.0],[-79.44962203671471,-2.612862998219198,0.0],[-79.44950299386043,-2.612925063728806,0.0],[-79.44939319784196,-2.613207283151619,0.0],[-79.44927209551358,-2.613305328635109,0.0],[-79.44914100644765,-2.613192613066103,0.0],[-79.4489647481427,-2.613345536554954,0.0],[-79.44870722870164,-2.613795071700081,0.0],[-79.44878278555174,-2.614268948557584,0.0],[-79.44902530051911,-2.614412820140234,0.0],[-79.44891556965202,-2.614642397296389,0.0],[-79.44965289824471,-2.614858668636842,0.0],[-79.45001024394469,-2.61449540030512,0.0],[-79.45023393662106,-2.614466963874883,0.0],[-79.45074294414732,-2.614606380004822,0.0],[-79.45082871153777,-2.614515558153121,0.0],[-79.4510148391932,-2.61407550563305,0.0],[-79.45152495560036,-2.613310427574956,0.0],[-79.45160633333116,-2.612918101122375,0.0],[-79.45180663155104,-2.612564208057043,0.0],[-79.45162994005607,-2.612099776529615,0.0],[-79.45163020384408,-2.611884421054843,0.0],[-79.45175546983494,-2.611597434236574,0.0],[-79.45184986422299,-2.610958174281368,0.0],[-79.45182194768546,-2.610743270447665,0.0],[-79.45154280884177,-2.610389980062569,0.0],[-79.45154898363822,-2.610204541607775,0.0],[-79.45192416718396,-2.609846078753734,0.0],[-79.45165179679604,-2.608822799495741,0.0],[-79.45167384301917,-2.608585620198999,0.0],[-79.4509170177102,-2.608105362564943,0.0]]]}},{"type":"Feature","properties":{"FID_tr_200":7,"FID_2000_d":2,"cov_gen":"FOREST","FID_2022_d":0,"cov_gen_1":"AGRO","old_gen":"FOREST","new_gen":"AGRO","area_ha":19.5652818848,"trans":"FOREST → AGRO","trans_grp":"PÉRDIDA_BOSQUE","FID_cacao_":22,"fcode":"EA010","descr":"PRODUCTO AGRICOLA, RESULTADO DE UN CONJUNTO DE TECNICAS Y CONOCIMIENTOS PARA CULTIVAR LA TIERRA","DPA_DESPRO":"AZUAY","DPA_DESCAN":"CUENCA","niv1":"TIERRA AGROPECUARIA","niv2":"CULTIVO","niv3":"CULTIVO PERMANENTE","niv4":"FRUTALES","niv5":"CACAO","LULC_std":"Cacao","label":"Cacao","cbt":"CACAO","uso":"AGRICOLA","tmp":"CULTIVO PERMANENTE","nal":"NO APLICABLE","tap":"MEDIANA","rie":"NO","spr":"MERCANTIL","sce":19.5652818848,"usce":"HECTAREAS","txt":"EL CODIGO (fcode) Y LA DESCRIPCION (descr) CORRESPONDEN A LOS OBJETOS GEOGRAFICOS DEL ATRIBUTO niv2","simbologia":"CPuc: Cacao","SHAPE_Leng":3067.82193792,"apt_uso":1,"cob_suelo":"Cacao","cacao_sys":"Cacao_alim_sin50b","observ":null,"cob_label":"Cacao sin cultivos alimentarios próximos"},"geometry":{"type":"Polygon","coordinates":[[[-79.44314540038334,-2.607443994190944,0.0],[-79.44192652908859,-2.60555167839869,0.0],[-79.44169310423086,-2.60560353991329,0.0],[-79.4411985150229,-2.605354070882178,0.0],[-79.44099071335248,-2.604071252235091,0.0],[-79.44072453740134,-2.603822066556309,0.0],[-79.43979213357132,-2.603591194998699,0.0],[-79.4388973991959,-2.603685794163419,0.0],[-79.43842120901427,-2.60395319846246,0.0],[-79.43821154841785,-2.604182647807415,0.0],[-79.43777271866297,-2.605024379339011,0.0],[-79.4375252479703,-2.605043212822136,0.0],[-79.43733514000263,-2.604851549376388,0.0],[-79.4375260973987,-2.604354078955788,0.0],[-79.4376604939133,-2.603416256318298,0.0],[-79.43739438984993,-2.603109642664842,0.0],[-79.43733775847578,-2.602726719288143,0.0],[-79.43762343939504,-2.602593076582562,0.0],[-79.43796593955301,-2.602689215925687,0.0],[-79.4382807935716,-2.603024400640432,0.0],[-79.43830478597975,-2.602479382263772,0.0],[-79.43796875207038,-2.602337473400529,0.0],[-79.43730269643058,-2.602217002249677,0.0],[-79.43696947758626,-2.602312300770111,0.0],[-79.43690953822987,-2.602683114844535,0.0],[-79.43664758003969,-2.602874214711544,0.0],[-79.43644042549172,-2.602798992842298,0.0],[-79.43642126645744,-2.603101250842873,0.0],[-79.43655178841883,-2.603376589544041,0.0],[-79.43642001259799,-2.604118202567554,0.0],[-79.43633487783023,-2.605625578902015,0.0],[-79.43645309734262,-2.606401131127612,0.0],[-79.43697660976277,-2.606176730790463,0.0],[-79.43731012582091,-2.605842150943159,0.0],[-79.43739319363152,-2.605631281890874,0.0],[-79.43754979066621,-2.605792268797448,0.0],[-79.43760902245076,-2.60599573397647,0.0],[-79.43794252024988,-2.60586405045532,0.0],[-79.43797618226444,-2.60596262233308,0.0],[-79.43863065321028,-2.605831832550165,0.0],[-79.43941558796402,-2.606024237169354,0.0],[-79.43980057372481,-2.605865882914094,0.0],[-79.4400593375291,-2.606297892057216,0.0],[-79.44009474758131,-2.606525254792194,0.0],[-79.43998682386334,-2.607219042042891,0.0],[-79.4401294199328,-2.607350826363399,0.0],[-79.44091432681796,-2.607567158709548,0.0],[-79.44175902624181,-2.607532317425412,0.0],[-79.44259165209147,-2.607641031356416,0.0],[-79.44297237121366,-2.607617576894357,0.0],[-79.44314540038334,-2.607443994190944,0.0]]]}},{"type":"Feature","properties":{"FID_tr_200":7,"FID_2000_d":2,"cov_gen":"FOREST","FID_2022_d":0,"cov_gen_1":"AGRO","old_gen":"FOREST","new_gen":"AGRO","area_ha":63.2080181411,"trans":"FOREST → AGRO","trans_grp":"PÉRDIDA_BOSQUE","FID_cacao_":23,"fcode":"EA010","descr":"PRODUCTO AGRICOLA, RESULTADO DE UN CONJUNTO DE TECNICAS Y CONOCIMIENTOS PARA CULTIVAR LA TIERRA","DPA_DESPRO":"AZUAY","DPA_DESCAN":"CUENCA","niv1":"TIERRA AGROPECUARIA","niv2":"CULTIVO","niv3":"CULTIVO PERMANENTE","niv4":"FRUTALES","niv5":"CACAO","LULC_std":"Cacao","label":"Cacao","cbt":"CACAO","uso":"AGRICOLA","tmp":"CULTIVO PERMANENTE","nal":"NO APLICABLE","tap":"MEDIANA","rie":"NO","spr":"MERCANTIL","sce":124.803747538,"usce":"HECTAREAS","txt":"EL CODIGO (fcode) Y LA DESCRIPCION (descr) CORRESPONDEN A LOS OBJETOS GEOGRAFICOS DEL ATRIBUTO niv2","simbologia":"CPuc: Cacao","SHAPE_Leng":10555.0120422,"apt_uso":1,"cob_suelo":"Cacao","cacao_sys":"Cacao_alim_sin50b","observ":null,"cob_label":"Cacao sin cultivos alimentarios próximos"},"geometry":{"type":"MultiPolygon","coordinates":[[[[-79.40413051252033,-2.58798503688091,0.0],[-79.40413017313112,-2.588256344753095,0.0],[-79.40359063216263,-2.588255661955328,0.0],[-79.4035902926231,-2.588526969754655,0.0],[-79.40332052213512,-2.588526628233466,0.0],[-79.40331950313028,-2.589340551516602,0.0],[-79.40358927379025,-2.589340893145317,0.0],[-79.40358825463598,-2.590154816525116,0.0],[-79.40331848380397,-2.590154474788874,0.0],[-79.40331780407452,-2.590697090297692,0.0],[-79.40304803316349,-2.590696748432069,0.0],[-79.4030476931878,-2.59096805614879,0.0],[-79.40277792225511,-2.590967714189616,0.0],[-79.40277758218635,-2.591239021869291,0.0],[-79.4033171242022,-2.591239705801637,0.0],[-79.40331610412588,-2.592053629048507,0.0],[-79.40304633292791,-2.592053287003643,0.0],[-79.40304667304648,-2.591781979291711,0.0],[-79.4025071308725,-2.591781295100518,0.0],[-79.4025057697247,-2.592866525654022,0.0],[-79.40196622723445,-2.592865840944991,0.0],[-79.40196588674333,-2.593137148508593,0.0],[-79.40169611549437,-2.593136806031583,0.0],[-79.40169577491008,-2.593408113558096,0.0],[-79.40115623240463,-2.593407428359048,0.0],[-79.40115589166972,-2.593678735812556,0.0],[-79.40088612041319,-2.593678393090501,0.0],[-79.40088646120554,-2.593407085672889,0.0],[-79.40061669004221,-2.593406742928975,0.0],[-79.40061600830688,-2.593949357691216,0.0],[-79.40007646585786,-2.59394867188647,0.0],[-79.40007612482164,-2.59421997919395,0.0],[-79.39980635359335,-2.594219636169003,0.0],[-79.39980737676697,-2.593405714350695,0.0],[-79.39845852202419,-2.593403998898441,0.0],[-79.39845783936988,-2.593946613085798,0.0],[-79.39818806841392,-2.593946269750164,0.0],[-79.39818670244561,-2.595031497966511,0.0],[-79.39791693129565,-2.595031154429256,0.0],[-79.39791658965653,-2.59530246144435,0.0],[-79.39737704734921,-2.595301774124517,0.0],[-79.39737738910327,-2.595030467181368,0.0],[-79.39710761806084,-2.595030123470736,0.0],[-79.3971079598365,-2.594758816562374,0.0],[-79.39656841797415,-2.594758129039716,0.0],[-79.39656875982887,-2.594486822202091,0.0],[-79.39629898900897,-2.594486478390083,0.0],[-79.39629762114498,-2.595571705589265,0.0],[-79.39683716328041,-2.595572393443476,0.0],[-79.39683579530237,-2.596657620911186,0.0],[-79.39629625270703,-2.596656932769001,0.0],[-79.39629565327424,-2.597132164143991,0.0],[-79.39769211509876,-2.596869409034734,0.0],[-79.39811979941871,-2.597329368985347,0.0],[-79.39824780870009,-2.597702806913536,0.0],[-79.39779005315975,-2.598448772777002,0.0],[-79.39629507465112,-2.597590814812726,0.0],[-79.3962948836951,-2.597742159929366,0.0],[-79.3960251122212,-2.597741815627507,0.0],[-79.396024769821,-2.598013122378575,0.0],[-79.39575499832543,-2.598012777982852,0.0],[-79.39575465583181,-2.598284084696679,0.0],[-79.39542303777625,-2.598283661222868,0.0],[-79.39534880624845,-2.598560510370901,0.0],[-79.39565666506176,-2.598826573845221,0.0],[-79.39575397073693,-2.598826698120709,0.0],[-79.39575386481927,-2.598910577604451,0.0],[-79.39602339986142,-2.59909834937065,0.0],[-79.39602329564714,-2.599180885128438,0.0],[-79.3961986504407,-2.599369880367231,0.0],[-79.396292829101,-2.59937000063353,0.0],[-79.39629273023368,-2.599448306727274,0.0],[-79.39676075241887,-2.599610352310555,0.0],[-79.39778956434836,-2.598836403533631,0.0],[-79.39821790062226,-2.598779522154637,0.0],[-79.39840297447562,-2.599181746319345,0.0],[-79.39845951507493,-2.599626876676229,0.0],[-79.39912997424993,-2.600015363204052,0.0],[-79.39971403834511,-2.600992364993725,0.0],[-79.39979789438996,-2.600939035364452,0.0],[-79.39979849855952,-2.600459703080229,0.0],[-79.40046992590695,-2.600460558771758,0.0],[-79.40077154628582,-2.600103595396918,0.0],[-79.40112839771386,-2.600132763302114,0.0],[-79.40154258603881,-2.599975366882503,0.0],[-79.40161492097013,-2.599214551480251,0.0],[-79.40095855614139,-2.598969651977856,0.0],[-79.40064496515933,-2.598595977505091,0.0],[-79.40007566336851,-2.597231363327786,0.0],[-79.3998626873783,-2.59631226165175,0.0],[-79.40012002507255,-2.596011097491024,0.0],[-79.4006058234231,-2.595667154554068,0.0],[-79.40090544562294,-2.595796745914512,0.0],[-79.4008620778347,-2.596227392866255,0.0],[-79.40067602698718,-2.596600431469905,0.0],[-79.40063267699183,-2.597016721661452,0.0],[-79.40108932921123,-2.597146512973092,0.0],[-79.4014605275596,-2.597118271682954,0.0],[-79.40180342774204,-2.596888999409512,0.0],[-79.40206081864552,-2.596544765468461,0.0],[-79.40258908285293,-2.596488008997909,0.0],[-79.40277428574474,-2.596789736309873,0.0],[-79.40281653492028,-2.597249205929442,0.0],[-79.40265896376768,-2.597679708154106,0.0],[-79.40243033910234,-2.597851698140304,0.0],[-79.40238698934988,-2.598267988715228,0.0],[-79.40248572613358,-2.599215659407063,0.0],[-79.40235686771602,-2.599516987442489,0.0],[-79.40177086798953,-2.600076154465879,0.0],[-79.40191331555906,-2.600320400809262,0.0],[-79.40324068523215,-2.600523083893475,0.0],[-79.40369901768427,-2.599317700057033,0.0],[-79.40355673201427,-2.598944243453603,0.0],[-79.40354315917426,-2.598384313037666,0.0],[-79.40374350351956,-2.597996935090577,0.0],[-79.40414365006666,-2.597652880955789,0.0],[-79.40521476210667,-2.597295321356095,0.0],[-79.40545773405188,-2.597065921812926,0.0],[-79.4052868597588,-2.596721142442953,0.0],[-79.40450264537407,-2.595973595551512,0.0],[-79.40423207742876,-2.59544205231707,0.0],[-79.40309137337171,-2.594378205304888,0.0],[-79.40317758515467,-2.593933255396326,0.0],[-79.40404925128801,-2.593245236275642,0.0],[-79.40384966459133,-2.593029632304917,0.0],[-79.4034139015937,-2.592809818417026,0.0],[-79.40462255260346,-2.591422654201175,0.0],[-79.40528071291888,-2.590231876460252,0.0],[-79.40515307857123,-2.589556946468721,0.0],[-79.40491080932112,-2.589226434108769,0.0],[-79.40445401450073,-2.589211499376481,0.0],[-79.40441143987519,-2.589010451239043,0.0],[-79.40475523465958,-2.588063339911256,0.0],[-79.40454148130739,-2.5877615772408,0.0],[-79.40386145528392,-2.58741455980378,0.0],[-79.40386074207554,-2.587984695546677,0.0],[-79.40413051252033,-2.58798503688091,0.0]]],[[[-79.40116337957632,-2.587709971555482,0.0],[-79.40097633470346,-2.587709734483028,0.0],[-79.40098675212931,-2.587886286824923,0.0],[-79.40116302963769,-2.58798922251761,0.0],[-79.40116337957632,-2.587709971555482,0.0]]],[[[-79.39846091018575,-2.591504849204546,0.0],[-79.398460228033,-2.592047463408854,0.0],[-79.39872999862285,-2.59204780643506,0.0],[-79.39873033965975,-2.591776499297526,0.0],[-79.39900011022804,-2.591776842230062,0.0],[-79.39899976924855,-2.592048149403541,0.0],[-79.39953931060732,-2.592048835167324,0.0],[-79.39954041303741,-2.591171265953289,0.0],[-79.39928456077591,-2.590611905762716,0.0],[-79.39894218597398,-2.59042483377509,0.0],[-79.39845691360998,-2.590352433700116,0.0],[-79.39815597938184,-2.590690538987755,0.0],[-79.3981911397465,-2.591504506192528,0.0],[-79.39846091018575,-2.591504849204546,0.0]]],[[[-79.39409876026099,-2.590685374788378,0.0],[-79.3946851526693,-2.590686121980728,0.0],[-79.39468551150345,-2.59040122550328,0.0],[-79.39420247868665,-2.590648510644825,0.0],[-79.39409876026099,-2.590685374788378,0.0]]],[[[-79.39792239264779,-2.590690242023038,0.0],[-79.39792281078824,-2.590690242554668,0.0],[-79.39792239283658,-2.590690091835802,0.0],[-79.39792239264779,-2.590690242023038,0.0]]],[[[-79.39009255353558,-2.595835084614321,0.0],[-79.39117163487417,-2.595836465553978,0.0],[-79.39117232113375,-2.595293853329572,0.0],[-79.39063278062235,-2.595293163119858,0.0],[-79.39063419772417,-2.594172703375198,0.0],[-79.3898298905259,-2.594074171635243,0.0],[-79.38935874957106,-2.594116638595894,0.0],[-79.38920153937265,-2.594260004523588,0.0],[-79.38910115692333,-2.594618791618777,0.0],[-79.38912930772163,-2.594934674295466,0.0],[-79.38916734877259,-2.595019981006401,0.0],[-79.38955404345222,-2.595020476109641,0.0],[-79.38955370003161,-2.595291782006863,0.0],[-79.39009324025496,-2.595292472678955,0.0],[-79.39009255353558,-2.595835084614321,0.0]]]]}},{"type":"Feature","properties":{"FID_tr_200":7,"FID_2000_d":2,"cov_gen":"FOREST","FID_2022_d":0,"cov_gen_1":"AGRO","old_gen":"FOREST","new_gen":"AGRO","area_ha":5.55605001014,"trans":"FOREST → AGRO","trans_grp":"PÉRDIDA_BOSQUE","FID_cacao_":24,"fcode":"EA010","descr":"PRODUCTO AGRICOLA, RESULTADO DE UN CONJUNTO DE TECNICAS Y CONOCIMIENTOS PARA CULTIVAR LA TIERRA","DPA_DESPRO":"AZUAY","DPA_DESCAN":"CUENCA","niv1":"TIERRA AGROPECUARIA","niv2":"CULTIVO","niv3":"CULTIVO PERMANENTE","niv4":"FRUTALES","niv5":"CACAO","LULC_std":"Cacao","label":"Cacao","cbt":"CACAO","uso":"AGRICOLA","tmp":"CULTIVO PERMANENTE","nal":"NO APLICABLE","tap":"MEDIANA","rie":"NO","spr":"MERCANTIL","sce":14.9752309126,"usce":"HECTAREAS","txt":"EL CODIGO (fcode) Y LA DESCRIPCION (descr) CORRESPONDEN A LOS OBJETOS GEOGRAFICOS DEL ATRIBUTO niv2","simbologia":"CPuc: Cacao","SHAPE_Leng":2476.66445861,"apt_uso":1,"cob_suelo":"Cacao","cacao_sys":"Cacao_alim_sin50b","observ":null,"cob_label":"Cacao sin cultivos alimentarios próximos"},"geometry":{"type":"MultiPolygon","coordinates":[[[[-79.36994074714828,-2.584414369189394,0.0],[-79.37014422222175,-2.584414631759882,0.0],[-79.37014491438491,-2.583872025104892,0.0],[-79.37122397490847,-2.583873416718047,0.0],[-79.37122466646817,-2.583330809765625,0.0],[-79.37257349237021,-2.583332547621915,0.0],[-79.3725731468946,-2.583603851281496,0.0],[-79.3731126776247,-2.583604546094371,0.0],[-79.37298144543475,-2.583447823761366,0.0],[-79.37296297303469,-2.583007533014207,0.0],[-79.37338338186633,-2.582867198419864,0.0],[-79.37338347884713,-2.582790982103444,0.0],[-79.37203465297092,-2.582789245475394,0.0],[-79.37203483102215,-2.582649426689591,0.0],[-79.3713261923434,-2.582928856431861,0.0],[-79.37077431930695,-2.582851576845739,0.0],[-79.37043203418308,-2.582602289376183,0.0],[-79.37028032841404,-2.582161827405569,0.0],[-79.37001439702486,-2.581740359621069,0.0],[-79.36985967509045,-2.580887315924326,0.0],[-79.36933942555278,-2.580886645309872,0.0],[-79.36932853984814,-2.580615327598529,0.0],[-79.36903864301435,-2.580917167119578,0.0],[-79.36903106574694,-2.581261713870273,0.0],[-79.36927251566073,-2.58222391158225,0.0],[-79.36964289789096,-2.582827363612262,0.0],[-79.36989179719492,-2.583545510049758,0.0],[-79.36994074714828,-2.584414369189394,0.0]]],[[[-79.37229025101726,-2.582518270601628,0.0],[-79.3725745285786,-2.582518636635959,0.0],[-79.37257471497489,-2.582372200557851,0.0],[-79.37229025101726,-2.582518270601628,0.0]]]]}},{"type":"Feature","properties":{"FID_tr_200":7,"FID_2000_d":2,"cov_gen":"FOREST","FID_2022_d":0,"cov_gen_1":"AGRO","old_gen":"FOREST","new_gen":"AGRO","area_ha":13.012564224,"trans":"FOREST → AGRO","trans_grp":"PÉRDIDA_BOSQUE","FID_cacao_":25,"fcode":"EA010","descr":"PRODUCTO AGRICOLA, RESULTADO DE UN CONJUNTO DE TECNICAS Y CONOCIMIENTOS PARA CULTIVAR LA TIERRA","DPA_DESPRO":"AZUAY","DPA_DESCAN":"CUENCA","niv1":"TIERRA AGROPECUARIA","niv2":"CULTIVO","niv3":"CULTIVO PERMANENTE","niv4":"FRUTALES","niv5":"CACAO","LULC_std":"Cacao","label":"Cacao","cbt":"CACAO","uso":"AGRICOLA","tmp":"CULTIVO PERMANENTE","nal":"NO APLICABLE","tap":"MEDIANA","rie":"NO","spr":"MERCANTIL","sce":32.6685114457,"usce":"HECTAREAS","txt":"EL CODIGO (fcode) Y LA DESCRIPCION (descr) CORRESPONDEN A LOS OBJETOS GEOGRAFICOS DEL ATRIBUTO niv2","simbologia":"CPuc: Cacao","SHAPE_Leng":2190.58837538,"apt_uso":1,"cob_suelo":"Cacao","cacao_sys":"Cacao_alim_sin50b","observ":null,"cob_label":"Cacao sin cultivos alimentarios próximos"},"geometry":{"type":"MultiPolygon","coordinates":[[[[-79.3607132376894,-2.575992049424377,0.0],[-79.36071254364757,-2.576534653580729,0.0],[-79.36044278143012,-2.576534304513409,0.0],[-79.36044243429717,-2.576805606552948,0.0],[-79.36017267205935,-2.576805257391443,0.0],[-79.36017301924936,-2.576533955388714,0.0],[-79.35990325710526,-2.576533606206643,0.0],[-79.35989908771924,-2.579789229718206,0.0],[-79.36016885054836,-2.579789579342064,0.0],[-79.36016919814185,-2.579518277352602,0.0],[-79.36070872379588,-2.579518976354362,0.0],[-79.36070907123846,-2.579247674290047,0.0],[-79.36097159283867,-2.57924801429039,0.0],[-79.36124894421665,-2.578977070849355,0.0],[-79.36155586612853,-2.578829103619107,0.0],[-79.36216505468298,-2.578734182713099,0.0],[-79.36211532296545,-2.578225167146714,0.0],[-79.36313807796166,-2.578359136802993,0.0],[-79.36313867207558,-2.577894304629234,0.0],[-79.36361543485398,-2.577894920821667,0.0],[-79.36367845874243,-2.577690787353096,0.0],[-79.36367854945526,-2.577619777572254,0.0],[-79.36319444359593,-2.577491285785477,0.0],[-79.36344265879471,-2.576879064304603,0.0],[-79.36325276605865,-2.576534263420078,0.0],[-79.36359313568765,-2.57626707451553,0.0],[-79.36287098928952,-2.576266141681981,0.0],[-79.36287168234541,-2.575723536934817,0.0],[-79.3625067938954,-2.575723065532445,0.0],[-79.3620620747117,-2.57597348241923,0.0],[-79.36206135528471,-2.576536398056699,0.0],[-79.36125206819248,-2.576535351543244,0.0],[-79.36125374238534,-2.575225835734947,0.0],[-79.3598779478007,-2.575177061364977,0.0],[-79.35987831449216,-2.575990969088508,0.0],[-79.3607132376894,-2.575992049424377,0.0]]],[[[-79.36422118693118,-2.575182673445353,0.0],[-79.36422084077988,-2.575453976005614,0.0],[-79.36368131588549,-2.575453279599187,0.0],[-79.36368036443898,-2.576198600222521,0.0],[-79.36450944987813,-2.575517716693727,0.0],[-79.36441543317737,-2.575253252168121,0.0],[-79.36422118693118,-2.575182673445353,0.0]]]]}},{"type":"Feature","properties":{"FID_tr_200":7,"FID_2000_d":2,"cov_gen":"FOREST","FID_2022_d":0,"cov_gen_1":"AGRO","old_gen":"FOREST","new_gen":"AGRO","area_ha":50.1167479845,"trans":"FOREST → AGRO","trans_grp":"PÉRDIDA_BOSQUE","FID_cacao_":26,"fcode":"EA010","descr":"PRODUCTO AGRICOLA, RESULTADO DE UN CONJUNTO DE TECNICAS Y CONOCIMIENTOS PARA CULTIVAR LA TIERRA","DPA_DESPRO":"AZUAY","DPA_DESCAN":"CUENCA","niv1":"TIERRA AGROPECUARIA","niv2":"CULTIVO","niv3":"CULTIVO PERMANENTE","niv4":"FRUTALES","niv5":"CACAO","LULC_std":"Cacao","label":"Cacao","cbt":"CACAO","uso":"AGRICOLA","tmp":"CULTIVO PERMANENTE","nal":"NO APLICABLE","tap":"MEDIANA","rie":"NO","spr":"MERCANTIL","sce":63.3113125373,"usce":"HECTAREAS","txt":"EL CODIGO (fcode) Y LA DESCRIPCION (descr) CORRESPONDEN A LOS OBJETOS GEOGRAFICOS DEL ATRIBUTO niv2","simbologia":"CPuc: Cacao","SHAPE_Leng":5702.32001093,"apt_uso":1,"cob_suelo":"Cacao","cacao_sys":"Cacao_alim_sin50b","observ":null,"cob_label":"Cacao sin cultivos alimentarios próximos"},"geometry":{"type":"MultiPolygon","coordinates":[[[[-79.3693702467148,-2.566664867693147,0.0],[-79.36701192410905,-2.568997166478255,0.0],[-79.36687740221197,-2.570011519052042,0.0],[-79.36712417699525,-2.570528670238729,0.0],[-79.36676145052742,-2.571389593790488,0.0],[-79.36668468427186,-2.571887187465927,0.0],[-79.3667231961033,-2.572472866122696,0.0],[-79.36692226682865,-2.572473122331327,0.0],[-79.36687649646274,-2.573015670180203,0.0],[-79.36710078471208,-2.57395505842714,0.0],[-79.36704271010973,-2.574720664227281,0.0],[-79.3676887211791,-2.575602027819973,0.0],[-79.36774477280298,-2.576425206735908,0.0],[-79.36763008537962,-2.576807898917596,0.0],[-79.36664615230364,-2.577459614577279,0.0],[-79.3666459381952,-2.577627530076462,0.0],[-79.36637616995822,-2.577631091654592,0.0],[-79.36637548285978,-2.578169787809584,0.0],[-79.3661057195312,-2.578169439727096,0.0],[-79.36610606564878,-2.577898136921965,0.0],[-79.36589890077748,-2.577897869600967,0.0],[-79.36583526378017,-2.578711697120477,0.0],[-79.36518856418529,-2.578710862120231,0.0],[-79.3650960885008,-2.578814538740207,0.0],[-79.36502550612761,-2.579076855500857,0.0],[-79.36507585695797,-2.579752469851623,0.0],[-79.365024241137,-2.580067165397806,0.0],[-79.36496367775176,-2.580067087134264,0.0],[-79.36488483871331,-2.58028819854448,0.0],[-79.36474902566343,-2.580880718899973,0.0],[-79.36475274374762,-2.581423329819292,0.0],[-79.36463887620829,-2.581423182569019,0.0],[-79.36448203041712,-2.582165446913983,0.0],[-79.36448124490882,-2.582779493785975,0.0],[-79.36502077310652,-2.582780191830622,0.0],[-79.36502007906158,-2.583322797102693,0.0],[-79.36528984332969,-2.583323146112146,0.0],[-79.36528949630956,-2.583594448783086,0.0],[-79.36555926067143,-2.583594797771708,0.0],[-79.36555856663591,-2.584137403183303,0.0],[-79.36582833114878,-2.584137752187768,0.0],[-79.36582796909693,-2.584420810055945,0.0],[-79.36640149108032,-2.584999087370719,0.0],[-79.36717547652287,-2.585451999731954,0.0],[-79.36717611396385,-2.584953405115391,0.0],[-79.3674736590575,-2.584953789797256,0.0],[-79.3677163359669,-2.584412420299935,0.0],[-79.36771671962724,-2.584112119383399,0.0],[-79.36619405681476,-2.583486601889859,0.0],[-79.36613776414572,-2.582854843829388,0.0],[-79.36621485191235,-2.582108405566271,0.0],[-79.36667189799844,-2.581917576268689,0.0],[-79.36714751240454,-2.582090469152853,0.0],[-79.36775645961386,-2.582186965030841,0.0],[-79.36802378247452,-2.581517339732355,0.0],[-79.3681961327891,-2.580694456204959,0.0],[-79.36842533946259,-2.580063064947121,0.0],[-79.36846411351944,-2.579507997107628,0.0],[-79.36814171731068,-2.578588765014329,0.0],[-79.36834040855811,-2.578172321469681,0.0],[-79.36826382718272,-2.578172222779439,0.0],[-79.36826659144806,-2.5760017979587,0.0],[-79.36853635461227,-2.576002145288862,0.0],[-79.36853704519957,-2.575459538998354,0.0],[-79.36826728214942,-2.575459191741449,0.0],[-79.36826797270479,-2.574916585519414,0.0],[-79.3685377356409,-2.574916932703064,0.0],[-79.36853980608909,-2.573289113788261,0.0],[-79.36880956871974,-2.57328946069484,0.0],[-79.36880991360975,-2.573018157501517,0.0],[-79.3690796762199,-2.573018504314177,0.0],[-79.36908002101646,-2.572747201083053,0.0],[-79.3693497836061,-2.572747547801804,0.0],[-79.3693515067569,-2.57139103144508,0.0],[-79.36989103147614,-2.571391724344699,0.0],[-79.36989240888488,-2.570306510944917,0.0],[-79.37016217107148,-2.570306857162469,0.0],[-79.37016285944327,-2.569764250382149,0.0],[-79.37043262155251,-2.569764596469292,0.0],[-79.3704350293073,-2.56786547244429,0.0],[-79.37070479105485,-2.567865818218153,0.0],[-79.37070511858714,-2.567607324431656,0.0],[-79.3693702467148,-2.566664867693147,0.0]]],[[[-79.37205420584685,-2.56738925332921,0.0],[-79.37205394381715,-2.567596242573389,0.0],[-79.37178418194429,-2.567595897121991,0.0],[-79.3717838384094,-2.567867200741774,0.0],[-79.3715140765161,-2.567866855196644,0.0],[-79.37151338922334,-2.568409462359514,0.0],[-79.37172752312416,-2.568409736711883,0.0],[-79.3721386850019,-2.567820821767659,0.0],[-79.37225759010425,-2.567378146908974,0.0],[-79.37205420584685,-2.56738925332921,0.0]]],[[[-79.3709724898409,-2.569493984970177,0.0],[-79.37097100574958,-2.570664376562813,0.0],[-79.37148691666866,-2.569494644499388,0.0],[-79.3709724898409,-2.569493984970177,0.0]]],[[[-79.36853393640727,-2.577901267267622,0.0],[-79.36853378920395,-2.578016827137819,0.0],[-79.36869303405467,-2.577901472235769,0.0],[-79.36853393640727,-2.577901267267622,0.0]]]]}},{"type":"Feature","properties":{"FID_tr_200":7,"FID_2000_d":2,"cov_gen":"FOREST","FID_2022_d":0,"cov_gen_1":"AGRO","old_gen":"FOREST","new_gen":"AGRO","area_ha":47.5432039254,"trans":"FOREST → AGRO","trans_grp":"PÉRDIDA_BOSQUE","FID_cacao_":27,"fcode":"EA010","descr":"PRODUCTO AGRICOLA, RESULTADO DE UN CONJUNTO DE TECNICAS Y CONOCIMIENTOS PARA CULTIVAR LA TIERRA","DPA_DESPRO":"AZUAY","DPA_DESCAN":"CUENCA","niv1":"TIERRA AGROPECUARIA","niv2":"CULTIVO","niv3":"CULTIVO PERMANENTE","niv4":"FRUTALES","niv5":"CACAO","LULC_std":"Cacao","label":"Cacao","cbt":"CACAO","uso":"AGRICOLA","tmp":"CULTIVO PERMANENTE","nal":"NO APLICABLE","tap":"MEDIANA","rie":"NO","spr":"MERCANTIL","sce":50.2479611718,"usce":"HECTAREAS","txt":"EL CODIGO (fcode) Y LA DESCRIPCION (descr) CORRESPONDEN A LOS OBJETOS GEOGRAFICOS DEL ATRIBUTO niv2","simbologia":"CPuc: Cacao","SHAPE_Leng":4327.66485229,"apt_uso":1,"cob_suelo":"Cacao","cacao_sys":"Cacao_alim_sin50b","observ":null,"cob_label":"Cacao sin cultivos alimentarios próximos"},"geometry":{"type":"Polygon","coordinates":[[[-79.37071252811911,-2.577090160616284,0.0],[-79.3715023727238,-2.577091176311131,0.0],[-79.371502717554,-2.576819872768799,0.0],[-79.37177248132689,-2.576820219520251,0.0],[-79.3717731707639,-2.57627761235886,0.0],[-79.37204293445912,-2.576277958979829,0.0],[-79.37204327906595,-2.576006655360779,0.0],[-79.37177351542779,-2.576006308776358,0.0],[-79.37177386005526,-2.575735005192651,0.0],[-79.37204362363639,-2.575735351740522,0.0],[-79.372044312668,-2.575192744496397,0.0],[-79.37279689355412,-2.575193710781594,0.0],[-79.3740596689646,-2.573725042478594,0.0],[-79.37461168503246,-2.573687466242985,0.0],[-79.37518297636669,-2.573458492838588,0.0],[-79.37603904144552,-2.573804146860327,0.0],[-79.37683839481828,-2.573843453922509,0.0],[-79.37718203603596,-2.573020783952842,0.0],[-79.37718298000458,-2.572274243065087,0.0],[-79.37686021171068,-2.571642141537991,0.0],[-79.37676567465176,-2.571144325712621,0.0],[-79.37691859481036,-2.570627684782868,0.0],[-79.37752848283941,-2.569977632830796,0.0],[-79.37869026457014,-2.569385710803741,0.0],[-79.37861521868213,-2.568524219928411,0.0],[-79.37884376284877,-2.568409659024212,0.0],[-79.37964292113396,-2.568602099257731,0.0],[-79.38041428757684,-2.569426365751757,0.0],[-79.38041487096591,-2.568963447126264,0.0],[-79.38068463428529,-2.568963790929741,0.0],[-79.38068497608883,-2.568692486111841,0.0],[-79.38095473938755,-2.568692829821762,0.0],[-79.38095538134763,-2.568183114633382,0.0],[-79.38069071870194,-2.567837749836125,0.0],[-79.38038645107052,-2.567626798628154,0.0],[-79.38017756661971,-2.567243690134574,0.0],[-79.37932198425831,-2.566515199349254,0.0],[-79.37871308761733,-2.566380428511142,0.0],[-79.37833227737667,-2.566494795489423,0.0],[-79.37711284385364,-2.567526913166769,0.0],[-79.37621575079243,-2.567583194806273,0.0],[-79.37556962413547,-2.568730893896529,0.0],[-79.37452112283245,-2.570050356273053,0.0],[-79.3733042768144,-2.569034268820541,0.0],[-79.37257931542375,-2.570373284628237,0.0],[-79.37114793381453,-2.573434176455887,0.0],[-79.3706526781816,-2.573739812647593,0.0],[-79.37048060052958,-2.574352136910396,0.0],[-79.37082096282063,-2.576113641333741,0.0],[-79.37061079261557,-2.576745057846179,0.0],[-79.37071252811911,-2.577090160616284,0.0]]]}},{"type":"Feature","properties":{"FID_tr_200":7,"FID_2000_d":2,"cov_gen":"FOREST","FID_2022_d":0,"cov_gen_1":"AGRO","old_gen":"FOREST","new_gen":"AGRO","area_ha":14.8612435258,"trans":"FOREST → AGRO","trans_grp":"PÉRDIDA_BOSQUE","FID_cacao_":28,"fcode":"EA010","descr":"PRODUCTO AGRICOLA, RESULTADO DE UN CONJUNTO DE TECNICAS Y CONOCIMIENTOS PARA CULTIVAR LA TIERRA","DPA_DESPRO":"AZUAY","DPA_DESCAN":"CUENCA","niv1":"TIERRA AGROPECUARIA","niv2":"CULTIVO","niv3":"CULTIVO PERMANENTE","niv4":"FRUTALES","niv5":"CACAO","LULC_std":"Cacao","label":"Cacao","cbt":"CACAO","uso":"AGRICOLA","tmp":"CULTIVO PERMANENTE","nal":"NO APLICABLE","tap":"MEDIANA","rie":"NO","spr":"MERCANTIL","sce":17.3879606434,"usce":"HECTAREAS","txt":"EL CODIGO (fcode) Y LA DESCRIPCION (descr) CORRESPONDEN A LOS OBJETOS GEOGRAFICOS DEL ATRIBUTO niv2","simbologia":"CPuc: Cacao","SHAPE_Leng":2101.04192042,"apt_uso":1,"cob_suelo":"Cacao","cacao_sys":"Cacao_alim_sin50b","observ":null,"cob_label":"Cacao sin cultivos alimentarios próximos"},"geometry":{"type":"MultiPolygon","coordinates":[[[[-79.37260632783824,-2.557414887446735,0.0],[-79.37260546249198,-2.55810130201984,0.0],[-79.37229431213085,-2.558100905166229,0.0],[-79.3720539127303,-2.558748877010906,0.0],[-79.3712623959307,-2.56004952555136,0.0],[-79.37126203330894,-2.560336655174678,0.0],[-79.37077575759794,-2.561073003021017,0.0],[-79.37087971415795,-2.561647396855832,0.0],[-79.37080314590892,-2.561991855887329,0.0],[-79.37044200857709,-2.56235257170494,0.0],[-79.37044086927636,-2.563253313853002,0.0],[-79.37020382980259,-2.563253010519905,0.0],[-79.37021417618415,-2.563577512226387,0.0],[-79.37043027894205,-2.56375185195386,0.0],[-79.3707157041283,-2.563809643218262,0.0],[-79.37083021165263,-2.563565728328507,0.0],[-79.37091689562621,-2.562747516851835,0.0],[-79.37121664999921,-2.562762257596621,0.0],[-79.37158812339284,-2.562504314540245,0.0],[-79.37198850908493,-2.561959278043012,0.0],[-79.37281746652326,-2.561156370292418,0.0],[-79.37327408100649,-2.561300518341743,0.0],[-79.37347365703478,-2.561516121764029,0.0],[-79.37358081014885,-2.561840793661568,0.0],[-79.37414496342276,-2.561657250009327,0.0],[-79.37432360772321,-2.561492377425102,0.0],[-79.37478141733509,-2.560688993903061,0.0],[-79.37485314437772,-2.560409132560807,0.0],[-79.37471067642834,-2.560186424298361,0.0],[-79.37473568701084,-2.559189234929146,0.0],[-79.3744924162339,-2.559188924933241,0.0],[-79.37449207439462,-2.559460228955344,0.0],[-79.37422231389718,-2.55945988511337,0.0],[-79.37422265579312,-2.559188581127762,0.0],[-79.37395289538867,-2.559188237265293,0.0],[-79.37395357918479,-2.558645629363367,0.0],[-79.37368381893005,-2.55864528551692,0.0],[-79.3736841608302,-2.558373981600644,0.0],[-79.37314464054315,-2.558373293809846,0.0],[-79.37314498252022,-2.558101989965471,0.0],[-79.37287522248789,-2.558101646021139,0.0],[-79.37287556448521,-2.557830342212057,0.0],[-79.37314532446088,-2.557830686119867,0.0],[-79.37314566415539,-2.557561135850585,0.0],[-79.37300094255637,-2.557607243972631,0.0],[-79.37260632783824,-2.557414887446735,0.0]]],[[[-79.37341508447292,-2.557831029970715,0.0],[-79.37395460460618,-2.557831717501533,0.0],[-79.37395475649721,-2.557711134326636,0.0],[-79.37331511562316,-2.557507148793293,0.0],[-79.37315114626165,-2.557559389257869,0.0],[-79.37341542632059,-2.557559726087397,0.0],[-79.37341508447292,-2.557831029970715,0.0]]],[[[-79.3747625184573,-2.558917964621875,0.0],[-79.37476246186911,-2.558962890614902,0.0],[-79.37477662489327,-2.558917982593852,0.0],[-79.3747625184573,-2.558917964621875,0.0]]]]}},{"type":"Feature","properties":{"FID_tr_200":7,"FID_2000_d":2,"cov_gen":"FOREST","FID_2022_d":0,"cov_gen_1":"AGRO","old_gen":"FOREST","new_gen":"AGRO","area_ha":39.6808872021,"trans":"FOREST → AGRO","trans_grp":"PÉRDIDA_BOSQUE","FID_cacao_":29,"fcode":"EA010","descr":"PRODUCTO AGRICOLA, RESULTADO DE UN CONJUNTO DE TECNICAS Y CONOCIMIENTOS PARA CULTIVAR LA TIERRA","DPA_DESPRO":"AZUAY","DPA_DESCAN":"CUENCA","niv1":"TIERRA AGROPECUARIA","niv2":"CULTIVO","niv3":"CULTIVO PERMANENTE","niv4":"FRUTALES","niv5":"CACAO","LULC_std":"Cacao","label":"Cacao","cbt":"CACAO","uso":"AGRICOLA","tmp":"CULTIVO PERMANENTE","nal":"NO APLICABLE","tap":"MEDIANA","rie":"NO","spr":"MERCANTIL","sce":39.6808872021,"usce":"HECTAREAS","txt":"EL CODIGO (fcode) Y LA DESCRIPCION (descr) CORRESPONDEN A LOS OBJETOS GEOGRAFICOS DEL ATRIBUTO niv2","simbologia":"CPuc: Cacao","SHAPE_Leng":4110.05268888,"apt_uso":1,"cob_suelo":"Cacao","cacao_sys":"Cacao_alim_con50b","observ":null,"cob_label":"Cacao próximo a cultivos alimentarios"},"geometry":{"type":"Polygon","coordinates":[[[-79.3917534426656,-2.5613673395498,0.0],[-79.39248525873596,-2.561349141117733,0.0],[-79.39297156624848,-2.561028250283421,0.0],[-79.39360803535033,-2.561503695147938,0.0],[-79.39417917971423,-2.561389561625939,0.0],[-79.39459776999489,-2.561504942344275,0.0],[-79.39497846092247,-2.561486279329368,0.0],[-79.39537837616366,-2.561314502833107,0.0],[-79.39587336333257,-2.561219414150857,0.0],[-79.3961587918648,-2.561277200986773,0.0],[-79.39657712167393,-2.561603146109785,0.0],[-79.39684377955219,-2.561450343020709,0.0],[-79.39699714082938,-2.560569990380305,0.0],[-79.3971497173961,-2.560321332665495,0.0],[-79.39703575535039,-2.560129766597072,0.0],[-79.39640727397041,-2.560435252539055,0.0],[-79.39602665364558,-2.560396489560195,0.0],[-79.39595097243222,-2.560032691499595,0.0],[-79.39654152996326,-2.559612303669077,0.0],[-79.39699856829532,-2.559421455424015,0.0],[-79.39711310204474,-2.559153607262072,0.0],[-79.39694208674429,-2.558923684460118,0.0],[-79.39648500105703,-2.559152817824746,0.0],[-79.39604730586204,-2.559094840797656,0.0],[-79.39578076766495,-2.559151932331667,0.0],[-79.39534271552493,-2.559381088139555,0.0],[-79.39532342000328,-2.559591629034438,0.0],[-79.3955706389519,-2.559764221096256,0.0],[-79.39539898199322,-2.560051138629416,0.0],[-79.39465630003824,-2.560356480658621,0.0],[-79.39437072896064,-2.560413547727052,0.0],[-79.39412374770055,-2.560049533234408,0.0],[-79.39299267462596,-2.560331063301281,0.0],[-79.39284861052116,-2.559971357545018,0.0],[-79.39484822937906,-2.559074189955209,0.0],[-79.39431644031335,-2.558154692091887,0.0],[-79.3928736253615,-2.555166684468049,0.0],[-79.39240310590831,-2.553930207356017,0.0],[-79.3893363745635,-2.555407140821286,0.0],[-79.3894014806044,-2.555547196249792,0.0],[-79.38998408354807,-2.556031096027712,0.0],[-79.38956026687265,-2.556425898629023,0.0],[-79.38853453923987,-2.557084392677726,0.0],[-79.3894048491243,-2.558952475570553,0.0],[-79.38974737574172,-2.559010334530207,0.0],[-79.3902233990635,-2.558857797249049,0.0],[-79.39060365864671,-2.559183694852877,0.0],[-79.38982226656817,-2.560005824625526,0.0],[-79.39016383855592,-2.560829371050134,0.0],[-79.3917534426656,-2.5613673395498,0.0]]]}},{"type":"Feature","properties":{"FID_tr_200":7,"FID_2000_d":2,"cov_gen":"FOREST","FID_2022_d":0,"cov_gen_1":"AGRO","old_gen":"FOREST","new_gen":"AGRO","area_ha":22.6963649328,"trans":"FOREST → AGRO","trans_grp":"PÉRDIDA_BOSQUE","FID_cacao_":30,"fcode":"EA010","descr":"PRODUCTO AGRICOLA, RESULTADO DE UN CONJUNTO DE TECNICAS Y CONOCIMIENTOS PARA CULTIVAR LA TIERRA","DPA_DESPRO":"AZUAY","DPA_DESCAN":"CUENCA","niv1":"TIERRA AGROPECUARIA","niv2":"CULTIVO","niv3":"CULTIVO PERMANENTE","niv4":"FRUTALES","niv5":"CACAO","LULC_std":"Cacao","label":"Cacao","cbt":"CACAO","uso":"AGRICOLA","tmp":"CULTIVO PERMANENTE","nal":"NO APLICABLE","tap":"MEDIANA","rie":"NO","spr":"MERCANTIL","sce":22.6963649328,"usce":"HECTAREAS","txt":"EL CODIGO (fcode) Y LA DESCRIPCION (descr) CORRESPONDEN A LOS OBJETOS GEOGRAFICOS DEL ATRIBUTO niv2","simbologia":"CPuc: Cacao","SHAPE_Leng":3087.9580128,"apt_uso":1,"cob_suelo":"Cacao","cacao_sys":"Cacao_alim_con50b","observ":null,"cob_label":"Cacao próximo a cultivos alimentarios"},"geometry":{"type":"Polygon","coordinates":[[[-79.39245646481156,-2.553902772087864,0.0],[-79.39308762866051,-2.554327184443302,0.0],[-79.39361077477528,-2.554543192104374,0.0],[-79.39423994279973,-2.555596807336323,0.0],[-79.39542977575205,-2.555394916148964,0.0],[-79.3956084653748,-2.555191753261294,0.0],[-79.39566831572074,-2.554892731106363,0.0],[-79.39606108456003,-2.554725729013455,0.0],[-79.39690549363814,-2.554882319325627,0.0],[-79.3971550532066,-2.555086019902177,0.0],[-79.39752296264376,-2.55578038938303,0.0],[-79.39780807585473,-2.556091809358277,0.0],[-79.39811724847165,-2.556187909106534,0.0],[-79.39896897180093,-2.555983278005275,0.0],[-79.39891126182576,-2.555691184479773,0.0],[-79.39830309721523,-2.55496301450825,0.0],[-79.3979615178717,-2.554139466975736,0.0],[-79.39753705176297,-2.553396892375798,0.0],[-79.39643512557306,-2.55333350064994,0.0],[-79.39588271048024,-2.553696511410169,0.0],[-79.39534916145833,-2.554193540462878,0.0],[-79.395044604962,-2.554212300568509,0.0],[-79.39382835557545,-2.552698534122325,0.0],[-79.39413329086105,-2.552373498678301,0.0],[-79.3955806471857,-2.551705335366311,0.0],[-79.39621962234227,-2.551144236361922,0.0],[-79.39525363578878,-2.549492503930178,0.0],[-79.39129945637748,-2.55215524865707,0.0],[-79.3913547522494,-2.552121157971191,0.0],[-79.39245646481156,-2.553902772087864,0.0]]]}},{"type":"Feature","properties":{"FID_tr_200":7,"FID_2000_d":2,"cov_gen":"FOREST","FID_2022_d":0,"cov_gen_1":"AGRO","old_gen":"FOREST","new_gen":"AGRO","area_ha":11.2387075295,"trans":"FOREST → AGRO","trans_grp":"PÉRDIDA_BOSQUE","FID_cacao_":31,"fcode":"EA010","descr":"PRODUCTO AGRICOLA, RESULTADO DE UN CONJUNTO DE TECNICAS Y CONOCIMIENTOS PARA CULTIVAR LA TIERRA","DPA_DESPRO":"AZUAY","DPA_DESCAN":"CUENCA","niv1":"TIERRA AGROPECUARIA","niv2":"CULTIVO","niv3":"CULTIVO PERMANENTE","niv4":"FRUTALES","niv5":"CACAO","LULC_std":"Cacao","label":"Cacao","cbt":"CACAO","uso":"AGRICOLA","tmp":"CULTIVO PERMANENTE","nal":"NO APLICABLE","tap":"MEDIANA","rie":"NO","spr":"MERCANTIL","sce":11.2387075295,"usce":"HECTAREAS","txt":"EL CODIGO (fcode) Y LA DESCRIPCION (descr) CORRESPONDEN A LOS OBJETOS GEOGRAFICOS DEL ATRIBUTO niv2","simbologia":"CPuc: Cacao","SHAPE_Leng":1412.16469351,"apt_uso":1,"cob_suelo":"Cacao","cacao_sys":"Cacao_alim_sin50b","observ":null,"cob_label":"Cacao sin cultivos alimentarios próximos"},"geometry":{"type":"Polygon","coordinates":[[[-79.41845787592072,-2.549640345185766,0.0],[-79.417453053064,-2.550135455630949,0.0],[-79.41688131294386,-2.550737736326795,0.0],[-79.41648127846891,-2.551010021981213,0.0],[-79.41623772360579,-2.551727562618341,0.0],[-79.41630876490765,-2.552000431116557,0.0],[-79.41749359615825,-2.55200189750727,0.0],[-79.41819272340702,-2.552289899891382,0.0],[-79.41860666584144,-2.552319125452945,0.0],[-79.41903526941488,-2.552032517580763,0.0],[-79.41953484478896,-2.552076205487017,0.0],[-79.41997744278545,-2.552019324894929,0.0],[-79.42022066317611,-2.551574562034893,0.0],[-79.42030690937209,-2.551086534684139,0.0],[-79.42106413725399,-2.550556264682287,0.0],[-79.419566347527,-2.549033098538044,0.0],[-79.41850991556626,-2.549720412558691,0.0],[-79.41845787592072,-2.549640345185766,0.0]]]}},{"type":"Feature","properties":{"FID_tr_200":7,"FID_2000_d":2,"cov_gen":"FOREST","FID_2022_d":0,"cov_gen_1":"AGRO","old_gen":"FOREST","new_gen":"AGRO","area_ha":0.274040131061,"trans":"FOREST → AGRO","trans_grp":"PÉRDIDA_BOSQUE","FID_cacao_":32,"fcode":"EA010","descr":"PRODUCTO AGRICOLA, RESULTADO DE UN CONJUNTO DE TECNICAS Y CONOCIMIENTOS PARA CULTIVAR LA TIERRA","DPA_DESPRO":"GUAYAS","DPA_DESCAN":"NARANJAL","niv1":"TIERRA AGROPECUARIA","niv2":"CULTIVO","niv3":"CULTIVO PERMANENTE","niv4":"FRUTALES","niv5":"CACAO","LULC_std":"Cacao","label":"Cacao","cbt":"CACAO","uso":"AGRICOLA","tmp":"CULTIVO PERMANENTE","nal":"NO APLICABLE","tap":"MEDIANA","rie":"NO","spr":"MERCANTIL","sce":0.27404013107,"usce":"HECTAREAS","txt":"EL CODIGO (fcode) Y LA DESCRIPCION (descr) CORRESPONDEN A LOS OBJETOS GEOGRAFICOS DEL ATRIBUTO niv2","simbologia":"CPuc: Cacao","SHAPE_Leng":334.791500525,"apt_uso":1,"cob_suelo":"Cacao","cacao_sys":"Cacao_alim_sin50b","observ":null,"cob_label":"Cacao sin cultivos alimentarios próximos"},"geometry":{"type":"Polygon","coordinates":[[[-79.42499776296171,-2.564166360750541,0.0],[-79.4254507164411,-2.564177909148257,0.0],[-79.42593621079986,-2.563969930847222,0.0],[-79.42533933138466,-2.564018562361818,0.0],[-79.42499775461334,-2.563426865149692,0.0],[-79.42499776296171,-2.564166360750541,0.0]]]}},{"type":"Feature","properties":{"FID_tr_200":7,"FID_2000_d":2,"cov_gen":"FOREST","FID_2022_d":0,"cov_gen_1":"AGRO","old_gen":"FOREST","new_gen":"AGRO","area_ha":15.4656069328,"trans":"FOREST → AGRO","trans_grp":"PÉRDIDA_BOSQUE","FID_cacao_":33,"fcode":"EA010","descr":"PRODUCTO AGRICOLA, RESULTADO DE UN CONJUNTO DE TECNICAS Y CONOCIMIENTOS PARA CULTIVAR LA TIERRA","DPA_DESPRO":"AZUAY","DPA_DESCAN":"CUENCA","niv1":"TIERRA AGROPECUARIA","niv2":"CULTIVO","niv3":"CULTIVO PERMANENTE","niv4":"FRUTALES","niv5":"CACAO","LULC_std":"Cacao","label":"Cacao","cbt":"CACAO","uso":"AGRICOLA","tmp":"CULTIVO PERMANENTE","nal":"NO APLICABLE","tap":"MEDIANA","rie":"NO","spr":"MERCANTIL","sce":15.4656069328,"usce":"HECTAREAS","txt":"EL CODIGO (fcode) Y LA DESCRIPCION (descr) CORRESPONDEN A LOS OBJETOS GEOGRAFICOS DEL ATRIBUTO niv2","simbologia":"CPuc: Cacao","SHAPE_Leng":1516.62889392,"apt_uso":1,"cob_suelo":"Cacao","cacao_sys":"Cacao_alim_sin50b","observ":null,"cob_label":"Cacao sin cultivos alimentarios próximos"},"geometry":{"type":"Polygon","coordinates":[[[-79.42294767941958,-2.551190290160567,0.0],[-79.42364998805989,-2.551822337130371,0.0],[-79.42634346624051,-2.549970750942058,0.0],[-79.42548447254039,-2.547152595713075,0.0],[-79.42396580641929,-2.547415678723878,0.0],[-79.42368016593302,-2.54753018238534,0.0],[-79.42189340478023,-2.549480520064417,0.0],[-79.4226056541085,-2.550716091038813,0.0],[-79.42294767941958,-2.551190290160567,0.0]]]}},{"type":"Feature","properties":{"FID_tr_200":7,"FID_2000_d":2,"cov_gen":"FOREST","FID_2022_d":0,"cov_gen_1":"AGRO","old_gen":"FOREST","new_gen":"AGRO","area_ha":101.69879615,"trans":"FOREST → AGRO","trans_grp":"PÉRDIDA_BOSQUE","FID_cacao_":34,"fcode":"EA010","descr":"PRODUCTO AGRICOLA, RESULTADO DE UN CONJUNTO DE TECNICAS Y CONOCIMIENTOS PARA CULTIVAR LA TIERRA","DPA_DESPRO":"AZUAY","DPA_DESCAN":"CUENCA","niv1":"TIERRA AGROPECUARIA","niv2":"CULTIVO","niv3":"CULTIVO PERMANENTE","niv4":"FRUTALES","niv5":"CACAO","LULC_std":"Cacao","label":"Cacao","cbt":"CACAO","uso":"AGRICOLA","tmp":"CULTIVO PERMANENTE","nal":"NO APLICABLE","tap":"MEDIANA","rie":"NO","spr":"MERCANTIL","sce":103.031759961,"usce":"HECTAREAS","txt":"EL CODIGO (fcode) Y LA DESCRIPCION (descr) CORRESPONDEN A LOS OBJETOS GEOGRAFICOS DEL ATRIBUTO niv2","simbologia":"CPuc: Cacao","SHAPE_Leng":7691.3042899,"apt_uso":1,"cob_suelo":"Cacao","cacao_sys":"Cacao_alim_sin50b","observ":null,"cob_label":"Cacao sin cultivos alimentarios próximos"},"geometry":{"type":"Polygon","coordinates":[[[-79.35986874123607,-2.554974394496734,0.0],[-79.36034251860114,-2.556417109547266,0.0],[-79.36068440749384,-2.556972664384041,0.0],[-79.3603790051385,-2.557661382480616,0.0],[-79.36039699189922,-2.558484508601454,0.0],[-79.36052956623602,-2.559001511264974,0.0],[-79.36075740331235,-2.559442069406563,0.0],[-79.36083275709048,-2.560054707857168,0.0],[-79.36113689591555,-2.560361370549676,0.0],[-79.3620133151872,-2.55965424377831,0.0],[-79.36287006881138,-2.559444783022982,0.0],[-79.36320787859013,-2.559062082597772,0.0],[-79.3634413752312,-2.559196669924326,0.0],[-79.36414540315624,-2.55935070914154,0.0],[-79.3650201471854,-2.559964374557528,0.0],[-79.36532377806085,-2.560673017156942,0.0],[-79.36560871638278,-2.561113647995309,0.0],[-79.36562704500118,-2.561668789603742,0.0],[-79.36598806747288,-2.562147802669827,0.0],[-79.36633025095622,-2.562473655374583,0.0],[-79.36684375659304,-2.562780585510106,0.0],[-79.36743366205515,-2.562877051274151,0.0],[-79.36745230640933,-2.563183347875782,0.0],[-79.36701340405169,-2.564082459003341,0.0],[-79.36661336814193,-2.564349933867045,0.0],[-79.36600121199322,-2.564256706166291,0.0],[-79.36588996319684,-2.564463857155679,0.0],[-79.36587022605924,-2.565018949964057,0.0],[-79.36611738943684,-2.565229829422371,0.0],[-79.36605973116886,-2.565670020950611,0.0],[-79.36594516697973,-2.565957004025548,0.0],[-79.36525732052219,-2.56681656741331,0.0],[-79.36554415830899,-2.566990155962299,0.0],[-79.36546763626642,-2.567296329085139,0.0],[-79.36504034717643,-2.567429773642766,0.0],[-79.36504014697483,-2.567587242254499,0.0],[-79.36729877780031,-2.567611151847953,0.0],[-79.36733284213392,-2.566935621943606,0.0],[-79.36746675464649,-2.566399817557426,0.0],[-79.36767627764306,-2.566275663957287,0.0],[-79.36786733774542,-2.565701648159943,0.0],[-79.36854998181055,-2.565273737265175,0.0],[-79.36855117007224,-2.564336108983067,0.0],[-79.36882093082586,-2.564336454681135,0.0],[-79.36882127451189,-2.564065151448208,0.0],[-79.36909103524523,-2.564065497052554,0.0],[-79.369091378838,-2.563794193781795,0.0],[-79.36981167720432,-2.563795116215524,0.0],[-79.36989438076007,-2.563523918281378,0.0],[-79.36963124374331,-2.563523581400811,0.0],[-79.36963203482497,-2.562898555094886,0.0],[-79.36922231555867,-2.563243041565652,0.0],[-79.3687082753356,-2.563357235100105,0.0],[-79.36836512081865,-2.563797061554107,0.0],[-79.3679846036213,-2.563681722029977,0.0],[-79.36853785010292,-2.562667904626037,0.0],[-79.36897711395486,-2.561481661765617,0.0],[-79.36941710241445,-2.559721157685022,0.0],[-79.36915721869885,-2.558443685623313,0.0],[-79.36897555623469,-2.558456318633018,0.0],[-79.36721885341522,-2.555130444896927,0.0],[-79.36660553521605,-2.555506319553162,0.0],[-79.3660915464708,-2.555582230330507,0.0],[-79.36534952643244,-2.555370719791095,0.0],[-79.36498785066257,-2.555408540516727,0.0],[-79.36444537654212,-2.55560174187851,0.0],[-79.36432203516051,-2.555139700360388,0.0],[-79.36412770510286,-2.554834825212519,0.0],[-79.36397728585553,-2.554834632616964,0.0],[-79.36397831602758,-2.554020724769166,0.0],[-79.3645166446377,-2.554021413739546,0.0],[-79.36451817522703,-2.553750112567185,0.0],[-79.36478793322291,-2.553750457690055,0.0],[-79.36478827633418,-2.553479154960385,0.0],[-79.36531044027235,-2.553479822773648,0.0],[-79.36606040568155,-2.553131467651748,0.0],[-79.3645175201058,-2.550568901572396,0.0],[-79.36416243017726,-2.549161512391424,0.0],[-79.36249243226489,-2.545525660177846,0.0],[-79.36192756475964,-2.544554544646931,0.0],[-79.36192749960662,-2.551176944693805,0.0],[-79.36096242074318,-2.552792411285057,0.0],[-79.3602893511374,-2.553523491029048,0.0],[-79.36033839259315,-2.553840133277658,0.0],[-79.35986874123607,-2.554974394496734,0.0]]]}},{"type":"Feature","properties":{"FID_tr_200":7,"FID_2000_d":2,"cov_gen":"FOREST","FID_2022_d":0,"cov_gen_1":"AGRO","old_gen":"FOREST","new_gen":"AGRO","area_ha":6.32312469478,"trans":"FOREST → AGRO","trans_grp":"PÉRDIDA_BOSQUE","FID_cacao_":35,"fcode":"EA010","descr":"PRODUCTO AGRICOLA, RESULTADO DE UN CONJUNTO DE TECNICAS Y CONOCIMIENTOS PARA CULTIVAR LA TIERRA","DPA_DESPRO":"AZUAY","DPA_DESCAN":"CUENCA","niv1":"TIERRA AGROPECUARIA","niv2":"CULTIVO","niv3":"CULTIVO PERMANENTE","niv4":"FRUTALES","niv5":"CACAO","LULC_std":"Cacao","label":"Cacao","cbt":"CACAO","uso":"AGRICOLA","tmp":"CULTIVO PERMANENTE","nal":"NO APLICABLE","tap":"MEDIANA","rie":"NO","spr":"MERCANTIL","sce":6.51669211676,"usce":"HECTAREAS","txt":"EL CODIGO (fcode) Y LA DESCRIPCION (descr) CORRESPONDEN A LOS OBJETOS GEOGRAFICOS DEL ATRIBUTO niv2","simbologia":"CPuc: Cacao","SHAPE_Leng":1270.03144456,"apt_uso":1,"cob_suelo":"Cacao","cacao_sys":"Cacao_alim_sin50b","observ":null,"cob_label":"Cacao sin cultivos alimentarios próximos"},"geometry":{"type":"Polygon","coordinates":[[[-79.37127509761744,-2.544199068281307,0.0],[-79.37131451122839,-2.544638748500343,0.0],[-79.3720995734151,-2.544675636735593,0.0],[-79.3749407894136,-2.546360237804881,0.0],[-79.37531857859965,-2.545749531378032,0.0],[-79.37531907472267,-2.545353443712465,0.0],[-79.37550504979949,-2.545353679303849,0.0],[-79.37558903098663,-2.545195218318754,0.0],[-79.37559019110212,-2.544268568502406,0.0],[-79.37576600910744,-2.544268791095759,0.0],[-79.37577815911801,-2.544199048615535,0.0],[-79.37127509761744,-2.544199068281307,0.0]]]}},{"type":"Feature","properties":{"FID_tr_200":7,"FID_2000_d":2,"cov_gen":"FOREST","FID_2022_d":0,"cov_gen_1":"AGRO","old_gen":"FOREST","new_gen":"AGRO","area_ha":1.44975766419,"trans":"FOREST → AGRO","trans_grp":"PÉRDIDA_BOSQUE","FID_cacao_":36,"fcode":"EA010","descr":"PRODUCTO AGRICOLA, RESULTADO DE UN CONJUNTO DE TECNICAS Y CONOCIMIENTOS PARA CULTIVAR LA TIERRA","DPA_DESPRO":"AZUAY","DPA_DESCAN":"CUENCA","niv1":"TIERRA AGROPECUARIA","niv2":"CULTIVO","niv3":"CULTIVO PERMANENTE","niv4":"FRUTALES","niv5":"CACAO","LULC_std":"Cacao","label":"Cacao","cbt":"CACAO","uso":"AGRICOLA","tmp":"CULTIVO PERMANENTE","nal":"NO APLICABLE","tap":"PEQUENA","rie":"SI","spr":"MERCANTIL","sce":1.44975766418,"usce":"HECTAREAS","txt":"EL CODIGO (fcode) Y LA DESCRIPCION (descr) CORRESPONDEN A LOS OBJETOS GEOGRAFICOS DEL ATRIBUTO niv2","simbologia":"CPuc: Cacao","SHAPE_Leng":551.178004003,"apt_uso":1,"cob_suelo":"Cacao","cacao_sys":"Cacao_alim_sin50b","observ":null,"cob_label":"Cacao sin cultivos alimentarios próximos"},"geometry":{"type":"Polygon","coordinates":[[[-79.42499769599323,-2.558520881192774,0.0],[-79.42499767930276,-2.55726178032744,0.0],[-79.42327240116786,-2.558101937069793,0.0],[-79.42428100339654,-2.558454461992929,0.0],[-79.42499769599323,-2.558520881192774,0.0]]]}},{"type":"Feature","properties":{"FID_tr_200":7,"FID_2000_d":2,"cov_gen":"FOREST","FID_2022_d":0,"cov_gen_1":"AGRO","old_gen":"FOREST","new_gen":"AGRO","area_ha":13.7306615382,"trans":"FOREST → AGRO","trans_grp":"PÉRDIDA_BOSQUE","FID_cacao_":37,"fcode":"EA010","descr":"PRODUCTO AGRICOLA, RESULTADO DE UN CONJUNTO DE TECNICAS Y CONOCIMIENTOS PARA CULTIVAR LA TIERRA","DPA_DESPRO":"AZUAY","DPA_DESCAN":"CUENCA","niv1":"TIERRA AGROPECUARIA","niv2":"CULTIVO","niv3":"CULTIVO PERMANENTE","niv4":"FRUTALES","niv5":"CACAO","LULC_std":"Cacao","label":"Cacao","cbt":"CACAO","uso":"AGRICOLA","tmp":"CULTIVO PERMANENTE","nal":"NO APLICABLE","tap":"PEQUENA","rie":"SI","spr":"MERCANTIL","sce":13.7306615382,"usce":"HECTAREAS","txt":"EL CODIGO (fcode) Y LA DESCRIPCION (descr) CORRESPONDEN A LOS OBJETOS GEOGRAFICOS DEL ATRIBUTO niv2","simbologia":"CPuc: Cacao","SHAPE_Leng":1751.5820434,"apt_uso":1,"cob_suelo":"Cacao","cacao_sys":"Cacao_alim_sin50b","observ":null,"cob_label":"Cacao sin cultivos alimentarios próximos"},"geometry":{"type":"Polygon","coordinates":[[[-79.42508972817109,-2.555745769037928,0.0],[-79.42566300638518,-2.555510189901112,0.0],[-79.42625279809617,-2.555001213101165,0.0],[-79.42712759925197,-2.553714465312884,0.0],[-79.42739389217923,-2.553465367249631,0.0],[-79.42828580187206,-2.553095638111024,0.0],[-79.42828597387624,-2.549767324869181,0.0],[-79.42566241011232,-2.552477550527247,0.0],[-79.42392369684876,-2.55412397895608,0.0],[-79.42508972817109,-2.555745769037928,0.0]]]}},{"type":"Feature","properties":{"FID_tr_200":7,"FID_2000_d":2,"cov_gen":"FOREST","FID_2022_d":0,"cov_gen_1":"AGRO","old_gen":"FOREST","new_gen":"AGRO","area_ha":0.0182428626506,"trans":"FOREST → AGRO","trans_grp":"PÉRDIDA_BOSQUE","FID_cacao_":38,"fcode":"EA010","descr":"PRODUCTO AGRICOLA, RESULTADO DE UN CONJUNTO DE TECNICAS Y CONOCIMIENTOS PARA CULTIVAR LA TIERRA","DPA_DESPRO":"GUAYAS","DPA_DESCAN":"NARANJAL","niv1":"TIERRA AGROPECUARIA","niv2":"CULTIVO","niv3":"CULTIVO PERMANENTE","niv4":"FRUTALES","niv5":"CACAO","LULC_std":"Cacao","label":"Cacao","cbt":"CACAO","uso":"AGRICOLA","tmp":"CULTIVO PERMANENTE","nal":"NO APLICABLE","tap":"PEQUENA","rie":"SI","spr":"MERCANTIL","sce":0.0182428626567,"usce":"HECTAREAS","txt":"EL CODIGO (fcode) Y LA DESCRIPCION (descr) CORRESPONDEN A LOS OBJETOS GEOGRAFICOS DEL ATRIBUTO niv2","simbologia":"CPuc: Cacao","SHAPE_Leng":78.3721649125,"apt_uso":1,"cob_suelo":"Cacao","cacao_sys":"Cacao_alim_sin50b","observ":null,"cob_label":"Cacao sin cultivos alimentarios próximos"},"geometry":{"type":"Polygon","coordinates":[[[-79.39095682566186,-2.529654170716764,0.0],[-79.3912892741424,-2.52965416921486,0.0],[-79.39115112975892,-2.529575412063947,0.0],[-79.39095682566186,-2.529654170716764,0.0]]]}},{"type":"Feature","properties":{"FID_tr_200":7,"FID_2000_d":2,"cov_gen":"FOREST","FID_2022_d":0,"cov_gen_1":"AGRO","old_gen":"FOREST","new_gen":"AGRO","area_ha":2.45278638026,"trans":"FOREST → AGRO","trans_grp":"PÉRDIDA_BOSQUE","FID_cacao_":39,"fcode":"EA010","descr":"PRODUCTO AGRICOLA, RESULTADO DE UN CONJUNTO DE TECNICAS Y CONOCIMIENTOS PARA CULTIVAR LA TIERRA","DPA_DESPRO":"AZUAY","DPA_DESCAN":"CUENCA","niv1":"TIERRA AGROPECUARIA","niv2":"CULTIVO","niv3":"CULTIVO PERMANENTE","niv4":"FRUTALES","niv5":"CACAO","LULC_std":"Cacao","label":"Cacao","cbt":"CACAO","uso":"AGRICOLA","tmp":"CULTIVO PERMANENTE","nal":"NO APLICABLE","tap":"PEQUENA","rie":"NO","spr":"MERCANTIL","sce":3.91629822496,"usce":"HECTAREAS","txt":"EL CODIGO (fcode) Y LA DESCRIPCION (descr) CORRESPONDEN A LOS OBJETOS GEOGRAFICOS DEL ATRIBUTO niv2","simbologia":"CPuc: Cacao","SHAPE_Leng":1388.44762261,"apt_uso":1,"cob_suelo":"Cacao","cacao_sys":"Cacao_alim_sin50b","observ":null,"cob_label":"Cacao sin cultivos alimentarios próximos"},"geometry":{"type":"MultiPolygon","coordinates":[[[[-79.46533320807889,-2.617905764325243,0.0],[-79.46544440787838,-2.617741142635478,0.0],[-79.4652071515874,-2.617637726133192,0.0],[-79.46506342334399,-2.617905432284955,0.0],[-79.46533320807889,-2.617905764325243,0.0]]],[[[-79.46320587412441,-2.618347744362075,0.0],[-79.46327988546513,-2.619828844840058,0.0],[-79.46304024236457,-2.619867205462728,0.0],[-79.4630603876733,-2.620420578933714,0.0],[-79.4635420507154,-2.6205497894377,0.0],[-79.46373807826441,-2.620771370707083,0.0],[-79.4639167227462,-2.620613063826899,0.0],[-79.46393414071984,-2.619761944605165,0.0],[-79.46427730687319,-2.619546411796061,0.0],[-79.46479142253143,-2.619725083753094,0.0],[-79.4647919869459,-2.619261678408124,0.0],[-79.46452220198972,-2.619261346078864,0.0],[-79.46452297996417,-2.618622577371086,0.0],[-79.46446642139333,-2.618606250877784,0.0],[-79.46439485244694,-2.618622767265214,0.0],[-79.46449730527797,-2.618808764821806,0.0],[-79.46441106274737,-2.619289623177472,0.0],[-79.46386848975412,-2.619353562145436,0.0],[-79.46379837745243,-2.618312581232717,0.0],[-79.46320587412441,-2.618347744362075,0.0]]]]}},{"type":"Feature","properties":{"FID_tr_200":7,"FID_2000_d":2,"cov_gen":"FOREST","FID_2022_d":0,"cov_gen_1":"AGRO","old_gen":"FOREST","new_gen":"AGRO","area_ha":31.7088389734,"trans":"FOREST → AGRO","trans_grp":"PÉRDIDA_BOSQUE","FID_cacao_":40,"fcode":"EA010","descr":"PRODUCTO AGRICOLA, RESULTADO DE UN CONJUNTO DE TECNICAS Y CONOCIMIENTOS PARA CULTIVAR LA TIERRA","DPA_DESPRO":"AZUAY","DPA_DESCAN":"CUENCA","niv1":"TIERRA AGROPECUARIA","niv2":"CULTIVO","niv3":"CULTIVO PERMANENTE","niv4":"FRUTALES","niv5":"CACAO","LULC_std":"Cacao","label":"Cacao","cbt":"CACAO","uso":"AGRICOLA","tmp":"CULTIVO PERMANENTE","nal":"NO APLICABLE","tap":"PEQUENA","rie":"NO","spr":"MERCANTIL","sce":31.9698934483,"usce":"HECTAREAS","txt":"EL CODIGO (fcode) Y LA DESCRIPCION (descr) CORRESPONDEN A LOS OBJETOS GEOGRAFICOS DEL ATRIBUTO niv2","simbologia":"CPuc: Cacao","SHAPE_Leng":5453.38496829,"apt_uso":1,"cob_suelo":"Cacao","cacao_sys":"Cacao_alim_sin50b","observ":null,"cob_label":"Cacao sin cultivos alimentarios próximos"},"geometry":{"type":"Polygon","coordinates":[[[-79.47171224483927,-2.607572240577795,0.0],[-79.47159332686175,-2.608314179843954,0.0],[-79.47091981383204,-2.608307759029828,0.0],[-79.47066588764021,-2.608940629932219,0.0],[-79.4702440928751,-2.609245848569502,0.0],[-79.47024388461006,-2.609418120904756,0.0],[-79.47035770217127,-2.609734090905723,0.0],[-79.47087093750544,-2.610280247051816,0.0],[-79.47101368642737,-2.610280421575262,0.0],[-79.4712708768627,-2.610079751642775,0.0],[-79.47135701173437,-2.609677890047728,0.0],[-79.47181725486527,-2.609370129563246,0.0],[-79.47214741843702,-2.609855015467544,0.0],[-79.4722112907956,-2.610156569204999,0.0],[-79.47193165644214,-2.611211392027665,0.0],[-79.471738268372,-2.611771039902524,0.0],[-79.4714816688001,-2.611974999755068,0.0],[-79.47201084567017,-2.61200435937303,0.0],[-79.47232468444702,-2.612177014860029,0.0],[-79.47244572683927,-2.612421213401509,0.0],[-79.47231881860094,-2.613093398143041,0.0],[-79.47218992785115,-2.613437783288211,0.0],[-79.47198531045422,-2.613663664864755,0.0],[-79.4721682069552,-2.613953484228296,0.0],[-79.4726364398535,-2.614122305174868,0.0],[-79.47276987143083,-2.614458965750082,0.0],[-79.47250923312426,-2.61481845946935,0.0],[-79.4722313808236,-2.614571958096789,0.0],[-79.47178148682129,-2.614765213764866,0.0],[-79.47173759335125,-2.615648053417446,0.0],[-79.47152310347937,-2.61594926636566,0.0],[-79.47124453414756,-2.616121195995071,0.0],[-79.47081662545034,-2.615840729712578,0.0],[-79.47073139331373,-2.615496082762965,0.0],[-79.47086018058839,-2.615237832966371,0.0],[-79.4714818429838,-2.614657176651774,0.0],[-79.47148212968733,-2.614420302864255,0.0],[-79.4713093921251,-2.614054348090417,0.0],[-79.47068999432352,-2.614318840835524,0.0],[-79.470239969196,-2.614619765948794,0.0],[-79.46991828759872,-2.615028517399276,0.0],[-79.469210426764,-2.616061278238264,0.0],[-79.4697994241786,-2.616647616897533,0.0],[-79.46981316053429,-2.617092707078883,0.0],[-79.46720766068916,-2.619278925459688,0.0],[-79.46721431472332,-2.619677345431654,0.0],[-79.46743510654028,-2.620079617418951,0.0],[-79.46714899323592,-2.620563821086798,0.0],[-79.46766238560254,-2.621016703667482,0.0],[-79.46792543131134,-2.620350799780156,0.0],[-79.46775830430619,-2.62035059425012,0.0],[-79.46775896408637,-2.619807962217271,0.0],[-79.46802874957032,-2.619808293915245,0.0],[-79.46802907935097,-2.619536977862595,0.0],[-79.46826979015479,-2.619537273733688,0.0],[-79.46829919449955,-2.619265993379563,0.0],[-79.46897140264852,-2.619150651469729,0.0],[-79.46985226052713,-2.618744945299708,0.0],[-79.47006665663552,-2.618535997920459,0.0],[-79.47014101221492,-2.618536089163608,0.0],[-79.47033083428515,-2.618970612474882,0.0],[-79.47062248034757,-2.618827398529833,0.0],[-79.47095250825761,-2.618234496769658,0.0],[-79.47119543000274,-2.618048150341888,0.0],[-79.47162355887079,-2.618177889844171,0.0],[-79.47188029570678,-2.618372027008236,0.0],[-79.47197202184302,-2.618568879495231,0.0],[-79.47233686413604,-2.618595123426627,0.0],[-79.47223075525788,-2.619465723792894,0.0],[-79.47238749124382,-2.619681648212242,0.0],[-79.47253872894782,-2.619271329117337,0.0],[-79.4729062996076,-2.618989798779927,0.0],[-79.47309777765606,-2.618543610891394,0.0],[-79.47309777765928,-2.60757194419937,0.0],[-79.47171224483927,-2.607572240577795,0.0]]]}},{"type":"Feature","properties":{"FID_tr_200":7,"FID_2000_d":2,"cov_gen":"FOREST","FID_2022_d":0,"cov_gen_1":"AGRO","old_gen":"FOREST","new_gen":"AGRO","area_ha":11.6262782582,"trans":"FOREST → AGRO","trans_grp":"PÉRDIDA_BOSQUE","FID_cacao_":41,"fcode":"EA010","descr":"PRODUCTO AGRICOLA, RESULTADO DE UN CONJUNTO DE TECNICAS Y CONOCIMIENTOS PARA CULTIVAR LA TIERRA","DPA_DESPRO":"AZUAY","DPA_DESCAN":"CUENCA","niv1":"TIERRA AGROPECUARIA","niv2":"CULTIVO","niv3":"CULTIVO PERMANENTE","niv4":"FRUTALES","niv5":"CACAO","LULC_std":"Cacao","label":"Cacao","cbt":"CACAO","uso":"AGRICOLA","tmp":"CULTIVO PERMANENTE","nal":"NO APLICABLE","tap":"PEQUENA","rie":"NO","spr":"MERCANTIL","sce":11.6891821958,"usce":"HECTAREAS","txt":"EL CODIGO (fcode) Y LA DESCRIPCION (descr) CORRESPONDEN A LOS OBJETOS GEOGRAFICOS DEL ATRIBUTO niv2","simbologia":"CPuc: Cacao","SHAPE_Leng":1861.08393535,"apt_uso":1,"cob_suelo":"Cacao","cacao_sys":"Cacao_alim_sin50b","observ":null,"cob_label":"Cacao sin cultivos alimentarios próximos"},"geometry":{"type":"Polygon","coordinates":[[[-79.42499784162,-2.598903697177694,0.0],[-79.42499787040772,-2.592352241635573,0.0],[-79.42497178412613,-2.59235220900869,0.0],[-79.42489738108785,-2.592512684730689,0.0],[-79.42489690854975,-2.592894737382015,0.0],[-79.42473266515687,-2.592894531892895,0.0],[-79.42462683063405,-2.593139878919028,0.0],[-79.42462646297066,-2.593437020959706,0.0],[-79.42449872233011,-2.593436861081175,0.0],[-79.42430853629183,-2.593744981462593,0.0],[-79.4236820265265,-2.593918758356176,0.0],[-79.42332686765212,-2.594669006031259,0.0],[-79.42285518572544,-2.595100355107524,0.0],[-79.42269176661421,-2.596633572126976,0.0],[-79.42299062649008,-2.597624363305376,0.0],[-79.42336880518715,-2.597718355924704,0.0],[-79.42361113509712,-2.598005798121034,0.0],[-79.42355374774046,-2.598235436852862,0.0],[-79.42318243866634,-2.598349825807674,0.0],[-79.4231965895607,-2.598450341597855,0.0],[-79.42351043910571,-2.598623017830517,0.0],[-79.4241246482276,-2.598336651107172,0.0],[-79.42466712232206,-2.598337331412008,0.0],[-79.4248667139508,-2.598552934751372,0.0],[-79.42488452511644,-2.598903555088271,0.0],[-79.42499784162,-2.598903697177694,0.0]]]}},{"type":"Feature","properties":{"FID_tr_200":7,"FID_2000_d":2,"cov_gen":"FOREST","FID_2022_d":0,"cov_gen_1":"AGRO","old_gen":"FOREST","new_gen":"AGRO","area_ha":3.98551671467,"trans":"FOREST → AGRO","trans_grp":"PÉRDIDA_BOSQUE","FID_cacao_":42,"fcode":"EA010","descr":"PRODUCTO AGRICOLA, RESULTADO DE UN CONJUNTO DE TECNICAS Y CONOCIMIENTOS PARA CULTIVAR LA TIERRA","DPA_DESPRO":"AZUAY","DPA_DESCAN":"CUENCA","niv1":"TIERRA AGROPECUARIA","niv2":"CULTIVO","niv3":"CULTIVO PERMANENTE","niv4":"FRUTALES","niv5":"CACAO","LULC_std":"Cacao","label":"Cacao","cbt":"CACAO","uso":"AGRICOLA","tmp":"CULTIVO PERMANENTE","nal":"NO APLICABLE","tap":"PEQUENA","rie":"NO","spr":"MERCANTIL","sce":3.98551671463,"usce":"HECTAREAS","txt":"EL CODIGO (fcode) Y LA DESCRIPCION (descr) CORRESPONDEN A LOS OBJETOS GEOGRAFICOS DEL ATRIBUTO niv2","simbologia":"CPuc: Cacao","SHAPE_Leng":846.797723349,"apt_uso":1,"cob_suelo":"Cacao","cacao_sys":"Cacao_alim_sin50b","observ":null,"cob_label":"Cacao sin cultivos alimentarios próximos"},"geometry":{"type":"Polygon","coordinates":[[[-79.42014660661825,-2.586106248786265,0.0],[-79.42037478371033,-2.586293173321077,0.0],[-79.42068879119915,-2.586336637696776,0.0],[-79.42113141988492,-2.586265406301257,0.0],[-79.42128864515244,-2.586107677598549,0.0],[-79.42214501455403,-2.586237960041255,0.0],[-79.42228799979115,-2.586051499619534,0.0],[-79.42224556370336,-2.585735594811251,0.0],[-79.42178954670861,-2.58508896548227,0.0],[-79.42196118904711,-2.584816398820174,0.0],[-79.42220408526939,-2.58464442000589,0.0],[-79.42210445863054,-2.584400228075819,0.0],[-79.42151914619967,-2.584413853629532,0.0],[-79.42063373041333,-2.584685527845091,0.0],[-79.42020516566629,-2.584929058198744,0.0],[-79.42000484697643,-2.585302086395526,0.0],[-79.42014660661825,-2.586106248786265,0.0]]]}},{"type":"Feature","properties":{"FID_tr_200":7,"FID_2000_d":2,"cov_gen":"FOREST","FID_2022_d":0,"cov_gen_1":"AGRO","old_gen":"FOREST","new_gen":"AGRO","area_ha":5.39075712377,"trans":"FOREST → AGRO","trans_grp":"PÉRDIDA_BOSQUE","FID_cacao_":44,"fcode":"EA010","descr":"PRODUCTO AGRICOLA, RESULTADO DE UN CONJUNTO DE TECNICAS Y CONOCIMIENTOS PARA CULTIVAR LA TIERRA","DPA_DESPRO":"AZUAY","DPA_DESCAN":"CUENCA","niv1":"TIERRA AGROPECUARIA","niv2":"CULTIVO","niv3":"CULTIVO PERMANENTE","niv4":"FRUTALES","niv5":"CACAO","LULC_std":"Cacao","label":"Cacao","cbt":"CACAO","uso":"AGRICOLA","tmp":"CULTIVO PERMANENTE","nal":"NO APLICABLE","tap":"PEQUENA","rie":"NO","spr":"MERCANTIL","sce":5.39075712376,"usce":"HECTAREAS","txt":"EL CODIGO (fcode) Y LA DESCRIPCION (descr) CORRESPONDEN A LOS OBJETOS GEOGRAFICOS DEL ATRIBUTO niv2","simbologia":"CPuc: Cacao","SHAPE_Leng":1357.75832489,"apt_uso":1,"cob_suelo":"Cacao","cacao_sys":"Cacao_alim_sin50b","observ":null,"cob_label":"Cacao sin cultivos alimentarios próximos"},"geometry":{"type":"Polygon","coordinates":[[[-79.38021290320107,-2.558060298725766,0.0],[-79.37977482812268,-2.558308590022501,0.0],[-79.37937515544058,-2.558288940975348,0.0],[-79.37928022955342,-2.558097399279635,0.0],[-79.37906995183101,-2.55882453275624,0.0],[-79.37924076916477,-2.559207592027665,0.0],[-79.38005861884352,-2.559668042030412,0.0],[-79.38156075254753,-2.56085676206177,0.0],[-79.38285414877922,-2.561547520640751,0.0],[-79.38298718087425,-2.560858899716672,0.0],[-79.38220836356673,-2.560474741348346,0.0],[-79.38215186343656,-2.559996115716266,0.0],[-79.38156226597008,-2.559650808746199,0.0],[-79.38135268519291,-2.559822821673549,0.0],[-79.38051656896393,-2.558749801341213,0.0],[-79.38082153290094,-2.55840562978654,0.0],[-79.3806696513992,-2.558099163203904,0.0],[-79.38021290320107,-2.558060298725766,0.0]]]}},{"type":"Feature","properties":{"FID_tr_200":7,"FID_2000_d":2,"cov_gen":"FOREST","FID_2022_d":0,"cov_gen_1":"AGRO","old_gen":"FOREST","new_gen":"AGRO","area_ha":9.60561330085,"trans":"FOREST → AGRO","trans_grp":"PÉRDIDA_BOSQUE","FID_cacao_":45,"fcode":"EA010","descr":"PRODUCTO AGRICOLA, RESULTADO DE UN CONJUNTO DE TECNICAS Y CONOCIMIENTOS PARA CULTIVAR LA TIERRA","DPA_DESPRO":"AZUAY","DPA_DESCAN":"CUENCA","niv1":"TIERRA AGROPECUARIA","niv2":"CULTIVO","niv3":"CULTIVO PERMANENTE","niv4":"FRUTALES","niv5":"CACAO","LULC_std":"Cacao","label":"Cacao","cbt":"CACAO","uso":"AGRICOLA","tmp":"CULTIVO PERMANENTE","nal":"NO APLICABLE","tap":"PEQUENA","rie":"NO","spr":"MERCANTIL","sce":9.60561330082,"usce":"HECTAREAS","txt":"EL CODIGO (fcode) Y LA DESCRIPCION (descr) CORRESPONDEN A LOS OBJETOS GEOGRAFICOS DEL ATRIBUTO niv2","simbologia":"CPuc: Cacao","SHAPE_Leng":1352.04357681,"apt_uso":1,"cob_suelo":"Cacao","cacao_sys":"Cacao_alim_sin50b","observ":null,"cob_label":"Cacao sin cultivos alimentarios próximos"},"geometry":{"type":"Polygon","coordinates":[[[-79.4160164668595,-2.545884050357714,0.0],[-79.41850991556626,-2.549720412558691,0.0],[-79.41995285259911,-2.548774640312651,0.0],[-79.41814374054827,-2.545642610324053,0.0],[-79.417701495487,-2.545412354443133,0.0],[-79.41710184057563,-2.545497756319326,0.0],[-79.41663041511899,-2.545784310874752,0.0],[-79.4160164668595,-2.545884050357714,0.0]]]}},{"type":"Feature","properties":{"FID_tr_200":7,"FID_2000_d":2,"cov_gen":"FOREST","FID_2022_d":0,"cov_gen_1":"AGRO","old_gen":"FOREST","new_gen":"AGRO","area_ha":20.8757070208,"trans":"FOREST → AGRO","trans_grp":"PÉRDIDA_BOSQUE","FID_cacao_":46,"fcode":"EA010","descr":"PRODUCTO AGRICOLA, RESULTADO DE UN CONJUNTO DE TECNICAS Y CONOCIMIENTOS PARA CULTIVAR LA TIERRA","DPA_DESPRO":"CANAR","DPA_DESCAN":"CANAR","niv1":"TIERRA AGROPECUARIA","niv2":"CULTIVO","niv3":"CULTIVO PERMANENTE","niv4":"FRUTALES","niv5":"CACAO","LULC_std":"Cacao","label":"Cacao","cbt":"CACAO","uso":"AGRICOLA","tmp":"CULTIVO PERMANENTE","nal":"NO APLICABLE","tap":"MEDIANA","rie":"SI","spr":"MERCANTIL","sce":20.8757070209,"usce":"HECTAREAS","txt":"EL CODIGO (fcode) Y LA DESCRIPCION (descr) CORRESPONDEN A LOS OBJETOS GEOGRAFICOS DEL ATRIBUTO niv2","simbologia":"CPuc: Cacao","SHAPE_Leng":2327.83414662,"apt_uso":1,"cob_suelo":"Cacao","cacao_sys":"Cacao_alim_sin50b","observ":null,"cob_label":"Cacao sin cultivos alimentarios próximos"},"geometry":{"type":"Polygon","coordinates":[[[-79.373617956039,-2.523690770880379,0.0],[-79.37145425801612,-2.528606850078572,0.0],[-79.37292816854716,-2.528920374957669,0.0],[-79.37301079507256,-2.529434921944645,0.0],[-79.37368868559022,-2.529555414451604,0.0],[-79.37396241522985,-2.529448084973397,0.0],[-79.37401056341528,-2.528993521577721,0.0],[-79.37596108705176,-2.529259180899935,0.0],[-79.37698158345152,-2.529532536461892,0.0],[-79.37749196376927,-2.529287937568072,0.0],[-79.37687844946252,-2.528123772725718,0.0],[-79.37673620999772,-2.527716823786303,0.0],[-79.37666562542645,-2.527082653063418,0.0],[-79.37644025116329,-2.526567926077298,0.0],[-79.37626187918538,-2.52651984645269,0.0],[-79.37609433196353,-2.527333174963716,0.0],[-79.3758802444373,-2.527308978498259,0.0],[-79.37578536320018,-2.527081546494176,0.0],[-79.37509651483556,-2.526207322376986,0.0],[-79.37464550103208,-2.525393216614279,0.0],[-79.3742176682011,-2.525069655214374,0.0],[-79.37398028080419,-2.524650624339164,0.0],[-79.37380284638206,-2.523848826608145,0.0],[-79.373617956039,-2.523690770880379,0.0]]]}},{"type":"Feature","properties":{"FID_tr_200":7,"FID_2000_d":2,"cov_gen":"FOREST","FID_2022_d":0,"cov_gen_1":"AGRO","old_gen":"FOREST","new_gen":"AGRO","area_ha":0.579956403823,"trans":"FOREST → AGRO","trans_grp":"PÉRDIDA_BOSQUE","FID_cacao_":47,"fcode":"EA010","descr":"PRODUCTO AGRICOLA, RESULTADO DE UN CONJUNTO DE TECNICAS Y CONOCIMIENTOS PARA CULTIVAR LA TIERRA","DPA_DESPRO":"CANAR","DPA_DESCAN":"CANAR","niv1":"TIERRA AGROPECUARIA","niv2":"CULTIVO","niv3":"CULTIVO PERMANENTE","niv4":"FRUTALES","niv5":"CACAO","LULC_std":"Cacao","label":"Cacao","cbt":"CACAO","uso":"AGRICOLA","tmp":"CULTIVO PERMANENTE","nal":"NO APLICABLE","tap":"MEDIANA","rie":"SI","spr":"MERCANTIL","sce":7.56589163306,"usce":"HECTAREAS","txt":"EL CODIGO (fcode) Y LA DESCRIPCION (descr) CORRESPONDEN A LOS OBJETOS GEOGRAFICOS DEL ATRIBUTO niv2","simbologia":"CPuc: Cacao","SHAPE_Leng":1197.63765447,"apt_uso":1,"cob_suelo":"Cacao","cacao_sys":"Cacao_alim_sin50b","observ":null,"cob_label":"Cacao sin cultivos alimentarios próximos"},"geometry":{"type":"MultiPolygon","coordinates":[[[[-79.36153309707524,-2.510337840074522,0.0],[-79.36160537995138,-2.510337931155321,0.0],[-79.36160544581362,-2.510285056407825,0.0],[-79.36153309707524,-2.510337840074522,0.0]]],[[[-79.36025529304223,-2.511414349015657,0.0],[-79.36133427906783,-2.511422800989426,0.0],[-79.36131608959575,-2.511150320349878,0.0],[-79.3613829169346,-2.510978127272104,0.0],[-79.36160476722624,-2.510829778470989,0.0],[-79.36160504198772,-2.510609233632412,0.0],[-79.36133529334546,-2.51060889367561,0.0],[-79.36133545140252,-2.510482036910643,0.0],[-79.36056873475269,-2.511339704997792,0.0],[-79.36025529304223,-2.511414349015657,0.0]]]]}},{"type":"Feature","properties":{"FID_tr_200":7,"FID_2000_d":2,"cov_gen":"FOREST","FID_2022_d":0,"cov_gen_1":"AGRO","old_gen":"FOREST","new_gen":"AGRO","area_ha":158.239806394,"trans":"FOREST → AGRO","trans_grp":"PÉRDIDA_BOSQUE","FID_cacao_":48,"fcode":"EA010","descr":"PRODUCTO AGRICOLA, RESULTADO DE UN CONJUNTO DE TECNICAS Y CONOCIMIENTOS PARA CULTIVAR LA TIERRA","DPA_DESPRO":"CANAR","DPA_DESCAN":"CANAR","niv1":"TIERRA AGROPECUARIA","niv2":"CULTIVO","niv3":"CULTIVO PERMANENTE","niv4":"FRUTALES","niv5":"CACAO","LULC_std":"Cacao","label":"Cacao","cbt":"CACAO","uso":"AGRICOLA","tmp":"CULTIVO PERMANENTE","nal":"NO APLICABLE","tap":"MEDIANA","rie":"SI","spr":"MERCANTIL","sce":165.749412426,"usce":"HECTAREAS","txt":"EL CODIGO (fcode) Y LA DESCRIPCION (descr) CORRESPONDEN A LOS OBJETOS GEOGRAFICOS DEL ATRIBUTO niv2","simbologia":"CPuc: Cacao","SHAPE_Leng":9001.22919198,"apt_uso":1,"cob_suelo":"Cacao","cacao_sys":"Cacao_alim_con50b","observ":null,"cob_label":"Cacao próximo a cultivos alimentarios"},"geometry":{"type":"MultiPolygon","coordinates":[[[[-79.3818613627084,-2.506510456216362,0.0],[-79.38135235741017,-2.50751692896334,0.0],[-79.38105976106118,-2.507363379664632,0.0],[-79.38077424469014,-2.507386952808691,0.0],[-79.38072600130766,-2.50792526509684,0.0],[-79.38049960895346,-2.508236043269905,0.0],[-79.38023800042964,-2.508163934789367,0.0],[-79.38015409318528,-2.507973420977389,0.0],[-79.37989359375969,-2.508353329420716,0.0],[-79.3798395572836,-2.508766014383697,0.0],[-79.37953608805252,-2.508879293499443,0.0],[-79.37879924383685,-2.508340002862937,0.0],[-79.37871616053447,-2.508190351393144,0.0],[-79.37867635461978,-2.50755045376365,0.0],[-79.37825260994055,-2.507252211000492,0.0],[-79.3781929850761,-2.507284405760165,0.0],[-79.37817096525399,-2.506831731904113,0.0],[-79.37698545880872,-2.506830254759238,0.0],[-79.37698512448515,-2.507101559338154,0.0],[-79.37536662503604,-2.50709954072207,0.0],[-79.37536629034308,-2.507370845081068,0.0],[-79.37286448143072,-2.507367720492995,0.0],[-79.3726686247085,-2.507504153177919,0.0],[-79.37266812300797,-2.50791008387409,0.0],[-79.372398373424,-2.507909746574787,0.0],[-79.37239803801124,-2.508181050528731,0.0],[-79.37212827297971,-2.508193189887137,0.0],[-79.37212795290343,-2.508452017053273,0.0],[-79.37158833929892,-2.508543810681218,0.0],[-79.37158811804319,-2.508722645871183,0.0],[-79.37131836843825,-2.508722308238821,0.0],[-79.3713180326941,-2.508993612043067,0.0],[-79.37087673688994,-2.508993059514476,0.0],[-79.37077845095313,-2.509059599126852,0.0],[-79.3707781975907,-2.509264240267536,0.0],[-79.37038030211906,-2.509263741866568,0.0],[-79.37023860821174,-2.509336392486648,0.0],[-79.37023836237438,-2.509534868121034,0.0],[-79.36996861278494,-2.509534530099584,0.0],[-79.3699682766537,-2.509805833717431,0.0],[-79.36969852704513,-2.509805495603504,0.0],[-79.36969819082186,-2.510076799183549,0.0],[-79.36868523257209,-2.510075528868393,0.0],[-79.36861913369155,-2.510122889252847,0.0],[-79.36861885604799,-2.51034674945497,0.0],[-79.36834910651065,-2.510346410988352,0.0],[-79.36834876993655,-2.51061771438302,0.0],[-79.36807902038011,-2.510617375823871,0.0],[-79.36807868371392,-2.510888679180668,0.0],[-79.36753918459934,-2.51088800182137,0.0],[-79.36753884778547,-2.511159305103798,0.0],[-79.36681915109733,-2.511158401054313,0.0],[-79.36672948734156,-2.511248355902245,0.0],[-79.36672892514977,-2.511700894876863,0.0],[-79.36645917559,-2.511700555835607,0.0],[-79.36645883844415,-2.511971858967864,0.0],[-79.3661890888653,-2.511971519834005,0.0],[-79.36618875162732,-2.512242822928396,0.0],[-79.36591900202937,-2.512242483701922,0.0],[-79.36591866469922,-2.512513786758459,0.0],[-79.36564891508219,-2.512513447439357,0.0],[-79.36564857765987,-2.512784750458017,0.0],[-79.36537882802378,-2.512784411046276,0.0],[-79.36537849050927,-2.513055714027103,0.0],[-79.36483899123544,-2.513055034962356,0.0],[-79.36483865357309,-2.51332633786859,0.0],[-79.36456890393538,-2.513325998215567,0.0],[-79.36456856618082,-2.513597301083917,0.0],[-79.36429881652406,-2.513596961338211,0.0],[-79.36429849525604,-2.513854951514219,0.0],[-79.3654459482356,-2.513194143765514,0.0],[-79.36642109026235,-2.513410717808761,0.0],[-79.36703895888111,-2.513961827932568,0.0],[-79.3674790385543,-2.513998272997501,0.0],[-79.36780975975236,-2.513384091779537,0.0],[-79.36818132009577,-2.513628279022369,0.0],[-79.36831148413611,-2.514178775102942,0.0],[-79.36901348269483,-2.51403609219946,0.0],[-79.36919179293403,-2.514132026772042,0.0],[-79.36946565195947,-2.513917022315349,0.0],[-79.36995294228396,-2.514252620455723,0.0],[-79.37042949479698,-2.51365502937462,0.0],[-79.37051386032219,-2.512769815705101,0.0],[-79.37076419477539,-2.512339433478098,0.0],[-79.37067499472224,-2.511774205978722,0.0],[-79.37080108109166,-2.511370412984873,0.0],[-79.37108690838653,-2.511095604578165,0.0],[-79.37114602897057,-2.511382808931677,0.0],[-79.37102682436772,-2.511586044521255,0.0],[-79.37099042656583,-2.51216026029441,0.0],[-79.37073949886553,-2.513069192536876,0.0],[-79.37065528264327,-2.513834769515685,0.0],[-79.37047628939006,-2.514289168261614,0.0],[-79.3759312834982,-2.518291917688238,0.0],[-79.37762505261081,-2.515142697770976,0.0],[-79.3782967484364,-2.515505709742111,0.0],[-79.37849551024004,-2.515533949587716,0.0],[-79.3786033338954,-2.51570424873848,0.0],[-79.37997417979552,-2.516052015552248,0.0],[-79.37994374693116,-2.515759409085094,0.0],[-79.38002834130184,-2.515406831289369,0.0],[-79.38070922750802,-2.515424975020336,0.0],[-79.3808712757373,-2.515205042663823,0.0],[-79.38074808318872,-2.514783761374727,0.0],[-79.38043773933252,-2.51449718855414,0.0],[-79.38091631940421,-2.514210108568734,0.0],[-79.3810167364605,-2.513808248558182,0.0],[-79.38133107344571,-2.513564578485012,0.0],[-79.38168793369412,-2.513565023244451,0.0],[-79.38193026297371,-2.513838101317339,0.0],[-79.38252936358735,-2.514183405988542,0.0],[-79.38264306360053,-2.514585533191548,0.0],[-79.38295699509126,-2.514672063876016,0.0],[-79.3835131142105,-2.515146525269835,0.0],[-79.38354113265241,-2.515577259099314,0.0],[-79.38398807269179,-2.51570534713467,0.0],[-79.38398930185629,-2.514706837648521,0.0],[-79.38371954935896,-2.514706501787818,0.0],[-79.38371988330694,-2.514435196332823,0.0],[-79.38398963574859,-2.514435532157246,0.0],[-79.3839100794146,-2.513973664152207,0.0],[-79.38395824979747,-2.513495170332863,0.0],[-79.3842609086782,-2.513199841004684,0.0],[-79.38367334397718,-2.513021046988079,0.0],[-79.38350694138073,-2.512913164949096,0.0],[-79.3833526115095,-2.512661731930147,0.0],[-79.38344839179919,-2.512159369186207,0.0],[-79.38333207339942,-2.511509639632334,0.0],[-79.38407051973526,-2.511834025177745,0.0],[-79.38438078346763,-2.511032832030461,0.0],[-79.38420908052383,-2.51039853320132,0.0],[-79.38523773224385,-2.510639088569968,0.0],[-79.38561897742898,-2.510155025529644,0.0],[-79.3856250796242,-2.510029412030559,0.0],[-79.38539156496633,-2.50987930508107,0.0],[-79.38407028634474,-2.509444345952906,0.0],[-79.38380891297356,-2.50918081651258,0.0],[-79.38453442443804,-2.507001200560231,0.0],[-79.38504570914971,-2.507175310651037,0.0],[-79.38516998338486,-2.506937944453302,0.0],[-79.38200498651342,-2.505361323242249,0.0],[-79.38173479670198,-2.505603935541914,0.0],[-79.38164525892084,-2.50586702875523,0.0],[-79.38162516887482,-2.506145131849958,0.0],[-79.38175465771408,-2.506223191824342,0.0],[-79.3818613627084,-2.506510456216362,0.0]]],[[[-79.36375897936212,-2.513867584435909,0.0],[-79.36375869296464,-2.514097472862988,0.0],[-79.36427542901193,-2.513868235132244,0.0],[-79.36375897936212,-2.513867584435909,0.0]]],[[[-79.36348889170908,-2.514138547204635,0.0],[-79.36348882778759,-2.514189844171896,0.0],[-79.36366375455385,-2.514138767604666,0.0],[-79.36348889170908,-2.514138547204635,0.0]]]]}},{"type":"Feature","properties":{"FID_tr_200":7,"FID_2000_d":2,"cov_gen":"FOREST","FID_2022_d":0,"cov_gen_1":"AGRO","old_gen":"FOREST","new_gen":"AGRO","area_ha":0.0330723779861,"trans":"FOREST → AGRO","trans_grp":"PÉRDIDA_BOSQUE","FID_cacao_":49,"fcode":"EA010","descr":"PRODUCTO AGRICOLA, RESULTADO DE UN CONJUNTO DE TECNICAS Y CONOCIMIENTOS PARA CULTIVAR LA TIERRA","DPA_DESPRO":"AZUAY","DPA_DESCAN":"CUENCA","niv1":"TIERRA AGROPECUARIA","niv2":"CULTIVO","niv3":"CULTIVO PERMANENTE","niv4":"FRUTALES","niv5":"CACAO","LULC_std":"Cacao","label":"Cacao","cbt":"CACAO","uso":"AGRICOLA","tmp":"CULTIVO PERMANENTE","nal":"NO APLICABLE","tap":"MEDIANA","rie":"NO","spr":"MERCANTIL","sce":0.0330723779854,"usce":"HECTAREAS","txt":"EL CODIGO (fcode) Y LA DESCRIPCION (descr) CORRESPONDEN A LOS OBJETOS GEOGRAFICOS DEL ATRIBUTO niv2","simbologia":"CPuc: Cacao","SHAPE_Leng":159.464899704,"apt_uso":1,"cob_suelo":"Cacao","cacao_sys":"Cacao_alim_sin50b","observ":null,"cob_label":"Cacao sin cultivos alimentarios próximos"},"geometry":{"type":"Polygon","coordinates":[[[-79.36670436012787,-2.568274167314182,0.0],[-79.36687444134853,-2.568198405536575,0.0],[-79.36720951472347,-2.567776022260096,0.0],[-79.36695074184583,-2.568043226682498,0.0],[-79.36670436012787,-2.568274167314182,0.0]]]}},{"type":"Feature","properties":{"FID_tr_200":7,"FID_2000_d":2,"cov_gen":"FOREST","FID_2022_d":0,"cov_gen_1":"AGRO","old_gen":"FOREST","new_gen":"AGRO","area_ha":2.80259641333,"trans":"FOREST → AGRO","trans_grp":"PÉRDIDA_BOSQUE","FID_cacao_":50,"fcode":"EA010","descr":"PRODUCTO AGRICOLA, RESULTADO DE UN CONJUNTO DE TECNICAS Y CONOCIMIENTOS PARA CULTIVAR LA TIERRA","DPA_DESPRO":"CANAR","DPA_DESCAN":"CANAR","niv1":"TIERRA AGROPECUARIA","niv2":"CULTIVO","niv3":"CULTIVO PERMANENTE","niv4":"FRUTALES","niv5":"CACAO","LULC_std":"Cacao","label":"Cacao","cbt":"CACAO","uso":"AGRICOLA","tmp":"CULTIVO PERMANENTE","nal":"NO APLICABLE","tap":"MEDIANA","rie":"NO","spr":"MERCANTIL","sce":6.89322190543,"usce":"HECTAREAS","txt":"EL CODIGO (fcode) Y LA DESCRIPCION (descr) CORRESPONDEN A LOS OBJETOS GEOGRAFICOS DEL ATRIBUTO niv2","simbologia":"CPuc: Cacao","SHAPE_Leng":1738.32059715,"apt_uso":1,"cob_suelo":"Cacao","cacao_sys":"Cacao_alim_sin50b","observ":null,"cob_label":"Cacao sin cultivos alimentarios próximos"},"geometry":{"type":"MultiPolygon","coordinates":[[[[-79.36584940084572,-2.56761119801401,0.0],[-79.36584908518054,-2.567859585539608,0.0],[-79.36557932408998,-2.567859238736453,0.0],[-79.36557897921087,-2.56813054151274,0.0],[-79.36530921810002,-2.568130194615708,0.0],[-79.36530887312747,-2.568401497354115,0.0],[-79.36503911199631,-2.568401150363195,0.0],[-79.36503807668866,-2.569215058461045,0.0],[-79.36476831542343,-2.569214711302811,0.0],[-79.36476727961598,-2.570028619279744,0.0],[-79.36503704105189,-2.570028966548098,0.0],[-79.3650366957665,-2.570300269241394,0.0],[-79.36526030635437,-2.570300557085941,0.0],[-79.36512180552268,-2.569440381278131,0.0],[-79.36550262764469,-2.569316448015173,0.0],[-79.36569334906598,-2.569010421857615,0.0],[-79.3657222517275,-2.568732900447498,0.0],[-79.36631273092944,-2.568379532886995,0.0],[-79.36670436012787,-2.568274167314182,0.0],[-79.36729877780031,-2.567611151847953,0.0],[-79.36584940084572,-2.56761119801401,0.0]]],[[[-79.36503635044454,-2.570571571933438,0.0],[-79.36503547736106,-2.5712573831045,0.0],[-79.36519574510051,-2.571163255100535,0.0],[-79.3652563643761,-2.570571855178346,0.0],[-79.36503635044454,-2.570571571933438,0.0]]]]}},{"type":"Feature","properties":{"FID_tr_200":7,"FID_2000_d":2,"cov_gen":"FOREST","FID_2022_d":0,"cov_gen_1":"AGRO","old_gen":"FOREST","new_gen":"AGRO","area_ha":11.6662215121,"trans":"FOREST → AGRO","trans_grp":"PÉRDIDA_BOSQUE","FID_cacao_":51,"fcode":"EA010","descr":"PRODUCTO AGRICOLA, RESULTADO DE UN CONJUNTO DE TECNICAS Y CONOCIMIENTOS PARA CULTIVAR LA TIERRA","DPA_DESPRO":"CANAR","DPA_DESCAN":"CANAR","niv1":"TIERRA AGROPECUARIA","niv2":"CULTIVO","niv3":"CULTIVO PERMANENTE","niv4":"FRUTALES","niv5":"CACAO","LULC_std":"Cacao","label":"Cacao","cbt":"CACAO","uso":"AGRICOLA","tmp":"CULTIVO PERMANENTE","nal":"NO APLICABLE","tap":"MEDIANA","rie":"NO","spr":"MERCANTIL","sce":11.7100604013,"usce":"HECTAREAS","txt":"EL CODIGO (fcode) Y LA DESCRIPCION (descr) CORRESPONDEN A LOS OBJETOS GEOGRAFICOS DEL ATRIBUTO niv2","simbologia":"CPuc: Cacao","SHAPE_Leng":1584.02128549,"apt_uso":1,"cob_suelo":"Cacao","cacao_sys":"Cacao_alim_sin50b","observ":null,"cob_label":"Cacao sin cultivos alimentarios próximos"},"geometry":{"type":"Polygon","coordinates":[[[-79.37127509761744,-2.544199068281307,0.0],[-79.37577815911801,-2.544199048615535,0.0],[-79.37586096707324,-2.543454997199903,0.0],[-79.37600847530962,-2.543455183862768,0.0],[-79.37613093498973,-2.543287026839528,0.0],[-79.37612283685304,-2.542634924737295,0.0],[-79.3760042102552,-2.54237157111492,0.0],[-79.37596895790959,-2.54202457571501,0.0],[-79.37570741945864,-2.541892643154221,0.0],[-79.37527829633083,-2.542597964417838,0.0],[-79.37357754675789,-2.542344571316868,0.0],[-79.37275718891404,-2.54199658253331,0.0],[-79.37143672363082,-2.542042762999185,0.0],[-79.37110468224309,-2.542181413216185,0.0],[-79.37127509761744,-2.544199068281307,0.0]]]}},{"type":"Feature","properties":{"FID_tr_200":7,"FID_2000_d":2,"cov_gen":"FOREST","FID_2022_d":0,"cov_gen_1":"AGRO","old_gen":"FOREST","new_gen":"AGRO","area_ha":25.964103386,"trans":"FOREST → AGRO","trans_grp":"PÉRDIDA_BOSQUE","FID_cacao_":52,"fcode":"EA010","descr":"PRODUCTO AGRICOLA, RESULTADO DE UN CONJUNTO DE TECNICAS Y CONOCIMIENTOS PARA CULTIVAR LA TIERRA","DPA_DESPRO":"CANAR","DPA_DESCAN":"CANAR","niv1":"TIERRA AGROPECUARIA","niv2":"CULTIVO","niv3":"CULTIVO PERMANENTE","niv4":"FRUTALES","niv5":"CACAO","LULC_std":"Cacao","label":"Cacao","cbt":"CACAO","uso":"AGRICOLA","tmp":"CULTIVO PERMANENTE","nal":"NO APLICABLE","tap":"MEDIANA","rie":"NO","spr":"MERCANTIL","sce":113.372768557,"usce":"HECTAREAS","txt":"EL CODIGO (fcode) Y LA DESCRIPCION (descr) CORRESPONDEN A LOS OBJETOS GEOGRAFICOS DEL ATRIBUTO niv2","simbologia":"CPuc: Cacao","SHAPE_Leng":3250.01631906,"apt_uso":1,"cob_suelo":"Cacao","cacao_sys":"Cacao_alim_sin50b","observ":null,"cob_label":"Cacao sin cultivos alimentarios próximos"},"geometry":{"type":"Polygon","coordinates":[[[-79.35986874123607,-2.554974394496734,0.0],[-79.36033839259315,-2.553840133277658,0.0],[-79.3602893511374,-2.553523491029048,0.0],[-79.36096242074318,-2.552792411285057,0.0],[-79.36192749960662,-2.551176944693805,0.0],[-79.36192756475964,-2.544554544646931,0.0],[-79.36011800985713,-2.541200469365022,0.0],[-79.35986219733049,-2.54087960603302,0.0],[-79.35986874123607,-2.554974394496734,0.0]]]}},{"type":"Feature","properties":{"FID_tr_200":7,"FID_2000_d":2,"cov_gen":"FOREST","FID_2022_d":0,"cov_gen_1":"AGRO","old_gen":"FOREST","new_gen":"AGRO","area_ha":2.1635397083,"trans":"FOREST → AGRO","trans_grp":"PÉRDIDA_BOSQUE","FID_cacao_":53,"fcode":"EA010","descr":"PRODUCTO AGRICOLA, RESULTADO DE UN CONJUNTO DE TECNICAS Y CONOCIMIENTOS PARA CULTIVAR LA TIERRA","DPA_DESPRO":"CANAR","DPA_DESCAN":"CANAR","niv1":"TIERRA AGROPECUARIA","niv2":"CULTIVO","niv3":"CULTIVO PERMANENTE","niv4":"FRUTALES","niv5":"CACAO","LULC_std":"Cacao","label":"Cacao","cbt":"CACAO","uso":"AGRICOLA","tmp":"CULTIVO PERMANENTE","nal":"NO APLICABLE","tap":"PEQUENA","rie":"SI","spr":"MERCANTIL","sce":4.5230346124,"usce":"HECTAREAS","txt":"EL CODIGO (fcode) Y LA DESCRIPCION (descr) CORRESPONDEN A LOS OBJETOS GEOGRAFICOS DEL ATRIBUTO niv2","simbologia":"CPuc: Cacao","SHAPE_Leng":1776.3262185,"apt_uso":1,"cob_suelo":"Cacao","cacao_sys":"Cacao_alim_sin50b","observ":null,"cob_label":"Cacao sin cultivos alimentarios próximos"},"geometry":{"type":"MultiPolygon","coordinates":[[[[-79.38736063506018,-2.510912741358835,0.0],[-79.38780105497241,-2.51057578694499,0.0],[-79.38867140177182,-2.510117956275229,0.0],[-79.38925662517295,-2.509616749558281,0.0],[-79.38939996736826,-2.509000266944135,0.0],[-79.38939200418308,-2.508473499847145,0.0],[-79.38912220153499,-2.508514600668565,0.0],[-79.3891215881233,-2.509015778347405,0.0],[-79.3888518361083,-2.509015444310159,0.0],[-79.38885150393878,-2.509286750476894,0.0],[-79.38858175190424,-2.509286416347604,0.0],[-79.388581087346,-2.509829028605233,0.0],[-79.38804158316282,-2.509828360034298,0.0],[-79.38804125071849,-2.510099666088967,0.0],[-79.38777149862538,-2.510099331683474,0.0],[-79.38777116608942,-2.510370637700799,0.0],[-79.38750141397679,-2.510370303203213,0.0],[-79.38750108134919,-2.510641609183187,0.0],[-79.38723132921706,-2.510641274593497,0.0],[-79.3872309964978,-2.51091258053603,0.0],[-79.38736063506018,-2.510912741358835,0.0]]],[[[-79.38587857074852,-2.513895269866784,0.0],[-79.38643494411416,-2.51347176413002,0.0],[-79.3865750235119,-2.513142811119618,0.0],[-79.38669036525704,-2.511830342340505,0.0],[-79.38637071629023,-2.512780337266926,0.0],[-79.38614925495855,-2.513137305592763,0.0],[-79.38614899000892,-2.513352993599995,0.0],[-79.38587923750096,-2.513352658368447,0.0],[-79.38587857074852,-2.513895269866784,0.0]]]]}},{"type":"Feature","properties":{"FID_tr_200":7,"FID_2000_d":2,"cov_gen":"FOREST","FID_2022_d":0,"cov_gen_1":"AGRO","old_gen":"FOREST","new_gen":"AGRO","area_ha":111.157538079,"trans":"FOREST → AGRO","trans_grp":"PÉRDIDA_BOSQUE","FID_cacao_":55,"fcode":"EA010","descr":"PRODUCTO AGRICOLA, RESULTADO DE UN CONJUNTO DE TECNICAS Y CONOCIMIENTOS PARA CULTIVAR LA TIERRA","DPA_DESPRO":"GUAYAS","DPA_DESCAN":"NARANJAL","niv1":"TIERRA AGROPECUARIA","niv2":"CULTIVO","niv3":"CULTIVO PERMANENTE","niv4":"FRUTALES","niv5":"CACAO","LULC_std":"Cacao","label":"Cacao","cbt":"CACAO","uso":"AGRICOLA","tmp":"CULTIVO PERMANENTE","nal":"NO APLICABLE","tap":"GRANDE","rie":"SI","spr":"EMPRESARIAL","sce":660.829217546,"usce":"HECTAREAS","txt":"EL CODIGO (fcode) Y LA DESCRIPCION (descr) CORRESPONDEN A LOS OBJETOS GEOGRAFICOS DEL ATRIBUTO niv2","simbologia":"CPuc: Cacao","SHAPE_Leng":8934.50806924,"apt_uso":1,"cob_suelo":"Cacao","cacao_sys":"Cacao_alim_con50b","observ":null,"cob_label":"Cacao próximo a cultivos alimentarios"},"geometry":{"type":"MultiPolygon","coordinates":[[[[-79.49817660960886,-2.588529843463195,0.0],[-79.49644240979362,-2.593847485234992,0.0],[-79.49623091045498,-2.593776303143279,0.0],[-79.49559427462474,-2.595371453979058,0.0],[-79.49555737515172,-2.596754532366173,0.0],[-79.4948868144944,-2.597214771032981,0.0],[-79.49471595044159,-2.598379307504044,0.0],[-79.49472550181396,-2.598679837394259,0.0],[-79.49516707826457,-2.598775553607931,0.0],[-79.49442300238086,-2.601753694397444,0.0],[-79.49530330028738,-2.602854156007376,0.0],[-79.49554640376122,-2.60601080613478,0.0],[-79.49628678284078,-2.60615355386442,0.0],[-79.49646495557691,-2.604593319963458,0.0],[-79.4971697762862,-2.604984277539561,0.0],[-79.49702817284452,-2.605445149415788,0.0],[-79.49769831908901,-2.605339558462231,0.0],[-79.49836976685164,-2.60413456237759,0.0],[-79.49889868797645,-2.604170660113564,0.0],[-79.49928583879846,-2.604809489099639,0.0],[-79.49893176853438,-2.606014867202501,0.0],[-79.49946060566131,-2.606121894564486,0.0],[-79.50009607585507,-2.605519755141139,0.0],[-79.50059090893092,-2.604562798192473,0.0],[-79.50171974151162,-2.604244964515829,0.0],[-79.50186125936766,-2.603855021413969,0.0],[-79.50281389645579,-2.603430580802134,0.0],[-79.50327479933586,-2.601338706554893,0.0],[-79.5009471974906,-2.601477787516361,0.0],[-79.5008429541486,-2.600165465856457,0.0],[-79.49999661584151,-2.600164455009973,0.0],[-79.49992554299166,-2.60062541243395,0.0],[-79.49918508039299,-2.600553597880169,0.0],[-79.49907907895664,-2.600730795331751,0.0],[-79.49795071138412,-2.600658516174629,0.0],[-79.4971413171185,-2.599238957897599,0.0],[-79.49876430063526,-2.598531604005758,0.0],[-79.4989767644433,-2.59778709774894,0.0],[-79.50102329138825,-2.596761061459283,0.0],[-79.5015884349501,-2.595981509803929,0.0],[-79.50151874248373,-2.595272130985345,0.0],[-79.50243685821164,-2.594209280241011,0.0],[-79.50275410919762,-2.594316051720334,0.0],[-79.50296619357826,-2.593890726292197,0.0],[-79.50354399134358,-2.593873805608364,0.0],[-79.50354176291145,-2.589860864586588,0.0],[-79.5028672299308,-2.590014558285977,0.0],[-79.50197397025794,-2.590486666946227,0.0],[-79.50182136662708,-2.590336261529051,0.0],[-79.50090288448862,-2.590040780946196,0.0],[-79.50038645935801,-2.591372847483964,0.0],[-79.49967653203812,-2.591993797450609,0.0],[-79.4995125483112,-2.592267923428738,0.0],[-79.49925809452576,-2.59215789188828,0.0],[-79.49939499522483,-2.591719140729368,0.0],[-79.49932235404717,-2.591636757253228,0.0],[-79.49923138855108,-2.591673225594522,0.0],[-79.49907615266835,-2.592239971088227,0.0],[-79.49879426041717,-2.592267067398521,0.0],[-79.4986259096458,-2.592461049820527,0.0],[-79.4977448809387,-2.591815284159428,0.0],[-79.49805939460131,-2.590903728935589,0.0],[-79.4982686453955,-2.590794250056236,0.0],[-79.49832310217096,-2.59087661095016,0.0],[-79.49855951043904,-2.590867748273868,0.0],[-79.49874156064911,-2.590694228768078,0.0],[-79.49900532118545,-2.590621390456836,0.0],[-79.49943253755698,-2.590722484101628,0.0],[-79.49956897491307,-2.590676926344756,0.0],[-79.50011510179917,-2.590174653008337,0.0],[-79.50080377968035,-2.589955711657764,0.0],[-79.5004591416705,-2.589091064927642,0.0],[-79.50001145143126,-2.587574477910536,0.0],[-79.49874183195956,-2.587679362475463,0.0],[-79.49817660960886,-2.588529843463195,0.0]]],[[[-79.50327668063548,-2.599742791682953,0.0],[-79.50354725970512,-2.599783939829441,0.0],[-79.50354564461324,-2.596859770388094,0.0],[-79.50338489638538,-2.597685961248934,0.0],[-79.50327668063548,-2.599742791682953,0.0]]]]}},{"type":"Feature","properties":{"FID_tr_200":7,"FID_2000_d":2,"cov_gen":"FOREST","FID_2022_d":0,"cov_gen_1":"AGRO","old_gen":"FOREST","new_gen":"AGRO","area_ha":36.4364925334,"trans":"FOREST → AGRO","trans_grp":"PÉRDIDA_BOSQUE","FID_cacao_":56,"fcode":"EA010","descr":"PRODUCTO AGRICOLA, RESULTADO DE UN CONJUNTO DE TECNICAS Y CONOCIMIENTOS PARA CULTIVAR LA TIERRA","DPA_DESPRO":"GUAYAS","DPA_DESCAN":"NARANJAL","niv1":"TIERRA AGROPECUARIA","niv2":"CULTIVO","niv3":"CULTIVO PERMANENTE","niv4":"FRUTALES","niv5":"CACAO","LULC_std":"Cacao","label":"Cacao","cbt":"CACAO","uso":"AGRICOLA","tmp":"CULTIVO PERMANENTE","nal":"NO APLICABLE","tap":"MEDIANA","rie":"SI","spr":"MERCANTIL","sce":36.4364925334,"usce":"HECTAREAS","txt":"EL CODIGO (fcode) Y LA DESCRIPCION (descr) CORRESPONDEN A LOS OBJETOS GEOGRAFICOS DEL ATRIBUTO niv2","simbologia":"CPuc: Cacao","SHAPE_Leng":4187.90407274,"apt_uso":1,"cob_suelo":"Cacao","cacao_sys":"Cacao_alim_sin50b","observ":null,"cob_label":"Cacao sin cultivos alimentarios próximos"},"geometry":{"type":"Polygon","coordinates":[[[-79.48400416285709,-2.587054795430302,0.0],[-79.48446688206836,-2.591298431364395,0.0],[-79.48573782991708,-2.589911355408721,0.0],[-79.48690971905775,-2.588850321048243,0.0],[-79.48812909190245,-2.587875485160301,0.0],[-79.49020247614261,-2.586676030764723,0.0],[-79.49309516117896,-2.585473712244316,0.0],[-79.49848828522165,-2.584193220054543,0.0],[-79.49838255005271,-2.583931819143897,0.0],[-79.49793202382355,-2.583733772314231,0.0],[-79.49773123889352,-2.58375877181902,0.0],[-79.49755602196525,-2.583379999283084,0.0],[-79.4974055441441,-2.583304107529254,0.0],[-79.49702883035818,-2.583556035312114,0.0],[-79.49672769674078,-2.583555677091968,0.0],[-79.49655230297094,-2.583328330004037,0.0],[-79.49617591579867,-2.583302644855036,0.0],[-79.4958996992125,-2.583453741686123,0.0],[-79.49574667934363,-2.583657500900891,0.0],[-79.49501007054617,-2.583100522654528,0.0],[-79.49466988570185,-2.583132111551818,0.0],[-79.49341032968341,-2.584182449663384,0.0],[-79.49248803818696,-2.584105104948093,0.0],[-79.49214826973308,-2.583845598244561,0.0],[-79.49170944078688,-2.583955374902986,0.0],[-79.49140190827778,-2.58433002830734,0.0],[-79.49076548196471,-2.584593989060763,0.0],[-79.48828615503666,-2.585164584652424,0.0],[-79.48742996166055,-2.585781239808891,0.0],[-79.48721011537032,-2.586200116338583,0.0],[-79.48683675106957,-2.586596749556737,0.0],[-79.48652960908603,-2.586640501353022,0.0],[-79.48615700319176,-2.586397394101663,0.0],[-79.48591603250183,-2.586132384688996,0.0],[-79.4846432570612,-2.586594117808894,0.0],[-79.48400416285709,-2.587054795430302,0.0]]]}},{"type":"Feature","properties":{"FID_tr_200":7,"FID_2000_d":2,"cov_gen":"FOREST","FID_2022_d":0,"cov_gen_1":"AGRO","old_gen":"FOREST","new_gen":"AGRO","area_ha":177.432575101,"trans":"FOREST → AGRO","trans_grp":"PÉRDIDA_BOSQUE","FID_cacao_":57,"fcode":"EA010","descr":"PRODUCTO AGRICOLA, RESULTADO DE UN CONJUNTO DE TECNICAS Y CONOCIMIENTOS PARA CULTIVAR LA TIERRA","DPA_DESPRO":"GUAYAS","DPA_DESCAN":"NARANJAL","niv1":"TIERRA AGROPECUARIA","niv2":"CULTIVO","niv3":"CULTIVO PERMANENTE","niv4":"FRUTALES","niv5":"CACAO","LULC_std":"Cacao","label":"Cacao","cbt":"CACAO","uso":"AGRICOLA","tmp":"CULTIVO PERMANENTE","nal":"NO APLICABLE","tap":"MEDIANA","rie":"SI","spr":"MERCANTIL","sce":235.529579391,"usce":"HECTAREAS","txt":"EL CODIGO (fcode) Y LA DESCRIPCION (descr) CORRESPONDEN A LOS OBJETOS GEOGRAFICOS DEL ATRIBUTO niv2","simbologia":"CPuc: Cacao","SHAPE_Leng":12759.1888536,"apt_uso":1,"cob_suelo":"Cacao","cacao_sys":"Cacao_alim_con50b","observ":null,"cob_label":"Cacao próximo a cultivos alimentarios"},"geometry":{"type":"MultiPolygon","coordinates":[[[[-79.49605896991514,-2.552091104156459,0.0],[-79.49589642523011,-2.55228353773601,0.0],[-79.49646541725505,-2.552284206732611,0.0],[-79.49642928789191,-2.552150357228562,0.0],[-79.49605896991514,-2.552091104156459,0.0]]],[[[-79.49224369732639,-2.556620353282483,0.0],[-79.49223267648397,-2.556938860620436,0.0],[-79.49243307437114,-2.557241948030578,0.0],[-79.49259973794575,-2.557780546431321,0.0],[-79.49283367301335,-2.558016373539457,0.0],[-79.49293365550362,-2.558352992430296,0.0],[-79.49282612631328,-2.559136085265149,0.0],[-79.49249755445491,-2.559328329525861,0.0],[-79.49252513685188,-2.559751937526842,0.0],[-79.49157999006438,-2.560428818857517,0.0],[-79.49189337185281,-2.560976468550983,0.0],[-79.49148598380488,-2.561323506268731,0.0],[-79.4913261526016,-2.56133994445427,0.0],[-79.49098995583076,-2.561669156327348,0.0],[-79.49119969205712,-2.561888600162662,0.0],[-79.49151462458772,-2.561995497645129,0.0],[-79.49239458171506,-2.56154911292932,0.0],[-79.4934330507799,-2.561680910984596,0.0],[-79.4935122407618,-2.561867350726642,0.0],[-79.49256045836574,-2.562760712162019,0.0],[-79.49195636790289,-2.56252471049423,0.0],[-79.49176996597262,-2.562618169271048,0.0],[-79.4915527382158,-2.562972957336767,0.0],[-79.49259702852935,-2.563413861939617,0.0],[-79.49294570939013,-2.563315203996882,0.0],[-79.4930346453248,-2.56366618094827,0.0],[-79.49285359779452,-2.564526052268817,0.0],[-79.49333929523854,-2.564567337881904,0.0],[-79.49329804825703,-2.56460944945296,0.0],[-79.49368175824532,-2.564700729735235,0.0],[-79.4936807344276,-2.565575631213792,0.0],[-79.49404862325363,-2.565710666696667,0.0],[-79.49394734044839,-2.566484498686574,0.0],[-79.49264256620768,-2.566382003167479,0.0],[-79.49075681552517,-2.567203923720739,0.0],[-79.48893379919198,-2.569065120881764,0.0],[-79.48935676229668,-2.569643374825864,0.0],[-79.48953215615221,-2.570293184346133,0.0],[-79.48951671184851,-2.570942766033736,0.0],[-79.48941372771878,-2.571134571211436,0.0],[-79.48860627164466,-2.571192664726588,0.0],[-79.49008645306589,-2.573298245782755,0.0],[-79.49006408192488,-2.573597182408122,0.0],[-79.4903944031859,-2.573575430476436,0.0],[-79.4904933356005,-2.57370842059381,0.0],[-79.49160651516183,-2.572702125335732,0.0],[-79.4929448129177,-2.57203807765151,0.0],[-79.49316200951908,-2.572213250890316,0.0],[-79.49364029459977,-2.572213818664868,0.0],[-79.4938430663858,-2.572330668996315,0.0],[-79.49406050354398,-2.572301774612872,0.0],[-79.4942056428397,-2.572127031385161,0.0],[-79.49475651572345,-2.572025651329926,0.0],[-79.49472797323949,-2.571646633167743,0.0],[-79.49490227092645,-2.571326162168554,0.0],[-79.49622281577274,-2.569928401207791,0.0],[-79.49665692111907,-2.57052654403108,0.0],[-79.49694677314744,-2.570541463344738,0.0],[-79.49723674548852,-2.570454349111573,0.0],[-79.4974688796691,-2.570250554683725,0.0],[-79.49732408196411,-2.570133773515612,0.0],[-79.49723797300659,-2.569404855489504,0.0],[-79.49707915835339,-2.568879920582222,0.0],[-79.49765939176439,-2.568457894034916,0.0],[-79.49815245840895,-2.568210679788532,0.0],[-79.49848584230018,-2.568181920258566,0.0],[-79.49871763629118,-2.568269652404721,0.0],[-79.49897862045232,-2.56818250225591,0.0],[-79.49916698447815,-2.568226454315307,0.0],[-79.49938382578678,-2.56870772829504,0.0],[-79.49751186637125,-2.570673319043207,0.0],[-79.49768548137358,-2.5709358975861,0.0],[-79.4975114400742,-2.571037726202229,0.0],[-79.49727916832218,-2.571358130253107,0.0],[-79.49662668868413,-2.571590578329113,0.0],[-79.49604641903892,-2.572041756659611,0.0],[-79.49614761775035,-2.572260520846147,0.0],[-79.49643777739163,-2.572013067882232,0.0],[-79.49697405479485,-2.571999125918605,0.0],[-79.49746615069024,-2.572582761518846,0.0],[-79.49681320927627,-2.573208768786135,0.0],[-79.49656728009538,-2.572814917418907,0.0],[-79.49648030241947,-2.572829390584231,0.0],[-79.49630600457537,-2.573149862809583,0.0],[-79.49577753863257,-2.573320399549623,0.0],[-79.49652338235872,-2.573909408283651,0.0],[-79.49707164718286,-2.573615047012429,0.0],[-79.49725908705437,-2.573382740339134,0.0],[-79.49827453673922,-2.573303972942266,0.0],[-79.49888160340639,-2.573048787330265,0.0],[-79.50024843419473,-2.571677378169875,0.0],[-79.50085063589158,-2.571397578192665,0.0],[-79.50108621949951,-2.570792544168812,0.0],[-79.50153849899817,-2.570043819062054,0.0],[-79.50253932647541,-2.570964041303786,0.0],[-79.50311218928566,-2.570665750808933,0.0],[-79.5029351149466,-2.57145171104771,0.0],[-79.50316597386502,-2.571750949228624,0.0],[-79.5035316534996,-2.571816840219237,0.0],[-79.50352961432834,-2.568208047252849,0.0],[-79.50074675582508,-2.565496834660527,0.0],[-79.50045654383989,-2.565926373281218,0.0],[-79.49970787080444,-2.566621218279791,0.0],[-79.49951982979493,-2.567542366031695,0.0],[-79.49877194543852,-2.567560286620527,0.0],[-79.4979871504842,-2.567164488122066,0.0],[-79.49789410703764,-2.566788309118373,0.0],[-79.49804414017558,-2.566393613770615,0.0],[-79.49772689224477,-2.565885546197287,0.0],[-79.4968479354113,-2.566072542039832,0.0],[-79.49660463839923,-2.566279092836579,0.0],[-79.49628725941876,-2.565883845477901,0.0],[-79.4961757607006,-2.565300807530957,0.0],[-79.49759761798757,-2.564512742069292,0.0],[-79.49776685237127,-2.563685589973727,0.0],[-79.49787922855732,-2.56351649184939,0.0],[-79.49731932067762,-2.562669676194722,0.0],[-79.49735759061308,-2.561917584177172,0.0],[-79.49776915431842,-2.561711231035522,0.0],[-79.4979559434354,-2.561861879414891,0.0],[-79.4982549998374,-2.561937445553919,0.0],[-79.49866656357703,-2.561731092040964,0.0],[-79.49890988019844,-2.561505737640249,0.0],[-79.4989851038667,-2.56112975692122,0.0],[-79.49788008134863,-2.560251649657928,0.0],[-79.49804769809356,-2.559617810966991,0.0],[-79.49907301843344,-2.559672175168084,0.0],[-79.49927941236956,-2.56004386412738,0.0],[-79.499813907553,-2.560554821046919,0.0],[-79.50026829188752,-2.56059490425905,0.0],[-79.50044938237421,-2.56078615060947,0.0],[-79.50076723348182,-2.560442567458523,0.0],[-79.50114604922852,-2.560456784196443,0.0],[-79.50149321403605,-2.560213902450358,0.0],[-79.50155734809314,-2.560012002920709,0.0],[-79.501041807997,-2.559823191690068,0.0],[-79.50104651131085,-2.559703848605279,0.0],[-79.50125204548434,-2.559580149885145,0.0],[-79.50176335150142,-2.559484353019726,0.0],[-79.50222967477245,-2.560063222315781,0.0],[-79.50256310294199,-2.55988487937353,0.0],[-79.50302763485394,-2.560587440042367,0.0],[-79.50296444625246,-2.560155488706497,0.0],[-79.49782973946508,-2.553096807506535,0.0],[-79.49751412879763,-2.553099400398822,0.0],[-79.49751286771028,-2.554184680633199,0.0],[-79.49724309239204,-2.554184363460083,0.0],[-79.49724340777085,-2.553913043437004,0.0],[-79.49670385734834,-2.553912408987584,0.0],[-79.49670291077163,-2.554726368850793,0.0],[-79.4964331354411,-2.554726051439495,0.0],[-79.49643281979169,-2.554997371357769,0.0],[-79.49535371857961,-2.554996101008466,0.0],[-79.49535308672716,-2.55553874057127,0.0],[-79.49508331139506,-2.555538422774104,0.0],[-79.4950826792948,-2.556081062264655,0.0],[-79.4948129038832,-2.556080744342988,0.0],[-79.49481258772596,-2.556352064052657,0.0],[-79.49454281229137,-2.55635174604026,0.0],[-79.49454249604385,-2.55662306571498,0.0],[-79.4931936190931,-2.556621474629828,0.0],[-79.49319425212063,-2.556078835617369,0.0],[-79.4926547018027,-2.556078198920026,0.0],[-79.4926540685487,-2.556620837797145,0.0],[-79.49224369732639,-2.556620353282483,0.0]]]]}},{"type":"Feature","properties":{"FID_tr_200":7,"FID_2000_d":2,"cov_gen":"FOREST","FID_2022_d":0,"cov_gen_1":"AGRO","old_gen":"FOREST","new_gen":"AGRO","area_ha":24.5262146342,"trans":"FOREST → AGRO","trans_grp":"PÉRDIDA_BOSQUE","FID_cacao_":58,"fcode":"EA010","descr":"PRODUCTO AGRICOLA, RESULTADO DE UN CONJUNTO DE TECNICAS Y CONOCIMIENTOS PARA CULTIVAR LA TIERRA","DPA_DESPRO":"GUAYAS","DPA_DESCAN":"NARANJAL","niv1":"TIERRA AGROPECUARIA","niv2":"CULTIVO","niv3":"CULTIVO PERMANENTE","niv4":"FRUTALES","niv5":"CACAO","LULC_std":"Cacao","label":"Cacao","cbt":"CACAO","uso":"AGRICOLA","tmp":"CULTIVO PERMANENTE","nal":"NO APLICABLE","tap":"MEDIANA","rie":"SI","spr":"MERCANTIL","sce":24.5262146342,"usce":"HECTAREAS","txt":"EL CODIGO (fcode) Y LA DESCRIPCION (descr) CORRESPONDEN A LOS OBJETOS GEOGRAFICOS DEL ATRIBUTO niv2","simbologia":"CPuc: Cacao","SHAPE_Leng":2930.53149606,"apt_uso":1,"cob_suelo":"Cacao","cacao_sys":"Cacao_alim_con50b","observ":null,"cob_label":"Cacao próximo a cultivos alimentarios"},"geometry":{"type":"Polygon","coordinates":[[[-79.44003330258683,-2.542755628688134,0.0],[-79.43976374854955,-2.542964592975734,0.0],[-79.43917029027094,-2.542176749814996,0.0],[-79.43506665142351,-2.544421475033524,0.0],[-79.43570051204996,-2.545797418613015,0.0],[-79.43643122517737,-2.54670863358218,0.0],[-79.43797033973101,-2.54798883878936,0.0],[-79.43895383904554,-2.546886025977994,0.0],[-79.43805010355587,-2.545722808580674,0.0],[-79.43841614875308,-2.545607042025061,0.0],[-79.44007025670828,-2.547352232404253,0.0],[-79.44043651234557,-2.547062148773643,0.0],[-79.44070587163304,-2.547275531578459,0.0],[-79.44139970326582,-2.546830897211938,0.0],[-79.4400728662487,-2.545182948439774,0.0],[-79.44051636312115,-2.544718640484908,0.0],[-79.43965118869599,-2.543516733921408,0.0],[-79.44071129552853,-2.542762644636381,0.0],[-79.44007707873689,-2.541677230968877,0.0],[-79.43952298626887,-2.54198246158145,0.0],[-79.44003330258683,-2.542755628688134,0.0]]]}},{"type":"Feature","properties":{"FID_tr_200":7,"FID_2000_d":2,"cov_gen":"FOREST","FID_2022_d":0,"cov_gen_1":"AGRO","old_gen":"FOREST","new_gen":"AGRO","area_ha":17.76218655,"trans":"FOREST → AGRO","trans_grp":"PÉRDIDA_BOSQUE","FID_cacao_":59,"fcode":"EA010","descr":"PRODUCTO AGRICOLA, RESULTADO DE UN CONJUNTO DE TECNICAS Y CONOCIMIENTOS PARA CULTIVAR LA TIERRA","DPA_DESPRO":"GUAYAS","DPA_DESCAN":"NARANJAL","niv1":"TIERRA AGROPECUARIA","niv2":"CULTIVO","niv3":"CULTIVO PERMANENTE","niv4":"FRUTALES","niv5":"CACAO","LULC_std":"Cacao","label":"Cacao","cbt":"CACAO","uso":"AGRICOLA","tmp":"CULTIVO PERMANENTE","nal":"NO APLICABLE","tap":"MEDIANA","rie":"SI","spr":"MERCANTIL","sce":27.1848235795,"usce":"HECTAREAS","txt":"EL CODIGO (fcode) Y LA DESCRIPCION (descr) CORRESPONDEN A LOS OBJETOS GEOGRAFICOS DEL ATRIBUTO niv2","simbologia":"CPuc: Cacao","SHAPE_Leng":2555.93724525,"apt_uso":1,"cob_suelo":"Cacao","cacao_sys":"Cacao_alim_con50b","observ":null,"cob_label":"Cacao próximo a cultivos alimentarios"},"geometry":{"type":"Polygon","coordinates":[[[-79.50116741856262,-2.534928367163595,0.0],[-79.49971050153447,-2.537276910833366,0.0],[-79.49829301398756,-2.535601784231187,0.0],[-79.4960979551046,-2.537734765172301,0.0],[-79.49694413600325,-2.537993135077246,0.0],[-79.49712711103774,-2.537976621078776,0.0],[-79.4975271913004,-2.53821502028175,0.0],[-79.49794589324401,-2.538087392704182,0.0],[-79.49823689190185,-2.538234151572964,0.0],[-79.49840067415154,-2.538234342811553,0.0],[-79.4988559832267,-2.537923732852823,0.0],[-79.4991107762463,-2.537905727801815,0.0],[-79.49927449428704,-2.5379608260016,0.0],[-79.49951058278128,-2.538382058280039,0.0],[-79.5004122599839,-2.538649105748283,0.0],[-79.50067528254746,-2.538501370741395,0.0],[-79.50144368573282,-2.537740909902627,0.0],[-79.5018538309331,-2.537656791560379,0.0],[-79.50204325482233,-2.537508971246678,0.0],[-79.50232717018281,-2.537477578042861,0.0],[-79.50257913091953,-2.537805677906403,0.0],[-79.50292587541007,-2.537996421451123,0.0],[-79.50311489784761,-2.538197554787915,0.0],[-79.50327220726493,-2.53854669401965,0.0],[-79.50351269057568,-2.538655592837131,0.0],[-79.50351117872968,-2.536048658837601,0.0],[-79.50342102254253,-2.535987081670974,0.0],[-79.50351091009813,-2.535586036810603,0.0],[-79.50334635083146,-2.535457003207343,0.0],[-79.50294496949358,-2.535355586085741,0.0],[-79.50255589528122,-2.535815692210251,0.0],[-79.50116741856262,-2.534928367163595,0.0]]]}},{"type":"Feature","properties":{"FID_tr_200":7,"FID_2000_d":2,"cov_gen":"FOREST","FID_2022_d":0,"cov_gen_1":"AGRO","old_gen":"FOREST","new_gen":"AGRO","area_ha":21.3925142136,"trans":"FOREST → AGRO","trans_grp":"PÉRDIDA_BOSQUE","FID_cacao_":60,"fcode":"EA010","descr":"PRODUCTO AGRICOLA, RESULTADO DE UN CONJUNTO DE TECNICAS Y CONOCIMIENTOS PARA CULTIVAR LA TIERRA","DPA_DESPRO":"GUAYAS","DPA_DESCAN":"NARANJAL","niv1":"TIERRA AGROPECUARIA","niv2":"CULTIVO","niv3":"CULTIVO PERMANENTE","niv4":"FRUTALES","niv5":"CACAO","LULC_std":"Cacao","label":"Cacao","cbt":"CACAO","uso":"AGRICOLA","tmp":"CULTIVO PERMANENTE","nal":"NO APLICABLE","tap":"MEDIANA","rie":"SI","spr":"MERCANTIL","sce":21.3925142137,"usce":"HECTAREAS","txt":"EL CODIGO (fcode) Y LA DESCRIPCION (descr) CORRESPONDEN A LOS OBJETOS GEOGRAFICOS DEL ATRIBUTO niv2","simbologia":"CPuc: Cacao","SHAPE_Leng":2511.03657616,"apt_uso":1,"cob_suelo":"Cacao","cacao_sys":"Cacao_alim_con50b","observ":null,"cob_label":"Cacao próximo a cultivos alimentarios"},"geometry":{"type":"Polygon","coordinates":[[[-79.47947238246472,-2.527730848734981,0.0],[-79.4793564166884,-2.527861159293196,0.0],[-79.47932619603162,-2.528273895534838,0.0],[-79.47911243646514,-2.528638225805907,0.0],[-79.4782249265615,-2.529391224478554,0.0],[-79.47796315027715,-2.529742538571819,0.0],[-79.47660916514415,-2.5309935947382,0.0],[-79.47589066135245,-2.531810471505034,0.0],[-79.47664558197322,-2.532411799220842,0.0],[-79.47530942093884,-2.534325453984781,0.0],[-79.47585714199337,-2.534631035372644,0.0],[-79.47646458199745,-2.533728682528358,0.0],[-79.47704410507797,-2.534096271863155,0.0],[-79.47771595156401,-2.532648612093243,0.0],[-79.47798599487157,-2.532389554553113,0.0],[-79.47851854347084,-2.532986058452857,0.0],[-79.47935588215424,-2.533703589155977,0.0],[-79.4801329487392,-2.533323504603332,0.0],[-79.4804894130673,-2.532581132160787,0.0],[-79.48037170062615,-2.530807245937841,0.0],[-79.48059581376278,-2.530555445215741,0.0],[-79.480273345788,-2.528979926595843,0.0],[-79.48044912205582,-2.527933788740632,0.0],[-79.47979677373897,-2.52768699671064,0.0],[-79.47947238246472,-2.527730848734981,0.0]]]}},{"type":"Feature","properties":{"FID_tr_200":7,"FID_2000_d":2,"cov_gen":"FOREST","FID_2022_d":0,"cov_gen_1":"AGRO","old_gen":"FOREST","new_gen":"AGRO","area_ha":14.6573437072,"trans":"FOREST → AGRO","trans_grp":"PÉRDIDA_BOSQUE","FID_cacao_":61,"fcode":"EA010","descr":"PRODUCTO AGRICOLA, RESULTADO DE UN CONJUNTO DE TECNICAS Y CONOCIMIENTOS PARA CULTIVAR LA TIERRA","DPA_DESPRO":"GUAYAS","DPA_DESCAN":"NARANJAL","niv1":"TIERRA AGROPECUARIA","niv2":"CULTIVO","niv3":"CULTIVO PERMANENTE","niv4":"FRUTALES","niv5":"CACAO","LULC_std":"Cacao","label":"Cacao","cbt":"CACAO","uso":"AGRICOLA","tmp":"CULTIVO PERMANENTE","nal":"NO APLICABLE","tap":"MEDIANA","rie":"SI","spr":"MERCANTIL","sce":15.002646127,"usce":"HECTAREAS","txt":"EL CODIGO (fcode) Y LA DESCRIPCION (descr) CORRESPONDEN A LOS OBJETOS GEOGRAFICOS DEL ATRIBUTO niv2","simbologia":"CPuc: Cacao","SHAPE_Leng":2330.722237,"apt_uso":1,"cob_suelo":"Cacao","cacao_sys":"Cacao_alim_con50b","observ":null,"cob_label":"Cacao próximo a cultivos alimentarios"},"geometry":{"type":"MultiPolygon","coordinates":[[[[-79.47862495899983,-2.526216570897886,0.0],[-79.47866138420638,-2.526216613783442,0.0],[-79.47866142788449,-2.526179086975632,0.0],[-79.47862495899983,-2.526216570897886,0.0]]],[[[-79.47839133718038,-2.526456695001169,0.0],[-79.47441407801118,-2.530494480743178,0.0],[-79.47429795062514,-2.530403305492923,0.0],[-79.47421677834413,-2.530642497138949,0.0],[-79.47385463269157,-2.530934846586647,0.0],[-79.47479936706753,-2.532065522862463,0.0],[-79.47502547157464,-2.531838654018807,0.0],[-79.47546560538139,-2.532132772886323,0.0],[-79.47644387573388,-2.530895544181018,0.0],[-79.47855765330787,-2.528803927191515,0.0],[-79.47891531078662,-2.528679004202664,0.0],[-79.47909156150877,-2.528516495999106,0.0],[-79.47925363450462,-2.528270220530485,0.0],[-79.47924690691252,-2.527918459360683,0.0],[-79.47938755814288,-2.527679336761293,0.0],[-79.4797707354473,-2.527572107975658,0.0],[-79.48044204045915,-2.527724465503102,0.0],[-79.48045092667546,-2.527462347119243,0.0],[-79.4802780183748,-2.527299657431671,0.0],[-79.48034748730892,-2.527102435534609,0.0],[-79.48027904133195,-2.527032472440158,0.0],[-79.48027935687516,-2.526761154436371,0.0],[-79.47995254225339,-2.526760769948185,0.0],[-79.47973960417742,-2.526947719081825,0.0],[-79.47973950630913,-2.527031837579895,0.0],[-79.47964334504339,-2.527031724405166,0.0],[-79.47920468328518,-2.527414455906164,0.0],[-79.4788170155575,-2.527030751581226,0.0],[-79.4783906693472,-2.527030249444258,0.0],[-79.47839133718038,-2.526456695001169,0.0]]]]}},{"type":"Feature","properties":{"FID_tr_200":7,"FID_2000_d":2,"cov_gen":"FOREST","FID_2022_d":0,"cov_gen_1":"AGRO","old_gen":"FOREST","new_gen":"AGRO","area_ha":10.3688365725,"trans":"FOREST → AGRO","trans_grp":"PÉRDIDA_BOSQUE","FID_cacao_":62,"fcode":"EA010","descr":"PRODUCTO AGRICOLA, RESULTADO DE UN CONJUNTO DE TECNICAS Y CONOCIMIENTOS PARA CULTIVAR LA TIERRA","DPA_DESPRO":"GUAYAS","DPA_DESCAN":"NARANJAL","niv1":"TIERRA AGROPECUARIA","niv2":"CULTIVO","niv3":"CULTIVO PERMANENTE","niv4":"FRUTALES","niv5":"CACAO","LULC_std":"Cacao","label":"Cacao","cbt":"CACAO","uso":"AGRICOLA","tmp":"CULTIVO PERMANENTE","nal":"NO APLICABLE","tap":"MEDIANA","rie":"SI","spr":"MERCANTIL","sce":12.3462740391,"usce":"HECTAREAS","txt":"EL CODIGO (fcode) Y LA DESCRIPCION (descr) CORRESPONDEN A LOS OBJETOS GEOGRAFICOS DEL ATRIBUTO niv2","simbologia":"CPuc: Cacao","SHAPE_Leng":2370.21207746,"apt_uso":1,"cob_suelo":"Cacao","cacao_sys":"Cacao_alim_con50b","observ":null,"cob_label":"Cacao próximo a cultivos alimentarios"},"geometry":{"type":"Polygon","coordinates":[[[-79.4767764908054,-2.523229895880474,0.0],[-79.4767761749776,-2.523501213455515,0.0],[-79.4763700385972,-2.523500735149496,0.0],[-79.47623652385376,-2.523602282408081,0.0],[-79.4762360103123,-2.524043213030852,0.0],[-79.47596624390968,-2.524042895160923,0.0],[-79.4759656116802,-2.524585530097566,0.0],[-79.4758185570794,-2.52458535675993,0.0],[-79.47558427976581,-2.524763996571216,0.0],[-79.4753464624903,-2.524584800174975,0.0],[-79.47515631234145,-2.524584575945133,0.0],[-79.47515599600786,-2.524855893309014,0.0],[-79.47488622957391,-2.524855575111508,0.0],[-79.47488654596343,-2.524584257781863,0.0],[-79.47434701330965,-2.524583621286633,0.0],[-79.47434732977688,-2.524312304024302,0.0],[-79.47372451516148,-2.524311569079087,0.0],[-79.4736344830748,-2.524401906516855,0.0],[-79.47335205661248,-2.524311129420366,0.0],[-79.47326822294742,-2.524347147511036,0.0],[-79.47326794841165,-2.524582347621423,0.0],[-79.47299798114969,-2.524754290485067,0.0],[-79.47427616906559,-2.525865159848604,0.0],[-79.47422586476988,-2.525966050508846,0.0],[-79.47460196658244,-2.526218867861495,0.0],[-79.4732760990093,-2.527205519899084,0.0],[-79.4739234900454,-2.527788741357943,0.0],[-79.47810040371596,-2.524372352086376,0.0],[-79.47780441814847,-2.524045059995739,0.0],[-79.4775848428365,-2.524044801537234,0.0],[-79.4775471581224,-2.523803001042848,0.0],[-79.4773152511434,-2.523894233062367,0.0],[-79.47731507626354,-2.524044483948392,0.0],[-79.47704530972463,-2.524044166303334,0.0],[-79.47704555961302,-2.523829505880135,0.0],[-79.47685453042456,-2.524011095878811,0.0],[-79.4767853993644,-2.523918165841463,0.0],[-79.47704572012023,-2.523691616470738,0.0],[-79.47704617516307,-2.523300654731053,0.0],[-79.4767764908054,-2.523229895880474,0.0]]]}},{"type":"Feature","properties":{"FID_tr_200":7,"FID_2000_d":2,"cov_gen":"FOREST","FID_2022_d":0,"cov_gen_1":"AGRO","old_gen":"FOREST","new_gen":"AGRO","area_ha":82.6550015068,"trans":"FOREST → AGRO","trans_grp":"PÉRDIDA_BOSQUE","FID_cacao_":63,"fcode":"EA010","descr":"PRODUCTO AGRICOLA, RESULTADO DE UN CONJUNTO DE TECNICAS Y CONOCIMIENTOS PARA CULTIVAR LA TIERRA","DPA_DESPRO":"GUAYAS","DPA_DESCAN":"NARANJAL","niv1":"TIERRA AGROPECUARIA","niv2":"CULTIVO","niv3":"CULTIVO PERMANENTE","niv4":"FRUTALES","niv5":"CACAO","LULC_std":"Cacao","label":"Cacao","cbt":"CACAO","uso":"AGRICOLA","tmp":"CULTIVO PERMANENTE","nal":"NO APLICABLE","tap":"MEDIANA","rie":"SI","spr":"MERCANTIL","sce":82.6550015069,"usce":"HECTAREAS","txt":"EL CODIGO (fcode) Y LA DESCRIPCION (descr) CORRESPONDEN A LOS OBJETOS GEOGRAFICOS DEL ATRIBUTO niv2","simbologia":"CPuc: Cacao","SHAPE_Leng":5854.03666952,"apt_uso":1,"cob_suelo":"Cacao","cacao_sys":"Cacao_alim_sin50b","observ":null,"cob_label":"Cacao sin cultivos alimentarios próximos"},"geometry":{"type":"Polygon","coordinates":[[[-79.42828705338262,-2.525908555948689,0.0],[-79.42828673384417,-2.533627111199269,0.0],[-79.42960005487367,-2.532622482088668,0.0],[-79.43085018557565,-2.531819947947388,0.0],[-79.43122493388697,-2.531820403980664,0.0],[-79.43164307146856,-2.531966191287959,0.0],[-79.43244696739238,-2.531193239071802,0.0],[-79.43328411808999,-2.530588571447516,0.0],[-79.43425473209493,-2.53028690736148,0.0],[-79.43562747426141,-2.529447342484398,0.0],[-79.43519467174485,-2.527663411284033,0.0],[-79.43452775165903,-2.52581189798027,0.0],[-79.43452815458582,-2.525475406721645,0.0],[-79.43439472977397,-2.525138753388865,0.0],[-79.4347965744328,-2.524836397297984,0.0],[-79.43476388284292,-2.524197023228021,0.0],[-79.43412824455501,-2.524162604637046,0.0],[-79.43382777820703,-2.523623853794925,0.0],[-79.43453089306006,-2.523187265934103,0.0],[-79.43443104640218,-2.522749705209136,0.0],[-79.43506720711183,-2.522346684727677,0.0],[-79.43720015156252,-2.529281002313704,0.0],[-79.43763565614766,-2.528810439932784,0.0],[-79.43813795244772,-2.528440906335173,0.0],[-79.43820542947255,-2.527969899071915,0.0],[-79.4380389500157,-2.527296713100143,0.0],[-79.43887561434063,-2.527095828794197,0.0],[-79.43700151199268,-2.520640894414518,0.0],[-79.42828705338262,-2.525908555948689,0.0]]]}},{"type":"Feature","properties":{"FID_tr_200":7,"FID_2000_d":2,"cov_gen":"FOREST","FID_2022_d":0,"cov_gen_1":"AGRO","old_gen":"FOREST","new_gen":"AGRO","area_ha":21.6204147378,"trans":"FOREST → AGRO","trans_grp":"PÉRDIDA_BOSQUE","FID_cacao_":64,"fcode":"EA010","descr":"PRODUCTO AGRICOLA, RESULTADO DE UN CONJUNTO DE TECNICAS Y CONOCIMIENTOS PARA CULTIVAR LA TIERRA","DPA_DESPRO":"GUAYAS","DPA_DESCAN":"NARANJAL","niv1":"TIERRA AGROPECUARIA","niv2":"CULTIVO","niv3":"CULTIVO PERMANENTE","niv4":"FRUTALES","niv5":"CACAO","LULC_std":"Cacao","label":"Cacao","cbt":"CACAO","uso":"AGRICOLA","tmp":"CULTIVO PERMANENTE","nal":"NO APLICABLE","tap":"MEDIANA","rie":"SI","spr":"MERCANTIL","sce":21.8117858174,"usce":"HECTAREAS","txt":"EL CODIGO (fcode) Y LA DESCRIPCION (descr) CORRESPONDEN A LOS OBJETOS GEOGRAFICOS DEL ATRIBUTO niv2","simbologia":"CPuc: Cacao","SHAPE_Leng":3422.03214129,"apt_uso":1,"cob_suelo":"Cacao","cacao_sys":"Cacao_alim_con50b","observ":null,"cob_label":"Cacao próximo a cultivos alimentarios"},"geometry":{"type":"Polygon","coordinates":[[[-79.47246745993104,-2.517129553713374,0.0],[-79.47233318460296,-2.517157229092154,0.0],[-79.4719417198687,-2.517724511210873,0.0],[-79.4719423685725,-2.517167686456197,0.0],[-79.4718338117589,-2.517167558536704,0.0],[-79.47167401468009,-2.517471714099546,0.0],[-79.47163159275154,-2.517989127721386,0.0],[-79.47109441839744,-2.518203910257574,0.0],[-79.4708883900875,-2.518007140417625,0.0],[-79.47093394719897,-2.517852027829531,0.0],[-79.47083521970559,-2.51775936236875,0.0],[-79.4707799614757,-2.517897831760346,0.0],[-79.47060639826267,-2.517788445366536,0.0],[-79.47047551104654,-2.518031336881291,0.0],[-79.47077983456025,-2.518270368226006,0.0],[-79.47089542340503,-2.519119973480961,0.0],[-79.47110631020452,-2.519421626838407,0.0],[-79.47168954678598,-2.519882234872229,0.0],[-79.47237055832579,-2.519931966616769,0.0],[-79.47313343701877,-2.520213763761744,0.0],[-79.47357672726567,-2.520187811984862,0.0],[-79.47421982372586,-2.519969872305579,0.0],[-79.47322742014687,-2.520522850023853,0.0],[-79.47311755799656,-2.520907870156996,0.0],[-79.47402833533704,-2.521151494496809,0.0],[-79.47408135917259,-2.52105617889807,0.0],[-79.47462111379824,-2.520864907471779,0.0],[-79.47462120627334,-2.520785497303382,0.0],[-79.47478496685409,-2.520785690193511,0.0],[-79.47512751661785,-2.520620078800081,0.0],[-79.47525430441242,-2.520747895753133,0.0],[-79.4751629756008,-2.521057453115563,0.0],[-79.47543018726078,-2.52105776776987,0.0],[-79.47542970086492,-2.521475593721195,0.0],[-79.47567984973966,-2.52160069734199,0.0],[-79.47596908725515,-2.521601037887977,0.0],[-79.47596885285344,-2.521802431154006,0.0],[-79.47623853741987,-2.521872672963702,0.0],[-79.47657040957121,-2.522144381526773,0.0],[-79.47677774104221,-2.522155569994112,0.0],[-79.47738275151235,-2.52160369622839,0.0],[-79.47775751105517,-2.521135679167868,0.0],[-79.4777151056405,-2.520774304178974,0.0],[-79.47754174108113,-2.520501312675659,0.0],[-79.47742811027081,-2.520010638786121,0.0],[-79.47719655932536,-2.519820221507291,0.0],[-79.47685602425479,-2.519819821162463,0.0],[-79.47654537035181,-2.520062243815119,0.0],[-79.47637358498044,-2.520478402607865,0.0],[-79.47590800933175,-2.520646059204302,0.0],[-79.47589144943146,-2.520349138404724,0.0],[-79.47564640851175,-2.51989612640556,0.0],[-79.47563040943444,-2.519650449192916,0.0],[-79.47480013218114,-2.519103630498357,0.0],[-79.47454159250691,-2.518851681729727,0.0],[-79.47451585080604,-2.518730168938084,0.0],[-79.47465254189457,-2.518636639302616,0.0],[-79.47473961601084,-2.518440215509801,0.0],[-79.474696345244,-2.518309146175268,0.0],[-79.47482541361519,-2.518130561168415,0.0],[-79.47386098865502,-2.517464054071169,0.0],[-79.47415273239172,-2.517466444054459,0.0],[-79.47431735985633,-2.517675447458123,0.0],[-79.47473882431176,-2.5175653967454,0.0],[-79.47492794161153,-2.51771915609763,0.0],[-79.47502565666952,-2.517706987575016,0.0],[-79.4751113594004,-2.5175228455292,0.0],[-79.47508729097972,-2.517215742499517,0.0],[-79.47437745590035,-2.516628955489192,0.0],[-79.47434320309081,-2.516407642078337,0.0],[-79.47446860726731,-2.516147467480639,0.0],[-79.47438173441765,-2.515819871327008,0.0],[-79.47429954683565,-2.515929817513727,0.0],[-79.472471372169,-2.516989994445926,0.0],[-79.47246745993104,-2.517129553713374,0.0]]]}},{"type":"Feature","properties":{"FID_tr_200":7,"FID_2000_d":2,"cov_gen":"FOREST","FID_2022_d":0,"cov_gen_1":"AGRO","old_gen":"FOREST","new_gen":"AGRO","area_ha":625.445725835,"trans":"FOREST → AGRO","trans_grp":"PÉRDIDA_BOSQUE","FID_cacao_":65,"fcode":"EA010","descr":"PRODUCTO AGRICOLA, RESULTADO DE UN CONJUNTO DE TECNICAS Y CONOCIMIENTOS PARA CULTIVAR LA TIERRA","DPA_DESPRO":"GUAYAS","DPA_DESCAN":"NARANJAL","niv1":"TIERRA AGROPECUARIA","niv2":"CULTIVO","niv3":"CULTIVO PERMANENTE","niv4":"FRUTALES","niv5":"CACAO","LULC_std":"Cacao","label":"Cacao","cbt":"CACAO","uso":"AGRICOLA","tmp":"CULTIVO PERMANENTE","nal":"NO APLICABLE","tap":"MEDIANA","rie":"SI","spr":"MERCANTIL","sce":626.531835942,"usce":"HECTAREAS","txt":"EL CODIGO (fcode) Y LA DESCRIPCION (descr) CORRESPONDEN A LOS OBJETOS GEOGRAFICOS DEL ATRIBUTO niv2","simbologia":"CPuc: Cacao","SHAPE_Leng":37748.3456142,"apt_uso":1,"cob_suelo":"Cacao","cacao_sys":"Cacao_alim_con50b","observ":null,"cob_label":"Cacao próximo a cultivos alimentarios"},"geometry":{"type":"Polygon","coordinates":[[[-79.45249222221653,-2.507985936422328,0.0],[-79.45248955401965,-2.510255700433718,0.0],[-79.4524202057317,-2.510348894155975,0.0],[-79.4516860304231,-2.51055693256075,0.0],[-79.45072986228108,-2.510290447825484,0.0],[-79.45023372135005,-2.51063976202857,0.0],[-79.4494781534341,-2.511021602768247,0.0],[-79.44956285636866,-2.511644721532143,0.0],[-79.45022589201338,-2.512252398811921,0.0],[-79.45024516334529,-2.512967200135135,0.0],[-79.44950051770446,-2.513337186684979,0.0],[-79.44939999682842,-2.51329660735479,0.0],[-79.44907199849884,-2.512851165958437,0.0],[-79.44823442149963,-2.512432088360783,0.0],[-79.44778527536442,-2.511942297100998,0.0],[-79.44783057275723,-2.514408332273133,0.0],[-79.44850834061437,-2.514020209665971,0.0],[-79.44962778099601,-2.51762587245107,0.0],[-79.45023012271021,-2.517525644545894,0.0],[-79.45063208255614,-2.517122331865832,0.0],[-79.44993258800429,-2.51449684054349,0.0],[-79.45009762313185,-2.513672007019837,0.0],[-79.45054979245154,-2.513802526225307,0.0],[-79.45254632571401,-2.515371220582757,0.0],[-79.45313914012584,-2.514684568949639,0.0],[-79.45302569559811,-2.514528645613217,0.0],[-79.45308848399881,-2.514348901918467,0.0],[-79.45349104451815,-2.514106626025428,0.0],[-79.45372717255769,-2.513810207067551,0.0],[-79.4537071931908,-2.513695548146091,0.0],[-79.45347940431446,-2.513553670342243,0.0],[-79.45369432397337,-2.51323699592011,0.0],[-79.45295660560421,-2.513418183324619,0.0],[-79.45295564141102,-2.513287813531873,0.0],[-79.45260695085116,-2.513332353218605,0.0],[-79.45230391986809,-2.512558772794557,0.0],[-79.4523938117648,-2.512136306039943,0.0],[-79.45227773728101,-2.51201928534025,0.0],[-79.45177699177403,-2.51213557124541,0.0],[-79.45158045152269,-2.512027446016464,0.0],[-79.45125004198356,-2.511730351501626,0.0],[-79.45142927518715,-2.511352946480554,0.0],[-79.45180457199291,-2.511488257817254,0.0],[-79.45197420971719,-2.511668278302765,0.0],[-79.45227810778184,-2.51170460393933,0.0],[-79.45248354476331,-2.511848703357369,0.0],[-79.45261741435459,-2.512037671719636,0.0],[-79.4525991332675,-2.512379305062947,0.0],[-79.45284879163964,-2.512928049256178,0.0],[-79.45325979402526,-2.51310835724968,0.0],[-79.45352829464714,-2.512838949121186,0.0],[-79.45429735170747,-2.512615091616495,0.0],[-79.45442269419321,-2.512453403065738,0.0],[-79.45454838549838,-2.511995015488646,0.0],[-79.45487907113178,-2.512058344814735,0.0],[-79.4557465660225,-2.511744693683918,0.0],[-79.4559523636677,-2.511583101318609,0.0],[-79.45716780155993,-2.511863263515595,0.0],[-79.45688150361208,-2.512393792079004,0.0],[-79.45665786319148,-2.512393526443995,0.0],[-79.45620754342569,-2.512955312455391,0.0],[-79.45583753316821,-2.513084086578119,0.0],[-79.45605311917946,-2.513736452012068,0.0],[-79.45603401046554,-2.513982491510875,0.0],[-79.45539216645929,-2.515666307410055,0.0],[-79.45542940450633,-2.51600705316357,0.0],[-79.45571127389027,-2.516367018032168,0.0],[-79.45599334387347,-2.516556632415543,0.0],[-79.45604582056126,-2.516883886705825,0.0],[-79.45637311826074,-2.516897718165295,0.0],[-79.4567655139074,-2.517038765418334,0.0],[-79.45764136187276,-2.51677061169451,0.0],[-79.45804576247598,-2.516818948985038,0.0],[-79.4593551986366,-2.517398669923979,0.0],[-79.46003580113636,-2.517424364391734,0.0],[-79.460288822708,-2.517528036211826,0.0],[-79.46101280471127,-2.518135868433834,0.0],[-79.46134105752152,-2.518197276163169,0.0],[-79.46221615961325,-2.517552242184455,0.0],[-79.46302988561676,-2.517510135563158,0.0],[-79.46345619876787,-2.51736734965582,0.0],[-79.4632679632854,-2.518213528397107,0.0],[-79.46352898687161,-2.518248086070725,0.0],[-79.4637900916525,-2.518214147278299,0.0],[-79.46438072395622,-2.517872368939488,0.0],[-79.46447210382182,-2.517381591630593,0.0],[-79.46538057980864,-2.517017357502204,0.0],[-79.46596996982822,-2.51773725903843,0.0],[-79.46590155900041,-2.517999745627565,0.0],[-79.46617354734478,-2.518365377208444,0.0],[-79.46621804128603,-2.519141714661075,0.0],[-79.46634277780693,-2.519244606295627,0.0],[-79.46638943575897,-2.519425648715225,0.0],[-79.46652720444165,-2.51932198251018,0.0],[-79.46658301533569,-2.519357169600368,0.0],[-79.46675679421746,-2.519120315909712,0.0],[-79.46702190813902,-2.51941087335748,0.0],[-79.46696279847704,-2.520430559961869,0.0],[-79.46637500262885,-2.52034362606464,0.0],[-79.46634758020325,-2.520182254250392,0.0],[-79.46265017085136,-2.521612497776162,0.0],[-79.46109491909284,-2.520893337474515,0.0],[-79.45149494466853,-2.524338021100688,0.0],[-79.4514586196898,-2.524225938187858,0.0],[-79.45144105168389,-2.524272352664577,0.0],[-79.45187475900045,-2.525316004901315,0.0],[-79.45347579146465,-2.524857707896326,0.0],[-79.45889081775502,-2.522933224004762,0.0],[-79.4595175314379,-2.524542624049364,0.0],[-79.45854151369343,-2.52488670548451,0.0],[-79.45857713366613,-2.525322846224325,0.0],[-79.45436525623344,-2.527262084217132,0.0],[-79.44845452706298,-2.529671698247588,0.0],[-79.4485040099542,-2.529772311351955,0.0],[-79.44742371892845,-2.530203707448781,0.0],[-79.44658847152402,-2.530774994737374,0.0],[-79.4476474062451,-2.532856772932158,0.0],[-79.4500806693885,-2.531788250669771,0.0],[-79.45166392523132,-2.530862924046407,0.0],[-79.4521083103911,-2.530699812113492,0.0],[-79.45237281778837,-2.531547986475757,0.0],[-79.45211981611048,-2.53160219535795,0.0],[-79.4519212744055,-2.531438420229818,0.0],[-79.45170442845713,-2.531474501586711,0.0],[-79.45170414804532,-2.531710720509063,0.0],[-79.45157143392807,-2.531757258015261,0.0],[-79.45185054823394,-2.532478434846464,0.0],[-79.45224546511184,-2.532292832380941,0.0],[-79.45225659059444,-2.532552363762339,0.0],[-79.45260723427987,-2.533515378137112,0.0],[-79.45392192482251,-2.532782863892078,0.0],[-79.45408291368466,-2.533125736017613,0.0],[-79.45215184055074,-2.534194785753156,0.0],[-79.4520141023469,-2.533942200744317,0.0],[-79.44589098440169,-2.536992777362352,0.0],[-79.44559907838516,-2.536394013873272,0.0],[-79.44397579448443,-2.53726474367774,0.0],[-79.44416974768295,-2.537691978120301,0.0],[-79.44416739679643,-2.538211091590334,0.0],[-79.44326360726726,-2.538580140214851,0.0],[-79.4425614882213,-2.538175498625301,0.0],[-79.44248880797053,-2.537984761317202,0.0],[-79.44397244648727,-2.537259653400879,0.0],[-79.44313456777547,-2.535053403698719,0.0],[-79.43940780497613,-2.536687847981927,0.0],[-79.43888228283707,-2.536591740921338,0.0],[-79.43908923439783,-2.536356422567552,0.0],[-79.43856561391708,-2.535207052627989,0.0],[-79.439636363613,-2.534421070423703,0.0],[-79.439421303716,-2.533769571533562,0.0],[-79.43856132249937,-2.534431691799261,0.0],[-79.4383877826725,-2.534015765682283,0.0],[-79.43856756431582,-2.532894343018038,0.0],[-79.43785574840943,-2.531278316514647,0.0],[-79.43468692585513,-2.532575575874962,0.0],[-79.43424051012586,-2.532844227168853,0.0],[-79.4334809656707,-2.533830346684075,0.0],[-79.43329634099669,-2.533657179549043,0.0],[-79.43124619757418,-2.534911024354646,0.0],[-79.43017064350612,-2.535965037441285,0.0],[-79.42919586957377,-2.536315623005121,0.0],[-79.4287971675926,-2.535460827197398,0.0],[-79.42828665278724,-2.535481596089667,0.0],[-79.42828642649059,-2.540473527049641,0.0],[-79.43056789511922,-2.54355631047143,0.0],[-79.43162930967054,-2.543045303895831,0.0],[-79.43214340707081,-2.543719308791244,0.0],[-79.43420230612442,-2.54266187461202,0.0],[-79.43407194433495,-2.542431783775128,0.0],[-79.43661118030037,-2.541252071322036,0.0],[-79.43691857446883,-2.541872261258567,0.0],[-79.438151014381,-2.54128904516844,0.0],[-79.43847733474007,-2.54170030290273,0.0],[-79.4439880872006,-2.538526793238086,0.0],[-79.44622249954462,-2.537469398913824,0.0],[-79.44661413804171,-2.538184383742714,0.0],[-79.44172485518317,-2.540761615900815,0.0],[-79.44632312510244,-2.546679811042637,0.0],[-79.44742558572862,-2.546080644614172,0.0],[-79.44802307855889,-2.544825124499536,0.0],[-79.44809095930822,-2.544764188965285,0.0],[-79.44849058705236,-2.544829279536492,0.0],[-79.44926269682925,-2.543785735207107,0.0],[-79.44967684929766,-2.54364266507071,0.0],[-79.45038004433113,-2.54352506840161,0.0],[-79.45066799337859,-2.543604897645235,0.0],[-79.450751646568,-2.544021484559252,0.0],[-79.45050719345844,-2.544637896334087,0.0],[-79.45056044232155,-2.544874852596991,0.0],[-79.45072805225351,-2.544979143969087,0.0],[-79.4509359158888,-2.545000010406834,0.0],[-79.45119212092621,-2.544875615468722,0.0],[-79.45166382447003,-2.544355740099547,0.0],[-79.45234915140448,-2.544259656071708,0.0],[-79.45268093024183,-2.544360555760272,0.0],[-79.45309419750996,-2.544960463678,0.0],[-79.45354721270155,-2.545071610551767,0.0],[-79.45404535674872,-2.545023500985865,0.0],[-79.45461670596593,-2.544667489800976,0.0],[-79.45525218271347,-2.543848916960693,0.0],[-79.45553243847546,-2.543738736780059,0.0],[-79.45510939511011,-2.540611127293318,0.0],[-79.4556477642789,-2.540208259171282,0.0],[-79.45184292189124,-2.535335708049973,0.0],[-79.45431497607603,-2.534043233802554,0.0],[-79.45658479913916,-2.537015803729779,0.0],[-79.45700350532637,-2.537297269267822,0.0],[-79.45736203936603,-2.53783955682133,0.0],[-79.45786859937287,-2.538407750819149,0.0],[-79.45812374479075,-2.538201942883486,0.0],[-79.45908821679781,-2.539238600285797,0.0],[-79.46123396876716,-2.537317551466783,0.0],[-79.46053251512565,-2.536340874259815,0.0],[-79.46183878862453,-2.535131050830977,0.0],[-79.45933194558572,-2.533041779960182,0.0],[-79.45913104181696,-2.533176137653293,0.0],[-79.45876356767157,-2.532704604742813,0.0],[-79.45899816724125,-2.532368389635888,0.0],[-79.45847853887615,-2.531866359942287,0.0],[-79.46020603305307,-2.530972854150402,0.0],[-79.46068853877695,-2.531714241824365,0.0],[-79.46098980413879,-2.531588416041251,0.0],[-79.46176623027824,-2.532825965606068,0.0],[-79.4633455759223,-2.534114948389073,0.0],[-79.46630923752237,-2.531847126460245,0.0],[-79.46684193362937,-2.531559985293314,0.0],[-79.46596512885105,-2.530322316922811,0.0],[-79.4660919904857,-2.530010773869741,0.0],[-79.46636328424421,-2.529765789986424,0.0],[-79.46655353186937,-2.529302659741933,0.0],[-79.46679767664116,-2.529098528074599,0.0],[-79.46687061370714,-2.528506309619695,0.0],[-79.46634333370865,-2.52878329358754,0.0],[-79.46516283301749,-2.529740905539642,0.0],[-79.46447930270176,-2.528783294268768,0.0],[-79.46933288649147,-2.526302955742342,0.0],[-79.46941873716601,-2.526516999940273,0.0],[-79.46906754250551,-2.526834139551156,0.0],[-79.46908793760517,-2.527145870731335,0.0],[-79.4695759852954,-2.527234569220239,0.0],[-79.46972627331107,-2.527159215330425,0.0],[-79.46988915307806,-2.527020933483,0.0],[-79.47015257818171,-2.526530288158624,0.0],[-79.47065315696868,-2.526606412771038,0.0],[-79.47070082723432,-2.525587429049112,0.0],[-79.47244136059795,-2.524677005311421,0.0],[-79.47234208798794,-2.524353956126733,0.0],[-79.47245898244178,-2.524296813300017,0.0],[-79.4724592837796,-2.52403875773606,0.0],[-79.47192453409744,-2.52403812601621,0.0],[-79.47145356711256,-2.524140520800592,0.0],[-79.4712878724201,-2.523766056365137,0.0],[-79.47084100586862,-2.523765528132081,0.0],[-79.47065352380596,-2.523493989295722,0.0],[-79.47026580797248,-2.523608713109532,0.0],[-79.4702430814102,-2.523306928236056,0.0],[-79.47005844580968,-2.523306709890696,0.0],[-79.46973187634045,-2.522556816594266,0.0],[-79.46995568778392,-2.522366496363524,0.0],[-79.4711131343473,-2.521743090966097,0.0],[-79.47111330689317,-2.521595312167624,0.0],[-79.47057377642508,-2.521594674853221,0.0],[-79.47057403426203,-2.521373909265475,0.0],[-79.47030432817179,-2.521323039350966,0.0],[-79.47030469896525,-2.521005573544839,0.0],[-79.4700496730078,-2.520939059882494,0.0],[-79.47020002729282,-2.520649086469188,0.0],[-79.4703051069059,-2.520656256724638,0.0],[-79.47030559554749,-2.520237772295987,0.0],[-79.47057536045111,-2.520238090865741,0.0],[-79.4705756771537,-2.519966774064708,0.0],[-79.47084544203571,-2.519967092543998,0.0],[-79.470882083306,-2.5195340475017,0.0],[-79.47053164569144,-2.519204316303087,0.0],[-79.46866076478949,-2.519060971182133,0.0],[-79.46758480481549,-2.519153790087538,0.0],[-79.4672223589276,-2.519094554401269,0.0],[-79.46693268482021,-2.518943829006506,0.0],[-79.46888050227537,-2.516533462885044,0.0],[-79.46900131090656,-2.516509508914299,0.0],[-79.46852860194306,-2.515870054694105,0.0],[-79.46769109956988,-2.51589778024266,0.0],[-79.46761540547546,-2.515522011111075,0.0],[-79.46746804781698,-2.515392621559796,0.0],[-79.46672087361075,-2.515489847094346,0.0],[-79.46613032253956,-2.51593182939504,0.0],[-79.46559670039441,-2.516519843208554,0.0],[-79.46495802044187,-2.516500313351824,0.0],[-79.46484096269765,-2.516466526153208,0.0],[-79.4648407131573,-2.516330107036995,0.0],[-79.46467401033726,-2.51618605415462,0.0],[-79.46437619451038,-2.516041846090131,0.0],[-79.46395904630356,-2.516017376047412,0.0],[-79.46385187048895,-2.515933333723304,0.0],[-79.4633274194546,-2.515932712675126,0.0],[-79.4632324294348,-2.515620912953191,0.0],[-79.46362618828856,-2.515261740415801,0.0],[-79.46343560561473,-2.515153623147176,0.0],[-79.46341189293946,-2.515045703439134,0.0],[-79.46345975233086,-2.514889916022073,0.0],[-79.46360289645297,-2.514794182387638,0.0],[-79.4635913140705,-2.514506457629561,0.0],[-79.46341266452222,-2.51438636598581,0.0],[-79.46299554419103,-2.5143379206895,0.0],[-79.46250644051696,-2.514450664887823,0.0],[-79.46218377569714,-2.515169560756209,0.0],[-79.46223061093178,-2.515888893403897,0.0],[-79.46147889144714,-2.516571315284421,0.0],[-79.46107357836298,-2.516618786859515,0.0],[-79.45975085624295,-2.51634149395704,0.0],[-79.45957223536573,-2.516197426611908,0.0],[-79.45875171701901,-2.514566092576393,0.0],[-79.4583587039981,-2.514289903190621,0.0],[-79.4582754372409,-2.514145949147526,0.0],[-79.4581812654555,-2.513138850293526,0.0],[-79.45824128323585,-2.512779283621154,0.0],[-79.45845556300496,-2.513007309221595,0.0],[-79.45887255533282,-2.513163646868779,0.0],[-79.45941995733764,-2.51391953629075,0.0],[-79.4599087189929,-2.51386017699657,0.0],[-79.46045754023906,-2.513405285679318,0.0],[-79.46071976532997,-2.513405596497969,0.0],[-79.46087482823637,-2.513309876407361,0.0],[-79.46094680740823,-2.512914359495088,0.0],[-79.46163776216297,-2.513226864950182,0.0],[-79.46233527467865,-2.511956923811626,0.0],[-79.4624725865885,-2.511489405927503,0.0],[-79.46247300479837,-2.511131768287854,0.0],[-79.4621726368905,-2.510691243236978,0.0],[-79.46132736492704,-2.510292269563729,0.0],[-79.460775800377,-2.510283122793131,0.0],[-79.45941785443942,-2.509356616322717,0.0],[-79.45915217361032,-2.510038252909378,0.0],[-79.45863410647377,-2.509678000985813,0.0],[-79.45799975465737,-2.509380547372122,0.0],[-79.45767838730993,-2.508993556156066,0.0],[-79.45768746416302,-2.50887668416579,0.0],[-79.45853488346691,-2.50835618079347,0.0],[-79.45834364360323,-2.508195510830669,0.0],[-79.45793595623562,-2.50810023467253,0.0],[-79.45727929365334,-2.508264519397008,0.0],[-79.4571427551292,-2.508071784113231,0.0],[-79.45637706755468,-2.50790581242636,0.0],[-79.45624017440986,-2.508015692880335,0.0],[-79.45577359400775,-2.509363154234866,0.0],[-79.45547264813577,-2.509417817875326,0.0],[-79.45511680189306,-2.509637478997301,0.0],[-79.45454261754786,-2.509444223705116,0.0],[-79.45520105604179,-2.507766864872743,0.0],[-79.45418925904018,-2.507545580075837,0.0],[-79.45249222221653,-2.507985936422328,0.0]]]}},{"type":"Feature","properties":{"FID_tr_200":7,"FID_2000_d":2,"cov_gen":"FOREST","FID_2022_d":0,"cov_gen_1":"AGRO","old_gen":"FOREST","new_gen":"AGRO","area_ha":29.6079307821,"trans":"FOREST → AGRO","trans_grp":"PÉRDIDA_BOSQUE","FID_cacao_":66,"fcode":"EA010","descr":"PRODUCTO AGRICOLA, RESULTADO DE UN CONJUNTO DE TECNICAS Y CONOCIMIENTOS PARA CULTIVAR LA TIERRA","DPA_DESPRO":"GUAYAS","DPA_DESCAN":"NARANJAL","niv1":"TIERRA AGROPECUARIA","niv2":"CULTIVO","niv3":"CULTIVO PERMANENTE","niv4":"FRUTALES","niv5":"CACAO","LULC_std":"Cacao","label":"Cacao","cbt":"CACAO","uso":"AGRICOLA","tmp":"CULTIVO PERMANENTE","nal":"NO APLICABLE","tap":"MEDIANA","rie":"NO","spr":"MERCANTIL","sce":32.3055014153,"usce":"HECTAREAS","txt":"EL CODIGO (fcode) Y LA DESCRIPCION (descr) CORRESPONDEN A LOS OBJETOS GEOGRAFICOS DEL ATRIBUTO niv2","simbologia":"CPuc: Cacao","SHAPE_Leng":3371.04050414,"apt_uso":1,"cob_suelo":"Cacao","cacao_sys":"Cacao_alim_sin50b","observ":null,"cob_label":"Cacao sin cultivos alimentarios próximos"},"geometry":{"type":"Polygon","coordinates":[[[-79.44192652908859,-2.60555167839869,0.0],[-79.44314540038334,-2.607443994190944,0.0],[-79.44348446806184,-2.607175538795899,0.0],[-79.44372250227083,-2.607092084744726,0.0],[-79.44480336958809,-2.606931465208843,0.0],[-79.44478082419707,-2.606114659563946,0.0],[-79.44506672362594,-2.605803945332724,0.0],[-79.44560212670457,-2.605756752727335,0.0],[-79.44589967285478,-2.605649443791024,0.0],[-79.44649498510367,-2.60525536359062,0.0],[-79.44719688171793,-2.605256233579415,0.0],[-79.44750655868118,-2.604957511813823,0.0],[-79.4474714556554,-2.604478899564615,0.0],[-79.44735294425907,-2.604107862177421,0.0],[-79.44521394362528,-2.604324477738102,0.0],[-79.44523585777442,-2.603779630327468,0.0],[-79.4450119102679,-2.603516993271936,0.0],[-79.44519138494722,-2.602679721381236,0.0],[-79.4455791215386,-2.601782887199437,0.0],[-79.44557937798376,-2.601573513862111,0.0],[-79.44594523966902,-2.601354119712839,0.0],[-79.44565934493605,-2.601331265599895,0.0],[-79.44566034152676,-2.600517325816955,0.0],[-79.44539056301272,-2.600516991753721,0.0],[-79.44539092744141,-2.600219341822163,0.0],[-79.44524231797851,-2.600264138306076,0.0],[-79.44510885154776,-2.600551713752868,0.0],[-79.44468004971081,-2.600981893710328,0.0],[-79.44446605963654,-2.600861986492883,0.0],[-79.44446629418597,-2.600670559721333,0.0],[-79.44400241820422,-2.600598199779061,0.0],[-79.44388364378116,-2.600442517593609,0.0],[-79.44312228311443,-2.600429609596272,0.0],[-79.44263405728391,-2.600811857814576,0.0],[-79.44147937773948,-2.601396669913171,0.0],[-79.44100291528704,-2.601886609404538,0.0],[-79.44049059532853,-2.602912718782589,0.0],[-79.44106807483682,-2.603075928823113,0.0],[-79.4414874907478,-2.602540455655312,0.0],[-79.4416015323479,-2.602674595286627,0.0],[-79.44163913045557,-2.603057496501667,0.0],[-79.44154282973182,-2.603976225780793,0.0],[-79.44159936819564,-2.604435720543386,0.0],[-79.44205548883761,-2.605010568041555,0.0],[-79.44203581875688,-2.605527396114478,0.0],[-79.44192652908859,-2.60555167839869,0.0]],[[-79.44268911711741,-2.603498089526773,0.0],[-79.4426907824893,-2.602141525185427,0.0],[-79.44296056100096,-2.602141860037614,0.0],[-79.44296022805389,-2.60241317294327,0.0],[-79.44376956397075,-2.602414177256941,0.0],[-79.44376856543933,-2.603228116281155,0.0],[-79.44349878659263,-2.603227781463068,0.0],[-79.44349812061564,-2.603770407403279,0.0],[-79.44322834168842,-2.603770072457318,0.0],[-79.443228674752,-2.603498759522759,0.0],[-79.44268911711741,-2.603498089526773,0.0]]]}},{"type":"Feature","properties":{"FID_tr_200":7,"FID_2000_d":2,"cov_gen":"FOREST","FID_2022_d":0,"cov_gen_1":"AGRO","old_gen":"FOREST","new_gen":"AGRO","area_ha":66.0373307651,"trans":"FOREST → AGRO","trans_grp":"PÉRDIDA_BOSQUE","FID_cacao_":67,"fcode":"EA010","descr":"PRODUCTO AGRICOLA, RESULTADO DE UN CONJUNTO DE TECNICAS Y CONOCIMIENTOS PARA CULTIVAR LA TIERRA","DPA_DESPRO":"GUAYAS","DPA_DESCAN":"NARANJAL","niv1":"TIERRA AGROPECUARIA","niv2":"CULTIVO","niv3":"CULTIVO PERMANENTE","niv4":"FRUTALES","niv5":"CACAO","LULC_std":"Cacao","label":"Cacao","cbt":"CACAO","uso":"AGRICOLA","tmp":"CULTIVO PERMANENTE","nal":"NO APLICABLE","tap":"MEDIANA","rie":"NO","spr":"MERCANTIL","sce":66.0373307652,"usce":"HECTAREAS","txt":"EL CODIGO (fcode) Y LA DESCRIPCION (descr) CORRESPONDEN A LOS OBJETOS GEOGRAFICOS DEL ATRIBUTO niv2","simbologia":"CPuc: Cacao","SHAPE_Leng":7655.27874629,"apt_uso":1,"cob_suelo":"Cacao","cacao_sys":"Cacao_alim_sin50b","observ":null,"cob_label":"Cacao sin cultivos alimentarios próximos"},"geometry":{"type":"Polygon","coordinates":[[[-79.42499776602249,-2.564493201142494,0.0],[-79.42499787395418,-2.581666299686466,0.0],[-79.42535470069647,-2.580371905448182,0.0],[-79.42587606089246,-2.580136145449863,0.0],[-79.42626913644523,-2.579729855678637,0.0],[-79.42659052495364,-2.579574721613695,0.0],[-79.42681637666787,-2.579718571301678,0.0],[-79.42705375595843,-2.580161538883839,0.0],[-79.42766005134143,-2.580497287045119,0.0],[-79.42775473632275,-2.580892219836499,0.0],[-79.42800421881367,-2.581167704863947,0.0],[-79.42828952188786,-2.581335557224095,0.0],[-79.42857511993432,-2.581264126721942,0.0],[-79.42876585631979,-2.580941332926153,0.0],[-79.42869481705648,-2.580666070548806,0.0],[-79.42896881180435,-2.580355343988705,0.0],[-79.42925426279113,-2.580403554185323,0.0],[-79.42942036965133,-2.580762684021562,0.0],[-79.4296698673799,-2.581026204099113,0.0],[-79.4296927194538,-2.58179193644063,0.0],[-79.42958543356461,-2.581971265010162,0.0],[-79.42914502200505,-2.582174107552437,0.0],[-79.42901381066136,-2.58246108351445,0.0],[-79.42908487927149,-2.58271241813229,0.0],[-79.42895360897282,-2.583047249715504,0.0],[-79.42826383275758,-2.582878894293312,0.0],[-79.42780042416452,-2.582435646193956,0.0],[-79.42738429113815,-2.582243703017003,0.0],[-79.42667031081758,-2.582410312286812,0.0],[-79.4260876611215,-2.582194232803209,0.0],[-79.42576646326704,-2.582193832880957,0.0],[-79.42527824658198,-2.582576076467325,0.0],[-79.42514670934426,-2.583126259891295,0.0],[-79.42526496411752,-2.583700684215019,0.0],[-79.42625959602249,-2.583615782163938,0.0],[-79.42793027093475,-2.585564168791607,0.0],[-79.42875212362432,-2.584907621281248,0.0],[-79.42860112583136,-2.584261531096267,0.0],[-79.42871936813394,-2.583975806249807,0.0],[-79.42961434973148,-2.583712661499543,0.0],[-79.42994897962166,-2.58347595093704,0.0],[-79.43010336017632,-2.583052715578982,0.0],[-79.43047599205912,-2.582552155990429,0.0],[-79.43082716906856,-2.581947837925406,0.0],[-79.43084066106228,-2.581798542726582,0.0],[-79.43078573592287,-2.5816367727156,0.0],[-79.42989659618065,-2.580658313778666,0.0],[-79.4296558153639,-2.579895990816751,0.0],[-79.42907508479779,-2.579749756512798,0.0],[-79.42857274277294,-2.578891788308284,0.0],[-79.42793738618495,-2.578560813354195,0.0],[-79.42770112497004,-2.578293006877692,0.0],[-79.42758043715929,-2.577934816362023,0.0],[-79.42765815188606,-2.576452738497376,0.0],[-79.42777886629494,-2.575983067293951,0.0],[-79.42749280759332,-2.575185689852359,0.0],[-79.42749164174664,-2.574449801393402,0.0],[-79.42711402827403,-2.573662620492793,0.0],[-79.42727017998052,-2.573112956352777,0.0],[-79.42702192867822,-2.572063125765437,0.0],[-79.42700884216922,-2.571368009814055,0.0],[-79.42710313470225,-2.571178118235938,0.0],[-79.42750522485105,-2.570812292510663,0.0],[-79.42803916299812,-2.56925524208477,0.0],[-79.42796829884183,-2.568976664904522,0.0],[-79.42746281236633,-2.568275838879619,0.0],[-79.42750262347852,-2.568069010439876,0.0],[-79.42800682971773,-2.567659857822305,0.0],[-79.42805992425146,-2.567373477285317,0.0],[-79.4276908070683,-2.567298757517948,0.0],[-79.42697347612746,-2.567308479482669,0.0],[-79.42618304416438,-2.566713392076474,0.0],[-79.42622567997171,-2.566352735572039,0.0],[-79.42713414657685,-2.565314166786291,0.0],[-79.42737689809513,-2.565208375897256,0.0],[-79.4278726778336,-2.565219597663859,0.0],[-79.42805191594294,-2.565294083379745,0.0],[-79.42816804319935,-2.565219962525129,0.0],[-79.4282954446489,-2.564551746552904,0.0],[-79.4284986860009,-2.564160523798769,0.0],[-79.42777079919773,-2.563893638524723,0.0],[-79.42705415630941,-2.56345050040843,0.0],[-79.42666144066557,-2.563569656340452,0.0],[-79.42658988818724,-2.563713136852518,0.0],[-79.42662341790947,-2.56401771623285,0.0],[-79.42654967580414,-2.564373086365682,0.0],[-79.42619961596334,-2.564631078542309,0.0],[-79.42576413185901,-2.564702324450724,0.0],[-79.42535042985817,-2.564472102576854,0.0],[-79.42499776602249,-2.564493201142494,0.0]]]}},{"type":"Feature","properties":{"FID_tr_200":7,"FID_2000_d":2,"cov_gen":"FOREST","FID_2022_d":0,"cov_gen_1":"AGRO","old_gen":"FOREST","new_gen":"AGRO","area_ha":7.73022213832,"trans":"FOREST → AGRO","trans_grp":"PÉRDIDA_BOSQUE","FID_cacao_":68,"fcode":"EA010","descr":"PRODUCTO AGRICOLA, RESULTADO DE UN CONJUNTO DE TECNICAS Y CONOCIMIENTOS PARA CULTIVAR LA TIERRA","DPA_DESPRO":"GUAYAS","DPA_DESCAN":"NARANJAL","niv1":"TIERRA AGROPECUARIA","niv2":"CULTIVO","niv3":"CULTIVO PERMANENTE","niv4":"FRUTALES","niv5":"CACAO","LULC_std":"Cacao","label":"Cacao","cbt":"CACAO","uso":"AGRICOLA","tmp":"CULTIVO PERMANENTE","nal":"NO APLICABLE","tap":"PEQUENA","rie":"SI","spr":"MERCANTIL","sce":7.73022213833,"usce":"HECTAREAS","txt":"EL CODIGO (fcode) Y LA DESCRIPCION (descr) CORRESPONDEN A LOS OBJETOS GEOGRAFICOS DEL ATRIBUTO niv2","simbologia":"CPuc: Cacao","SHAPE_Leng":1795.6880437,"apt_uso":1,"cob_suelo":"Cacao","cacao_sys":"Cacao_alim_sin50b","observ":null,"cob_label":"Cacao sin cultivos alimentarios próximos"},"geometry":{"type":"Polygon","coordinates":[[[-79.49030688153488,-2.615005678037414,0.0],[-79.49061128742113,-2.614950809115271,0.0],[-79.49120359785411,-2.6154199969105,0.0],[-79.49154187189131,-2.61584628863848,0.0],[-79.49152745031108,-2.61610180075435,0.0],[-79.49223292598845,-2.616372380213031,0.0],[-79.49146934014168,-2.617478753454917,0.0],[-79.49161024575952,-2.617691865313328,0.0],[-79.49115753226145,-2.618528887844293,0.0],[-79.49160902320897,-2.61871398383587,0.0],[-79.49168511612152,-2.618910242571355,0.0],[-79.49316704869187,-2.61471963091986,0.0],[-79.49254108874331,-2.613532711389893,0.0],[-79.49018089239638,-2.61458983651723,0.0],[-79.48998058470542,-2.614211031590913,0.0],[-79.48975448834803,-2.61441265766398,0.0],[-79.48957752039975,-2.614817888552824,0.0],[-79.49030688153488,-2.615005678037414,0.0]]]}},{"type":"Feature","properties":{"FID_tr_200":7,"FID_2000_d":2,"cov_gen":"FOREST","FID_2022_d":0,"cov_gen_1":"AGRO","old_gen":"FOREST","new_gen":"AGRO","area_ha":5.05737694762,"trans":"FOREST → AGRO","trans_grp":"PÉRDIDA_BOSQUE","FID_cacao_":69,"fcode":"EA010","descr":"PRODUCTO AGRICOLA, RESULTADO DE UN CONJUNTO DE TECNICAS Y CONOCIMIENTOS PARA CULTIVAR LA TIERRA","DPA_DESPRO":"GUAYAS","DPA_DESCAN":"NARANJAL","niv1":"TIERRA AGROPECUARIA","niv2":"CULTIVO","niv3":"CULTIVO PERMANENTE","niv4":"FRUTALES","niv5":"CACAO","LULC_std":"Cacao","label":"Cacao","cbt":"CACAO","uso":"AGRICOLA","tmp":"CULTIVO PERMANENTE","nal":"NO APLICABLE","tap":"PEQUENA","rie":"SI","spr":"MERCANTIL","sce":5.05737694763,"usce":"HECTAREAS","txt":"EL CODIGO (fcode) Y LA DESCRIPCION (descr) CORRESPONDEN A LOS OBJETOS GEOGRAFICOS DEL ATRIBUTO niv2","simbologia":"CPuc: Cacao","SHAPE_Leng":1126.16675853,"apt_uso":1,"cob_suelo":"Cacao","cacao_sys":"Cacao_alim_sin50b","observ":null,"cob_label":"Cacao sin cultivos alimentarios próximos"},"geometry":{"type":"Polygon","coordinates":[[[-79.49239131818753,-2.611465337898306,0.0],[-79.49239098714708,-2.611742949863198,0.0],[-79.49181398409806,-2.611590828588852,0.0],[-79.49141276525691,-2.611337969444943,0.0],[-79.4909609657869,-2.611413136753613,0.0],[-79.49086010428681,-2.611816815092774,0.0],[-79.49093508787969,-2.612069281480089,0.0],[-79.49201680385428,-2.612329542579324,0.0],[-79.49216719308804,-2.612481149278661,0.0],[-79.49204147786484,-2.612682898186915,0.0],[-79.49186581236287,-2.612682686178163,0.0],[-79.49214125521655,-2.613187768774335,0.0],[-79.492442334992,-2.613238607519073,0.0],[-79.49251737910402,-2.613440598724288,0.0],[-79.49386680400761,-2.613067980679986,0.0],[-79.49425475578862,-2.612226618977308,0.0],[-79.49383392433704,-2.611703365560678,0.0],[-79.49322860373327,-2.611790552658342,0.0],[-79.49294364787922,-2.611264103180453,0.0],[-79.49239131818753,-2.611465337898306,0.0]]]}},{"type":"Feature","properties":{"FID_tr_200":7,"FID_2000_d":2,"cov_gen":"FOREST","FID_2022_d":0,"cov_gen_1":"AGRO","old_gen":"FOREST","new_gen":"AGRO","area_ha":12.8790952821,"trans":"FOREST → AGRO","trans_grp":"PÉRDIDA_BOSQUE","FID_cacao_":70,"fcode":"EA010","descr":"PRODUCTO AGRICOLA, RESULTADO DE UN CONJUNTO DE TECNICAS Y CONOCIMIENTOS PARA CULTIVAR LA TIERRA","DPA_DESPRO":"GUAYAS","DPA_DESCAN":"NARANJAL","niv1":"TIERRA AGROPECUARIA","niv2":"CULTIVO","niv3":"CULTIVO PERMANENTE","niv4":"FRUTALES","niv5":"CACAO","LULC_std":"Cacao","label":"Cacao","cbt":"CACAO","uso":"AGRICOLA","tmp":"CULTIVO PERMANENTE","nal":"NO APLICABLE","tap":"PEQUENA","rie":"SI","spr":"MERCANTIL","sce":14.7019664072,"usce":"HECTAREAS","txt":"EL CODIGO (fcode) Y LA DESCRIPCION (descr) CORRESPONDEN A LOS OBJETOS GEOGRAFICOS DEL ATRIBUTO niv2","simbologia":"CPuc: Cacao","SHAPE_Leng":2054.31800541,"apt_uso":1,"cob_suelo":"Cacao","cacao_sys":"Cacao_alim_con50b","observ":null,"cob_label":"Cacao próximo a cultivos alimentarios"},"geometry":{"type":"Polygon","coordinates":[[[-79.49524998007674,-2.614686383919854,0.0],[-79.49549352609041,-2.614586674309255,0.0],[-79.4955184181399,-2.614242026687885,0.0],[-79.49567649406906,-2.614415577911782,0.0],[-79.49609309443805,-2.614416079722588,0.0],[-79.49609341751149,-2.614144760101241,0.0],[-79.49582362971266,-2.614144435181249,0.0],[-79.4958242758744,-2.613601796002546,0.0],[-79.49609406355744,-2.613602120855001,0.0],[-79.4960947094688,-2.613059481603882,0.0],[-79.49690407237252,-2.61306045560941,0.0],[-79.49690342680846,-2.613603095063064,0.0],[-79.49717321462603,-2.613603419682651,0.0],[-79.49717286883407,-2.613894086430038,0.0],[-79.49827873310184,-2.61212111658244,0.0],[-79.49875408325984,-2.611596521793512,0.0],[-79.49845670952651,-2.611627520212852,0.0],[-79.49840048864371,-2.611381237638434,0.0],[-79.49810916826468,-2.611606696700966,0.0],[-79.49804037636076,-2.611088516245131,0.0],[-79.49763994264254,-2.611088035146391,0.0],[-79.49687152241209,-2.610111258107353,0.0],[-79.49643662298367,-2.610043435343381,0.0],[-79.49566692311372,-2.610143459882922,0.0],[-79.49509742295652,-2.610714826572827,0.0],[-79.49469626399801,-2.610411492891378,0.0],[-79.4942513730527,-2.610284708600976,0.0],[-79.49409328542602,-2.610319839574936,0.0],[-79.49376723152756,-2.610168021580827,0.0],[-79.49353194559205,-2.610276887413621,0.0],[-79.49368997631456,-2.610542489041473,0.0],[-79.49471266094517,-2.611389737360923,0.0],[-79.49500277471232,-2.611541911830675,0.0],[-79.49525111011128,-2.61373787892789,0.0],[-79.49524998007674,-2.614686383919854,0.0]]]}},{"type":"Feature","properties":{"FID_tr_200":7,"FID_2000_d":2,"cov_gen":"FOREST","FID_2022_d":0,"cov_gen_1":"AGRO","old_gen":"FOREST","new_gen":"AGRO","area_ha":4.62748217808,"trans":"FOREST → AGRO","trans_grp":"PÉRDIDA_BOSQUE","FID_cacao_":71,"fcode":"EA010","descr":"PRODUCTO AGRICOLA, RESULTADO DE UN CONJUNTO DE TECNICAS Y CONOCIMIENTOS PARA CULTIVAR LA TIERRA","DPA_DESPRO":"GUAYAS","DPA_DESCAN":"NARANJAL","niv1":"TIERRA AGROPECUARIA","niv2":"CULTIVO","niv3":"CULTIVO PERMANENTE","niv4":"FRUTALES","niv5":"CACAO","LULC_std":"Cacao","label":"Cacao","cbt":"CACAO","uso":"AGRICOLA","tmp":"CULTIVO PERMANENTE","nal":"NO APLICABLE","tap":"PEQUENA","rie":"SI","spr":"MERCANTIL","sce":4.62748217808,"usce":"HECTAREAS","txt":"EL CODIGO (fcode) Y LA DESCRIPCION (descr) CORRESPONDEN A LOS OBJETOS GEOGRAFICOS DEL ATRIBUTO niv2","simbologia":"CPuc: Cacao","SHAPE_Leng":1248.98256434,"apt_uso":1,"cob_suelo":"Cacao","cacao_sys":"Cacao_alim_sin50b","observ":null,"cob_label":"Cacao sin cultivos alimentarios próximos"},"geometry":{"type":"Polygon","coordinates":[[[-79.45037809915267,-2.592116456836805,0.0],[-79.44979520763962,-2.592541193675587,0.0],[-79.45004082051693,-2.592972694889973,0.0],[-79.4502156445289,-2.592853132082378,0.0],[-79.45004931493479,-2.592517551241925,0.0],[-79.45016855932036,-2.592397919991191,0.0],[-79.45043799192494,-2.592829450509128,0.0],[-79.45089088857185,-2.592566497350394,0.0],[-79.4514404125055,-2.593394168657233,0.0],[-79.45162632460796,-2.593148778172215,0.0],[-79.45206602832565,-2.592958355983102,0.0],[-79.45143716870167,-2.592103113057757,0.0],[-79.45243628360227,-2.591372917757715,0.0],[-79.45156577483144,-2.590343108609463,0.0],[-79.44989567655816,-2.5917607996142,0.0],[-79.45037809915267,-2.592116456836805,0.0]]]}},{"type":"Feature","properties":{"FID_tr_200":7,"FID_2000_d":2,"cov_gen":"FOREST","FID_2022_d":0,"cov_gen_1":"AGRO","old_gen":"FOREST","new_gen":"AGRO","area_ha":1.44823466777,"trans":"FOREST → AGRO","trans_grp":"PÉRDIDA_BOSQUE","FID_cacao_":72,"fcode":"EA010","descr":"PRODUCTO AGRICOLA, RESULTADO DE UN CONJUNTO DE TECNICAS Y CONOCIMIENTOS PARA CULTIVAR LA TIERRA","DPA_DESPRO":"GUAYAS","DPA_DESCAN":"NARANJAL","niv1":"TIERRA AGROPECUARIA","niv2":"CULTIVO","niv3":"CULTIVO PERMANENTE","niv4":"FRUTALES","niv5":"CACAO","LULC_std":"Cacao","label":"Cacao","cbt":"CACAO","uso":"AGRICOLA","tmp":"CULTIVO PERMANENTE","nal":"NO APLICABLE","tap":"PEQUENA","rie":"SI","spr":"MERCANTIL","sce":1.44823466776,"usce":"HECTAREAS","txt":"EL CODIGO (fcode) Y LA DESCRIPCION (descr) CORRESPONDEN A LOS OBJETOS GEOGRAFICOS DEL ATRIBUTO niv2","simbologia":"CPuc: Cacao","SHAPE_Leng":546.945393641,"apt_uso":1,"cob_suelo":"Cacao","cacao_sys":"Cacao_alim_sin50b","observ":null,"cob_label":"Cacao sin cultivos alimentarios próximos"},"geometry":{"type":"Polygon","coordinates":[[[-79.45304445839895,-2.591150637745914,0.0],[-79.45337844066991,-2.591584845630455,0.0],[-79.45350523243845,-2.591279859062577,0.0],[-79.4543102432299,-2.590925950940045,0.0],[-79.45444994055971,-2.590672370579129,0.0],[-79.45414151226319,-2.590386300471028,0.0],[-79.45423129240169,-2.590007467000194,0.0],[-79.45380110461424,-2.590266333445745,0.0],[-79.45287219476573,-2.590618512057817,0.0],[-79.45304445839895,-2.591150637745914,0.0]]]}},{"type":"Feature","properties":{"FID_tr_200":7,"FID_2000_d":2,"cov_gen":"FOREST","FID_2022_d":0,"cov_gen_1":"AGRO","old_gen":"FOREST","new_gen":"AGRO","area_ha":13.9163819432,"trans":"FOREST → AGRO","trans_grp":"PÉRDIDA_BOSQUE","FID_cacao_":73,"fcode":"EA010","descr":"PRODUCTO AGRICOLA, RESULTADO DE UN CONJUNTO DE TECNICAS Y CONOCIMIENTOS PARA CULTIVAR LA TIERRA","DPA_DESPRO":"GUAYAS","DPA_DESCAN":"NARANJAL","niv1":"TIERRA AGROPECUARIA","niv2":"CULTIVO","niv3":"CULTIVO PERMANENTE","niv4":"FRUTALES","niv5":"CACAO","LULC_std":"Cacao","label":"Cacao","cbt":"CACAO","uso":"AGRICOLA","tmp":"CULTIVO PERMANENTE","nal":"NO APLICABLE","tap":"PEQUENA","rie":"SI","spr":"MERCANTIL","sce":13.9163819432,"usce":"HECTAREAS","txt":"EL CODIGO (fcode) Y LA DESCRIPCION (descr) CORRESPONDEN A LOS OBJETOS GEOGRAFICOS DEL ATRIBUTO niv2","simbologia":"CPuc: Cacao","SHAPE_Leng":1582.35768174,"apt_uso":1,"cob_suelo":"Cacao","cacao_sys":"Cacao_alim_sin50b","observ":null,"cob_label":"Cacao sin cultivos alimentarios próximos"},"geometry":{"type":"Polygon","coordinates":[[[-79.44814139280777,-2.590291836231617,0.0],[-79.44850210584498,-2.591323461955177,0.0],[-79.45068243269208,-2.589298116543849,0.0],[-79.44804980764407,-2.586183721542513,0.0],[-79.44586293643573,-2.588133873172086,0.0],[-79.44623383373731,-2.588572607708132,0.0],[-79.4472807056417,-2.589381037021292,0.0],[-79.44814139280777,-2.590291836231617,0.0]]]}},{"type":"Feature","properties":{"FID_tr_200":7,"FID_2000_d":2,"cov_gen":"FOREST","FID_2022_d":0,"cov_gen_1":"AGRO","old_gen":"FOREST","new_gen":"AGRO","area_ha":1.56243756411,"trans":"FOREST → AGRO","trans_grp":"PÉRDIDA_BOSQUE","FID_cacao_":74,"fcode":"EA010","descr":"PRODUCTO AGRICOLA, RESULTADO DE UN CONJUNTO DE TECNICAS Y CONOCIMIENTOS PARA CULTIVAR LA TIERRA","DPA_DESPRO":"GUAYAS","DPA_DESCAN":"NARANJAL","niv1":"TIERRA AGROPECUARIA","niv2":"CULTIVO","niv3":"CULTIVO PERMANENTE","niv4":"FRUTALES","niv5":"CACAO","LULC_std":"Cacao","label":"Cacao","cbt":"CACAO","uso":"AGRICOLA","tmp":"CULTIVO PERMANENTE","nal":"NO APLICABLE","tap":"PEQUENA","rie":"SI","spr":"MERCANTIL","sce":1.56243756414,"usce":"HECTAREAS","txt":"EL CODIGO (fcode) Y LA DESCRIPCION (descr) CORRESPONDEN A LOS OBJETOS GEOGRAFICOS DEL ATRIBUTO niv2","simbologia":"CPuc: Cacao","SHAPE_Leng":592.504295493,"apt_uso":1,"cob_suelo":"Cacao","cacao_sys":"Cacao_alim_sin50b","observ":null,"cob_label":"Cacao sin cultivos alimentarios próximos"},"geometry":{"type":"Polygon","coordinates":[[[-79.4305598111419,-2.585244606285729,0.0],[-79.43166461137348,-2.585349348793263,0.0],[-79.43161372725969,-2.58493580532423,0.0],[-79.43138268525456,-2.584754621168158,0.0],[-79.43133176941629,-2.584366920172086,0.0],[-79.42979001311176,-2.58436500458558,0.0],[-79.42973808134357,-2.584804262364301,0.0],[-79.43056019219456,-2.584934496489723,0.0],[-79.4305598111419,-2.585244606285729,0.0]]]}},{"type":"Feature","properties":{"FID_tr_200":7,"FID_2000_d":2,"cov_gen":"FOREST","FID_2022_d":0,"cov_gen_1":"AGRO","old_gen":"FOREST","new_gen":"AGRO","area_ha":2.58497727619,"trans":"FOREST → AGRO","trans_grp":"PÉRDIDA_BOSQUE","FID_cacao_":75,"fcode":"EA010","descr":"PRODUCTO AGRICOLA, RESULTADO DE UN CONJUNTO DE TECNICAS Y CONOCIMIENTOS PARA CULTIVAR LA TIERRA","DPA_DESPRO":"GUAYAS","DPA_DESCAN":"NARANJAL","niv1":"TIERRA AGROPECUARIA","niv2":"CULTIVO","niv3":"CULTIVO PERMANENTE","niv4":"FRUTALES","niv5":"CACAO","LULC_std":"Cacao","label":"Cacao","cbt":"CACAO","uso":"AGRICOLA","tmp":"CULTIVO PERMANENTE","nal":"NO APLICABLE","tap":"PEQUENA","rie":"SI","spr":"MERCANTIL","sce":2.58497727619,"usce":"HECTAREAS","txt":"EL CODIGO (fcode) Y LA DESCRIPCION (descr) CORRESPONDEN A LOS OBJETOS GEOGRAFICOS DEL ATRIBUTO niv2","simbologia":"CPuc: Cacao","SHAPE_Leng":854.78955352,"apt_uso":1,"cob_suelo":"Cacao","cacao_sys":"Cacao_alim_con50b","observ":null,"cob_label":"Cacao próximo a cultivos alimentarios"},"geometry":{"type":"Polygon","coordinates":[[[-79.43134326248484,-2.554972195421077,0.0],[-79.43110315406035,-2.555099661408458,0.0],[-79.43096110922107,-2.555837664380376,0.0],[-79.43074938602423,-2.555837404265448,0.0],[-79.43045219684531,-2.556475846531431,0.0],[-79.43026811628232,-2.556958274090383,0.0],[-79.43033466240168,-2.557527992346318,0.0],[-79.43071267613733,-2.55711989941137,0.0],[-79.43094736989283,-2.556716397950187,0.0],[-79.43128182272189,-2.55681775687401,0.0],[-79.43134587916246,-2.557076795641366,0.0],[-79.43154517341377,-2.556975714517306,0.0],[-79.43178409418694,-2.556481882759826,0.0],[-79.43165046864596,-2.556313472622195,0.0],[-79.43168449804003,-2.55584242717909,0.0],[-79.43185203031575,-2.555640737819493,0.0],[-79.43185252037513,-2.555236949195911,0.0],[-79.43193895222777,-2.554968597412442,0.0],[-79.43134326248484,-2.554972195421077,0.0]]]}},{"type":"Feature","properties":{"FID_tr_200":7,"FID_2000_d":2,"cov_gen":"FOREST","FID_2022_d":0,"cov_gen_1":"AGRO","old_gen":"FOREST","new_gen":"AGRO","area_ha":58.0060835675,"trans":"FOREST → AGRO","trans_grp":"PÉRDIDA_BOSQUE","FID_cacao_":76,"fcode":"EA010","descr":"PRODUCTO AGRICOLA, RESULTADO DE UN CONJUNTO DE TECNICAS Y CONOCIMIENTOS PARA CULTIVAR LA TIERRA","DPA_DESPRO":"GUAYAS","DPA_DESCAN":"NARANJAL","niv1":"TIERRA AGROPECUARIA","niv2":"CULTIVO","niv3":"CULTIVO PERMANENTE","niv4":"FRUTALES","niv5":"CACAO","LULC_std":"Cacao","label":"Cacao","cbt":"CACAO","uso":"AGRICOLA","tmp":"CULTIVO PERMANENTE","nal":"NO APLICABLE","tap":"PEQUENA","rie":"SI","spr":"MERCANTIL","sce":58.0060835675,"usce":"HECTAREAS","txt":"EL CODIGO (fcode) Y LA DESCRIPCION (descr) CORRESPONDEN A LOS OBJETOS GEOGRAFICOS DEL ATRIBUTO niv2","simbologia":"CPuc: Cacao","SHAPE_Leng":5414.79090845,"apt_uso":1,"cob_suelo":"Cacao","cacao_sys":"Cacao_alim_con50b","observ":null,"cob_label":"Cacao próximo a cultivos alimentarios"},"geometry":{"type":"Polygon","coordinates":[[[-79.43586763293035,-2.555180552049923,0.0],[-79.43493863715572,-2.55522732539188,0.0],[-79.43443019065298,-2.555482225331034,0.0],[-79.43385792717436,-2.555984585728447,0.0],[-79.43361958678582,-2.556303741953475,0.0],[-79.43376203233845,-2.556696817592819,0.0],[-79.43367679225015,-2.557150976630906,0.0],[-79.43401544725552,-2.557236567000284,0.0],[-79.4342134517735,-2.556910307160801,0.0],[-79.43436876740877,-2.556867910636299,0.0],[-79.43442585461524,-2.556983089446157,0.0],[-79.43422082678416,-2.557133899301161,0.0],[-79.43410409380368,-2.557367985496274,0.0],[-79.43383943887271,-2.557367660803803,0.0],[-79.43374373689498,-2.557718888288573,0.0],[-79.43361661272799,-2.557793259951687,0.0],[-79.4331989111735,-2.557886884428828,0.0],[-79.43304520292018,-2.557590269032446,0.0],[-79.43263226368036,-2.557653643358434,0.0],[-79.43225090232069,-2.557866110665481,0.0],[-79.43231385108108,-2.558334647247339,0.0],[-79.43298036764449,-2.558676162643047,0.0],[-79.43296000625558,-2.558878448808076,0.0],[-79.43282247266315,-2.558964505581996,0.0],[-79.43430748477621,-2.560842642207843,0.0],[-79.43691798223247,-2.564792814324302,0.0],[-79.43735090852594,-2.564449938148804,0.0],[-79.43801472779553,-2.565476350628823,0.0],[-79.44030910732903,-2.568452081219557,0.0],[-79.43959093594104,-2.568827146391663,0.0],[-79.44143854190516,-2.571817232813451,0.0],[-79.44163597252471,-2.570192450706896,0.0],[-79.44224534465329,-2.569796958641315,0.0],[-79.44208825904686,-2.569696153067372,0.0],[-79.4409618025431,-2.568125710861354,0.0],[-79.44120096938592,-2.568076745451172,0.0],[-79.44139830497953,-2.56830412002809,0.0],[-79.44177951669418,-2.568219413138372,0.0],[-79.44253809479378,-2.567330748714622,0.0],[-79.43802013845121,-2.560506499386037,0.0],[-79.4352302321687,-2.556694956872955,0.0],[-79.43648028847656,-2.555522098734856,0.0],[-79.43611072480792,-2.554733782522562,0.0],[-79.43587485676433,-2.554888289407427,0.0],[-79.43586763293035,-2.555180552049923,0.0]]]}},{"type":"Feature","properties":{"FID_tr_200":7,"FID_2000_d":2,"cov_gen":"FOREST","FID_2022_d":0,"cov_gen_1":"AGRO","old_gen":"FOREST","new_gen":"AGRO","area_ha":16.6363049703,"trans":"FOREST → AGRO","trans_grp":"PÉRDIDA_BOSQUE","FID_cacao_":77,"fcode":"EA010","descr":"PRODUCTO AGRICOLA, RESULTADO DE UN CONJUNTO DE TECNICAS Y CONOCIMIENTOS PARA CULTIVAR LA TIERRA","DPA_DESPRO":"GUAYAS","DPA_DESCAN":"NARANJAL","niv1":"TIERRA AGROPECUARIA","niv2":"CULTIVO","niv3":"CULTIVO PERMANENTE","niv4":"FRUTALES","niv5":"CACAO","LULC_std":"Cacao","label":"Cacao","cbt":"CACAO","uso":"AGRICOLA","tmp":"CULTIVO PERMANENTE","nal":"NO APLICABLE","tap":"PEQUENA","rie":"SI","spr":"MERCANTIL","sce":16.6363049703,"usce":"HECTAREAS","txt":"EL CODIGO (fcode) Y LA DESCRIPCION (descr) CORRESPONDEN A LOS OBJETOS GEOGRAFICOS DEL ATRIBUTO niv2","simbologia":"CPuc: Cacao","SHAPE_Leng":2723.90157285,"apt_uso":1,"cob_suelo":"Cacao","cacao_sys":"Cacao_alim_con50b","observ":null,"cob_label":"Cacao próximo a cultivos alimentarios"},"geometry":{"type":"Polygon","coordinates":[[[-79.42566300638518,-2.555510189901112,0.0],[-79.42499765761278,-2.555767188571821,0.0],[-79.42499769599323,-2.558520881192774,0.0],[-79.425223061193,-2.558541767266528,0.0],[-79.425394678568,-2.558283554243499,0.0],[-79.42573707344948,-2.55845625936668,0.0],[-79.42663714651704,-2.55785437914953,0.0],[-79.42712494157136,-2.558100425034547,0.0],[-79.42812638618604,-2.55987672577041,0.0],[-79.4284966864685,-2.559861664947685,0.0],[-79.42921423273404,-2.559508162562008,0.0],[-79.43000689176199,-2.560039383124645,0.0],[-79.4305622400185,-2.560217228906793,0.0],[-79.43058949017153,-2.560094611389993,0.0],[-79.43023840838009,-2.559085715832918,0.0],[-79.43019936436077,-2.559035101588973,0.0],[-79.42979921569186,-2.559512925443312,0.0],[-79.42967226842002,-2.559441790370166,0.0],[-79.42824873559914,-2.557330554958685,0.0],[-79.42758646759779,-2.556115222413856,0.0],[-79.4283050086767,-2.555475360255894,0.0],[-79.42694656448296,-2.554406711616528,0.0],[-79.42807571951793,-2.553182724995112,0.0],[-79.42739389217923,-2.553465367249631,0.0],[-79.42712759925197,-2.553714465312884,0.0],[-79.42625279809617,-2.555001213101165,0.0],[-79.42566300638518,-2.555510189901112,0.0]]]}},{"type":"Feature","properties":{"FID_tr_200":7,"FID_2000_d":2,"cov_gen":"FOREST","FID_2022_d":0,"cov_gen_1":"AGRO","old_gen":"FOREST","new_gen":"AGRO","area_ha":1.41784361799,"trans":"FOREST → AGRO","trans_grp":"PÉRDIDA_BOSQUE","FID_cacao_":78,"fcode":"EA010","descr":"PRODUCTO AGRICOLA, RESULTADO DE UN CONJUNTO DE TECNICAS Y CONOCIMIENTOS PARA CULTIVAR LA TIERRA","DPA_DESPRO":"GUAYAS","DPA_DESCAN":"NARANJAL","niv1":"TIERRA AGROPECUARIA","niv2":"CULTIVO","niv3":"CULTIVO PERMANENTE","niv4":"FRUTALES","niv5":"CACAO","LULC_std":"Cacao","label":"Cacao","cbt":"CACAO","uso":"AGRICOLA","tmp":"CULTIVO PERMANENTE","nal":"NO APLICABLE","tap":"PEQUENA","rie":"SI","spr":"MERCANTIL","sce":1.41784361799,"usce":"HECTAREAS","txt":"EL CODIGO (fcode) Y LA DESCRIPCION (descr) CORRESPONDEN A LOS OBJETOS GEOGRAFICOS DEL ATRIBUTO niv2","simbologia":"CPuc: Cacao","SHAPE_Leng":667.221834899,"apt_uso":1,"cob_suelo":"Cacao","cacao_sys":"Cacao_alim_sin50b","observ":null,"cob_label":"Cacao sin cultivos alimentarios próximos"},"geometry":{"type":"Polygon","coordinates":[[[-79.43555666576526,-2.554272065576882,0.0],[-79.43570213827934,-2.554638238875432,0.0],[-79.4378194313244,-2.553231751360202,0.0],[-79.43742705869329,-2.552736518516682,0.0],[-79.43735180844244,-2.552910948515464,0.0],[-79.43555666576526,-2.554272065576882,0.0]]]}},{"type":"Feature","properties":{"FID_tr_200":7,"FID_2000_d":2,"cov_gen":"FOREST","FID_2022_d":0,"cov_gen_1":"AGRO","old_gen":"FOREST","new_gen":"AGRO","area_ha":14.8050011292,"trans":"FOREST → AGRO","trans_grp":"PÉRDIDA_BOSQUE","FID_cacao_":79,"fcode":"EA010","descr":"PRODUCTO AGRICOLA, RESULTADO DE UN CONJUNTO DE TECNICAS Y CONOCIMIENTOS PARA CULTIVAR LA TIERRA","DPA_DESPRO":"GUAYAS","DPA_DESCAN":"NARANJAL","niv1":"TIERRA AGROPECUARIA","niv2":"CULTIVO","niv3":"CULTIVO PERMANENTE","niv4":"FRUTALES","niv5":"CACAO","LULC_std":"Cacao","label":"Cacao","cbt":"CACAO","uso":"AGRICOLA","tmp":"CULTIVO PERMANENTE","nal":"NO APLICABLE","tap":"PEQUENA","rie":"SI","spr":"MERCANTIL","sce":14.8050011292,"usce":"HECTAREAS","txt":"EL CODIGO (fcode) Y LA DESCRIPCION (descr) CORRESPONDEN A LOS OBJETOS GEOGRAFICOS DEL ATRIBUTO niv2","simbologia":"CPuc: Cacao","SHAPE_Leng":1967.879098,"apt_uso":1,"cob_suelo":"Cacao","cacao_sys":"Cacao_alim_con50b","observ":null,"cob_label":"Cacao próximo a cultivos alimentarios"},"geometry":{"type":"Polygon","coordinates":[[[-79.43500536962767,-2.549642260537485,0.0],[-79.43278536234381,-2.551802062436677,0.0],[-79.43270458078202,-2.55172619772925,0.0],[-79.43132518690948,-2.552887655074951,0.0],[-79.43235055494476,-2.55397184411105,0.0],[-79.43196501235266,-2.554962933650682,0.0],[-79.43226083399918,-2.554888146830462,0.0],[-79.43251476391184,-2.555002024219859,0.0],[-79.43278303282237,-2.554931374434471,0.0],[-79.43309388805349,-2.554662036974923,0.0],[-79.43320715138539,-2.554378261159598,0.0],[-79.43319332876754,-2.554136916493229,0.0],[-79.43332065547415,-2.553895745748074,0.0],[-79.43378460972711,-2.553964100812264,0.0],[-79.43413664141178,-2.553031988107952,0.0],[-79.43487823960601,-2.55256443622473,0.0],[-79.43523792441383,-2.552767166080067,0.0],[-79.43570393498186,-2.552586740901015,0.0],[-79.43611680854771,-2.552576598653236,0.0],[-79.43630760405192,-2.552374542147863,0.0],[-79.43652669248135,-2.552447236915458,0.0],[-79.43704071867806,-2.552243226662034,0.0],[-79.43500536962767,-2.549642260537485,0.0]]]}},{"type":"Feature","properties":{"FID_tr_200":7,"FID_2000_d":2,"cov_gen":"FOREST","FID_2022_d":0,"cov_gen_1":"AGRO","old_gen":"FOREST","new_gen":"AGRO","area_ha":9.37319743283,"trans":"FOREST → AGRO","trans_grp":"PÉRDIDA_BOSQUE","FID_cacao_":80,"fcode":"EA010","descr":"PRODUCTO AGRICOLA, RESULTADO DE UN CONJUNTO DE TECNICAS Y CONOCIMIENTOS PARA CULTIVAR LA TIERRA","DPA_DESPRO":"GUAYAS","DPA_DESCAN":"NARANJAL","niv1":"TIERRA AGROPECUARIA","niv2":"CULTIVO","niv3":"CULTIVO PERMANENTE","niv4":"FRUTALES","niv5":"CACAO","LULC_std":"Cacao","label":"Cacao","cbt":"CACAO","uso":"AGRICOLA","tmp":"CULTIVO PERMANENTE","nal":"NO APLICABLE","tap":"PEQUENA","rie":"SI","spr":"MERCANTIL","sce":9.37319743282,"usce":"HECTAREAS","txt":"EL CODIGO (fcode) Y LA DESCRIPCION (descr) CORRESPONDEN A LOS OBJETOS GEOGRAFICOS DEL ATRIBUTO niv2","simbologia":"CPuc: Cacao","SHAPE_Leng":1758.80647624,"apt_uso":1,"cob_suelo":"Cacao","cacao_sys":"Cacao_alim_con50b","observ":null,"cob_label":"Cacao próximo a cultivos alimentarios"},"geometry":{"type":"Polygon","coordinates":[[[-79.42828597387624,-2.549767324869181,0.0],[-79.42828580187206,-2.553095638111024,0.0],[-79.4280837041395,-2.553179414862472,0.0],[-79.42821883764032,-2.553164482505391,0.0],[-79.42853832152089,-2.553394585744875,0.0],[-79.42927221760378,-2.55275647795529,0.0],[-79.42862268727185,-2.552240119981731,0.0],[-79.42966887078711,-2.551268213083088,0.0],[-79.43002075534214,-2.550789144626802,0.0],[-79.43014686260065,-2.550259325970173,0.0],[-79.43012225943652,-2.549855506873992,0.0],[-79.43025427523921,-2.549571896423402,0.0],[-79.43136543850542,-2.548322559551136,0.0],[-79.43135496600802,-2.547844325812939,0.0],[-79.43097655180527,-2.547758887537176,0.0],[-79.4310532991142,-2.547711517294947,0.0],[-79.43072764054804,-2.547256855456381,0.0],[-79.42828597387624,-2.549767324869181,0.0]]]}},{"type":"Feature","properties":{"FID_tr_200":7,"FID_2000_d":2,"cov_gen":"FOREST","FID_2022_d":0,"cov_gen_1":"AGRO","old_gen":"FOREST","new_gen":"AGRO","area_ha":3.82134014888,"trans":"FOREST → AGRO","trans_grp":"PÉRDIDA_BOSQUE","FID_cacao_":81,"fcode":"EA010","descr":"PRODUCTO AGRICOLA, RESULTADO DE UN CONJUNTO DE TECNICAS Y CONOCIMIENTOS PARA CULTIVAR LA TIERRA","DPA_DESPRO":"GUAYAS","DPA_DESCAN":"NARANJAL","niv1":"TIERRA AGROPECUARIA","niv2":"CULTIVO","niv3":"CULTIVO PERMANENTE","niv4":"FRUTALES","niv5":"CACAO","LULC_std":"Cacao","label":"Cacao","cbt":"CACAO","uso":"AGRICOLA","tmp":"CULTIVO PERMANENTE","nal":"NO APLICABLE","tap":"PEQUENA","rie":"SI","spr":"MERCANTIL","sce":3.82134014887,"usce":"HECTAREAS","txt":"EL CODIGO (fcode) Y LA DESCRIPCION (descr) CORRESPONDEN A LOS OBJETOS GEOGRAFICOS DEL ATRIBUTO niv2","simbologia":"CPuc: Cacao","SHAPE_Leng":787.811384635,"apt_uso":1,"cob_suelo":"Cacao","cacao_sys":"Cacao_alim_con50b","observ":null,"cob_label":"Cacao próximo a cultivos alimentarios"},"geometry":{"type":"Polygon","coordinates":[[[-79.44374857165039,-2.536670158943237,0.0],[-79.44397579448443,-2.53726474367774,0.0],[-79.44559907838516,-2.536394013873272,0.0],[-79.44472500003481,-2.53460108481885,0.0],[-79.4443578845575,-2.534624802831107,0.0],[-79.44409588939739,-2.534863769676865,0.0],[-79.44371436328487,-2.535581161241832,0.0],[-79.44379677428883,-2.536051007052556,0.0],[-79.44374857165039,-2.536670158943237,0.0]]]}},{"type":"Feature","properties":{"FID_tr_200":7,"FID_2000_d":2,"cov_gen":"FOREST","FID_2022_d":0,"cov_gen_1":"AGRO","old_gen":"FOREST","new_gen":"AGRO","area_ha":3.1584170504,"trans":"FOREST → AGRO","trans_grp":"PÉRDIDA_BOSQUE","FID_cacao_":82,"fcode":"EA010","descr":"PRODUCTO AGRICOLA, RESULTADO DE UN CONJUNTO DE TECNICAS Y CONOCIMIENTOS PARA CULTIVAR LA TIERRA","DPA_DESPRO":"GUAYAS","DPA_DESCAN":"NARANJAL","niv1":"TIERRA AGROPECUARIA","niv2":"CULTIVO","niv3":"CULTIVO PERMANENTE","niv4":"FRUTALES","niv5":"CACAO","LULC_std":"Cacao","label":"Cacao","cbt":"CACAO","uso":"AGRICOLA","tmp":"CULTIVO PERMANENTE","nal":"NO APLICABLE","tap":"PEQUENA","rie":"SI","spr":"MERCANTIL","sce":3.24489674378,"usce":"HECTAREAS","txt":"EL CODIGO (fcode) Y LA DESCRIPCION (descr) CORRESPONDEN A LOS OBJETOS GEOGRAFICOS DEL ATRIBUTO niv2","simbologia":"CPuc: Cacao","SHAPE_Leng":1169.49561837,"apt_uso":1,"cob_suelo":"Cacao","cacao_sys":"Cacao_alim_con50b","observ":null,"cob_label":"Cacao próximo a cultivos alimentarios"},"geometry":{"type":"Polygon","coordinates":[[[-79.47909509614533,-2.52271931768714,0.0],[-79.4791965173421,-2.522984295058707,0.0],[-79.47839465147301,-2.522729794607077,0.0],[-79.47777054557692,-2.522703951872304,0.0],[-79.47759736667919,-2.522959544079681,0.0],[-79.47780421224607,-2.522959787448813,0.0],[-79.47783671841586,-2.522886459473434,0.0],[-79.47815948022742,-2.523188598253219,0.0],[-79.47800924711107,-2.523374118866161,0.0],[-79.47850859441851,-2.523774570455261,0.0],[-79.47866439031,-2.523632560900927,0.0],[-79.47866454044411,-2.523503435705428,0.0],[-79.47893430707548,-2.523503752944879,0.0],[-79.47893409582593,-2.523685471731542,0.0],[-79.47902595224039,-2.523775178934444,0.0],[-79.4792124700481,-2.52377539825258,0.0],[-79.47956727509704,-2.523236677882777,0.0],[-79.4797520867836,-2.523086014951759,0.0],[-79.4799366953298,-2.523109444051185,0.0],[-79.48019707846683,-2.523421165570573,0.0],[-79.48007116736173,-2.523076631429834,0.0],[-79.48042411385521,-2.522123622276235,0.0],[-79.48018807215868,-2.521437354574936,0.0],[-79.47976514365376,-2.521946157789247,0.0],[-79.47912906173754,-2.522281909390637,0.0],[-79.47909509614533,-2.52271931768714,0.0]]]}},{"type":"Feature","properties":{"FID_tr_200":7,"FID_2000_d":2,"cov_gen":"FOREST","FID_2022_d":0,"cov_gen_1":"AGRO","old_gen":"FOREST","new_gen":"AGRO","area_ha":5.49117543833,"trans":"FOREST → AGRO","trans_grp":"PÉRDIDA_BOSQUE","FID_cacao_":83,"fcode":"EA010","descr":"PRODUCTO AGRICOLA, RESULTADO DE UN CONJUNTO DE TECNICAS Y CONOCIMIENTOS PARA CULTIVAR LA TIERRA","DPA_DESPRO":"GUAYAS","DPA_DESCAN":"NARANJAL","niv1":"TIERRA AGROPECUARIA","niv2":"CULTIVO","niv3":"CULTIVO PERMANENTE","niv4":"FRUTALES","niv5":"CACAO","LULC_std":"Cacao","label":"Cacao","cbt":"CACAO","uso":"AGRICOLA","tmp":"CULTIVO PERMANENTE","nal":"NO APLICABLE","tap":"PEQUENA","rie":"SI","spr":"MERCANTIL","sce":10.6185848341,"usce":"HECTAREAS","txt":"EL CODIGO (fcode) Y LA DESCRIPCION (descr) CORRESPONDEN A LOS OBJETOS GEOGRAFICOS DEL ATRIBUTO niv2","simbologia":"CPuc: Cacao","SHAPE_Leng":1117.58637909,"apt_uso":1,"cob_suelo":"Cacao","cacao_sys":"Cacao_alim_con50b","observ":null,"cob_label":"Cacao próximo a cultivos alimentarios"},"geometry":{"type":"Polygon","coordinates":[[[-79.50275756473543,-2.516586228360607,0.0],[-79.50195232954371,-2.520540477724852,0.0],[-79.50291672830957,-2.520800579866503,0.0],[-79.50339522226425,-2.519765183954592,0.0],[-79.50350168859643,-2.519803871652192,0.0],[-79.50349992885498,-2.516814143005247,0.0],[-79.50275756473543,-2.516586228360607,0.0]]]}},{"type":"Feature","properties":{"FID_tr_200":7,"FID_2000_d":2,"cov_gen":"FOREST","FID_2022_d":0,"cov_gen_1":"AGRO","old_gen":"FOREST","new_gen":"AGRO","area_ha":4.42334413131,"trans":"FOREST → AGRO","trans_grp":"PÉRDIDA_BOSQUE","FID_cacao_":84,"fcode":"EA010","descr":"PRODUCTO AGRICOLA, RESULTADO DE UN CONJUNTO DE TECNICAS Y CONOCIMIENTOS PARA CULTIVAR LA TIERRA","DPA_DESPRO":"GUAYAS","DPA_DESCAN":"NARANJAL","niv1":"TIERRA AGROPECUARIA","niv2":"CULTIVO","niv3":"CULTIVO PERMANENTE","niv4":"FRUTALES","niv5":"CACAO","LULC_std":"Cacao","label":"Cacao","cbt":"CACAO","uso":"AGRICOLA","tmp":"CULTIVO PERMANENTE","nal":"NO APLICABLE","tap":"PEQUENA","rie":"SI","spr":"MERCANTIL","sce":4.6023990816,"usce":"HECTAREAS","txt":"EL CODIGO (fcode) Y LA DESCRIPCION (descr) CORRESPONDEN A LOS OBJETOS GEOGRAFICOS DEL ATRIBUTO niv2","simbologia":"CPuc: Cacao","SHAPE_Leng":1280.17254962,"apt_uso":1,"cob_suelo":"Cacao","cacao_sys":"Cacao_alim_con50b","observ":null,"cob_label":"Cacao próximo a cultivos alimentarios"},"geometry":{"type":"Polygon","coordinates":[[[-79.46758849602224,-2.509913400238094,0.0],[-79.46771761281123,-2.510278356866379,0.0],[-79.46793884017085,-2.51018013221853,0.0],[-79.4683067531638,-2.510916372595721,0.0],[-79.46853847829486,-2.511126021790034,0.0],[-79.46889526146181,-2.511204210570096,0.0],[-79.4689194645952,-2.510851290028159,0.0],[-79.46903280887044,-2.510716383603892,0.0],[-79.46925470291589,-2.510658900469735,0.0],[-79.46908382133138,-2.510299768554714,0.0],[-79.46915107787778,-2.509749487463872,0.0],[-79.46886098763032,-2.509605574082172,0.0],[-79.46860909175994,-2.509351633251757,0.0],[-79.4680107465777,-2.508297117628177,0.0],[-79.46789164000943,-2.508296977410057,0.0],[-79.46789184769355,-2.508118524373625,0.0],[-79.46776185237974,-2.508025507741179,0.0],[-79.46735243168499,-2.508025025679039,0.0],[-79.46735274751481,-2.507753709237823,0.0],[-79.46708298558303,-2.507753391577368,0.0],[-79.4670832850175,-2.507496177771463,0.0],[-79.46681353959214,-2.50748175748747,0.0],[-79.46681374892573,-2.5073019551122,0.0],[-79.46608331101729,-2.507685137203135,0.0],[-79.46657980872104,-2.507835340687692,0.0],[-79.4668254086454,-2.508330821951705,0.0],[-79.46748188086895,-2.508331595196168,0.0],[-79.46758849602224,-2.509913400238094,0.0]]]}},{"type":"Feature","properties":{"FID_tr_200":7,"FID_2000_d":2,"cov_gen":"FOREST","FID_2022_d":0,"cov_gen_1":"AGRO","old_gen":"FOREST","new_gen":"AGRO","area_ha":2.81519424255,"trans":"FOREST → AGRO","trans_grp":"PÉRDIDA_BOSQUE","FID_cacao_":85,"fcode":"EA010","descr":"PRODUCTO AGRICOLA, RESULTADO DE UN CONJUNTO DE TECNICAS Y CONOCIMIENTOS PARA CULTIVAR LA TIERRA","DPA_DESPRO":"GUAYAS","DPA_DESCAN":"NARANJAL","niv1":"TIERRA AGROPECUARIA","niv2":"CULTIVO","niv3":"CULTIVO PERMANENTE","niv4":"FRUTALES","niv5":"CACAO","LULC_std":"Cacao","label":"Cacao","cbt":"CACAO","uso":"AGRICOLA","tmp":"CULTIVO PERMANENTE","nal":"NO APLICABLE","tap":"PEQUENA","rie":"SI","spr":"MERCANTIL","sce":2.81519424256,"usce":"HECTAREAS","txt":"EL CODIGO (fcode) Y LA DESCRIPCION (descr) CORRESPONDEN A LOS OBJETOS GEOGRAFICOS DEL ATRIBUTO niv2","simbologia":"CPuc: Cacao","SHAPE_Leng":797.525635075,"apt_uso":1,"cob_suelo":"Cacao","cacao_sys":"Cacao_alim_sin50b","observ":null,"cob_label":"Cacao sin cultivos alimentarios próximos"},"geometry":{"type":"Polygon","coordinates":[[[-79.44060373989987,-2.506524627302151,0.0],[-79.44012409175544,-2.50841724740085,0.0],[-79.4399994078506,-2.508961556812197,0.0],[-79.44151656053116,-2.508551409947464,0.0],[-79.44147945980251,-2.508097099898808,0.0],[-79.44126945568838,-2.508148209849383,0.0],[-79.44138567717167,-2.507831999326555,0.0],[-79.44119813434034,-2.507282870525052,0.0],[-79.44148073672945,-2.50701822058508,0.0],[-79.44148087111074,-2.506904654340478,0.0],[-79.44119887357402,-2.506658256264007,0.0],[-79.44060373989987,-2.506524627302151,0.0]]]}},{"type":"Feature","properties":{"FID_tr_200":7,"FID_2000_d":2,"cov_gen":"FOREST","FID_2022_d":0,"cov_gen_1":"AGRO","old_gen":"FOREST","new_gen":"AGRO","area_ha":23.5755273951,"trans":"FOREST → AGRO","trans_grp":"PÉRDIDA_BOSQUE","FID_cacao_":86,"fcode":"EA010","descr":"PRODUCTO AGRICOLA, RESULTADO DE UN CONJUNTO DE TECNICAS Y CONOCIMIENTOS PARA CULTIVAR LA TIERRA","DPA_DESPRO":"GUAYAS","DPA_DESCAN":"NARANJAL","niv1":"TIERRA AGROPECUARIA","niv2":"CULTIVO","niv3":"CULTIVO PERMANENTE","niv4":"FRUTALES","niv5":"CACAO","LULC_std":"Cacao","label":"Cacao","cbt":"CACAO","uso":"AGRICOLA","tmp":"CULTIVO PERMANENTE","nal":"NO APLICABLE","tap":"PEQUENA","rie":"SI","spr":"MERCANTIL","sce":23.8436172276,"usce":"HECTAREAS","txt":"EL CODIGO (fcode) Y LA DESCRIPCION (descr) CORRESPONDEN A LOS OBJETOS GEOGRAFICOS DEL ATRIBUTO niv2","simbologia":"CPuc: Cacao","SHAPE_Leng":4316.28110859,"apt_uso":1,"cob_suelo":"Cacao","cacao_sys":"Cacao_alim_con50b","observ":null,"cob_label":"Cacao próximo a cultivos alimentarios"},"geometry":{"type":"Polygon","coordinates":[[[-79.49906028381088,-2.513884486077447,0.0],[-79.49915034958421,-2.511809697883825,0.0],[-79.49975080588861,-2.511650915119642,0.0],[-79.50097398121984,-2.511675108426203,0.0],[-79.5009633339265,-2.513359461554411,0.0],[-79.50205776760697,-2.513360724276776,0.0],[-79.50214113580881,-2.513277069010124,0.0],[-79.50222588033394,-2.511984996926682,0.0],[-79.50297402243358,-2.511609001903909,0.0],[-79.50108167036188,-2.51052983187135,0.0],[-79.50167256190666,-2.509611731889503,0.0],[-79.50232029165934,-2.509095609170849,0.0],[-79.50239675194355,-2.508808548907435,0.0],[-79.50230171529749,-2.508693579304155,0.0],[-79.50182598492255,-2.508597315872829,0.0],[-79.50121691082572,-2.508596614476155,0.0],[-79.50058858591416,-2.508787322943441,0.0],[-79.50017037678248,-2.50880606221858,0.0],[-79.50022883279284,-2.507324170076103,0.0],[-79.50097841156837,-2.507194167089071,0.0],[-79.50093532068841,-2.506779543452837,0.0],[-79.5010353281889,-2.50670787154937,0.0],[-79.50100617590356,-2.505138413032487,0.0],[-79.50000012346959,-2.505328820527444,0.0],[-79.49972602454818,-2.505747201916798,0.0],[-79.49938105565577,-2.505734840241777,0.0],[-79.49930116559456,-2.507361523730651,0.0],[-79.49930594708191,-2.508384495598117,0.0],[-79.49938889202635,-2.508671740038479,0.0],[-79.49921274248271,-2.508921037173139,0.0],[-79.5004884475589,-2.509741438880956,0.0],[-79.50055968692364,-2.509861166327406,0.0],[-79.50045608324572,-2.510234154809241,0.0],[-79.5005309424503,-2.510234241130815,0.0],[-79.50053063314989,-2.510505561747862,0.0],[-79.49999109986702,-2.510504939438171,0.0],[-79.49999079042189,-2.510776259986729,0.0],[-79.49936629494648,-2.510775539322458,0.0],[-79.49916671070585,-2.510864579814891,0.0],[-79.49903280119673,-2.510814860337879,0.0],[-79.49904616259604,-2.511473582037256,0.0],[-79.49855052020752,-2.511678610991708,0.0],[-79.49828880878634,-2.511678308616293,0.0],[-79.49803941601648,-2.511307120561129,0.0],[-79.49771849820296,-2.511067459384195,0.0],[-79.49749255732453,-2.510995411352118,0.0],[-79.49719502114154,-2.511114712562445,0.0],[-79.49715905935354,-2.511353961243246,0.0],[-79.49739671916895,-2.51158156104657,0.0],[-79.49740839617539,-2.511773006590624,0.0],[-79.4968486832924,-2.512298797992109,0.0],[-79.4968001958946,-2.513088399412589,0.0],[-79.49659305637694,-2.513349876311596,0.0],[-79.49707559219783,-2.513605584609836,0.0],[-79.49686595966902,-2.513835060013065,0.0],[-79.49661846840931,-2.513882631720838,0.0],[-79.49654216956067,-2.51402611712677,0.0],[-79.49657996245162,-2.514265451068365,0.0],[-79.49698880115083,-2.514600931109487,0.0],[-79.49722675419848,-2.514572491836871,0.0],[-79.49743638689478,-2.514343015506506,0.0],[-79.49790269896565,-2.514353126400008,0.0],[-79.49831229436897,-2.514028165549732,0.0],[-79.49906028381088,-2.513884486077447,0.0]]]}},{"type":"Feature","properties":{"FID_tr_200":7,"FID_2000_d":2,"cov_gen":"FOREST","FID_2022_d":0,"cov_gen_1":"AGRO","old_gen":"FOREST","new_gen":"AGRO","area_ha":2.13890520508,"trans":"FOREST → AGRO","trans_grp":"PÉRDIDA_BOSQUE","FID_cacao_":87,"fcode":"EA010","descr":"PRODUCTO AGRICOLA, RESULTADO DE UN CONJUNTO DE TECNICAS Y CONOCIMIENTOS PARA CULTIVAR LA TIERRA","DPA_DESPRO":"GUAYAS","DPA_DESCAN":"NARANJAL","niv1":"TIERRA AGROPECUARIA","niv2":"CULTIVO","niv3":"CULTIVO PERMANENTE","niv4":"FRUTALES","niv5":"CACAO","LULC_std":"Cacao","label":"Cacao","cbt":"CACAO","uso":"AGRICOLA","tmp":"CULTIVO PERMANENTE","nal":"NO APLICABLE","tap":"PEQUENA","rie":"SI","spr":"MERCANTIL","sce":2.13890520508,"usce":"HECTAREAS","txt":"EL CODIGO (fcode) Y LA DESCRIPCION (descr) CORRESPONDEN A LOS OBJETOS GEOGRAFICOS DEL ATRIBUTO niv2","simbologia":"CPuc: Cacao","SHAPE_Leng":1005.43189637,"apt_uso":1,"cob_suelo":"Cacao","cacao_sys":"Cacao_alim_con50b","observ":null,"cob_label":"Cacao próximo a cultivos alimentarios"},"geometry":{"type":"Polygon","coordinates":[[[-79.44189813705604,-2.504473136039033,0.0],[-79.44180301433713,-2.505031193881393,0.0],[-79.44210383114094,-2.505277614187007,0.0],[-79.4421385337326,-2.505470881603008,0.0],[-79.44257449092177,-2.505126754905501,0.0],[-79.44319570458573,-2.504976075261493,0.0],[-79.4432707579951,-2.505165442434531,0.0],[-79.44407947157177,-2.505601746816863,0.0],[-79.44465803773258,-2.505641576523031,0.0],[-79.44487043876106,-2.505129497115145,0.0],[-79.44485179815763,-2.50497805274677,0.0],[-79.4441934148291,-2.504731205975355,0.0],[-79.44417434985485,-2.504939388564899,0.0],[-79.44439980106688,-2.505261429656541,0.0],[-79.44432443469321,-2.505337050714707,0.0],[-79.44379787558624,-2.505014650048238,0.0],[-79.44357213407115,-2.504938669420716,0.0],[-79.44347345454705,-2.504998057898736,0.0],[-79.44322816738246,-2.504503187071682,0.0],[-79.44189813705604,-2.504473136039033,0.0]]]}},{"type":"Feature","properties":{"FID_tr_200":7,"FID_2000_d":2,"cov_gen":"FOREST","FID_2022_d":0,"cov_gen_1":"AGRO","old_gen":"FOREST","new_gen":"AGRO","area_ha":8.28569008796,"trans":"FOREST → AGRO","trans_grp":"PÉRDIDA_BOSQUE","FID_cacao_":88,"fcode":"EA010","descr":"PRODUCTO AGRICOLA, RESULTADO DE UN CONJUNTO DE TECNICAS Y CONOCIMIENTOS PARA CULTIVAR LA TIERRA","DPA_DESPRO":"GUAYAS","DPA_DESCAN":"NARANJAL","niv1":"TIERRA AGROPECUARIA","niv2":"CULTIVO","niv3":"CULTIVO PERMANENTE","niv4":"FRUTALES","niv5":"CACAO","LULC_std":"Cacao","label":"Cacao","cbt":"CACAO","uso":"AGRICOLA","tmp":"CULTIVO PERMANENTE","nal":"NO APLICABLE","tap":"PEQUENA","rie":"SI","spr":"MERCANTIL","sce":8.28569008797,"usce":"HECTAREAS","txt":"EL CODIGO (fcode) Y LA DESCRIPCION (descr) CORRESPONDEN A LOS OBJETOS GEOGRAFICOS DEL ATRIBUTO niv2","simbologia":"CPuc: Cacao","SHAPE_Leng":1387.92091632,"apt_uso":1,"cob_suelo":"Cacao","cacao_sys":"Cacao_alim_con50b","observ":null,"cob_label":"Cacao próximo a cultivos alimentarios"},"geometry":{"type":"Polygon","coordinates":[[[-79.4582184196728,-2.503823581869931,0.0],[-79.4575856634125,-2.504441782928946,0.0],[-79.4572945559128,-2.504474894319224,0.0],[-79.4568788430892,-2.50439076105891,0.0],[-79.4565874134496,-2.504699890160117,0.0],[-79.45662835769419,-2.505243609605708,0.0],[-79.45800030992397,-2.505437610328622,0.0],[-79.45817425611152,-2.506031672794183,0.0],[-79.4583071686437,-2.506157292811016,0.0],[-79.45857312190714,-2.506299798713363,0.0],[-79.45908865050454,-2.506367322451976,0.0],[-79.45916357474697,-2.506300497391327,0.0],[-79.45931317957935,-2.506375951846688,0.0],[-79.45929195670345,-2.506987808964344,0.0],[-79.45963305909407,-2.507056842787101,0.0],[-79.4597316402479,-2.507335494970518,0.0],[-79.46067866539522,-2.506371278281452,0.0],[-79.46045041356717,-2.505736900621986,0.0],[-79.4600020667306,-2.50512319949338,0.0],[-79.45949100797876,-2.504108603142235,0.0],[-79.45886674250043,-2.504117094504534,0.0],[-79.45871708991886,-2.504083461624584,0.0],[-79.45863413268714,-2.503907715549795,0.0],[-79.45839295294029,-2.503915794128085,0.0],[-79.4582184196728,-2.503823581869931,0.0]]]}},{"type":"Feature","properties":{"FID_tr_200":7,"FID_2000_d":2,"cov_gen":"FOREST","FID_2022_d":0,"cov_gen_1":"AGRO","old_gen":"FOREST","new_gen":"AGRO","area_ha":7.10276174178,"trans":"FOREST → AGRO","trans_grp":"PÉRDIDA_BOSQUE","FID_cacao_":89,"fcode":"EA010","descr":"PRODUCTO AGRICOLA, RESULTADO DE UN CONJUNTO DE TECNICAS Y CONOCIMIENTOS PARA CULTIVAR LA TIERRA","DPA_DESPRO":"GUAYAS","DPA_DESCAN":"NARANJAL","niv1":"TIERRA AGROPECUARIA","niv2":"CULTIVO","niv3":"CULTIVO PERMANENTE","niv4":"FRUTALES","niv5":"CACAO","LULC_std":"Cacao","label":"Cacao","cbt":"CACAO","uso":"AGRICOLA","tmp":"CULTIVO PERMANENTE","nal":"NO APLICABLE","tap":"PEQUENA","rie":"SI","spr":"MERCANTIL","sce":7.10276174178,"usce":"HECTAREAS","txt":"EL CODIGO (fcode) Y LA DESCRIPCION (descr) CORRESPONDEN A LOS OBJETOS GEOGRAFICOS DEL ATRIBUTO niv2","simbologia":"CPuc: Cacao","SHAPE_Leng":1116.43692297,"apt_uso":1,"cob_suelo":"Cacao","cacao_sys":"Cacao_alim_con50b","observ":null,"cob_label":"Cacao próximo a cultivos alimentarios"},"geometry":{"type":"Polygon","coordinates":[[[-79.44767945461912,-2.503684544598626,0.0],[-79.44630198213002,-2.503805856119996,0.0],[-79.445595500807,-2.5037045138233,0.0],[-79.44563072266756,-2.504099375637614,0.0],[-79.44535213673919,-2.504292862912647,0.0],[-79.44493819448694,-2.504270834940372,0.0],[-79.44504388353195,-2.505433882336732,0.0],[-79.44513234024622,-2.505603807847764,0.0],[-79.44565956586574,-2.505666005383644,0.0],[-79.44599701243574,-2.505996619815397,0.0],[-79.44635375771236,-2.50610233063458,0.0],[-79.44650129755416,-2.506073792532278,0.0],[-79.44715360211691,-2.505715644236114,0.0],[-79.44735866379538,-2.505328247495604,0.0],[-79.4481708731884,-2.504946358898879,0.0],[-79.44842897948429,-2.504623466575465,0.0],[-79.44783903087472,-2.503584944271214,0.0],[-79.44767945461912,-2.503684544598626,0.0]]]}},{"type":"Feature","properties":{"FID_tr_200":7,"FID_2000_d":2,"cov_gen":"FOREST","FID_2022_d":0,"cov_gen_1":"AGRO","old_gen":"FOREST","new_gen":"AGRO","area_ha":4.51814232467,"trans":"FOREST → AGRO","trans_grp":"PÉRDIDA_BOSQUE","FID_cacao_":91,"fcode":"EA010","descr":"PRODUCTO AGRICOLA, RESULTADO DE UN CONJUNTO DE TECNICAS Y CONOCIMIENTOS PARA CULTIVAR LA TIERRA","DPA_DESPRO":"GUAYAS","DPA_DESCAN":"NARANJAL","niv1":"TIERRA AGROPECUARIA","niv2":"CULTIVO","niv3":"CULTIVO PERMANENTE","niv4":"FRUTALES","niv5":"CACAO","LULC_std":"Cacao","label":"Cacao","cbt":"CACAO","uso":"AGRICOLA","tmp":"CULTIVO PERMANENTE","nal":"NO APLICABLE","tap":"PEQUENA","rie":"NO","spr":"MERCANTIL","sce":4.51814232467,"usce":"HECTAREAS","txt":"EL CODIGO (fcode) Y LA DESCRIPCION (descr) CORRESPONDEN A LOS OBJETOS GEOGRAFICOS DEL ATRIBUTO niv2","simbologia":"CPuc: Cacao","SHAPE_Leng":1285.66614912,"apt_uso":1,"cob_suelo":"Cacao","cacao_sys":"Cacao_alim_sin50b","observ":null,"cob_label":"Cacao sin cultivos alimentarios próximos"},"geometry":{"type":"Polygon","coordinates":[[[-79.4290369779127,-2.597160382135639,0.0],[-79.42888054210589,-2.59727450281169,0.0],[-79.42866741214112,-2.597274236381858,0.0],[-79.42855391970951,-2.597131199262211,0.0],[-79.42819891550543,-2.596959281142803,0.0],[-79.42804247972211,-2.597073401683976,0.0],[-79.42801385043786,-2.597244840112582,0.0],[-79.42818419497647,-2.597373658378144,0.0],[-79.4282124885576,-2.597473720858283,0.0],[-79.42820047141483,-2.597616595608205,0.0],[-79.42787857959955,-2.597478066542811,0.0],[-79.42748038441768,-2.597763358691675,0.0],[-79.42686318996208,-2.598906034699756,0.0],[-79.42678254949365,-2.598905933704122,0.0],[-79.42681122788927,-2.59931815017466,0.0],[-79.42701080326087,-2.599548110353452,0.0],[-79.42749615827141,-2.599563075095403,0.0],[-79.42778190222418,-2.599376793263327,0.0],[-79.42753780302003,-2.598906879395033,0.0],[-79.4285689144328,-2.598908169768457,0.0],[-79.42862330264533,-2.59847450119797,0.0],[-79.42906412359854,-2.598189261964129,0.0],[-79.42953472191549,-2.596803765429476,0.0],[-79.42973518134362,-2.596545577946936,0.0],[-79.4297879195352,-2.596229767433971,0.0],[-79.42977911322232,-2.596201302176955,0.0],[-79.429293563026,-2.596489094518152,0.0],[-79.4290369779127,-2.597160382135639,0.0]]]}},{"type":"Feature","properties":{"FID_tr_200":7,"FID_2000_d":2,"cov_gen":"FOREST","FID_2022_d":0,"cov_gen_1":"AGRO","old_gen":"FOREST","new_gen":"AGRO","area_ha":16.7046780643,"trans":"FOREST → AGRO","trans_grp":"PÉRDIDA_BOSQUE","FID_cacao_":92,"fcode":"EA010","descr":"PRODUCTO AGRICOLA, RESULTADO DE UN CONJUNTO DE TECNICAS Y CONOCIMIENTOS PARA CULTIVAR LA TIERRA","DPA_DESPRO":"GUAYAS","DPA_DESCAN":"NARANJAL","niv1":"TIERRA AGROPECUARIA","niv2":"CULTIVO","niv3":"CULTIVO PERMANENTE","niv4":"FRUTALES","niv5":"CACAO","LULC_std":"Cacao","label":"Cacao","cbt":"CACAO","uso":"AGRICOLA","tmp":"CULTIVO PERMANENTE","nal":"NO APLICABLE","tap":"PEQUENA","rie":"NO","spr":"MERCANTIL","sce":16.7046780644,"usce":"HECTAREAS","txt":"EL CODIGO (fcode) Y LA DESCRIPCION (descr) CORRESPONDEN A LOS OBJETOS GEOGRAFICOS DEL ATRIBUTO niv2","simbologia":"CPuc: Cacao","SHAPE_Leng":3302.5265024,"apt_uso":1,"cob_suelo":"Cacao","cacao_sys":"Cacao_alim_sin50b","observ":null,"cob_label":"Cacao sin cultivos alimentarios próximos"},"geometry":{"type":"Polygon","coordinates":[[[-79.43661982647289,-2.598151013746221,0.0],[-79.43613382761194,-2.597351898409811,0.0],[-79.43596420717027,-2.597543329788055,0.0],[-79.43541466381892,-2.596765428998677,0.0],[-79.435086494842,-2.596754373332511,0.0],[-79.43481155925565,-2.596498508244119,0.0],[-79.43422572583671,-2.596435640165093,0.0],[-79.43404441141014,-2.596244531759084,0.0],[-79.4341956044153,-2.595733673653512,0.0],[-79.43412053221226,-2.595563231392373,0.0],[-79.43383829505522,-2.595506097050417,0.0],[-79.433582628168,-2.595689275200949,0.0],[-79.43330783745346,-2.595417760097761,0.0],[-79.43296920993508,-2.59530377246406,0.0],[-79.43315321571032,-2.594892325398979,0.0],[-79.43305491548222,-2.59448052669768,0.0],[-79.43318212849476,-2.594338728301093,0.0],[-79.43321058589584,-2.594154219060985,0.0],[-79.43305542232687,-2.594068851961771,0.0],[-79.43304156890356,-2.593855899053241,0.0],[-79.43277386725298,-2.593458085453608,0.0],[-79.4325814699723,-2.593439415665886,0.0],[-79.43282715364188,-2.592848532628353,0.0],[-79.43313092603456,-2.592718049655048,0.0],[-79.43312431801637,-2.592567739963547,0.0],[-79.43294118550406,-2.592269401608759,0.0],[-79.43230618862701,-2.592112458573194,0.0],[-79.43227327857221,-2.591888262365008,0.0],[-79.43098844113814,-2.591912504901198,0.0],[-79.4307092789651,-2.592531924532544,0.0],[-79.43083690529971,-2.592574885730165,0.0],[-79.43098709537203,-2.592877914741226,0.0],[-79.43118660186916,-2.593887635988855,0.0],[-79.43136219663883,-2.593938328814358,0.0],[-79.43173866732585,-2.593888324038365,0.0],[-79.43204534483557,-2.594131397393657,0.0],[-79.43203882148373,-2.594308913187709,0.0],[-79.43230704744673,-2.594280855491973,0.0],[-79.43236298416016,-2.594706796355023,0.0],[-79.43213656160542,-2.595174973176882,0.0],[-79.43208292624412,-2.595811418599522,0.0],[-79.43182108458764,-2.595811092122008,0.0],[-79.43177815146394,-2.595615650610006,0.0],[-79.43151048326827,-2.595627279871629,0.0],[-79.43123083235264,-2.596427907800088,0.0],[-79.43048181973445,-2.596375996258746,0.0],[-79.4300674341842,-2.597599857835116,0.0],[-79.43066035735986,-2.597536718029517,0.0],[-79.43077704633019,-2.597345221768396,0.0],[-79.43170008277424,-2.597209597401657,0.0],[-79.43206329643183,-2.59726418721631,0.0],[-79.43254684887734,-2.596893262024594,0.0],[-79.43269034998802,-2.59695907765329,0.0],[-79.43307382134606,-2.597752665069776,0.0],[-79.43340209612215,-2.597678546723623,0.0],[-79.43367828985484,-2.596912322063534,0.0],[-79.43414405788079,-2.596944842102746,0.0],[-79.43422851363107,-2.597136589585899,0.0],[-79.43410106940333,-2.597466482107324,0.0],[-79.4343760957458,-2.597647819841291,0.0],[-79.4350852235373,-2.597787112147974,0.0],[-79.43524366731413,-2.598074773009871,0.0],[-79.43552928098836,-2.598256123854002,0.0],[-79.43592045915636,-2.598682483658361,0.0],[-79.43661982647289,-2.598151013746221,0.0]]]}},{"type":"Feature","properties":{"FID_tr_200":7,"FID_2000_d":2,"cov_gen":"FOREST","FID_2022_d":0,"cov_gen_1":"AGRO","old_gen":"FOREST","new_gen":"AGRO","area_ha":40.6396860985,"trans":"FOREST → AGRO","trans_grp":"PÉRDIDA_BOSQUE","FID_cacao_":93,"fcode":"EA010","descr":"PRODUCTO AGRICOLA, RESULTADO DE UN CONJUNTO DE TECNICAS Y CONOCIMIENTOS PARA CULTIVAR LA TIERRA","DPA_DESPRO":"GUAYAS","DPA_DESCAN":"NARANJAL","niv1":"TIERRA AGROPECUARIA","niv2":"CULTIVO","niv3":"CULTIVO PERMANENTE","niv4":"FRUTALES","niv5":"CACAO","LULC_std":"Cacao","label":"Cacao","cbt":"CACAO","uso":"AGRICOLA","tmp":"CULTIVO PERMANENTE","nal":"NO APLICABLE","tap":"PEQUENA","rie":"NO","spr":"MERCANTIL","sce":41.1700422525,"usce":"HECTAREAS","txt":"EL CODIGO (fcode) Y LA DESCRIPCION (descr) CORRESPONDEN A LOS OBJETOS GEOGRAFICOS DEL ATRIBUTO niv2","simbologia":"CPuc: Cacao","SHAPE_Leng":5494.18135361,"apt_uso":1,"cob_suelo":"Cacao","cacao_sys":"Cacao_alim_sin50b","observ":null,"cob_label":"Cacao sin cultivos alimentarios próximos"},"geometry":{"type":"Polygon","coordinates":[[[-79.42874225151873,-2.584865380261132,0.0],[-79.42793027093475,-2.585564168791607,0.0],[-79.42821978065385,-2.585805592192911,0.0],[-79.42844691701637,-2.586839573587083,0.0],[-79.42825796092941,-2.586874071554696,0.0],[-79.42789032956883,-2.586709668261219,0.0],[-79.42751959094295,-2.586364640017853,0.0],[-79.42739096907964,-2.586479334912637,0.0],[-79.42736215277044,-2.586694653302287,0.0],[-79.42754699227798,-2.587297874069475,0.0],[-79.42754667383633,-2.587556298665461,0.0],[-79.42768925204497,-2.58770004531296,0.0],[-79.4279695681337,-2.587782277347565,0.0],[-79.42788568960266,-2.588057011288074,0.0],[-79.42768927900715,-2.588215212328616,0.0],[-79.42740790122983,-2.58872863480601,0.0],[-79.42700534423412,-2.588918321950899,0.0],[-79.42684171772765,-2.589180385391733,0.0],[-79.42683737812878,-2.589490760080183,0.0],[-79.42700037629461,-2.590102499138703,0.0],[-79.42692879765126,-2.590319911018543,0.0],[-79.42670639890349,-2.590696122986842,0.0],[-79.42640770806398,-2.590952662746997,0.0],[-79.42624816166436,-2.590968691054335,0.0],[-79.42624779132007,-2.5912685595466,0.0],[-79.42597801727992,-2.591268222514608,0.0],[-79.42597768211058,-2.591539533254442,0.0],[-79.42570790804827,-2.591539196129399,0.0],[-79.42570757278634,-2.591810506832651,0.0],[-79.42543779870186,-2.591810169614545,0.0],[-79.42543746334732,-2.592081480281307,0.0],[-79.42516768924064,-2.592081142970125,0.0],[-79.42516735379347,-2.592352453600293,0.0],[-79.42499787040772,-2.592352241635573,0.0],[-79.42499784162,-2.598903697177694,0.0],[-79.42515955586008,-2.598903899936131,0.0],[-79.42532077345967,-2.598194666175256,0.0],[-79.42557809561822,-2.597904260734142,0.0],[-79.4257387765266,-2.597839856541643,0.0],[-79.42596473720215,-2.596935654299191,0.0],[-79.42622173900132,-2.596903672866878,0.0],[-79.42625445904504,-2.596419168352069,0.0],[-79.42641533958998,-2.596193248108723,0.0],[-79.4268330618927,-2.596064558810014,0.0],[-79.42736982564463,-2.595248264789584,0.0],[-79.42782145369887,-2.595275513724578,0.0],[-79.42815150606114,-2.594597837555142,0.0],[-79.42840600018583,-2.593897539734392,0.0],[-79.42807266676891,-2.593724927505641,0.0],[-79.42805390959369,-2.593572483131774,0.0],[-79.4285849756208,-2.593077775787901,0.0],[-79.42860413171289,-2.592906325407873,0.0],[-79.42852851748178,-2.592772861538724,0.0],[-79.42813088886157,-2.59260089093665,0.0],[-79.42799846300952,-2.592448304670316,0.0],[-79.42799869816518,-2.592257777424723,0.0],[-79.42777008515758,-2.592076668414006,0.0],[-79.42795201645104,-2.591839421162376,0.0],[-79.42825323566498,-2.591764086720319,0.0],[-79.42864077587735,-2.591824170155401,0.0],[-79.42870161366348,-2.591303609208003,0.0],[-79.42979389566301,-2.59114345566197,0.0],[-79.43044508896782,-2.59049017427494,0.0],[-79.4302195644781,-2.59028346946325,0.0],[-79.42991232540514,-2.58937859962177,0.0],[-79.43007571985305,-2.589141868400928,0.0],[-79.43163891857294,-2.589122472446961,0.0],[-79.43152162042064,-2.587988318794025,0.0],[-79.4301516534714,-2.587964628374576,0.0],[-79.43032054733047,-2.588362318389539,0.0],[-79.42996837478505,-2.588780284261351,0.0],[-79.42868793314271,-2.588800700892545,0.0],[-79.42855286832776,-2.588868279066053,0.0],[-79.42845674972865,-2.589039633566109,0.0],[-79.4283609207655,-2.588975211493867,0.0],[-79.42851120992056,-2.588347035949561,0.0],[-79.42909135413014,-2.588056213588611,0.0],[-79.42909203024577,-2.587507061707556,0.0],[-79.42925274915272,-2.586802637548395,0.0],[-79.4316899317592,-2.586695417480996,0.0],[-79.43187819462612,-2.586113398798864,0.0],[-79.43039040029893,-2.58601654083424,0.0],[-79.43003707830837,-2.585762065076874,0.0],[-79.42958246837401,-2.585710692938564,0.0],[-79.42958356165767,-2.584821567124129,0.0],[-79.4290535165367,-2.584490661128041,0.0],[-79.42874225151873,-2.584865380261132,0.0]]]}},{"type":"Feature","properties":{"FID_tr_200":7,"FID_2000_d":2,"cov_gen":"FOREST","FID_2022_d":0,"cov_gen_1":"AGRO","old_gen":"FOREST","new_gen":"AGRO","area_ha":34.4077194588,"trans":"FOREST → AGRO","trans_grp":"PÉRDIDA_BOSQUE","FID_cacao_":94,"fcode":"EA010","descr":"PRODUCTO AGRICOLA, RESULTADO DE UN CONJUNTO DE TECNICAS Y CONOCIMIENTOS PARA CULTIVAR LA TIERRA","DPA_DESPRO":"GUAYAS","DPA_DESCAN":"NARANJAL","niv1":"TIERRA AGROPECUARIA","niv2":"CULTIVO","niv3":"CULTIVO PERMANENTE","niv4":"FRUTALES","niv5":"CACAO","LULC_std":"Cacao","label":"Cacao","cbt":"CACAO","uso":"AGRICOLA","tmp":"CULTIVO PERMANENTE","nal":"NO APLICABLE","tap":"PEQUENA","rie":"NO","spr":"MERCANTIL","sce":104.694403163,"usce":"HECTAREAS","txt":"EL CODIGO (fcode) Y LA DESCRIPCION (descr) CORRESPONDEN A LOS OBJETOS GEOGRAFICOS DEL ATRIBUTO niv2","simbologia":"CPuc: Cacao","SHAPE_Leng":4050.00406058,"apt_uso":1,"cob_suelo":"Cacao","cacao_sys":"Cacao_alim_con50b","observ":null,"cob_label":"Cacao próximo a cultivos alimentarios"},"geometry":{"type":"Polygon","coordinates":[[[-79.501028745663,-2.546591824403287,0.0],[-79.50102623527114,-2.548762388584765,0.0],[-79.50129600992916,-2.548762704288391,0.0],[-79.5012944401269,-2.550119307031556,0.0],[-79.50048511540643,-2.550118359245526,0.0],[-79.50048542960336,-2.549847038800231,0.0],[-79.5002156548201,-2.549846722791619,0.0],[-79.50021596903994,-2.549575402378808,0.0],[-79.49994619434669,-2.549575086347073,0.0],[-79.49994588007037,-2.549846406726211,0.0],[-79.49943689535878,-2.549845810250027,0.0],[-79.49932035324989,-2.550055382817734,0.0],[-79.49997746300089,-2.550639365959197,0.0],[-79.5004272452729,-2.550883624135321,0.0],[-79.50105034068409,-2.550945286462147,0.0],[-79.50060857818123,-2.551249432374197,0.0],[-79.50067749595654,-2.551528062854621,0.0],[-79.5009971898709,-2.551998490016373,0.0],[-79.50088717063899,-2.551991692017941,0.0],[-79.5007796002016,-2.551799297145338,0.0],[-79.5004936651064,-2.552073158822315,0.0],[-79.50024084403968,-2.551779079900512,0.0],[-79.5002928580915,-2.551707327693439,0.0],[-79.49935944869432,-2.550550687454297,0.0],[-79.49952193513015,-2.550374609041756,0.0],[-79.49945062950397,-2.550289654531876,0.0],[-79.49927524296372,-2.550393904658208,0.0],[-79.49903515319464,-2.550088886656527,0.0],[-79.49859639358631,-2.550373686835309,0.0],[-79.4985960438859,-2.550675221559112,0.0],[-79.50352331605114,-2.557129653998301,0.0],[-79.50351604280189,-2.54445525609551,0.0],[-79.50345890600988,-2.544695415431742,0.0],[-79.50318913192987,-2.544695100686309,0.0],[-79.50318819284126,-2.545509063095188,0.0],[-79.50291841862567,-2.545508748192252,0.0],[-79.50291779228644,-2.54605138972504,0.0],[-79.50237824373012,-2.546050759614605,0.0],[-79.50237883335228,-2.54554011586611,0.0],[-79.5016765959819,-2.546244626224116,0.0],[-79.50129877805503,-2.546368759110512,0.0],[-79.50129851986964,-2.546592139837714,0.0],[-79.501028745663,-2.546591824403287,0.0]]]}},{"type":"Feature","properties":{"FID_tr_200":7,"FID_2000_d":2,"cov_gen":"FOREST","FID_2022_d":0,"cov_gen_1":"AGRO","old_gen":"FOREST","new_gen":"AGRO","area_ha":11.4197099095,"trans":"FOREST → AGRO","trans_grp":"PÉRDIDA_BOSQUE","FID_cacao_":95,"fcode":"EA010","descr":"PRODUCTO AGRICOLA, RESULTADO DE UN CONJUNTO DE TECNICAS Y CONOCIMIENTOS PARA CULTIVAR LA TIERRA","DPA_DESPRO":"GUAYAS","DPA_DESCAN":"NARANJAL","niv1":"TIERRA AGROPECUARIA","niv2":"CULTIVO","niv3":"CULTIVO PERMANENTE","niv4":"FRUTALES","niv5":"CACAO","LULC_std":"Cacao","label":"Cacao","cbt":"CACAO","uso":"AGRICOLA","tmp":"CULTIVO PERMANENTE","nal":"NO APLICABLE","tap":"PEQUENA","rie":"NO","spr":"MERCANTIL","sce":11.4197099095,"usce":"HECTAREAS","txt":"EL CODIGO (fcode) Y LA DESCRIPCION (descr) CORRESPONDEN A LOS OBJETOS GEOGRAFICOS DEL ATRIBUTO niv2","simbologia":"CPuc: Cacao","SHAPE_Leng":1450.43190509,"apt_uso":1,"cob_suelo":"Cacao","cacao_sys":"Cacao_alim_con50b","observ":null,"cob_label":"Cacao próximo a cultivos alimentarios"},"geometry":{"type":"Polygon","coordinates":[[[-79.50193647686805,-2.520624734437313,0.0],[-79.50244507070671,-2.517861067237142,0.0],[-79.50164538123532,-2.51752151194058,0.0],[-79.50110306086698,-2.517398847658132,0.0],[-79.50014758629933,-2.516550654573047,0.0],[-79.49944780434718,-2.516808278316401,0.0],[-79.49843834108017,-2.517400549879935,0.0],[-79.49847629934541,-2.517496310347855,0.0],[-79.49935123395736,-2.518033333745803,0.0],[-79.49936996118545,-2.518301360682733,0.0],[-79.49912186612454,-2.518875369970738,0.0],[-79.49925468552907,-2.519239244669163,0.0],[-79.50000012053998,-2.519584770340797,0.0],[-79.5007291160432,-2.520414706799358,0.0],[-79.50147141428427,-2.520429923277873,0.0],[-79.50193647686805,-2.520624734437313,0.0]]]}},{"type":"Feature","properties":{"FID_tr_200":7,"FID_2000_d":2,"cov_gen":"FOREST","FID_2022_d":0,"cov_gen_1":"AGRO","old_gen":"FOREST","new_gen":"AGRO","area_ha":6.05066989141,"trans":"FOREST → AGRO","trans_grp":"PÉRDIDA_BOSQUE","FID_cacao_":96,"fcode":"EA010","descr":"PRODUCTO AGRICOLA, RESULTADO DE UN CONJUNTO DE TECNICAS Y CONOCIMIENTOS PARA CULTIVAR LA TIERRA","DPA_DESPRO":"GUAYAS","DPA_DESCAN":"NARANJAL","niv1":"TIERRA AGROPECUARIA","niv2":"CULTIVO","niv3":"CULTIVO PERMANENTE","niv4":"FRUTALES","niv5":"CACAO","LULC_std":"Cacao","label":"Cacao","cbt":"CACAO","uso":"AGRICOLA","tmp":"CULTIVO PERMANENTE","nal":"NO APLICABLE","tap":"PEQUENA","rie":"NO","spr":"MERCANTIL","sce":6.05066989143,"usce":"HECTAREAS","txt":"EL CODIGO (fcode) Y LA DESCRIPCION (descr) CORRESPONDEN A LOS OBJETOS GEOGRAFICOS DEL ATRIBUTO niv2","simbologia":"CPuc: Cacao","SHAPE_Leng":1063.8998892,"apt_uso":1,"cob_suelo":"Cacao","cacao_sys":"Cacao_alim_con50b","observ":null,"cob_label":"Cacao próximo a cultivos alimentarios"},"geometry":{"type":"Polygon","coordinates":[[[-79.49915034958421,-2.511809697883825,0.0],[-79.49906823489714,-2.514455615555383,0.0],[-79.49921974654751,-2.515118624702364,0.0],[-79.49975354053541,-2.514372656368244,0.0],[-79.50045075397352,-2.514280138317337,0.0],[-79.50061757168882,-2.514041040357131,0.0],[-79.5007132309715,-2.513610427852951,0.0],[-79.50082051379522,-2.513419119367569,0.0],[-79.5009633339265,-2.513359461554411,0.0],[-79.50097398121984,-2.511675108426203,0.0],[-79.49975080588861,-2.511650915119642,0.0],[-79.49915034958421,-2.511809697883825,0.0]]]}},{"type":"Feature","properties":{"FID_tr_200":7,"FID_2000_d":2,"cov_gen":"FOREST","FID_2022_d":0,"cov_gen_1":"AGRO","old_gen":"FOREST","new_gen":"AGRO","area_ha":1.47790667213,"trans":"FOREST → AGRO","trans_grp":"PÉRDIDA_BOSQUE","FID_cacao_":97,"fcode":"FA000","descr":"SON AGRUPACIONES DE ESPECIES CULTIVADAS QUE SE ENCUENTRAN MEZCLADAS ENTRE SI Y QUE NO PUEDEN SER INDIVIDUALIZADAS; Y EXCEPCIONALMENTE PUEDEN ESTAR ASOCIADAS CON VEGETACION NATURAL","DPA_DESPRO":"GUAYAS","DPA_DESCAN":"NARANJAL","niv1":"TIERRA AGROPECUARIA","niv2":"MOSAICO AGROPECUARIO","niv3":"CACAO CON PRESENCIA DE TECA","niv4":"NO APLICABLE","niv5":null,"LULC_std":"Agroforesteria_mixta","label":"Cacao con presencia de teca","cbt":"CACAO CON PRESENCIA DE TECA","uso":"AGROPECUARIO MIXTO","tmp":"CULTIVO PERMANENTE","nal":"NO APLICABLE","tap":"PEQUENA","rie":"SI","spr":"MERCANTIL","sce":1.47790667213,"usce":"HECTAREAS","txt":"EL CODIGO (fcode) Y LA DESCRIPCION (descr) CORRESPONDEN A LOS OBJETOS GEOGRAFICOS DEL ATRIBUTO niv2","simbologia":"MCt: Cacao con presencia de teca","SHAPE_Leng":605.83448918,"apt_uso":1,"cob_suelo":"Cacao_teca","cacao_sys":"Cacao_teca_con50b","observ":null,"cob_label":"Cacao con componente arbóreo próximo a alimentos"},"geometry":{"type":"Polygon","coordinates":[[[-79.43555666576526,-2.554272065576882,0.0],[-79.43735180844244,-2.552910948515464,0.0],[-79.43742705869329,-2.552736518516682,0.0],[-79.43721538729739,-2.552466249379707,0.0],[-79.43660827483492,-2.552603381238891,0.0],[-79.43614822530454,-2.55294506425389,0.0],[-79.43564689802841,-2.553878709506448,0.0],[-79.43555666576526,-2.554272065576882,0.0]]]}},{"type":"Feature","properties":{"FID_tr_200":7,"FID_2000_d":2,"cov_gen":"FOREST","FID_2022_d":0,"cov_gen_1":"AGRO","old_gen":"FOREST","new_gen":"AGRO","area_ha":106.27390472,"trans":"FOREST → AGRO","trans_grp":"PÉRDIDA_BOSQUE","FID_cacao_":98,"fcode":"EA010","descr":"PRODUCTO AGRICOLA, RESULTADO DE UN CONJUNTO DE TECNICAS Y CONOCIMIENTOS PARA CULTIVAR LA TIERRA","DPA_DESPRO":"CANAR","DPA_DESCAN":"LA TRONCAL","niv1":"TIERRA AGROPECUARIA","niv2":"CULTIVO","niv3":"CULTIVO PERMANENTE","niv4":"FRUTALES","niv5":"CACAO","LULC_std":"Cacao","label":"Cacao","cbt":"CACAO","uso":"AGRICOLA","tmp":"CULTIVO PERMANENTE","nal":"NO APLICABLE","tap":"MEDIANA","rie":"SI","spr":"MERCANTIL","sce":2606.99195028,"usce":"HECTAREAS","txt":"EL CODIGO (fcode) Y LA DESCRIPCION (descr) CORRESPONDEN A LOS OBJETOS GEOGRAFICOS DEL ATRIBUTO niv2","simbologia":"CPuc: Cacao","SHAPE_Leng":6602.57867442,"apt_uso":1,"cob_suelo":"Cacao","cacao_sys":"Cacao_alim_sin50b","observ":null,"cob_label":"Cacao sin cultivos alimentarios próximos"},"geometry":{"type":"Polygon","coordinates":[[[-79.37238738331226,-2.500975408839208,0.0],[-79.37137427243893,-2.501463376266783,0.0],[-79.37142435109983,-2.501783415020817,0.0],[-79.37162390613345,-2.502013368395016,0.0],[-79.37163317483777,-2.502214372131957,0.0],[-79.37117631750894,-2.502280798539732,0.0],[-79.37104323332974,-2.502165780239638,0.0],[-79.3709484496289,-2.501859388376038,0.0],[-79.37072959051866,-2.501849544378382,0.0],[-79.37028950357399,-2.502103967238527,0.0],[-79.3701202977961,-2.502059346080983,0.0],[-79.36626389822301,-2.503968723643076,0.0],[-79.36535211761492,-2.502541501222487,0.0],[-79.36507792818888,-2.501105507655144,0.0],[-79.3652632301955,-2.50097897105428,0.0],[-79.35984314121258,-2.500981655132051,0.0],[-79.35984754885338,-2.510064412377309,0.0],[-79.35998722724156,-2.510064588539241,0.0],[-79.3599865506839,-2.51060719305302,0.0],[-79.35984781090578,-2.510607018037209,0.0],[-79.35984794187725,-2.510878320865548,0.0],[-79.35998621235007,-2.510878495308089,0.0],[-79.35998587397955,-2.511149797562067,0.0],[-79.36025562254972,-2.51115013787202,0.0],[-79.36025529304223,-2.511414349015657,0.0],[-79.36056873475269,-2.511339704997792,0.0],[-79.36133545140252,-2.510482036910643,0.0],[-79.36133563136472,-2.510337591235301,0.0],[-79.36160544581362,-2.510285056407825,0.0],[-79.36160571787843,-2.510066628677071,0.0],[-79.36187546644618,-2.510066968504415,0.0],[-79.36187647984076,-2.509253060952295,0.0],[-79.36133698307528,-2.509252381462384,0.0],[-79.36133765871071,-2.508709776568866,0.0],[-79.36160740696401,-2.508710116268195,0.0],[-79.3616084199757,-2.507896208808812,0.0],[-79.36295716095876,-2.507897905916059,0.0],[-79.36295581131397,-2.508983116594848,0.0],[-79.3635932610853,-2.508894434624443,0.0],[-79.36403165892322,-2.508368581710024,0.0],[-79.36431720226894,-2.508321085473037,0.0],[-79.3646213272315,-2.508637310889589,0.0],[-79.36504032276923,-2.508408133011996,0.0],[-79.3652785357512,-2.508159586469272,0.0],[-79.36566888855518,-2.50800694040444,0.0],[-79.36573572692164,-2.507825175946878,0.0],[-79.36682123383478,-2.507290561874084,0.0],[-79.36706876044776,-2.507204733461434,0.0],[-79.36723034518077,-2.507358071673843,0.0],[-79.36743014846401,-2.507387035230725,0.0],[-79.36754360993946,-2.507320658627949,0.0],[-79.36754423242655,-2.50681845244461,0.0],[-79.36781398113239,-2.506818790602577,0.0],[-79.36781465344441,-2.506276183925817,0.0],[-79.3683541507436,-2.506276859927753,0.0],[-79.36835448673389,-2.506005556514331,0.0],[-79.37078224410008,-2.505993865446467,0.0],[-79.37078256134069,-2.505737291687076,0.0],[-79.37105231026217,-2.5057376290289,0.0],[-79.37105264562474,-2.505466325247148,0.0],[-79.37078289675874,-2.505465987941893,0.0],[-79.37078323214034,-2.505194684195555,0.0],[-79.37105298095088,-2.50519502146424,0.0],[-79.37105331624058,-2.504923717680161,0.0],[-79.37132306503209,-2.504924054856496,0.0],[-79.37132340022991,-2.504652751034666,0.0],[-79.37186289781123,-2.504653425146885,0.0],[-79.37186256272432,-2.504924729041826,0.0],[-79.37213231162507,-2.50492506605082,0.0],[-79.37213197655721,-2.505196369981117,0.0],[-79.37267147457881,-2.505197043904839,0.0],[-79.37267180953573,-2.504925739901469,0.0],[-79.37308749426063,-2.504926258953061,0.0],[-79.37321143365341,-2.504824266471417,0.0],[-79.37321164240161,-2.504655109451391,0.0],[-79.37348139142884,-2.504655446144969,0.0],[-79.37348172614664,-2.50438414202971,0.0],[-79.37399813889613,-2.504384786376926,0.0],[-79.3742912029776,-2.504198861689421,0.0],[-79.37429130779532,-2.504113847440334,0.0],[-79.37456117632983,-2.504017263761432,0.0],[-79.37456172566732,-2.503571575309442,0.0],[-79.37510122367823,-2.503572247791227,0.0],[-79.37510155791796,-2.503300943452286,0.0],[-79.37568471668602,-2.503301670027306,0.0],[-79.37622930379258,-2.503000936695165,0.0],[-79.37669323507548,-2.502987157717026,0.0],[-79.37685753926637,-2.502865331051158,0.0],[-79.37707932000957,-2.502434909427264,0.0],[-79.3777577970777,-2.502069660621277,0.0],[-79.37820014013577,-2.502199419692897,0.0],[-79.37865752486235,-2.501704685262481,0.0],[-79.37900742017608,-2.501561554292589,0.0],[-79.37887051997716,-2.501247136746422,0.0],[-79.37918068647663,-2.50124752201209,0.0],[-79.37938993662056,-2.50133392223536,0.0],[-79.37955179373563,-2.501267125279012,0.0],[-79.37956157979514,-2.501047002971184,0.0],[-79.37949322364577,-2.500971817180489,0.0],[-79.37498013293154,-2.500974102947579,0.0],[-79.37440366990387,-2.501165012581354,0.0],[-79.37392796855772,-2.501078279830911,0.0],[-79.37381918279117,-2.500974688370299,0.0],[-79.37238738331226,-2.500975408839208,0.0]]]}},{"type":"Feature","properties":{"FID_tr_200":7,"FID_2000_d":2,"cov_gen":"FOREST","FID_2022_d":0,"cov_gen_1":"AGRO","old_gen":"FOREST","new_gen":"AGRO","area_ha":62.2001304005,"trans":"FOREST → AGRO","trans_grp":"PÉRDIDA_BOSQUE","FID_cacao_":99,"fcode":"EA010","descr":"PRODUCTO AGRICOLA, RESULTADO DE UN CONJUNTO DE TECNICAS Y CONOCIMIENTOS PARA CULTIVAR LA TIERRA","DPA_DESPRO":"GUAYAS","DPA_DESCAN":"NARANJAL","niv1":"TIERRA AGROPECUARIA","niv2":"CULTIVO","niv3":"CULTIVO PERMANENTE","niv4":"FRUTALES","niv5":"CACAO","LULC_std":"Cacao","label":"Cacao","cbt":"CACAO","uso":"AGRICOLA","tmp":"CULTIVO PERMANENTE","nal":"NO APLICABLE","tap":"PEQUENA","rie":"NO","spr":"MERCANTIL","sce":79.874784876,"usce":"HECTAREAS","txt":"EL CODIGO (fcode) Y LA DESCRIPCION (descr) CORRESPONDEN A LOS OBJETOS GEOGRAFICOS DEL ATRIBUTO niv2","simbologia":"CPuc: Cacao","SHAPE_Leng":9804.7698296,"apt_uso":1,"cob_suelo":"Cacao","cacao_sys":"Cacao_alim_sin50b","observ":null,"cob_label":"Cacao sin cultivos alimentarios próximos"},"geometry":{"type":"MultiPolygon","coordinates":[[[[-79.49030688153488,-2.615005678037414,0.0],[-79.49023341935629,-2.615236473762634,0.0],[-79.4895536794194,-2.615409372625177,0.0],[-79.48943399455345,-2.616007449488233,0.0],[-79.48966715051506,-2.616489915647723,0.0],[-79.48946338528023,-2.616564153326376,0.0],[-79.48930432304185,-2.616779563604004,0.0],[-79.48897058466451,-2.616986777340337,0.0],[-79.4885361542225,-2.616823109326557,0.0],[-79.48853547331558,-2.617391464332967,0.0],[-79.4890750485161,-2.617392118073353,0.0],[-79.48907460220259,-2.617764723065299,0.0],[-79.4892347166495,-2.617834048885128,0.0],[-79.48980229814642,-2.617357635081626,0.0],[-79.49002950492583,-2.616636094252687,0.0],[-79.49045615276131,-2.616365721727341,0.0],[-79.49062291678547,-2.616349952705485,0.0],[-79.49090863117848,-2.616462092712644,0.0],[-79.49097420603097,-2.616686052097546,0.0],[-79.49084000301366,-2.616988740038843,0.0],[-79.49060546020887,-2.617257656584834,0.0],[-79.4905711948897,-2.61793061542768,0.0],[-79.49063670511201,-2.618098751712398,0.0],[-79.49004729146638,-2.619631217005994,0.0],[-79.48979318398747,-2.619646879850986,0.0],[-79.48975382729101,-2.619359361327364,0.0],[-79.48962026221547,-2.619354834854138,0.0],[-79.4885325371861,-2.619840843109699,0.0],[-79.48853189535033,-2.620375969514074,0.0],[-79.48880168357177,-2.620376296786668,0.0],[-79.48880135815735,-2.620647615466117,0.0],[-79.48826178163225,-2.620646960794693,0.0],[-79.48826113046978,-2.621189598014162,0.0],[-79.48772155384778,-2.621188942973458,0.0],[-79.4877212280997,-2.62146026151352,0.0],[-79.48826080483784,-2.621460916622118,0.0],[-79.48826015347244,-2.622003553834321,0.0],[-79.48745078806758,-2.622002570880137,0.0],[-79.48745143978138,-2.621459933871634,0.0],[-79.48691186324625,-2.621459278412687,0.0],[-79.48691251505691,-2.620916641535184,0.0],[-79.48664272695625,-2.620916313786072,0.0],[-79.48664305286884,-2.620644995379466,0.0],[-79.48637326486006,-2.620644667605955,0.0],[-79.4863736995729,-2.620282794915755,0.0],[-79.48626070790084,-2.620282657640386,0.0],[-79.48610884883584,-2.620358786949568,0.0],[-79.48601376576958,-2.620549456405383,0.0],[-79.48601022473676,-2.620887390424811,0.0],[-79.48577583836824,-2.620981346259013,0.0],[-79.48610165545112,-2.621268752303669,0.0],[-79.48654692792853,-2.621987159572375,0.0],[-79.48663566970163,-2.622391066678597,0.0],[-79.48663534611723,-2.622660266080016,0.0],[-79.48632234935579,-2.623243151193629,0.0],[-79.48628720969549,-2.62372961733385,0.0],[-79.48585776337707,-2.623746616585005,0.0],[-79.48583576829472,-2.623612898439419,0.0],[-79.48558991080499,-2.623908596144444,0.0],[-79.48556664192978,-2.623607840032932,0.0],[-79.48542816205718,-2.623403769199305,0.0],[-79.48500160046358,-2.623167153057409,0.0],[-79.48479887406207,-2.623145443153596,0.0],[-79.48431986038189,-2.623336088778595,0.0],[-79.48432022826064,-2.623267328978996,0.0],[-79.48406908547922,-2.623331624918522,0.0],[-79.48391940491662,-2.623159169832809,0.0],[-79.48398431665998,-2.622599362460893,0.0],[-79.48374906343086,-2.622362200470934,0.0],[-79.48321372144729,-2.622383082879526,0.0],[-79.48287080814772,-2.622641074029345,0.0],[-79.48274150183673,-2.623330007037365,0.0],[-79.48231298865025,-2.623544825292051,0.0],[-79.48147802651948,-2.623436136764127,0.0],[-79.48102823110625,-2.623543257682867,0.0],[-79.48097286409086,-2.62449019794277,0.0],[-79.48134427854255,-2.625250955224618,0.0],[-79.48179705865768,-2.625223854430642,0.0],[-79.48209709573477,-2.625008879946277,0.0],[-79.482440738204,-2.62414793619085,0.0],[-79.48276205726569,-2.624040657241606,0.0],[-79.48304039615758,-2.624062531184522,0.0],[-79.48321120410459,-2.624471886617501,0.0],[-79.48320990571888,-2.625548590218262,0.0],[-79.48346649425459,-2.625850380422492,0.0],[-79.48410845943955,-2.626195708823301,0.0],[-79.48432564550801,-2.626214125758303,0.0],[-79.4844535058738,-2.62637525672497,0.0],[-79.48454262631446,-2.626834753751027,0.0],[-79.48450695908036,-2.627154043100378,0.0],[-79.48501648570856,-2.627154664389229,0.0],[-79.48501681274898,-2.626883346214688,0.0],[-79.48555639113486,-2.626884003851418,0.0],[-79.48555671802504,-2.626612685607621,0.0],[-79.48565967787665,-2.626612811055262,0.0],[-79.48595741248164,-2.626242103855184,0.0],[-79.48605088887697,-2.626383482499662,0.0],[-79.48654654157961,-2.626483802963735,0.0],[-79.48655939347664,-2.626368750513314,0.0],[-79.48681188862467,-2.626335202749255,0.0],[-79.48717606416798,-2.626107307712333,0.0],[-79.4871764330668,-2.625800701559193,0.0],[-79.48783058583167,-2.625801497344279,0.0],[-79.48798608260789,-2.62556732421509,0.0],[-79.48798645323973,-2.625259049004586,0.0],[-79.4888899192891,-2.625260147177034,0.0],[-79.48906568099383,-2.625201464903616,0.0],[-79.48906593617141,-2.624989041962409,0.0],[-79.48933572544797,-2.624989369694904,0.0],[-79.48933556797594,-2.625120482948421,0.0],[-79.48964683212142,-2.62430360580071,0.0],[-79.48975619657966,-2.624413856176614,0.0],[-79.49002398645976,-2.624324448762301,0.0],[-79.49015798862875,-2.624190010842335,0.0],[-79.49011402140941,-2.623651557038339,0.0],[-79.49060477144248,-2.623652152427799,0.0],[-79.49073834300246,-2.623876648481726,0.0],[-79.4910954139955,-2.623742480941497,0.0],[-79.49154208879034,-2.623294356102419,0.0],[-79.49158978050623,-2.62296707427303,0.0],[-79.49185804644031,-2.622944726098871,0.0],[-79.49199976650415,-2.622680799966704,0.0],[-79.49205226690407,-2.622822110675835,0.0],[-79.4925040999443,-2.622822657980618,0.0],[-79.492380765372,-2.622590456257553,0.0],[-79.4923962234138,-2.621468982083083,0.0],[-79.49262211389755,-2.621440863739328,0.0],[-79.492876576622,-2.621128856646506,0.0],[-79.49260859312197,-2.620943982599471,0.0],[-79.4925102219094,-2.620574764973579,0.0],[-79.49252537406738,-2.61970881996335,0.0],[-79.49204610947936,-2.619140395571834,0.0],[-79.49173567588701,-2.619040647417671,0.0],[-79.49160902320897,-2.61871398383587,0.0],[-79.49115753226145,-2.618528887844293,0.0],[-79.49161024575952,-2.617691865313328,0.0],[-79.49146934014168,-2.617478753454917,0.0],[-79.49223292598845,-2.616372380213031,0.0],[-79.49152745031108,-2.61610180075435,0.0],[-79.49154187189131,-2.61584628863848,0.0],[-79.49120359785411,-2.6154199969105,0.0],[-79.49061128742113,-2.614950809115271,0.0],[-79.49030688153488,-2.615005678037414,0.0]],[[-79.49167985194663,-2.620019252598166,0.0],[-79.49220701989584,-2.621298684535695,0.0],[-79.49213649322009,-2.621467848246842,0.0],[-79.49207970995667,-2.621410605243245,0.0],[-79.49114282424608,-2.621409470502207,0.0],[-79.49095575696582,-2.621468011613974,0.0],[-79.49097065851626,-2.621339490323555,0.0],[-79.49109783897056,-2.621226075560263,0.0],[-79.49109845110034,-2.620715016442565,0.0],[-79.49135383057829,-2.619636422368599,0.0],[-79.4911144530681,-2.619139268115746,0.0],[-79.49084652127944,-2.618911806050285,0.0],[-79.49080439443584,-2.618727206352613,0.0],[-79.49138282757019,-2.618997632321573,0.0],[-79.49145313507908,-2.619224855168334,0.0],[-79.49161895687085,-2.619308487481774,0.0],[-79.49167985194663,-2.620019252598166,0.0]]],[[[-79.48769733527311,-2.616576491545727,0.0],[-79.48801847768635,-2.61657688075969,0.0],[-79.48776422575544,-2.616522168648084,0.0],[-79.48769733527311,-2.616576491545727,0.0]]],[[[-79.48733598494543,-2.617088252045097,0.0],[-79.48745668511202,-2.617088398402906,0.0],[-79.48745702100129,-2.616808213691501,0.0],[-79.48726317712736,-2.616864905383733,0.0],[-79.48733598494543,-2.617088252045097,0.0]]],[[[-79.49189840695172,-2.623788321643507,0.0],[-79.49196844343032,-2.624432904190986,0.0],[-79.49242815463796,-2.624031390309919,0.0],[-79.4924283026563,-2.623907844244239,0.0],[-79.49230471031518,-2.623907694483994,0.0],[-79.49230536041074,-2.623365056272017,0.0],[-79.49207736956544,-2.623364780034121,0.0],[-79.49189840695172,-2.623788321643507,0.0]]],[[[-79.48258740123094,-2.62796565541848,0.0],[-79.48258707353106,-2.628236973281795,0.0],[-79.48231728440328,-2.628236643678698,0.0],[-79.48238690694606,-2.629322001685182,0.0],[-79.48258576239198,-2.629322244722713,0.0],[-79.48258609022768,-2.629050926864356,0.0],[-79.48312566893436,-2.629051586099298,0.0],[-79.48312665188841,-2.628237632312364,0.0],[-79.48366623038153,-2.628238291108763,0.0],[-79.4836665578486,-2.627966973109223,0.0],[-79.4839363470878,-2.627967302385569,0.0],[-79.4839371313145,-2.627317313002726,0.0],[-79.48324611965577,-2.627084733097606,0.0],[-79.48304650975756,-2.626883504070404,0.0],[-79.48281817669039,-2.626825800828253,0.0],[-79.48244688501264,-2.626940196531231,0.0],[-79.48231819270808,-2.627484680885649,0.0],[-79.4823176121614,-2.627965325849454,0.0],[-79.48258740123094,-2.62796565541848,0.0]]],[[[-79.48690245917305,-2.629275727008625,0.0],[-79.48792270214258,-2.629176296911441,0.0],[-79.48795135536298,-2.628813539500182,0.0],[-79.48771561411887,-2.628291622864245,0.0],[-79.48713070530395,-2.627857850473707,0.0],[-79.48672804302483,-2.627970706196598,0.0],[-79.48690403095668,-2.627970920561978,0.0],[-79.48690370418815,-2.628242238969612,0.0],[-79.48636412488159,-2.628241581578229,0.0],[-79.48636379796275,-2.628512899916653,0.0],[-79.48663358765734,-2.628513228675597,0.0],[-79.48663326076284,-2.628784547046796,0.0],[-79.4869030505495,-2.628784875781166,0.0],[-79.48690245917305,-2.629275727008625,0.0]]],[[[-79.48528257565988,-2.630222569948328,0.0],[-79.48541824425003,-2.630273971572707,0.0],[-79.48551323844323,-2.629868456196611,0.0],[-79.48528300325637,-2.629868175289336,0.0],[-79.48528257565988,-2.630222569948328,0.0]]],[[[-79.48474244114128,-2.630681471164878,0.0],[-79.48474233892377,-2.63076613758029,0.0],[-79.48480582483165,-2.630681548554312,0.0],[-79.48474244114128,-2.630681471164878,0.0]]],[[[-79.48447232358644,-2.630952459813307,0.0],[-79.48447220538247,-2.631050339944055,0.0],[-79.48457800664872,-2.630952588883374,0.0],[-79.48447232358644,-2.630952459813307,0.0]]]]}},{"type":"Feature","properties":{"FID_tr_200":7,"FID_2000_d":2,"cov_gen":"FOREST","FID_2022_d":0,"cov_gen_1":"AGRO","old_gen":"FOREST","new_gen":"AGRO","area_ha":138.392595497,"trans":"FOREST → AGRO","trans_grp":"PÉRDIDA_BOSQUE","FID_cacao_":100,"fcode":"EA010","descr":"PRODUCTO AGRICOLA, RESULTADO DE UN CONJUNTO DE TECNICAS Y CONOCIMIENTOS PARA CULTIVAR LA TIERRA","DPA_DESPRO":"AZUAY","DPA_DESCAN":"CUENCA","niv1":"TIERRA AGROPECUARIA","niv2":"CULTIVO","niv3":"CULTIVO PERMANENTE","niv4":"FRUTALES","niv5":"CACAO","LULC_std":"Cacao","label":"Cacao","cbt":"CACAO","uso":"AGRICOLA","tmp":"CULTIVO PERMANENTE","nal":"NO APLICABLE","tap":"MEDIANA","rie":"SI","spr":"MERCANTIL","sce":138.392595497,"usce":"HECTAREAS","txt":"EL CODIGO (fcode) Y LA DESCRIPCION (descr) CORRESPONDEN A LOS OBJETOS GEOGRAFICOS DEL ATRIBUTO niv2","simbologia":"CPuc: Cacao","SHAPE_Leng":8662.37552225,"apt_uso":1,"cob_suelo":"Cacao","cacao_sys":"Cacao_alim_con50b","observ":null,"cob_label":"Cacao próximo a cultivos alimentarios"},"geometry":{"type":"Polygon","coordinates":[[[-79.47003282861618,-2.60757259866404,0.0],[-79.45230925925136,-2.607572030903935,0.0],[-79.4515058111338,-2.607824987686554,0.0],[-79.4509170177102,-2.608105362564943,0.0],[-79.4521461877573,-2.608874137887114,0.0],[-79.45207115581432,-2.609306674073601,0.0],[-79.4524466214277,-2.609689994076397,0.0],[-79.45248110396693,-2.610028225753604,0.0],[-79.45208900791135,-2.610273406776953,0.0],[-79.45204604540689,-2.610383424068774,0.0],[-79.45232132058024,-2.611042881712535,0.0],[-79.45202371432363,-2.611132358161805,0.0],[-79.45184986422299,-2.610958174281368,0.0],[-79.45175546983494,-2.611597434236574,0.0],[-79.45163020384408,-2.611884421054843,0.0],[-79.45162994005607,-2.612099776529615,0.0],[-79.45171899644707,-2.612237475820189,0.0],[-79.45219480332355,-2.612285922362752,0.0],[-79.45243875849796,-2.612226403256794,0.0],[-79.45240988100933,-2.611520476815349,0.0],[-79.45280832365141,-2.611598737818031,0.0],[-79.45313335473539,-2.611262709980681,0.0],[-79.453571495931,-2.612084234760655,0.0],[-79.45367138670532,-2.612117857576064,0.0],[-79.45388633101841,-2.611931402927757,0.0],[-79.45426585733077,-2.612415306367025,0.0],[-79.45481785458776,-2.612787105175054,0.0],[-79.4548926844896,-2.613492864922386,0.0],[-79.45539147900129,-2.614201765552461,0.0],[-79.45637955489332,-2.613392627278071,0.0],[-79.45659140216476,-2.61360084839073,0.0],[-79.45697154960324,-2.614048781727088,0.0],[-79.45648097355918,-2.614402317557126,0.0],[-79.4569444552539,-2.615337416131066,0.0],[-79.45763772584002,-2.615055799499964,0.0],[-79.45789971631316,-2.614840765823456,0.0],[-79.45822097848014,-2.614799287803864,0.0],[-79.45835719929451,-2.6152840096676,0.0],[-79.45851177672985,-2.615350003558599,0.0],[-79.45880285179004,-2.615673398210591,0.0],[-79.45883813331017,-2.616008442016922,0.0],[-79.45903415846092,-2.616230023130412,0.0],[-79.45920348875224,-2.61619953018296,0.0],[-79.45928584719128,-2.616329441802612,0.0],[-79.45936101205555,-2.616254035683605,0.0],[-79.45973925869575,-2.616311931968764,0.0],[-79.45986069231628,-2.616240295413597,0.0],[-79.46022460169746,-2.616348423301601,0.0],[-79.46041027803257,-2.616276866855877,0.0],[-79.46065290188639,-2.616334594644707,0.0],[-79.46076656747834,-2.616779806313695,0.0],[-79.46095920727082,-2.616851829553039,0.0],[-79.46114508507753,-2.61661516597014,0.0],[-79.4615444570328,-2.616909979896405,0.0],[-79.4616730642251,-2.616809638648546,0.0],[-79.4617519068698,-2.616544128675035,0.0],[-79.46193761043513,-2.616451035865668,0.0],[-79.46242302402595,-2.616430098900997,0.0],[-79.46293720844683,-2.616229731710673,0.0],[-79.46342952284428,-2.614775081001028,0.0],[-79.46351894926175,-2.611920626624829,0.0],[-79.46886991808529,-2.614007234527397,0.0],[-79.469402516838,-2.61349553933235,0.0],[-79.46974198089205,-2.61291398091546,0.0],[-79.4697048864708,-2.611464742544174,0.0],[-79.47005783931257,-2.610733885475709,0.0],[-79.47011908120604,-2.610435783285225,0.0],[-79.46998372687123,-2.609479587924907,0.0],[-79.47003282861618,-2.60757259866404,0.0]],[[-79.4557297239147,-2.610971834293697,0.0],[-79.45605736410191,-2.611551309159588,0.0],[-79.45635686833891,-2.611790964402729,0.0],[-79.45727509929834,-2.611950026062624,0.0],[-79.45737610266,-2.611894549213664,0.0],[-79.45732578235608,-2.611362044736711,0.0],[-79.45757368067024,-2.610990208412411,0.0],[-79.4576512865644,-2.611310754493731,0.0],[-79.45760761255255,-2.611461695640027,0.0],[-79.45773558064354,-2.611885389178005,0.0],[-79.45804641119129,-2.612099796972786,0.0],[-79.45827716445696,-2.612627842252992,0.0],[-79.45865353860631,-2.612940725231178,0.0],[-79.45864509362445,-2.613340170504413,0.0],[-79.45880526113594,-2.613699296567274,0.0],[-79.45881896285776,-2.614449304952689,0.0],[-79.45866978708294,-2.614522857987749,0.0],[-79.45852573970316,-2.613657075928536,0.0],[-79.45822687103039,-2.612895779963706,0.0],[-79.45787082845766,-2.612536027901595,0.0],[-79.4577665695382,-2.612812657896047,0.0],[-79.4576094546732,-2.612877071329852,0.0],[-79.45738827699728,-2.612794244312018,0.0],[-79.45685011123636,-2.612176224047793,0.0],[-79.4564456733977,-2.612212393728071,0.0],[-79.45623984633914,-2.612146756200533,0.0],[-79.45566200863607,-2.612349860395555,0.0],[-79.45513458652664,-2.611219955415954,0.0],[-79.45446456868383,-2.610439058474985,0.0],[-79.45455037642833,-2.610314735943216,0.0],[-79.45553596833209,-2.609866097080488,0.0],[-79.45575465044159,-2.610043438049937,0.0],[-79.45613377863488,-2.610569867345995,0.0],[-79.4557297239147,-2.610971834293697,0.0]]]}},{"type":"Feature","properties":{"FID_tr_200":7,"FID_2000_d":2,"cov_gen":"FOREST","FID_2022_d":0,"cov_gen_1":"AGRO","old_gen":"FOREST","new_gen":"AGRO","area_ha":576.71074895,"trans":"FOREST → AGRO","trans_grp":"PÉRDIDA_BOSQUE","FID_cacao_":101,"fcode":"EA010","descr":"PRODUCTO AGRICOLA, RESULTADO DE UN CONJUNTO DE TECNICAS Y CONOCIMIENTOS PARA CULTIVAR LA TIERRA","DPA_DESPRO":"AZUAY","DPA_DESCAN":"CUENCA","niv1":"TIERRA AGROPECUARIA","niv2":"CULTIVO","niv3":"CULTIVO PERMANENTE","niv4":"FRUTALES","niv5":"CACAO","LULC_std":"Cacao","label":"Cacao","cbt":"CACAO","uso":"AGRICOLA","tmp":"CULTIVO PERMANENTE","nal":"NO APLICABLE","tap":"MEDIANA","rie":"NO","spr":"MERCANTIL","sce":606.636801998,"usce":"HECTAREAS","txt":"EL CODIGO (fcode) Y LA DESCRIPCION (descr) CORRESPONDEN A LOS OBJETOS GEOGRAFICOS DEL ATRIBUTO niv2","simbologia":"CPuc: Cacao","SHAPE_Leng":32787.3337605,"apt_uso":1,"cob_suelo":"Cacao","cacao_sys":"Cacao_alim_sin50b","observ":null,"cob_label":"Cacao sin cultivos alimentarios próximos"},"geometry":{"type":"MultiPolygon","coordinates":[[[[-79.4073762658675,-2.549595463915381,0.0],[-79.4076730870903,-2.550437980509346,0.0],[-79.40679682385161,-2.551030303899448,0.0],[-79.4075788154561,-2.551976446964287,0.0],[-79.40466162315491,-2.553841570526175,0.0],[-79.40688460746301,-2.557021977732275,0.0],[-79.40709977521483,-2.557067341368,0.0],[-79.40726473242006,-2.557462727498757,0.0],[-79.40663627563946,-2.557749078232377,0.0],[-79.40723756146944,-2.559799376146989,0.0],[-79.40580713406285,-2.56064884039152,0.0],[-79.40605652478978,-2.561002482031267,0.0],[-79.407406481551,-2.56215271290617,0.0],[-79.4074425849933,-2.563741575149774,0.0],[-79.40776563401245,-2.5641631120355,0.0],[-79.40898333010014,-2.564528339561434,0.0],[-79.40917163067262,-2.566174821291586,0.0],[-79.40911835151897,-2.566193149414438,0.0],[-79.40930823733589,-2.566719334883574,0.0],[-79.40914138256963,-2.56697037011708,0.0],[-79.4088677161122,-2.567017883027851,0.0],[-79.40874278515867,-2.566923405173314,0.0],[-79.40874256659568,-2.567100074137889,0.0],[-79.40928210001415,-2.567100749173314,0.0],[-79.40928176445368,-2.567372057817752,0.0],[-79.40955153127311,-2.567372395285417,0.0],[-79.40955186677675,-2.567101086605271,0.0],[-79.41009140040869,-2.567101761297673,0.0],[-79.41009173576306,-2.566830452544914,0.0],[-79.41063126942355,-2.566831126937259,0.0],[-79.41063093418288,-2.567102435761392,0.0],[-79.41117046809926,-2.567103109996427,0.0],[-79.41116979773865,-2.567645727783796,0.0],[-79.41170933202457,-2.5676464019328,0.0],[-79.4117089969047,-2.567917710896011,0.0],[-79.41197876415782,-2.567918047920392,0.0],[-79.4119780939252,-2.568460665914544,0.0],[-79.41224786132759,-2.56846100295303,0.0],[-79.41224752621488,-2.56873231198393,0.0],[-79.41197775875561,-2.568731974909797,0.0],[-79.41197708830987,-2.569274592896739,0.0],[-79.41143755327036,-2.569273918434222,0.0],[-79.41143688245494,-2.569816536273741,0.0],[-79.41116711487467,-2.569816198885322,0.0],[-79.4111664438033,-2.570358816648728,0.0],[-79.41097339839594,-2.570358575127809,0.0],[-79.41107061532117,-2.570437784322153,0.0],[-79.41062650469134,-2.570684506289947,0.0],[-79.4106262370805,-2.570900759173371,0.0],[-79.41089600481736,-2.570901096818965,0.0],[-79.41089533334781,-2.571443714501395,0.0],[-79.4100860299023,-2.571442701178746,0.0],[-79.41008569394337,-2.571714009911134,0.0],[-79.40975003524075,-2.571713589439785,0.0],[-79.41037289886563,-2.572129612851708,0.0],[-79.41134318942706,-2.572475391523402,0.0],[-79.41172862159844,-2.57247587399567,0.0],[-79.41221367856059,-2.572720546449735,0.0],[-79.41238460936033,-2.573022253864718,0.0],[-79.41218436421013,-2.573337853560257,0.0],[-79.4112279033488,-2.573351012803755,0.0],[-79.4111703756903,-2.57369550354888,0.0],[-79.41141266460727,-2.574011657198828,0.0],[-79.41138375848652,-2.574298757585336,0.0],[-79.41069809995355,-2.574656817916738,0.0],[-79.41078673018366,-2.575311709424495,0.0],[-79.41024729198797,-2.575572696210245,0.0],[-79.41022315893095,-2.575847837633161,0.0],[-79.40967267764444,-2.576251817122082,0.0],[-79.40928374362552,-2.575545165777359,0.0],[-79.40908481554973,-2.57479836324424,0.0],[-79.40971340873296,-2.574411518096938,0.0],[-79.40959952724383,-2.574152952466134,0.0],[-79.40880048629123,-2.573850458030658,0.0],[-79.40828654160117,-2.573878526660283,0.0],[-79.40817205384758,-2.574108091166038,0.0],[-79.40818559850827,-2.574696737225247,0.0],[-79.40797134525027,-2.574796965538299,0.0],[-79.40768603579662,-2.574638681991341,0.0],[-79.40750074305522,-2.57440874115876,0.0],[-79.40730096031947,-2.574351063213555,0.0],[-79.40701524188235,-2.574522985360876,0.0],[-79.40652984776257,-2.574551088953813,0.0],[-79.40630160391068,-2.57442159135213,0.0],[-79.40613058676482,-2.574191667528984,0.0],[-79.40568823273422,-2.574047544023846,0.0],[-79.40549666374639,-2.574108580544567,0.0],[-79.40549593761703,-2.574692646698959,0.0],[-79.40495640200811,-2.574691968057859,0.0],[-79.40495606453909,-2.574963276096554,0.0],[-79.40441652895885,-2.574962597154468,0.0],[-79.40473057779336,-2.575022599742962,0.0],[-79.40518692126213,-2.575396450084409,0.0],[-79.40578657077324,-2.575325420694664,0.0],[-79.4058003818172,-2.57569871434615,0.0],[-79.40605681910478,-2.576115383449777,0.0],[-79.40625592252123,-2.576718618210557,0.0],[-79.40714122155583,-2.576533093798725,0.0],[-79.40808344336651,-2.576491207735162,0.0],[-79.4085547594369,-2.576305160989325,0.0],[-79.40915398338018,-2.576578692968133,0.0],[-79.40918221308094,-2.576837150249879,0.0],[-79.40909790935903,-2.577114484063828,0.0],[-79.4090083781273,-2.576958964920619,0.0],[-79.40874679838323,-2.576850960170813,0.0],[-79.40848492150458,-2.576982235019674,0.0],[-79.40854370339179,-2.57754461742236,0.0],[-79.4084483113663,-2.577723956639287,0.0],[-79.40812699843266,-2.57781926512995,0.0],[-79.40738942667548,-2.57783030155869,0.0],[-79.40709215854238,-2.577722251560358,0.0],[-79.40646174137173,-2.577661638508007,0.0],[-79.40623553713228,-2.577804922239062,0.0],[-79.40622329882073,-2.578080077985393,0.0],[-79.40707919121847,-2.578583642278199,0.0],[-79.40725745395522,-2.578727435018191,0.0],[-79.40728103741722,-2.578894959863135,0.0],[-79.40700721945574,-2.579062111357115,0.0],[-79.40602969107461,-2.579341180168754,0.0],[-79.4060292709127,-2.57967858228114,0.0],[-79.40618543662328,-2.5798267712263,0.0],[-79.40602877355343,-2.580077918864737,0.0],[-79.40602838382146,-2.580390796677544,0.0],[-79.40575861472922,-2.580390456748812,0.0],[-79.40575827668239,-2.5806617648696,0.0],[-79.40548850756869,-2.580661424847607,0.0],[-79.40548816942906,-2.580932732931463,0.0],[-79.40521840029385,-2.580932392816199,0.0],[-79.40521772379326,-2.581475008908647,0.0],[-79.40575726232797,-2.581475689224881,0.0],[-79.40575624765259,-2.582289613569249,0.0],[-79.40521670877484,-2.582288933038237,0.0],[-79.40521637036403,-2.582560241079011,0.0],[-79.40500409921397,-2.582732528126163,0.0],[-79.40474183174942,-2.583174864833579,0.0],[-79.40444421976176,-2.583341984041404,0.0],[-79.40422966339854,-2.582558995799868,0.0],[-79.40359775424398,-2.582558197890837,0.0],[-79.403597076629,-2.58310081353897,0.0],[-79.4027877687078,-2.583099790953348,0.0],[-79.40278810770474,-2.582828483237437,0.0],[-79.40078408090085,-2.582825949123432,0.0],[-79.40064909512883,-2.58355253791798,0.0],[-79.40074373932256,-2.583971395183276,0.0],[-79.40062824139703,-2.584195273467904,0.0],[-79.4006279180145,-2.584453598653418,0.0],[-79.40116745659314,-2.58445428171411,0.0],[-79.40116779611208,-2.584182974219465,0.0],[-79.40170733471932,-2.584183656978157,0.0],[-79.40170699531483,-2.584454964544577,0.0],[-79.40197676472931,-2.584455305873475,0.0],[-79.40197710407656,-2.584183998271177,0.0],[-79.40224687346958,-2.584184339506646,0.0],[-79.40224653417954,-2.584455647144816,0.0],[-79.40278607318719,-2.584456329514829,0.0],[-79.40278573397589,-2.584727637223451,0.0],[-79.40305550359056,-2.584727978357976,0.0],[-79.40305482517526,-2.585270593843443,0.0],[-79.40332459494012,-2.585270934992101,0.0],[-79.40332425573614,-2.585542242768838,0.0],[-79.40359402559396,-2.585542583895764,0.0],[-79.40359334719336,-2.586085199517351,0.0],[-79.40370837121337,-2.586085344979454,0.0],[-79.40413007994223,-2.585693683942798,0.0],[-79.40431614357047,-2.585306286433188,0.0],[-79.40424541266923,-2.58478935377637,0.0],[-79.4049026878161,-2.584302053215605,0.0],[-79.40514606799377,-2.58374244680115,0.0],[-79.40556885054855,-2.583145167479408,0.0],[-79.40579131802056,-2.583358021095157,0.0],[-79.40612451433314,-2.583274693877607,0.0],[-79.40653274491616,-2.582538914141298,0.0],[-79.4064464849543,-2.582652972973596,0.0],[-79.40620874150775,-2.58250910484839,0.0],[-79.40624483287436,-2.582186123095116,0.0],[-79.40682897894366,-2.581193848792671,0.0],[-79.40712682863752,-2.580835304226661,0.0],[-79.40825747934076,-2.580417988541392,0.0],[-79.40884018077975,-2.580586216867586,0.0],[-79.40869709947306,-2.580849245440074,0.0],[-79.40841137010884,-2.581028345919843,0.0],[-79.40792356994473,-2.581075587242389,0.0],[-79.40750656543847,-2.581589514328982,0.0],[-79.40775510257828,-2.582618729773135,0.0],[-79.4079331720333,-2.582918053964413,0.0],[-79.40824213172903,-2.583053960089185,0.0],[-79.40864708906886,-2.582799313077942,0.0],[-79.40859987666225,-2.582500153643517,0.0],[-79.40865977425477,-2.582165237593218,0.0],[-79.4089216376405,-2.582045927170436,0.0],[-79.4092783578737,-2.582177979905504,0.0],[-79.40969499042428,-2.581963152504243,0.0],[-79.40981448731,-2.581532598740829,0.0],[-79.41014796510672,-2.581221954005613,0.0],[-79.41048107110271,-2.581210407979023,0.0],[-79.4107539838186,-2.581773060079711,0.0],[-79.41095600970242,-2.581940809454482,0.0],[-79.41120602173525,-2.581785591999444,0.0],[-79.41157560430368,-2.581139999239678,0.0],[-79.41179001736526,-2.580912952885577,0.0],[-79.41181409146596,-2.580685666580055,0.0],[-79.41148143100926,-2.580338292204262,0.0],[-79.41144629176397,-2.579895579830155,0.0],[-79.41104234321175,-2.579476332131176,0.0],[-79.4111974088984,-2.579141534930333,0.0],[-79.4117926452298,-2.578795325248028,0.0],[-79.41204351686267,-2.577946195615305,0.0],[-79.41232926009893,-2.57775512973898,0.0],[-79.41304418652561,-2.577508060700465,0.0],[-79.41312620146829,-2.577835090542806,0.0],[-79.41386322701193,-2.578266718839184,0.0],[-79.41375515385393,-2.579080136959879,0.0],[-79.41355249001947,-2.579426839981762,0.0],[-79.41333812288987,-2.579617995505745,0.0],[-79.41333763343395,-2.580012807260547,0.0],[-79.41346816444833,-2.580276180105447,0.0],[-79.4143356482147,-2.58103100120819,0.0],[-79.41438284742176,-2.581342125069578,0.0],[-79.4141325981517,-2.581688767479575,0.0],[-79.41379922346646,-2.581915666071572,0.0],[-79.41334706615514,-2.581998847466162,0.0],[-79.41332291791105,-2.58228595308827,0.0],[-79.41352469204065,-2.582657091016396,0.0],[-79.41391744302591,-2.582514015907214,0.0],[-79.41445259242055,-2.582658255317164,0.0],[-79.41476211515862,-2.582479183014473,0.0],[-79.41475070865847,-2.582084356085225,0.0],[-79.41488215946515,-2.581605959454662,0.0],[-79.4151203791988,-2.581366977300163,0.0],[-79.41611944876126,-2.581535725777038,0.0],[-79.4165291506348,-2.581026864372305,0.0],[-79.41663747249233,-2.581099686639349,0.0],[-79.41676795994277,-2.581398951173109,0.0],[-79.41706518653329,-2.581542892383672,0.0],[-79.41762343295326,-2.582249469418997,0.0],[-79.41859965957372,-2.581652488094655,0.0],[-79.41905172882414,-2.581641089507375,0.0],[-79.41941914985595,-2.58274224220843,0.0],[-79.4196808658644,-2.582742569460198,0.0],[-79.42025243083742,-2.582300613838316,0.0],[-79.42062125717857,-2.582265182114496,0.0],[-79.42103719485358,-2.582612659949437,0.0],[-79.42131095569941,-2.582493361160549,0.0],[-79.4212757541988,-2.582098502423122,0.0],[-79.42108571058625,-2.581858984558663,0.0],[-79.42022958379987,-2.581534884810681,0.0],[-79.42030143359065,-2.581152124766918,0.0],[-79.42056332754538,-2.581008883388699,0.0],[-79.42102721915208,-2.581057319065664,0.0],[-79.42138382439855,-2.581285080891516,0.0],[-79.42164502361803,-2.581704149545295,0.0],[-79.42218007227478,-2.581932134976461,0.0],[-79.42244208363483,-2.581693180324379,0.0],[-79.42256137032031,-2.581430119729996,0.0],[-79.42293028525,-2.581322902931582,0.0],[-79.42359604502035,-2.581670691683676,0.0],[-79.42410712462238,-2.582042214426981,0.0],[-79.42466657083598,-2.581779701954638,0.0],[-79.4249759313124,-2.581732230788353,0.0],[-79.42499787395418,-2.581666299686466,0.0],[-79.42499776602249,-2.564493201142494,0.0],[-79.42455111144334,-2.564392150266399,0.0],[-79.42418030682661,-2.564104552885845,0.0],[-79.42400215595578,-2.563867443486658,0.0],[-79.42400293769568,-2.563228562190458,0.0],[-79.42378168897663,-2.563213931505813,0.0],[-79.4235959697398,-2.563328557512898,0.0],[-79.4232600272488,-2.563715777088396,0.0],[-79.42323844788928,-2.563852141073909,0.0],[-79.4230599193265,-2.563923704312279,0.0],[-79.42249654815004,-2.563513835344287,0.0],[-79.42225384233626,-2.563535069496253,0.0],[-79.42198240233115,-2.563707016378858,0.0],[-79.42172509582166,-2.563993835545794,0.0],[-79.4215888297313,-2.564524871247592,0.0],[-79.4215668012637,-2.565027334838688,0.0],[-79.42148082423287,-2.565292830499248,0.0],[-79.42128791459267,-2.565450516593752,0.0],[-79.42082388931173,-2.565514547082362,0.0],[-79.41994651732338,-2.565061215882118,0.0],[-79.41978948913855,-2.565061020912641,0.0],[-79.41966085363885,-2.565190073681486,0.0],[-79.41943880287707,-2.565828678748904,0.0],[-79.41958079674174,-2.566446200304778,0.0],[-79.41912351245958,-2.566833267621349,0.0],[-79.41855230858673,-2.566990482645894,0.0],[-79.41836658067389,-2.567112285209359,0.0],[-79.41818082535057,-2.567255622487154,0.0],[-79.41808058093655,-2.567513921667876,0.0],[-79.41824392521768,-2.568181719008565,0.0],[-79.41852180700208,-2.56857687820045,0.0],[-79.41837130707765,-2.569072003050054,0.0],[-79.4179426778162,-2.569372962902165,0.0],[-79.41787818337046,-2.569581057087677,0.0],[-79.4178776795352,-2.569990227488878,0.0],[-79.41813397107336,-2.570528928354187,0.0],[-79.41807618040129,-2.571088774614804,0.0],[-79.41798317850774,-2.571260940708862,0.0],[-79.41776895226992,-2.571339636758248,0.0],[-79.41707637070213,-2.571525412121819,0.0],[-79.41694795531573,-2.571475003557754,0.0],[-79.41769087128124,-2.570987795775612,0.0],[-79.41770532342065,-2.570844245494076,0.0],[-79.41786250247947,-2.570722407838195,0.0],[-79.41786280311008,-2.570478342097212,0.0],[-79.41762808327341,-2.56981045576247,0.0],[-79.41792153935434,-2.569150405247091,0.0],[-79.41823571833888,-2.569050298568649,0.0],[-79.41837193422896,-2.568562334858965,0.0],[-79.41800139556061,-2.568059383657598,0.0],[-79.41791656555988,-2.567391684068786,0.0],[-79.41805247198113,-2.567154964981683,0.0],[-79.41834543220529,-2.566896905484166,0.0],[-79.41871681822579,-2.566710728443067,0.0],[-79.41925270481332,-2.566251974799487,0.0],[-79.41939662082089,-2.565304600254211,0.0],[-79.41957545798704,-2.564981792949585,0.0],[-79.42006804997762,-2.564903441451652,0.0],[-79.42063148171361,-2.565263062935241,0.0],[-79.42095258646664,-2.565335245687896,0.0],[-79.42115964803601,-2.565278075196725,0.0],[-79.42136697371646,-2.565005551247224,0.0],[-79.42146069603623,-2.564244753199075,0.0],[-79.42181118691244,-2.56363501988342,0.0],[-79.42223987488178,-2.563283806650458,0.0],[-79.42311054130691,-2.563385384002832,0.0],[-79.42331757626981,-2.563349747723789,0.0],[-79.42378189977737,-2.563041649292126,0.0],[-79.4241315727118,-2.563099509490617,0.0],[-79.4242306912871,-2.563760049325278,0.0],[-79.42437309311595,-2.564047363989292,0.0],[-79.42471549663111,-2.564212892260915,0.0],[-79.42499776296171,-2.564166360750541,0.0],[-79.42499773838637,-2.561947585430628,0.0],[-79.42406128382092,-2.562573787259132,0.0],[-79.42299060666686,-2.561165010802879,0.0],[-79.42140454630666,-2.558559203689799,0.0],[-79.42213255383744,-2.558307737266364,0.0],[-79.42316158685075,-2.558132352466626,0.0],[-79.42338586111707,-2.557114946716873,0.0],[-79.41975090550704,-2.556512984991839,0.0],[-79.41860887174248,-2.554889423802211,0.0],[-79.41581439185188,-2.556821735140296,0.0],[-79.41546829402714,-2.5573580832777,0.0],[-79.4133541652373,-2.558504003090431,0.0],[-79.40935583655467,-2.552660933518353,0.0],[-79.4085588818723,-2.551345457866727,0.0],[-79.41102408189055,-2.549523308898443,0.0],[-79.41094886427287,-2.548776660832463,0.0],[-79.41073989671459,-2.548450980473099,0.0],[-79.41058826474541,-2.547933947187743,0.0],[-79.40997234937198,-2.547858411015691,0.0],[-79.4099411080086,-2.547952285932256,0.0],[-79.40748374280575,-2.549633764434344,0.0],[-79.4073762658675,-2.549595463915381,0.0]],[[-79.41697460535292,-2.574943412954164,0.0],[-79.41656047993419,-2.575057750341459,0.0],[-79.41604693996493,-2.57475561473916,0.0],[-79.41557592553545,-2.574697598951438,0.0],[-79.4152761090877,-2.574725937870428,0.0],[-79.41510444990602,-2.575012860410212,0.0],[-79.41463289582839,-2.575040165051477,0.0],[-79.41465001244973,-2.574633051824679,0.0],[-79.41445980824138,-2.574525138395109,0.0],[-79.41399531301646,-2.574967226312281,0.0],[-79.41353145492542,-2.574894861926837,0.0],[-79.41338932297403,-2.574392195211178,0.0],[-79.41359272583634,-2.573447291140249,0.0],[-79.41352167499365,-2.573183993986737,0.0],[-79.4131668453705,-2.572807140757984,0.0],[-79.41330870886331,-2.572627381140211,0.0],[-79.41379394398687,-2.572728485418824,0.0],[-79.41440710756574,-2.573274811319171,0.0],[-79.41497783521986,-2.573505233494586,0.0],[-79.4155065529621,-2.573075189643905,0.0],[-79.41553568844242,-2.572601449370922,0.0],[-79.41577851056812,-2.572486898030491,0.0],[-79.41639167463127,-2.573033223426318,0.0],[-79.41721900482716,-2.573551103358543,0.0],[-79.41761820015861,-2.573967949426319,0.0],[-79.4174464538401,-2.574326656699395,0.0],[-79.41697460535292,-2.574943412954164,0.0]]],[[[-79.40058865224427,-2.565245227414727,0.0],[-79.40060671059085,-2.566030085150918,0.0],[-79.39988346207907,-2.566010033978888,0.0],[-79.39853082303573,-2.56702287328748,0.0],[-79.39740759359567,-2.567472361351057,0.0],[-79.39748085126989,-2.567624533298362,0.0],[-79.39742099885231,-2.567923555373233,0.0],[-79.39721835076246,-2.56825829044568,0.0],[-79.3973844615002,-2.568605453337244,0.0],[-79.3975984685538,-2.56870143505334,0.0],[-79.39830010483595,-2.568881778689104,0.0],[-79.39859765258113,-2.568762514261016,0.0],[-79.39875221083476,-2.568834492505268,0.0],[-79.39884710961033,-2.569049963453711,0.0],[-79.39910865716485,-2.569181896233915,0.0],[-79.39952501470104,-2.569182420758308,0.0],[-79.40041756900119,-2.56889640964977,0.0],[-79.40053676679894,-2.568705136589929,0.0],[-79.40104872407912,-2.568358825872477,0.0],[-79.40119201081933,-2.567928303782515,0.0],[-79.4028696827187,-2.567655241951156,0.0],[-79.40384066885424,-2.567656461382245,0.0],[-79.40390418488379,-2.568015460368711,0.0],[-79.40314273957108,-2.568098251491446,0.0],[-79.4025479858723,-2.568061612834039,0.0],[-79.40238127957247,-2.568193006766766,0.0],[-79.40227310042201,-2.56909016727447,0.0],[-79.40252272233474,-2.569246013056209,0.0],[-79.40258196425948,-2.569437510828214,0.0],[-79.40241501879129,-2.569760327624316,0.0],[-79.40239095941445,-2.569975648204929,0.0],[-79.40247534558077,-2.570155395607485,0.0],[-79.40208081881683,-2.5706548116233,0.0],[-79.401738285898,-2.570596953684338,0.0],[-79.40126700876085,-2.570754284318141,0.0],[-79.4007241771219,-2.571055092592039,0.0],[-79.40025248850412,-2.571542627317731,0.0],[-79.40022352677157,-2.5718727950806,0.0],[-79.40039456020281,-2.572088362165216,0.0],[-79.40047971018035,-2.572490458229812,0.0],[-79.400265224963,-2.57277732199641,0.0],[-79.40019349122299,-2.573064366587395,0.0],[-79.40025023387885,-2.573351573180593,0.0],[-79.40062081633312,-2.573811456071708,0.0],[-79.40072609110221,-2.573872715397639,0.0],[-79.40145043844701,-2.573873628574894,0.0],[-79.40145077651421,-2.573602320997375,0.0],[-79.40171875406823,-2.573602658693541,0.0],[-79.401720881583,-2.573331353333948,0.0],[-79.40184015321083,-2.57333150360178,0.0],[-79.40186358100586,-2.573152611781459,0.0],[-79.4021920388045,-2.572965805730924,0.0],[-79.40218485718293,-2.573086018733426,0.0],[-79.40244643496509,-2.57319402311312,0.0],[-79.40381498172754,-2.572788971395816,0.0],[-79.40363275425678,-2.572248527526951,0.0],[-79.40253153376621,-2.572247141834951,0.0],[-79.40253119610564,-2.572518449561959,0.0],[-79.40226142913198,-2.572518109926272,0.0],[-79.40226176684952,-2.57224680223513,0.0],[-79.40199199996856,-2.572246462578024,0.0],[-79.40199335070912,-2.571161231945,0.0],[-79.4022631173623,-2.571161571458619,0.0],[-79.4022627797877,-2.571432879154531,0.0],[-79.40307208013245,-2.571433897459405,0.0],[-79.4030737667941,-2.570077358429883,0.0],[-79.4033435333625,-2.570077697571071,0.0],[-79.40334387053078,-2.569806389725716,0.0],[-79.40361363707797,-2.569806728773826,0.0],[-79.40361397415361,-2.569535420891396,0.0],[-79.40388374067962,-2.569535759846442,0.0],[-79.40388407766267,-2.569264451927044,0.0],[-79.40415384416748,-2.569264790789036,0.0],[-79.40415418105795,-2.568993482832576,0.0],[-79.40469371406085,-2.568994160313267,0.0],[-79.40469336059057,-2.569278915999592,0.0],[-79.40512810413694,-2.569117682513761,0.0],[-79.40540157865179,-2.569225700872016,0.0],[-79.40528985167195,-2.570080142717571,0.0],[-79.40577143408443,-2.570080747266133,0.0],[-79.40577109739267,-2.570352055432659,0.0],[-79.40598392055433,-2.570352322567614,0.0],[-79.40623352567823,-2.5698488717319,0.0],[-79.40678096418117,-2.569670098600545,0.0],[-79.40691167170412,-2.56978990244123,0.0],[-79.40682786592821,-2.57022050084947,0.0],[-79.40688678212202,-2.57067520679984,0.0],[-79.40711934891985,-2.570824459117278,0.0],[-79.40711959621719,-2.570625056227436,0.0],[-79.4076591306874,-2.570625732878495,0.0],[-79.40765879432281,-2.570897041293001,0.0],[-79.40791752205232,-2.570897365726374,0.0],[-79.40799308145434,-2.570700521870303,0.0],[-79.40771954681387,-2.570640358927786,0.0],[-79.40783883324664,-2.570377300915324,0.0],[-79.40861297842741,-2.569648467264051,0.0],[-79.40863708124212,-2.569397253594277,0.0],[-79.40855310565108,-2.56872769083293,0.0],[-79.40847078501973,-2.568727587740208,0.0],[-79.40847179263997,-2.567913662142709,0.0],[-79.40820202584915,-2.567913324374874,0.0],[-79.4082026975317,-2.567370707375328,0.0],[-79.40793807637553,-2.567370376064572,0.0],[-79.40795114779661,-2.567483331991059,0.0],[-79.40768875489908,-2.568033347079822,0.0],[-79.40741486512941,-2.568260320054628,0.0],[-79.40726014364242,-2.568319946155631,0.0],[-79.4071225273391,-2.568260425920312,0.0],[-79.40712195056865,-2.568725897792982,0.0],[-79.4068521837853,-2.568725559631917,0.0],[-79.40685252003559,-2.568454251315118,0.0],[-79.40550368693788,-2.568452559830599,0.0],[-79.40550402343689,-2.56818125169147,0.0],[-79.40523425698119,-2.568180913258764,0.0],[-79.40523492998594,-2.567638297048538,0.0],[-79.40540803450618,-2.567638514175745,0.0],[-79.40550484540232,-2.567518406927184,0.0],[-79.40550503271994,-2.567367327266922,0.0],[-79.40564054908597,-2.567367497202137,0.0],[-79.4061096609591,-2.567026296143257,0.0],[-79.40593493129492,-2.566974749151978,0.0],[-79.40652601463358,-2.566133225637907,0.0],[-79.40665969980948,-2.565769688371546,0.0],[-79.40666024488989,-2.565329413777221,0.0],[-79.40648922695209,-2.565099491592433,0.0],[-79.40595614595149,-2.565213677967454,0.0],[-79.40578351662153,-2.566285434583023,0.0],[-79.40545982796188,-2.566380740196603,0.0],[-79.40479424750808,-2.565901346444627,0.0],[-79.40464257320207,-2.56542259797842,0.0],[-79.40422433398363,-2.565020084011862,0.0],[-79.4041486744218,-2.564637142245427,0.0],[-79.40424410329734,-2.564426695813835,0.0],[-79.40460609506538,-2.564140013863925,0.0],[-79.40443503115749,-2.563948376003939,0.0],[-79.4030648578269,-2.563755234800834,0.0],[-79.40150375733114,-2.564040411177492,0.0],[-79.40095176281632,-2.56405885967759,0.0],[-79.40034245416663,-2.56424951823628,0.0],[-79.40034216878257,-2.564479225227455,0.0],[-79.40058865224427,-2.565245227414727,0.0]]],[[[-79.40847313563526,-2.566828427995929,0.0],[-79.40850068797292,-2.56682846247569,0.0],[-79.40847314797753,-2.5668184524426,0.0],[-79.40847313563526,-2.566828427995929,0.0]]],[[[-79.40412272896546,-2.573876993926606,0.0],[-79.40414811156833,-2.573877025865224,0.0],[-79.40414815693518,-2.573840557944471,0.0],[-79.40412272896546,-2.573876993926606,0.0]]]]}},{"type":"Feature","properties":{"FID_tr_200":7,"FID_2000_d":2,"cov_gen":"FOREST","FID_2022_d":0,"cov_gen_1":"AGRO","old_gen":"FOREST","new_gen":"AGRO","area_ha":1459.40894127,"trans":"FOREST → AGRO","trans_grp":"PÉRDIDA_BOSQUE","FID_cacao_":102,"fcode":"EA010","descr":"PRODUCTO AGRICOLA, RESULTADO DE UN CONJUNTO DE TECNICAS Y CONOCIMIENTOS PARA CULTIVAR LA TIERRA","DPA_DESPRO":"AZUAY","DPA_DESCAN":"CUENCA","niv1":"TIERRA AGROPECUARIA","niv2":"CULTIVO","niv3":"CULTIVO PERMANENTE","niv4":"FRUTALES","niv5":"CACAO","LULC_std":"Cacao","label":"Cacao","cbt":"CACAO","uso":"AGRICOLA","tmp":"CULTIVO PERMANENTE","nal":"NO APLICABLE","tap":"PEQUENA","rie":"SI","spr":"MERCANTIL","sce":1465.41187192,"usce":"HECTAREAS","txt":"EL CODIGO (fcode) Y LA DESCRIPCION (descr) CORRESPONDEN A LOS OBJETOS GEOGRAFICOS DEL ATRIBUTO niv2","simbologia":"CPuc: Cacao","SHAPE_Leng":59960.2144022,"apt_uso":1,"cob_suelo":"Cacao","cacao_sys":"Cacao_alim_con50b","observ":null,"cob_label":"Cacao próximo a cultivos alimentarios"},"geometry":{"type":"Polygon","coordinates":[[[-79.39749210132022,-2.516904945254852,0.0],[-79.39170249975825,-2.524604166388953,0.0],[-79.39170250038319,-2.529293751203895,0.0],[-79.39212214260769,-2.529303844893535,0.0],[-79.39249843607763,-2.528983681244003,0.0],[-79.3927412233475,-2.528888271902334,0.0],[-79.3928889636717,-2.528697033366225,0.0],[-79.39235702133811,-2.527901967908184,0.0],[-79.39238619483034,-2.52739473433605,0.0],[-79.39398911779027,-2.527880070443582,0.0],[-79.39432701575474,-2.527827849811952,0.0],[-79.3943974772134,-2.527612020265463,0.0],[-79.39449800086393,-2.527575023172018,0.0],[-79.39457694558217,-2.527727663824716,0.0],[-79.39474935069786,-2.527793679208008,0.0],[-79.39496316866418,-2.528039205899087,0.0],[-79.39511773770279,-2.528099217677408,0.0],[-79.39562334198456,-2.528063953860674,0.0],[-79.39565415013841,-2.528115129970573,0.0],[-79.3950637587406,-2.528464049901764,0.0],[-79.39499813520457,-2.528625481185252,0.0],[-79.39607902059929,-2.529936875198458,0.0],[-79.3968572958172,-2.531148180752429,0.0],[-79.39608893046363,-2.531552017902772,0.0],[-79.39493090728075,-2.530090977987292,0.0],[-79.39418805849505,-2.530480086663948,0.0],[-79.39319897604331,-2.529177465515926,0.0],[-79.39175029405791,-2.52987764871268,0.0],[-79.39149329685861,-2.529920399222769,0.0],[-79.3912892741424,-2.52965416921486,0.0],[-79.39095682566186,-2.529654170716764,0.0],[-79.38993171669321,-2.530636284578892,0.0],[-79.38925249033905,-2.529654176850036,0.0],[-79.38135968324782,-2.529654175013219,0.0],[-79.38156982800453,-2.531858038103938,0.0],[-79.38196749299932,-2.531672953374545,0.0],[-79.38215281404047,-2.531874179055202,0.0],[-79.38236570372464,-2.532865052642628,0.0],[-79.38225065170204,-2.533554026263098,0.0],[-79.38186448795643,-2.534156518813734,0.0],[-79.38157647961715,-2.536180438789529,0.0],[-79.38091809603193,-2.537586558991726,0.0],[-79.38067510478211,-2.537844671495388,0.0],[-79.38024668619555,-2.537987697787587,0.0],[-79.38018903349075,-2.538432679830291,0.0],[-79.38030303482753,-2.538590746635147,0.0],[-79.38030273088454,-2.538834807995919,0.0],[-79.37998752526813,-2.539767589787708,0.0],[-79.38016515774538,-2.5398124913252,0.0],[-79.38105298826136,-2.539434440770983,0.0],[-79.38118389129546,-2.539460092968519,0.0],[-79.38112381927164,-2.539870014073808,0.0],[-79.38086153274935,-2.540338665778221,0.0],[-79.3806108022963,-2.540455239017784,0.0],[-79.38024309136274,-2.540873370679846,0.0],[-79.38005662577359,-2.541590965018569,0.0],[-79.38011413286844,-2.542048050394524,0.0],[-79.37842809167805,-2.542565158643811,0.0],[-79.37783433500108,-2.542889575707229,0.0],[-79.37758074430164,-2.542870361549073,0.0],[-79.37721016784245,-2.54312590460095,0.0],[-79.37717484354688,-2.544030338829177,0.0],[-79.37725778413848,-2.54429364745144,0.0],[-79.37842885470992,-2.544208222779204,0.0],[-79.378449143438,-2.544120977726132,0.0],[-79.37896283709016,-2.544048189964952,0.0],[-79.37799360575853,-2.545658453406629,0.0],[-79.37792161786113,-2.546148879020812,0.0],[-79.37776655629855,-2.546483669374668,0.0],[-79.37780580109411,-2.54679389747011,0.0],[-79.37713538524687,-2.54704516968726,0.0],[-79.37661188792272,-2.547116289409842,0.0],[-79.3761599898907,-2.54700804328554,0.0],[-79.3760946948758,-2.546884538609281,0.0],[-79.37593246780163,-2.54694315010479,0.0],[-79.37567491156786,-2.547430946923593,0.0],[-79.3756419855021,-2.548338204028813,0.0],[-79.37612460982974,-2.548338815949947,0.0],[-79.37612426978328,-2.548610120238729,0.0],[-79.37558610678082,-2.548609437815649,0.0],[-79.37545418456217,-2.548904608192682,0.0],[-79.37531448515463,-2.549015241403938,0.0],[-79.37531431399141,-2.549151702298497,0.0],[-79.37519744295535,-2.549151554012837,0.0],[-79.37504421515287,-2.549422664152909,0.0],[-79.37477432767292,-2.549525119841773,0.0],[-79.37477411620144,-2.549693625876385,0.0],[-79.37450435770388,-2.549693283404964,0.0],[-79.37450401713708,-2.54996458746892,0.0],[-79.37423425861945,-2.549964244904229,0.0],[-79.37423391795983,-2.550235548930515,0.0],[-79.37396415942209,-2.550235206272539,0.0],[-79.37396381866962,-2.5505065102611,0.0],[-79.3734243015903,-2.550505824701759,0.0],[-79.37342396068853,-2.550777128616128,0.0],[-79.37322223760565,-2.550776872202827,0.0],[-79.37315404200977,-2.550904198480787,0.0],[-79.37315352012129,-2.551319393466834,0.0],[-79.37308538403065,-2.551319306828789,0.0],[-79.37288298286697,-2.5519382756697,0.0],[-79.37294661864303,-2.55266283986896,0.0],[-79.37255555087273,-2.553370598183093,0.0],[-79.37257414960237,-2.55371517912517,0.0],[-79.37218253856997,-2.554853632552488,0.0],[-79.37224852690262,-2.555351410560047,0.0],[-79.37288509803027,-2.55617532971038,0.0],[-79.3727889686116,-2.557144100677594,0.0],[-79.37312747665389,-2.557258062118259,0.0],[-79.37355573948021,-2.557244251341689,0.0],[-79.37395502972412,-2.55749421072128,0.0],[-79.37395597132554,-2.556746501669013,0.0],[-79.37422573122025,-2.556746845202983,0.0],[-79.37422709713132,-2.555661629205336,0.0],[-79.37503637635433,-2.555662659027776,0.0],[-79.37503569381107,-2.556205267247899,0.0],[-79.37530545373795,-2.556205610481174,0.0],[-79.37530511246841,-2.556476914625944,0.0],[-79.37557487248823,-2.556477257838765,0.0],[-79.37557453123895,-2.556748562018793,0.0],[-79.37584429135174,-2.556748905211147,0.0],[-79.37584395012274,-2.557020209426442,0.0],[-79.37611371032847,-2.557020552598319,0.0],[-79.37611268659342,-2.557834465346406,0.0],[-79.37584292621783,-2.557834122065158,0.0],[-79.37584258484353,-2.558105426275672,0.0],[-79.37557282444763,-2.558105082900999,0.0],[-79.37557248298036,-2.558376387073819,0.0],[-79.37530272256417,-2.558376043605711,0.0],[-79.37530238100392,-2.558647347740932,0.0],[-79.37503686624967,-2.558647009587034,0.0],[-79.3751234046859,-2.559284879920463,0.0],[-79.3750514518452,-2.559744198168009,0.0],[-79.37527921623318,-2.560246967929094,0.0],[-79.37522452319539,-2.560587987742407,0.0],[-79.37436595243102,-2.561872879837357,0.0],[-79.37426462855639,-2.561901855196763,0.0],[-79.37428338910802,-2.562374081760973,0.0],[-79.37445434932155,-2.562642289016079,0.0],[-79.37504379879097,-2.563102450978755,0.0],[-79.37635390487698,-2.563656444852795,0.0],[-79.37734413997622,-2.56523015643685,0.0],[-79.37783900513361,-2.565230787361369,0.0],[-79.37846862129885,-2.564025637397326,0.0],[-79.37862156234662,-2.563489852884152,0.0],[-79.3793453314039,-2.563088789611613,0.0],[-79.38016270122768,-2.563932082896013,0.0],[-79.38042854097922,-2.564430116982844,0.0],[-79.37966617458362,-2.565252257616049,0.0],[-79.38148735967192,-2.566809304268111,0.0],[-79.3816249176667,-2.56659470041487,0.0],[-79.38187235056931,-2.566595015235705,0.0],[-79.38221470977415,-2.5667868721375,0.0],[-79.38255752553802,-2.566615028274091,0.0],[-79.38271051430037,-2.566040958537343,0.0],[-79.38324443333302,-2.565256808861661,0.0],[-79.38554736925262,-2.565336301543851,0.0],[-79.38649556239409,-2.564898919889159,0.0],[-79.38673953185933,-2.565236402029864,0.0],[-79.38723479715111,-2.565515882784299,0.0],[-79.38663663524663,-2.569448067498184,0.0],[-79.38717897912838,-2.569530510592115,0.0],[-79.3876165071226,-2.569722487851726,0.0],[-79.38795867654693,-2.570067481920101,0.0],[-79.38841545477524,-2.570087204035742,0.0],[-79.38841535872217,-2.570163772877529,0.0],[-79.38927145533953,-2.570490276410256,0.0],[-79.3895760141533,-2.570471520182227,0.0],[-79.39001392481393,-2.570675461238862,0.0],[-79.39097213295462,-2.570307591118774,0.0],[-79.39102248476593,-2.570530780195249,0.0],[-79.39147897622064,-2.570780207309024,0.0],[-79.39258310925564,-2.570628468154569,0.0],[-79.39281576615588,-2.571030749878531,0.0],[-79.39357161122622,-2.571620330394601,0.0],[-79.39378748530414,-2.573050026051818,0.0],[-79.39443752361959,-2.573050848863285,0.0],[-79.39443703162478,-2.573444036703082,0.0],[-79.39497637699071,-2.573594144976835,0.0],[-79.39519997305902,-2.574137042236385,0.0],[-79.39551523081774,-2.574137441144644,0.0],[-79.39551504529724,-2.574285747693949,0.0],[-79.39559532307031,-2.574307593322571,0.0],[-79.395952346168,-2.574193191579062,0.0],[-79.3964954665643,-2.573662679473053,0.0],[-79.3971802447079,-2.574008106340359,0.0],[-79.39756571053718,-2.573979880072708,0.0],[-79.39766606697412,-2.57363544544026,0.0],[-79.39780855012536,-2.572783803007666,0.0],[-79.39767505733079,-2.572783634433443,0.0],[-79.39767849160516,-2.572241023754443,0.0],[-79.39728329044036,-2.571510168660084,0.0],[-79.3968981839148,-2.57125126118026,0.0],[-79.39682636020741,-2.571610088469937,0.0],[-79.39706819563987,-2.572285158960933,0.0],[-79.39682530238025,-2.572457133243548,0.0],[-79.39655443362726,-2.57216965648371,0.0],[-79.39608433925162,-2.571379443370768,0.0],[-79.39528575745281,-2.5707180263426,0.0],[-79.39542884921013,-2.570445429460841,0.0],[-79.39631399684224,-2.570374764114502,0.0],[-79.39732814012926,-2.569887916048868,0.0],[-79.39727137997237,-2.569615066481838,0.0],[-79.39698630690081,-2.569270146363483,0.0],[-79.39588319349596,-2.568349371507478,0.0],[-79.39674079349943,-2.567728882903904,0.0],[-79.39719781162233,-2.567557178028344,0.0],[-79.39641958695736,-2.565833391332776,0.0],[-79.39550543297605,-2.566272511648249,0.0],[-79.39421381046373,-2.564146090675904,0.0],[-79.39314805971671,-2.564049034293084,0.0],[-79.39187251300194,-2.564296273549899,0.0],[-79.39171995877298,-2.564525787204937,0.0],[-79.39154760631544,-2.565367827580664,0.0],[-79.39114788114993,-2.565386464744638,0.0],[-79.39078655749651,-2.56513715908857,0.0],[-79.3902164181723,-2.564447317574594,0.0],[-79.38949377293072,-2.563948706275897,0.0],[-79.38850554765474,-2.562741496518582,0.0],[-79.3888339934491,-2.562495799145329,0.0],[-79.38898145281344,-2.562684671995501,0.0],[-79.38995224819129,-2.562609330393602,0.0],[-79.39099970327285,-2.562112956281464,0.0],[-79.3917534426656,-2.5613673395498,0.0],[-79.39016383855592,-2.560829371050134,0.0],[-79.38982226656817,-2.560005824625526,0.0],[-79.39060365864671,-2.559183694852877,0.0],[-79.3902233990635,-2.558857797249049,0.0],[-79.38974737574172,-2.559010334530207,0.0],[-79.3894048491243,-2.558952475570553,0.0],[-79.38872137156578,-2.557573373375947,0.0],[-79.38853453923987,-2.557084392677726,0.0],[-79.38956026687265,-2.556425898629023,0.0],[-79.38998408354807,-2.556031096027712,0.0],[-79.3894014806044,-2.555547196249792,0.0],[-79.3893363745635,-2.555407140821286,0.0],[-79.39245646481156,-2.553902772087864,0.0],[-79.3913547522494,-2.552121157971191,0.0],[-79.39129945637748,-2.55215524865707,0.0],[-79.39525363578878,-2.549492503930178,0.0],[-79.39522654348147,-2.549446178622898,0.0],[-79.39930319714847,-2.546579935043476,0.0],[-79.40179338266628,-2.54914811520411,0.0],[-79.4056040870305,-2.547114302948857,0.0],[-79.40607735077934,-2.54794748474463,0.0],[-79.40245853118734,-2.549972066317112,0.0],[-79.40348491103883,-2.55112188731828,0.0],[-79.40399930549889,-2.550720539463868,0.0],[-79.40500811766609,-2.550683512808539,0.0],[-79.40552225244431,-2.550492729855346,0.0],[-79.40632221693734,-2.550034309165622,0.0],[-79.40685566769822,-2.549613840402884,0.0],[-79.40716031793426,-2.549518508019812,0.0],[-79.40748374280575,-2.549633764434344,0.0],[-79.4099411080086,-2.547952285932256,0.0],[-79.41005573123182,-2.547607865449818,0.0],[-79.40961810567826,-2.547492467218088,0.0],[-79.40914218003331,-2.547568446203087,0.0],[-79.40895224666517,-2.547242789583372,0.0],[-79.40909156340787,-2.545985681716405,0.0],[-79.40920118233235,-2.546017985044839,0.0],[-79.40969628172988,-2.545827175228304,0.0],[-79.41028689976079,-2.545349346986975,0.0],[-79.4106486965589,-2.545215798446782,0.0],[-79.41126064184915,-2.544706135011456,0.0],[-79.4113153761062,-2.54479549072926,0.0],[-79.41166547516154,-2.544912273537797,0.0],[-79.41432459958618,-2.543191248575407,0.0],[-79.41299303901896,-2.540774289522288,0.0],[-79.41231808480076,-2.539945024499368,0.0],[-79.41127894892381,-2.538276359376231,0.0],[-79.41513082923734,-2.535633187573954,0.0],[-79.41565291227423,-2.536411775522894,0.0],[-79.41587160745452,-2.536565184786858,0.0],[-79.41634264987246,-2.536589692283505,0.0],[-79.41660921367806,-2.536508665232805,0.0],[-79.41694192063626,-2.536156029441435,0.0],[-79.41748463419631,-2.535936557492595,0.0],[-79.41784657857723,-2.535678579347497,0.0],[-79.4189795768941,-2.535249265047364,0.0],[-79.41938917476173,-2.534933916369248,0.0],[-79.41957795110751,-2.53466657075762,0.0],[-79.4200081601778,-2.534599682464069,0.0],[-79.42036015828266,-2.534695826315203,0.0],[-79.42102022030275,-2.534382304191705,0.0],[-79.42122334664484,-2.533640780522587,0.0],[-79.42157082013482,-2.532796047770456,0.0],[-79.4222637599581,-2.532948803217848,0.0],[-79.4227523098777,-2.53357401062828,0.0],[-79.42288404612486,-2.533574171890443,0.0],[-79.42245867022808,-2.532484181294851,0.0],[-79.42090900308179,-2.530368291125173,0.0],[-79.42121361870639,-2.528986565253531,0.0],[-79.42024882905429,-2.529061915203918,0.0],[-79.41945754350238,-2.52883192599932,0.0],[-79.41988298274465,-2.528198870568101,0.0],[-79.42004606339505,-2.526875726296038,0.0],[-79.42000834386174,-2.526588542173014,0.0],[-79.41983712745258,-2.526521334428082,0.0],[-79.41891396559859,-2.526568060588381,0.0],[-79.41788601694606,-2.52670079967107,0.0],[-79.41786288787854,-2.524600904263016,0.0],[-79.41965831311911,-2.524866484676491,0.0],[-79.4274351850399,-2.526423481946774,0.0],[-79.42828705338262,-2.525908555948689,0.0],[-79.42828735049198,-2.518038777885926,0.0],[-79.4260996561241,-2.519839520947539,0.0],[-79.4246267678938,-2.520588810594313,0.0],[-79.42432878563707,-2.520653562765267,0.0],[-79.42354175181863,-2.520550411059802,0.0],[-79.42285502555448,-2.520632596104659,0.0],[-79.42228593347606,-2.520474994734616,0.0],[-79.42184350037431,-2.520773759524229,0.0],[-79.42054101917608,-2.521073397866567,0.0],[-79.42033763581942,-2.521046828995369,0.0],[-79.42021901031738,-2.520900605168578,0.0],[-79.42045694278042,-2.520756247029016,0.0],[-79.4204927553738,-2.520651605471162,0.0],[-79.42018948005112,-2.520599191812421,0.0],[-79.41958511962265,-2.520143632933875,0.0],[-79.41916917667385,-2.520262287657911,0.0],[-79.41891707635737,-2.520532770438111,0.0],[-79.41861822639437,-2.520466865983422,0.0],[-79.4181393196308,-2.520556011614485,0.0],[-79.41758133109636,-2.520819568108715,0.0],[-79.41705042602905,-2.520922575114696,0.0],[-79.41662146944287,-2.52082442419162,0.0],[-79.41622332422907,-2.520463471899035,0.0],[-79.4156241283329,-2.52044167086816,0.0],[-79.41498874713034,-2.520570105704121,0.0],[-79.41456409199716,-2.520555229076596,0.0],[-79.41423028585696,-2.52066608547061,0.0],[-79.4116775003701,-2.520628333335843,0.0],[-79.40904882894351,-2.519938370529876,0.0],[-79.40896487272916,-2.521227759362654,0.0],[-79.4090915876878,-2.52134994815208,0.0],[-79.4090426232493,-2.522788265402815,0.0],[-79.40635791664569,-2.522239061910098,0.0],[-79.40638617881815,-2.521640934836794,0.0],[-79.40537283540965,-2.521510476153975,0.0],[-79.40521593689553,-2.5214097847064,0.0],[-79.40547317734605,-2.521166036746979,0.0],[-79.40607996392919,-2.521073464512697,0.0],[-79.40630855105644,-2.520915821531486,0.0],[-79.40635182034663,-2.52054977603858,0.0],[-79.40615240264127,-2.520197789574747,0.0],[-79.40626686154879,-2.519982579018459,0.0],[-79.40643810548747,-2.520025859982959,0.0],[-79.40658056359422,-2.520262922262103,0.0],[-79.4067446174593,-2.520349264659779,0.0],[-79.40712300897245,-2.520256410661005,0.0],[-79.40720191256531,-2.519933479998682,0.0],[-79.40696668627444,-2.519681946900874,0.0],[-79.40704368016182,-2.519412063844391,0.0],[-79.40105011027414,-2.517838866597922,0.0],[-79.40101975797916,-2.51899147827028,0.0],[-79.39785101008704,-2.518815283962403,0.0],[-79.39749210132022,-2.516904945254852,0.0]],[[-79.3930609606937,-2.523255861243355,0.0],[-79.39356573353832,-2.52389655779954,0.0],[-79.39414917161066,-2.523442652830364,0.0],[-79.3945294751384,-2.523730259333355,0.0],[-79.39540989904424,-2.524793320461245,0.0],[-79.39520621134928,-2.524966938588882,0.0],[-79.3950514236479,-2.524915335500804,0.0],[-79.39423619859991,-2.525225385070482,0.0],[-79.39366464088708,-2.525691267179395,0.0],[-79.3934326712064,-2.525696961165683,0.0],[-79.39336875953474,-2.524464598449806,0.0],[-79.39302398891707,-2.524302657297372,0.0],[-79.3927685734506,-2.524027170312943,0.0],[-79.39257240038827,-2.52394317854435,0.0],[-79.39251309928865,-2.523799538212272,0.0],[-79.3930609606937,-2.523255861243355,0.0]],[[-79.41459672559802,-2.525495660176703,0.0],[-79.41433529750347,-2.525268022489044,0.0],[-79.41410933822408,-2.525219889844369,0.0],[-79.41401402128781,-2.525345394788962,0.0],[-79.41312188489151,-2.525314389759727,0.0],[-79.41267605376304,-2.52510447177597,0.0],[-79.41252582443356,-2.525158315905856,0.0],[-79.4125162980113,-2.524416344648118,0.0],[-79.4124262126672,-2.524397353610142,0.0],[-79.41262387334466,-2.523501826690524,0.0],[-79.41400351738406,-2.523706907337079,0.0],[-79.41472405147678,-2.524008710463015,0.0],[-79.41525924352258,-2.523997404321975,0.0],[-79.4151841274008,-2.524243769383202,0.0],[-79.41521566735764,-2.524721173480074,0.0],[-79.41511890860892,-2.525054851182191,0.0],[-79.41525426239586,-2.525266780913124,0.0],[-79.41522065232223,-2.525986951115294,0.0],[-79.41508347497287,-2.526297847920382,0.0],[-79.41527320318866,-2.526794588802473,0.0],[-79.41604032795605,-2.526915169230489,0.0],[-79.41599775771564,-2.527686798028491,0.0],[-79.41583705751908,-2.527776331290506,0.0],[-79.41522456915277,-2.527661921689159,0.0],[-79.41510553265265,-2.527727578225841,0.0],[-79.41504410848897,-2.529330684325483,0.0],[-79.41462172432607,-2.529401949603358,0.0],[-79.41453824423108,-2.529575325312944,0.0],[-79.41447214180172,-2.530131571363085,0.0],[-79.41460063171569,-2.530501994034625,0.0],[-79.41431621186103,-2.530700270400706,0.0],[-79.41415560570331,-2.530712036811268,0.0],[-79.41413827908873,-2.530287291700076,0.0],[-79.41366276445089,-2.530029480978635,0.0],[-79.41326394666167,-2.530286216607291,0.0],[-79.41281201240238,-2.530201912799623,0.0],[-79.41268108738954,-2.530261571882404,0.0],[-79.41260941515806,-2.530506745806761,0.0],[-79.41271030992225,-2.530686330447627,0.0],[-79.41290058241175,-2.530734420893733,0.0],[-79.41338839251061,-2.530663236991812,0.0],[-79.4134477181694,-2.530788932710615,0.0],[-79.41324520087149,-2.531027963392964,0.0],[-79.41291797492765,-2.531105327155189,0.0],[-79.41271546477795,-2.531338376195905,0.0],[-79.41268531060689,-2.531679313814641,0.0],[-79.4125424316462,-2.531786814373941,0.0],[-79.41250655489348,-2.531942302965944,0.0],[-79.41257981207886,-2.532200679942046,0.0],[-79.41221398116613,-2.532400786873751,0.0],[-79.41172079108112,-2.532981629938522,0.0],[-79.41097060159863,-2.533605226868161,0.0],[-79.4099849819519,-2.534142391605852,0.0],[-79.40916388095245,-2.534385443015231,0.0],[-79.40887816588507,-2.534564550232172,0.0],[-79.40881303760489,-2.534696363989013,0.0],[-79.40858576013855,-2.534377550898645,0.0],[-79.40764965360525,-2.53528087203679,0.0],[-79.40742835873847,-2.535309311863818,0.0],[-79.40719227106341,-2.53576125831479,0.0],[-79.40716342289883,-2.536005288495163,0.0],[-79.4072630742614,-2.536227942095461,0.0],[-79.40752706198207,-2.536307231415381,0.0],[-79.4077770120064,-2.536192685620582,0.0],[-79.40809811750704,-2.536257688729482,0.0],[-79.40854699338537,-2.536897121583806,0.0],[-79.40856104876362,-2.537076599076652,0.0],[-79.40828245227476,-2.537270071304107,0.0],[-79.40798986192695,-2.537233816900492,0.0],[-79.40744093013748,-2.536701936323164,0.0],[-79.40694855336922,-2.536615186299244,0.0],[-79.40650535685793,-2.537167374122375,0.0],[-79.4065265234046,-2.537368394953623,0.0],[-79.40678177223555,-2.53765958944427,0.0],[-79.40638345003059,-2.537633818191669,0.0],[-79.4060478939034,-2.537712365041856,0.0],[-79.40548365143529,-2.538027514245861,0.0],[-79.40491588034753,-2.538622755840474,0.0],[-79.4039627034447,-2.538578363587416,0.0],[-79.40331289013007,-2.538828800190501,0.0],[-79.40288459228498,-2.538871338439355,0.0],[-79.40245595939899,-2.539186654874343,0.0],[-79.40212752342609,-2.539279565869381,0.0],[-79.40181364548035,-2.539142786347967,0.0],[-79.40159025786704,-2.539169110386952,0.0],[-79.400942604742,-2.538144496821498,0.0],[-79.40103011402003,-2.537853293990462,0.0],[-79.40125392333233,-2.537714789955578,0.0],[-79.4014969943236,-2.53738967238756,0.0],[-79.40155446962028,-2.53708346673358,0.0],[-79.4014688856494,-2.537030718484855,0.0],[-79.4011071285121,-2.53713555190567,0.0],[-79.4010406416753,-2.537030186364904,0.0],[-79.4012979411006,-2.536743371657965,0.0],[-79.40171391851045,-2.536624248722545,0.0],[-79.4019503818203,-2.536289550901582,0.0],[-79.40165748060134,-2.535809527891024,0.0],[-79.40227093498608,-2.534863845039749,0.0],[-79.40241372947199,-2.534825736982902,0.0],[-79.40251382880975,-2.53468229385383,0.0],[-79.40263799574882,-2.534313957821419,0.0],[-79.40278543139227,-2.534371567587684,0.0],[-79.40283242746536,-2.534850184836476,0.0],[-79.40358255506553,-2.536219792781654,0.0],[-79.40444907008005,-2.535804520797973,0.0],[-79.40549148336612,-2.537460431841733,0.0],[-79.40569114682167,-2.537611425656642,0.0],[-79.40584829282453,-2.537511122234549,0.0],[-79.40567019150647,-2.537238123221859,0.0],[-79.40634895804185,-2.536657514172286,0.0],[-79.40627780375857,-2.536477966140938,0.0],[-79.40637795582472,-2.536291452317852,0.0],[-79.40702678071027,-2.535977737095666,0.0],[-79.40540129786736,-2.533542768380589,0.0],[-79.40534353603202,-2.533550852429781,0.0],[-79.40530216489088,-2.533335449062919,0.0],[-79.40571549461163,-2.533371852875341,0.0],[-79.406824752894,-2.533767603088989,0.0],[-79.40752824718057,-2.533391606629784,0.0],[-79.40772234289075,-2.533459437709482,0.0],[-79.40762973123708,-2.533063024944865,0.0],[-79.40808893943868,-2.53305970081915,0.0],[-79.40828378901746,-2.533256150412861,0.0],[-79.40990125692797,-2.532565431496457,0.0],[-79.41003936873435,-2.532465104387038,0.0],[-79.40970976778841,-2.532032374615708,0.0],[-79.410364868898,-2.531851751666067,0.0],[-79.41063279720265,-2.531625962798056,0.0],[-79.41082897546185,-2.531708755914623,0.0],[-79.41109683721778,-2.53153680453954,0.0],[-79.41116837377348,-2.531404092137204,0.0],[-79.41117214289672,-2.531238993222087,0.0],[-79.41098316805159,-2.531102370420719,0.0],[-79.41122268641804,-2.530761691017395,0.0],[-79.41085921266509,-2.530323360707021,0.0],[-79.41027954088506,-2.530591712126336,0.0],[-79.4101359169118,-2.530831807369103,0.0],[-79.41013569038999,-2.531017686712093,0.0],[-79.40982460292211,-2.531017303185915,0.0],[-79.40942580294839,-2.531283500240925,0.0],[-79.4088117333724,-2.531490916387613,0.0],[-79.40863327214078,-2.531512230864422,0.0],[-79.40851942349725,-2.531224954886137,0.0],[-79.40814829738758,-2.531210139154347,0.0],[-79.40784889464658,-2.530908277401186,0.0],[-79.40769190746772,-2.530879370062317,0.0],[-79.40743495238075,-2.530886230739946,0.0],[-79.4071493076045,-2.531007910948972,0.0],[-79.40656387508668,-2.531476774555541,0.0],[-79.40634612864633,-2.531189968080674,0.0],[-79.40581036142127,-2.531552823434786,0.0],[-79.40565726082598,-2.531278846556705,0.0],[-79.40737172316233,-2.530060637288648,0.0],[-79.40737907121503,-2.529888365170591,0.0],[-79.40700827771498,-2.529600771269907,0.0],[-79.4068734908071,-2.528925835233989,0.0],[-79.40670942744383,-2.528846670993887,0.0],[-79.4070168159946,-2.528452238026782,0.0],[-79.40729047182549,-2.528632216555729,0.0],[-79.40761566947677,-2.528508586117689,0.0],[-79.40832940741554,-2.528509466294791,0.0],[-79.40944892971001,-2.527416139533918,0.0],[-79.4100528638807,-2.527763685191875,0.0],[-79.40983859017415,-2.528304227590875,0.0],[-79.40986808838525,-2.529246842429286,0.0],[-79.41001046784062,-2.529389676511808,0.0],[-79.41013767360626,-2.529389833228395,0.0],[-79.4101374905277,-2.529540150862962,0.0],[-79.41055335731893,-2.529438819202747,0.0],[-79.41096409207309,-2.529164152136699,0.0],[-79.41120857212222,-2.528655982999001,0.0],[-79.41158910169204,-2.528764126795302,0.0],[-79.41173947418582,-2.528677991075083,0.0],[-79.41169279778444,-2.527954100610422,0.0],[-79.41190705403244,-2.527747100813003,0.0],[-79.41210527417392,-2.527691543416108,0.0],[-79.41253511179819,-2.528272744148472,0.0],[-79.41272573281378,-2.528275000672548,0.0],[-79.41320837126968,-2.527563734167841,0.0],[-79.41335775709777,-2.526995625959258,0.0],[-79.41381667611188,-2.526224509372278,0.0],[-79.41401313591156,-2.526075200013354,0.0],[-79.41424516595949,-2.526021646942731,0.0],[-79.41462031431115,-2.525663185912713,0.0],[-79.41459672559802,-2.525495660176703,0.0]],[[-79.39279336556041,-2.530280931371577,0.0],[-79.39437970726956,-2.53240306056618,0.0],[-79.39307543846692,-2.533056909476091,0.0],[-79.3913207148751,-2.534120703652419,0.0],[-79.39044559977303,-2.534759679021449,0.0],[-79.38960005192075,-2.535536275214111,0.0],[-79.39004673868735,-2.536189424924369,0.0],[-79.39043619161936,-2.536596424389435,0.0],[-79.39045027102767,-2.536754365099245,0.0],[-79.39012178358377,-2.536890342737371,0.0],[-79.38983628093443,-2.536897164271488,0.0],[-79.38932914623676,-2.537205197712516,0.0],[-79.39064015608805,-2.539037314823958,0.0],[-79.39176904227787,-2.540879862774164,0.0],[-79.39050447822608,-2.541693525846513,0.0],[-79.39001884404878,-2.541248659812443,0.0],[-79.3899120647519,-2.541021212646047,0.0],[-79.39029884355685,-2.540884112327865,0.0],[-79.39058716985299,-2.540579505853005,0.0],[-79.39001843139462,-2.53966105076891,0.0],[-79.38862125891919,-2.538245169401072,0.0],[-79.38789629463672,-2.537705586612285,0.0],[-79.386648637389,-2.536591382147064,0.0],[-79.38731726317161,-2.53438662685313,0.0],[-79.38865352404814,-2.536205068573547,0.0],[-79.38953826110117,-2.535441798607307,0.0],[-79.38882737724953,-2.534354876584504,0.0],[-79.38971312922885,-2.533772146947805,0.0],[-79.38932175585232,-2.533129002121829,0.0],[-79.3907811465959,-2.53201239501414,0.0],[-79.39123936440362,-2.532566491569473,0.0],[-79.39264904995179,-2.531553711358792,0.0],[-79.39216460762341,-2.530825701832723,0.0],[-79.39260294247478,-2.530357262383875,0.0],[-79.39279336556041,-2.530280931371577,0.0]],[[-79.39228855242804,-2.539312153736143,0.0],[-79.39219604137112,-2.539089509393864,0.0],[-79.39201777637003,-2.538952897755588,0.0],[-79.39176800285021,-2.538923872033531,0.0],[-79.3913547923648,-2.539298247730609,0.0],[-79.39133243691302,-2.53907407241304,0.0],[-79.39044175794035,-2.53786699671882,0.0],[-79.39074958778507,-2.53712083532629,0.0],[-79.39064608184461,-2.536723481182414,0.0],[-79.39113556454657,-2.536669082199971,0.0],[-79.39132055887343,-2.537135906008153,0.0],[-79.39158432190207,-2.537394655534344,0.0],[-79.3918976122217,-2.538005206404135,0.0],[-79.3923040960847,-2.538285669861511,0.0],[-79.39283161419993,-2.538810348739013,0.0],[-79.39290274834076,-2.539004253046827,0.0],[-79.39278093446264,-2.539391731531849,0.0],[-79.39253096641232,-2.539520628905597,0.0],[-79.39228855242804,-2.539312153736143,0.0]],[[-79.39957467228565,-2.532255043848471,0.0],[-79.39974436387298,-2.53215399515731,0.0],[-79.39995953891511,-2.532454209484118,0.0],[-79.39964028861431,-2.533068673773791,0.0],[-79.39959238953315,-2.533327035981705,0.0],[-79.39975367637437,-2.533729224221434,0.0],[-79.39941978710526,-2.534389219877892,0.0],[-79.39914370291444,-2.534475017001788,0.0],[-79.39892503520907,-2.534302464722162,0.0],[-79.3988967092349,-2.534120577306532,0.0],[-79.39870670866988,-2.533852348713477,0.0],[-79.39849749848719,-2.533727663290772,0.0],[-79.39847875928271,-2.533488361920617,0.0],[-79.39863116459121,-2.533373696815446,0.0],[-79.39891668233987,-2.533354909957735,0.0],[-79.39913582109516,-2.53314461659376,0.0],[-79.39907896820289,-2.532943551161982,0.0],[-79.39878446246047,-2.532531625799044,0.0],[-79.39879412057991,-2.532416784156633,0.0],[-79.39957467228565,-2.532255043848471,0.0]],[[-79.41563378959111,-2.532969608205352,0.0],[-79.41562757040732,-2.530359132244227,0.0],[-79.41606181440586,-2.530305830331931,0.0],[-79.41621637531877,-2.530374813485803,0.0],[-79.41623703659585,-2.530503452511016,0.0],[-79.41607018438408,-2.530760474039706,0.0],[-79.41621578716176,-2.530859356358324,0.0],[-79.41651926860861,-2.530743080082081,0.0],[-79.4164629824588,-2.530563550168194,0.0],[-79.416561168365,-2.530524787429739,0.0],[-79.41670382658009,-2.530599737431971,0.0],[-79.41682838975362,-2.530881045461626,0.0],[-79.41714361162983,-2.530893397132536,0.0],[-79.41737726552287,-2.530770508997549,0.0],[-79.4174052583623,-2.531569692276384,0.0],[-79.41719090346554,-2.531623261641425,0.0],[-79.41696259927745,-2.531546412196682,0.0],[-79.41690055555212,-2.531699475261072,0.0],[-79.41649107620195,-2.531919110773456,0.0],[-79.416494288184,-2.532556611272811,0.0],[-79.41563378959111,-2.532969608205352,0.0]],[[-79.384581371182,-2.542452721000864,0.0],[-79.38573348982733,-2.543921296329672,0.0],[-79.38718520349856,-2.54356420538232,0.0],[-79.38754180546863,-2.54378000373891,0.0],[-79.38758915046031,-2.543971485180872,0.0],[-79.38597042062888,-2.544711209853947,0.0],[-79.38583922540926,-2.544986213304065,0.0],[-79.3858384661817,-2.545596369675482,0.0],[-79.38570730141562,-2.545847445689866,0.0],[-79.38531480477467,-2.545799096721346,0.0],[-79.38504153292529,-2.54553554692822,0.0],[-79.3845178856338,-2.545726309013859,0.0],[-79.38385098391767,-2.546323661673171,0.0],[-79.38314885772843,-2.546550089777527,0.0],[-79.3834594717795,-2.545485698845789,0.0],[-79.38329349917542,-2.5450308626603,0.0],[-79.38357920338578,-2.544863728540673,0.0],[-79.38410416010105,-2.543620148979985,0.0],[-79.3844153551676,-2.542471669918894,0.0],[-79.384581371182,-2.542452721000864,0.0]],[[-79.38077587906234,-2.549099188780655,0.0],[-79.38107747337087,-2.549403950320336,0.0],[-79.3817102866195,-2.549433463438171,0.0],[-79.3822078013042,-2.549332532538036,0.0],[-79.38176894033,-2.550400629439588,0.0],[-79.38100468395308,-2.552744575096984,0.0],[-79.38047682336136,-2.5533023343456,0.0],[-79.38035571393894,-2.553146910202681,0.0],[-79.37984192824815,-2.553060119839544,0.0],[-79.37869983521786,-2.553144811480661,0.0],[-79.3785424516357,-2.553431743952575,0.0],[-79.37848493838239,-2.553761872723692,0.0],[-79.37798499558915,-2.554019656383375,0.0],[-79.37804099583222,-2.554895479043626,0.0],[-79.37837899633392,-2.555287040355185,0.0],[-79.37637133452823,-2.555566944704318,0.0],[-79.37638950178899,-2.556256083611017,0.0],[-79.37610710312968,-2.556923198264256,0.0],[-79.37603999428175,-2.556902857293753,0.0],[-79.37565544026293,-2.556213252514533,0.0],[-79.37521355262548,-2.555710210788417,0.0],[-79.37507122000582,-2.555379828570075,0.0],[-79.37441436139343,-2.555551272092924,0.0],[-79.37427190258727,-2.555321385454178,0.0],[-79.37444487920986,-2.553986445743642,0.0],[-79.37474481265882,-2.553857618399226,0.0],[-79.3750306337045,-2.553599563308029,0.0],[-79.37498811522256,-2.553355448209547,0.0],[-79.37453202567778,-2.552794962855209,0.0],[-79.37404722459077,-2.552363649819989,0.0],[-79.37417620337766,-2.551961830134823,0.0],[-79.37528629690853,-2.55165511456951,0.0],[-79.37563292406627,-2.552184605123693,0.0],[-79.37561393140176,-2.552445821141256,0.0],[-79.3760236077404,-2.553583355864049,0.0],[-79.37676132823309,-2.553514037570001,0.0],[-79.37749444975304,-2.553237407090454,0.0],[-79.37786113052906,-2.553003381718379,0.0],[-79.37811855155402,-2.552625652032362,0.0],[-79.37841373822222,-2.552487245725517,0.0],[-79.37936533186588,-2.552536307489342,0.0],[-79.37997936528626,-2.552364805762635,0.0],[-79.38019375675194,-2.552149728769751,0.0],[-79.38019876695284,-2.551948743139335,0.0],[-79.38006572106848,-2.551800223141763,0.0],[-79.37982792728737,-2.551704210939271,0.0],[-79.3789526162937,-2.551535608255068,0.0],[-79.37792937291131,-2.551706590852805,0.0],[-79.37772192364625,-2.550902066957738,0.0],[-79.37843172613351,-2.55066078255998,0.0],[-79.37963113232867,-2.550403882630472,0.0],[-79.37983146409617,-2.550016508009227,0.0],[-79.37967496269492,-2.549599968593212,0.0],[-79.38077587906234,-2.549099188780655,0.0]],[[-79.38021290320107,-2.558060298725766,0.0],[-79.3806696513992,-2.558099163203904,0.0],[-79.38082153290094,-2.55840562978654,0.0],[-79.38051656896393,-2.558749801341213,0.0],[-79.38135268519291,-2.559822821673549,0.0],[-79.38156226597008,-2.559650808746199,0.0],[-79.38215186343656,-2.559996115716266,0.0],[-79.38220836356673,-2.560474741348346,0.0],[-79.38298718087425,-2.560858899716672,0.0],[-79.38285414877922,-2.561547520640751,0.0],[-79.38156075254753,-2.56085676206177,0.0],[-79.38005861884352,-2.559668042030412,0.0],[-79.37924076916477,-2.559207592027665,0.0],[-79.37906995183101,-2.55882453275624,0.0],[-79.37928022955342,-2.558097399279635,0.0],[-79.37937515544058,-2.558288940975348,0.0],[-79.37977482812268,-2.558308590022501,0.0],[-79.38021290320107,-2.558060298725766,0.0]]]}},{"type":"Feature","properties":{"FID_tr_200":7,"FID_2000_d":2,"cov_gen":"FOREST","FID_2022_d":0,"cov_gen_1":"AGRO","old_gen":"FOREST","new_gen":"AGRO","area_ha":17.8587466938,"trans":"FOREST → AGRO","trans_grp":"PÉRDIDA_BOSQUE","FID_cacao_":103,"fcode":"EA010","descr":"PRODUCTO AGRICOLA, RESULTADO DE UN CONJUNTO DE TECNICAS Y CONOCIMIENTOS PARA CULTIVAR LA TIERRA","DPA_DESPRO":"GUAYAS","DPA_DESCAN":"NARANJAL","niv1":"TIERRA AGROPECUARIA","niv2":"CULTIVO","niv3":"CULTIVO PERMANENTE","niv4":"FRUTALES","niv5":"CACAO","LULC_std":"Cacao","label":"Cacao","cbt":"CACAO","uso":"AGRICOLA","tmp":"CULTIVO PERMANENTE","nal":"NO APLICABLE","tap":"GRANDE","rie":"SI","spr":"EMPRESARIAL","sce":647.972286935,"usce":"HECTAREAS","txt":"EL CODIGO (fcode) Y LA DESCRIPCION (descr) CORRESPONDEN A LOS OBJETOS GEOGRAFICOS DEL ATRIBUTO niv2","simbologia":"CPuc: Cacao","SHAPE_Leng":2319.92660438,"apt_uso":1,"cob_suelo":"Cacao","cacao_sys":"Cacao_alim_con50b","observ":null,"cob_label":"Cacao próximo a cultivos alimentarios"},"geometry":{"type":"MultiPolygon","coordinates":[[[[-79.50350310966057,-2.55825043992489,0.0],[-79.50352384748118,-2.558060559332355,0.0],[-79.50318301140715,-2.558128198798949,0.0],[-79.50317427530935,-2.558197826733666,0.0],[-79.50350310966057,-2.55825043992489,0.0]]],[[[-79.50222967477245,-2.560063222315781,0.0],[-79.50257548624825,-2.560569875515248,0.0],[-79.50240664933406,-2.561058567810712,0.0],[-79.50208843793031,-2.561377853415564,0.0],[-79.50206950110572,-2.561584669078881,0.0],[-79.50240557890129,-2.561979937418894,0.0],[-79.5009269354973,-2.563369655733654,0.0],[-79.50045825246093,-2.564459704856942,0.0],[-79.50004072113889,-2.564830295549311,0.0],[-79.50352961432834,-2.568208047252849,0.0],[-79.50352571654795,-2.561340741104595,0.0],[-79.50256310294199,-2.55988487937353,0.0],[-79.50222967477245,-2.560063222315781,0.0]]]]}},{"type":"Feature","properties":{"FID_tr_200":7,"FID_2000_d":2,"cov_gen":"FOREST","FID_2022_d":0,"cov_gen_1":"AGRO","old_gen":"FOREST","new_gen":"AGRO","area_ha":278.890712133,"trans":"FOREST → AGRO","trans_grp":"PÉRDIDA_BOSQUE","FID_cacao_":104,"fcode":"EA010","descr":"PRODUCTO AGRICOLA, RESULTADO DE UN CONJUNTO DE TECNICAS Y CONOCIMIENTOS PARA CULTIVAR LA TIERRA","DPA_DESPRO":"GUAYAS","DPA_DESCAN":"NARANJAL","niv1":"TIERRA AGROPECUARIA","niv2":"CULTIVO","niv3":"CULTIVO PERMANENTE","niv4":"FRUTALES","niv5":"CACAO","LULC_std":"Cacao","label":"Cacao","cbt":"CACAO","uso":"AGRICOLA","tmp":"CULTIVO PERMANENTE","nal":"NO APLICABLE","tap":"MEDIANA","rie":"SI","spr":"MERCANTIL","sce":284.127357595,"usce":"HECTAREAS","txt":"EL CODIGO (fcode) Y LA DESCRIPCION (descr) CORRESPONDEN A LOS OBJETOS GEOGRAFICOS DEL ATRIBUTO niv2","simbologia":"CPuc: Cacao","SHAPE_Leng":20935.7688989,"apt_uso":1,"cob_suelo":"Cacao","cacao_sys":"Cacao_alim_con50b","observ":null,"cob_label":"Cacao próximo a cultivos alimentarios"},"geometry":{"type":"Polygon","coordinates":[[[-79.44523585777442,-2.603779630327468,0.0],[-79.44521394362528,-2.604324477738102,0.0],[-79.44735294425907,-2.604107862177421,0.0],[-79.4474714556554,-2.604478899564615,0.0],[-79.44750655868118,-2.604957511813823,0.0],[-79.44719688171793,-2.605256233579415,0.0],[-79.44649498510367,-2.60525536359062,0.0],[-79.44589967285478,-2.605649443791024,0.0],[-79.44560212670457,-2.605756752727335,0.0],[-79.44506672362594,-2.605803945332724,0.0],[-79.44478082419707,-2.606114659563946,0.0],[-79.4447918098886,-2.606856453460507,0.0],[-79.44485082261411,-2.607239380904974,0.0],[-79.44506472623372,-2.607431073656981,0.0],[-79.44536208098327,-2.607479299925202,0.0],[-79.44549287600304,-2.607386194653576,0.0],[-79.44564893763189,-2.60775250898595,0.0],[-79.44581538625847,-2.607836464743561,0.0],[-79.44635074725956,-2.607825165265041,0.0],[-79.44664830872051,-2.607705892393941,0.0],[-79.4469102240624,-2.607550683094791,0.0],[-79.44705329177182,-2.607299612205404,0.0],[-79.44739851207612,-2.607120577056809,0.0],[-79.44743260306934,-2.608424718398463,0.0],[-79.44726047056389,-2.60866421696863,0.0],[-79.44730156681861,-2.611083185562232,0.0],[-79.44757365065219,-2.61120674786156,0.0],[-79.44795199062014,-2.611120125827694,0.0],[-79.44852930945825,-2.610691442739686,0.0],[-79.44895294363428,-2.610628480787754,0.0],[-79.44951131745871,-2.610322045645043,0.0],[-79.44995825816288,-2.608998676850745,0.0],[-79.45045750918945,-2.608430891837218,0.0],[-79.45104614261652,-2.608013886847978,0.0],[-79.45230925925136,-2.607572030903935,0.0],[-79.46823134392388,-2.607572979697327,0.0],[-79.46825875249726,-2.607473042131524,0.0],[-79.4684371857346,-2.607487617586164,0.0],[-79.46860261192619,-2.606904949623599,0.0],[-79.46721026510936,-2.606750118810611,0.0],[-79.46708162616153,-2.60736911440219,0.0],[-79.4647471917498,-2.607126968724566,0.0],[-79.46488966829605,-2.606665668160782,0.0],[-79.46560952132018,-2.606670268240948,0.0],[-79.46610538305038,-2.606861108150103,0.0],[-79.46630532080897,-2.60680033490005,0.0],[-79.46639053605998,-2.606677188401181,0.0],[-79.46698358547202,-2.606729951148094,0.0],[-79.46703254664232,-2.606204519175803,0.0],[-79.46681167665626,-2.605866855205028,0.0],[-79.46692291112137,-2.605375257535561,0.0],[-79.46713701608593,-2.605404233795783,0.0],[-79.46728406565033,-2.604808590156253,0.0],[-79.4679227393309,-2.604956532230089,0.0],[-79.46771087897267,-2.606022295535422,0.0],[-79.47010155037253,-2.606491826262588,0.0],[-79.47002224276555,-2.607144982373478,0.0],[-79.4688580292684,-2.606945064994819,0.0],[-79.46861030687634,-2.607572899760651,0.0],[-79.47003282861618,-2.60757259866404,0.0],[-79.47025635448848,-2.607126429069999,0.0],[-79.4707285309972,-2.606857135994356,0.0],[-79.47089264754419,-2.606560606175897,0.0],[-79.47080463147601,-2.606317850999839,0.0],[-79.47038662112838,-2.605966980159678,0.0],[-79.4703315869272,-2.60581669388927,0.0],[-79.47047511923704,-2.60525231308306,0.0],[-79.47060259101028,-2.605176919591296,0.0],[-79.47071729271366,-2.604767879387991,0.0],[-79.47098152851228,-2.60435375437216,0.0],[-79.47021593391882,-2.604202550560485,0.0],[-79.46849420868372,-2.603444302558334,0.0],[-79.46702872496701,-2.603289368197016,0.0],[-79.46649603253289,-2.603059002403034,0.0],[-79.46621081445443,-2.602809795980195,0.0],[-79.46626861249527,-2.602235578674522,0.0],[-79.46678417762588,-2.600886633307629,0.0],[-79.46743107697607,-2.601117138844381,0.0],[-79.46836271709904,-2.601241183445978,0.0],[-79.4685060942314,-2.601482166364558,0.0],[-79.4688390276493,-2.601626145263124,0.0],[-79.46937197461659,-2.601645937762921,0.0],[-79.46968710723408,-2.600765747357793,0.0],[-79.46893978779117,-2.600499462132176,0.0],[-79.46905980727763,-2.600066265141732,0.0],[-79.46924100555935,-2.599760199367711,0.0],[-79.46949808768164,-2.599664797618644,0.0],[-79.47010717264254,-2.59968468302232,0.0],[-79.47034524385587,-2.599570115584477,0.0],[-79.47065924533642,-2.599627926756957,0.0],[-79.47055366810503,-2.600364801478929,0.0],[-79.47063913932818,-2.600518049503805,0.0],[-79.4706765279528,-2.601082812176667,0.0],[-79.47088554027556,-2.601389353771115,0.0],[-79.47126596803452,-2.601609961111424,0.0],[-79.47166561532735,-2.601677448757824,0.0],[-79.47196044520028,-2.601850094137768,0.0],[-79.4722269306477,-2.601850418646362,0.0],[-79.47234131127742,-2.601706985961176,0.0],[-79.47238561020241,-2.60136408334266,0.0],[-79.47209782397627,-2.601363732994654,0.0],[-79.4720984771141,-2.600821099692392,0.0],[-79.47182869516354,-2.600820771271161,0.0],[-79.4718303276979,-2.59946418816591,0.0],[-79.47210316457776,-2.599464520132633,0.0],[-79.47196880169044,-2.598101612553142,0.0],[-79.47217395752241,-2.597469974511997,0.0],[-79.47207337832141,-2.59713935550327,0.0],[-79.4719574542547,-2.597022489470633,0.0],[-79.47156348299553,-2.597022010501413,0.0],[-79.4715639195221,-2.596658872386754,0.0],[-79.4708934642948,-2.596025371225957,0.0],[-79.47042503138334,-2.595760806618009,0.0],[-79.47021569394258,-2.595125837923622,0.0],[-79.47024035311188,-2.594949075146674,0.0],[-79.46991546224454,-2.594675416998433,0.0],[-79.46961100179819,-2.595025563535107,0.0],[-79.46953724249943,-2.595222449762013,0.0],[-79.4693516898976,-2.595049063326954,0.0],[-79.46910766178001,-2.595140756309208,0.0],[-79.46908692884818,-2.595478027464692,0.0],[-79.469168026184,-2.595651884619292,0.0],[-79.46867834627922,-2.596613664883922,0.0],[-79.467442783718,-2.596961292104948,0.0],[-79.46703798169008,-2.597224013437987,0.0],[-79.46689529495441,-2.597164017759583,0.0],[-79.4665833894272,-2.596668277821998,0.0],[-79.46622716986204,-2.596542402901913,0.0],[-79.4659755595809,-2.596347266415937,0.0],[-79.46578218564467,-2.596054784874587,0.0],[-79.46554208387694,-2.594650691743188,0.0],[-79.46548345085084,-2.59470951575339,0.0],[-79.46538875269718,-2.594451412888908,0.0],[-79.46499247410239,-2.594379381636373,0.0],[-79.4643519714455,-2.594562579569809,0.0],[-79.46223073820069,-2.595381468929893,0.0],[-79.46012399151559,-2.59568683920998,0.0],[-79.45947613502895,-2.595647716180459,0.0],[-79.45883996549807,-2.595712615913949,0.0],[-79.45857098156928,-2.595519825107598,0.0],[-79.45994308676303,-2.595095817290174,0.0],[-79.45990075388607,-2.594852840397538,0.0],[-79.45935211093251,-2.594683117415765,0.0],[-79.45915871466136,-2.594410119042459,0.0],[-79.45894504324845,-2.593479504190547,0.0],[-79.45861830321358,-2.593479104127259,0.0],[-79.45861797471257,-2.59375041908892,0.0],[-79.45807841727046,-2.593749758195477,0.0],[-79.45807808862006,-2.594021073086742,0.0],[-79.4578083098933,-2.594020742518745,0.0],[-79.45780798115095,-2.594292057374163,0.0],[-79.45726842368603,-2.594291395995582,0.0],[-79.45726860750149,-2.594139747536814,0.0],[-79.45672877022933,-2.59437001061488,0.0],[-79.45672853735249,-2.59456204910154,0.0],[-79.45645875868338,-2.594561718175362,0.0],[-79.45645842958471,-2.594833032855187,0.0],[-79.45560378668826,-2.594831984009212,0.0],[-79.455379190792,-2.594934048327199,0.0],[-79.45537898566067,-2.595103022973851,0.0],[-79.4550083577287,-2.595102567832917,0.0],[-79.45420227843263,-2.595460308178926,0.0],[-79.45437134253692,-2.596646561405577,0.0],[-79.4537460675934,-2.596717241456138,0.0],[-79.45374580706687,-2.596931471244698,0.0],[-79.45472537680178,-2.596783245502003,0.0],[-79.45539274805279,-2.59644336463032,0.0],[-79.45562595187631,-2.596198772155585,0.0],[-79.45603888222759,-2.59615669183383,0.0],[-79.45640907774454,-2.596433965473671,0.0],[-79.45713495417208,-2.596574347678321,0.0],[-79.45702008559039,-2.59711977715453,0.0],[-79.45753327275577,-2.597732977959113,0.0],[-79.45776150022189,-2.597886400143139,0.0],[-79.45778034913236,-2.598039566258774,0.0],[-79.45777069282619,-2.598154411191014,0.0],[-79.45731381874194,-2.598192136523372,0.0],[-79.45716143800658,-2.598278091984728,0.0],[-79.45706603364978,-2.598469403039017,0.0],[-79.45704721207366,-2.598809245550822,0.0],[-79.45604214719707,-2.598771925731461,0.0],[-79.45554720438398,-2.598991036294715,0.0],[-79.45514625426487,-2.598913143420683,0.0],[-79.45461662317132,-2.599157370753445,0.0],[-79.45425663837742,-2.59918886876186,0.0],[-79.45418280385175,-2.598965192811902,0.0],[-79.45439618204726,-2.597613299272008,0.0],[-79.4541955665279,-2.597176529653409,0.0],[-79.45237453792565,-2.597280757185821,0.0],[-79.45183407535762,-2.597727261272099,0.0],[-79.4515269079333,-2.597854644792282,0.0],[-79.45151608741915,-2.598046276220236,0.0],[-79.45163235851517,-2.598195475138561,0.0],[-79.45158968790267,-2.598461594685979,0.0],[-79.45117715976076,-2.598173620446853,0.0],[-79.45128998478721,-2.597514025975868,0.0],[-79.45110469442731,-2.597575887026957,0.0],[-79.4508276436043,-2.598408368452769,0.0],[-79.44963726768611,-2.59857274359425,0.0],[-79.44924685065574,-2.598789391719617,0.0],[-79.44922067040486,-2.598972093089721,0.0],[-79.4495805198393,-2.59899264440612,0.0],[-79.45104776944761,-2.599619070953256,0.0],[-79.45136721334218,-2.600035876482883,0.0],[-79.45219530095363,-2.600055825381072,0.0],[-79.45256573337461,-2.600152735209787,0.0],[-79.45116348337018,-2.600369568875896,0.0],[-79.45024630870994,-2.600746540941322,0.0],[-79.45024591917993,-2.601065623738085,0.0],[-79.45051569843413,-2.601065956828339,0.0],[-79.45051536723938,-2.601337270715254,0.0],[-79.44997580865042,-2.601336604407227,0.0],[-79.44997613996038,-2.601065290589899,0.0],[-79.44980340425198,-2.601065077249519,0.0],[-79.44974685189855,-2.601249114881936,0.0],[-79.44936581209004,-2.601535784943301,0.0],[-79.44924652502385,-2.601798850224528,0.0],[-79.44889584666967,-2.602026821501346,0.0],[-79.44889536538012,-2.602420525796125,0.0],[-79.44841086022632,-2.602419926610466,0.0],[-79.44829377734608,-2.60263516802683,0.0],[-79.4480856104629,-2.602760428158689,0.0],[-79.44808536367334,-2.602962151920099,0.0],[-79.44707989161151,-2.602992592275554,0.0],[-79.44574662896382,-2.603684864300642,0.0],[-79.44523585777442,-2.603779630327468,0.0]],[[-79.45506755638658,-2.603754176801898,0.0],[-79.45525838560651,-2.603357198783899,0.0],[-79.4554581438952,-2.603443587331602,0.0],[-79.45553916263599,-2.603343187551516,0.0],[-79.45555368909777,-2.603137420300713,0.0],[-79.45581180097473,-2.602682354060791,0.0],[-79.45574231246779,-2.602206713977947,0.0],[-79.45579624804127,-2.601877763035529,0.0],[-79.4559096509889,-2.601560849334779,0.0],[-79.45621935486002,-2.601238195482941,0.0],[-79.45668970584813,-2.600879845819666,0.0],[-79.45691016692828,-2.600913053621244,0.0],[-79.45782131001656,-2.600464541704988,0.0],[-79.4577128126452,-2.600292580868183,0.0],[-79.45784376202995,-2.600220956238304,0.0],[-79.45902208924478,-2.599755795756529,0.0],[-79.45917113761453,-2.59947481811317,0.0],[-79.4595163780637,-2.599277831618502,0.0],[-79.45968346714429,-2.599085287704941,0.0],[-79.46031785290033,-2.599110768792411,0.0],[-79.46052622054349,-2.59888520461989,0.0],[-79.46033034538293,-2.598559550470529,0.0],[-79.46060705289638,-2.597976031959692,0.0],[-79.46075943359793,-2.597890075918453,0.0],[-79.46095925009163,-2.597928606915022,0.0],[-79.46204359165262,-2.598446791986458,0.0],[-79.46278585767801,-2.598514700058771,0.0],[-79.46286222664156,-2.598323364768507,0.0],[-79.46271011307721,-2.598189178463697,0.0],[-79.4626440474937,-2.5977296685364,0.0],[-79.46267271498665,-2.597633989699529,0.0],[-79.4628917285135,-2.597538542771604,0.0],[-79.46345321148674,-2.597567943639639,0.0],[-79.46384321156106,-2.597740706972339,0.0],[-79.46400509762074,-2.597664333133355,0.0],[-79.46430960363698,-2.597702990681084,0.0],[-79.46450394035026,-2.597805578525175,0.0],[-79.46417323480578,-2.598287215299684,0.0],[-79.46379943522302,-2.598651198117313,0.0],[-79.46348079492547,-2.598805419639247,0.0],[-79.46308956588112,-2.5988017783982,0.0],[-79.46307869698381,-2.598981200782967,0.0],[-79.46262210643233,-2.599026555904135,0.0],[-79.46269375308617,-2.599055479949046,0.0],[-79.46268877498497,-2.599237330547318,0.0],[-79.46259822175928,-2.599352077653465,0.0],[-79.46211275980387,-2.599418482914409,0.0],[-79.46076153896094,-2.599225399008019,0.0],[-79.46061866429085,-2.599320938617979,0.0],[-79.46062304621572,-2.599632015459748,0.0],[-79.46032781369374,-2.599794367788552,0.0],[-79.46023245494388,-2.599947393111471,0.0],[-79.46043666995168,-2.600282644092887,0.0],[-79.4604174610672,-2.600426191691134,0.0],[-79.45999289196696,-2.601291885498682,0.0],[-79.45974519325858,-2.60149736707203,0.0],[-79.45888841758381,-2.601678171519665,0.0],[-79.4584686455571,-2.602510369609877,0.0],[-79.45832506076759,-2.603189763789859,0.0],[-79.45793487704829,-2.604147622832933,0.0],[-79.45804760353546,-2.604387047072519,0.0],[-79.45795905017653,-2.604885582078278,0.0],[-79.4584955278197,-2.604862579752531,0.0],[-79.45862559115383,-2.605520774331288,0.0],[-79.45880997753571,-2.605529974452979,0.0],[-79.45883037122954,-2.605617967207637,0.0],[-79.45732835664447,-2.605931944912381,0.0],[-79.45724213129868,-2.605910901339511,0.0],[-79.45705813017805,-2.605584648921073,0.0],[-79.45721307070654,-2.605351536736341,0.0],[-79.45710606720718,-2.60514625638318,0.0],[-79.4567201628686,-2.605181036768507,0.0],[-79.4564938937793,-2.605372186222652,0.0],[-79.45631542261758,-2.605389912947373,0.0],[-79.45604129071299,-2.605808324550019,0.0],[-79.45605277893358,-2.606143337652655,0.0],[-79.45595732122747,-2.606376522833692,0.0],[-79.45635531133871,-2.606825673474806,0.0],[-79.45641457578851,-2.607005210563698,0.0],[-79.45630134665728,-2.607178552517716,0.0],[-79.45608119343657,-2.607232120830375,0.0],[-79.45562334827244,-2.60708798448494,0.0],[-79.45532635565117,-2.606740655249734,0.0],[-79.45529081221565,-2.60662096877978,0.0],[-79.4554577945945,-2.606268229297025,0.0],[-79.45528831847423,-2.605690967001123,0.0],[-79.45477496387802,-2.605653739917625,0.0],[-79.4545182010708,-2.605485924315712,0.0],[-79.4544657688662,-2.605557645011544,0.0],[-79.45451315703887,-2.60572041727663,0.0],[-79.45478413067661,-2.60594089365072,0.0],[-79.4548884415717,-2.606252092910646,0.0],[-79.45483090013754,-2.606610949742842,0.0],[-79.45465471933815,-2.606701660811606,0.0],[-79.45432166702723,-2.606658178585449,0.0],[-79.45396942718064,-2.606739100240953,0.0],[-79.45335487274293,-2.607303053901784,0.0],[-79.45320828737232,-2.60733002327689,0.0],[-79.45314631044481,-2.606632798392758,0.0],[-79.45322270015876,-2.606427107833963,0.0],[-79.45367993875259,-2.606092673846935,0.0],[-79.4537895981585,-2.605920523471349,0.0],[-79.45392358171482,-2.605312904982942,0.0],[-79.45403799316131,-2.605145547282569,0.0],[-79.45434768989837,-2.604830072795213,0.0],[-79.45508579815768,-2.604405055617614,0.0],[-79.45506755638658,-2.603754176801898,0.0]],[[-79.44943359755005,-2.603506447805549,0.0],[-79.4494332658127,-2.603777761542371,0.0],[-79.44997282530043,-2.603778428708647,0.0],[-79.44997315692245,-2.603507114902214,0.0],[-79.45024293666069,-2.603507448363567,0.0],[-79.45024260509632,-2.603778762204795,0.0],[-79.45105194469194,-2.603779762345283,0.0],[-79.4510516132659,-2.604051076289617,0.0],[-79.45078183330835,-2.60405074293267,0.0],[-79.45078150178999,-2.604322056841031,0.0],[-79.44916282242674,-2.604320055272568,0.0],[-79.44916315429114,-2.604048741573004,0.0],[-79.44889337457633,-2.604048407810064,0.0],[-79.4488940383164,-2.603505780476937,0.0],[-79.44943359755005,-2.603506447805549,0.0]],[[-79.45050973162533,-2.605949606607287,0.0],[-79.4505090679533,-2.606492234336215,0.0],[-79.44996950717297,-2.606491566706045,0.0],[-79.44996983914174,-2.606220252911766,0.0],[-79.44970005886134,-2.606219919044404,0.0],[-79.44969972683482,-2.606491232803879,0.0],[-79.44942994653134,-2.60649089884366,0.0],[-79.44943027861557,-2.606219585118993,0.0],[-79.4491604984045,-2.606219251135535,0.0],[-79.44916016626254,-2.606490564825388,0.0],[-79.44889038602845,-2.606490230749062,0.0],[-79.44889138252336,-2.605676289780322,0.0],[-79.44916116258432,-2.605676623752186,0.0],[-79.44916149462219,-2.60540531005869,0.0],[-79.44970105473276,-2.605405977758689,0.0],[-79.44970039085315,-2.60594860528373,0.0],[-79.45050973162533,-2.605949606607287,0.0]]]}},{"type":"Feature","properties":{"FID_tr_200":7,"FID_2000_d":2,"cov_gen":"FOREST","FID_2022_d":0,"cov_gen_1":"AGRO","old_gen":"FOREST","new_gen":"AGRO","area_ha":598.081917734,"trans":"FOREST → AGRO","trans_grp":"PÉRDIDA_BOSQUE","FID_cacao_":105,"fcode":"EA010","descr":"PRODUCTO AGRICOLA, RESULTADO DE UN CONJUNTO DE TECNICAS Y CONOCIMIENTOS PARA CULTIVAR LA TIERRA","DPA_DESPRO":"GUAYAS","DPA_DESCAN":"NARANJAL","niv1":"TIERRA AGROPECUARIA","niv2":"CULTIVO","niv3":"CULTIVO PERMANENTE","niv4":"FRUTALES","niv5":"CACAO","LULC_std":"Cacao","label":"Cacao","cbt":"CACAO","uso":"AGRICOLA","tmp":"CULTIVO PERMANENTE","nal":"NO APLICABLE","tap":"MEDIANA","rie":"SI","spr":"MERCANTIL","sce":598.081917734,"usce":"HECTAREAS","txt":"EL CODIGO (fcode) Y LA DESCRIPCION (descr) CORRESPONDEN A LOS OBJETOS GEOGRAFICOS DEL ATRIBUTO niv2","simbologia":"CPuc: Cacao","SHAPE_Leng":26327.8169623,"apt_uso":1,"cob_suelo":"Cacao","cacao_sys":"Cacao_alim_con50b","observ":null,"cob_label":"Cacao próximo a cultivos alimentarios"},"geometry":{"type":"Polygon","coordinates":[[[-79.48593170575172,-2.530118913737531,0.0],[-79.48428441158667,-2.530216523730098,0.0],[-79.48365985883505,-2.530428278561451,0.0],[-79.48330005063139,-2.530922750914256,0.0],[-79.4822883728897,-2.531812906698482,0.0],[-79.48192941475035,-2.532969670433217,0.0],[-79.48172690335875,-2.533297822256007,0.0],[-79.48123643347958,-2.533586779055462,0.0],[-79.48157519689934,-2.534878053018661,0.0],[-79.48017852508295,-2.536647663727035,0.0],[-79.48032274232392,-2.537419290663902,0.0],[-79.4807153200895,-2.538545664146554,0.0],[-79.47779122256,-2.539397062203427,0.0],[-79.4774716936103,-2.540115526287162,0.0],[-79.47591333293879,-2.539425910251407,0.0],[-79.47536641871218,-2.53928770724085,0.0],[-79.47476463596426,-2.539286993394562,0.0],[-79.47439094094423,-2.54015454194084,0.0],[-79.47503019466589,-2.540452195447066,0.0],[-79.47505923284133,-2.540589274269333,0.0],[-79.47515032412629,-2.540433067219765,0.0],[-79.47592801144864,-2.540610652092989,0.0],[-79.47577644462297,-2.541468542726839,0.0],[-79.4761015927316,-2.542377474135014,0.0],[-79.47557389023294,-2.543007781704327,0.0],[-79.47467073536235,-2.542830047616225,0.0],[-79.47391739908294,-2.543283424629268,0.0],[-79.47316539798614,-2.542601122038735,0.0],[-79.47437660006486,-2.54175987754512,0.0],[-79.47380328224621,-2.541052123969149,0.0],[-79.47424349386372,-2.540496847430115,0.0],[-79.47386076681876,-2.540303818075021,0.0],[-79.4742448176733,-2.539368908639412,0.0],[-79.473893226554,-2.539235829683274,0.0],[-79.47410383822523,-2.538142986497678,0.0],[-79.47535153837559,-2.538191378847442,0.0],[-79.47538800614551,-2.536924777129576,0.0],[-79.47668230965323,-2.537008407230804,0.0],[-79.4767326299604,-2.536435008408713,0.0],[-79.4760844229426,-2.536045317804343,0.0],[-79.47577131353307,-2.536145896273602,0.0],[-79.47543685453232,-2.536044550974363,0.0],[-79.47556486040598,-2.535809186116579,0.0],[-79.47469007059571,-2.5354388992435,0.0],[-79.47355923185208,-2.534774387618449,0.0],[-79.47274715781029,-2.53558756058758,0.0],[-79.47311525945065,-2.536164679708496,0.0],[-79.47307215304501,-2.53640391607297,0.0],[-79.47294356461161,-2.53649852020749,0.0],[-79.47241051845343,-2.536584988607568,0.0],[-79.47179215057038,-2.536555194553478,0.0],[-79.47186514662127,-2.537052876208596,0.0],[-79.47263924934366,-2.537120534902982,0.0],[-79.47271566227677,-2.537977113979005,0.0],[-79.47211861925257,-2.53782067961148,0.0],[-79.47202980174632,-2.53810977753833,0.0],[-79.47184152506068,-2.538332018628365,0.0],[-79.47141007769736,-2.538431614689939,0.0],[-79.47028069299917,-2.539167859836723,0.0],[-79.46900882368934,-2.539570142248754,0.0],[-79.4680977142398,-2.540087966363056,0.0],[-79.46797492522394,-2.540326028876642,0.0],[-79.46823160629998,-2.540908733561863,0.0],[-79.46743797445926,-2.541705025855128,0.0],[-79.46710232488309,-2.542613167065594,0.0],[-79.46763733170599,-2.542883003468864,0.0],[-79.46862284668025,-2.542931380474233,0.0],[-79.46881165686004,-2.543637308089474,0.0],[-79.46826723914602,-2.544246568611392,0.0],[-79.46826700084459,-2.544448466905588,0.0],[-79.46893599853038,-2.544583863955998,0.0],[-79.46880137332214,-2.545256697497306,0.0],[-79.46706160494668,-2.545220969637765,0.0],[-79.46682684404567,-2.545691784176194,0.0],[-79.46603396630113,-2.545529238930724,0.0],[-79.46633029229787,-2.54473217505523,0.0],[-79.46676512413684,-2.544833643618484,0.0],[-79.4669336458985,-2.543790704991303,0.0],[-79.46779969687496,-2.54384013228969,0.0],[-79.46763673599224,-2.543387748612193,0.0],[-79.46663320147881,-2.543218301239404,0.0],[-79.46609835402057,-2.542813866336078,0.0],[-79.46563509410205,-2.542720480895126,0.0],[-79.4656013084085,-2.542272774693393,0.0],[-79.46742934710988,-2.540155026694951,0.0],[-79.46789593312819,-2.540031623846077,0.0],[-79.4678373288938,-2.539972542586725,0.0],[-79.46803847106564,-2.539636285351485,0.0],[-79.46716964273406,-2.538726708599607,0.0],[-79.46650084679324,-2.538423063962317,0.0],[-79.46449068634927,-2.540708841397281,0.0],[-79.46392095118335,-2.541515751270002,0.0],[-79.46351953888546,-2.541447972065083,0.0],[-79.46281850126348,-2.542025079088274,0.0],[-79.46440607341499,-2.543914554038509,0.0],[-79.46378797897486,-2.544325337621617,0.0],[-79.46311890386542,-2.544257236356168,0.0],[-79.46238311220034,-2.544020808139288,0.0],[-79.46188184507308,-2.543515462879102,0.0],[-79.4611458957578,-2.543413632156267,0.0],[-79.46114549686357,-2.543750127585808,0.0],[-79.46124551063707,-2.544053093933854,0.0],[-79.46091053462199,-2.5443891880493,0.0],[-79.46037513125344,-2.544455844624679,0.0],[-79.46006110797838,-2.54435015110029,0.0],[-79.45956910295779,-2.543495864766133,0.0],[-79.45869936347772,-2.543360221806631,0.0],[-79.45833088997462,-2.543729924181418,0.0],[-79.45809692602278,-2.543527746378595,0.0],[-79.45824916695699,-2.542991076360153,0.0],[-79.45741062557897,-2.543508412520963,0.0],[-79.45614221079897,-2.544048143149019,0.0],[-79.45572817908376,-2.544051345661686,0.0],[-79.45538303483383,-2.544267402634807,0.0],[-79.4550612833266,-2.544832125712312,0.0],[-79.45506845820807,-2.544934881383011,0.0],[-79.45492234763144,-2.545074148683477,0.0],[-79.45493678475535,-2.54520626938938,0.0],[-79.45477802710896,-2.545508063550022,0.0],[-79.4540035640169,-2.54553225570506,0.0],[-79.45365026865096,-2.545517472656278,0.0],[-79.45317064988932,-2.545372939991378,0.0],[-79.45289769009482,-2.545146868663983,0.0],[-79.4522841034285,-2.544937951293069,0.0],[-79.45174522658881,-2.544926532480138,0.0],[-79.45112741590665,-2.545266767560919,0.0],[-79.45086328473747,-2.545298752164121,0.0],[-79.45043536650952,-2.545014682610143,0.0],[-79.45035385877915,-2.54453362221423,0.0],[-79.45018656613432,-2.544163725207827,0.0],[-79.45004037815119,-2.544052280751413,0.0],[-79.44972637131676,-2.544012419733391,0.0],[-79.4491692987451,-2.544295299003839,0.0],[-79.44867952833225,-2.545001792621751,0.0],[-79.44846172764935,-2.545087671456958,0.0],[-79.44809375889292,-2.545406671627804,0.0],[-79.44748564646333,-2.546343822406132,0.0],[-79.44677670194216,-2.546678904689872,0.0],[-79.44567373010379,-2.547587611448803,0.0],[-79.44525752335254,-2.547807277681327,0.0],[-79.44476771990797,-2.548547928715571,0.0],[-79.44478597692739,-2.549029539148125,0.0],[-79.44485131455951,-2.548985492925662,0.0],[-79.44585181124279,-2.551678655931775,0.0],[-79.44675504621425,-2.551780700701161,0.0],[-79.44678761505197,-2.552521025949269,0.0],[-79.4474562043602,-2.552992929486566,0.0],[-79.44752255406922,-2.553464100860039,0.0],[-79.44722098997696,-2.553833878435795,0.0],[-79.44671940662484,-2.553597723251346,0.0],[-79.44641707398887,-2.554606836406072,0.0],[-79.44628227246962,-2.555414257426344,0.0],[-79.44651607244695,-2.555751035294199,0.0],[-79.44688515939595,-2.55487660046299,0.0],[-79.44708558188842,-2.555146039145588,0.0],[-79.44658217850102,-2.556424102758375,0.0],[-79.44728394241322,-2.557131592830704,0.0],[-79.44902581086404,-2.555417591380072,0.0],[-79.44895925806054,-2.555114665960354,0.0],[-79.44959548102925,-2.554677995342939,0.0],[-79.44949543085484,-2.554408678560516,0.0],[-79.4497968738049,-2.554139849740976,0.0],[-79.45013133058012,-2.554241203327307,0.0],[-79.4520069415689,-2.55259465381627,0.0],[-79.4523757015888,-2.551989409897638,0.0],[-79.4527439783543,-2.551787958334262,0.0],[-79.4538460744068,-2.553471764377013,0.0],[-79.4531426953948,-2.554110253302146,0.0],[-79.45294227019247,-2.553840815793245,0.0],[-79.45237304396338,-2.554210270544286,0.0],[-79.44781643511561,-2.559487696421908,0.0],[-79.44691453018093,-2.558275222164489,0.0],[-79.44651242875081,-2.55877947249964,0.0],[-79.44620871386371,-2.560932661281013,0.0],[-79.44614175679895,-2.560966228915075,0.0],[-79.44490592539145,-2.559214956214887,0.0],[-79.44360763715805,-2.560385104599894,0.0],[-79.44601735700384,-2.563482627375786,0.0],[-79.45088114727044,-2.557587567886571,0.0],[-79.45144403383993,-2.558244662214898,0.0],[-79.44900718774682,-2.56140591969752,0.0],[-79.44663918399107,-2.564281939861472,0.0],[-79.44895628241362,-2.567260393118441,0.0],[-79.45059033617771,-2.565150195999445,0.0],[-79.45114347142044,-2.565553093101056,0.0],[-79.45107578495815,-2.56548485469333,0.0],[-79.45198447426309,-2.564703441186136,0.0],[-79.45405689858607,-2.566727469359868,0.0],[-79.4630806224406,-2.557478546259465,0.0],[-79.47087050591796,-2.549727848401806,0.0],[-79.47315527668043,-2.54769017708883,0.0],[-79.47308467032856,-2.547623778459605,0.0],[-79.47523871849529,-2.545448379876306,0.0],[-79.48388610570227,-2.537112916373191,0.0],[-79.48219062312668,-2.53564227896638,0.0],[-79.4849099948591,-2.532559648103328,0.0],[-79.48495182090095,-2.532246944305534,0.0],[-79.48594902069361,-2.530434145322845,0.0],[-79.48617723291594,-2.530288461555226,0.0],[-79.48619095282373,-2.530197471799932,0.0],[-79.48593170575172,-2.530118913737531,0.0]],[[-79.45021803972281,-2.56318905566395,0.0],[-79.4495764773146,-2.564071016756093,0.0],[-79.44888922223438,-2.563497590836922,0.0],[-79.4495782290148,-2.562615687038253,0.0],[-79.45021803972281,-2.56318905566395,0.0]]]}},{"type":"Feature","properties":{"FID_tr_200":7,"FID_2000_d":2,"cov_gen":"FOREST","FID_2022_d":0,"cov_gen_1":"AGRO","old_gen":"FOREST","new_gen":"AGRO","area_ha":165.782446229,"trans":"FOREST → AGRO","trans_grp":"PÉRDIDA_BOSQUE","FID_cacao_":106,"fcode":"EA010","descr":"PRODUCTO AGRICOLA, RESULTADO DE UN CONJUNTO DE TECNICAS Y CONOCIMIENTOS PARA CULTIVAR LA TIERRA","DPA_DESPRO":"GUAYAS","DPA_DESCAN":"NARANJAL","niv1":"TIERRA AGROPECUARIA","niv2":"CULTIVO","niv3":"CULTIVO PERMANENTE","niv4":"FRUTALES","niv5":"CACAO","LULC_std":"Cacao","label":"Cacao","cbt":"CACAO","uso":"AGRICOLA","tmp":"CULTIVO PERMANENTE","nal":"NO APLICABLE","tap":"PEQUENA","rie":"SI","spr":"MERCANTIL","sce":166.094398774,"usce":"HECTAREAS","txt":"EL CODIGO (fcode) Y LA DESCRIPCION (descr) CORRESPONDEN A LOS OBJETOS GEOGRAFICOS DEL ATRIBUTO niv2","simbologia":"CPuc: Cacao","SHAPE_Leng":12562.7253297,"apt_uso":1,"cob_suelo":"Cacao","cacao_sys":"Cacao_alim_sin50b","observ":null,"cob_label":"Cacao sin cultivos alimentarios próximos"},"geometry":{"type":"Polygon","coordinates":[[[-79.4745337663225,-2.592684540461061,0.0],[-79.47480606190624,-2.592684870322622,0.0],[-79.47480541196772,-2.593227504382829,0.0],[-79.47453563128612,-2.593227177499763,0.0],[-79.47463090378874,-2.593769927743482,0.0],[-79.47480476189273,-2.593770138438208,0.0],[-79.47480443680404,-2.594041455464112,0.0],[-79.47471357112519,-2.594041345337525,0.0],[-79.47589839152155,-2.597143999188075,0.0],[-79.47698970187427,-2.599640787082917,0.0],[-79.47698914847942,-2.600102247125782,0.0],[-79.47638072671789,-2.600251751973881,0.0],[-79.47606967271469,-2.601582096600551,0.0],[-79.47695892112169,-2.601996291728931,0.0],[-79.4768051372541,-2.602099127963172,0.0],[-79.47678608908167,-2.602288385064262,0.0],[-79.47685063748217,-2.603182629618428,0.0],[-79.47722300371817,-2.603258800260865,0.0],[-79.47748426371149,-2.602762223492658,0.0],[-79.47748734794857,-2.602882346827603,0.0],[-79.47824506166229,-2.60281887634895,0.0],[-79.47830526474823,-2.602883361147023,0.0],[-79.4794781328876,-2.602475294228711,0.0],[-79.47905418805621,-2.604375947437267,0.0],[-79.4783772449681,-2.603494908433941,0.0],[-79.4781006775464,-2.603438334943236,0.0],[-79.47802670528793,-2.603595925112382,0.0],[-79.47770658955677,-2.603728032723209,0.0],[-79.47746602956279,-2.603979094787099,0.0],[-79.47618252269234,-2.603366549054198,0.0],[-79.47614195205892,-2.603539190660741,0.0],[-79.47598749727443,-2.603539002943422,0.0],[-79.47589966231934,-2.603820477645197,0.0],[-79.47569979400325,-2.604004617512139,0.0],[-79.47614626713249,-2.604461536295013,0.0],[-79.47780625493577,-2.60568705797394,0.0],[-79.47826597552061,-2.606229651533996,0.0],[-79.47865374105109,-2.606195919317116,0.0],[-79.47939683782329,-2.606676905150592,0.0],[-79.47952379968262,-2.60631248391929,0.0],[-79.47938927935485,-2.606014616095742,0.0],[-79.47944271783464,-2.605886072631798,0.0],[-79.4797200392995,-2.605682778715587,0.0],[-79.48032755398111,-2.605619210651266,0.0],[-79.48045565458024,-2.605437170499013,0.0],[-79.48062622771884,-2.605383790211735,0.0],[-79.48110564284505,-2.605502262806772,0.0],[-79.48148190829853,-2.605897993338844,0.0],[-79.48155348959402,-2.606187431038329,0.0],[-79.48209655614036,-2.606344478898873,0.0],[-79.48212713205955,-2.60653035179898,0.0],[-79.48271303250655,-2.606752123782264,0.0],[-79.48334153403763,-2.607209041020881,0.0],[-79.48384255962453,-2.607081039197829,0.0],[-79.48427978460423,-2.606835067455907,0.0],[-79.48443302784935,-2.606637512320843,0.0],[-79.48450513132015,-2.606650464595232,0.0],[-79.48488020813745,-2.607133202657175,0.0],[-79.48486407913131,-2.607253754429029,0.0],[-79.48432191218346,-2.607253098261045,0.0],[-79.48414033481069,-2.6075958359412,0.0],[-79.48391654103251,-2.60759556495405,0.0],[-79.48390664896444,-2.607535428792672,0.0],[-79.48389264818965,-2.607798144022075,0.0],[-79.4840066753613,-2.607941843074664,0.0],[-79.4844063047984,-2.607999750656386,0.0],[-79.48464967522342,-2.608126999793498,0.0],[-79.48463101301068,-2.608322535508139,0.0],[-79.48452092226589,-2.608421909208606,0.0],[-79.48453919724119,-2.608793200074706,0.0],[-79.48441753559742,-2.608830767823738,0.0],[-79.48441662602808,-2.608959508288461,0.0],[-79.48409901512989,-2.608959073816111,0.0],[-79.48337299462612,-2.610498973481781,0.0],[-79.48486409264488,-2.610548388292565,0.0],[-79.48468518890726,-2.610822039611988,0.0],[-79.48470369253012,-2.611087055293293,0.0],[-79.48496721135916,-2.611068446546428,0.0],[-79.48572042031117,-2.610766509429618,0.0],[-79.48588999201054,-2.61061528996584,0.0],[-79.48589046782796,-2.610217800433726,0.0],[-79.48567342911406,-2.607874770991766,0.0],[-79.48550303199846,-2.606926308661594,0.0],[-79.4853602571355,-2.606660815236909,0.0],[-79.4855623154677,-2.6059522213286,0.0],[-79.48541003178127,-2.603691988528468,0.0],[-79.48506272541506,-2.603656635761586,0.0],[-79.48461601879397,-2.603457230264026,0.0],[-79.4841317641917,-2.603398195699582,0.0],[-79.48368651142646,-2.603124893650408,0.0],[-79.48347385168202,-2.602754455910905,0.0],[-79.483611394493,-2.6011375196416,0.0],[-79.48378600704795,-2.60092341609834,0.0],[-79.48405739132829,-2.600787361101177,0.0],[-79.48407774141764,-2.599969092510544,0.0],[-79.48400097067652,-2.599365022107085,0.0],[-79.48407867154798,-2.599189767228594,0.0],[-79.4843693578488,-2.599112185386224,0.0],[-79.48448575841701,-2.598975943012985,0.0],[-79.48460350560293,-2.597709679107238,0.0],[-79.48509056900417,-2.597442372580203,0.0],[-79.48513461054246,-2.59706250350378,0.0],[-79.48493448455837,-2.594300522037475,0.0],[-79.48473200898289,-2.593511209385314,0.0],[-79.48466087396265,-2.592239846576069,0.0],[-79.48453029839973,-2.592078953047424,0.0],[-79.48408526131958,-2.592491623018184,0.0],[-79.48401632468142,-2.591841153196934,0.0],[-79.48446602719551,-2.591290588322694,0.0],[-79.48400416285709,-2.587054795430302,0.0],[-79.48375301072413,-2.587301960633396,0.0],[-79.48374422600952,-2.58716474879624,0.0],[-79.4822713181252,-2.587234950656301,0.0],[-79.48244693814387,-2.589613088640786,0.0],[-79.48133136372894,-2.589836078383964,0.0],[-79.4808855089388,-2.589611208015345,0.0],[-79.48026072311967,-2.589789921052701,0.0],[-79.47771589696885,-2.591402042329829,0.0],[-79.47731438691825,-2.591401557083864,0.0],[-79.47633350724469,-2.590906840725576,0.0],[-79.47553027336026,-2.591085334839467,0.0],[-79.4745337663225,-2.592684540461061,0.0]],[[-79.48422388403922,-2.597806675306376,0.0],[-79.48328987538406,-2.597925311054777,0.0],[-79.48317467146289,-2.596231820116806,0.0],[-79.48350505637423,-2.596210783548853,0.0],[-79.48327261430906,-2.594527868274499,0.0],[-79.48341972637968,-2.593885103042889,0.0],[-79.48369745286449,-2.593727343075711,0.0],[-79.48412108522705,-2.593664364811513,0.0],[-79.48428256838221,-2.593695728366547,0.0],[-79.48422388403922,-2.597806675306376,0.0]],[[-79.4799486229283,-2.597893488077819,0.0],[-79.4798913425858,-2.598264955388494,0.0],[-79.47967783206686,-2.598579074144708,0.0],[-79.4794930121289,-2.598664589666804,0.0],[-79.47946426921054,-2.598936062788353,0.0],[-79.47935044331865,-2.599064533333418,0.0],[-79.47917988406266,-2.599107196878625,0.0],[-79.47909437346725,-2.599321440842092,0.0],[-79.47865386084787,-2.599349487035431,0.0],[-79.4786542715703,-2.599006530873833,0.0],[-79.47892448146561,-2.598806800041055,0.0],[-79.47894363739685,-2.597847022511809,0.0],[-79.4772557880275,-2.59783819725014,0.0],[-79.4772451050234,-2.597494838069799,0.0],[-79.4774816040567,-2.597434221896116,0.0],[-79.47785825337957,-2.596469076168366,0.0],[-79.47947050076851,-2.596261649975697,0.0],[-79.47950009222747,-2.596387312325107,0.0],[-79.48033879958807,-2.596394307947184,0.0],[-79.48039916205884,-2.595658570689321,0.0],[-79.48073233331547,-2.595605133723925,0.0],[-79.48073810963402,-2.59574871322846,0.0],[-79.48084469420454,-2.595824889750297,0.0],[-79.4810241148398,-2.595739003640793,0.0],[-79.48109697201491,-2.595563743198974,0.0],[-79.48108310538606,-2.595008456560144,0.0],[-79.48119953456462,-2.594847860980316,0.0],[-79.48135935963185,-2.594848053915018,0.0],[-79.48165442386158,-2.595096192375119,0.0],[-79.48216752172577,-2.594466957788155,0.0],[-79.48185621121738,-2.594894917858616,0.0],[-79.48186799266709,-2.595066717261227,0.0],[-79.48128319112271,-2.596137642430325,0.0],[-79.48143174369613,-2.596587639452576,0.0],[-79.48137107628459,-2.596594828458958,0.0],[-79.48141679752365,-2.597440850344106,0.0],[-79.48057889591111,-2.597516436201436,0.0],[-79.4804093266241,-2.597856481283823,0.0],[-79.4799486229283,-2.597893488077819,0.0]]]}},{"type":"Feature","properties":{"FID_tr_200":7,"FID_2000_d":2,"cov_gen":"FOREST","FID_2022_d":0,"cov_gen_1":"AGRO","old_gen":"FOREST","new_gen":"AGRO","area_ha":162.006477097,"trans":"FOREST → AGRO","trans_grp":"PÉRDIDA_BOSQUE","FID_cacao_":107,"fcode":"EA010","descr":"PRODUCTO AGRICOLA, RESULTADO DE UN CONJUNTO DE TECNICAS Y CONOCIMIENTOS PARA CULTIVAR LA TIERRA","DPA_DESPRO":"GUAYAS","DPA_DESCAN":"NARANJAL","niv1":"TIERRA AGROPECUARIA","niv2":"CULTIVO","niv3":"CULTIVO PERMANENTE","niv4":"FRUTALES","niv5":"CACAO","LULC_std":"Cacao","label":"Cacao","cbt":"CACAO","uso":"AGRICOLA","tmp":"CULTIVO PERMANENTE","nal":"NO APLICABLE","tap":"PEQUENA","rie":"SI","spr":"MERCANTIL","sce":162.025501803,"usce":"HECTAREAS","txt":"EL CODIGO (fcode) Y LA DESCRIPCION (descr) CORRESPONDEN A LOS OBJETOS GEOGRAFICOS DEL ATRIBUTO niv2","simbologia":"CPuc: Cacao","SHAPE_Leng":9997.15832889,"apt_uso":1,"cob_suelo":"Cacao","cacao_sys":"Cacao_alim_con50b","observ":null,"cob_label":"Cacao próximo a cultivos alimentarios"},"geometry":{"type":"MultiPolygon","coordinates":[[[[-79.44782462625083,-2.581074335784112,0.0],[-79.44675359467254,-2.58208025746116,0.0],[-79.44658931466866,-2.582667554145909,0.0],[-79.44590594307624,-2.583622696343804,0.0],[-79.44631421821104,-2.584158398422014,0.0],[-79.44803913533438,-2.582309588040561,0.0],[-79.4481895760388,-2.582410720547101,0.0],[-79.44816356341397,-2.583167799561528,0.0],[-79.44823863060503,-2.58334455066346,0.0],[-79.4488158508596,-2.583294785873631,0.0],[-79.4489661998696,-2.583471629403886,0.0],[-79.44899046733887,-2.584153059300619,0.0],[-79.44934107708245,-2.584733942058413,0.0],[-79.44974245813115,-2.584835382695521,0.0],[-79.44979230849336,-2.585113051740002,0.0],[-79.44961631419191,-2.585390442604133,0.0],[-79.44984176149129,-2.585718800758927,0.0],[-79.45044361841795,-2.586047621952063,0.0],[-79.45084502983701,-2.586123825815262,0.0],[-79.45102184915476,-2.586352383731293,0.0],[-79.44918321220358,-2.582939295141167,0.0],[-79.4511195211199,-2.581151947445897,0.0],[-79.45386703691909,-2.586217071124467,0.0],[-79.45284227731719,-2.586779816257365,0.0],[-79.45277560413125,-2.586666731967694,0.0],[-79.45182673419563,-2.587391023567534,0.0],[-79.45207282904205,-2.587614318944904,0.0],[-79.45272530460954,-2.58758988255975,0.0],[-79.45290084012457,-2.587691045875145,0.0],[-79.45325215691702,-2.58769147666262,0.0],[-79.45365399766646,-2.587414360932294,0.0],[-79.45392926789333,-2.588045626346835,0.0],[-79.45440614636227,-2.587970499453676,0.0],[-79.45455573230883,-2.588778269514029,0.0],[-79.45442998638985,-2.589005249337394,0.0],[-79.45480560246492,-2.589661874816061,0.0],[-79.45468914977856,-2.589731950165759,0.0],[-79.4548253382402,-2.589712554402542,0.0],[-79.45519236109791,-2.590261715189362,0.0],[-79.45564911165955,-2.589836945294915,0.0],[-79.45590063314918,-2.589357747519446,0.0],[-79.45615191086573,-2.589080447480964,0.0],[-79.45695550171843,-2.588601925007705,0.0],[-79.4572820918965,-2.588299478909283,0.0],[-79.45740805003076,-2.587895839033088,0.0],[-79.45773463899148,-2.587593392639549,0.0],[-79.45843782294355,-2.587139983320041,0.0],[-79.45889033928529,-2.586459132810811,0.0],[-79.45911633832442,-2.586333223538074,0.0],[-79.45941746730917,-2.586333591114041,0.0],[-79.45961846298704,-2.586131938785113,0.0],[-79.45981973346595,-2.585703153100495,0.0],[-79.46019632722917,-2.585552189416799,0.0],[-79.4607986155994,-2.585527686013132,0.0],[-79.46089920454368,-2.585351148658805,0.0],[-79.46127567662154,-2.585301132810776,0.0],[-79.46210228652355,-2.586353843230029,0.0],[-79.46138063510648,-2.586970906156498,0.0],[-79.46163817092223,-2.586971220139456,0.0],[-79.46202664491913,-2.586841516327258,0.0],[-79.46359643928783,-2.586107907909565,0.0],[-79.46288751530149,-2.584792317450541,0.0],[-79.45982647752267,-2.581012537658947,0.0],[-79.45637251435244,-2.576567584664186,0.0],[-79.45481277461984,-2.574649959293736,0.0],[-79.45468905574477,-2.57462104641816,0.0],[-79.45066172529415,-2.569450413447794,0.0],[-79.44911077353515,-2.573652568636025,0.0],[-79.45214273641852,-2.577023595777638,0.0],[-79.44724046099873,-2.580118244522446,0.0],[-79.44782462625083,-2.581074335784112,0.0]],[[-79.45728706271362,-2.584185832515791,0.0],[-79.45655993392442,-2.584560230136232,0.0],[-79.45648841697368,-2.583765937339239,0.0],[-79.45626613713108,-2.583541845281491,0.0],[-79.45626652332501,-2.583222103616382,0.0],[-79.45601264265812,-2.582838101490397,0.0],[-79.45575849266322,-2.58267792041823,0.0],[-79.45579051748769,-2.582486113578236,0.0],[-79.45601322186863,-2.582358488592184,0.0],[-79.45609615111914,-2.582150716396287,0.0],[-79.45728706271362,-2.584185832515791,0.0]]],[[[-79.46127357790857,-2.587042496123103,0.0],[-79.46116583976928,-2.587200999423413,0.0],[-79.46132390601416,-2.587008841336961,0.0],[-79.46127357790857,-2.587042496123103,0.0]]]]}},{"type":"Feature","properties":{"FID_tr_200":7,"FID_2000_d":2,"cov_gen":"FOREST","FID_2022_d":0,"cov_gen_1":"AGRO","old_gen":"FOREST","new_gen":"AGRO","area_ha":384.046274148,"trans":"FOREST → AGRO","trans_grp":"PÉRDIDA_BOSQUE","FID_cacao_":108,"fcode":"EA010","descr":"PRODUCTO AGRICOLA, RESULTADO DE UN CONJUNTO DE TECNICAS Y CONOCIMIENTOS PARA CULTIVAR LA TIERRA","DPA_DESPRO":"GUAYAS","DPA_DESCAN":"NARANJAL","niv1":"TIERRA AGROPECUARIA","niv2":"CULTIVO","niv3":"CULTIVO PERMANENTE","niv4":"FRUTALES","niv5":"CACAO","LULC_std":"Cacao","label":"Cacao","cbt":"CACAO","uso":"AGRICOLA","tmp":"CULTIVO PERMANENTE","nal":"NO APLICABLE","tap":"PEQUENA","rie":"SI","spr":"MERCANTIL","sce":384.469770921,"usce":"HECTAREAS","txt":"EL CODIGO (fcode) Y LA DESCRIPCION (descr) CORRESPONDEN A LOS OBJETOS GEOGRAFICOS DEL ATRIBUTO niv2","simbologia":"CPuc: Cacao","SHAPE_Leng":25021.1054966,"apt_uso":1,"cob_suelo":"Cacao","cacao_sys":"Cacao_alim_con50b","observ":null,"cob_label":"Cacao próximo a cultivos alimentarios"},"geometry":{"type":"Polygon","coordinates":[[[-79.4276081049585,-2.567303696217365,0.0],[-79.42805992425146,-2.567373477285317,0.0],[-79.42800682971773,-2.567659857822305,0.0],[-79.42750262347852,-2.568069010439876,0.0],[-79.42746281236633,-2.568275838879619,0.0],[-79.42796829884183,-2.568976664904522,0.0],[-79.42803916299812,-2.56925524208477,0.0],[-79.42750522485105,-2.570812292510663,0.0],[-79.42710313470225,-2.571178118235938,0.0],[-79.42700884216922,-2.571368009814055,0.0],[-79.42702192867822,-2.572063125765437,0.0],[-79.42727017998052,-2.573112956352777,0.0],[-79.42711402827403,-2.573662620492793,0.0],[-79.42749164174664,-2.574449801393402,0.0],[-79.42749280759332,-2.575185689852359,0.0],[-79.42777886629494,-2.575983067293951,0.0],[-79.42765815188606,-2.576452738497376,0.0],[-79.42766040507033,-2.577108139285528,0.0],[-79.42755061844927,-2.577612461370332,0.0],[-79.42770112497004,-2.578293006877692,0.0],[-79.42793738618495,-2.578560813354195,0.0],[-79.42857274277294,-2.578891788308284,0.0],[-79.42907508479779,-2.579749756512798,0.0],[-79.4296558153639,-2.579895990816751,0.0],[-79.42989659618065,-2.580658313778666,0.0],[-79.43028597385302,-2.581086806699691,0.0],[-79.43170883783503,-2.580545678441283,0.0],[-79.43155989874914,-2.580341867854807,0.0],[-79.43160270849086,-2.580191880905415,0.0],[-79.43131552493381,-2.5797521207765,0.0],[-79.43173139842486,-2.579527575749351,0.0],[-79.43156129088699,-2.579205850347128,0.0],[-79.43191312042536,-2.579066963063698,0.0],[-79.43206206046692,-2.579270773557036,0.0],[-79.43274451256268,-2.578907235835482,0.0],[-79.43339325116871,-2.579969038597514,0.0],[-79.43345376892671,-2.579950282650641,0.0],[-79.4326177891109,-2.581041291104614,0.0],[-79.43128179535881,-2.581188178934196,0.0],[-79.43055769359209,-2.58138582292252,0.0],[-79.43078573592287,-2.5816367727156,0.0],[-79.43082716906856,-2.581947837925406,0.0],[-79.43037549047291,-2.582687160735201,0.0],[-79.43140483872925,-2.582715328295829,0.0],[-79.43261577100544,-2.583961610203388,0.0],[-79.4331706093739,-2.584673600147222,0.0],[-79.4320586877305,-2.585078679065242,0.0],[-79.43198262856133,-2.585307217410252,0.0],[-79.4323360135698,-2.585510885166969,0.0],[-79.43198163034204,-2.586120132830967,0.0],[-79.43187819462612,-2.586113398798864,0.0],[-79.4316899317592,-2.586695417480996,0.0],[-79.42925274915272,-2.586802637548395,0.0],[-79.42909203024577,-2.587507061707556,0.0],[-79.42909135413014,-2.588056213588611,0.0],[-79.42851120992056,-2.588347035949561,0.0],[-79.4283609207655,-2.588975211493867,0.0],[-79.42845674972865,-2.589039633566109,0.0],[-79.42855286832776,-2.588868279066053,0.0],[-79.42868793314271,-2.588800700892545,0.0],[-79.42996837478505,-2.588780284261351,0.0],[-79.43032054733047,-2.588362318389539,0.0],[-79.4301516534714,-2.587964628374576,0.0],[-79.43152162042064,-2.587988318794025,0.0],[-79.43163891857294,-2.589122472446961,0.0],[-79.43153149264349,-2.589123805708708,0.0],[-79.43153019120741,-2.590181731441604,0.0],[-79.43194610531589,-2.590182248973612,0.0],[-79.43216671298721,-2.590749495802115,0.0],[-79.43278778573647,-2.590750268422481,0.0],[-79.432957239064,-2.590693696267766,0.0],[-79.43273177842553,-2.590381110382449,0.0],[-79.43273193551482,-2.590253348832766,0.0],[-79.43295800696312,-2.590069085285303,0.0],[-79.43279344931761,-2.589883485015565,0.0],[-79.43283630788615,-2.589499880443083,0.0],[-79.43313948631622,-2.589449450487675,0.0],[-79.43312857665545,-2.589103987895467,0.0],[-79.43276236993485,-2.588000973025224,0.0],[-79.43306551766491,-2.587975945784037,0.0],[-79.43336844616304,-2.58812874430227,0.0],[-79.43464337524424,-2.591194517364442,0.0],[-79.4345268465747,-2.591291886724206,0.0],[-79.43415639320592,-2.59122042934649,0.0],[-79.43380331841327,-2.591376143279269,0.0],[-79.43361948852471,-2.591645633364235,0.0],[-79.43339360870557,-2.591673744364665,0.0],[-79.43346364430158,-2.592113898839729,0.0],[-79.4332941732674,-2.592184666891792,0.0],[-79.43318158254107,-2.591914807326835,0.0],[-79.4322923875678,-2.591856917963523,0.0],[-79.43230618862701,-2.592112458573194,0.0],[-79.43294118550406,-2.592269401608759,0.0],[-79.43312431801637,-2.592567739963547,0.0],[-79.43313804840385,-2.592880062581832,0.0],[-79.4346202447823,-2.592810927400198,0.0],[-79.4349718020283,-2.593890240597112,0.0],[-79.43511359443272,-2.593900603786127,0.0],[-79.43510110575393,-2.59401238521823,0.0],[-79.43468672982405,-2.594276856966603,0.0],[-79.4344607912044,-2.594352286479832,0.0],[-79.43419737467617,-2.594295175786873,0.0],[-79.43412176681785,-2.594560068717175,0.0],[-79.4344412255946,-2.594957945927511,0.0],[-79.43419632661474,-2.595146917579961,0.0],[-79.43395161396411,-2.595184468234955,0.0],[-79.43380116674744,-2.595089642721215,0.0],[-79.43359404845933,-2.595165095390415,0.0],[-79.43351844033629,-2.595429988172755,0.0],[-79.43341081082554,-2.595520910989906,0.0],[-79.433582628168,-2.595689275200949,0.0],[-79.43383829505522,-2.595506097050417,0.0],[-79.43412053221226,-2.595563231392373,0.0],[-79.4341956044153,-2.595733673653512,0.0],[-79.43404441141014,-2.596244531759084,0.0],[-79.43422572583671,-2.596435640165093,0.0],[-79.43481155925565,-2.596498508244119,0.0],[-79.435086494842,-2.596754373332511,0.0],[-79.43541466381892,-2.596765428998677,0.0],[-79.43596420717027,-2.597543329788055,0.0],[-79.43613382761194,-2.597351898409811,0.0],[-79.4364502081213,-2.597872115014342,0.0],[-79.43779430173348,-2.596723769152795,0.0],[-79.43778273289215,-2.597271108193652,0.0],[-79.43759382963876,-2.597838703622533,0.0],[-79.43733001631257,-2.598103362994673,0.0],[-79.4372823461561,-2.598919040310046,0.0],[-79.43711840854016,-2.599230519328907,0.0],[-79.43708897379378,-2.599948332352258,0.0],[-79.43733139686934,-2.600163988458665,0.0],[-79.43741668016489,-2.600465591645833,0.0],[-79.4371308466955,-2.600723661958317,0.0],[-79.4370305984598,-2.600981962349033,0.0],[-79.43702911710875,-2.601548889795195,0.0],[-79.43873070168527,-2.601871819129645,0.0],[-79.43911109461341,-2.602111575852943,0.0],[-79.43931343762625,-2.602028078733528,0.0],[-79.43989710138412,-2.601430595825792,0.0],[-79.4403137863955,-2.601179866205543,0.0],[-79.44084939301102,-2.600965176985544,0.0],[-79.44137292608407,-2.600894042293929,0.0],[-79.44183730069233,-2.600559621238794,0.0],[-79.44227817510611,-2.599985887802058,0.0],[-79.44321846657968,-2.599604200093846,0.0],[-79.44367094322476,-2.59926976302677,0.0],[-79.44351080396567,-2.599212268612229,0.0],[-79.44325366360907,-2.599355520814291,0.0],[-79.44255747112373,-2.599237275777989,0.0],[-79.44135746140208,-2.599924924280907,0.0],[-79.44121443871693,-2.600140101509882,0.0],[-79.44082906322056,-2.600082195060964,0.0],[-79.44055886416974,-2.599234795828442,0.0],[-79.4406806223911,-2.598923263488944,0.0],[-79.44099988314804,-2.598539161209035,0.0],[-79.44141650907292,-2.59833628645236,0.0],[-79.44218982372091,-2.59830135350157,0.0],[-79.4425472155737,-2.597895013860517,0.0],[-79.44295193033665,-2.597704088471422,0.0],[-79.44340443531785,-2.597345723126962,0.0],[-79.44392804139373,-2.597214765466239,0.0],[-79.44435665099792,-2.596940119887853,0.0],[-79.4460609620922,-2.596145044770584,0.0],[-79.44647503730212,-2.596133989243177,0.0],[-79.44647564714313,-2.595634686848715,0.0],[-79.44674542476054,-2.595635020052527,0.0],[-79.44674509345421,-2.595906333475997,0.0],[-79.44701487116387,-2.595906666656868,0.0],[-79.44701465159434,-2.596086492116821,0.0],[-79.44717933300443,-2.596069703293777,0.0],[-79.44728450480821,-2.59602503833613,0.0],[-79.44728464890827,-2.59590699977992,0.0],[-79.44756164275303,-2.595907341753251,0.0],[-79.44782434103979,-2.595795777396261,0.0],[-79.4478245355776,-2.595636352289666,0.0],[-79.44809431336868,-2.595636685204423,0.0],[-79.44809464435286,-2.595365371605395,0.0],[-79.44878238754404,-2.595366219952984,0.0],[-79.44974123485876,-2.594601647541812,0.0],[-79.44925202365239,-2.593709285673157,0.0],[-79.4493097685306,-2.593679177639253,0.0],[-79.44882139297732,-2.593922113723994,0.0],[-79.44815627770814,-2.59318614219769,0.0],[-79.44886708113691,-2.592688396226593,0.0],[-79.44888568037304,-2.592376920683682,0.0],[-79.448597853241,-2.591866404295848,0.0],[-79.44812659798032,-2.592181525648747,0.0],[-79.44821945198656,-2.591607030395725,0.0],[-79.44849231492127,-2.591300407192639,0.0],[-79.44823734202718,-2.590700054110485,0.0],[-79.44734292316421,-2.591372969394357,0.0],[-79.44560092770074,-2.589614857165781,0.0],[-79.44393944377462,-2.592130377712003,0.0],[-79.4437985331993,-2.591931462867276,0.0],[-79.44490171541526,-2.590144154280337,0.0],[-79.44349109772307,-2.589390035507321,0.0],[-79.4422592192426,-2.590780350213135,0.0],[-79.44180531688222,-2.590231576218959,0.0],[-79.4422105697986,-2.589576286786809,0.0],[-79.44265229480604,-2.588630252902582,0.0],[-79.44416006380762,-2.586882350611704,0.0],[-79.44419397430327,-2.586512250209146,0.0],[-79.44412750762262,-2.586142026073948,0.0],[-79.44390043069762,-2.585757222578447,0.0],[-79.44354818819471,-2.586142423370743,0.0],[-79.44114096055023,-2.589493205284104,0.0],[-79.4400869844014,-2.58849495199947,0.0],[-79.4377998652868,-2.586028853904757,0.0],[-79.43889105147855,-2.585391394969475,0.0],[-79.43925360510576,-2.583251830922808,0.0],[-79.43889611004603,-2.581249785858343,0.0],[-79.4399552715545,-2.580825220020135,0.0],[-79.44092749683884,-2.582242448127881,0.0],[-79.4421535906375,-2.58383033837354,0.0],[-79.4437539483942,-2.582352398624147,0.0],[-79.44489627594777,-2.579924058586748,0.0],[-79.43980762530947,-2.574211094159288,0.0],[-79.4377039852779,-2.575658500908803,0.0],[-79.43804210330312,-2.576188892811974,0.0],[-79.43738274941697,-2.576718053982139,0.0],[-79.436968589089,-2.576812181455049,0.0],[-79.43649639746148,-2.577246423320458,0.0],[-79.43618264802937,-2.576696095422983,0.0],[-79.43685652287517,-2.576111720165426,0.0],[-79.43338105021677,-2.570978037018846,0.0],[-79.42934184363982,-2.564589798187626,0.0],[-79.42864436441468,-2.565632073509811,0.0],[-79.42763508730681,-2.566030933307969,0.0],[-79.42732252264608,-2.566016256972517,0.0],[-79.42709492820298,-2.566230318839816,0.0],[-79.42702366015273,-2.566415994008865,0.0],[-79.4270660923628,-2.566573231645165,0.0],[-79.42749199150325,-2.566859548720014,0.0],[-79.42764782895266,-2.567231269002126,0.0],[-79.4276081049585,-2.567303696217365,0.0]],[[-79.43533870156972,-2.588131189914417,0.0],[-79.43495936958209,-2.588486370890213,0.0],[-79.43450528743655,-2.588003137338813,0.0],[-79.4339495746466,-2.588002447529311,0.0],[-79.43324311472638,-2.587341075359206,0.0],[-79.43307460391614,-2.587340866096319,0.0],[-79.43306076406718,-2.586422662747748,0.0],[-79.43359762295366,-2.586630212799107,0.0],[-79.43379982457418,-2.586528849188505,0.0],[-79.43428041229745,-2.585995967799389,0.0],[-79.43453294659494,-2.58604708874216,0.0],[-79.43453223011798,-2.586631372439448,0.0],[-79.43405204723607,-2.586834005862728,0.0],[-79.43405161087209,-2.587189656762329,0.0],[-79.43448037043368,-2.587723665619617,0.0],[-79.43503605298486,-2.587749758963417,0.0],[-79.43533870156972,-2.588131189914417,0.0]],[[-79.43913131539372,-2.592730050548059,0.0],[-79.43932472424174,-2.594285344509908,0.0],[-79.4389670651177,-2.594341683932667,0.0],[-79.43896574153337,-2.594344518414164,0.0],[-79.43896880140106,-2.596340368125905,0.0],[-79.43920261555145,-2.596404810314348,0.0],[-79.44179863635891,-2.592749190873614,0.0],[-79.44269541552615,-2.593661985480496,0.0],[-79.4434142066431,-2.594557209537585,0.0],[-79.4391463936509,-2.598597715220989,0.0],[-79.43849799094517,-2.597858729828328,0.0],[-79.43812152247366,-2.598182442669984,0.0],[-79.43810631478507,-2.59751754484052,0.0],[-79.43781235098406,-2.595515578346186,0.0],[-79.43723468392432,-2.594648919509803,0.0],[-79.43677547660175,-2.59451635277907,0.0],[-79.43695207911973,-2.594840267971823,0.0],[-79.43694117920327,-2.595095778416565,0.0],[-79.43676082849572,-2.595404311604668,0.0],[-79.43676064533135,-2.595553366871377,0.0],[-79.43718334825512,-2.596171406885814,0.0],[-79.43724644846634,-2.596512183398138,0.0],[-79.43720376231384,-2.596788947869338,0.0],[-79.43704480753718,-2.596916512252581,0.0],[-79.43685444534562,-2.596756572848762,0.0],[-79.43688672874416,-2.596330740904792,0.0],[-79.43643197912156,-2.59594689051384,0.0],[-79.43607223358772,-2.595786740522676,0.0],[-79.43600932997846,-2.595286262663581,0.0],[-79.43616867704893,-2.594839294421851,0.0],[-79.43650300177009,-2.594394571128924,0.0],[-79.43619068835933,-2.594207554407332,0.0],[-79.43569628486009,-2.594505050750786,0.0],[-79.43537201503423,-2.594192340797817,0.0],[-79.43556996186902,-2.593922868013186,0.0],[-79.43709515175915,-2.593328541822779,0.0],[-79.43913131539372,-2.592730050548059,0.0]]]}},{"type":"Feature","properties":{"FID_tr_200":7,"FID_2000_d":2,"cov_gen":"FOREST","FID_2022_d":0,"cov_gen_1":"AGRO","old_gen":"FOREST","new_gen":"AGRO","area_ha":6.25046474439,"trans":"FOREST → AGRO","trans_grp":"PÉRDIDA_BOSQUE","FID_cacao_":109,"fcode":"EA010","descr":"PRODUCTO AGRICOLA, RESULTADO DE UN CONJUNTO DE TECNICAS Y CONOCIMIENTOS PARA CULTIVAR LA TIERRA","DPA_DESPRO":"GUAYAS","DPA_DESCAN":"NARANJAL","niv1":"TIERRA AGROPECUARIA","niv2":"CULTIVO","niv3":"CULTIVO PERMANENTE","niv4":"FRUTALES","niv5":"CACAO","LULC_std":"Cacao","label":"Cacao","cbt":"CACAO","uso":"AGRICOLA","tmp":"CULTIVO PERMANENTE","nal":"NO APLICABLE","tap":"PEQUENA","rie":"SI","spr":"MERCANTIL","sce":6.25046474442,"usce":"HECTAREAS","txt":"EL CODIGO (fcode) Y LA DESCRIPCION (descr) CORRESPONDEN A LOS OBJETOS GEOGRAFICOS DEL ATRIBUTO niv2","simbologia":"CPuc: Cacao","SHAPE_Leng":2082.19304774,"apt_uso":1,"cob_suelo":"Cacao","cacao_sys":"Cacao_alim_sin50b","observ":null,"cob_label":"Cacao sin cultivos alimentarios próximos"},"geometry":{"type":"Polygon","coordinates":[[[-79.42499773838637,-2.561947585430628,0.0],[-79.42499775461334,-2.563426865149692,0.0],[-79.42533933138466,-2.564018562361818,0.0],[-79.42593621079986,-2.563969930847222,0.0],[-79.4260071135097,-2.563604739478062,0.0],[-79.42612629338777,-2.56342542522539,0.0],[-79.42638821092977,-2.563258252147748,0.0],[-79.4263754985877,-2.563094791264648,0.0],[-79.42682859851192,-2.563067370673235,0.0],[-79.42752833981108,-2.562673875428776,0.0],[-79.42777456801568,-2.561545010707431,0.0],[-79.4277750604857,-2.561141222914099,0.0],[-79.42790104997299,-2.560712352492386,0.0],[-79.42820281442401,-2.560182751810074,0.0],[-79.42810281101687,-2.559879787853588,0.0],[-79.42499773838637,-2.561947585430628,0.0]],[[-79.42664764198743,-2.56161302134938,0.0],[-79.42683126879676,-2.560953493813157,0.0],[-79.42725293856773,-2.561200750210559,0.0],[-79.42729424389421,-2.562052541868445,0.0],[-79.42608217807911,-2.562322106875554,0.0],[-79.4258983368973,-2.562605793412161,0.0],[-79.4259828361949,-2.562762050123673,0.0],[-79.42588390955122,-2.562861298337221,0.0],[-79.42561595148493,-2.56267642307137,0.0],[-79.42553153987477,-2.562449187843476,0.0],[-79.42516462065316,-2.562391951596678,0.0],[-79.42506604193287,-2.562207285693984,0.0],[-79.42520741714672,-2.562022917301452,0.0],[-79.4256027902306,-2.561895644545362,0.0],[-79.42618148513807,-2.561910555355179,0.0],[-79.42644978991049,-2.561811516231357,0.0],[-79.42664764198743,-2.56161302134938,0.0]]]}},{"type":"Feature","properties":{"FID_tr_200":7,"FID_2000_d":2,"cov_gen":"FOREST","FID_2022_d":0,"cov_gen_1":"AGRO","old_gen":"FOREST","new_gen":"AGRO","area_ha":1183.55421567,"trans":"FOREST → AGRO","trans_grp":"PÉRDIDA_BOSQUE","FID_cacao_":110,"fcode":"EA010","descr":"PRODUCTO AGRICOLA, RESULTADO DE UN CONJUNTO DE TECNICAS Y CONOCIMIENTOS PARA CULTIVAR LA TIERRA","DPA_DESPRO":"GUAYAS","DPA_DESCAN":"NARANJAL","niv1":"TIERRA AGROPECUARIA","niv2":"CULTIVO","niv3":"CULTIVO PERMANENTE","niv4":"FRUTALES","niv5":"CACAO","LULC_std":"Cacao","label":"Cacao","cbt":"CACAO","uso":"AGRICOLA","tmp":"CULTIVO PERMANENTE","nal":"NO APLICABLE","tap":"PEQUENA","rie":"SI","spr":"MERCANTIL","sce":1245.08399937,"usce":"HECTAREAS","txt":"EL CODIGO (fcode) Y LA DESCRIPCION (descr) CORRESPONDEN A LOS OBJETOS GEOGRAFICOS DEL ATRIBUTO niv2","simbologia":"CPuc: Cacao","SHAPE_Leng":65362.253188,"apt_uso":1,"cob_suelo":"Cacao","cacao_sys":"Cacao_alim_con50b","observ":null,"cob_label":"Cacao próximo a cultivos alimentarios"},"geometry":{"type":"MultiPolygon","coordinates":[[[[-79.3894002804284,-2.508744816744353,0.0],[-79.38925662517295,-2.509616749558281,0.0],[-79.38867140177182,-2.510117956275229,0.0],[-79.38743002936181,-2.510819121833709,0.0],[-79.38736063506018,-2.510912741358835,0.0],[-79.38750074868554,-2.510912915161921,0.0],[-79.38750008325003,-2.511455527116002,0.0],[-79.38723033095111,-2.511455192417709,0.0],[-79.38722966526014,-2.511997804294661,0.0],[-79.38695991288603,-2.511997469468026,0.0],[-79.38695957993082,-2.512268775368534,0.0],[-79.38668982753717,-2.512268440449747,0.0],[-79.38669011888484,-2.512031079399933,0.0],[-79.3865750235119,-2.513142811119618,0.0],[-79.38643494411416,-2.51347176413002,0.0],[-79.38593556329586,-2.513895340713507,0.0],[-79.38614832336778,-2.513895605170796,0.0],[-79.38614698965239,-2.514980828298213,0.0],[-79.38587723681044,-2.514980492849276,0.0],[-79.38587656962481,-2.51552310433353,0.0],[-79.38560681670758,-2.515522768756111,0.0],[-79.38560614926615,-2.516065380163154,0.0],[-79.38533639627363,-2.516065044457231,0.0],[-79.3853350705715,-2.51714227569496,0.0],[-79.38585496613584,-2.516237255634955,0.0],[-79.38663992955706,-2.516345907236137,0.0],[-79.38667614471187,-2.515915252684517,0.0],[-79.38697461750513,-2.515030296165956,0.0],[-79.38716507580195,-2.514922858610492,0.0],[-79.38747417938086,-2.515066808961693,0.0],[-79.38758094418402,-2.515306219370054,0.0],[-79.38761593908139,-2.515868565236099,0.0],[-79.3873774292466,-2.516358787983497,0.0],[-79.38712744863874,-2.516502043452315,0.0],[-79.38707960301711,-2.516717334248737,0.0],[-79.38719835114551,-2.516884975590036,0.0],[-79.38737675281816,-2.516909125747818,0.0],[-79.38747168023262,-2.517100665794457,0.0],[-79.38755171237501,-2.518521053257697,0.0],[-79.38682745990343,-2.518619276472742,0.0],[-79.38675586583105,-2.518798645596766,0.0],[-79.38685045532421,-2.519265354966628,0.0],[-79.38677890624221,-2.519408832115801,0.0],[-79.38636746627482,-2.519496474374143,0.0],[-79.3864583192625,-2.518929877670192,0.0],[-79.3858648298155,-2.517888281578794,0.0],[-79.38567457713904,-2.517828225301184,0.0],[-79.38549658791547,-2.517469088298231,0.0],[-79.38533476474365,-2.517390717835589,0.0],[-79.38533439274853,-2.517692878432674,0.0],[-79.38506463945772,-2.517692542453222,0.0],[-79.3850633028291,-2.518777764935005,0.0],[-79.38479354935139,-2.518777428754464,0.0],[-79.38479221192179,-2.519862651072339,0.0],[-79.38452245825707,-2.519862314690659,0.0],[-79.38452178921393,-2.520404925770042,0.0],[-79.38425203547376,-2.520404589259711,0.0],[-79.3842517008422,-2.520675894761359,0.0],[-79.38377614626205,-2.520675301319541,0.0],[-79.38371211840231,-2.520735968695924,0.0],[-79.38371118891217,-2.521489137779975,0.0],[-79.38352340614367,-2.521488903313956,0.0],[-79.38346821679016,-2.522455488856258,0.0],[-79.38352857130558,-2.522623964672849,0.0],[-79.38344097826513,-2.522782076267967,0.0],[-79.38354846487942,-2.522974820501449,0.0],[-79.38347673774099,-2.523261863766042,0.0],[-79.38289877906612,-2.524036327851158,0.0],[-79.38289857527546,-2.524201180241943,0.0],[-79.38278793622109,-2.524201041883293,0.0],[-79.38262852781705,-2.524437924880976,0.0],[-79.38262814998852,-2.524743453420226,0.0],[-79.38240139291496,-2.524743169732862,0.0],[-79.38235806000671,-2.525014421164796,0.0],[-79.38221469783579,-2.525014241765156,0.0],[-79.38213230500011,-2.525384962788619,0.0],[-79.38214547789408,-2.526275089595465,0.0],[-79.3818163110361,-2.526823412089193,0.0],[-79.38181586423615,-2.527184187161385,0.0],[-79.38173038973405,-2.527184080075192,0.0],[-79.38175470137332,-2.527615677189897,0.0],[-79.38154538808436,-2.52776612872712,0.0],[-79.38154476486527,-2.528269069611052,0.0],[-79.38127500990204,-2.528268731429622,0.0],[-79.38127329220072,-2.529654174786064,0.0],[-79.38925249033905,-2.529654176850036,0.0],[-79.38903401490133,-2.529338278766823,0.0],[-79.38946839356177,-2.528219000277021,0.0],[-79.39003960820303,-2.52803307630349,0.0],[-79.39067632362851,-2.528751703381265,0.0],[-79.39096596676467,-2.529244977330328,0.0],[-79.39170250038319,-2.529293751203895,0.0],[-79.39170249975825,-2.524604166388953,0.0],[-79.39436819650847,-2.521059248941641,0.0],[-79.3938967131515,-2.520756439706994,0.0],[-79.3937986914344,-2.520835444870011,0.0],[-79.3931558128967,-2.520602383069492,0.0],[-79.39275175504666,-2.520286034119237,0.0],[-79.39271450454615,-2.520129180556338,0.0],[-79.39170081879807,-2.519777459754968,0.0],[-79.39171965795074,-2.51993540728447,0.0],[-79.39193702424046,-2.520189333765434,0.0],[-79.39100484317233,-2.520819848012835,0.0],[-79.39010674647089,-2.519842477998186,0.0],[-79.39012034253822,-2.519746253362575,0.0],[-79.38980148074346,-2.519478395722708,0.0],[-79.38965520221242,-2.519449500627913,0.0],[-79.38954792692775,-2.519625236385103,0.0],[-79.38915136289654,-2.519290519876523,0.0],[-79.38942678066081,-2.519085514802289,0.0],[-79.38944509923704,-2.518829012640136,0.0],[-79.39095757781234,-2.51920585918144,0.0],[-79.39294244043673,-2.519994351551575,0.0],[-79.39413169919709,-2.520230319129368,0.0],[-79.39448348247667,-2.520493961293529,0.0],[-79.39473123365158,-2.520576469102244,0.0],[-79.39749566454313,-2.516905880243083,0.0],[-79.39704587628019,-2.514764495459643,0.0],[-79.39682947315929,-2.514096167548183,0.0],[-79.39792559795436,-2.514234382654783,0.0],[-79.39777548144724,-2.515400681435858,0.0],[-79.40071762458098,-2.515877529966198,0.0],[-79.40072423680499,-2.515509601783396,0.0],[-79.40016774509718,-2.515331849318505,0.0],[-79.40018738180969,-2.514161132197363,0.0],[-79.40107492596913,-2.514128813030692,0.0],[-79.40100521469381,-2.515308953005385,0.0],[-79.40156666334416,-2.515324002302053,0.0],[-79.401656824292,-2.515525107552734,0.0],[-79.4020230881888,-2.515621270789691,0.0],[-79.40235623103418,-2.515564253177944,0.0],[-79.40240367917099,-2.515674380492138,0.0],[-79.40230817123418,-2.515956612582632,0.0],[-79.40113264061247,-2.51600962412834,0.0],[-79.40105011027414,-2.517838866597922,0.0],[-79.4116775003701,-2.520628333335843,0.0],[-79.41423028585696,-2.52066608547061,0.0],[-79.41456409199716,-2.520555229076596,0.0],[-79.41498874713034,-2.520570105704121,0.0],[-79.4156241283329,-2.52044167086816,0.0],[-79.41622332422907,-2.520463471899035,0.0],[-79.41662146944287,-2.52082442419162,0.0],[-79.41705042602905,-2.520922575114696,0.0],[-79.41758133109636,-2.520819568108715,0.0],[-79.4181393196308,-2.520556011614485,0.0],[-79.41861822639437,-2.520466865983422,0.0],[-79.41891707635737,-2.520532770438111,0.0],[-79.41916917667385,-2.520262287657911,0.0],[-79.41958511962265,-2.520143632933875,0.0],[-79.42018948005112,-2.520599191812421,0.0],[-79.4204927553738,-2.520651605471162,0.0],[-79.42045694278042,-2.520756247029016,0.0],[-79.42021901031738,-2.520900605168578,0.0],[-79.42028652026501,-2.521016856438074,0.0],[-79.42044347967617,-2.521069689437212,0.0],[-79.42184350037431,-2.520773759524229,0.0],[-79.42228593347606,-2.520474994734616,0.0],[-79.42285502555448,-2.520632596104659,0.0],[-79.42354175181863,-2.520550411059802,0.0],[-79.42432878563707,-2.520653562765267,0.0],[-79.4246267678938,-2.520588810594313,0.0],[-79.4260996561241,-2.519839520947539,0.0],[-79.42828735049198,-2.518038777885926,0.0],[-79.42828734210515,-2.518269328649818,0.0],[-79.42842411179302,-2.51789358841293,0.0],[-79.42898115473704,-2.517621482122257,0.0],[-79.42903587962047,-2.51960280677583,0.0],[-79.42877879514049,-2.519717350341779,0.0],[-79.42828729369735,-2.519595114226202,0.0],[-79.42828705338262,-2.525908555948689,0.0],[-79.43783538365518,-2.520136833381619,0.0],[-79.43980793310385,-2.527029656893197,0.0],[-79.43934409111708,-2.52702909657417,0.0],[-79.43941076362077,-2.527231072096427,0.0],[-79.4391094502718,-2.527398954698249,0.0],[-79.439605602316,-2.528087888415114,0.0],[-79.43957058328742,-2.528753304954868,0.0],[-79.4396845389499,-2.528856703595707,0.0],[-79.44136160324385,-2.528766941675726,0.0],[-79.44129359453906,-2.5283997101336,0.0],[-79.44072366746371,-2.528008925822172,0.0],[-79.44008555426164,-2.527400063442045,0.0],[-79.43994631581808,-2.527029824026642,0.0],[-79.44014745939818,-2.526693574290203,0.0],[-79.43964813538017,-2.524573067492585,0.0],[-79.44004977802898,-2.524438955425941,0.0],[-79.44058300134267,-2.526189360561541,0.0],[-79.44088331079303,-2.526862708471253,0.0],[-79.4412177597308,-2.52696406055317,0.0],[-79.44155152640514,-2.527637448997197,0.0],[-79.44225440354187,-2.527402751650351,0.0],[-79.44202116831508,-2.526594886717926,0.0],[-79.44182058677251,-2.526460048018479,0.0],[-79.44185452498785,-2.526056297623667,0.0],[-79.44238971597584,-2.526157890459438,0.0],[-79.44265701084154,-2.526461056463468,0.0],[-79.44319264223904,-2.526192507281546,0.0],[-79.44345913576097,-2.52716865862271,0.0],[-79.44392773447458,-2.527000977052641,0.0],[-79.44342788289627,-2.525317908061543,0.0],[-79.44396387495946,-2.524746515475678,0.0],[-79.44386410406041,-2.524241655068547,0.0],[-79.4443996151883,-2.524074052243313,0.0],[-79.44489882825012,-2.526295509512752,0.0],[-79.44526701510809,-2.526161355557248,0.0],[-79.44530079217655,-2.525892201237377,0.0],[-79.44523503878732,-2.524916290993139,0.0],[-79.44500235991528,-2.52363733592231,0.0],[-79.44540412262863,-2.523402273129147,0.0],[-79.44563672205274,-2.524748527684568,0.0],[-79.44603824535618,-2.524715361071525,0.0],[-79.44553898997876,-2.522527552576145,0.0],[-79.44567289712373,-2.522460413990308,0.0],[-79.44530674913351,-2.520878454460445,0.0],[-79.44507259086473,-2.520844524044998,0.0],[-79.44430512132351,-2.519127486283383,0.0],[-79.44467354521561,-2.51879143514563,0.0],[-79.44440664931973,-2.518151777321634,0.0],[-79.44504264729055,-2.517883345428219,0.0],[-79.44694082445308,-2.525355783754472,0.0],[-79.44717502367689,-2.525356065122932,0.0],[-79.44760972467324,-2.525558483027068,0.0],[-79.44794786070321,-2.525106167797423,0.0],[-79.44774834695127,-2.524864789575678,0.0],[-79.44774891493432,-2.524386221780035,0.0],[-79.4482247479074,-2.52438679288798,0.0],[-79.44851042029029,-2.524207697414604,0.0],[-79.44581346629425,-2.51531416625073,0.0],[-79.44778269737084,-2.514123769445073,0.0],[-79.44778487891843,-2.512278006465501,0.0],[-79.44751558244444,-2.512230571003797,0.0],[-79.44747725051539,-2.512817286590924,0.0],[-79.44719493734429,-2.512835876942284,0.0],[-79.44689431932245,-2.512419106369113,0.0],[-79.44685697134183,-2.512173000567588,0.0],[-79.44691490520373,-2.510923836208843,0.0],[-79.44667353135802,-2.510660743888793,0.0],[-79.44621917055571,-2.510430882677197,0.0],[-79.44599356207611,-2.510241335322711,0.0],[-79.44591850834068,-2.510051967893973,0.0],[-79.44565519421931,-2.509919158804266,0.0],[-79.44556125411788,-2.509786552135933,0.0],[-79.44539183544369,-2.50982420517815,0.0],[-79.4454103863667,-2.510051360578158,0.0],[-79.4453161778695,-2.510145886796458,0.0],[-79.44488331183331,-2.510164296984419,0.0],[-79.44469523046641,-2.510069433238048,0.0],[-79.4441115628519,-2.510295868142616,0.0],[-79.44367983803393,-2.509348964740494,0.0],[-79.44311588596108,-2.5088183129454,0.0],[-79.44315408422824,-2.508345164930388,0.0],[-79.44332356971572,-2.508250728928517,0.0],[-79.44407605043655,-2.508497689643178,0.0],[-79.44407564768943,-2.50883838879046,0.0],[-79.44467676918036,-2.509766566963044,0.0],[-79.44482718949509,-2.509880313414787,0.0],[-79.4450153827276,-2.509880538438749,0.0],[-79.44559985422173,-2.508972705034331,0.0],[-79.44563798462619,-2.508556339624151,0.0],[-79.44543119575327,-2.508366814898801,0.0],[-79.44552564988571,-2.508064083404727,0.0],[-79.44582655764533,-2.508234792725349,0.0],[-79.44599602079495,-2.508159283993912,0.0],[-79.4458061960567,-2.509540783818217,0.0],[-79.44620340849654,-2.509659670698886,0.0],[-79.44632103082408,-2.509981951499574,0.0],[-79.44664179435757,-2.510337672104896,0.0],[-79.44689862708522,-2.510434888702149,0.0],[-79.44686688999721,-2.510111816891498,0.0],[-79.44667440874619,-2.509917766487998,0.0],[-79.44667498081512,-2.509433216358359,0.0],[-79.44673944657035,-2.50923947282537,0.0],[-79.44698895698723,-2.509141619187295,0.0],[-79.44701014175801,-2.509958633045161,0.0],[-79.44727341150792,-2.510129297468538,0.0],[-79.4473671731225,-2.51041332621274,0.0],[-79.44736678581752,-2.510741407076799,0.0],[-79.44719712851268,-2.510980956695301,0.0],[-79.44729042063018,-2.5116624683998,0.0],[-79.44749721017862,-2.511851993311867,0.0],[-79.44778523748901,-2.511974371831748,0.0],[-79.44810100632884,-2.512000663114879,0.0],[-79.44862825924727,-2.511881733474379,0.0],[-79.44937069135938,-2.511075911131074,0.0],[-79.45023372135005,-2.51063976202857,0.0],[-79.45072986228108,-2.510290447825484,0.0],[-79.4516860304231,-2.51055693256075,0.0],[-79.45213276631215,-2.510471276780383,0.0],[-79.45248955401965,-2.510255700433718,0.0],[-79.45249222221653,-2.507985936422328,0.0],[-79.45065173082449,-2.50846351345091,0.0],[-79.45006021527378,-2.508826603936933,0.0],[-79.44812191195328,-2.508748582306835,0.0],[-79.44810387363216,-2.508086088022246,0.0],[-79.4472758904157,-2.508028317107017,0.0],[-79.44735151643941,-2.50715229651491,0.0],[-79.44702357521179,-2.50690431217529,0.0],[-79.44639472231226,-2.506683478308256,0.0],[-79.44644858395569,-2.507398812561779,0.0],[-79.44622973003277,-2.50742606171982,0.0],[-79.44615935549744,-2.507141508503003,0.0],[-79.44549381682945,-2.507542053495353,0.0],[-79.44533832843953,-2.507325676676052,0.0],[-79.44518764093603,-2.507439063325475,0.0],[-79.44452921178421,-2.507230071391724,0.0],[-79.44417930202162,-2.506892519605372,0.0],[-79.44282619302712,-2.507720685157624,0.0],[-79.44275988668977,-2.507492944729818,0.0],[-79.44219351661071,-2.507095434791731,0.0],[-79.44189397649721,-2.507681185988976,0.0],[-79.4419868631894,-2.508703395047717,0.0],[-79.44168573232062,-2.508721962173166,0.0],[-79.44066899820155,-2.509137154070784,0.0],[-79.4406687963425,-2.50930750336571,0.0],[-79.44138294237365,-2.510141178551395,0.0],[-79.44140122338491,-2.510595466044724,0.0],[-79.44164558275766,-2.510841819500288,0.0],[-79.44164521794553,-2.511149660412106,0.0],[-79.44273822614595,-2.511305392969821,0.0],[-79.44284990672762,-2.510937901274985,0.0],[-79.44285062384893,-2.510332214274723,0.0],[-79.44350918785025,-2.510427641506167,0.0],[-79.4429456837069,-2.509518435000984,0.0],[-79.44258847546968,-2.509215164361275,0.0],[-79.44220512455387,-2.508628165179197,0.0],[-79.44262662115217,-2.508561746599238,0.0],[-79.44290860503325,-2.509045197857465,0.0],[-79.44345376009444,-2.509556898599581,0.0],[-79.4438857086088,-2.510314525637233,0.0],[-79.44371064063205,-2.510844293213902,0.0],[-79.44360279166158,-2.510844164103787,0.0],[-79.4436398926506,-2.511298474581982,0.0],[-79.44356457375723,-2.511423130841821,0.0],[-79.44482515268204,-2.51160273744352,0.0],[-79.44476753007697,-2.512586912139106,0.0],[-79.44431586547134,-2.512586371367757,0.0],[-79.44416488483158,-2.512945817946175,0.0],[-79.44395791670738,-2.512907714524519,0.0],[-79.44393959043133,-2.512491281964878,0.0],[-79.44348974597679,-2.512480907079255,0.0],[-79.44354438408097,-2.512490808564733,0.0],[-79.44365559614371,-2.513929450956732,0.0],[-79.44442777322834,-2.513438254530007,0.0],[-79.4447286814867,-2.513608964771904,0.0],[-79.44499177182915,-2.513931051817834,0.0],[-79.44499154773425,-2.514120329189045,0.0],[-79.44292045137304,-2.514931740095695,0.0],[-79.4428841143155,-2.513833887299594,0.0],[-79.44178023142305,-2.514213639211456,0.0],[-79.44177955446017,-2.512170994903792,0.0],[-79.44167253144991,-2.511520378855936,0.0],[-79.44121206558872,-2.511409131698755,0.0],[-79.44130652115498,-2.511106401270471,0.0],[-79.4404943355589,-2.510949097295353,0.0],[-79.44032906878903,-2.511038124035644,0.0],[-79.44017462611096,-2.51091072443491,0.0],[-79.4398368998634,-2.511009981579523,0.0],[-79.43959328623336,-2.511126804256045,0.0],[-79.43959283135626,-2.511510090638258,0.0],[-79.43925410928614,-2.511488390366089,0.0],[-79.43924325850547,-2.511711960208895,0.0],[-79.4391159119713,-2.511977978153892,0.0],[-79.43873460639912,-2.512158516688192,0.0],[-79.43841739742409,-2.511849377596775,0.0],[-79.43816340068285,-2.511795838022562,0.0],[-79.43791973630171,-2.511955247238761,0.0],[-79.43731641890265,-2.511890641228248,0.0],[-79.43731697308401,-2.511424423156691,0.0],[-79.43789947554453,-2.511188651457807,0.0],[-79.4382697645296,-2.511370092055507,0.0],[-79.43866136523717,-2.511434444096846,0.0],[-79.43871383946923,-2.511817792992691,0.0],[-79.43878786463385,-2.511881762602413,0.0],[-79.4390314657806,-2.511775587428892,0.0],[-79.43908455866516,-2.511637241688868,0.0],[-79.43890485250336,-2.51142408933413,0.0],[-79.4389580600206,-2.51118992316301,0.0],[-79.43913819590114,-2.511041083634137,0.0],[-79.43898963955282,-2.51054628507469,0.0],[-79.43908757525115,-2.510566328795598,0.0],[-79.4390904854476,-2.507725436357438,0.0],[-79.43917028953136,-2.506589227144314,0.0],[-79.43924158038614,-2.50641771873804,0.0],[-79.43924240350674,-2.505722846786904,0.0],[-79.43907324287139,-2.505860746139374,0.0],[-79.43914171744423,-2.504696748933347,0.0],[-79.43884286963245,-2.504630623758192,0.0],[-79.4387734134838,-2.504781507337947,0.0],[-79.43849207643196,-2.504631273753731,0.0],[-79.43849163222683,-2.505006275517345,0.0],[-79.4382218550653,-2.505022399320406,0.0],[-79.4382215530742,-2.50527726493302,0.0],[-79.4376820377193,-2.505276618123548,0.0],[-79.43768268086274,-2.504733992859306,0.0],[-79.4373862450817,-2.504733637452829,0.0],[-79.43736015641505,-2.506312956976135,0.0],[-79.4374346923175,-2.506937660431623,0.0],[-79.43726430865227,-2.507789202273159,0.0],[-79.43743300772908,-2.508357235724505,0.0],[-79.43735548308095,-2.510249911368995,0.0],[-79.43667814727834,-2.510116603405529,0.0],[-79.43671623562258,-2.509738095384587,0.0],[-79.4365280206644,-2.509756796834572,0.0],[-79.43653100699896,-2.507242573136872,0.0],[-79.43647491263376,-2.506936508283515,0.0],[-79.43664444274583,-2.506804218009697,0.0],[-79.43658883870856,-2.506084899021725,0.0],[-79.43698410918044,-2.506028590324774,0.0],[-79.43696567166678,-2.505706797405866,0.0],[-79.43645773320131,-2.5055547663511,0.0],[-79.43621346560165,-2.505232702489345,0.0],[-79.43574336805332,-2.504910367590578,0.0],[-79.43508136782235,-2.503916933711563,0.0],[-79.43471631641361,-2.50391649544358,0.0],[-79.43471599435425,-2.504187807693649,0.0],[-79.43444623733576,-2.504187483732046,0.0],[-79.43444591518595,-2.504458795945772,0.0],[-79.43417615814704,-2.504458471893251,0.0],[-79.43417680252256,-2.503915847534893,0.0],[-79.43390704562957,-2.503915523496904,0.0],[-79.4339072171681,-2.503771077038881,0.0],[-79.43380633498407,-2.503779553615142,0.0],[-79.43382271150107,-2.50583551624299,0.0],[-79.43369941007829,-2.508241214341864,0.0],[-79.433005307602,-2.508094375616138,0.0],[-79.43307638663964,-2.506014733081221,0.0],[-79.43301328586041,-2.506004891733524,0.0],[-79.43171293881359,-2.507536466075122,0.0],[-79.43110948487386,-2.508576759135654,0.0],[-79.43113287724319,-2.503912187866046,0.0],[-79.43093972211949,-2.503911955398583,0.0],[-79.43094004492002,-2.50364064363997,0.0],[-79.42959126318667,-2.503639019722733,0.0],[-79.42959164523688,-2.503318146657153,0.0],[-79.42878277522797,-2.503567712564406,0.0],[-79.4287534733693,-2.504199382609365,0.0],[-79.42859607630628,-2.504515045975292,0.0],[-79.42827515325618,-2.504523952335644,0.0],[-79.42766529380309,-2.504349016528361,0.0],[-79.42690404855132,-2.504290669466927,0.0],[-79.42610432795922,-2.504576842978368,0.0],[-79.42574213238261,-2.50505497001497,0.0],[-79.42545657198445,-2.505112052572208,0.0],[-79.4252658998647,-2.505398960957435,0.0],[-79.42518933468062,-2.505762576706717,0.0],[-79.42545538265304,-2.50610746471942,0.0],[-79.42600708297492,-2.506318700003639,0.0],[-79.42589231326014,-2.507919595640453,0.0],[-79.4256915492857,-2.507945916924279,0.0],[-79.42343627526367,-2.507464142903641,0.0],[-79.42353686860798,-2.506904345396532,0.0],[-79.42316584856539,-2.50680339797938,0.0],[-79.42323777143385,-2.506344063985225,0.0],[-79.42362316905387,-2.506358887406473,0.0],[-79.42425245382948,-2.505354664071751,0.0],[-79.4244040569761,-2.504946883864404,0.0],[-79.42379103156013,-2.504849836969915,0.0],[-79.42344851234667,-2.505217443569199,0.0],[-79.4233287515331,-2.505115853608062,0.0],[-79.42321489841362,-2.504828578220157,0.0],[-79.42296631251148,-2.504558991195998,0.0],[-79.42306865807406,-2.504520531879407,0.0],[-79.42311168783046,-2.504348300473958,0.0],[-79.42289796342006,-2.504017832770062,0.0],[-79.42266975937171,-2.503859631012531,0.0],[-79.42253447756748,-2.503568852492617,0.0],[-79.42227987897635,-2.503615092359294,0.0],[-79.42201358042173,-2.503480772301357,0.0],[-79.42196305089529,-2.503225067474218,0.0],[-79.42219395477234,-2.503098531597018,0.0],[-79.42205890852892,-2.502628179914781,0.0],[-79.42125669385432,-2.502017040908495,0.0],[-79.42069127450367,-2.502000404389821,0.0],[-79.42069159916372,-2.501729093965833,0.0],[-79.41718479093643,-2.501724844567562,0.0],[-79.41718488620381,-2.501645402715321,0.0],[-79.4171031033157,-2.501662298871486,0.0],[-79.41700163102587,-2.502203960798402,0.0],[-79.41687941034407,-2.50220639173799,0.0],[-79.41687366051032,-2.502041879367851,0.0],[-79.41659730667737,-2.501862083087657,0.0],[-79.41641880688394,-2.501918695091415,0.0],[-79.41615382885723,-2.50217261010818,0.0],[-79.41593672620708,-2.502181319636601,0.0],[-79.41498246250836,-2.501893023153668,0.0],[-79.41446836232862,-2.501578342691251,0.0],[-79.41436148027319,-2.501431652966468,0.0],[-79.41416520201244,-2.501434405189604,0.0],[-79.41379662381505,-2.501284407571565,0.0],[-79.41369190671155,-2.501315385965439,0.0],[-79.4132294669496,-2.50206137979805,0.0],[-79.41281071431682,-2.502089584022105,0.0],[-79.41281530495277,-2.502228372700003,0.0],[-79.4126580036929,-2.502462676137663,0.0],[-79.4126814784244,-2.502725913157746,0.0],[-79.41259149159376,-2.502811447081636,0.0],[-79.41255485631581,-2.503347154224931,0.0],[-79.41260001830004,-2.505357166757401,0.0],[-79.41335349052379,-2.50550860906149,0.0],[-79.41359409696362,-2.503697769378632,0.0],[-79.41417459455683,-2.503698475604697,0.0],[-79.41424094386622,-2.503918694499018,0.0],[-79.41583969197269,-2.503920638269099,0.0],[-79.41590588061871,-2.504274854452382,0.0],[-79.41705526166356,-2.504209240771663,0.0],[-79.41699705642803,-2.506170912815704,0.0],[-79.41682242162256,-2.506271581860016,0.0],[-79.41679013545912,-2.506411521539083,0.0],[-79.41693310944314,-2.506704879588005,0.0],[-79.41693243798079,-2.50726352658489,0.0],[-79.41652133895475,-2.507849264775802,0.0],[-79.41628519664411,-2.508357449892734,0.0],[-79.41636361163287,-2.509553346030667,0.0],[-79.41689713773425,-2.509426593612863,0.0],[-79.41695860798515,-2.508759074160305,0.0],[-79.41778311717138,-2.508634454009654,0.0],[-79.41787145909551,-2.508674529071391,0.0],[-79.41785311807924,-2.50943990420581,0.0],[-79.41765286963803,-2.509424409363335,0.0],[-79.41730264543014,-2.509836743080064,0.0],[-79.41693853423743,-2.509926030383846,0.0],[-79.41692759528395,-2.510119834810503,0.0],[-79.41710931617719,-2.510353355757372,0.0],[-79.4170918709767,-2.510712022127187,0.0],[-79.41602121985974,-2.510753536320163,0.0],[-79.41607897391901,-2.510577232459128,0.0],[-79.41598127319642,-2.510821674225108,0.0],[-79.4153816705793,-2.51087837081693,0.0],[-79.41533869977695,-2.511000350999389,0.0],[-79.41542420887279,-2.511115310742291,0.0],[-79.41578084091206,-2.511309563058162,0.0],[-79.41581604345012,-2.511711598059148,0.0],[-79.41562497378321,-2.512140759512217,0.0],[-79.41533391380693,-2.512010110628405,0.0],[-79.41517416814501,-2.511310019971166,0.0],[-79.41488885584306,-2.511160121458413,0.0],[-79.41459743774534,-2.511141819810638,0.0],[-79.4143475744546,-2.511189371403713,0.0],[-79.41420596225456,-2.511302766096874,0.0],[-79.41420541110601,-2.51175969492974,0.0],[-79.4133961435264,-2.511758707171211,0.0],[-79.41339581605781,-2.512030016592458,0.0],[-79.41327504848825,-2.512029869129439,0.0],[-79.41318037096003,-2.512384349987046,0.0],[-79.41264833381301,-2.51264677012432,0.0],[-79.41265581335688,-2.511486493388862,0.0],[-79.41231744823925,-2.511486080096852,0.0],[-79.41231810344384,-2.510943461533532,0.0],[-79.41204834796375,-2.510943132052001,0.0],[-79.41204867556839,-2.510671822804294,0.0],[-79.41177892017937,-2.510671493302496,0.0],[-79.41177859251914,-2.510942802514551,0.0],[-79.41123908173653,-2.510942143271896,0.0],[-79.41124006494421,-2.510128215846053,0.0],[-79.41097030977294,-2.510127886247855,0.0],[-79.41097129282755,-2.509313958918439,0.0],[-79.4112410478321,-2.509314288409632,0.0],[-79.41124203040023,-2.50850036096267,0.0],[-79.41178154018257,-2.508501019563453,0.0],[-79.41178186752315,-2.508229710340804,0.0],[-79.41191549199392,-2.508229873409264,0.0],[-79.41000796533282,-2.507988076646541,0.0],[-79.40999267798682,-2.509180079269914,0.0],[-79.40876961652481,-2.509350865179466,0.0],[-79.40859359276037,-2.509326722181983,0.0],[-79.40808066440215,-2.508536470143561,0.0],[-79.4079332882179,-2.5084310065254,0.0],[-79.40750023588006,-2.508478332837123,0.0],[-79.40731956969351,-2.508358471674076,0.0],[-79.40727713991146,-2.508032999033569,0.0],[-79.40747272597885,-2.507619284056641,0.0],[-79.40798424388606,-2.507607945927314,0.0],[-79.40795014886164,-2.506291863258981,0.0],[-79.40744271876935,-2.506044650977072,0.0],[-79.4079762044214,-2.505401773262603,0.0],[-79.40874929058918,-2.505498430177579,0.0],[-79.40899363106472,-2.505097934265988,0.0],[-79.40904824986339,-2.504709902081036,0.0],[-79.40836023655038,-2.504574333455212,0.0],[-79.40845078236526,-2.502894038042804,0.0],[-79.4091089418741,-2.503007500446626,0.0],[-79.40919264937556,-2.50264270059228,0.0],[-79.40917528209268,-2.50224786649691,0.0],[-79.40862294016974,-2.501589172958821,0.0],[-79.40848011648569,-2.501654800291049,0.0],[-79.40845543781394,-2.502390556239571,0.0],[-79.40833635394468,-2.502498087225037,0.0],[-79.40798564937727,-2.502324181446522,0.0],[-79.40756982310157,-2.501898952166259,0.0],[-79.40728706449258,-2.501830732721891,0.0],[-79.4071561586456,-2.500957465675278,0.0],[-79.39361682621404,-2.500964563222963,0.0],[-79.39393759374825,-2.501841102811588,0.0],[-79.39483852779931,-2.501821600312295,0.0],[-79.39673417321777,-2.502314311564665,0.0],[-79.39663347014104,-2.504342688975682,0.0],[-79.39664781360739,-2.507684957962334,0.0],[-79.39649508548885,-2.508191563383308,0.0],[-79.39652078333576,-2.509432732364808,0.0],[-79.39629931917202,-2.509604739648554,0.0],[-79.39598544699152,-2.509467963606365,0.0],[-79.39580014978597,-2.509245205966223,0.0],[-79.39541593922155,-2.508261297749538,0.0],[-79.39431135079649,-2.506881691466525,0.0],[-79.39428504863281,-2.506739645027656,0.0],[-79.39384885686765,-2.506364979799613,0.0],[-79.393017438297,-2.505335057990235,0.0],[-79.39263662746754,-2.505466191174334,0.0],[-79.39221970694084,-2.505944233407354,0.0],[-79.39387672744482,-2.50798872207944,0.0],[-79.39376364911168,-2.50795607630599,0.0],[-79.39346606066741,-2.508123204128571,0.0],[-79.3929664850623,-2.508098658957334,0.0],[-79.39257459605285,-2.507559799554429,0.0],[-79.3918613571627,-2.507164109080304,0.0],[-79.39147869598145,-2.507011970360441,0.0],[-79.39132459752918,-2.507334913747922,0.0],[-79.39047295446444,-2.506886004975302,0.0],[-79.39047233899973,-2.507389609369129,0.0],[-79.39020258713788,-2.507389275828056,0.0],[-79.39020192375042,-2.507931888535943,0.0],[-79.38993217181351,-2.507931554866753,0.0],[-79.38993184001025,-2.508202861182797,0.0],[-79.38966208805383,-2.508202527421611,0.0],[-79.3896614242282,-2.508745139977877,0.0],[-79.3894002804284,-2.508744816744353,0.0]],[[-79.39455194110145,-2.508583257909862,0.0],[-79.39501435499297,-2.509818504929338,0.0],[-79.39398650606414,-2.509889020368925,0.0],[-79.39362846993545,-2.509528035313807,0.0],[-79.39373050415591,-2.509120619881782,0.0],[-79.39455194110145,-2.508583257909862,0.0]],[[-79.39069244019896,-2.509758831394373,0.0],[-79.39176117970695,-2.511267605393396,0.0],[-79.3922601416678,-2.511794635152423,0.0],[-79.39258064381126,-2.51234537167509,0.0],[-79.39355375658505,-2.513478842329929,0.0],[-79.39316112955235,-2.513542962058547,0.0],[-79.39153968130172,-2.513340611810461,0.0],[-79.38992917534912,-2.511361048973167,0.0],[-79.3896438621156,-2.511217129063323,0.0],[-79.38952470327787,-2.511384475312599,0.0],[-79.38929857474004,-2.511479906657736,0.0],[-79.38903716928777,-2.511240304728903,0.0],[-79.38903749175329,-2.51097709974804,0.0],[-79.38889412537449,-2.510513919313058,0.0],[-79.38903328643462,-2.510084331239548,0.0],[-79.38952654921552,-2.509877027242801,0.0],[-79.39015358524387,-2.50922416048822,0.0],[-79.39069244019896,-2.509758831394373,0.0]],[[-79.40223865727675,-2.510515314258228,0.0],[-79.40233870166153,-2.510414940053254,0.0],[-79.40267176171537,-2.510424920106858,0.0],[-79.40313321180952,-2.51050205648655,0.0],[-79.40320919167543,-2.510626574582518,0.0],[-79.40325591851195,-2.511330114074938,0.0],[-79.40339330154241,-2.51182798381614,0.0],[-79.40341147998112,-2.512531488296775,0.0],[-79.40370147884484,-2.512737624945944,0.0],[-79.40367383419996,-2.513441561558575,0.0],[-79.40379108649402,-2.513394557677518,0.0],[-79.40498624700695,-2.513671197292084,0.0],[-79.40502585382896,-2.515340222251886,0.0],[-79.40465711548974,-2.515321822834929,0.0],[-79.4046097950517,-2.515106412516587,0.0],[-79.40380108418549,-2.514955869257181,0.0],[-79.40374711117855,-2.515320703815858,0.0],[-79.40292805429395,-2.515268723565196,0.0],[-79.4025848750497,-2.515358754498879,0.0],[-79.40227101481494,-2.515210014905683,0.0],[-79.40219985180515,-2.515037646503513,0.0],[-79.40224292583748,-2.514831919391975,0.0],[-79.40247167938016,-2.514535494508441,0.0],[-79.40243068838933,-2.514209429080031,0.0],[-79.40250106669404,-2.513846405593924,0.0],[-79.40238323523197,-2.512922642854361,0.0],[-79.40248382094586,-2.512377208823997,0.0],[-79.4025138703597,-2.511142564719597,0.0],[-79.4024287175699,-2.510735684705578,0.0],[-79.40223865727675,-2.510515314258228,0.0]],[[-79.43077847536603,-2.515415573567768,0.0],[-79.43106464924182,-2.515117809067836,0.0],[-79.43111776946031,-2.514958171729675,0.0],[-79.4311180111784,-2.514755882603798,0.0],[-79.43095184022854,-2.51465298830736,0.0],[-79.4310414533973,-2.514406058799719,0.0],[-79.43099691262768,-2.513829465820657,0.0],[-79.4311402892911,-2.513829639056512,0.0],[-79.4311829000601,-2.510157819766306,0.0],[-79.43176568516978,-2.511208728033146,0.0],[-79.43195580175039,-2.510791900716899,0.0],[-79.43210584527807,-2.509920386996792,0.0],[-79.43243738927863,-2.509954107429191,0.0],[-79.43222321929791,-2.511169246014608,0.0],[-79.43367374276943,-2.510947412392011,0.0],[-79.43385380356531,-2.510862454388028,0.0],[-79.43384260866331,-2.51137348783254,0.0],[-79.43410715281063,-2.511458981517684,0.0],[-79.43401122092129,-2.512012499926095,0.0],[-79.43413811160704,-2.512129767605544,0.0],[-79.43410618893206,-2.512268137412308,0.0],[-79.43420125843241,-2.512438600986925,0.0],[-79.43417990927921,-2.512587630746234,0.0],[-79.43389380003829,-2.512832162588538,0.0],[-79.4339102569102,-2.51363800224943,0.0],[-79.43420483779838,-2.513557146397134,0.0],[-79.43439020190687,-2.513102979223396,0.0],[-79.43481233580005,-2.5130091652391,0.0],[-79.43473677614446,-2.513203223680147,0.0],[-79.43488386367234,-2.513599159227804,0.0],[-79.43494298477806,-2.5134537074288,0.0],[-79.43576147806682,-2.513474772481912,0.0],[-79.43586148672887,-2.513777735842991,0.0],[-79.43618651651848,-2.514082017533938,0.0],[-79.43609627129005,-2.514220827308787,0.0],[-79.43589510254617,-2.514252524812714,0.0],[-79.43584237596738,-2.514082112157256,0.0],[-79.43558850518188,-2.513922104397377,0.0],[-79.4354085081192,-2.513953828259539,0.0],[-79.43542536396573,-2.514253933971125,0.0],[-79.43498351416,-2.514271916699873,0.0],[-79.43469825212767,-2.513962121791538,0.0],[-79.43433933537445,-2.513941060261771,0.0],[-79.43432748148365,-2.514185257105786,0.0],[-79.43423215811457,-2.514227730078882,0.0],[-79.43418997995605,-2.514089270028341,0.0],[-79.43399945928809,-2.514067746741184,0.0],[-79.43394715606581,-2.515610602547413,0.0],[-79.43245311492063,-2.515448922343996,0.0],[-79.43246011122014,-2.516684575626912,0.0],[-79.43257640288834,-2.516812478037423,0.0],[-79.43332815188838,-2.51668562440905,0.0],[-79.4339424247866,-2.516441489529856,0.0],[-79.43392411865297,-2.516514761592613,0.0],[-79.43394362219675,-2.516505799270292,0.0],[-79.43394628886759,-2.516301166853534,0.0],[-79.43411513798019,-2.516192532762489,0.0],[-79.43425339817468,-2.516389058466547,0.0],[-79.43426079404031,-2.516844218579528,0.0],[-79.43446731385716,-2.516764616075073,0.0],[-79.43468956018279,-2.516812795406008,0.0],[-79.43477698922763,-2.516733050006222,0.0],[-79.43478511877377,-2.516573357082751,0.0],[-79.43453108689475,-2.516549095425491,0.0],[-79.4344281504898,-2.516317403212479,0.0],[-79.43447600642222,-2.516133803165303,0.0],[-79.43471429261592,-2.516046254144731,0.0],[-79.43511866925301,-2.516493908609414,0.0],[-79.43518968599277,-2.516861309104676,0.0],[-79.43493534826428,-2.517092571148082,0.0],[-79.43507009894023,-2.517276390710283,0.0],[-79.43491900245736,-2.517483821287297,0.0],[-79.4349725825009,-2.517580047290581,0.0],[-79.43460932460216,-2.517518049758414,0.0],[-79.43435521314345,-2.517560329971229,0.0],[-79.43394223676844,-2.517666299677617,0.0],[-79.4338292007534,-2.517849474504096,0.0],[-79.43327538974786,-2.51761225983032,0.0],[-79.43253379210248,-2.517453239069023,0.0],[-79.43262131164846,-2.518312031147952,0.0],[-79.43130984893864,-2.518034977821199,0.0],[-79.43129332147119,-2.517746477954831,0.0],[-79.43150614963685,-2.517716161283141,0.0],[-79.43164402023098,-2.517503392317946,0.0],[-79.43195086999376,-2.517620878074487,0.0],[-79.43199335324732,-2.5175038148151,0.0],[-79.43221579658488,-2.517386969147481,0.0],[-79.43221612744023,-2.517110152360451,0.0],[-79.43168694901905,-2.517013691369222,0.0],[-79.431591892726,-2.516832581344244,0.0],[-79.43123733714893,-2.516769209927499,0.0],[-79.43123359011567,-2.515480005179259,0.0],[-79.43077847536603,-2.515415573567768,0.0]],[[-79.4131069949922,-2.51747852999457,0.0],[-79.4131163638031,-2.519000770086618,0.0],[-79.4116740064665,-2.518741453327133,0.0],[-79.41169702071115,-2.516856118740858,0.0],[-79.41221557099499,-2.516935716544681,0.0],[-79.41223491602372,-2.517018308798238,0.0],[-79.4125661592971,-2.517136893186616,0.0],[-79.41321454222717,-2.517226247658887,0.0],[-79.4131069949922,-2.51747852999457,0.0]],[[-79.4364366679166,-2.516447586857714,0.0],[-79.43634956245936,-2.516255839158811,0.0],[-79.43613507509195,-2.516359387589646,0.0],[-79.43594464363835,-2.516263336666438,0.0],[-79.43591314269821,-2.516047700013369,0.0],[-79.43613560797858,-2.515912221369887,0.0],[-79.43626255215983,-2.515984240612208,0.0],[-79.4364376002577,-2.515665046763301,0.0],[-79.4368744195287,-2.515537811824216,0.0],[-79.4368587782971,-2.515338164589884,0.0],[-79.43702678839968,-2.515094987527619,0.0],[-79.43732333154371,-2.514978228767069,0.0],[-79.4375035578423,-2.5147548630677,0.0],[-79.43776822991369,-2.514733888089277,0.0],[-79.43813895014408,-2.514553337661725,0.0],[-79.43824545493732,-2.514010477034256,0.0],[-79.43836202591532,-2.513904149471155,0.0],[-79.43883842773668,-2.513872781548583,0.0],[-79.43899738079504,-2.513734564049886,0.0],[-79.43951618918763,-2.51365001243874,0.0],[-79.43992941761506,-2.513331104475746,0.0],[-79.44006691989492,-2.513427091159934,0.0],[-79.44000303833108,-2.513735772564024,0.0],[-79.44035175314866,-2.514257886271893,0.0],[-79.44062611310505,-2.514992848309742,0.0],[-79.4407953229534,-2.515131460308333,0.0],[-79.44176616310695,-2.515124688567109,0.0],[-79.44170364499419,-2.516036036030873,0.0],[-79.44135419603516,-2.516131438740325,0.0],[-79.44122729145661,-2.516024817449764,0.0],[-79.44124886867986,-2.515684144238357,0.0],[-79.44101595309395,-2.515705157997412,0.0],[-79.44095213452049,-2.515960606086685,0.0],[-79.44075100218272,-2.515960364379044,0.0],[-79.44074075831,-2.515672886506626,0.0],[-79.44057138399938,-2.515672682961381,0.0],[-79.44059311219071,-2.515204248584635,0.0],[-79.43948198863914,-2.515264327471161,0.0],[-79.43951909342779,-2.514750510281054,0.0],[-79.44004619214469,-2.514691647553682,0.0],[-79.44013965545658,-2.514577036850366,0.0],[-79.44017180542303,-2.514247023752644,0.0],[-79.4395893922633,-2.514406026087859,0.0],[-79.4395683724291,-2.514278238520122,0.0],[-79.44008728322741,-2.514108512629044,0.0],[-79.43997105281312,-2.513927377178164,0.0],[-79.43943088281844,-2.514171605436167,0.0],[-79.43929335527912,-2.514096912199136,0.0],[-79.43899693792706,-2.514107202185761,0.0],[-79.43846745455127,-2.514266268510839,0.0],[-79.43830295174821,-2.514429998898758,0.0],[-79.43859038589873,-2.514653528605038,0.0],[-79.43870116736885,-2.514965081374692,0.0],[-79.43887566321305,-2.515109023921519,0.0],[-79.43903460848499,-2.51542524156464,0.0],[-79.43843461691942,-2.516115869734007,0.0],[-79.43782699580308,-2.515666720237161,0.0],[-79.43763965910284,-2.515398492635056,0.0],[-79.43741432708038,-2.51551450605583,0.0],[-79.43733004374043,-2.515486137371476,0.0],[-79.43718393236784,-2.515641990755323,0.0],[-79.43727892948749,-2.51587367346112,0.0],[-79.4372153004509,-2.5159694182127,0.0],[-79.43697709884935,-2.515985101647567,0.0],[-79.43688996564885,-2.515817309037993,0.0],[-79.43676292539864,-2.515825141625488,0.0],[-79.43661172473173,-2.516120408273328,0.0],[-79.4367544156641,-2.516304238221214,0.0],[-79.43658744057191,-2.516511650096613,0.0],[-79.4364366679166,-2.516447586857714,0.0]],[[-79.39165280420656,-2.527419344000207,0.0],[-79.39034847814773,-2.527886704351553,0.0],[-79.38973069003315,-2.527254240035593,0.0],[-79.38932232156147,-2.526574182044802,0.0],[-79.38977012333689,-2.526144040052942,0.0],[-79.38996400636194,-2.525625414886385,0.0],[-79.39041306438514,-2.526121511420907,0.0],[-79.39057867547629,-2.526422609539001,0.0],[-79.39084487561674,-2.526633505910697,0.0],[-79.39160141004568,-2.526933720273403,0.0],[-79.39165280420656,-2.527419344000207,0.0]]],[[[-79.41394685531353,-2.50741842096438,0.0],[-79.41451984849947,-2.507419118940238,0.0],[-79.41427749836893,-2.507151422476299,0.0],[-79.41394685531353,-2.50741842096438,0.0]]],[[[-79.41344395796695,-2.507960427853096,0.0],[-79.41367047940737,-2.507960703961151,0.0],[-79.4136708463189,-2.507656167182909,0.0],[-79.41351065198664,-2.507796545755153,0.0],[-79.41344395796695,-2.507960427853096,0.0]]],[[[-79.41476574121782,-2.507690728408186,0.0],[-79.41474984771887,-2.507673172686443,0.0],[-79.41474982660621,-2.507690709026558,0.0],[-79.41476574121782,-2.507690728408186,0.0]]],[[[-79.4150194055551,-2.507837426727284,0.0],[-79.41501925517117,-2.507962347174272,0.0],[-79.4152890104303,-2.50796267564934,0.0],[-79.41528868384721,-2.508233985336142,0.0],[-79.41501892853255,-2.508233656825497,0.0],[-79.41501827514897,-2.508776276124419,0.0],[-79.41474851975866,-2.508775947486748,0.0],[-79.41474770707137,-2.509450585625943,0.0],[-79.41527949473728,-2.508798895094079,0.0],[-79.41574628239707,-2.508397471452492,0.0],[-79.4157228940184,-2.508062450016872,0.0],[-79.41555594753581,-2.507826386044149,0.0],[-79.41536336593471,-2.507722064385911,0.0],[-79.4150194055551,-2.507837426727284,0.0]]],[[[-79.4126265407916,-2.507959431171695,0.0],[-79.41297832282518,-2.507959860164436,0.0],[-79.41263516341341,-2.507781121554995,0.0],[-79.4126265407916,-2.507959431171695,0.0]]],[[[-79.41420787955245,-2.50971258310988,0.0],[-79.4144778234156,-2.50955661423941,0.0],[-79.4144781106562,-2.50931823794513,0.0],[-79.4142083552257,-2.509317909124525,0.0],[-79.41420787955245,-2.50971258310988,0.0]]]]}},{"type":"Feature","properties":{"FID_tr_200":7,"FID_2000_d":2,"cov_gen":"FOREST","FID_2022_d":0,"cov_gen_1":"AGRO","old_gen":"FOREST","new_gen":"AGRO","area_ha":132.783240015,"trans":"FOREST → AGRO","trans_grp":"PÉRDIDA_BOSQUE","FID_cacao_":111,"fcode":"EA010","descr":"PRODUCTO AGRICOLA, RESULTADO DE UN CONJUNTO DE TECNICAS Y CONOCIMIENTOS PARA CULTIVAR LA TIERRA","DPA_DESPRO":"GUAYAS","DPA_DESCAN":"NARANJAL","niv1":"TIERRA AGROPECUARIA","niv2":"CULTIVO","niv3":"CULTIVO PERMANENTE","niv4":"FRUTALES","niv5":"CACAO","LULC_std":"Cacao","label":"Cacao","cbt":"CACAO","uso":"AGRICOLA","tmp":"CULTIVO PERMANENTE","nal":"NO APLICABLE","tap":"PEQUENA","rie":"NO","spr":"MERCANTIL","sce":134.886997727,"usce":"HECTAREAS","txt":"EL CODIGO (fcode) Y LA DESCRIPCION (descr) CORRESPONDEN A LOS OBJETOS GEOGRAFICOS DEL ATRIBUTO niv2","simbologia":"CPuc: Cacao","SHAPE_Leng":12792.380814,"apt_uso":1,"cob_suelo":"Cacao","cacao_sys":"Cacao_alim_con50b","observ":null,"cob_label":"Cacao próximo a cultivos alimentarios"},"geometry":{"type":"Polygon","coordinates":[[[-79.47171224483927,-2.607572240577795,0.0],[-79.47309777765928,-2.60757194419937,0.0],[-79.47309777853772,-2.607842658120684,0.0],[-79.4734045907658,-2.607916933686232,0.0],[-79.47404258369447,-2.607777119481703,0.0],[-79.47399831840256,-2.608227765097298,0.0],[-79.47419722369804,-2.608418260691421,0.0],[-79.47419187107636,-2.608751809825587,0.0],[-79.47401538502042,-2.608960942121061,0.0],[-79.47416511580879,-2.60909032871252,0.0],[-79.47427147673437,-2.609671876893829,0.0],[-79.47392877490334,-2.609757594863247,0.0],[-79.47329448908052,-2.609491600231483,0.0],[-79.47343885349628,-2.60847760541441,0.0],[-79.47309777940899,-2.608385481433503,0.0],[-79.47309777765606,-2.618543610891394,0.0],[-79.4729062996076,-2.618989798779927,0.0],[-79.47253872894782,-2.619271329117337,0.0],[-79.47238749124382,-2.619681648212242,0.0],[-79.47264652039493,-2.619980701147489,0.0],[-79.47307448787325,-2.620244441223593,0.0],[-79.4732880517247,-2.620723277396213,0.0],[-79.47334691255553,-2.621237816547595,0.0],[-79.47325143273618,-2.621488950910912,0.0],[-79.47297163472918,-2.621785803154906,0.0],[-79.472612011614,-2.622367668371037,0.0],[-79.47265170596674,-2.623069773153983,0.0],[-79.47288094663637,-2.62307005445463,0.0],[-79.47293456103284,-2.623296478257807,0.0],[-79.47355560341059,-2.623232637743288,0.0],[-79.47387710437593,-2.622974624121576,0.0],[-79.47398463737993,-2.622587144077882,0.0],[-79.47443437844359,-2.622523092883205,0.0],[-79.47475530606972,-2.622738827061301,0.0],[-79.4748192049785,-2.623018846935898,0.0],[-79.47509741115095,-2.623148391855504,0.0],[-79.47529038542561,-2.622933288214206,0.0],[-79.47531224089468,-2.622567236410505,0.0],[-79.47520556980017,-2.62224409611025,0.0],[-79.47493183098791,-2.622066648487423,0.0],[-79.47523286581641,-2.621649320489439,0.0],[-79.47555030842707,-2.621490184457902,0.0],[-79.47586736580996,-2.621650097243308,0.0],[-79.47602570104998,-2.621889578558104,0.0],[-79.47673941781183,-2.621970214729768,0.0],[-79.47746866316483,-2.621971106669188,0.0],[-79.47746896785499,-2.62171908731723,0.0],[-79.47790557967471,-2.621719621081169,0.0],[-79.47822799425896,-2.621479582401116,0.0],[-79.47856783675782,-2.621839062299239,0.0],[-79.47903896527136,-2.621796569774205,0.0],[-79.47914633972182,-2.62153829237076,0.0],[-79.47916816874907,-2.621193774287309,0.0],[-79.479403862447,-2.621064857772925,0.0],[-79.4798106496197,-2.621108422430509,0.0],[-79.48017422201096,-2.621474945538419,0.0],[-79.48047389417113,-2.621561447460469,0.0],[-79.48068820181452,-2.621410970057553,0.0],[-79.48205847758943,-2.621520311813211,0.0],[-79.48223008974215,-2.621262111153004,0.0],[-79.48199507067116,-2.620831143229656,0.0],[-79.48160970745748,-2.620485685261503,0.0],[-79.48175219004379,-2.620342741277853,0.0],[-79.48243776128814,-2.620037314270799,0.0],[-79.48304646196038,-2.620344317817624,0.0],[-79.48308406718067,-2.620727191996554,0.0],[-79.48367515621588,-2.620832836177152,0.0],[-79.48367538663585,-2.620641386660334,0.0],[-79.48394517430572,-2.620641715017574,0.0],[-79.48394607010366,-2.619897155716417,0.0],[-79.48346607179947,-2.619617454752142,0.0],[-79.48335237837148,-2.619196205826142,0.0],[-79.48346726918437,-2.61862210291468,0.0],[-79.48365783334464,-2.618430920456224,0.0],[-79.48448391844214,-2.618050122696769,0.0],[-79.48516289297508,-2.616877406000198,0.0],[-79.48510665649803,-2.616688056795425,0.0],[-79.4848247242844,-2.616365936915764,0.0],[-79.48469689601731,-2.615719064917172,0.0],[-79.48431910976352,-2.61571364196325,0.0],[-79.48346993862984,-2.616401701350547,0.0],[-79.48335541673599,-2.616669541536611,0.0],[-79.48335486452454,-2.61712893538053,0.0],[-79.48304941018328,-2.617894220768559,0.0],[-79.48245214730089,-2.618680760278607,0.0],[-79.4822723382576,-2.618559890678958,0.0],[-79.48213947072534,-2.617752132072074,0.0],[-79.48180491172074,-2.617718075047919,0.0],[-79.48150348854035,-2.617953256559783,0.0],[-79.48130232327476,-2.618289510292862,0.0],[-79.48123483612146,-2.618760526807252,0.0],[-79.48146769806834,-2.619888185359434,0.0],[-79.4811916743386,-2.619945267108461,0.0],[-79.48066912571578,-2.619472880329258,0.0],[-79.48002719082686,-2.619106019103276,0.0],[-79.47970605433038,-2.619062559356533,0.0],[-79.4791217540756,-2.619262066494842,0.0],[-79.47908120031752,-2.618554087215976,0.0],[-79.48051634247201,-2.616342222854219,0.0],[-79.48047217747873,-2.616222725824311,0.0],[-79.48011027828778,-2.616087686027091,0.0],[-79.47984303139081,-2.615728428539004,0.0],[-79.47964555054186,-2.615617778772174,0.0],[-79.47914649463866,-2.615492008212903,0.0],[-79.47847788177401,-2.61557523224238,0.0],[-79.4783351609525,-2.61470169626724,0.0],[-79.47762714453202,-2.614714930852019,0.0],[-79.47734912087391,-2.614434649883145,0.0],[-79.47717831476905,-2.614025294592582,0.0],[-79.47651468526001,-2.613895281090701,0.0],[-79.47649600070389,-2.613666447161771,0.0],[-79.47745784363383,-2.613056603521421,0.0],[-79.47743302312426,-2.612981415563973,0.0],[-79.47809216618364,-2.611839506026867,0.0],[-79.47844121098598,-2.611678167679179,0.0],[-79.4786155922757,-2.611830572954355,0.0],[-79.47885110228778,-2.61185239408693,0.0],[-79.47917249599215,-2.611680511879496,0.0],[-79.47938700848432,-2.611357762525595,0.0],[-79.47979368915156,-2.611487461454469,0.0],[-79.48024301268528,-2.611767951018047,0.0],[-79.48086327441962,-2.612350124341779,0.0],[-79.48137709512346,-2.612415351510232,0.0],[-79.48148113040108,-2.612310977924131,0.0],[-79.48188239142429,-2.612671679282515,0.0],[-79.48198998105796,-2.613052120402251,0.0],[-79.48210098397615,-2.612515825599017,0.0],[-79.48259414281057,-2.611956538369963,0.0],[-79.48332255335814,-2.611634411569889,0.0],[-79.48347300911902,-2.611160843169861,0.0],[-79.48323785933921,-2.610837547013981,0.0],[-79.48348565928927,-2.610216700164175,0.0],[-79.48308985220375,-2.610250352029475,0.0],[-79.48273267869209,-2.610474252027216,0.0],[-79.48233048900683,-2.610473764006558,0.0],[-79.48215058049618,-2.61021981423265,0.0],[-79.48180805868783,-2.610154795821397,0.0],[-79.4811868669255,-2.610347848723039,0.0],[-79.48103622968776,-2.610972154214315,0.0],[-79.48088608460749,-2.61118731247204,0.0],[-79.4806504959313,-2.61123009432518,0.0],[-79.48028663988258,-2.611100447725758,0.0],[-79.48007280058985,-2.610863312688205,0.0],[-79.48013752990381,-2.610454243786006,0.0],[-79.4800522684865,-2.610131129734312,0.0],[-79.47953855255467,-2.609979766515931,0.0],[-79.47915351724531,-2.609656288121006,0.0],[-79.47889703484793,-2.609268363426362,0.0],[-79.47855459252432,-2.609138741883774,0.0],[-79.47829751486312,-2.609246099918587,0.0],[-79.47829713216659,-2.609564325386104,0.0],[-79.47766623410737,-2.609915279638185,0.0],[-79.47675898033441,-2.610002148971751,0.0],[-79.47669623168674,-2.609339858654735,0.0],[-79.47692655124442,-2.608949244518931,0.0],[-79.47703064642356,-2.608905445795922,0.0],[-79.47690320266948,-2.608540899351866,0.0],[-79.4769246970607,-2.608390882339628,0.0],[-79.4773407514204,-2.608026997172483,0.0],[-79.47746905801758,-2.607673479765741,0.0],[-79.47806599400367,-2.607545596443077,0.0],[-79.47824310947281,-2.607651012499162,0.0],[-79.47840574072444,-2.607433486664852,0.0],[-79.47806645770012,-2.607159771369489,0.0],[-79.47791766189773,-2.606827351057644,0.0],[-79.47801399775875,-2.606473793665414,0.0],[-79.47826597552061,-2.606229651533996,0.0],[-79.47780625493577,-2.60568705797394,0.0],[-79.47602024705289,-2.60433256785049,0.0],[-79.47593637139879,-2.604596570871597,0.0],[-79.47557895491013,-2.60444471212863,0.0],[-79.47548448584008,-2.604747445404956,0.0],[-79.47561586847156,-2.605050453396241,0.0],[-79.47523788910078,-2.605176651770278,0.0],[-79.47489593840439,-2.604894262720874,0.0],[-79.4745877377788,-2.605318376279795,0.0],[-79.47470010254011,-2.605441763496422,0.0],[-79.47456526657763,-2.605616480560363,0.0],[-79.47441274828931,-2.605517613129032,0.0],[-79.47394663841794,-2.606109899957974,0.0],[-79.47347935258908,-2.606902990395094,0.0],[-79.47215962297018,-2.605769327820984,0.0],[-79.4720582012832,-2.60663370065845,0.0],[-79.47171224483927,-2.607572240577795,0.0]],[[-79.47535850238319,-2.607404746103322,0.0],[-79.47564543223625,-2.60683619608799,0.0],[-79.47624365453542,-2.606816530984428,0.0],[-79.47638910518582,-2.606645234343409,0.0],[-79.47680026891061,-2.60689046296725,0.0],[-79.47706821154824,-2.606852235510219,0.0],[-79.4774946029217,-2.607224784809977,0.0],[-79.47728094221965,-2.60742484878641,0.0],[-79.47696784107531,-2.607496011704494,0.0],[-79.4767113935544,-2.607781877387306,0.0],[-79.47655435178623,-2.608225259788258,0.0],[-79.47618452809324,-2.608138956596515,0.0],[-79.47602862290005,-2.607637957155031,0.0],[-79.47580099287201,-2.607623371662206,0.0],[-79.47571604892586,-2.608064553461361,0.0],[-79.47534554247916,-2.607751596998943,0.0],[-79.47535850238319,-2.607404746103322,0.0]],[[-79.47592309734608,-2.611060053988516,0.0],[-79.47608421225799,-2.611408362497312,0.0],[-79.47634255080332,-2.61162145726504,0.0],[-79.47585240684565,-2.61264549923929,0.0],[-79.47585210662625,-2.612894419996401,0.0],[-79.47514604204999,-2.612484011217068,0.0],[-79.47505703264514,-2.61230443700721,0.0],[-79.47505751978726,-2.611900640468588,0.0],[-79.47510229464494,-2.611766095444871,0.0],[-79.47541480124099,-2.611587011929637,0.0],[-79.47568108028193,-2.611071347827022,0.0],[-79.47592309734608,-2.611060053988516,0.0]],[[-79.4753126423247,-2.620088544681116,0.0],[-79.47531198572597,-2.620631178633207,0.0],[-79.47504219914464,-2.620630848408059,0.0],[-79.47504187073605,-2.620902165348049,0.0],[-79.47477208413082,-2.620901835030289,0.0],[-79.47477142709522,-2.62144446883813,0.0],[-79.47450164040796,-2.621444138393498,0.0],[-79.47450098311973,-2.621986772127983,0.0],[-79.47423119635047,-2.621986441556457,0.0],[-79.47423152506974,-2.621715124724069,0.0],[-79.47369195174981,-2.621714463474334,0.0],[-79.47369260931815,-2.621171829942945,0.0],[-79.47396239584491,-2.62117216052848,0.0],[-79.47396305316057,-2.620629526923748,0.0],[-79.47477241259745,-2.620630518124538,0.0],[-79.47477306942832,-2.620087884309396,0.0],[-79.4753126423247,-2.620088544681116,0.0]]]}},{"type":"Feature","properties":{"FID_tr_200":15,"FID_2000_d":5,"cov_gen":"PASTO_GANADERIA","FID_2022_d":0,"cov_gen_1":"AGRO","old_gen":"PASTO_GANADERIA","new_gen":"AGRO","area_ha":2.04241415043,"trans":"PASTO_GANADERIA → AGRO","trans_grp":"EXPANSIÓN_AGRO","FID_cacao_":3,"fcode":"EA010","descr":"PRODUCTO AGRICOLA, RESULTADO DE UN CONJUNTO DE TECNICAS Y CONOCIMIENTOS PARA CULTIVAR LA TIERRA","DPA_DESPRO":"AZUAY","DPA_DESCAN":"CUENCA","niv1":"TIERRA AGROPECUARIA","niv2":"CULTIVO","niv3":"CULTIVO PERMANENTE","niv4":"FRUTALES","niv5":"CACAO","LULC_std":"Cacao","label":"Cacao","cbt":"CACAO","uso":"AGRICOLA","tmp":"CULTIVO PERMANENTE","nal":"NO APLICABLE","tap":"MEDIANA","rie":"NO","spr":"MERCANTIL","sce":16.4880745415,"usce":"HECTAREAS","txt":"EL CODIGO (fcode) Y LA DESCRIPCION (descr) CORRESPONDEN A LOS OBJETOS GEOGRAFICOS DEL ATRIBUTO niv2","simbologia":"CPuc: Cacao","SHAPE_Leng":1695.8371321,"apt_uso":1,"cob_suelo":"Cacao","cacao_sys":"Cacao_alim_sin50b","observ":null,"cob_label":"Cacao sin cultivos alimentarios próximos"},"geometry":{"type":"Polygon","coordinates":[[[-79.4520302061119,-2.661570929959471,0.0],[-79.45232953065725,-2.661571307661501,0.0],[-79.45233020757884,-2.661028679943962,0.0],[-79.45313958491057,-2.661029700681313,0.0],[-79.45313992314261,-2.660758386716475,0.0],[-79.45394930060904,-2.660759406816233,0.0],[-79.4539489625538,-2.661030720885231,0.0],[-79.45421875517073,-2.661031060834664,0.0],[-79.45421807907437,-2.661573689038377,0.0],[-79.45502745748631,-2.661574708739231,0.0],[-79.4550271195631,-2.661846022943292,0.0],[-79.45529691249519,-2.661846362759696,0.0],[-79.45529657459637,-2.662117676997219,0.0],[-79.455360865789,-2.662117757974377,0.0],[-79.45542269484429,-2.661892439368723,0.0],[-79.45538853795765,-2.661433217968404,0.0],[-79.45522585538002,-2.661368158057857,0.0],[-79.45466041556777,-2.660673519946485,0.0],[-79.45437991749857,-2.660453023836571,0.0],[-79.45398503452758,-2.660371170041416,0.0],[-79.45230446330913,-2.660928977452794,0.0],[-79.45211857610566,-2.661163241676077,0.0],[-79.4520302061119,-2.661570929959471,0.0]]]}},{"type":"Feature","properties":{"FID_tr_200":15,"FID_2000_d":5,"cov_gen":"PASTO_GANADERIA","FID_2022_d":0,"cov_gen_1":"AGRO","old_gen":"PASTO_GANADERIA","new_gen":"AGRO","area_ha":1.51523100388,"trans":"PASTO_GANADERIA → AGRO","trans_grp":"EXPANSIÓN_AGRO","FID_cacao_":4,"fcode":"EA010","descr":"PRODUCTO AGRICOLA, RESULTADO DE UN CONJUNTO DE TECNICAS Y CONOCIMIENTOS PARA CULTIVAR LA TIERRA","DPA_DESPRO":"AZUAY","DPA_DESCAN":"CUENCA","niv1":"TIERRA AGROPECUARIA","niv2":"CULTIVO","niv3":"CULTIVO PERMANENTE","niv4":"FRUTALES","niv5":"CACAO","LULC_std":"Cacao","label":"Cacao","cbt":"CACAO","uso":"AGRICOLA","tmp":"CULTIVO PERMANENTE","nal":"NO APLICABLE","tap":"MEDIANA","rie":"NO","spr":"MERCANTIL","sce":15.6366282031,"usce":"HECTAREAS","txt":"EL CODIGO (fcode) Y LA DESCRIPCION (descr) CORRESPONDEN A LOS OBJETOS GEOGRAFICOS DEL ATRIBUTO niv2","simbologia":"CPuc: Cacao","SHAPE_Leng":2035.40028195,"apt_uso":1,"cob_suelo":"Cacao","cacao_sys":"Cacao_alim_sin50b","observ":null,"cob_label":"Cacao sin cultivos alimentarios próximos"},"geometry":{"type":"MultiPolygon","coordinates":[[[[-79.45850172203782,-2.659946138299988,0.0],[-79.45853678974778,-2.659951233324473,0.0],[-79.45853686544208,-2.659890279864795,0.0],[-79.45850172203782,-2.659946138299988,0.0]]],[[[-79.45826665980509,-2.660222209089144,0.0],[-79.45826671470047,-2.660178016527102,0.0],[-79.45822198263909,-2.66022215296273,0.0],[-79.45826665980509,-2.660222209089144,0.0]]],[[[-79.4562462541717,-2.662390187594894,0.0],[-79.45664520243136,-2.66239068977287,0.0],[-79.45664554006991,-2.662119375363239,0.0],[-79.45718512650109,-2.662120054294583,0.0],[-79.45718647623838,-2.66103479636657,0.0],[-79.45691668324132,-2.661034457069114,0.0],[-79.45691702064829,-2.660763142618654,0.0],[-79.45618276334994,-2.661252827563982,0.0],[-79.45622238880046,-2.661728340308624,0.0],[-79.45615762654698,-2.662144613924991,0.0],[-79.4562462541717,-2.662390187594894,0.0]]]]}},{"type":"Feature","properties":{"FID_tr_200":15,"FID_2000_d":5,"cov_gen":"PASTO_GANADERIA","FID_2022_d":0,"cov_gen_1":"AGRO","old_gen":"PASTO_GANADERIA","new_gen":"AGRO","area_ha":19.789609251,"trans":"PASTO_GANADERIA → AGRO","trans_grp":"EXPANSIÓN_AGRO","FID_cacao_":5,"fcode":"EA010","descr":"PRODUCTO AGRICOLA, RESULTADO DE UN CONJUNTO DE TECNICAS Y CONOCIMIENTOS PARA CULTIVAR LA TIERRA","DPA_DESPRO":"AZUAY","DPA_DESCAN":"CUENCA","niv1":"TIERRA AGROPECUARIA","niv2":"CULTIVO","niv3":"CULTIVO PERMANENTE","niv4":"FRUTALES","niv5":"CACAO","LULC_std":"Cacao","label":"Cacao","cbt":"CACAO","uso":"AGRICOLA","tmp":"CULTIVO PERMANENTE","nal":"NO APLICABLE","tap":"MEDIANA","rie":"NO","spr":"MERCANTIL","sce":106.894415559,"usce":"HECTAREAS","txt":"EL CODIGO (fcode) Y LA DESCRIPCION (descr) CORRESPONDEN A LOS OBJETOS GEOGRAFICOS DEL ATRIBUTO niv2","simbologia":"CPuc: Cacao","SHAPE_Leng":9564.72280017,"apt_uso":1,"cob_suelo":"Cacao","cacao_sys":"Cacao_alim_sin50b","observ":null,"cob_label":"Cacao sin cultivos alimentarios próximos"},"geometry":{"type":"MultiPolygon","coordinates":[[[[-79.45639527426867,-2.646382799943579,0.0],[-79.45666506402281,-2.646383137488278,0.0],[-79.45666539962403,-2.646111823005708,0.0],[-79.45747476891772,-2.646112835182217,0.0],[-79.45747543966496,-2.645570206005567,0.0],[-79.45774522938136,-2.645570543210602,0.0],[-79.45774589987337,-2.645027913959767,0.0],[-79.45693653117927,-2.645026902375693,0.0],[-79.45693720188473,-2.644484273327739,0.0],[-79.45639762316223,-2.644483598782389,0.0],[-79.45639695222246,-2.645026227691742,0.0],[-79.4558573734038,-2.645025552772136,0.0],[-79.45585703776494,-2.645296867155624,0.0],[-79.45612682721558,-2.645297204679549,0.0],[-79.4561531525067,-2.646111182128289,0.0],[-79.4563956099285,-2.646111485495663,0.0],[-79.45639527426867,-2.646382799943579,0.0]]],[[[-79.4556828332117,-2.647738482163589,0.0],[-79.45666338549874,-2.647739709882533,0.0],[-79.45666204205796,-2.648824967775752,0.0],[-79.45639717672819,-2.648824636087188,0.0],[-79.4567703264838,-2.64994018681378,0.0],[-79.45730506389107,-2.650449337851419,0.0],[-79.45816700704633,-2.650928987925341,0.0],[-79.45854753531638,-2.651284204177661,0.0],[-79.45881734501975,-2.651269501185107,0.0],[-79.45881835217537,-2.650455556969332,0.0],[-79.45827877038973,-2.650454881725855,0.0],[-79.45827910615671,-2.650183567053993,0.0],[-79.45800931537433,-2.650183229378319,0.0],[-79.4580096511655,-2.649911914739858,0.0],[-79.4577398604763,-2.649911577039778,0.0],[-79.45774019629167,-2.649640262434706,0.0],[-79.45747040569567,-2.649639924710233,0.0],[-79.45747107734024,-2.649097295565645,0.0],[-79.45774086781886,-2.649097633220859,0.0],[-79.45774120353072,-2.648826318612084,0.0],[-79.45795102113748,-2.648826581140799,0.0],[-79.45801118200336,-2.648674665426377,0.0],[-79.45801200073771,-2.648012712236078,0.0],[-79.45720263000574,-2.648011699685985,0.0],[-79.45720296569684,-2.647740385141541,0.0],[-79.45693317558053,-2.647740047541523,0.0],[-79.45693351129576,-2.647468733030454,0.0],[-79.45639393128398,-2.647468057722798,0.0],[-79.45639527426867,-2.646382799943579,0.0],[-79.45612548454909,-2.646382462339937,0.0],[-79.45612481300857,-2.646925091162701,0.0],[-79.45585502320628,-2.646924753430784,0.0],[-79.45585468732558,-2.647196067805678,0.0],[-79.45479656205896,-2.647194742503802,0.0],[-79.45516722959927,-2.647515417910703,0.0],[-79.4556828332117,-2.647738482163589,0.0]]],[[[-79.45962638287392,-2.651541828758749,0.0],[-79.46070554821192,-2.651543178382012,0.0],[-79.46070655423789,-2.650729233443776,0.0],[-79.4593575985323,-2.650727546785671,0.0],[-79.4593569272956,-2.651270176400021,0.0],[-79.45962671848524,-2.651270513918898,0.0],[-79.45962638287392,-2.651541828758749,0.0]]],[[[-79.45557075684479,-2.658590931153698,0.0],[-79.45584054913894,-2.658591270435459,0.0],[-79.45584021177264,-2.658862584757235,0.0],[-79.4555704194196,-2.658862245440803,0.0],[-79.45556873177533,-2.660218816857575,0.0],[-79.45583852442289,-2.660219156347368,0.0],[-79.45583818684929,-2.660490470661662,0.0],[-79.45610797959034,-2.660490810126868,0.0],[-79.45610764204112,-2.660762124474622,0.0],[-79.45583784924114,-2.660761784974749,0.0],[-79.45583751159843,-2.661033099286581,0.0],[-79.45529792598428,-2.66103242003969,0.0],[-79.45529860147086,-2.660489791553473,0.0],[-79.45477806356006,-2.660489136193138,0.0],[-79.45538311775508,-2.661191285272367,0.0],[-79.4556019653891,-2.661239417090752,0.0],[-79.45595899890125,-2.661144152994849,0.0],[-79.45664732078944,-2.660687992699263,0.0],[-79.45664756517607,-2.660491488879507,0.0],[-79.45691735802072,-2.660491828166938,0.0],[-79.45691769535863,-2.660220513714017,0.0],[-79.4571874881789,-2.660220852907548,0.0],[-79.45718917405601,-2.658864280451064,0.0],[-79.45799855184033,-2.658865297156694,0.0],[-79.45799821491063,-2.659136611754357,0.0],[-79.45772842222244,-2.659136272877079,0.0],[-79.45772808519935,-2.659407587438863,0.0],[-79.45799787794643,-2.659407926350765,0.0],[-79.4579972039145,-2.659950555539916,0.0],[-79.4577274110496,-2.659950216558766,0.0],[-79.45772707392297,-2.660221531116851,0.0],[-79.4580827341976,-2.660113111960293,0.0],[-79.45837815781962,-2.659811983308396,0.0],[-79.45853729292915,-2.659546016058744,0.0],[-79.45853746354408,-2.659408603996864,0.0],[-79.45861944849099,-2.659408706938053,0.0],[-79.45880759318212,-2.659137628030819,0.0],[-79.45907753015732,-2.659021811946654,0.0],[-79.45907772270242,-2.658866651935086,0.0],[-79.45880792993515,-2.658866313329321,0.0],[-79.45880826665369,-2.65859499862655,0.0],[-79.45853847397983,-2.65859465999617,0.0],[-79.45853914743122,-2.658052030656227,0.0],[-79.4577297699698,-2.658051014617491,0.0],[-79.45773010682036,-2.657779700049498,0.0],[-79.45584156103054,-2.657777327462836,0.0],[-79.45584122376789,-2.658048641788292,0.0],[-79.4555714315915,-2.658048302575876,0.0],[-79.45557075684479,-2.658590931153698,0.0]]],[[[-79.45314036147069,-2.660406739093061,0.0],[-79.45395002198873,-2.66018035396573,0.0],[-79.4539506524841,-2.659674150527845,0.0],[-79.45341106794325,-2.659673470798344,0.0],[-79.45341072990855,-2.659944784802865,0.0],[-79.4531409376311,-2.659944444814529,0.0],[-79.45314036147069,-2.660406739093061,0.0]]],[[[-79.45448946605705,-2.660294128093241,0.0],[-79.45448956153064,-2.660217458305878,0.0],[-79.45437578845618,-2.66021731502333,0.0],[-79.45448946605705,-2.660294128093241,0.0]]],[[[-79.45260058578069,-2.660559271033381,0.0],[-79.45285734131714,-2.660486716082273,0.0],[-79.45260067665335,-2.660486392457029,0.0],[-79.45260058578069,-2.660559271033381,0.0]]],[[[-79.45206056861362,-2.66090537089017,0.0],[-79.45213331231913,-2.660794762142665,0.0],[-79.45219049477161,-2.660757189423108,0.0],[-79.45206075367196,-2.660757025753768,0.0],[-79.45206056861362,-2.66090537089017,0.0]]],[[[-79.45186443256549,-2.661570720747059,0.0],[-79.45188506937775,-2.661421374744517,0.0],[-79.45198332337378,-2.661028242311327,0.0],[-79.45179062286414,-2.661027999156043,0.0],[-79.45178994570678,-2.661570626734567,0.0],[-79.45186443256549,-2.661570720747059,0.0]]],[[[-79.45070893828114,-2.663040479575673,0.0],[-79.45089908920198,-2.66292607249419,0.0],[-79.45070908154267,-2.66292583239842,0.0],[-79.45070893828114,-2.663040479575673,0.0]]],[[[-79.45062848438914,-2.665367557048275,0.0],[-79.45013979625654,-2.664247511750387,0.0],[-79.45006887442285,-2.663878924298845,0.0],[-79.45010258756518,-2.663558326251936,0.0],[-79.45046697341131,-2.663196840464765,0.0],[-79.45016915726065,-2.66319646398472,0.0],[-79.45016881806822,-2.663467777555985,0.0],[-79.44989902544013,-2.663467436404307,0.0],[-79.44989868615404,-2.663738749939565,0.0],[-79.44962889350164,-2.663738408693758,0.0],[-79.44962753577441,-2.664823662683089,0.0],[-79.44989732866283,-2.664824004068118,0.0],[-79.44989698920332,-2.665095317597153,0.0],[-79.45043657520232,-2.665096000258741,0.0],[-79.4504362358262,-2.665367313856128,0.0],[-79.45062848438914,-2.665367557048275,0.0]]]]}},{"type":"Feature","properties":{"FID_tr_200":15,"FID_2000_d":5,"cov_gen":"PASTO_GANADERIA","FID_2022_d":0,"cov_gen_1":"AGRO","old_gen":"PASTO_GANADERIA","new_gen":"AGRO","area_ha":2.46893119205,"trans":"PASTO_GANADERIA → AGRO","trans_grp":"EXPANSIÓN_AGRO","FID_cacao_":17,"fcode":"EA010","descr":"PRODUCTO AGRICOLA, RESULTADO DE UN CONJUNTO DE TECNICAS Y CONOCIMIENTOS PARA CULTIVAR LA TIERRA","DPA_DESPRO":"AZUAY","DPA_DESCAN":"CUENCA","niv1":"TIERRA AGROPECUARIA","niv2":"CULTIVO","niv3":"CULTIVO PERMANENTE","niv4":"FRUTALES","niv5":"CACAO","LULC_std":"Cacao","label":"Cacao","cbt":"CACAO","uso":"AGRICOLA","tmp":"CULTIVO PERMANENTE","nal":"NO APLICABLE","tap":"MEDIANA","rie":"SI","spr":"MERCANTIL","sce":19.5467888751,"usce":"HECTAREAS","txt":"EL CODIGO (fcode) Y LA DESCRIPCION (descr) CORRESPONDEN A LOS OBJETOS GEOGRAFICOS DEL ATRIBUTO niv2","simbologia":"CPuc: Cacao","SHAPE_Leng":3797.13617278,"apt_uso":1,"cob_suelo":"Cacao","cacao_sys":"Cacao_alim_sin50b","observ":null,"cob_label":"Cacao sin cultivos alimentarios próximos"},"geometry":{"type":"Polygon","coordinates":[[[-79.44799595936263,-2.62005481892255,0.0],[-79.44803103654856,-2.620552815866567,0.0],[-79.44814495294636,-2.620789849189622,0.0],[-79.44868734568007,-2.6208694889152,0.0],[-79.44880825041872,-2.621228565293787,0.0],[-79.44887227666558,-2.621237845235485,0.0],[-79.44887239571653,-2.621141166313965,0.0],[-79.44914217907659,-2.621141502270626,0.0],[-79.44914251309203,-2.620870188646568,0.0],[-79.44941229642872,-2.620870524510033,0.0],[-79.44941296423946,-2.620327897188557,0.0],[-79.44968274749478,-2.62032823292403,0.0],[-79.44968308129006,-2.620056919226668,0.0],[-79.449952864522,-2.620057254868975,0.0],[-79.44995319822459,-2.619785941135555,0.0],[-79.44968341505069,-2.619785605528051,0.0],[-79.44968374877662,-2.619514291828231,0.0],[-79.44833483371741,-2.619512613089569,0.0],[-79.4483338315652,-2.620326553663048,0.0],[-79.44806404848339,-2.620326217635766,0.0],[-79.44806438262687,-2.62005490414735,0.0],[-79.44799595936263,-2.62005481892255,0.0]]]}},{"type":"Feature","properties":{"FID_tr_200":15,"FID_2000_d":5,"cov_gen":"PASTO_GANADERIA","FID_2022_d":0,"cov_gen_1":"AGRO","old_gen":"PASTO_GANADERIA","new_gen":"AGRO","area_ha":0.793912892736,"trans":"PASTO_GANADERIA → AGRO","trans_grp":"EXPANSIÓN_AGRO","FID_cacao_":23,"fcode":"EA010","descr":"PRODUCTO AGRICOLA, RESULTADO DE UN CONJUNTO DE TECNICAS Y CONOCIMIENTOS PARA CULTIVAR LA TIERRA","DPA_DESPRO":"AZUAY","DPA_DESCAN":"CUENCA","niv1":"TIERRA AGROPECUARIA","niv2":"CULTIVO","niv3":"CULTIVO PERMANENTE","niv4":"FRUTALES","niv5":"CACAO","LULC_std":"Cacao","label":"Cacao","cbt":"CACAO","uso":"AGRICOLA","tmp":"CULTIVO PERMANENTE","nal":"NO APLICABLE","tap":"MEDIANA","rie":"NO","spr":"MERCANTIL","sce":124.803747538,"usce":"HECTAREAS","txt":"EL CODIGO (fcode) Y LA DESCRIPCION (descr) CORRESPONDEN A LOS OBJETOS GEOGRAFICOS DEL ATRIBUTO niv2","simbologia":"CPuc: Cacao","SHAPE_Leng":10555.0120422,"apt_uso":1,"cob_suelo":"Cacao","cacao_sys":"Cacao_alim_sin50b","observ":null,"cob_label":"Cacao sin cultivos alimentarios próximos"},"geometry":{"type":"Polygon","coordinates":[[[-79.40097633470346,-2.587709734483028,0.0],[-79.40143314960649,-2.587710313430179,0.0],[-79.4014334894973,-2.587439005914133,0.0],[-79.40197302955028,-2.587439689418876,0.0],[-79.40197336929074,-2.587168381829877,0.0],[-79.40215381087233,-2.587168610343004,0.0],[-79.40151637898093,-2.586738419242669,0.0],[-79.40110201611981,-2.587039386142761,0.0],[-79.40095879519727,-2.587412479089986,0.0],[-79.40097633470346,-2.587709734483028,0.0]]]}},{"type":"Feature","properties":{"FID_tr_200":15,"FID_2000_d":5,"cov_gen":"PASTO_GANADERIA","FID_2022_d":0,"cov_gen_1":"AGRO","old_gen":"PASTO_GANADERIA","new_gen":"AGRO","area_ha":7.62526879705,"trans":"PASTO_GANADERIA → AGRO","trans_grp":"EXPANSIÓN_AGRO","FID_cacao_":24,"fcode":"EA010","descr":"PRODUCTO AGRICOLA, RESULTADO DE UN CONJUNTO DE TECNICAS Y CONOCIMIENTOS PARA CULTIVAR LA TIERRA","DPA_DESPRO":"AZUAY","DPA_DESCAN":"CUENCA","niv1":"TIERRA AGROPECUARIA","niv2":"CULTIVO","niv3":"CULTIVO PERMANENTE","niv4":"FRUTALES","niv5":"CACAO","LULC_std":"Cacao","label":"Cacao","cbt":"CACAO","uso":"AGRICOLA","tmp":"CULTIVO PERMANENTE","nal":"NO APLICABLE","tap":"MEDIANA","rie":"NO","spr":"MERCANTIL","sce":14.9752309126,"usce":"HECTAREAS","txt":"EL CODIGO (fcode) Y LA DESCRIPCION (descr) CORRESPONDEN A LOS OBJETOS GEOGRAFICOS DEL ATRIBUTO niv2","simbologia":"CPuc: Cacao","SHAPE_Leng":2476.66445861,"apt_uso":1,"cob_suelo":"Cacao","cacao_sys":"Cacao_alim_sin50b","observ":null,"cob_label":"Cacao sin cultivos alimentarios próximos"},"geometry":{"type":"MultiPolygon","coordinates":[[[[-79.36960918989064,-2.580886993069446,0.0],[-79.36985967509045,-2.580887315924326,0.0],[-79.36980809939254,-2.580615945709614,0.0],[-79.3696095356308,-2.58061568980002,0.0],[-79.36960918989064,-2.580886993069446,0.0]]],[[[-79.36991125077525,-2.581158686149755,0.0],[-79.3698788258985,-2.580988079659008,0.0],[-79.36987860854546,-2.581158644076328,0.0],[-79.36991125077525,-2.581158686149755,0.0]]],[[[-79.37473368505042,-2.581707501465259,0.0],[-79.37473334025059,-2.581978805424151,0.0],[-79.37419380977025,-2.581978111739598,0.0],[-79.37419346481971,-2.582249415624299,0.0],[-79.37392369957689,-2.582249068659273,0.0],[-79.3739233545328,-2.582520372506249,0.0],[-79.3736535892692,-2.582520025447211,0.0],[-79.37365326222027,-2.5827771108854,0.0],[-79.37427667285156,-2.582702950859852,0.0],[-79.37477190809976,-2.582416456348569,0.0],[-79.37503920402096,-2.58176596956268,0.0],[-79.37473368505042,-2.581707501465259,0.0]]],[[[-79.37338338186633,-2.582867198419864,0.0],[-79.37361083095128,-2.582791274680037,0.0],[-79.37338347884713,-2.582790982103444,0.0],[-79.37338338186633,-2.582867198419864,0.0]]],[[[-79.36994074714828,-2.584414369189394,0.0],[-79.36988308398742,-2.584780159618796,0.0],[-79.36994588632344,-2.5849598500878,0.0],[-79.37037144290615,-2.585339521959678,0.0],[-79.37059938112884,-2.585703514281194,0.0],[-79.37105611174567,-2.585761529659627,0.0],[-79.37143700130648,-2.585589743059765,0.0],[-79.37176093686871,-2.585303029908831,0.0],[-79.3717995900378,-2.584843670751408,0.0],[-79.3721424605659,-2.584633550067605,0.0],[-79.37267544731304,-2.584595953185617,0.0],[-79.37343649450366,-2.584826637752688,0.0],[-79.37408456041186,-2.584100073768851,0.0],[-79.37378002380603,-2.584099681771399,0.0],[-79.37311273036305,-2.583563118533462,0.0],[-79.3725731468946,-2.583603851281496,0.0],[-79.37257349237021,-2.583332547621915,0.0],[-79.37122466646817,-2.583330809765625,0.0],[-79.37122397490847,-2.583873416718047,0.0],[-79.37014491438491,-2.583872025104892,0.0],[-79.37014422222175,-2.584414631759882,0.0],[-79.36994074714828,-2.584414369189394,0.0]]]]}},{"type":"Feature","properties":{"FID_tr_200":15,"FID_2000_d":5,"cov_gen":"PASTO_GANADERIA","FID_2022_d":0,"cov_gen_1":"AGRO","old_gen":"PASTO_GANADERIA","new_gen":"AGRO","area_ha":1.98442731618,"trans":"PASTO_GANADERIA → AGRO","trans_grp":"EXPANSIÓN_AGRO","FID_cacao_":27,"fcode":"EA010","descr":"PRODUCTO AGRICOLA, RESULTADO DE UN CONJUNTO DE TECNICAS Y CONOCIMIENTOS PARA CULTIVAR LA TIERRA","DPA_DESPRO":"AZUAY","DPA_DESCAN":"CUENCA","niv1":"TIERRA AGROPECUARIA","niv2":"CULTIVO","niv3":"CULTIVO PERMANENTE","niv4":"FRUTALES","niv5":"CACAO","LULC_std":"Cacao","label":"Cacao","cbt":"CACAO","uso":"AGRICOLA","tmp":"CULTIVO PERMANENTE","nal":"NO APLICABLE","tap":"MEDIANA","rie":"NO","spr":"MERCANTIL","sce":50.2479611718,"usce":"HECTAREAS","txt":"EL CODIGO (fcode) Y LA DESCRIPCION (descr) CORRESPONDEN A LOS OBJETOS GEOGRAFICOS DEL ATRIBUTO niv2","simbologia":"CPuc: Cacao","SHAPE_Leng":4327.66485229,"apt_uso":1,"cob_suelo":"Cacao","cacao_sys":"Cacao_alim_sin50b","observ":null,"cob_label":"Cacao sin cultivos alimentarios próximos"},"geometry":{"type":"Polygon","coordinates":[[[-79.37071252811911,-2.577090160616284,0.0],[-79.3708761156964,-2.577645075356387,0.0],[-79.37140922078623,-2.577511766713228,0.0],[-79.37228555843302,-2.576881205139013,0.0],[-79.37245754014195,-2.576345448548919,0.0],[-79.37251527211208,-2.575847829755683,0.0],[-79.37279689355412,-2.575193710781594,0.0],[-79.372044312668,-2.575192744496397,0.0],[-79.37204362363639,-2.575735351740522,0.0],[-79.37177386005526,-2.575735005192651,0.0],[-79.37177351542779,-2.576006308776358,0.0],[-79.37204327906595,-2.576006655360779,0.0],[-79.37204293445912,-2.576277958979829,0.0],[-79.3717731707639,-2.57627761235886,0.0],[-79.37177248132689,-2.576820219520251,0.0],[-79.371502717554,-2.576819872768799,0.0],[-79.3715023727238,-2.577091176311131,0.0],[-79.37071252811911,-2.577090160616284,0.0]]]}},{"type":"Feature","properties":{"FID_tr_200":15,"FID_2000_d":5,"cov_gen":"PASTO_GANADERIA","FID_2022_d":0,"cov_gen_1":"AGRO","old_gen":"PASTO_GANADERIA","new_gen":"AGRO","area_ha":1.07299228426,"trans":"PASTO_GANADERIA → AGRO","trans_grp":"EXPANSIÓN_AGRO","FID_cacao_":43,"fcode":"EA010","descr":"PRODUCTO AGRICOLA, RESULTADO DE UN CONJUNTO DE TECNICAS Y CONOCIMIENTOS PARA CULTIVAR LA TIERRA","DPA_DESPRO":"AZUAY","DPA_DESCAN":"CUENCA","niv1":"TIERRA AGROPECUARIA","niv2":"CULTIVO","niv3":"CULTIVO PERMANENTE","niv4":"FRUTALES","niv5":"CACAO","LULC_std":"Cacao","label":"Cacao","cbt":"CACAO","uso":"AGRICOLA","tmp":"CULTIVO PERMANENTE","nal":"NO APLICABLE","tap":"PEQUENA","rie":"NO","spr":"MERCANTIL","sce":4.10601559618,"usce":"HECTAREAS","txt":"EL CODIGO (fcode) Y LA DESCRIPCION (descr) CORRESPONDEN A LOS OBJETOS GEOGRAFICOS DEL ATRIBUTO niv2","simbologia":"CPuc: Cacao","SHAPE_Leng":823.7231685,"apt_uso":1,"cob_suelo":"Cacao","cacao_sys":"Cacao_alim_sin50b","observ":null,"cob_label":"Cacao sin cultivos alimentarios próximos"},"geometry":{"type":"Polygon","coordinates":[[[-79.37682531359873,-2.584161025405615,0.0],[-79.37668273790743,-2.585031839562064,0.0],[-79.37676685097989,-2.585232906665889,0.0],[-79.37742686126396,-2.585237922184242,0.0],[-79.37742789514607,-2.584424009253756,0.0],[-79.37769766131879,-2.584424355762604,0.0],[-79.37769800581636,-2.58415305141358,0.0],[-79.37715847362169,-2.584152358411184,0.0],[-79.3771588181974,-2.583881054133821,0.0],[-79.37696988117848,-2.583880811424576,0.0],[-79.37682531359873,-2.584161025405615,0.0]]]}},{"type":"Feature","properties":{"FID_tr_200":15,"FID_2000_d":5,"cov_gen":"PASTO_GANADERIA","FID_2022_d":0,"cov_gen_1":"AGRO","old_gen":"PASTO_GANADERIA","new_gen":"AGRO","area_ha":5.69488606643,"trans":"PASTO_GANADERIA → AGRO","trans_grp":"EXPANSIÓN_AGRO","FID_cacao_":101,"fcode":"EA010","descr":"PRODUCTO AGRICOLA, RESULTADO DE UN CONJUNTO DE TECNICAS Y CONOCIMIENTOS PARA CULTIVAR LA TIERRA","DPA_DESPRO":"AZUAY","DPA_DESCAN":"CUENCA","niv1":"TIERRA AGROPECUARIA","niv2":"CULTIVO","niv3":"CULTIVO PERMANENTE","niv4":"FRUTALES","niv5":"CACAO","LULC_std":"Cacao","label":"Cacao","cbt":"CACAO","uso":"AGRICOLA","tmp":"CULTIVO PERMANENTE","nal":"NO APLICABLE","tap":"MEDIANA","rie":"NO","spr":"MERCANTIL","sce":606.636801998,"usce":"HECTAREAS","txt":"EL CODIGO (fcode) Y LA DESCRIPCION (descr) CORRESPONDEN A LOS OBJETOS GEOGRAFICOS DEL ATRIBUTO niv2","simbologia":"CPuc: Cacao","SHAPE_Leng":32787.3337605,"apt_uso":1,"cob_suelo":"Cacao","cacao_sys":"Cacao_alim_sin50b","observ":null,"cob_label":"Cacao sin cultivos alimentarios próximos"},"geometry":{"type":"Polygon","coordinates":[[[-79.40062824139703,-2.584195273467904,0.0],[-79.40056486349808,-2.584318123535485,0.0],[-79.40010054168249,-2.584616634265792,0.0],[-79.40004050670672,-2.585059223979131,0.0],[-79.40008674384929,-2.58575873570923,0.0],[-79.40032467961639,-2.586124374889832,0.0],[-79.40029677184842,-2.586232074041872,0.0],[-79.40073172029508,-2.586349793116852,0.0],[-79.40103182641846,-2.58609175165763,0.0],[-79.40101807249259,-2.585675389656389,0.0],[-79.40113283215489,-2.585230476065089,0.0],[-79.40160409774347,-2.585087504651428,0.0],[-79.40216029670025,-2.585518910979577,0.0],[-79.4026731860561,-2.586337894869546,0.0],[-79.40331557668341,-2.58633870766552,0.0],[-79.40370837121337,-2.586085344979454,0.0],[-79.40359334719336,-2.586085199517351,0.0],[-79.40359402559396,-2.585542583895764,0.0],[-79.40332425573614,-2.585542242768838,0.0],[-79.40332459494012,-2.585270934992101,0.0],[-79.40305482517526,-2.585270593843443,0.0],[-79.40305550359056,-2.584727978357976,0.0],[-79.40278573397589,-2.584727637223451,0.0],[-79.40278607318719,-2.584456329514829,0.0],[-79.40224653417954,-2.584455647144816,0.0],[-79.40224687346958,-2.584184339506646,0.0],[-79.40197710407656,-2.584183998271177,0.0],[-79.40197676472931,-2.584455305873475,0.0],[-79.40170699531483,-2.584454964544577,0.0],[-79.40170733471932,-2.584183656978157,0.0],[-79.40116779611208,-2.584182974219465,0.0],[-79.40116745659314,-2.58445428171411,0.0],[-79.4006279180145,-2.584453598653418,0.0],[-79.40062824139703,-2.584195273467904,0.0]]]}},{"type":"Feature","properties":{"FID_tr_200":25,"FID_2000_d":4,"cov_gen":"NO_DATA","FID_2022_d":0,"cov_gen_1":"AGRO","old_gen":"NO_DATA","new_gen":"AGRO","area_ha":1.1712215268,"trans":"NO_DATA → AGRO","trans_grp":"EXPANSIÓN_AGRO","FID_cacao_":4,"fcode":"EA010","descr":"PRODUCTO AGRICOLA, RESULTADO DE UN CONJUNTO DE TECNICAS Y CONOCIMIENTOS PARA CULTIVAR LA TIERRA","DPA_DESPRO":"AZUAY","DPA_DESCAN":"CUENCA","niv1":"TIERRA AGROPECUARIA","niv2":"CULTIVO","niv3":"CULTIVO PERMANENTE","niv4":"FRUTALES","niv5":"CACAO","LULC_std":"Cacao","label":"Cacao","cbt":"CACAO","uso":"AGRICOLA","tmp":"CULTIVO PERMANENTE","nal":"NO APLICABLE","tap":"MEDIANA","rie":"NO","spr":"MERCANTIL","sce":15.6366282031,"usce":"HECTAREAS","txt":"EL CODIGO (fcode) Y LA DESCRIPCION (descr) CORRESPONDEN A LOS OBJETOS GEOGRAFICOS DEL ATRIBUTO niv2","simbologia":"CPuc: Cacao","SHAPE_Leng":2035.40028195,"apt_uso":1,"cob_suelo":"Cacao","cacao_sys":"Cacao_alim_sin50b","observ":null,"cob_label":"Cacao sin cultivos alimentarios próximos"},"geometry":{"type":"MultiPolygon","coordinates":[[[[-79.45961427791248,-2.66130916217186,0.0],[-79.46015386474876,-2.661309839591241,0.0],[-79.46015420148295,-2.661038524726715,0.0],[-79.4598844081065,-2.661038186081239,0.0],[-79.45988474486518,-2.660766871250051,0.0],[-79.45961495158215,-2.660766532579884,0.0],[-79.45961427791248,-2.66130916217186,0.0]]],[[[-79.46069277838694,-2.661853146637109,0.0],[-79.46071402968379,-2.661853173308088,0.0],[-79.46069289441829,-2.661759646884238,0.0],[-79.46069277838694,-2.661853146637109,0.0]]],[[[-79.46015218056101,-2.662666413895239,0.0],[-79.46015251746748,-2.662395099036963,0.0],[-79.45988272379626,-2.662394760218608,0.0],[-79.45988306072724,-2.662123445393601,0.0],[-79.45934347360614,-2.662122767648159,0.0],[-79.45934381062057,-2.661851452891097,0.0],[-79.45880422375527,-2.661850774977667,0.0],[-79.45880388662292,-2.662122089665536,0.0],[-79.45853409318305,-2.662121750585281,0.0],[-79.45853375595725,-2.662393065237322,0.0],[-79.45934313655724,-2.662394082403999,0.0],[-79.45934279947387,-2.662665397158529,0.0],[-79.46015218056101,-2.662666413895239,0.0]]]]}},{"type":"Feature","properties":{"FID_tr_200":25,"FID_2000_d":4,"cov_gen":"NO_DATA","FID_2022_d":0,"cov_gen_1":"AGRO","old_gen":"NO_DATA","new_gen":"AGRO","area_ha":1.89203253807,"trans":"NO_DATA → AGRO","trans_grp":"EXPANSIÓN_AGRO","FID_cacao_":5,"fcode":"EA010","descr":"PRODUCTO AGRICOLA, RESULTADO DE UN CONJUNTO DE TECNICAS Y CONOCIMIENTOS PARA CULTIVAR LA TIERRA","DPA_DESPRO":"AZUAY","DPA_DESCAN":"CUENCA","niv1":"TIERRA AGROPECUARIA","niv2":"CULTIVO","niv3":"CULTIVO PERMANENTE","niv4":"FRUTALES","niv5":"CACAO","LULC_std":"Cacao","label":"Cacao","cbt":"CACAO","uso":"AGRICOLA","tmp":"CULTIVO PERMANENTE","nal":"NO APLICABLE","tap":"MEDIANA","rie":"NO","spr":"MERCANTIL","sce":106.894415559,"usce":"HECTAREAS","txt":"EL CODIGO (fcode) Y LA DESCRIPCION (descr) CORRESPONDEN A LOS OBJETOS GEOGRAFICOS DEL ATRIBUTO niv2","simbologia":"CPuc: Cacao","SHAPE_Leng":9564.72280017,"apt_uso":1,"cob_suelo":"Cacao","cacao_sys":"Cacao_alim_sin50b","observ":null,"cob_label":"Cacao sin cultivos alimentarios próximos"},"geometry":{"type":"MultiPolygon","coordinates":[[[[-79.44785089174644,-2.659937766396274,0.0],[-79.44801489094262,-2.659937973779436,0.0],[-79.4480151658762,-2.65971807525057,0.0],[-79.44785089174644,-2.659937766396274,0.0]]],[[[-79.44801013831587,-2.663736359972981,0.0],[-79.44801047801492,-2.663465046681488,0.0],[-79.44774068566446,-2.663464705055217,0.0],[-79.44774136507635,-2.662922078538257,0.0],[-79.4474715728786,-2.66292173692237,0.0],[-79.4474724770958,-2.662199518296534,0.0],[-79.4469395592793,-2.662520154771708,0.0],[-79.4466991846221,-2.662474514705198,0.0],[-79.44646624033244,-2.663463090478158,0.0],[-79.44693130882148,-2.663463679820464,0.0],[-79.44693062891666,-2.664006306123335,0.0],[-79.44720042128091,-2.664006647997308,0.0],[-79.4472007611917,-2.663735334811636,0.0],[-79.44747055353169,-2.663735676591414,0.0],[-79.4474702136799,-2.664006989811947,0.0],[-79.44774000611362,-2.664007331567249,0.0],[-79.44774034590641,-2.663736018311862,0.0],[-79.44801013831587,-2.663736359972981,0.0]]]]}}]}